sample,emu_frame,slot,routine,flags,x,y,on_screen,screenshot
550,20733,0x1000,$04:DF96,C8,96.5,112.0,True,frame_0550.png
550,20733,0x1080,$04:E6AF,C8,146.0,112.0,True,frame_0550.png
550,20733,0x1400,$04:FABA,C8,182.688,115.219,True,frame_0550.png
550,20733,0x16C0,$02:90F0,C8,248.0,184.0,True,frame_0550.png
550,20733,0x1700,$02:9274,E0,248.0,176.0,True,frame_0550.png
552,20735,0x1000,$04:DF96,C8,96.5,112.0,True,frame_0552.png
552,20735,0x1080,$04:E6AF,C8,168.0,112.0,True,frame_0552.png
552,20735,0x1400,$04:FABA,C8,182.062,115.133,True,frame_0552.png
552,20735,0x16C0,$02:90F0,C8,246.0,184.0,True,frame_0552.png
552,20735,0x1700,$02:9274,E0,246.0,176.0,True,frame_0552.png
554,20737,0x1000,$04:DF96,C8,96.5,112.0,True,frame_0554.png
554,20737,0x1080,$04:E6AF,C8,190.0,112.0,True,frame_0554.png
554,20737,0x1400,$04:FABA,C8,181.438,115.016,True,frame_0554.png
554,20737,0x16C0,$02:90F0,C8,244.0,184.0,True,frame_0554.png
554,20737,0x1700,$02:9274,E0,244.0,176.0,True,frame_0554.png
556,20739,0x1000,$04:DF96,C8,96.5,112.0,True,frame_0556.png
556,20739,0x1080,$04:E6AF,C8,212.0,112.0,True,frame_0556.png
556,20739,0x1400,$04:FABA,C8,180.812,114.867,True,frame_0556.png
556,20739,0x16C0,$02:90F0,C8,242.0,184.0,True,frame_0556.png
556,20739,0x1700,$02:9274,E0,242.0,176.0,True,frame_0556.png
558,20741,0x1000,$04:DF96,C8,96.5,112.0,True,frame_0558.png
558,20741,0x1080,$04:E6AF,C8,234.0,112.0,True,frame_0558.png
558,20741,0x10C0,$04:E6AF,C8,102.0,112.0,True,frame_0558.png
558,20741,0x1400,$04:FABA,C8,180.188,114.688,True,frame_0558.png
558,20741,0x16C0,$02:90F0,C8,240.0,184.0,True,frame_0558.png
558,20741,0x1700,$02:9274,E0,240.0,176.0,True,frame_0558.png
558,20741,0x1740,$02:90F0,C8,272.0,196.0,False,frame_0558.png
558,20741,0x1780,$02:9274,E0,272.0,188.0,False,frame_0558.png
560,20743,0x1000,$04:DF96,C8,96.5,112.0,True,frame_0560.png
560,20743,0x10C0,$04:E6AF,C8,124.0,112.0,True,frame_0560.png
560,20743,0x1400,$04:FABA,C8,179.562,114.477,True,frame_0560.png
560,20743,0x16C0,$02:90F0,C8,238.0,184.0,True,frame_0560.png
560,20743,0x1700,$02:9274,E0,238.0,176.0,True,frame_0560.png
560,20743,0x1740,$02:90F0,C8,270.0,196.0,False,frame_0560.png
560,20743,0x1780,$02:9274,E0,270.0,188.0,False,frame_0560.png
562,20745,0x1000,$04:DF96,C8,96.5,112.0,True,frame_0562.png
562,20745,0x10C0,$04:E6AF,C8,146.0,112.0,True,frame_0562.png
562,20745,0x1400,$04:FABA,C8,178.938,114.234,True,frame_0562.png
562,20745,0x16C0,$02:90F0,C8,236.0,184.0,True,frame_0562.png
562,20745,0x1700,$02:9274,E0,236.0,176.0,True,frame_0562.png
562,20745,0x1740,$02:90F0,C8,268.0,196.0,False,frame_0562.png
562,20745,0x1780,$02:9274,E0,268.0,188.0,False,frame_0562.png
564,20747,0x1000,$04:DF96,C8,96.5,112.0,True,frame_0564.png
564,20747,0x10C0,$04:E6AF,C8,168.0,112.0,True,frame_0564.png
564,20747,0x1400,$04:FABA,C8,178.312,113.961,True,frame_0564.png
564,20747,0x16C0,$02:90F0,C8,234.0,184.0,True,frame_0564.png
564,20747,0x1700,$02:9274,E0,234.0,176.0,True,frame_0564.png
564,20747,0x1740,$02:90F0,C8,266.0,196.0,False,frame_0564.png
564,20747,0x1780,$02:9274,E0,266.0,188.0,False,frame_0564.png
566,20749,0x1000,$04:DF96,C8,96.5,112.0,True,frame_0566.png
566,20749,0x10C0,$04:E6AF,C8,190.0,112.0,True,frame_0566.png
566,20749,0x1400,$04:FABA,C8,177.688,113.656,True,frame_0566.png
566,20749,0x16C0,$02:90F0,C8,232.0,184.0,True,frame_0566.png
566,20749,0x1700,$02:9274,E0,232.0,176.0,True,frame_0566.png
566,20749,0x1740,$02:90F0,C8,264.0,196.0,False,frame_0566.png
566,20749,0x1780,$02:9274,E0,264.0,188.0,False,frame_0566.png
568,20751,0x1000,$04:DF96,C8,96.5,112.0,True,frame_0568.png
568,20751,0x10C0,$04:E6AF,C8,212.0,112.0,True,frame_0568.png
568,20751,0x1400,$04:FABA,C8,177.062,113.32,True,frame_0568.png
568,20751,0x16C0,$02:90F0,C8,230.0,184.0,True,frame_0568.png
568,20751,0x1700,$02:9274,E0,230.0,176.0,True,frame_0568.png
568,20751,0x1740,$02:90F0,C8,262.0,196.0,False,frame_0568.png
568,20751,0x1780,$02:9274,E0,262.0,188.0,False,frame_0568.png
570,20753,0x1000,$04:DF96,C8,96.5,112.0,True,frame_0570.png
570,20753,0x1080,$04:E6AF,C8,102.0,112.0,True,frame_0570.png
570,20753,0x10C0,$04:E6AF,C8,234.0,112.0,True,frame_0570.png
570,20753,0x1400,$04:FABA,C8,176.438,112.953,True,frame_0570.png
570,20753,0x16C0,$02:90F0,C8,228.0,184.0,True,frame_0570.png
570,20753,0x1700,$02:9274,E0,228.0,176.0,True,frame_0570.png
570,20753,0x1740,$02:90F0,C8,260.0,196.0,False,frame_0570.png
570,20753,0x1780,$02:9274,E0,260.0,188.0,False,frame_0570.png
572,20755,0x1000,$04:DF96,C8,96.5,112.0,True,frame_0572.png
572,20755,0x1080,$04:E6AF,C8,124.0,112.0,True,frame_0572.png
572,20755,0x1400,$04:FABA,C8,175.812,112.555,True,frame_0572.png
572,20755,0x16C0,$02:90F0,C8,226.0,184.0,True,frame_0572.png
572,20755,0x1700,$02:9274,E0,226.0,176.0,True,frame_0572.png
572,20755,0x1740,$02:90F0,C8,258.0,196.0,False,frame_0572.png
572,20755,0x1780,$02:9274,E0,258.0,188.0,False,frame_0572.png
574,20757,0x1000,$04:DF96,C8,96.5,112.0,True,frame_0574.png
574,20757,0x1080,$04:E6AF,C8,146.0,112.0,True,frame_0574.png
574,20757,0x1400,$04:FABA,C8,175.188,112.125,True,frame_0574.png
574,20757,0x16C0,$02:90F0,C8,224.0,184.0,True,frame_0574.png
574,20757,0x1700,$02:9274,E0,224.0,176.0,True,frame_0574.png
574,20757,0x1740,$02:90F0,C8,256.0,196.0,False,frame_0574.png
574,20757,0x1780,$02:9274,E0,256.0,188.0,False,frame_0574.png
576,20759,0x1000,$04:DF96,C8,96.5,112.0,True,frame_0576.png
576,20759,0x1080,$04:E6AF,C8,168.0,112.0,True,frame_0576.png
576,20759,0x1400,$04:FABA,C8,174.562,111.664,True,frame_0576.png
576,20759,0x16C0,$02:90F0,C8,222.0,184.0,True,frame_0576.png
576,20759,0x1700,$02:9274,E0,222.0,176.0,True,frame_0576.png
576,20759,0x1740,$02:90F0,C8,254.0,196.0,True,frame_0576.png
576,20759,0x1780,$02:9274,E0,254.0,188.0,True,frame_0576.png
578,20761,0x1000,$04:DF96,C8,96.5,112.0,True,frame_0578.png
578,20761,0x1080,$04:E6AF,C8,190.0,112.0,True,frame_0578.png
578,20761,0x1400,$04:FABA,C8,173.938,111.172,True,frame_0578.png
578,20761,0x16C0,$02:90F0,C8,220.0,184.0,True,frame_0578.png
578,20761,0x1700,$02:9274,E0,220.0,176.0,True,frame_0578.png
578,20761,0x1740,$02:90F0,C8,252.0,196.0,True,frame_0578.png
578,20761,0x1780,$02:9274,E0,252.0,188.0,True,frame_0578.png
580,20763,0x1000,$04:DF96,C8,96.5,112.0,True,frame_0580.png
580,20763,0x1080,$04:E6AF,C8,212.0,112.0,True,frame_0580.png
580,20763,0x1400,$04:FABA,C8,173.312,110.648,True,frame_0580.png
580,20763,0x16C0,$02:90F0,C8,218.0,184.0,True,frame_0580.png
580,20763,0x1700,$02:9274,E0,218.0,176.0,True,frame_0580.png
580,20763,0x1740,$02:90F0,C8,250.0,196.0,True,frame_0580.png
580,20763,0x1780,$02:9274,E0,250.0,188.0,True,frame_0580.png
582,20765,0x1000,$04:DF96,C8,96.5,112.0,True,frame_0582.png
582,20765,0x1080,$04:E6AF,C8,234.0,112.0,True,frame_0582.png
582,20765,0x10C0,$04:E6AF,C8,102.0,112.0,True,frame_0582.png
582,20765,0x1400,$04:FABA,C8,172.688,110.094,True,frame_0582.png
582,20765,0x16C0,$02:90F0,C8,216.0,184.0,True,frame_0582.png
582,20765,0x1700,$02:9274,E0,216.0,176.0,True,frame_0582.png
582,20765,0x1740,$02:90F0,C8,248.0,196.0,True,frame_0582.png
582,20765,0x1780,$02:9274,E0,248.0,188.0,True,frame_0582.png
584,20767,0x1000,$04:DF96,C8,96.5,112.0,True,frame_0584.png
584,20767,0x10C0,$04:E6AF,C8,124.0,112.0,True,frame_0584.png
584,20767,0x1400,$04:FABA,C8,172.062,109.508,True,frame_0584.png
584,20767,0x16C0,$02:90F0,C8,214.0,184.0,True,frame_0584.png
584,20767,0x1700,$02:9274,E0,214.0,176.0,True,frame_0584.png
584,20767,0x1740,$02:90F0,C8,246.0,196.0,True,frame_0584.png
584,20767,0x1780,$02:9274,E0,246.0,188.0,True,frame_0584.png
586,20769,0x1000,$04:DF96,C8,96.5,112.0,True,frame_0586.png
586,20769,0x10C0,$04:E6AF,C8,146.0,112.0,True,frame_0586.png
586,20769,0x1400,$04:FABA,C8,171.438,108.891,True,frame_0586.png
586,20769,0x16C0,$02:90F0,C8,212.0,184.0,True,frame_0586.png
586,20769,0x1700,$02:9274,E0,212.0,176.0,True,frame_0586.png
586,20769,0x1740,$02:90F0,C8,244.0,196.0,True,frame_0586.png
586,20769,0x1780,$02:9274,E0,244.0,188.0,True,frame_0586.png
588,20771,0x1000,$04:DF96,C8,96.5,112.0,True,frame_0588.png
588,20771,0x10C0,$04:E6AF,C8,168.0,112.0,True,frame_0588.png
588,20771,0x1400,$04:FABA,C8,170.812,108.242,True,frame_0588.png
588,20771,0x16C0,$02:90F0,C8,210.0,184.0,True,frame_0588.png
588,20771,0x1700,$02:9274,E0,210.0,176.0,True,frame_0588.png
588,20771,0x1740,$02:90F0,C8,242.0,196.0,True,frame_0588.png
588,20771,0x1780,$02:9274,E0,242.0,188.0,True,frame_0588.png
590,20773,0x1000,$04:DF96,C8,96.5,112.0,True,frame_0590.png
590,20773,0x10C0,$04:E6AF,C8,190.0,112.0,True,frame_0590.png
590,20773,0x1400,$04:FABA,C8,170.188,107.562,True,frame_0590.png
590,20773,0x16C0,$02:90F0,C8,208.0,184.0,True,frame_0590.png
590,20773,0x1700,$02:9274,E0,208.0,176.0,True,frame_0590.png
590,20773,0x1740,$02:90F0,C8,240.0,196.0,True,frame_0590.png
590,20773,0x1780,$02:9274,E0,240.0,188.0,True,frame_0590.png
592,20775,0x1000,$04:DF96,C8,96.5,112.0,True,frame_0592.png
592,20775,0x10C0,$04:E6AF,C8,212.0,112.0,True,frame_0592.png
592,20775,0x1400,$04:FABA,C8,169.562,106.852,True,frame_0592.png
592,20775,0x16C0,$02:90F0,C8,206.0,184.0,True,frame_0592.png
592,20775,0x1700,$02:9274,E0,206.0,176.0,True,frame_0592.png
592,20775,0x1740,$02:90F0,C8,238.0,196.0,True,frame_0592.png
592,20775,0x1780,$02:9274,E0,238.0,188.0,True,frame_0592.png
594,20777,0x1000,$04:DF96,C8,96.5,112.0,True,frame_0594.png
594,20777,0x1080,$04:E6AF,C8,102.0,112.0,True,frame_0594.png
594,20777,0x10C0,$04:E6AF,C8,234.0,112.0,True,frame_0594.png
594,20777,0x1400,$04:FABA,C8,168.938,106.109,True,frame_0594.png
594,20777,0x16C0,$02:90F0,C8,204.0,184.0,True,frame_0594.png
594,20777,0x1700,$02:9274,E0,204.0,176.0,True,frame_0594.png
594,20777,0x1740,$02:90F0,C8,236.0,196.0,True,frame_0594.png
594,20777,0x1780,$02:9274,E0,236.0,188.0,True,frame_0594.png
596,20779,0x1000,$04:DF96,C8,96.5,112.0,True,frame_0596.png
596,20779,0x1080,$04:E6AF,C8,124.0,112.0,True,frame_0596.png
596,20779,0x1400,$04:FABA,C8,168.312,105.336,True,frame_0596.png
596,20779,0x16C0,$02:90F0,C8,202.0,184.0,True,frame_0596.png
596,20779,0x1700,$02:9274,E0,202.0,176.0,True,frame_0596.png
596,20779,0x1740,$02:90F0,C8,234.0,196.0,True,frame_0596.png
596,20779,0x1780,$02:9274,E0,234.0,188.0,True,frame_0596.png
598,20781,0x1000,$04:DF96,C8,96.5,112.0,True,frame_0598.png
598,20781,0x1080,$04:E6AF,C8,146.0,112.0,True,frame_0598.png
598,20781,0x1400,$04:FABA,C8,167.688,104.531,True,frame_0598.png
598,20781,0x16C0,$02:90F0,C8,200.0,184.0,True,frame_0598.png
598,20781,0x1700,$02:9274,E0,200.0,176.0,True,frame_0598.png
598,20781,0x1740,$02:90F0,C8,232.0,196.0,True,frame_0598.png
598,20781,0x1780,$02:9274,E0,232.0,188.0,True,frame_0598.png
600,20783,0x1000,$04:DF96,C8,96.5,112.0,True,frame_0600.png
600,20783,0x1080,$04:E6AF,C8,168.0,112.0,True,frame_0600.png
600,20783,0x1400,$04:FABA,C8,167.062,103.695,True,frame_0600.png
600,20783,0x16C0,$02:90F0,C8,198.0,184.0,True,frame_0600.png
600,20783,0x1700,$02:9274,E0,198.0,176.0,True,frame_0600.png
600,20783,0x1740,$02:90F0,C8,230.0,196.0,True,frame_0600.png
600,20783,0x1780,$02:9274,E0,230.0,188.0,True,frame_0600.png
602,20785,0x1000,$04:DF96,C8,96.5,112.0,True,frame_0602.png
602,20785,0x1080,$04:E6AF,C8,190.0,112.0,True,frame_0602.png
602,20785,0x1400,$04:FABA,C8,166.438,102.828,True,frame_0602.png
602,20785,0x16C0,$02:90F0,C8,196.0,184.0,True,frame_0602.png
602,20785,0x1700,$02:9274,E0,196.0,176.0,True,frame_0602.png
602,20785,0x1740,$02:90F0,C8,228.0,196.0,True,frame_0602.png
602,20785,0x1780,$02:9274,E0,228.0,188.0,True,frame_0602.png
604,20787,0x1000,$04:DF96,C8,96.5,112.0,True,frame_0604.png
604,20787,0x1080,$04:E6AF,C8,212.0,112.0,True,frame_0604.png
604,20787,0x1400,$04:FABA,C8,165.812,101.93,True,frame_0604.png
604,20787,0x16C0,$02:90F0,C8,194.0,184.0,True,frame_0604.png
604,20787,0x1700,$02:9274,E0,194.0,176.0,True,frame_0604.png
604,20787,0x1740,$02:90F0,C8,226.0,196.0,True,frame_0604.png
604,20787,0x1780,$02:9274,E0,226.0,188.0,True,frame_0604.png
606,20789,0x1000,$04:DF96,C8,96.5,112.0,True,frame_0606.png
606,20789,0x1080,$04:E6AF,C8,234.0,112.0,True,frame_0606.png
606,20789,0x10C0,$04:E6AF,C8,102.0,112.0,True,frame_0606.png
606,20789,0x1400,$04:FABA,C8,165.125,101.0,True,frame_0606.png
606,20789,0x16C0,$02:90F0,C8,192.0,184.0,True,frame_0606.png
606,20789,0x1700,$02:9274,E0,192.0,176.0,True,frame_0606.png
606,20789,0x1740,$02:90F0,C8,224.0,196.0,True,frame_0606.png
606,20789,0x1780,$02:9274,E0,224.0,188.0,True,frame_0606.png
608,20791,0x1000,$04:DF96,C8,96.5,112.0,True,frame_0608.png
608,20791,0x10C0,$04:E6AF,C8,124.0,112.0,True,frame_0608.png
608,20791,0x1400,$04:FABA,C8,164.375,100.086,True,frame_0608.png
608,20791,0x16C0,$02:90F0,C8,190.0,184.0,True,frame_0608.png
608,20791,0x1700,$02:9274,E0,190.0,176.0,True,frame_0608.png
608,20791,0x1740,$02:90F0,C8,222.0,196.0,True,frame_0608.png
608,20791,0x1780,$02:9274,E0,222.0,188.0,True,frame_0608.png
610,20793,0x1000,$04:DF96,C8,96.5,112.0,True,frame_0610.png
610,20793,0x10C0,$04:E6AF,C8,146.0,112.0,True,frame_0610.png
610,20793,0x1400,$04:FABA,C8,163.625,99.203,True,frame_0610.png
610,20793,0x16C0,$02:90F0,C8,188.0,184.0,True,frame_0610.png
610,20793,0x1700,$02:9274,E0,188.0,176.0,True,frame_0610.png
610,20793,0x1740,$02:90F0,C8,220.0,196.0,True,frame_0610.png
610,20793,0x1780,$02:9274,E0,220.0,188.0,True,frame_0610.png
610,20793,0x17C0,$02:B04A,88,272.0,104.0,False,frame_0610.png
612,20795,0x1000,$04:DF96,C8,96.5,112.0,True,frame_0612.png
612,20795,0x10C0,$04:E6AF,C8,168.0,112.0,True,frame_0612.png
612,20795,0x1400,$04:FABA,C8,162.875,98.352,True,frame_0612.png
612,20795,0x16C0,$02:90F0,C8,186.0,184.0,True,frame_0612.png
612,20795,0x1700,$02:9274,E0,186.0,176.0,True,frame_0612.png
612,20795,0x1740,$02:90F0,C8,218.0,196.0,True,frame_0612.png
612,20795,0x1780,$02:9274,E0,218.0,188.0,True,frame_0612.png
612,20795,0x17C0,$02:B04A,C8,268.406,104.0,False,frame_0612.png
614,20797,0x1000,$04:DF96,C8,96.5,112.0,True,frame_0614.png
614,20797,0x10C0,$04:E6AF,C8,190.0,112.0,True,frame_0614.png
614,20797,0x1400,$04:FABA,C8,162.125,97.531,True,frame_0614.png
614,20797,0x16C0,$02:90F0,C8,184.0,184.0,True,frame_0614.png
614,20797,0x1700,$02:9274,E0,184.0,176.0,True,frame_0614.png
614,20797,0x1740,$02:90F0,C8,216.0,196.0,True,frame_0614.png
614,20797,0x1780,$02:9274,E0,216.0,188.0,True,frame_0614.png
614,20797,0x17C0,$02:B04A,C8,264.812,104.0,False,frame_0614.png
616,20799,0x1000,$04:DF96,C8,96.5,112.0,True,frame_0616.png
616,20799,0x10C0,$04:E6AF,C8,212.0,112.0,True,frame_0616.png
616,20799,0x1400,$04:FABA,C8,161.375,96.742,True,frame_0616.png
616,20799,0x16C0,$02:90F0,C8,182.0,184.0,True,frame_0616.png
616,20799,0x1700,$02:9274,E0,182.0,176.0,True,frame_0616.png
616,20799,0x1740,$02:90F0,C8,214.0,196.0,True,frame_0616.png
616,20799,0x1780,$02:9274,E0,214.0,188.0,True,frame_0616.png
616,20799,0x17C0,$02:B04A,C8,261.219,104.0,False,frame_0616.png
618,20801,0x1000,$04:DF96,C8,96.5,112.0,True,frame_0618.png
618,20801,0x1080,$04:E6AF,C8,102.0,112.0,True,frame_0618.png
618,20801,0x10C0,$04:E6AF,C8,234.0,112.0,True,frame_0618.png
618,20801,0x1400,$04:FABA,C8,160.625,95.984,True,frame_0618.png
618,20801,0x16C0,$02:90F0,C8,180.0,184.0,True,frame_0618.png
618,20801,0x1700,$02:9274,E0,180.0,176.0,True,frame_0618.png
618,20801,0x1740,$02:90F0,C8,212.0,196.0,True,frame_0618.png
618,20801,0x1780,$02:9274,E0,212.0,188.0,True,frame_0618.png
618,20801,0x17C0,$02:B04A,C8,257.625,104.0,False,frame_0618.png
620,20803,0x1000,$04:DF96,C8,96.5,112.0,True,frame_0620.png
620,20803,0x1080,$04:E6AF,C8,124.0,112.0,True,frame_0620.png
620,20803,0x10C0,$04:E6E1,C0,245.0,112.0,True,frame_0620.png
620,20803,0x1400,$04:FABA,C8,159.875,95.258,True,frame_0620.png
620,20803,0x16C0,$02:90F0,C8,178.0,184.0,True,frame_0620.png
620,20803,0x1700,$02:9274,E0,178.0,176.0,True,frame_0620.png
620,20803,0x1740,$02:90F0,C8,210.0,196.0,True,frame_0620.png
620,20803,0x1780,$02:9274,E0,210.0,188.0,True,frame_0620.png
620,20803,0x17C0,$04:FCC0,D0,255.828,104.0,True,frame_0620.png
622,20805,0x1000,$04:DF96,C8,96.5,112.0,True,frame_0622.png
622,20805,0x1080,$04:E6AF,C8,146.0,112.0,True,frame_0622.png
622,20805,0x1400,$04:FABA,C8,159.125,94.562,True,frame_0622.png
622,20805,0x16C0,$02:90F0,C8,176.0,184.0,True,frame_0622.png
622,20805,0x1700,$02:9274,E0,176.0,176.0,True,frame_0622.png
622,20805,0x1740,$02:90F0,C8,208.0,196.0,True,frame_0622.png
622,20805,0x1780,$02:9274,E0,208.0,188.0,True,frame_0622.png
622,20805,0x17C0,$04:FCC0,D0,254.828,104.0,True,frame_0622.png
624,20807,0x1000,$04:DF96,C8,96.5,112.0,True,frame_0624.png
624,20807,0x1080,$04:E6AF,C8,168.0,112.0,True,frame_0624.png
624,20807,0x1400,$04:FABA,C8,158.375,93.898,True,frame_0624.png
624,20807,0x16C0,$02:90F0,C8,174.0,184.0,True,frame_0624.png
624,20807,0x1700,$02:9274,E0,174.0,176.0,True,frame_0624.png
624,20807,0x1740,$02:90F0,C8,206.0,196.0,True,frame_0624.png
624,20807,0x1780,$02:9274,E0,206.0,188.0,True,frame_0624.png
624,20807,0x17C0,$04:FCC0,D0,253.828,104.0,True,frame_0624.png
626,20809,0x1000,$04:DF96,C8,96.5,112.0,True,frame_0626.png
626,20809,0x1080,$04:E6AF,C8,190.0,112.0,True,frame_0626.png
626,20809,0x1400,$04:FABA,C8,157.625,93.266,True,frame_0626.png
626,20809,0x16C0,$02:90F0,C8,172.0,184.0,True,frame_0626.png
626,20809,0x1700,$02:9274,E0,172.0,176.0,True,frame_0626.png
626,20809,0x1740,$02:90F0,C8,204.0,196.0,True,frame_0626.png
626,20809,0x1780,$02:9274,E0,204.0,188.0,True,frame_0626.png
626,20809,0x17C0,$04:FCC0,D0,252.828,104.0,True,frame_0626.png
628,20811,0x1000,$04:DF96,C8,96.5,112.0,True,frame_0628.png
628,20811,0x1080,$04:E6AF,C8,212.0,112.0,True,frame_0628.png
628,20811,0x1400,$04:FABA,C8,156.875,92.664,True,frame_0628.png
628,20811,0x16C0,$02:90F0,C8,170.0,184.0,True,frame_0628.png
628,20811,0x1700,$02:9274,E0,170.0,176.0,True,frame_0628.png
628,20811,0x1740,$02:90F0,C8,202.0,196.0,True,frame_0628.png
628,20811,0x1780,$02:9274,E0,202.0,188.0,True,frame_0628.png
628,20811,0x17C0,$04:FCC0,D0,251.828,104.0,True,frame_0628.png
630,20813,0x1000,$04:DF96,C8,96.5,112.0,True,frame_0630.png
630,20813,0x1080,$04:E6AF,C8,234.0,112.0,True,frame_0630.png
630,20813,0x10C0,$04:E6AF,C8,102.0,112.0,True,frame_0630.png
630,20813,0x1400,$04:FABA,C8,156.125,92.094,True,frame_0630.png
630,20813,0x16C0,$02:90F0,C8,168.0,184.0,True,frame_0630.png
630,20813,0x1700,$02:9274,E0,168.0,176.0,True,frame_0630.png
630,20813,0x1740,$02:90F0,C8,200.0,196.0,True,frame_0630.png
630,20813,0x1780,$02:9274,E0,200.0,188.0,True,frame_0630.png
630,20813,0x17C0,$04:FCC0,D0,250.828,104.0,True,frame_0630.png
632,20815,0x1000,$04:DF96,C8,96.5,112.0,True,frame_0632.png
632,20815,0x10C0,$04:E6AF,C8,124.0,112.0,True,frame_0632.png
632,20815,0x1400,$04:FABA,C8,155.375,91.555,True,frame_0632.png
632,20815,0x16C0,$02:90F0,C8,166.0,184.0,True,frame_0632.png
632,20815,0x1700,$02:9274,E0,166.0,176.0,True,frame_0632.png
632,20815,0x1740,$02:90F0,C8,198.0,196.0,True,frame_0632.png
632,20815,0x1780,$02:9274,E0,198.0,188.0,True,frame_0632.png
632,20815,0x17C0,$04:FCC0,D0,249.828,104.0,True,frame_0632.png
634,20817,0x1000,$04:DF96,C8,96.5,112.0,True,frame_0634.png
634,20817,0x10C0,$04:E6AF,C8,146.0,112.0,True,frame_0634.png
634,20817,0x1400,$04:FABA,C8,154.625,91.047,True,frame_0634.png
634,20817,0x16C0,$02:91DB,D8,165.0,184.0,True,frame_0634.png
634,20817,0x1700,$02:9274,E0,165.0,176.0,True,frame_0634.png
634,20817,0x1740,$02:90F0,C8,196.0,196.0,True,frame_0634.png
634,20817,0x1780,$02:9274,E0,196.0,188.0,True,frame_0634.png
634,20817,0x17C0,$04:FCC0,D0,248.828,104.0,True,frame_0634.png
636,20819,0x1000,$04:DF96,C8,96.5,112.0,True,frame_0636.png
636,20819,0x10C0,$04:E6AF,C8,168.0,112.0,True,frame_0636.png
636,20819,0x1400,$04:FABA,C8,153.875,90.57,True,frame_0636.png
636,20819,0x16C0,$02:91DB,D8,164.0,184.0,True,frame_0636.png
636,20819,0x1700,$02:9274,E0,164.0,176.0,True,frame_0636.png
636,20819,0x1740,$02:90F0,C8,194.0,196.0,True,frame_0636.png
636,20819,0x1780,$02:9274,E0,194.0,188.0,True,frame_0636.png
636,20819,0x17C0,$04:FCC0,D0,247.828,104.0,True,frame_0636.png
638,20821,0x1000,$04:DF96,C8,96.5,112.0,True,frame_0638.png
638,20821,0x10C0,$04:E6AF,C8,190.0,112.0,True,frame_0638.png
638,20821,0x1400,$04:FABA,C8,153.125,90.125,True,frame_0638.png
638,20821,0x16C0,$02:91DB,D8,163.0,184.0,True,frame_0638.png
638,20821,0x1700,$02:9274,E0,163.0,176.0,True,frame_0638.png
638,20821,0x1740,$02:90F0,C8,192.0,196.0,True,frame_0638.png
638,20821,0x1780,$02:9274,E0,192.0,188.0,True,frame_0638.png
638,20821,0x17C0,$04:FCC0,D0,246.828,104.0,True,frame_0638.png
638,20821,0x1800,$02:B04A,88,272.0,104.0,False,frame_0638.png
640,20823,0x1000,$04:DF96,C8,96.5,112.0,True,frame_0640.png
640,20823,0x10C0,$04:E6AF,C8,212.0,112.0,True,frame_0640.png
640,20823,0x1400,$04:FABA,C8,152.375,89.711,True,frame_0640.png
640,20823,0x16C0,$02:91DB,D8,162.0,184.0,True,frame_0640.png
640,20823,0x1700,$02:9274,E0,162.0,176.0,True,frame_0640.png
640,20823,0x1740,$02:90F0,C8,190.0,196.0,True,frame_0640.png
640,20823,0x1780,$02:9274,E0,190.0,188.0,True,frame_0640.png
640,20823,0x17C0,$04:FCC0,D0,245.828,104.0,True,frame_0640.png
640,20823,0x1800,$02:B04A,C8,268.406,104.0,False,frame_0640.png
642,20825,0x1000,$04:DF96,C8,96.5,112.0,True,frame_0642.png
642,20825,0x1080,$04:E6AF,C8,102.0,112.0,True,frame_0642.png
642,20825,0x10C0,$04:E6AF,C8,234.0,112.0,True,frame_0642.png
642,20825,0x1400,$04:FABA,C8,151.625,89.328,True,frame_0642.png
642,20825,0x16C0,$02:91DB,D8,161.0,184.0,True,frame_0642.png
642,20825,0x1700,$02:9274,E0,161.0,176.0,True,frame_0642.png
642,20825,0x1740,$02:90F0,C8,188.0,196.0,True,frame_0642.png
642,20825,0x1780,$02:9274,E0,188.0,188.0,True,frame_0642.png
642,20825,0x17C0,$04:FCC0,D0,244.828,104.0,True,frame_0642.png
642,20825,0x1800,$02:B04A,C8,264.812,104.0,False,frame_0642.png
644,20827,0x1000,$04:DF96,C8,96.5,112.0,True,frame_0644.png
644,20827,0x1080,$04:E6AF,C8,124.0,112.0,True,frame_0644.png
644,20827,0x1400,$04:FABA,C8,150.875,88.977,True,frame_0644.png
644,20827,0x16C0,$02:91DB,D8,160.0,184.0,True,frame_0644.png
644,20827,0x1700,$02:9274,E0,160.0,176.0,True,frame_0644.png
644,20827,0x1740,$02:90F0,C8,186.0,196.0,True,frame_0644.png
644,20827,0x1780,$02:9274,E0,186.0,188.0,True,frame_0644.png
644,20827,0x17C0,$04:FCC0,D0,243.828,104.0,True,frame_0644.png
644,20827,0x1800,$02:B04A,C8,261.219,104.0,False,frame_0644.png
646,20829,0x1000,$04:DF96,C8,96.5,112.0,True,frame_0646.png
646,20829,0x1080,$04:E6AF,C8,146.0,112.0,True,frame_0646.png
646,20829,0x1400,$04:FABA,C8,150.125,88.656,True,frame_0646.png
646,20829,0x16C0,$02:91DB,D8,159.0,184.0,True,frame_0646.png
646,20829,0x1700,$02:9274,E0,159.0,176.0,True,frame_0646.png
646,20829,0x1740,$02:90F0,C8,184.0,196.0,True,frame_0646.png
646,20829,0x1780,$02:9274,E0,184.0,188.0,True,frame_0646.png
646,20829,0x1800,$02:B04A,C8,257.625,104.0,False,frame_0646.png
648,20831,0x1000,$04:DF96,C8,96.5,112.0,True,frame_0648.png
648,20831,0x1080,$04:E6AF,C8,168.0,112.0,True,frame_0648.png
648,20831,0x1400,$04:FABA,C8,149.375,88.367,True,frame_0648.png
648,20831,0x16C0,$02:91DB,D8,158.0,184.0,True,frame_0648.png
648,20831,0x1700,$02:9274,E0,158.0,176.0,True,frame_0648.png
648,20831,0x1740,$02:90F0,C8,182.0,196.0,True,frame_0648.png
648,20831,0x1780,$02:9274,E0,182.0,188.0,True,frame_0648.png
648,20831,0x1800,$02:B04A,C8,254.031,104.0,True,frame_0648.png
650,20833,0x1000,$04:DF96,C8,96.5,112.0,True,frame_0650.png
650,20833,0x1080,$04:E6AF,C8,190.0,112.0,True,frame_0650.png
650,20833,0x1400,$04:FABA,C8,148.625,88.109,True,frame_0650.png
650,20833,0x16C0,$02:91DB,D8,157.0,184.0,True,frame_0650.png
650,20833,0x1700,$02:9274,E0,157.0,176.0,True,frame_0650.png
650,20833,0x1740,$02:90F0,C8,180.0,196.0,True,frame_0650.png
650,20833,0x1780,$02:9274,E0,180.0,188.0,True,frame_0650.png
650,20833,0x1800,$02:B04A,C8,250.438,104.0,True,frame_0650.png
652,20835,0x1000,$04:DF96,C8,96.5,112.0,True,frame_0652.png
652,20835,0x1080,$04:E6AF,C8,212.0,112.0,True,frame_0652.png
652,20835,0x1400,$04:FABA,C8,147.875,87.883,True,frame_0652.png
652,20835,0x16C0,$02:91DB,D8,156.0,184.0,True,frame_0652.png
652,20835,0x1700,$02:9274,E0,156.0,176.0,True,frame_0652.png
652,20835,0x1740,$02:90F0,C8,178.0,196.0,True,frame_0652.png
652,20835,0x1780,$02:9274,E0,178.0,188.0,True,frame_0652.png
652,20835,0x1800,$02:B04A,C8,246.844,104.0,True,frame_0652.png
654,20837,0x1000,$04:DF96,C8,96.5,112.0,True,frame_0654.png
654,20837,0x1080,$04:E6AF,C8,234.0,112.0,True,frame_0654.png
654,20837,0x10C0,$04:E6AF,C8,102.0,112.0,True,frame_0654.png
654,20837,0x1400,$04:FABA,C8,147.125,87.688,True,frame_0654.png
654,20837,0x16C0,$02:91DB,D8,155.0,184.0,True,frame_0654.png
654,20837,0x1700,$02:9274,E0,155.0,176.0,True,frame_0654.png
654,20837,0x1740,$02:90F0,C8,176.0,196.0,True,frame_0654.png
654,20837,0x1780,$02:9274,E0,176.0,188.0,True,frame_0654.png
654,20837,0x1800,$02:B04A,C8,243.25,104.0,True,frame_0654.png
656,20839,0x1000,$04:DF96,C8,96.5,112.0,True,frame_0656.png
656,20839,0x10C0,$04:E6AF,C8,124.0,112.0,True,frame_0656.png
656,20839,0x1400,$04:FABA,C8,146.375,87.523,True,frame_0656.png
656,20839,0x16C0,$02:91DB,D8,154.0,184.0,True,frame_0656.png
656,20839,0x1700,$02:9274,E0,154.0,176.0,True,frame_0656.png
656,20839,0x1740,$02:90F0,C8,174.0,196.0,True,frame_0656.png
656,20839,0x1780,$02:9274,E0,174.0,188.0,True,frame_0656.png
656,20839,0x1800,$04:FCC0,D0,243.25,104.0,True,frame_0656.png
658,20841,0x1000,$04:DF96,C8,96.5,112.0,True,frame_0658.png
658,20841,0x10C0,$04:E6AF,C8,146.0,112.0,True,frame_0658.png
658,20841,0x1400,$04:FABA,C8,145.625,87.391,True,frame_0658.png
658,20841,0x16C0,$02:91DB,D8,153.0,184.0,True,frame_0658.png
658,20841,0x1700,$02:9274,E0,153.0,176.0,True,frame_0658.png
658,20841,0x1740,$02:90F0,C8,172.0,196.0,True,frame_0658.png
658,20841,0x1780,$02:9274,E0,172.0,188.0,True,frame_0658.png
658,20841,0x1800,$04:FCC0,D0,242.25,104.0,True,frame_0658.png
660,20843,0x1000,$04:DF96,C8,96.5,112.0,True,frame_0660.png
660,20843,0x10C0,$04:E6AF,C8,168.0,112.0,True,frame_0660.png
660,20843,0x1400,$04:FABA,C8,144.875,87.289,True,frame_0660.png
660,20843,0x16C0,$02:91DB,D8,152.0,184.0,True,frame_0660.png
660,20843,0x1700,$02:9274,E0,152.0,176.0,True,frame_0660.png
660,20843,0x1740,$02:90F0,C8,170.0,196.0,True,frame_0660.png
660,20843,0x1780,$02:9274,E0,170.0,188.0,True,frame_0660.png
660,20843,0x1800,$04:FCC0,D0,241.25,104.0,True,frame_0660.png
662,20845,0x1000,$04:DF96,C8,96.5,112.0,True,frame_0662.png
662,20845,0x10C0,$04:E6AF,C8,190.0,112.0,True,frame_0662.png
662,20845,0x1400,$04:FABA,C8,144.125,87.219,True,frame_0662.png
662,20845,0x16C0,$02:91DB,D8,151.0,184.0,True,frame_0662.png
662,20845,0x1700,$02:9274,E0,151.0,176.0,True,frame_0662.png
662,20845,0x1740,$02:90F0,C8,168.0,196.0,True,frame_0662.png
662,20845,0x1780,$02:9274,E0,168.0,188.0,True,frame_0662.png
662,20845,0x1800,$04:FCC0,D0,240.25,104.0,True,frame_0662.png
664,20847,0x1000,$04:DF96,C8,96.5,112.0,True,frame_0664.png
664,20847,0x10C0,$04:E6AF,C8,212.0,112.0,True,frame_0664.png
664,20847,0x1400,$04:FABA,C8,143.375,87.18,True,frame_0664.png
664,20847,0x16C0,$02:91DB,D8,150.0,184.0,True,frame_0664.png
664,20847,0x1700,$02:9274,E0,150.0,176.0,True,frame_0664.png
664,20847,0x1740,$02:90F0,C8,166.0,196.0,True,frame_0664.png
664,20847,0x1780,$02:9274,E0,166.0,188.0,True,frame_0664.png
664,20847,0x1800,$04:FCC0,D0,239.25,104.0,True,frame_0664.png
666,20849,0x1000,$04:DF96,C8,96.5,112.0,True,frame_0666.png
666,20849,0x1080,$04:E6AF,C8,102.0,112.0,True,frame_0666.png
666,20849,0x10C0,$04:E6AF,C8,234.0,112.0,True,frame_0666.png
666,20849,0x1400,$04:FABA,C8,142.625,87.172,True,frame_0666.png
666,20849,0x16C0,$02:91DB,D8,149.0,184.0,True,frame_0666.png
666,20849,0x1700,$02:9274,E0,149.0,176.0,True,frame_0666.png
666,20849,0x1740,$02:91DB,D8,165.0,196.0,True,frame_0666.png
666,20849,0x1780,$02:9274,E0,165.0,188.0,True,frame_0666.png
666,20849,0x17C0,$02:B04A,88,272.0,104.0,False,frame_0666.png
666,20849,0x1800,$04:FCC0,D0,238.25,104.0,True,frame_0666.png
668,20851,0x1000,$04:DF96,C8,96.5,112.0,True,frame_0668.png
668,20851,0x1080,$04:E6AF,C8,124.0,112.0,True,frame_0668.png
668,20851,0x1400,$04:FABA,C8,141.875,87.195,True,frame_0668.png
668,20851,0x16C0,$02:91DB,D8,148.0,184.0,True,frame_0668.png
668,20851,0x1700,$02:9274,E0,148.0,176.0,True,frame_0668.png
668,20851,0x1740,$02:91DB,D8,164.0,196.0,True,frame_0668.png
668,20851,0x1780,$02:9274,E0,164.0,188.0,True,frame_0668.png
668,20851,0x17C0,$02:B04A,C8,268.406,104.0,False,frame_0668.png
668,20851,0x1800,$04:FCC0,D0,237.25,104.0,True,frame_0668.png
670,20853,0x1000,$04:DF96,C8,96.5,112.0,True,frame_0670.png
670,20853,0x1080,$04:E6AF,C8,146.0,112.0,True,frame_0670.png
670,20853,0x1400,$04:FABA,C8,141.125,87.25,True,frame_0670.png
670,20853,0x16C0,$02:91DB,D8,147.0,184.0,True,frame_0670.png
670,20853,0x1700,$02:9274,E0,147.0,176.0,True,frame_0670.png
670,20853,0x1740,$02:91DB,D8,163.0,196.0,True,frame_0670.png
670,20853,0x1780,$02:9274,E0,163.0,188.0,True,frame_0670.png
670,20853,0x17C0,$02:B04A,C8,264.812,104.0,False,frame_0670.png
670,20853,0x1800,$04:FCC0,D0,236.25,104.0,True,frame_0670.png
672,20855,0x1000,$04:DF96,C8,96.5,112.0,True,frame_0672.png
672,20855,0x1080,$04:E6AF,C8,168.0,112.0,True,frame_0672.png
672,20855,0x1400,$04:FABA,C8,140.375,87.336,True,frame_0672.png
672,20855,0x16C0,$02:91DB,D8,146.0,184.0,True,frame_0672.png
672,20855,0x1700,$02:9274,E0,146.0,176.0,True,frame_0672.png
672,20855,0x1740,$02:91DB,D8,162.0,196.0,True,frame_0672.png
672,20855,0x1780,$02:9274,E0,162.0,188.0,True,frame_0672.png
672,20855,0x17C0,$02:B04A,C8,261.219,104.0,False,frame_0672.png
672,20855,0x1800,$04:FCC0,D0,235.25,104.0,True,frame_0672.png
674,20857,0x1000,$04:DF96,C8,96.5,112.0,True,frame_0674.png
674,20857,0x1080,$04:E6AF,C8,190.0,112.0,True,frame_0674.png
674,20857,0x1400,$04:FABA,C8,139.625,87.453,True,frame_0674.png
674,20857,0x16C0,$02:91DB,D8,145.0,184.0,True,frame_0674.png
674,20857,0x1700,$02:9274,E0,145.0,176.0,True,frame_0674.png
674,20857,0x1740,$02:91DB,D8,161.0,196.0,True,frame_0674.png
674,20857,0x1780,$02:9274,E0,161.0,188.0,True,frame_0674.png
674,20857,0x17C0,$02:B04A,C8,257.625,104.0,False,frame_0674.png
674,20857,0x1800,$04:FCC0,D0,234.25,104.0,True,frame_0674.png
676,20859,0x1000,$04:DF96,C8,96.5,112.0,True,frame_0676.png
676,20859,0x1080,$04:E6AF,C8,212.0,112.0,True,frame_0676.png
676,20859,0x1400,$04:FABA,C8,138.875,87.602,True,frame_0676.png
676,20859,0x16C0,$02:91DB,D8,144.0,184.0,True,frame_0676.png
676,20859,0x1700,$02:9274,E0,144.0,176.0,True,frame_0676.png
676,20859,0x1740,$02:91DB,D8,160.0,196.0,True,frame_0676.png
676,20859,0x1780,$02:9274,E0,160.0,188.0,True,frame_0676.png
676,20859,0x17C0,$02:B04A,C8,254.031,104.0,True,frame_0676.png
676,20859,0x1800,$04:FCC0,D0,233.25,104.0,True,frame_0676.png
678,20861,0x1000,$04:DF96,C8,96.5,112.0,True,frame_0678.png
678,20861,0x1080,$04:E6AF,C8,234.0,112.0,True,frame_0678.png
678,20861,0x10C0,$04:E6AF,C8,102.0,112.0,True,frame_0678.png
678,20861,0x1400,$04:FABA,C8,138.125,87.781,True,frame_0678.png
678,20861,0x16C0,$02:91DB,D8,143.0,184.0,True,frame_0678.png
678,20861,0x1700,$02:9274,E0,143.0,176.0,True,frame_0678.png
678,20861,0x1740,$02:91DB,D8,159.0,196.0,True,frame_0678.png
678,20861,0x1780,$02:9274,E0,159.0,188.0,True,frame_0678.png
678,20861,0x17C0,$02:B04A,C8,250.438,104.0,True,frame_0678.png
678,20861,0x1800,$04:FCC0,D0,232.25,104.0,True,frame_0678.png
680,20863,0x1000,$04:DF96,C8,96.5,112.0,True,frame_0680.png
680,20863,0x1080,$04:E6E1,C0,245.0,112.0,True,frame_0680.png
680,20863,0x10C0,$04:E6AF,C8,124.0,112.0,True,frame_0680.png
680,20863,0x1400,$04:FABA,C8,137.375,87.992,True,frame_0680.png
680,20863,0x16C0,$02:91DB,D8,142.0,184.0,True,frame_0680.png
680,20863,0x1700,$02:9274,E0,142.0,176.0,True,frame_0680.png
680,20863,0x1740,$02:91DB,D8,158.0,196.0,True,frame_0680.png
680,20863,0x1780,$02:9274,E0,158.0,188.0,True,frame_0680.png
680,20863,0x17C0,$04:FCC0,D0,248.641,104.0,True,frame_0680.png
680,20863,0x1800,$04:FCC0,D0,231.25,104.0,True,frame_0680.png
682,20865,0x1000,$04:DF96,C8,96.5,112.0,True,frame_0682.png
682,20865,0x10C0,$04:E6AF,C8,146.0,112.0,True,frame_0682.png
682,20865,0x1400,$04:FABA,C8,136.625,88.234,True,frame_0682.png
682,20865,0x16C0,$02:91DB,D8,141.0,184.0,True,frame_0682.png
682,20865,0x1700,$02:9274,E0,141.0,176.0,True,frame_0682.png
682,20865,0x1740,$02:91DB,D8,157.0,196.0,True,frame_0682.png
682,20865,0x1780,$02:9274,E0,157.0,188.0,True,frame_0682.png
682,20865,0x17C0,$04:FCC0,D0,247.641,104.0,True,frame_0682.png
684,20867,0x1000,$04:DF96,C8,96.5,112.0,True,frame_0684.png
684,20867,0x10C0,$04:E6AF,C8,168.0,112.0,True,frame_0684.png
684,20867,0x1400,$04:FABA,C8,135.875,88.508,True,frame_0684.png
684,20867,0x16C0,$02:91DB,D8,140.0,184.0,True,frame_0684.png
684,20867,0x1700,$02:9274,E0,140.0,176.0,True,frame_0684.png
684,20867,0x1740,$02:91DB,D8,156.0,196.0,True,frame_0684.png
684,20867,0x1780,$02:9274,E0,156.0,188.0,True,frame_0684.png
684,20867,0x17C0,$04:FCC0,D0,246.641,104.0,True,frame_0684.png
686,20869,0x1000,$04:DF96,C8,96.5,112.0,True,frame_0686.png
686,20869,0x10C0,$04:E6AF,C8,190.0,112.0,True,frame_0686.png
686,20869,0x1400,$04:FABA,C8,135.125,88.812,True,frame_0686.png
686,20869,0x16C0,$02:91DB,D8,139.0,184.0,True,frame_0686.png
686,20869,0x1700,$02:9274,E0,139.0,176.0,True,frame_0686.png
686,20869,0x1740,$02:91DB,D8,155.0,196.0,True,frame_0686.png
686,20869,0x1780,$02:9274,E0,155.0,188.0,True,frame_0686.png
686,20869,0x17C0,$04:FCC0,D0,245.641,104.0,True,frame_0686.png
688,20871,0x1000,$04:DF96,C8,96.5,112.0,True,frame_0688.png
688,20871,0x10C0,$04:E6AF,C8,212.0,112.0,True,frame_0688.png
688,20871,0x1400,$04:FABA,C8,134.375,89.148,True,frame_0688.png
688,20871,0x16C0,$02:91DB,D8,138.0,184.0,True,frame_0688.png
688,20871,0x1700,$02:9274,E0,138.0,176.0,True,frame_0688.png
688,20871,0x1740,$02:91DB,D8,154.0,196.0,True,frame_0688.png
688,20871,0x1780,$02:9274,E0,154.0,188.0,True,frame_0688.png
688,20871,0x17C0,$04:FCC0,D0,244.641,104.0,True,frame_0688.png
690,20873,0x1000,$04:DF96,C8,96.5,112.0,True,frame_0690.png
690,20873,0x1080,$04:E6AF,C8,102.0,112.0,True,frame_0690.png
690,20873,0x10C0,$04:E6AF,C8,234.0,112.0,True,frame_0690.png
690,20873,0x1400,$04:FABA,C8,133.625,89.516,True,frame_0690.png
690,20873,0x16C0,$02:91DB,D8,137.0,184.0,True,frame_0690.png
690,20873,0x1700,$02:9274,E0,137.0,176.0,True,frame_0690.png
690,20873,0x1740,$02:91DB,D8,153.0,196.0,True,frame_0690.png
690,20873,0x1780,$02:9274,E0,153.0,188.0,True,frame_0690.png
690,20873,0x17C0,$04:FCC0,D0,243.641,104.0,True,frame_0690.png
690,20873,0x1800,$02:90F0,C8,272.0,184.0,False,frame_0690.png
690,20873,0x1840,$02:9274,E0,272.0,176.0,False,frame_0690.png
692,20875,0x1000,$04:DF96,C8,96.5,112.0,True,frame_0692.png
692,20875,0x1080,$04:E6AF,C8,124.0,112.0,True,frame_0692.png
692,20875,0x1400,$04:FABA,C8,132.875,89.914,True,frame_0692.png
692,20875,0x16C0,$02:91DB,D8,136.0,184.0,True,frame_0692.png
692,20875,0x1700,$02:9274,E0,136.0,176.0,True,frame_0692.png
692,20875,0x1740,$02:91DB,D8,152.0,196.0,True,frame_0692.png
692,20875,0x1780,$02:9274,E0,152.0,188.0,True,frame_0692.png
692,20875,0x17C0,$04:FCC0,D0,242.641,104.0,True,frame_0692.png
692,20875,0x1800,$02:90F0,C8,270.0,184.0,False,frame_0692.png
692,20875,0x1840,$02:9274,E0,270.0,176.0,False,frame_0692.png
694,20877,0x1000,$04:DF96,C8,96.5,112.0,True,frame_0694.png
694,20877,0x1080,$04:E6AF,C8,146.0,112.0,True,frame_0694.png
694,20877,0x1400,$04:FABA,C8,132.125,90.344,True,frame_0694.png
694,20877,0x16C0,$02:9119,C8,135.0,184.0,True,frame_0694.png
694,20877,0x1700,$02:9274,E0,135.0,176.0,True,frame_0694.png
694,20877,0x1740,$02:91DB,D8,151.0,196.0,True,frame_0694.png
694,20877,0x1780,$02:9274,E0,151.0,188.0,True,frame_0694.png
694,20877,0x17C0,$04:FCC0,D0,241.641,104.0,True,frame_0694.png
694,20877,0x1800,$02:90F0,C8,268.0,184.0,False,frame_0694.png
694,20877,0x1840,$02:9274,E0,268.0,176.0,False,frame_0694.png
694,20877,0x1AC0,$04:F97F,CC,118.0,164.0,True,frame_0694.png
696,20879,0x1000,$04:DF96,C8,96.5,112.0,True,frame_0696.png
696,20879,0x1080,$04:E6AF,C8,168.0,112.0,True,frame_0696.png
696,20879,0x1400,$04:FABA,C8,131.375,90.805,True,frame_0696.png
696,20879,0x16C0,$02:9119,C8,135.625,184.0,True,frame_0696.png
696,20879,0x1700,$02:9274,E0,135.0,176.0,True,frame_0696.png
696,20879,0x1740,$02:91DB,D8,150.0,196.0,True,frame_0696.png
696,20879,0x1780,$02:9274,E0,150.0,188.0,True,frame_0696.png
696,20879,0x17C0,$04:FCC0,D0,240.641,104.0,True,frame_0696.png
696,20879,0x1800,$02:90F0,C8,266.0,184.0,False,frame_0696.png
696,20879,0x1840,$02:9274,E0,266.0,176.0,False,frame_0696.png
696,20879,0x1AC0,$04:F97F,CC,115.703,161.703,True,frame_0696.png
698,20881,0x1000,$04:DF96,C8,96.5,112.0,True,frame_0698.png
698,20881,0x1080,$04:E6AF,C8,190.0,112.0,True,frame_0698.png
698,20881,0x1400,$04:FABA,C8,130.625,91.297,True,frame_0698.png
698,20881,0x16C0,$02:9119,C8,136.25,184.0,True,frame_0698.png
698,20881,0x1700,$02:9274,E0,136.0,176.0,True,frame_0698.png
698,20881,0x1740,$02:91DB,D8,149.0,196.0,True,frame_0698.png
698,20881,0x1780,$02:9274,E0,149.0,188.0,True,frame_0698.png
698,20881,0x17C0,$04:FCC0,D0,239.641,104.0,True,frame_0698.png
698,20881,0x1800,$02:90F0,C8,264.0,184.0,False,frame_0698.png
698,20881,0x1840,$02:9274,E0,264.0,176.0,False,frame_0698.png
698,20881,0x1AC0,$04:F97F,CC,113.406,159.406,True,frame_0698.png
700,20883,0x1000,$04:DF96,C8,96.5,112.0,True,frame_0700.png
700,20883,0x1080,$04:E6AF,C8,212.0,112.0,True,frame_0700.png
700,20883,0x1400,$04:FABA,C8,129.875,91.82,True,frame_0700.png
700,20883,0x16C0,$02:9119,C8,136.875,184.0,True,frame_0700.png
700,20883,0x1700,$02:9274,E0,136.0,176.0,True,frame_0700.png
700,20883,0x1740,$02:91DB,D8,148.0,196.0,True,frame_0700.png
700,20883,0x1780,$02:9274,E0,148.0,188.0,True,frame_0700.png
700,20883,0x17C0,$04:FCC0,D0,238.641,104.0,True,frame_0700.png
700,20883,0x1800,$02:90F0,C8,262.0,184.0,False,frame_0700.png
700,20883,0x1840,$02:9274,E0,262.0,176.0,False,frame_0700.png
700,20883,0x1AC0,$04:F97F,CC,111.109,157.109,True,frame_0700.png
702,20885,0x1000,$04:DF96,C8,96.5,112.0,True,frame_0702.png
702,20885,0x1080,$04:E6AF,C8,234.0,112.0,True,frame_0702.png
702,20885,0x10C0,$04:E6AF,C8,102.0,112.0,True,frame_0702.png
702,20885,0x1400,$04:FABA,C8,129.125,92.375,True,frame_0702.png
702,20885,0x16C0,$02:9119,C8,137.5,184.0,True,frame_0702.png
702,20885,0x1700,$02:9274,E0,137.0,176.0,True,frame_0702.png
702,20885,0x1740,$02:91DB,D8,147.0,196.0,True,frame_0702.png
702,20885,0x1780,$02:9274,E0,147.0,188.0,True,frame_0702.png
702,20885,0x17C0,$04:FCC0,D0,237.641,104.0,True,frame_0702.png
702,20885,0x1800,$02:90F0,C8,260.0,184.0,False,frame_0702.png
702,20885,0x1840,$02:9274,E0,260.0,176.0,False,frame_0702.png
702,20885,0x1AC0,$04:F97F,CC,108.812,154.812,True,frame_0702.png
704,20887,0x1000,$04:DF96,C8,96.5,112.0,True,frame_0704.png
704,20887,0x10C0,$04:E6AF,C8,124.0,112.0,True,frame_0704.png
704,20887,0x1400,$04:FABA,C8,128.375,92.961,True,frame_0704.png
704,20887,0x16C0,$02:9119,C8,138.125,184.0,True,frame_0704.png
704,20887,0x1700,$02:9274,E0,138.0,176.0,True,frame_0704.png
704,20887,0x1740,$02:91DB,D8,146.0,196.0,True,frame_0704.png
704,20887,0x1780,$02:9274,E0,146.0,188.0,True,frame_0704.png
704,20887,0x17C0,$04:FCC0,D0,236.641,104.0,True,frame_0704.png
704,20887,0x1800,$02:90F0,C8,258.0,184.0,False,frame_0704.png
704,20887,0x1840,$02:9274,E0,258.0,176.0,False,frame_0704.png
704,20887,0x1AC0,$04:F97F,CC,106.516,152.516,True,frame_0704.png
706,20889,0x1000,$04:DF96,C8,96.5,112.0,True,frame_0706.png
706,20889,0x10C0,$04:E6AF,C8,146.0,112.0,True,frame_0706.png
706,20889,0x1400,$04:FABA,C8,127.625,93.578,True,frame_0706.png
706,20889,0x16C0,$02:9119,C8,138.75,184.0,True,frame_0706.png
706,20889,0x1700,$02:9274,E0,138.0,176.0,True,frame_0706.png
706,20889,0x1740,$02:91DB,D8,145.0,196.0,True,frame_0706.png
706,20889,0x1780,$02:9274,E0,145.0,188.0,True,frame_0706.png
706,20889,0x1800,$02:90F0,C8,256.0,184.0,False,frame_0706.png
706,20889,0x1840,$02:9274,E0,256.0,176.0,False,frame_0706.png
706,20889,0x1880,$02:90F0,C8,272.0,196.0,False,frame_0706.png
706,20889,0x18C0,$02:9274,E0,272.0,188.0,False,frame_0706.png
706,20889,0x1AC0,$04:F97F,CC,104.219,150.219,True,frame_0706.png
708,20891,0x1000,$04:DF96,C8,96.5,112.0,True,frame_0708.png
708,20891,0x10C0,$04:E6AF,C8,168.0,112.0,True,frame_0708.png
708,20891,0x1400,$04:FABA,C8,126.875,94.227,True,frame_0708.png
708,20891,0x16C0,$02:9119,C8,139.375,184.0,True,frame_0708.png
708,20891,0x1700,$02:9274,E0,139.0,176.0,True,frame_0708.png
708,20891,0x1740,$02:91DB,D8,144.0,196.0,True,frame_0708.png
708,20891,0x1780,$02:9274,E0,144.0,188.0,True,frame_0708.png
708,20891,0x1800,$02:90F0,C8,254.0,184.0,True,frame_0708.png
708,20891,0x1840,$02:9274,E0,254.0,176.0,True,frame_0708.png
708,20891,0x1880,$02:90F0,C8,270.0,196.0,False,frame_0708.png
708,20891,0x18C0,$02:9274,E0,270.0,188.0,False,frame_0708.png
708,20891,0x1AC0,$04:F97F,CC,101.922,147.922,True,frame_0708.png
710,20893,0x1000,$04:DF96,C8,96.5,112.0,True,frame_0710.png
710,20893,0x10C0,$04:E6AF,C8,190.0,112.0,True,frame_0710.png
710,20893,0x1400,$04:FABA,C8,126.125,94.906,True,frame_0710.png
710,20893,0x16C0,$02:9119,C8,140.0,184.0,True,frame_0710.png
710,20893,0x1700,$02:9274,E0,140.0,176.0,True,frame_0710.png
710,20893,0x1740,$02:91DB,D8,143.0,196.0,True,frame_0710.png
710,20893,0x1780,$02:9274,E0,143.0,188.0,True,frame_0710.png
710,20893,0x1800,$02:90F0,C8,252.0,184.0,True,frame_0710.png
710,20893,0x1840,$02:9274,E0,252.0,176.0,True,frame_0710.png
710,20893,0x1880,$02:90F0,C8,268.0,196.0,False,frame_0710.png
710,20893,0x18C0,$02:9274,E0,268.0,188.0,False,frame_0710.png
710,20893,0x1AC0,$04:F97F,CC,99.625,145.625,True,frame_0710.png
712,20895,0x1000,$04:DF96,C8,96.5,112.0,True,frame_0712.png
712,20895,0x10C0,$04:E6AF,C8,212.0,112.0,True,frame_0712.png
712,20895,0x1400,$04:FABA,C8,125.375,95.617,True,frame_0712.png
712,20895,0x16C0,$02:9119,C8,140.625,184.0,True,frame_0712.png
712,20895,0x1700,$02:9274,E0,140.0,176.0,True,frame_0712.png
712,20895,0x1740,$02:91DB,D8,142.0,196.0,True,frame_0712.png
712,20895,0x1780,$02:9274,E0,142.0,188.0,True,frame_0712.png
712,20895,0x1800,$02:90F0,C8,250.0,184.0,True,frame_0712.png
712,20895,0x1840,$02:9274,E0,250.0,176.0,True,frame_0712.png
712,20895,0x1880,$02:90F0,C8,266.0,196.0,False,frame_0712.png
712,20895,0x18C0,$02:9274,E0,266.0,188.0,False,frame_0712.png
712,20895,0x1AC0,$04:F97F,CC,97.328,143.328,True,frame_0712.png
714,20897,0x1000,$04:DF96,C8,96.5,112.0,True,frame_0714.png
714,20897,0x1080,$04:E6AF,C8,102.0,112.0,True,frame_0714.png
714,20897,0x10C0,$04:E6AF,C8,234.0,112.0,True,frame_0714.png
714,20897,0x1400,$04:FABA,C8,124.625,96.359,True,frame_0714.png
714,20897,0x16C0,$02:9119,C8,141.25,184.0,True,frame_0714.png
714,20897,0x1700,$02:9274,E0,141.0,176.0,True,frame_0714.png
714,20897,0x1740,$02:91DB,D8,141.0,196.0,True,frame_0714.png
714,20897,0x1780,$02:9274,E0,141.0,188.0,True,frame_0714.png
714,20897,0x1800,$02:90F0,C8,248.0,184.0,True,frame_0714.png
714,20897,0x1840,$02:9274,E0,248.0,176.0,True,frame_0714.png
714,20897,0x1880,$02:90F0,C8,264.0,196.0,False,frame_0714.png
714,20897,0x18C0,$02:9274,E0,264.0,188.0,False,frame_0714.png
714,20897,0x1AC0,$04:F97F,CC,95.031,141.031,True,frame_0714.png
716,20899,0x1000,$04:DF96,C8,96.5,112.0,True,frame_0716.png
716,20899,0x1080,$04:E6AF,C8,124.0,112.0,True,frame_0716.png
716,20899,0x1400,$04:FABA,C8,123.875,97.133,True,frame_0716.png
716,20899,0x16C0,$02:9119,C8,141.875,184.0,True,frame_0716.png
716,20899,0x1700,$02:9274,E0,141.0,176.0,True,frame_0716.png
716,20899,0x1740,$02:91DB,D8,140.0,196.0,True,frame_0716.png
716,20899,0x1780,$02:9274,E0,140.0,188.0,True,frame_0716.png
716,20899,0x1800,$02:90F0,C8,246.0,184.0,True,frame_0716.png
716,20899,0x1840,$02:9274,E0,246.0,176.0,True,frame_0716.png
716,20899,0x1880,$02:90F0,C8,262.0,196.0,False,frame_0716.png
716,20899,0x18C0,$02:9274,E0,262.0,188.0,False,frame_0716.png
716,20899,0x1AC0,$04:F97F,CC,92.734,138.734,True,frame_0716.png
718,20901,0x1000,$04:DF96,C8,96.5,112.0,True,frame_0718.png
718,20901,0x1080,$04:E6AF,C8,146.0,112.0,True,frame_0718.png
718,20901,0x1400,$04:FABA,C8,123.125,97.938,True,frame_0718.png
718,20901,0x16C0,$02:9119,C8,142.5,184.0,True,frame_0718.png
718,20901,0x1700,$02:9274,E0,142.0,176.0,True,frame_0718.png
718,20901,0x1740,$02:91DB,D8,139.0,196.0,True,frame_0718.png
718,20901,0x1780,$02:9274,E0,139.0,188.0,True,frame_0718.png
718,20901,0x1800,$02:90F0,C8,244.0,184.0,True,frame_0718.png
718,20901,0x1840,$02:9274,E0,244.0,176.0,True,frame_0718.png
718,20901,0x1880,$02:90F0,C8,260.0,196.0,False,frame_0718.png
718,20901,0x18C0,$02:9274,E0,260.0,188.0,False,frame_0718.png
718,20901,0x1AC0,$04:F97F,CC,90.438,136.438,True,frame_0718.png
720,20903,0x1000,$04:DF96,C8,96.5,112.0,True,frame_0720.png
720,20903,0x1080,$04:E6AF,C8,168.0,112.0,True,frame_0720.png
720,20903,0x1400,$04:FABA,C8,122.375,98.773,True,frame_0720.png
720,20903,0x16C0,$02:9119,C8,143.125,184.0,True,frame_0720.png
720,20903,0x1700,$02:9274,E0,143.0,176.0,True,frame_0720.png
720,20903,0x1740,$02:91DB,D8,138.0,196.0,True,frame_0720.png
720,20903,0x1780,$02:9274,E0,138.0,188.0,True,frame_0720.png
720,20903,0x1800,$02:90F0,C8,242.0,184.0,True,frame_0720.png
720,20903,0x1840,$02:9274,E0,242.0,176.0,True,frame_0720.png
720,20903,0x1880,$02:90F0,C8,258.0,196.0,False,frame_0720.png
720,20903,0x18C0,$02:9274,E0,258.0,188.0,False,frame_0720.png
720,20903,0x1AC0,$04:F97F,CC,88.141,134.141,True,frame_0720.png
722,20905,0x1000,$04:DF96,C8,96.5,112.0,True,frame_0722.png
722,20905,0x1080,$04:E6AF,C8,190.0,112.0,True,frame_0722.png
722,20905,0x1400,$04:FABA,C8,121.625,99.641,True,frame_0722.png
722,20905,0x16C0,$02:9119,C8,143.75,184.0,True,frame_0722.png
722,20905,0x1700,$02:9274,E0,143.0,176.0,True,frame_0722.png
722,20905,0x1740,$02:91DB,D8,137.0,196.0,True,frame_0722.png
722,20905,0x1780,$02:9274,E0,137.0,188.0,True,frame_0722.png
722,20905,0x1800,$02:90F0,C8,240.0,184.0,True,frame_0722.png
722,20905,0x1840,$02:9274,E0,240.0,176.0,True,frame_0722.png
722,20905,0x1880,$02:90F0,C8,256.0,196.0,False,frame_0722.png
722,20905,0x18C0,$02:9274,E0,256.0,188.0,False,frame_0722.png
722,20905,0x1AC0,$04:F97F,CC,85.844,131.844,True,frame_0722.png
724,20907,0x1000,$04:DF96,C8,96.5,112.0,True,frame_0724.png
724,20907,0x1080,$04:E6AF,C8,212.0,112.0,True,frame_0724.png
724,20907,0x1400,$04:FABA,C8,120.875,100.539,True,frame_0724.png
724,20907,0x16C0,$02:9119,C8,144.375,184.0,True,frame_0724.png
724,20907,0x1700,$02:9274,E0,144.0,176.0,True,frame_0724.png
724,20907,0x1740,$02:91DB,D8,136.0,196.0,True,frame_0724.png
724,20907,0x1780,$02:9274,E0,136.0,188.0,True,frame_0724.png
724,20907,0x1800,$02:90F0,C8,238.0,184.0,True,frame_0724.png
724,20907,0x1840,$02:9274,E0,238.0,176.0,True,frame_0724.png
724,20907,0x1880,$02:90F0,C8,254.0,196.0,True,frame_0724.png
724,20907,0x18C0,$02:9274,E0,254.0,188.0,True,frame_0724.png
724,20907,0x1AC0,$04:F97F,CC,83.547,129.547,True,frame_0724.png
726,20909,0x1000,$04:DF96,C8,96.5,112.0,True,frame_0726.png
726,20909,0x1080,$04:E6AF,C8,234.0,112.0,True,frame_0726.png
726,20909,0x10C0,$04:E6AF,C8,102.0,112.0,True,frame_0726.png
726,20909,0x1400,$04:FABA,C8,120.062,101.469,True,frame_0726.png
726,20909,0x16C0,$02:9119,C8,145.0,184.0,True,frame_0726.png
726,20909,0x1700,$02:9274,E0,145.0,176.0,True,frame_0726.png
726,20909,0x1740,$02:9119,C8,135.0,196.0,True,frame_0726.png
726,20909,0x1780,$02:9274,E0,135.0,188.0,True,frame_0726.png
726,20909,0x1800,$02:90F0,C8,236.0,184.0,True,frame_0726.png
726,20909,0x1840,$02:9274,E0,236.0,176.0,True,frame_0726.png
726,20909,0x1880,$02:90F0,C8,252.0,196.0,True,frame_0726.png
726,20909,0x18C0,$02:9274,E0,252.0,188.0,True,frame_0726.png
726,20909,0x1AC0,$04:F97F,CC,81.25,127.25,True,frame_0726.png
728,20911,0x1000,$04:DF96,C8,96.5,112.0,True,frame_0728.png
728,20911,0x10C0,$04:E6AF,C8,124.0,112.0,True,frame_0728.png
728,20911,0x1400,$04:FABA,C8,119.188,102.383,True,frame_0728.png
728,20911,0x16C0,$02:9119,C8,145.625,184.0,True,frame_0728.png
728,20911,0x1700,$02:9274,E0,145.0,176.0,True,frame_0728.png
728,20911,0x1740,$02:9119,C8,135.625,196.0,True,frame_0728.png
728,20911,0x1780,$02:9274,E0,135.0,188.0,True,frame_0728.png
728,20911,0x1800,$02:90F0,C8,234.0,184.0,True,frame_0728.png
728,20911,0x1840,$02:9274,E0,234.0,176.0,True,frame_0728.png
728,20911,0x1880,$02:90F0,C8,250.0,196.0,True,frame_0728.png
728,20911,0x18C0,$02:9274,E0,250.0,188.0,True,frame_0728.png
728,20911,0x1AC0,$04:F97F,CC,78.953,124.953,True,frame_0728.png
730,20913,0x1000,$04:DF96,C8,96.5,112.0,True,frame_0730.png
730,20913,0x10C0,$04:E6AF,C8,146.0,112.0,True,frame_0730.png
730,20913,0x1400,$04:FABA,C8,118.312,103.266,True,frame_0730.png
730,20913,0x16C0,$02:9119,C8,146.25,184.0,True,frame_0730.png
730,20913,0x1700,$02:9274,E0,146.0,176.0,True,frame_0730.png
730,20913,0x1740,$02:9119,C8,136.25,196.0,True,frame_0730.png
730,20913,0x1780,$02:9274,E0,136.0,188.0,True,frame_0730.png
730,20913,0x1800,$02:90F0,C8,232.0,184.0,True,frame_0730.png
730,20913,0x1840,$02:9274,E0,232.0,176.0,True,frame_0730.png
730,20913,0x1880,$02:90F0,C8,248.0,196.0,True,frame_0730.png
730,20913,0x18C0,$02:9274,E0,248.0,188.0,True,frame_0730.png
730,20913,0x1AC0,$04:F97F,CC,76.656,122.656,True,frame_0730.png
732,20915,0x1000,$04:DF96,C8,96.5,112.0,True,frame_0732.png
732,20915,0x10C0,$04:E6AF,C8,168.0,112.0,True,frame_0732.png
732,20915,0x1400,$04:FABA,C8,117.438,104.117,True,frame_0732.png
732,20915,0x16C0,$02:9119,C8,146.875,184.0,True,frame_0732.png
732,20915,0x1700,$02:9274,E0,146.0,176.0,True,frame_0732.png
732,20915,0x1740,$02:9119,C8,136.875,196.0,True,frame_0732.png
732,20915,0x1780,$02:9274,E0,136.0,188.0,True,frame_0732.png
732,20915,0x1800,$02:90F0,C8,230.0,184.0,True,frame_0732.png
732,20915,0x1840,$02:9274,E0,230.0,176.0,True,frame_0732.png
732,20915,0x1880,$02:90F0,C8,246.0,196.0,True,frame_0732.png
732,20915,0x18C0,$02:9274,E0,246.0,188.0,True,frame_0732.png
732,20915,0x1AC0,$04:F97F,CC,74.359,120.359,True,frame_0732.png
734,20917,0x1000,$04:DF96,C8,96.5,112.0,True,frame_0734.png
734,20917,0x10C0,$04:E6AF,C8,190.0,112.0,True,frame_0734.png
734,20917,0x1400,$04:FABA,C8,116.562,104.938,True,frame_0734.png
734,20917,0x16C0,$02:9119,C8,147.5,184.0,True,frame_0734.png
734,20917,0x1700,$02:9274,E0,147.0,176.0,True,frame_0734.png
734,20917,0x1740,$02:9119,C8,137.5,196.0,True,frame_0734.png
734,20917,0x1780,$02:9274,E0,137.0,188.0,True,frame_0734.png
734,20917,0x1800,$02:90F0,C8,228.0,184.0,True,frame_0734.png
734,20917,0x1840,$02:9274,E0,228.0,176.0,True,frame_0734.png
734,20917,0x1880,$02:90F0,C8,244.0,196.0,True,frame_0734.png
734,20917,0x18C0,$02:9274,E0,244.0,188.0,True,frame_0734.png
734,20917,0x1AC0,$04:F97F,CC,72.062,118.062,True,frame_0734.png
736,20919,0x1000,$04:DF96,C8,96.5,112.0,True,frame_0736.png
736,20919,0x10C0,$04:E6AF,C8,212.0,112.0,True,frame_0736.png
736,20919,0x1400,$04:FABA,C8,115.688,105.727,True,frame_0736.png
736,20919,0x16C0,$02:9119,C8,148.125,184.0,True,frame_0736.png
736,20919,0x1700,$02:9274,E0,148.0,176.0,True,frame_0736.png
736,20919,0x1740,$02:9119,C8,138.125,196.0,True,frame_0736.png
736,20919,0x1780,$02:9274,E0,138.0,188.0,True,frame_0736.png
736,20919,0x1800,$02:90F0,C8,226.0,184.0,True,frame_0736.png
736,20919,0x1840,$02:9274,E0,226.0,176.0,True,frame_0736.png
736,20919,0x1880,$02:90F0,C8,242.0,196.0,True,frame_0736.png
736,20919,0x18C0,$02:9274,E0,242.0,188.0,True,frame_0736.png
736,20919,0x1AC0,$04:F97F,CC,69.766,115.766,True,frame_0736.png
738,20921,0x1000,$04:DF96,C8,96.5,112.0,True,frame_0738.png
738,20921,0x1080,$04:E6AF,C8,102.0,112.0,True,frame_0738.png
738,20921,0x10C0,$04:E6AF,C8,234.0,112.0,True,frame_0738.png
738,20921,0x1400,$04:FABA,C8,114.812,106.484,True,frame_0738.png
738,20921,0x16C0,$02:9119,C8,148.75,184.0,True,frame_0738.png
738,20921,0x1700,$02:9274,E0,148.0,176.0,True,frame_0738.png
738,20921,0x1740,$02:9119,C8,138.75,196.0,True,frame_0738.png
738,20921,0x1780,$02:9274,E0,138.0,188.0,True,frame_0738.png
738,20921,0x17C0,$02:9131,C8,-16.0,184.0,False,frame_0738.png
738,20921,0x1800,$02:90F0,C8,224.0,184.0,True,frame_0738.png
738,20921,0x1840,$02:9274,E0,224.0,176.0,True,frame_0738.png
738,20921,0x1880,$02:90F0,C8,240.0,196.0,True,frame_0738.png
738,20921,0x18C0,$02:9274,E0,240.0,188.0,True,frame_0738.png
738,20921,0x1900,$02:9274,E0,-16.0,176.0,False,frame_0738.png
738,20921,0x1AC0,$04:F97F,CC,67.469,113.469,True,frame_0738.png
740,20923,0x1000,$04:DF96,C8,96.5,112.0,True,frame_0740.png
740,20923,0x1080,$04:E6AF,C8,124.0,112.0,True,frame_0740.png
740,20923,0x1400,$04:FABA,C8,113.938,107.211,True,frame_0740.png
740,20923,0x16C0,$02:9119,C8,149.375,184.0,True,frame_0740.png
740,20923,0x1700,$02:9274,E0,149.0,176.0,True,frame_0740.png
740,20923,0x1740,$02:9119,C8,139.375,196.0,True,frame_0740.png
740,20923,0x1780,$02:9274,E0,139.0,188.0,True,frame_0740.png
740,20923,0x17C0,$02:9131,C8,-15.375,184.0,False,frame_0740.png
740,20923,0x1800,$02:90F0,C8,222.0,184.0,True,frame_0740.png
740,20923,0x1840,$02:9274,E0,222.0,176.0,True,frame_0740.png
740,20923,0x1880,$02:90F0,C8,238.0,196.0,True,frame_0740.png
740,20923,0x18C0,$02:9274,E0,238.0,188.0,True,frame_0740.png
740,20923,0x1900,$02:9274,E0,-16.0,176.0,False,frame_0740.png
740,20923,0x1AC0,$04:F97F,CC,65.172,111.172,True,frame_0740.png
742,20925,0x1000,$04:DF96,C8,96.5,112.0,True,frame_0742.png
742,20925,0x1080,$04:E6AF,C8,146.0,112.0,True,frame_0742.png
742,20925,0x16C0,$02:9119,C8,150.0,184.0,True,frame_0742.png
742,20925,0x1700,$02:9274,E0,150.0,176.0,True,frame_0742.png
742,20925,0x1740,$02:9119,C8,140.0,196.0,True,frame_0742.png
742,20925,0x1780,$02:9274,E0,140.0,188.0,True,frame_0742.png
742,20925,0x17C0,$02:9131,C8,-14.75,184.0,False,frame_0742.png
742,20925,0x1800,$02:90F0,C8,220.0,184.0,True,frame_0742.png
742,20925,0x1840,$02:9274,E0,220.0,176.0,True,frame_0742.png
742,20925,0x1880,$02:90F0,C8,236.0,196.0,True,frame_0742.png
742,20925,0x18C0,$02:9274,E0,236.0,188.0,True,frame_0742.png
742,20925,0x1900,$02:9274,E0,-15.0,176.0,False,frame_0742.png
742,20925,0x1AC0,$04:F97F,CC,62.875,108.875,True,frame_0742.png
742,20925,0x1B00,$04:F97F,CC,133.0,164.0,True,frame_0742.png
744,20927,0x1000,$04:DF96,C8,96.5,112.0,True,frame_0744.png
744,20927,0x1080,$04:E6AF,C8,168.0,112.0,True,frame_0744.png
744,20927,0x16C0,$02:9119,C8,150.625,184.0,True,frame_0744.png
744,20927,0x1700,$02:9274,E0,150.0,176.0,True,frame_0744.png
744,20927,0x1740,$02:9119,C8,140.625,196.0,True,frame_0744.png
744,20927,0x1780,$02:9274,E0,140.0,188.0,True,frame_0744.png
744,20927,0x17C0,$02:9131,C8,-14.125,184.0,False,frame_0744.png
744,20927,0x1800,$02:90F0,C8,218.0,184.0,True,frame_0744.png
744,20927,0x1840,$02:9274,E0,218.0,176.0,True,frame_0744.png
744,20927,0x1880,$02:90F0,C8,234.0,196.0,True,frame_0744.png
744,20927,0x18C0,$02:9274,E0,234.0,188.0,True,frame_0744.png
744,20927,0x1900,$02:9274,E0,-15.0,176.0,False,frame_0744.png
744,20927,0x1AC0,$04:F97F,CC,60.578,106.578,True,frame_0744.png
744,20927,0x1B00,$04:F97F,CC,130.703,161.703,True,frame_0744.png
746,20929,0x1000,$04:DF96,C8,96.5,112.0,True,frame_0746.png
746,20929,0x1080,$04:E6AF,C8,190.0,112.0,True,frame_0746.png
746,20929,0x16C0,$02:9119,C8,151.25,184.0,True,frame_0746.png
746,20929,0x1700,$02:9274,E0,151.0,176.0,True,frame_0746.png
746,20929,0x1740,$02:9119,C8,141.25,196.0,True,frame_0746.png
746,20929,0x1780,$02:9274,E0,141.0,188.0,True,frame_0746.png
746,20929,0x17C0,$02:9131,C8,-13.5,184.0,False,frame_0746.png
746,20929,0x1800,$02:90F0,C8,216.0,184.0,True,frame_0746.png
746,20929,0x1840,$02:9274,E0,216.0,176.0,True,frame_0746.png
746,20929,0x1880,$02:90F0,C8,232.0,196.0,True,frame_0746.png
746,20929,0x18C0,$02:9274,E0,232.0,188.0,True,frame_0746.png
746,20929,0x1900,$02:9274,E0,-14.0,176.0,False,frame_0746.png
746,20929,0x1AC0,$04:F97F,CC,58.281,104.281,True,frame_0746.png
746,20929,0x1B00,$04:F97F,CC,128.406,159.406,True,frame_0746.png
748,20931,0x1000,$04:DF96,C8,96.5,112.0,True,frame_0748.png
748,20931,0x1080,$04:E6AF,C8,212.0,112.0,True,frame_0748.png
748,20931,0x16C0,$02:9119,C8,151.875,184.0,True,frame_0748.png
748,20931,0x1700,$02:9274,E0,151.0,176.0,True,frame_0748.png
748,20931,0x1740,$02:9119,C8,141.875,196.0,True,frame_0748.png
748,20931,0x1780,$02:9274,E0,141.0,188.0,True,frame_0748.png
748,20931,0x17C0,$02:9131,C8,-12.875,184.0,False,frame_0748.png
748,20931,0x1800,$02:90F0,C8,214.0,184.0,True,frame_0748.png
748,20931,0x1840,$02:9274,E0,214.0,176.0,True,frame_0748.png
748,20931,0x1880,$02:90F0,C8,230.0,196.0,True,frame_0748.png
748,20931,0x18C0,$02:9274,E0,230.0,188.0,True,frame_0748.png
748,20931,0x1900,$02:9274,E0,-13.0,176.0,False,frame_0748.png
748,20931,0x1AC0,$04:F97F,CC,55.984,101.984,True,frame_0748.png
748,20931,0x1B00,$04:F97F,CC,126.109,157.109,True,frame_0748.png
750,20933,0x1000,$04:DF96,C8,96.5,112.0,True,frame_0750.png
750,20933,0x1080,$04:E6AF,C8,234.0,112.0,True,frame_0750.png
750,20933,0x10C0,$04:E6AF,C8,102.0,112.0,True,frame_0750.png
750,20933,0x16C0,$02:9119,C8,152.5,184.0,True,frame_0750.png
750,20933,0x1700,$02:9274,E0,152.0,176.0,True,frame_0750.png
750,20933,0x1740,$02:9119,C8,142.5,196.0,True,frame_0750.png
750,20933,0x1780,$02:9274,E0,142.0,188.0,True,frame_0750.png
750,20933,0x17C0,$02:9131,C8,-12.25,184.0,False,frame_0750.png
750,20933,0x1800,$02:90F0,C8,212.0,184.0,True,frame_0750.png
750,20933,0x1840,$02:9274,E0,212.0,176.0,True,frame_0750.png
750,20933,0x1880,$02:90F0,C8,228.0,196.0,True,frame_0750.png
750,20933,0x18C0,$02:9274,E0,228.0,188.0,True,frame_0750.png
750,20933,0x1900,$02:9274,E0,-13.0,176.0,False,frame_0750.png
750,20933,0x1AC0,$04:F97F,CC,53.688,99.688,True,frame_0750.png
750,20933,0x1B00,$04:F97F,CC,123.812,154.812,True,frame_0750.png
752,20935,0x1000,$04:DF96,C8,96.5,112.0,True,frame_0752.png
752,20935,0x10C0,$04:E6AF,C8,124.0,112.0,True,frame_0752.png
752,20935,0x16C0,$02:9119,C8,153.125,184.0,True,frame_0752.png
752,20935,0x1700,$02:9274,E0,153.0,176.0,True,frame_0752.png
752,20935,0x1740,$02:9119,C8,143.125,196.0,True,frame_0752.png
752,20935,0x1780,$02:9274,E0,143.0,188.0,True,frame_0752.png
752,20935,0x17C0,$02:9131,C8,-11.625,184.0,False,frame_0752.png
752,20935,0x1800,$02:90F0,C8,210.0,184.0,True,frame_0752.png
752,20935,0x1840,$02:9274,E0,210.0,176.0,True,frame_0752.png
752,20935,0x1880,$02:90F0,C8,226.0,196.0,True,frame_0752.png
752,20935,0x18C0,$02:9274,E0,226.0,188.0,True,frame_0752.png
752,20935,0x1900,$02:9274,E0,-12.0,176.0,False,frame_0752.png
752,20935,0x1AC0,$04:F97F,CC,51.391,97.391,True,frame_0752.png
752,20935,0x1B00,$04:F97F,CC,121.516,152.516,True,frame_0752.png
754,20937,0x1000,$04:DF96,C8,96.5,112.0,True,frame_0754.png
754,20937,0x10C0,$04:E6AF,C8,146.0,112.0,True,frame_0754.png
754,20937,0x16C0,$02:9119,C8,153.75,184.0,True,frame_0754.png
754,20937,0x1700,$02:9274,E0,153.0,176.0,True,frame_0754.png
754,20937,0x1740,$02:9119,C8,143.75,196.0,True,frame_0754.png
754,20937,0x1780,$02:9274,E0,143.0,188.0,True,frame_0754.png
754,20937,0x17C0,$02:9131,C8,-11.0,184.0,False,frame_0754.png
754,20937,0x1800,$02:90F0,C8,208.0,184.0,True,frame_0754.png
754,20937,0x1840,$02:9274,E0,208.0,176.0,True,frame_0754.png
754,20937,0x1880,$02:90F0,C8,224.0,196.0,True,frame_0754.png
754,20937,0x18C0,$02:9274,E0,224.0,188.0,True,frame_0754.png
754,20937,0x1900,$02:9274,E0,-11.0,176.0,False,frame_0754.png
754,20937,0x1AC0,$04:F97F,CC,49.094,95.094,True,frame_0754.png
754,20937,0x1B00,$04:F97F,CC,119.219,150.219,True,frame_0754.png
756,20939,0x1000,$04:DF96,C8,96.5,112.0,True,frame_0756.png
756,20939,0x10C0,$04:E6AF,C8,168.0,112.0,True,frame_0756.png
756,20939,0x16C0,$02:9119,C8,154.375,184.0,True,frame_0756.png
756,20939,0x1700,$02:9274,E0,154.0,176.0,True,frame_0756.png
756,20939,0x1740,$02:9119,C8,144.375,196.0,True,frame_0756.png
756,20939,0x1780,$02:9274,E0,144.0,188.0,True,frame_0756.png
756,20939,0x17C0,$02:9131,C8,-10.375,184.0,False,frame_0756.png
756,20939,0x1800,$02:90F0,C8,206.0,184.0,True,frame_0756.png
756,20939,0x1840,$02:9274,E0,206.0,176.0,True,frame_0756.png
756,20939,0x1880,$02:90F0,C8,222.0,196.0,True,frame_0756.png
756,20939,0x18C0,$02:9274,E0,222.0,188.0,True,frame_0756.png
756,20939,0x1900,$02:9274,E0,-11.0,176.0,False,frame_0756.png
756,20939,0x1AC0,$04:F97F,CC,46.797,92.797,True,frame_0756.png
756,20939,0x1B00,$04:F97F,CC,116.922,147.922,True,frame_0756.png
758,20941,0x1000,$04:DF96,C8,96.5,112.0,True,frame_0758.png
758,20941,0x10C0,$04:E6AF,C8,190.0,112.0,True,frame_0758.png
758,20941,0x16C0,$02:9119,C8,155.0,184.0,True,frame_0758.png
758,20941,0x1700,$02:9274,E0,155.0,176.0,True,frame_0758.png
758,20941,0x1740,$02:9119,C8,145.0,196.0,True,frame_0758.png
758,20941,0x1780,$02:9274,E0,145.0,188.0,True,frame_0758.png
758,20941,0x17C0,$02:9131,C8,-9.75,184.0,False,frame_0758.png
758,20941,0x1800,$02:90F0,C8,204.0,184.0,True,frame_0758.png
758,20941,0x1840,$02:9274,E0,204.0,176.0,True,frame_0758.png
758,20941,0x1880,$02:90F0,C8,220.0,196.0,True,frame_0758.png
758,20941,0x18C0,$02:9274,E0,220.0,188.0,True,frame_0758.png
758,20941,0x1900,$02:9274,E0,-10.0,176.0,False,frame_0758.png
758,20941,0x1AC0,$04:F97F,CC,44.5,90.5,True,frame_0758.png
758,20941,0x1B00,$04:F97F,CC,114.625,145.625,True,frame_0758.png
760,20943,0x1000,$04:DF96,C8,96.5,112.0,True,frame_0760.png
760,20943,0x10C0,$04:E6AF,C8,212.0,112.0,True,frame_0760.png
760,20943,0x16C0,$02:9119,C8,155.625,184.0,True,frame_0760.png
760,20943,0x1700,$02:9274,E0,155.0,176.0,True,frame_0760.png
760,20943,0x1740,$02:9119,C8,145.625,196.0,True,frame_0760.png
760,20943,0x1780,$02:9274,E0,145.0,188.0,True,frame_0760.png
760,20943,0x17C0,$02:9131,C8,-9.125,184.0,False,frame_0760.png
760,20943,0x1800,$02:90F0,C8,202.0,184.0,True,frame_0760.png
760,20943,0x1840,$02:9274,E0,202.0,176.0,True,frame_0760.png
760,20943,0x1880,$02:90F0,C8,218.0,196.0,True,frame_0760.png
760,20943,0x18C0,$02:9274,E0,218.0,188.0,True,frame_0760.png
760,20943,0x1900,$02:9274,E0,-10.0,176.0,False,frame_0760.png
760,20943,0x1AC0,$04:F97F,CC,42.203,88.203,True,frame_0760.png
760,20943,0x1B00,$04:F97F,CC,112.328,143.328,True,frame_0760.png
762,20945,0x1000,$04:DF96,C8,96.5,112.0,True,frame_0762.png
762,20945,0x1080,$04:E6AF,C8,102.0,112.0,True,frame_0762.png
762,20945,0x10C0,$04:E6AF,C8,234.0,112.0,True,frame_0762.png
762,20945,0x16C0,$02:9119,C8,156.25,184.0,True,frame_0762.png
762,20945,0x1700,$02:9274,E0,156.0,176.0,True,frame_0762.png
762,20945,0x1740,$02:9119,C8,146.25,196.0,True,frame_0762.png
762,20945,0x1780,$02:9274,E0,146.0,188.0,True,frame_0762.png
762,20945,0x17C0,$02:9131,C8,-8.5,184.0,False,frame_0762.png
762,20945,0x1800,$02:90F0,C8,200.0,184.0,True,frame_0762.png
762,20945,0x1840,$02:9274,E0,200.0,176.0,True,frame_0762.png
762,20945,0x1880,$02:90F0,C8,216.0,196.0,True,frame_0762.png
762,20945,0x18C0,$02:9274,E0,216.0,188.0,True,frame_0762.png
762,20945,0x1900,$02:9274,E0,-9.0,176.0,False,frame_0762.png
762,20945,0x1AC0,$04:F97F,CC,39.906,85.906,True,frame_0762.png
762,20945,0x1B00,$04:F97F,CC,110.031,141.031,True,frame_0762.png
764,20947,0x1000,$04:DF96,C8,96.5,112.0,True,frame_0764.png
764,20947,0x1080,$04:E6AF,C8,124.0,112.0,True,frame_0764.png
764,20947,0x16C0,$02:9119,C8,156.875,184.0,True,frame_0764.png
764,20947,0x1700,$02:9274,E0,156.0,176.0,True,frame_0764.png
764,20947,0x1740,$02:9119,C8,146.875,196.0,True,frame_0764.png
764,20947,0x1780,$02:9274,E0,146.0,188.0,True,frame_0764.png
764,20947,0x17C0,$02:9131,C8,-7.875,184.0,False,frame_0764.png
764,20947,0x1800,$02:90F0,C8,198.0,184.0,True,frame_0764.png
764,20947,0x1840,$02:9274,E0,198.0,176.0,True,frame_0764.png
764,20947,0x1880,$02:90F0,C8,214.0,196.0,True,frame_0764.png
764,20947,0x18C0,$02:9274,E0,214.0,188.0,True,frame_0764.png
764,20947,0x1900,$02:9274,E0,-8.0,176.0,False,frame_0764.png
764,20947,0x1AC0,$04:F97F,CC,37.609,83.609,True,frame_0764.png
764,20947,0x1B00,$04:F97F,CC,107.734,138.734,True,frame_0764.png
766,20949,0x1000,$04:DF96,C8,96.5,112.0,True,frame_0766.png
766,20949,0x1080,$04:E6AF,C8,146.0,112.0,True,frame_0766.png
766,20949,0x16C0,$02:9119,C8,157.5,184.0,True,frame_0766.png
766,20949,0x1700,$02:9274,E0,157.0,176.0,True,frame_0766.png
766,20949,0x1740,$02:9119,C8,147.5,196.0,True,frame_0766.png
766,20949,0x1780,$02:9274,E0,147.0,188.0,True,frame_0766.png
766,20949,0x17C0,$02:9131,C8,-7.25,184.0,False,frame_0766.png
766,20949,0x1800,$02:90F0,C8,196.0,184.0,True,frame_0766.png
766,20949,0x1840,$02:9274,E0,196.0,176.0,True,frame_0766.png
766,20949,0x1880,$02:90F0,C8,212.0,196.0,True,frame_0766.png
766,20949,0x18C0,$02:9274,E0,212.0,188.0,True,frame_0766.png
766,20949,0x1900,$02:9274,E0,-8.0,176.0,False,frame_0766.png
766,20949,0x1AC0,$04:F97F,CC,35.312,81.312,True,frame_0766.png
766,20949,0x1B00,$04:F97F,CC,105.438,136.438,True,frame_0766.png
768,20951,0x1000,$04:DF96,C8,96.5,112.0,True,frame_0768.png
768,20951,0x1080,$04:E6AF,C8,168.0,112.0,True,frame_0768.png
768,20951,0x16C0,$02:9119,C8,158.125,184.0,True,frame_0768.png
768,20951,0x1700,$02:9274,E0,158.0,176.0,True,frame_0768.png
768,20951,0x1740,$02:9119,C8,148.125,196.0,True,frame_0768.png
768,20951,0x1780,$02:9274,E0,148.0,188.0,True,frame_0768.png
768,20951,0x17C0,$02:9131,C8,-6.625,184.0,False,frame_0768.png
768,20951,0x1800,$02:90F0,C8,194.0,184.0,True,frame_0768.png
768,20951,0x1840,$02:9274,E0,194.0,176.0,True,frame_0768.png
768,20951,0x1880,$02:90F0,C8,210.0,196.0,True,frame_0768.png
768,20951,0x18C0,$02:9274,E0,210.0,188.0,True,frame_0768.png
768,20951,0x1900,$02:9274,E0,-7.0,176.0,False,frame_0768.png
768,20951,0x1AC0,$04:F97F,CC,33.016,79.016,True,frame_0768.png
768,20951,0x1B00,$04:F97F,CC,103.141,134.141,True,frame_0768.png
770,20953,0x1000,$04:DF96,C8,96.5,112.0,True,frame_0770.png
770,20953,0x1080,$04:E6AF,C8,190.0,112.0,True,frame_0770.png
770,20953,0x16C0,$02:9119,C8,158.75,184.0,True,frame_0770.png
770,20953,0x1700,$02:9274,E0,158.0,176.0,True,frame_0770.png
770,20953,0x1740,$02:9119,C8,148.75,196.0,True,frame_0770.png
770,20953,0x1780,$02:9274,E0,148.0,188.0,True,frame_0770.png
770,20953,0x17C0,$02:9131,C8,-6.0,184.0,False,frame_0770.png
770,20953,0x1800,$02:90F0,C8,192.0,184.0,True,frame_0770.png
770,20953,0x1840,$02:9274,E0,192.0,176.0,True,frame_0770.png
770,20953,0x1880,$02:90F0,C8,208.0,196.0,True,frame_0770.png
770,20953,0x18C0,$02:9274,E0,208.0,188.0,True,frame_0770.png
770,20953,0x1900,$02:9274,E0,-6.0,176.0,False,frame_0770.png
770,20953,0x1AC0,$04:F97F,CC,30.719,76.719,True,frame_0770.png
770,20953,0x1B00,$04:F97F,CC,100.844,131.844,True,frame_0770.png
772,20955,0x1000,$04:DF96,C8,96.5,112.0,True,frame_0772.png
772,20955,0x1080,$04:E6AF,C8,212.0,112.0,True,frame_0772.png
772,20955,0x16C0,$02:9119,C8,159.375,184.0,True,frame_0772.png
772,20955,0x1700,$02:9274,E0,159.0,176.0,True,frame_0772.png
772,20955,0x1740,$02:9119,C8,149.375,196.0,True,frame_0772.png
772,20955,0x1780,$02:9274,E0,149.0,188.0,True,frame_0772.png
772,20955,0x17C0,$02:9131,C8,-5.375,184.0,False,frame_0772.png
772,20955,0x1800,$02:90F0,C8,190.0,184.0,True,frame_0772.png
772,20955,0x1840,$02:9274,E0,190.0,176.0,True,frame_0772.png
772,20955,0x1880,$02:90F0,C8,206.0,196.0,True,frame_0772.png
772,20955,0x18C0,$02:9274,E0,206.0,188.0,True,frame_0772.png
772,20955,0x1900,$02:9274,E0,-6.0,176.0,False,frame_0772.png
772,20955,0x1AC0,$04:F97F,CC,28.422,74.422,True,frame_0772.png
772,20955,0x1B00,$04:F97F,CC,98.547,129.547,True,frame_0772.png
774,20957,0x1000,$04:DF96,C8,96.5,112.0,True,frame_0774.png
774,20957,0x1080,$04:E6AF,C8,234.0,112.0,True,frame_0774.png
774,20957,0x10C0,$04:E6AF,C8,102.0,112.0,True,frame_0774.png
774,20957,0x16C0,$02:9119,C8,160.0,184.0,True,frame_0774.png
774,20957,0x1700,$02:9274,E0,160.0,176.0,True,frame_0774.png
774,20957,0x1740,$02:9119,C8,150.0,196.0,True,frame_0774.png
774,20957,0x1780,$02:9274,E0,150.0,188.0,True,frame_0774.png
774,20957,0x17C0,$02:9131,C8,-4.75,184.0,False,frame_0774.png
774,20957,0x1800,$02:90F0,C8,188.0,184.0,True,frame_0774.png
774,20957,0x1840,$02:9274,E0,188.0,176.0,True,frame_0774.png
774,20957,0x1880,$02:90F0,C8,204.0,196.0,True,frame_0774.png
774,20957,0x18C0,$02:9274,E0,204.0,188.0,True,frame_0774.png
774,20957,0x1900,$02:9274,E0,-5.0,176.0,False,frame_0774.png
774,20957,0x1AC0,$04:F97F,CC,26.125,72.125,True,frame_0774.png
774,20957,0x1B00,$04:F97F,CC,96.25,127.25,True,frame_0774.png
776,20959,0x1000,$04:DF96,C8,96.5,112.0,True,frame_0776.png
776,20959,0x10C0,$04:E6AF,C8,124.0,112.0,True,frame_0776.png
776,20959,0x16C0,$02:9119,C8,160.625,184.0,True,frame_0776.png
776,20959,0x1700,$02:9274,E0,160.0,176.0,True,frame_0776.png
776,20959,0x1740,$02:9119,C8,150.625,196.0,True,frame_0776.png
776,20959,0x1780,$02:9274,E0,150.0,188.0,True,frame_0776.png
776,20959,0x17C0,$02:9131,C8,-4.125,184.0,False,frame_0776.png
776,20959,0x1800,$02:90F0,C8,186.0,184.0,True,frame_0776.png
776,20959,0x1840,$02:9274,E0,186.0,176.0,True,frame_0776.png
776,20959,0x1880,$02:90F0,C8,202.0,196.0,True,frame_0776.png
776,20959,0x18C0,$02:9274,E0,202.0,188.0,True,frame_0776.png
776,20959,0x1900,$02:9274,E0,-5.0,176.0,False,frame_0776.png
776,20959,0x1AC0,$04:F97F,CC,23.828,69.828,True,frame_0776.png
776,20959,0x1B00,$04:F97F,CC,93.953,124.953,True,frame_0776.png
778,20961,0x1000,$04:DF96,C8,96.5,112.0,True,frame_0778.png
778,20961,0x10C0,$04:E6AF,C8,146.0,112.0,True,frame_0778.png
778,20961,0x16C0,$02:9119,C8,161.25,184.0,True,frame_0778.png
778,20961,0x1700,$02:9274,E0,161.0,176.0,True,frame_0778.png
778,20961,0x1740,$02:9119,C8,151.25,196.0,True,frame_0778.png
778,20961,0x1780,$02:9274,E0,151.0,188.0,True,frame_0778.png
778,20961,0x17C0,$02:9131,C8,-3.5,184.0,False,frame_0778.png
778,20961,0x1800,$02:90F0,C8,184.0,184.0,True,frame_0778.png
778,20961,0x1840,$02:9274,E0,184.0,176.0,True,frame_0778.png
778,20961,0x1880,$02:90F0,C8,200.0,196.0,True,frame_0778.png
778,20961,0x18C0,$02:9274,E0,200.0,188.0,True,frame_0778.png
778,20961,0x1900,$02:9274,E0,-4.0,176.0,False,frame_0778.png
778,20961,0x1AC0,$04:F97F,CC,21.531,67.531,True,frame_0778.png
778,20961,0x1B00,$04:F97F,CC,91.656,122.656,True,frame_0778.png
780,20963,0x1000,$04:DF96,C8,96.5,112.0,True,frame_0780.png
780,20963,0x10C0,$04:E6AF,C8,168.0,112.0,True,frame_0780.png
780,20963,0x16C0,$02:9119,C8,161.875,184.0,True,frame_0780.png
780,20963,0x1700,$02:9274,E0,161.0,176.0,True,frame_0780.png
780,20963,0x1740,$02:9119,C8,151.875,196.0,True,frame_0780.png
780,20963,0x1780,$02:9274,E0,151.0,188.0,True,frame_0780.png
780,20963,0x17C0,$02:9131,C8,-2.875,184.0,False,frame_0780.png
780,20963,0x1800,$02:90F0,C8,182.0,184.0,True,frame_0780.png
780,20963,0x1840,$02:9274,E0,182.0,176.0,True,frame_0780.png
780,20963,0x1880,$02:90F0,C8,198.0,196.0,True,frame_0780.png
780,20963,0x18C0,$02:9274,E0,198.0,188.0,True,frame_0780.png
780,20963,0x1900,$02:9274,E0,-3.0,176.0,False,frame_0780.png
780,20963,0x1AC0,$04:F97F,CC,19.234,65.234,True,frame_0780.png
780,20963,0x1B00,$04:F97F,CC,89.359,120.359,True,frame_0780.png
782,20965,0x1000,$04:DF96,C8,96.5,112.0,True,frame_0782.png
782,20965,0x10C0,$04:E6AF,C8,190.0,112.0,True,frame_0782.png
782,20965,0x16C0,$02:9119,C8,162.5,184.0,True,frame_0782.png
782,20965,0x1700,$02:9274,E0,162.0,176.0,True,frame_0782.png
782,20965,0x1740,$02:9119,C8,152.5,196.0,True,frame_0782.png
782,20965,0x1780,$02:9274,E0,152.0,188.0,True,frame_0782.png
782,20965,0x17C0,$02:9131,C8,-2.25,184.0,False,frame_0782.png
782,20965,0x1800,$02:90F0,C8,180.0,184.0,True,frame_0782.png
782,20965,0x1840,$02:9274,E0,180.0,176.0,True,frame_0782.png
782,20965,0x1880,$02:90F0,C8,196.0,196.0,True,frame_0782.png
782,20965,0x18C0,$02:9274,E0,196.0,188.0,True,frame_0782.png
782,20965,0x1900,$02:9274,E0,-3.0,176.0,False,frame_0782.png
782,20965,0x1AC0,$04:F97F,CC,16.938,62.938,True,frame_0782.png
782,20965,0x1B00,$04:F97F,CC,87.062,118.062,True,frame_0782.png
784,20967,0x1000,$04:DF96,80,96.5,112.0,True,frame_0784.png
784,20967,0x1040,$04:F8A1,C0,96.0,112.0,True,frame_0784.png
784,20967,0x10C0,$04:E6AF,C8,212.0,112.0,True,frame_0784.png
784,20967,0x16C0,$02:9119,C8,163.125,184.0,True,frame_0784.png
784,20967,0x1700,$02:9274,E0,163.0,176.0,True,frame_0784.png
784,20967,0x1740,$02:9119,C8,153.125,196.0,True,frame_0784.png
784,20967,0x1780,$02:9274,E0,153.0,188.0,True,frame_0784.png
784,20967,0x17C0,$02:9131,C8,-1.625,184.0,False,frame_0784.png
784,20967,0x1800,$02:90F0,C8,178.0,184.0,True,frame_0784.png
784,20967,0x1840,$02:9274,E0,178.0,176.0,True,frame_0784.png
784,20967,0x1880,$02:90F0,C8,194.0,196.0,True,frame_0784.png
784,20967,0x18C0,$02:9274,E0,194.0,188.0,True,frame_0784.png
784,20967,0x1900,$02:9274,E0,-2.0,176.0,False,frame_0784.png
784,20967,0x1AC0,$04:F97F,CC,14.641,60.641,True,frame_0784.png
784,20967,0x1B00,$04:F9C3,C0,85.914,116.914,True,frame_0784.png
786,20969,0x1000,$04:DF96,C0,96.5,112.0,True,frame_0786.png
786,20969,0x1040,$04:F8A1,C0,96.0,112.0,True,frame_0786.png
786,20969,0x1080,$04:E6AF,C8,102.0,112.0,True,frame_0786.png
786,20969,0x10C0,$04:E6AF,C8,234.0,112.0,True,frame_0786.png
786,20969,0x16C0,$02:9119,C8,163.75,184.0,True,frame_0786.png
786,20969,0x1700,$02:9274,E0,163.0,176.0,True,frame_0786.png
786,20969,0x1740,$02:9119,C8,153.75,196.0,True,frame_0786.png
786,20969,0x1780,$02:9274,E0,153.0,188.0,True,frame_0786.png
786,20969,0x17C0,$02:9131,C8,-1.0,184.0,False,frame_0786.png
786,20969,0x1800,$02:90F0,C8,176.0,184.0,True,frame_0786.png
786,20969,0x1840,$02:9274,E0,176.0,176.0,True,frame_0786.png
786,20969,0x1880,$02:90F0,C8,192.0,196.0,True,frame_0786.png
786,20969,0x18C0,$02:9274,E0,192.0,188.0,True,frame_0786.png
786,20969,0x1900,$02:9274,E0,-1.0,176.0,False,frame_0786.png
786,20969,0x1AC0,$04:F97F,CC,12.344,58.344,True,frame_0786.png
786,20969,0x1B00,$04:F9C3,C0,85.914,116.914,True,frame_0786.png
788,20971,0x1000,$04:DF96,80,96.5,112.0,True,frame_0788.png
788,20971,0x1040,$04:F8A1,C0,96.0,112.0,True,frame_0788.png
788,20971,0x1080,$04:E6AF,C8,124.0,112.0,True,frame_0788.png
788,20971,0x16C0,$02:9119,C8,164.375,184.0,True,frame_0788.png
788,20971,0x1700,$02:9274,E0,164.0,176.0,True,frame_0788.png
788,20971,0x1740,$02:9119,C8,154.375,196.0,True,frame_0788.png
788,20971,0x1780,$02:9274,E0,154.0,188.0,True,frame_0788.png
788,20971,0x17C0,$02:9131,C8,-0.375,184.0,False,frame_0788.png
788,20971,0x1800,$02:90F0,C8,174.0,184.0,True,frame_0788.png
788,20971,0x1840,$02:9274,E0,174.0,176.0,True,frame_0788.png
788,20971,0x1880,$02:90F0,C8,190.0,196.0,True,frame_0788.png
788,20971,0x18C0,$02:9274,E0,190.0,188.0,True,frame_0788.png
788,20971,0x1900,$02:9274,E0,-1.0,176.0,False,frame_0788.png
788,20971,0x1AC0,$04:F97F,CC,10.047,56.047,True,frame_0788.png
790,20973,0x1000,$04:DF96,C0,96.5,112.0,True,frame_0790.png
790,20973,0x1040,$04:F8A1,C0,96.0,112.0,True,frame_0790.png
790,20973,0x1080,$04:E6AF,C8,146.0,112.0,True,frame_0790.png
790,20973,0x16C0,$02:9119,C8,165.0,184.0,True,frame_0790.png
790,20973,0x1700,$02:9274,E0,165.0,176.0,True,frame_0790.png
790,20973,0x1740,$02:9119,C8,155.0,196.0,True,frame_0790.png
790,20973,0x1780,$02:9274,E0,155.0,188.0,True,frame_0790.png
790,20973,0x17C0,$02:9131,C8,0.25,184.0,True,frame_0790.png
790,20973,0x1800,$02:90F0,C8,172.0,184.0,True,frame_0790.png
790,20973,0x1840,$02:9274,E0,172.0,176.0,True,frame_0790.png
790,20973,0x1880,$02:90F0,C8,188.0,196.0,True,frame_0790.png
790,20973,0x18C0,$02:9274,E0,188.0,188.0,True,frame_0790.png
790,20973,0x1900,$02:9274,E0,0.0,176.0,True,frame_0790.png
790,20973,0x1AC0,$04:F97F,CC,7.75,53.75,True,frame_0790.png
792,20975,0x1000,$04:DF96,80,96.5,112.0,True,frame_0792.png
792,20975,0x1040,$04:F8A1,C0,96.0,112.0,True,frame_0792.png
792,20975,0x1080,$04:E6AF,C8,168.0,112.0,True,frame_0792.png
792,20975,0x16C0,$02:9119,C8,165.621,184.0,True,frame_0792.png
792,20975,0x1700,$02:9274,E0,165.0,176.0,True,frame_0792.png
792,20975,0x1740,$02:9119,C8,155.625,196.0,True,frame_0792.png
792,20975,0x1780,$02:9274,E0,155.0,188.0,True,frame_0792.png
792,20975,0x17C0,$02:9131,C8,0.875,184.0,True,frame_0792.png
792,20975,0x1800,$02:90F0,C8,170.0,184.0,True,frame_0792.png
792,20975,0x1840,$02:9274,E0,170.0,176.0,True,frame_0792.png
792,20975,0x1880,$02:90F0,C8,186.0,196.0,True,frame_0792.png
792,20975,0x18C0,$02:9274,E0,186.0,188.0,True,frame_0792.png
792,20975,0x1900,$02:9274,E0,0.0,176.0,True,frame_0792.png
792,20975,0x1AC0,$04:F97F,CC,5.453,51.453,True,frame_0792.png
794,20977,0x1000,$04:DF96,C0,96.5,112.0,True,frame_0794.png
794,20977,0x1040,$04:F8A1,C0,96.0,112.0,True,frame_0794.png
794,20977,0x1080,$04:E6AF,C8,190.0,112.0,True,frame_0794.png
794,20977,0x16C0,$02:9119,C8,166.227,184.0,True,frame_0794.png
794,20977,0x1700,$02:9274,E0,166.0,176.0,True,frame_0794.png
794,20977,0x1740,$02:9119,C8,156.25,196.0,True,frame_0794.png
794,20977,0x1780,$02:9274,E0,156.0,188.0,True,frame_0794.png
794,20977,0x17C0,$02:9131,C8,1.5,184.0,True,frame_0794.png
794,20977,0x1800,$02:90F0,C8,168.0,184.0,True,frame_0794.png
794,20977,0x1840,$02:9274,E0,168.0,176.0,True,frame_0794.png
794,20977,0x1880,$02:90F0,C8,184.0,196.0,True,frame_0794.png
794,20977,0x18C0,$02:9274,E0,184.0,188.0,True,frame_0794.png
794,20977,0x1900,$02:9274,E0,1.0,176.0,True,frame_0794.png
794,20977,0x1AC0,$04:F97F,CC,3.156,49.156,True,frame_0794.png
796,20979,0x1000,$04:DF96,80,96.5,112.0,True,frame_0796.png
796,20979,0x1040,$04:F8A1,C0,96.0,112.0,True,frame_0796.png
796,20979,0x1080,$04:E6AF,C8,212.0,112.0,True,frame_0796.png
796,20979,0x16C0,$02:9119,C8,166.816,184.0,True,frame_0796.png
796,20979,0x1700,$02:9274,E0,166.0,176.0,True,frame_0796.png
796,20979,0x1740,$02:9119,C8,156.875,196.0,True,frame_0796.png
796,20979,0x1780,$02:9274,E0,156.0,188.0,True,frame_0796.png
796,20979,0x17C0,$02:9131,C8,2.125,184.0,True,frame_0796.png
796,20979,0x1800,$02:90F0,C8,166.0,184.0,True,frame_0796.png
796,20979,0x1840,$02:9274,E0,166.0,176.0,True,frame_0796.png
796,20979,0x1880,$02:90F0,C8,182.0,196.0,True,frame_0796.png
796,20979,0x18C0,$02:9274,E0,182.0,188.0,True,frame_0796.png
796,20979,0x1900,$02:9274,E0,2.0,176.0,True,frame_0796.png
796,20979,0x1AC0,$04:F97F,CC,0.859,46.859,True,frame_0796.png
798,20981,0x1000,$04:DF96,C0,96.5,112.0,True,frame_0798.png
798,20981,0x1040,$04:F8A1,C0,96.0,112.0,True,frame_0798.png
798,20981,0x1080,$04:E6AF,C8,234.0,112.0,True,frame_0798.png
798,20981,0x10C0,$04:E6AF,C8,102.0,112.0,True,frame_0798.png
798,20981,0x16C0,$02:9119,C8,167.391,184.0,True,frame_0798.png
798,20981,0x1700,$02:9274,E0,167.0,176.0,True,frame_0798.png
798,20981,0x1740,$02:9119,C8,157.5,196.0,True,frame_0798.png
798,20981,0x1780,$02:9274,E0,157.0,188.0,True,frame_0798.png
798,20981,0x17C0,$02:9131,C8,2.75,184.0,True,frame_0798.png
798,20981,0x1800,$02:91DB,D8,165.0,184.0,True,frame_0798.png
798,20981,0x1840,$02:9274,E0,165.0,176.0,True,frame_0798.png
798,20981,0x1880,$02:90F0,C8,180.0,196.0,True,frame_0798.png
798,20981,0x18C0,$02:9274,E0,180.0,188.0,True,frame_0798.png
798,20981,0x1900,$02:9274,E0,2.0,176.0,True,frame_0798.png
798,20981,0x1AC0,$04:F97F,CC,-1.438,44.562,False,frame_0798.png
800,20983,0x1000,$04:DF96,80,96.5,112.0,True,frame_0800.png
800,20983,0x1040,$04:F8A1,C0,96.0,112.0,True,frame_0800.png
800,20983,0x10C0,$04:E6AF,C8,124.0,112.0,True,frame_0800.png
800,20983,0x16C0,$02:9119,C8,167.949,184.0,True,frame_0800.png
800,20983,0x1700,$02:9274,E0,167.0,176.0,True,frame_0800.png
800,20983,0x1740,$02:9119,C8,158.125,196.0,True,frame_0800.png
800,20983,0x1780,$02:9274,E0,158.0,188.0,True,frame_0800.png
800,20983,0x17C0,$02:9131,C8,3.375,184.0,True,frame_0800.png
800,20983,0x1800,$02:91DB,D8,164.0,184.0,True,frame_0800.png
800,20983,0x1840,$02:9274,E0,164.0,176.0,True,frame_0800.png
800,20983,0x1880,$02:90F0,C8,178.0,196.0,True,frame_0800.png
800,20983,0x18C0,$02:9274,E0,178.0,188.0,True,frame_0800.png
800,20983,0x1900,$02:9274,E0,3.0,176.0,True,frame_0800.png
800,20983,0x1AC0,$04:F97F,CC,-3.734,42.266,False,frame_0800.png
802,20985,0x1000,$04:DF96,C0,96.5,112.0,True,frame_0802.png
802,20985,0x1040,$04:F8A1,C0,96.0,112.0,True,frame_0802.png
802,20985,0x10C0,$04:E6AF,C8,146.0,112.0,True,frame_0802.png
802,20985,0x16C0,$02:9119,C8,168.492,184.0,True,frame_0802.png
802,20985,0x1700,$02:9274,E0,168.0,176.0,True,frame_0802.png
802,20985,0x1740,$02:9119,C8,158.75,196.0,True,frame_0802.png
802,20985,0x1780,$02:9274,E0,158.0,188.0,True,frame_0802.png
802,20985,0x17C0,$02:9131,C8,4.0,184.0,True,frame_0802.png
802,20985,0x1800,$02:91DB,D8,163.0,184.0,True,frame_0802.png
802,20985,0x1840,$02:9274,E0,163.0,176.0,True,frame_0802.png
802,20985,0x1880,$02:90F0,C8,176.0,196.0,True,frame_0802.png
802,20985,0x18C0,$02:9274,E0,176.0,188.0,True,frame_0802.png
802,20985,0x1900,$02:9274,E0,4.0,176.0,True,frame_0802.png
802,20985,0x1AC0,$04:F97F,CC,-6.031,39.969,False,frame_0802.png
804,20987,0x1000,$04:DF96,80,96.5,112.0,True,frame_0804.png
804,20987,0x1040,$04:F8A1,C0,96.0,112.0,True,frame_0804.png
804,20987,0x10C0,$04:E6AF,C8,168.0,112.0,True,frame_0804.png
804,20987,0x16C0,$02:9119,C8,169.02,184.0,True,frame_0804.png
804,20987,0x1700,$02:9274,E0,169.0,176.0,True,frame_0804.png
804,20987,0x1740,$02:9119,C8,159.375,196.0,True,frame_0804.png
804,20987,0x1780,$02:9274,E0,159.0,188.0,True,frame_0804.png
804,20987,0x17C0,$02:9131,C8,4.625,184.0,True,frame_0804.png
804,20987,0x1800,$02:91DB,D8,162.0,184.0,True,frame_0804.png
804,20987,0x1840,$02:9274,E0,162.0,176.0,True,frame_0804.png
804,20987,0x1880,$02:90F0,C8,174.0,196.0,True,frame_0804.png
804,20987,0x18C0,$02:9274,E0,174.0,188.0,True,frame_0804.png
804,20987,0x1900,$02:9274,E0,4.0,176.0,True,frame_0804.png
804,20987,0x1AC0,$04:F97F,CC,-8.328,37.672,False,frame_0804.png
806,20989,0x1000,$04:DF96,C0,96.5,112.0,True,frame_0806.png
806,20989,0x1040,$04:F8A1,C0,96.0,112.0,True,frame_0806.png
806,20989,0x10C0,$04:E6AF,C8,190.0,112.0,True,frame_0806.png
806,20989,0x16C0,$02:9119,C8,169.531,184.0,True,frame_0806.png
806,20989,0x1700,$02:9274,E0,169.0,176.0,True,frame_0806.png
806,20989,0x1740,$02:9119,C8,160.0,196.0,True,frame_0806.png
806,20989,0x1780,$02:9274,E0,160.0,188.0,True,frame_0806.png
806,20989,0x17C0,$02:9131,C8,5.25,184.0,True,frame_0806.png
806,20989,0x1800,$02:91DB,D8,161.0,184.0,True,frame_0806.png
806,20989,0x1840,$02:9274,E0,161.0,176.0,True,frame_0806.png
806,20989,0x1880,$02:90F0,C8,172.0,196.0,True,frame_0806.png
806,20989,0x18C0,$02:9274,E0,172.0,188.0,True,frame_0806.png
806,20989,0x1900,$02:9274,E0,5.0,176.0,True,frame_0806.png
806,20989,0x1AC0,$04:F97F,CC,-10.625,35.375,False,frame_0806.png
808,20991,0x1000,$04:DF96,80,96.5,112.0,True,frame_0808.png
808,20991,0x1040,$04:F8BC,C0,96.0,112.0,True,frame_0808.png
808,20991,0x10C0,$04:E6AF,C8,212.0,112.0,True,frame_0808.png
808,20991,0x16C0,$02:9119,C8,170.027,184.0,True,frame_0808.png
808,20991,0x1700,$02:9274,E0,170.0,176.0,True,frame_0808.png
808,20991,0x1740,$02:9119,C8,160.625,196.0,True,frame_0808.png
808,20991,0x1780,$02:9274,E0,160.0,188.0,True,frame_0808.png
808,20991,0x17C0,$02:9131,C8,5.875,184.0,True,frame_0808.png
808,20991,0x1800,$02:91DB,D8,160.0,184.0,True,frame_0808.png
808,20991,0x1840,$02:9274,E0,160.0,176.0,True,frame_0808.png
808,20991,0x1880,$02:90F0,C8,170.0,196.0,True,frame_0808.png
808,20991,0x18C0,$02:9274,E0,170.0,188.0,True,frame_0808.png
808,20991,0x1900,$02:9274,E0,5.0,176.0,True,frame_0808.png
808,20991,0x1AC0,$04:F97F,CC,-12.922,33.078,False,frame_0808.png
810,20993,0x1000,$04:DF96,C0,96.5,112.0,True,frame_0810.png
810,20993,0x1040,$04:F8BC,C0,96.0,112.0,True,frame_0810.png
810,20993,0x1080,$04:E6AF,C8,102.0,112.0,True,frame_0810.png
810,20993,0x10C0,$04:E6AF,C8,234.0,112.0,True,frame_0810.png
810,20993,0x16C0,$02:9119,C8,170.508,184.0,True,frame_0810.png
810,20993,0x1700,$02:9274,E0,170.0,176.0,True,frame_0810.png
810,20993,0x1740,$02:9119,C8,161.25,196.0,True,frame_0810.png
810,20993,0x1780,$02:9274,E0,161.0,188.0,True,frame_0810.png
810,20993,0x17C0,$02:9131,C8,6.5,184.0,True,frame_0810.png
810,20993,0x1800,$02:91DB,D8,159.0,184.0,True,frame_0810.png
810,20993,0x1840,$02:9274,E0,159.0,176.0,True,frame_0810.png
810,20993,0x1880,$02:90F0,C8,168.0,196.0,True,frame_0810.png
810,20993,0x18C0,$02:9274,E0,168.0,188.0,True,frame_0810.png
810,20993,0x1900,$02:9274,E0,6.0,176.0,True,frame_0810.png
810,20993,0x1AC0,$04:F97F,CC,-15.219,30.781,False,frame_0810.png
812,20995,0x1000,$04:DF96,80,96.5,112.0,True,frame_0812.png
812,20995,0x1040,$04:F8BC,C0,96.0,112.0,True,frame_0812.png
812,20995,0x1080,$04:E6AF,C8,124.0,112.0,True,frame_0812.png
812,20995,0x16C0,$02:9119,C8,170.973,184.0,True,frame_0812.png
812,20995,0x1700,$02:9274,E0,170.0,176.0,True,frame_0812.png
812,20995,0x1740,$02:9119,C8,161.875,196.0,True,frame_0812.png
812,20995,0x1780,$02:9274,E0,161.0,188.0,True,frame_0812.png
812,20995,0x17C0,$02:9131,C8,7.125,184.0,True,frame_0812.png
812,20995,0x1800,$02:91DB,D8,158.0,184.0,True,frame_0812.png
812,20995,0x1840,$02:9274,E0,158.0,176.0,True,frame_0812.png
812,20995,0x1880,$02:90F0,C8,166.0,196.0,True,frame_0812.png
812,20995,0x18C0,$02:9274,E0,166.0,188.0,True,frame_0812.png
812,20995,0x1900,$02:9274,E0,7.0,176.0,True,frame_0812.png
812,20995,0x1AC0,$04:F97F,CC,-17.516,28.484,False,frame_0812.png
814,20997,0x1000,$04:DF96,C0,96.5,112.0,True,frame_0814.png
814,20997,0x1040,$04:F8BC,C0,96.0,112.0,True,frame_0814.png
814,20997,0x1080,$04:E6AF,C8,146.0,112.0,True,frame_0814.png
814,20997,0x16C0,$02:9119,C8,171.422,184.0,True,frame_0814.png
814,20997,0x1700,$02:9274,E0,171.0,176.0,True,frame_0814.png
814,20997,0x1740,$02:9119,C8,162.5,196.0,True,frame_0814.png
814,20997,0x1780,$02:9274,E0,162.0,188.0,True,frame_0814.png
814,20997,0x17C0,$02:9131,C8,7.75,184.0,True,frame_0814.png
814,20997,0x1800,$02:91DB,D8,157.0,184.0,True,frame_0814.png
814,20997,0x1840,$02:9274,E0,157.0,176.0,True,frame_0814.png
814,20997,0x1880,$02:90F0,C8,164.0,196.0,True,frame_0814.png
814,20997,0x18C0,$02:9274,E0,164.0,188.0,True,frame_0814.png
814,20997,0x1900,$02:9274,E0,7.0,176.0,True,frame_0814.png
814,20997,0x1AC0,$04:F97F,CC,-19.812,26.188,False,frame_0814.png
816,20999,0x1000,$04:DF96,80,96.5,112.0,True,frame_0816.png
816,20999,0x1040,$04:F8BC,C0,96.0,112.0,True,frame_0816.png
816,20999,0x1080,$04:E6AF,C8,168.0,112.0,True,frame_0816.png
816,20999,0x16C0,$02:9119,C8,171.855,184.0,True,frame_0816.png
816,20999,0x1700,$02:9274,E0,171.0,176.0,True,frame_0816.png
816,20999,0x1740,$02:9119,C8,163.125,196.0,True,frame_0816.png
816,20999,0x1780,$02:9274,E0,163.0,188.0,True,frame_0816.png
816,20999,0x17C0,$02:9131,C8,8.375,184.0,True,frame_0816.png
816,20999,0x1800,$02:91DB,D8,156.0,184.0,True,frame_0816.png
816,20999,0x1840,$02:9274,E0,156.0,176.0,True,frame_0816.png
816,20999,0x1880,$02:90F0,C8,162.0,196.0,True,frame_0816.png
816,20999,0x18C0,$02:9274,E0,162.0,188.0,True,frame_0816.png
816,20999,0x1900,$02:9274,E0,8.0,176.0,True,frame_0816.png
816,20999,0x1AC0,$04:F97F,CC,-22.109,23.891,False,frame_0816.png
818,21001,0x1000,$04:DF96,C0,96.5,112.0,True,frame_0818.png
818,21001,0x1040,$04:F8BC,C0,96.0,112.0,True,frame_0818.png
818,21001,0x1080,$04:E6AF,C8,190.0,112.0,True,frame_0818.png
818,21001,0x16C0,$02:9119,C8,172.273,184.0,True,frame_0818.png
818,21001,0x1700,$02:9274,E0,172.0,176.0,True,frame_0818.png
818,21001,0x1740,$02:9119,C8,163.75,196.0,True,frame_0818.png
818,21001,0x1780,$02:9274,E0,163.0,188.0,True,frame_0818.png
818,21001,0x17C0,$02:9131,C8,9.0,184.0,True,frame_0818.png
818,21001,0x1800,$02:91DB,D8,155.0,184.0,True,frame_0818.png
818,21001,0x1840,$02:9274,E0,155.0,176.0,True,frame_0818.png
818,21001,0x1880,$02:90F0,C8,160.0,196.0,True,frame_0818.png
818,21001,0x18C0,$02:9274,E0,160.0,188.0,True,frame_0818.png
818,21001,0x1900,$02:9274,E0,9.0,176.0,True,frame_0818.png
818,21001,0x1AC0,$04:F97F,CC,-24.406,21.594,False,frame_0818.png
820,21003,0x1000,$04:DF96,80,96.5,112.0,True,frame_0820.png
820,21003,0x1040,$04:F8BC,C0,96.0,112.0,True,frame_0820.png
820,21003,0x1080,$04:E6AF,C8,212.0,112.0,True,frame_0820.png
820,21003,0x16C0,$02:9119,C8,172.676,184.0,True,frame_0820.png
820,21003,0x1700,$02:9274,E0,172.0,176.0,True,frame_0820.png
820,21003,0x1740,$02:9119,C8,164.375,196.0,True,frame_0820.png
820,21003,0x1780,$02:9274,E0,164.0,188.0,True,frame_0820.png
820,21003,0x17C0,$02:9131,C8,9.625,184.0,True,frame_0820.png
820,21003,0x1800,$02:91DB,D8,154.0,184.0,True,frame_0820.png
820,21003,0x1840,$02:9274,E0,154.0,176.0,True,frame_0820.png
820,21003,0x1880,$02:90F0,C8,158.0,196.0,True,frame_0820.png
820,21003,0x18C0,$02:9274,E0,158.0,188.0,True,frame_0820.png
820,21003,0x1900,$02:9274,E0,9.0,176.0,True,frame_0820.png
820,21003,0x1AC0,$04:F97F,CC,-26.703,19.297,False,frame_0820.png
822,21005,0x1000,$04:DF96,C0,96.5,112.0,True,frame_0822.png
822,21005,0x1040,$04:F8BC,C0,96.0,112.0,True,frame_0822.png
822,21005,0x1080,$04:E6AF,C8,234.0,112.0,True,frame_0822.png
822,21005,0x10C0,$04:E6AF,C8,102.0,112.0,True,frame_0822.png
822,21005,0x16C0,$02:91FF,D8,172.871,184.0,True,frame_0822.png
822,21005,0x1700,$02:9274,E0,172.0,176.0,True,frame_0822.png
822,21005,0x1740,$02:9119,C8,165.0,196.0,True,frame_0822.png
822,21005,0x1780,$02:9274,E0,165.0,188.0,True,frame_0822.png
822,21005,0x17C0,$02:9131,C8,10.25,184.0,True,frame_0822.png
822,21005,0x1800,$02:91DB,D8,153.0,184.0,True,frame_0822.png
822,21005,0x1840,$02:9274,E0,153.0,176.0,True,frame_0822.png
822,21005,0x1880,$02:90F0,C8,156.0,196.0,True,frame_0822.png
822,21005,0x18C0,$02:9274,E0,156.0,188.0,True,frame_0822.png
822,21005,0x1900,$02:9274,E0,10.0,176.0,True,frame_0822.png
822,21005,0x1AC0,$04:F97F,CC,-29.0,17.0,False,frame_0822.png
824,21007,0x1000,$04:DF96,80,96.5,112.0,True,frame_0824.png
824,21007,0x1040,$04:F8BC,C0,96.0,112.0,True,frame_0824.png
824,21007,0x10C0,$04:E6AF,C8,124.0,112.0,True,frame_0824.png
824,21007,0x16C0,$02:91FF,D8,171.871,184.0,True,frame_0824.png
824,21007,0x1700,$02:9274,E0,171.0,176.0,True,frame_0824.png
824,21007,0x1740,$02:9119,C8,165.621,196.0,True,frame_0824.png
824,21007,0x1780,$02:9274,E0,165.0,188.0,True,frame_0824.png
824,21007,0x17C0,$02:9131,C8,10.875,184.0,True,frame_0824.png
824,21007,0x1800,$02:91DB,D8,152.0,184.0,True,frame_0824.png
824,21007,0x1840,$02:9274,E0,152.0,176.0,True,frame_0824.png
824,21007,0x1880,$02:90F0,C8,154.0,196.0,True,frame_0824.png
824,21007,0x18C0,$02:9274,E0,154.0,188.0,True,frame_0824.png
824,21007,0x1900,$02:9274,E0,10.0,176.0,True,frame_0824.png
824,21007,0x1AC0,$04:F97F,CC,-31.297,14.703,False,frame_0824.png
826,21009,0x1000,$04:DF96,C0,96.5,112.0,True,frame_0826.png
826,21009,0x1040,$04:F8BC,C0,96.0,112.0,True,frame_0826.png
826,21009,0x10C0,$04:E6AF,C8,146.0,112.0,True,frame_0826.png
826,21009,0x16C0,$02:91FF,D8,170.871,184.0,True,frame_0826.png
826,21009,0x1700,$02:9274,E0,170.0,176.0,True,frame_0826.png
826,21009,0x1740,$02:9119,C8,166.227,196.0,True,frame_0826.png
826,21009,0x1780,$02:9274,E0,166.0,188.0,True,frame_0826.png
826,21009,0x17C0,$02:9131,C8,11.5,184.0,True,frame_0826.png
826,21009,0x1800,$02:91DB,D8,151.0,184.0,True,frame_0826.png
826,21009,0x1840,$02:9274,E0,151.0,176.0,True,frame_0826.png
826,21009,0x1880,$02:90F0,C8,152.0,196.0,True,frame_0826.png
826,21009,0x18C0,$02:9274,E0,152.0,188.0,True,frame_0826.png
826,21009,0x1900,$02:9274,E0,11.0,176.0,True,frame_0826.png
826,21009,0x1AC0,$04:F97F,CC,135.0,176.0,True,frame_0826.png
828,21011,0x1000,$04:DF96,80,96.5,112.0,True,frame_0828.png
828,21011,0x1040,$04:F8BC,C0,96.0,112.0,True,frame_0828.png
828,21011,0x10C0,$04:E6AF,C8,168.0,112.0,True,frame_0828.png
828,21011,0x16C0,$02:91FF,D8,169.871,184.0,True,frame_0828.png
828,21011,0x1700,$02:9274,E0,169.0,176.0,True,frame_0828.png
828,21011,0x1740,$02:9119,C8,166.816,196.0,True,frame_0828.png
828,21011,0x1780,$02:9274,E0,166.0,188.0,True,frame_0828.png
828,21011,0x17C0,$02:9131,C8,12.125,184.0,True,frame_0828.png
828,21011,0x1800,$02:91DB,D8,150.0,184.0,True,frame_0828.png
828,21011,0x1840,$02:9274,E0,150.0,176.0,True,frame_0828.png
828,21011,0x1880,$02:90F0,C8,150.0,196.0,True,frame_0828.png
828,21011,0x18C0,$02:9274,E0,150.0,188.0,True,frame_0828.png
828,21011,0x1900,$02:9274,E0,12.0,176.0,True,frame_0828.png
828,21011,0x1AC0,$04:F97F,CC,132.703,173.703,True,frame_0828.png
830,21013,0x1000,$04:DF96,C0,96.5,112.0,True,frame_0830.png
830,21013,0x1040,$04:F8BC,C0,96.0,112.0,True,frame_0830.png
830,21013,0x10C0,$04:E6AF,C8,190.0,112.0,True,frame_0830.png
830,21013,0x16C0,$02:91FF,D8,168.871,184.0,True,frame_0830.png
830,21013,0x1700,$02:9274,E0,168.0,176.0,True,frame_0830.png
830,21013,0x1740,$02:9119,C8,167.391,196.0,True,frame_0830.png
830,21013,0x1780,$02:9274,E0,167.0,188.0,True,frame_0830.png
830,21013,0x17C0,$02:9131,C8,12.75,184.0,True,frame_0830.png
830,21013,0x1800,$02:91DB,D8,149.0,184.0,True,frame_0830.png
830,21013,0x1840,$02:9274,E0,149.0,176.0,True,frame_0830.png
830,21013,0x1880,$02:90F0,C8,148.0,196.0,True,frame_0830.png
830,21013,0x18C0,$02:9274,E0,148.0,188.0,True,frame_0830.png
830,21013,0x1900,$02:9274,E0,12.0,176.0,True,frame_0830.png
830,21013,0x1AC0,$04:F97F,CC,130.406,171.406,True,frame_0830.png
832,21015,0x1000,$04:DF96,80,96.5,112.0,True,frame_0832.png
832,21015,0x1040,$04:F8BC,C0,96.0,112.0,True,frame_0832.png
832,21015,0x10C0,$04:E6AF,C8,212.0,112.0,True,frame_0832.png
832,21015,0x16C0,$02:91FF,D8,167.871,184.0,True,frame_0832.png
832,21015,0x1700,$02:9274,E0,167.0,176.0,True,frame_0832.png
832,21015,0x1740,$02:9119,C8,167.949,196.0,True,frame_0832.png
832,21015,0x1780,$02:9274,E0,167.0,188.0,True,frame_0832.png
832,21015,0x17C0,$02:9131,C8,13.375,184.0,True,frame_0832.png
832,21015,0x1800,$02:91DB,D8,148.0,184.0,True,frame_0832.png
832,21015,0x1840,$02:9274,E0,148.0,176.0,True,frame_0832.png
832,21015,0x1880,$02:90F0,C8,146.0,196.0,True,frame_0832.png
832,21015,0x18C0,$02:9274,E0,146.0,188.0,True,frame_0832.png
832,21015,0x1900,$02:9274,E0,13.0,176.0,True,frame_0832.png
832,21015,0x1AC0,$04:F97F,CC,128.109,169.109,True,frame_0832.png
834,21017,0x1000,$04:DF96,C0,96.5,112.0,True,frame_0834.png
834,21017,0x1040,$04:F8BC,C0,96.0,112.0,True,frame_0834.png
834,21017,0x1080,$04:E6AF,C8,102.0,112.0,True,frame_0834.png
834,21017,0x10C0,$04:E6AF,C8,234.0,112.0,True,frame_0834.png
834,21017,0x16C0,$02:91FF,D8,166.871,184.0,True,frame_0834.png
834,21017,0x1700,$02:9274,E0,166.0,176.0,True,frame_0834.png
834,21017,0x1740,$02:9119,C8,168.492,196.0,True,frame_0834.png
834,21017,0x1780,$02:9274,E0,168.0,188.0,True,frame_0834.png
834,21017,0x17C0,$02:9131,C8,14.0,184.0,True,frame_0834.png
834,21017,0x1800,$02:91DB,D8,147.0,184.0,True,frame_0834.png
834,21017,0x1840,$02:9274,E0,147.0,176.0,True,frame_0834.png
834,21017,0x1880,$02:91DB,D8,145.0,196.0,True,frame_0834.png
834,21017,0x18C0,$02:9274,E0,145.0,188.0,True,frame_0834.png
834,21017,0x1900,$02:9274,E0,14.0,176.0,True,frame_0834.png
834,21017,0x1AC0,$04:F97F,CC,125.812,166.812,True,frame_0834.png
836,21019,0x1000,$04:DF96,80,96.5,112.0,True,frame_0836.png
836,21019,0x1040,$04:F8BC,C0,96.0,112.0,True,frame_0836.png
836,21019,0x1080,$04:E6AF,C8,124.0,112.0,True,frame_0836.png
836,21019,0x16C0,$02:91FF,D8,165.871,184.0,True,frame_0836.png
836,21019,0x1700,$02:9274,E0,165.0,176.0,True,frame_0836.png
836,21019,0x1740,$02:9119,C8,169.02,196.0,True,frame_0836.png
836,21019,0x1780,$02:9274,E0,169.0,188.0,True,frame_0836.png
836,21019,0x17C0,$02:9131,C8,14.625,184.0,True,frame_0836.png
836,21019,0x1800,$02:91DB,D8,146.0,184.0,True,frame_0836.png
836,21019,0x1840,$02:9274,E0,146.0,176.0,True,frame_0836.png
836,21019,0x1880,$02:91DB,D8,144.0,196.0,True,frame_0836.png
836,21019,0x18C0,$02:9274,E0,144.0,188.0,True,frame_0836.png
836,21019,0x1900,$02:9274,E0,14.0,176.0,True,frame_0836.png
836,21019,0x1AC0,$04:F97F,CC,123.516,164.516,True,frame_0836.png
838,21021,0x1000,$04:DF96,C0,96.5,112.0,True,frame_0838.png
838,21021,0x1040,$04:F8BC,C0,96.0,112.0,True,frame_0838.png
838,21021,0x1080,$04:E6AF,C8,146.0,112.0,True,frame_0838.png
838,21021,0x16C0,$02:91FF,D8,164.871,184.0,True,frame_0838.png
838,21021,0x1700,$02:9274,E0,164.0,176.0,True,frame_0838.png
838,21021,0x1740,$02:9119,C8,169.531,196.0,True,frame_0838.png
838,21021,0x1780,$02:9274,E0,169.0,188.0,True,frame_0838.png
838,21021,0x17C0,$02:9131,C8,15.25,184.0,True,frame_0838.png
838,21021,0x1800,$02:9119,C8,145.0,184.0,True,frame_0838.png
838,21021,0x1840,$02:9274,E0,145.0,176.0,True,frame_0838.png
838,21021,0x1880,$02:91DB,D8,143.0,196.0,True,frame_0838.png
838,21021,0x18C0,$02:9274,E0,143.0,188.0,True,frame_0838.png
838,21021,0x1900,$02:9274,E0,15.0,176.0,True,frame_0838.png
838,21021,0x1AC0,$04:F97F,CC,121.219,162.219,True,frame_0838.png
840,21023,0x1000,$04:DF96,80,96.5,112.0,True,frame_0840.png
840,21023,0x1040,$04:F8BC,C0,96.0,112.0,True,frame_0840.png
840,21023,0x1080,$04:E6AF,C8,168.0,112.0,True,frame_0840.png
840,21023,0x16C0,$02:91FF,D8,163.871,184.0,True,frame_0840.png
840,21023,0x1700,$02:9274,E0,163.0,176.0,True,frame_0840.png
840,21023,0x1740,$02:9119,C8,170.027,196.0,True,frame_0840.png
840,21023,0x1780,$02:9274,E0,170.0,188.0,True,frame_0840.png
840,21023,0x17C0,$02:9131,C8,15.875,184.0,True,frame_0840.png
840,21023,0x1800,$02:9119,C8,145.625,184.0,True,frame_0840.png
840,21023,0x1840,$02:9274,E0,145.0,176.0,True,frame_0840.png
840,21023,0x1880,$02:91DB,D8,142.0,196.0,True,frame_0840.png
840,21023,0x18C0,$02:9274,E0,142.0,188.0,True,frame_0840.png
840,21023,0x1900,$02:9274,E0,15.0,176.0,True,frame_0840.png
840,21023,0x1AC0,$04:F97F,CC,118.922,159.922,True,frame_0840.png
842,21025,0x1000,$04:DF96,C0,96.5,112.0,True,frame_0842.png
842,21025,0x1040,$04:F8BC,C0,96.0,112.0,True,frame_0842.png
842,21025,0x1080,$04:E6AF,C8,190.0,112.0,True,frame_0842.png
842,21025,0x16C0,$02:9166,C8,162.871,184.0,True,frame_0842.png
842,21025,0x1700,$02:9274,E0,162.0,176.0,True,frame_0842.png
842,21025,0x1740,$02:9119,C8,170.508,196.0,True,frame_0842.png
842,21025,0x1780,$02:9274,E0,170.0,188.0,True,frame_0842.png
842,21025,0x17C0,$02:9131,C8,16.5,184.0,True,frame_0842.png
842,21025,0x1800,$02:9119,C8,146.25,184.0,True,frame_0842.png
842,21025,0x1840,$02:9274,E0,146.0,176.0,True,frame_0842.png
842,21025,0x1880,$02:91DB,D8,141.0,196.0,True,frame_0842.png
842,21025,0x18C0,$02:9274,E0,141.0,188.0,True,frame_0842.png
842,21025,0x1900,$02:9274,E0,16.0,176.0,True,frame_0842.png
842,21025,0x1AC0,$04:F97F,CC,116.625,157.625,True,frame_0842.png
844,21027,0x1000,$04:DF96,80,96.5,112.0,True,frame_0844.png
844,21027,0x1040,$04:F8BC,C0,96.0,112.0,True,frame_0844.png
844,21027,0x1080,$04:E6AF,C8,212.0,112.0,True,frame_0844.png
844,21027,0x16C0,$02:9166,C8,160.871,184.0,True,frame_0844.png
844,21027,0x1700,$02:9274,E0,160.0,176.0,True,frame_0844.png
844,21027,0x1740,$02:9119,C8,170.973,196.0,True,frame_0844.png
844,21027,0x1780,$02:9274,E0,170.0,188.0,True,frame_0844.png
844,21027,0x17C0,$02:9131,C8,17.125,184.0,True,frame_0844.png
844,21027,0x1800,$02:9119,C8,146.875,184.0,True,frame_0844.png
844,21027,0x1840,$02:9274,E0,146.0,176.0,True,frame_0844.png
844,21027,0x1880,$02:91DB,D8,140.0,196.0,True,frame_0844.png
844,21027,0x18C0,$02:9274,E0,140.0,188.0,True,frame_0844.png
844,21027,0x1900,$02:9274,E0,17.0,176.0,True,frame_0844.png
844,21027,0x1AC0,$04:F97F,CC,114.328,155.328,True,frame_0844.png
846,21029,0x1000,$04:DF96,C0,96.5,112.0,True,frame_0846.png
846,21029,0x1040,$04:F8BC,C0,96.0,112.0,True,frame_0846.png
846,21029,0x1080,$04:E6AF,C8,234.0,112.0,True,frame_0846.png
846,21029,0x10C0,$04:E6AF,C8,102.0,112.0,True,frame_0846.png
846,21029,0x16C0,$02:9166,C8,158.871,184.0,True,frame_0846.png
846,21029,0x1700,$02:9274,E0,158.0,176.0,True,frame_0846.png
846,21029,0x1740,$02:9119,C8,171.422,196.0,True,frame_0846.png
846,21029,0x1780,$02:9274,E0,171.0,188.0,True,frame_0846.png
846,21029,0x17C0,$02:9131,C8,17.75,184.0,True,frame_0846.png
846,21029,0x1800,$02:9119,C8,147.5,184.0,True,frame_0846.png
846,21029,0x1840,$02:9274,E0,147.0,176.0,True,frame_0846.png
846,21029,0x1880,$02:91DB,D8,139.0,196.0,True,frame_0846.png
846,21029,0x18C0,$02:9274,E0,139.0,188.0,True,frame_0846.png
846,21029,0x1900,$02:9274,E0,17.0,176.0,True,frame_0846.png
846,21029,0x1AC0,$04:F97F,CC,112.031,153.031,True,frame_0846.png
848,21031,0x1000,$04:DF96,80,96.5,112.0,True,frame_0848.png
848,21031,0x1040,$04:F8BC,C0,96.0,112.0,True,frame_0848.png
848,21031,0x10C0,$04:E6AF,C8,124.0,112.0,True,frame_0848.png
848,21031,0x16C0,$02:9166,C8,156.871,184.0,True,frame_0848.png
848,21031,0x1700,$02:9274,E0,156.0,176.0,True,frame_0848.png
848,21031,0x1740,$02:9119,C8,171.855,196.0,True,frame_0848.png
848,21031,0x1780,$02:9274,E0,171.0,188.0,True,frame_0848.png
848,21031,0x17C0,$02:9131,C8,18.375,184.0,True,frame_0848.png
848,21031,0x1800,$02:9119,C8,148.125,184.0,True,frame_0848.png
848,21031,0x1840,$02:9274,E0,148.0,176.0,True,frame_0848.png
848,21031,0x1880,$02:91DB,D8,138.0,196.0,True,frame_0848.png
848,21031,0x18C0,$02:9274,E0,138.0,188.0,True,frame_0848.png
848,21031,0x1900,$02:9274,E0,18.0,176.0,True,frame_0848.png
848,21031,0x1AC0,$04:F97F,CC,109.734,150.734,True,frame_0848.png
850,21033,0x1000,$04:DF96,C0,96.5,112.0,True,frame_0850.png
850,21033,0x1040,$04:F8BC,C0,96.0,112.0,True,frame_0850.png
850,21033,0x10C0,$04:E6AF,C8,146.0,112.0,True,frame_0850.png
850,21033,0x16C0,$02:9166,C8,154.871,184.0,True,frame_0850.png
850,21033,0x1700,$02:9274,E0,154.0,176.0,True,frame_0850.png
850,21033,0x1740,$02:9119,C8,172.273,196.0,True,frame_0850.png
850,21033,0x1780,$02:9274,E0,172.0,188.0,True,frame_0850.png
850,21033,0x17C0,$02:9131,C8,19.0,184.0,True,frame_0850.png
850,21033,0x1800,$02:9119,C8,148.75,184.0,True,frame_0850.png
850,21033,0x1840,$02:9274,E0,148.0,176.0,True,frame_0850.png
850,21033,0x1880,$02:91DB,D8,137.0,196.0,True,frame_0850.png
850,21033,0x18C0,$02:9274,E0,137.0,188.0,True,frame_0850.png
850,21033,0x1900,$02:9274,E0,19.0,176.0,True,frame_0850.png
850,21033,0x1AC0,$04:F97F,CC,107.438,148.438,True,frame_0850.png
852,21035,0x1000,$04:DF96,80,96.5,112.0,True,frame_0852.png
852,21035,0x1040,$04:F8BC,C0,96.0,112.0,True,frame_0852.png
852,21035,0x10C0,$04:E6AF,C8,168.0,112.0,True,frame_0852.png
852,21035,0x16C0,$02:9166,C8,152.871,184.0,True,frame_0852.png
852,21035,0x1700,$02:9274,E0,152.0,176.0,True,frame_0852.png
852,21035,0x1740,$02:9119,C8,172.676,196.0,True,frame_0852.png
852,21035,0x1780,$02:9274,E0,172.0,188.0,True,frame_0852.png
852,21035,0x17C0,$02:9131,C8,19.625,184.0,True,frame_0852.png
852,21035,0x1800,$02:9119,C8,149.375,184.0,True,frame_0852.png
852,21035,0x1840,$02:9274,E0,149.0,176.0,True,frame_0852.png
852,21035,0x1880,$02:91DB,D8,136.0,196.0,True,frame_0852.png
852,21035,0x18C0,$02:9274,E0,136.0,188.0,True,frame_0852.png
852,21035,0x1900,$02:9274,E0,19.0,176.0,True,frame_0852.png
852,21035,0x1AC0,$04:F97F,CC,105.141,146.141,True,frame_0852.png
854,21037,0x1000,$04:DF96,C0,96.5,112.0,True,frame_0854.png
854,21037,0x1040,$04:F8BC,C0,96.0,112.0,True,frame_0854.png
854,21037,0x10C0,$04:E6AF,C8,190.0,112.0,True,frame_0854.png
854,21037,0x16C0,$02:9166,C8,150.871,184.0,True,frame_0854.png
854,21037,0x1700,$02:9274,E0,150.0,176.0,True,frame_0854.png
854,21037,0x1740,$02:91FF,D8,172.871,196.0,True,frame_0854.png
854,21037,0x1780,$02:9274,E0,172.0,188.0,True,frame_0854.png
854,21037,0x17C0,$02:9131,C8,20.25,184.0,True,frame_0854.png
854,21037,0x1800,$02:9119,C8,150.0,184.0,True,frame_0854.png
854,21037,0x1840,$02:9274,E0,150.0,176.0,True,frame_0854.png
854,21037,0x1880,$02:9119,C8,135.0,196.0,True,frame_0854.png
854,21037,0x18C0,$02:9274,E0,135.0,188.0,True,frame_0854.png
854,21037,0x1900,$02:9274,E0,20.0,176.0,True,frame_0854.png
854,21037,0x1AC0,$04:F97F,CC,102.844,143.844,True,frame_0854.png
856,21039,0x1000,$04:DF96,80,96.5,112.0,True,frame_0856.png
856,21039,0x1040,$04:F8BC,C0,96.0,112.0,True,frame_0856.png
856,21039,0x10C0,$04:E6AF,C8,212.0,112.0,True,frame_0856.png
856,21039,0x16C0,$02:9166,C8,148.871,184.0,True,frame_0856.png
856,21039,0x1700,$02:9274,E0,148.0,176.0,True,frame_0856.png
856,21039,0x1740,$02:91FF,D8,171.871,196.0,True,frame_0856.png
856,21039,0x1780,$02:9274,E0,171.0,188.0,True,frame_0856.png
856,21039,0x17C0,$02:9131,C8,20.875,184.0,True,frame_0856.png
856,21039,0x1800,$02:9119,C8,150.625,184.0,True,frame_0856.png
856,21039,0x1840,$02:9274,E0,150.0,176.0,True,frame_0856.png
856,21039,0x1880,$02:9119,C8,135.625,196.0,True,frame_0856.png
856,21039,0x18C0,$02:9274,E0,135.0,188.0,True,frame_0856.png
856,21039,0x1900,$02:9274,E0,20.0,176.0,True,frame_0856.png
856,21039,0x1AC0,$04:F97F,CC,100.547,141.547,True,frame_0856.png
858,21041,0x1000,$04:DF96,C0,96.5,112.0,True,frame_0858.png
858,21041,0x1040,$04:F8BC,C0,96.0,112.0,True,frame_0858.png
858,21041,0x1080,$04:E6AF,C8,102.0,112.0,True,frame_0858.png
858,21041,0x10C0,$04:E6AF,C8,234.0,112.0,True,frame_0858.png
858,21041,0x16C0,$02:9166,C8,146.871,184.0,True,frame_0858.png
858,21041,0x1700,$02:9274,E0,146.0,176.0,True,frame_0858.png
858,21041,0x1740,$02:91FF,D8,170.871,196.0,True,frame_0858.png
858,21041,0x1780,$02:9274,E0,170.0,188.0,True,frame_0858.png
858,21041,0x17C0,$02:9131,C8,21.5,184.0,True,frame_0858.png
858,21041,0x1800,$02:9119,C8,151.25,184.0,True,frame_0858.png
858,21041,0x1840,$02:9274,E0,151.0,176.0,True,frame_0858.png
858,21041,0x1880,$02:9119,C8,136.25,196.0,True,frame_0858.png
858,21041,0x18C0,$02:9274,E0,136.0,188.0,True,frame_0858.png
858,21041,0x1900,$02:9274,E0,21.0,176.0,True,frame_0858.png
858,21041,0x1AC0,$04:F97F,CC,98.25,139.25,True,frame_0858.png
858,21041,0x1B00,$04:F97F,CC,38.0,164.0,True,frame_0858.png
860,21043,0x1000,$04:DF96,80,96.5,112.0,True,frame_0860.png
860,21043,0x1040,$04:F8BC,C0,96.0,112.0,True,frame_0860.png
860,21043,0x1080,$04:E6AF,C8,124.0,112.0,True,frame_0860.png
860,21043,0x16C0,$02:9166,C8,144.871,184.0,True,frame_0860.png
860,21043,0x1700,$02:9274,E0,144.0,176.0,True,frame_0860.png
860,21043,0x1740,$02:91FF,D8,169.871,196.0,True,frame_0860.png
860,21043,0x1780,$02:9274,E0,169.0,188.0,True,frame_0860.png
860,21043,0x17C0,$02:9131,C8,22.125,184.0,True,frame_0860.png
860,21043,0x1800,$02:9119,C8,151.875,184.0,True,frame_0860.png
860,21043,0x1840,$02:9274,E0,151.0,176.0,True,frame_0860.png
860,21043,0x1880,$02:9119,C8,136.875,196.0,True,frame_0860.png
860,21043,0x18C0,$02:9274,E0,136.0,188.0,True,frame_0860.png
860,21043,0x1900,$02:9274,E0,22.0,176.0,True,frame_0860.png
860,21043,0x1AC0,$04:F97F,CC,95.953,136.953,True,frame_0860.png
860,21043,0x1B00,$04:F97F,CC,40.297,161.703,True,frame_0860.png
862,21045,0x1000,$04:DF96,C0,96.5,112.0,True,frame_0862.png
862,21045,0x1040,$04:F8BC,C0,96.0,112.0,True,frame_0862.png
862,21045,0x1080,$04:E6AF,C8,146.0,112.0,True,frame_0862.png
862,21045,0x16C0,$02:9166,C8,142.871,184.0,True,frame_0862.png
862,21045,0x1700,$02:9274,E0,142.0,176.0,True,frame_0862.png
862,21045,0x1740,$02:91FF,D8,168.871,196.0,True,frame_0862.png
862,21045,0x1780,$02:9274,E0,168.0,188.0,True,frame_0862.png
862,21045,0x17C0,$02:9131,C8,22.75,184.0,True,frame_0862.png
862,21045,0x1800,$02:9119,C8,152.5,184.0,True,frame_0862.png
862,21045,0x1840,$02:9274,E0,152.0,176.0,True,frame_0862.png
862,21045,0x1880,$02:9119,C8,137.5,196.0,True,frame_0862.png
862,21045,0x18C0,$02:9274,E0,137.0,188.0,True,frame_0862.png
862,21045,0x1900,$02:9274,E0,22.0,176.0,True,frame_0862.png
862,21045,0x1AC0,$04:F97F,CC,93.656,134.656,True,frame_0862.png
862,21045,0x1B00,$04:F97F,CC,42.594,159.406,True,frame_0862.png
862,21045,0x1B40,$04:F97F,CC,124.852,162.852,True,frame_0862.png
864,21047,0x1000,$04:DF96,80,96.5,112.0,True,frame_0864.png
864,21047,0x1040,$04:F8BC,C0,96.0,112.0,True,frame_0864.png
864,21047,0x1080,$04:E6AF,C8,168.0,112.0,True,frame_0864.png
864,21047,0x16C0,$02:9166,C8,140.871,184.0,True,frame_0864.png
864,21047,0x1700,$02:9274,E0,140.0,176.0,True,frame_0864.png
864,21047,0x1740,$02:91FF,D8,167.871,196.0,True,frame_0864.png
864,21047,0x1780,$02:9274,E0,167.0,188.0,True,frame_0864.png
864,21047,0x17C0,$02:9131,C8,23.375,184.0,True,frame_0864.png
864,21047,0x1800,$02:9119,C8,153.125,184.0,True,frame_0864.png
864,21047,0x1840,$02:9274,E0,153.0,176.0,True,frame_0864.png
864,21047,0x1880,$02:9119,C8,138.125,196.0,True,frame_0864.png
864,21047,0x18C0,$02:9274,E0,138.0,188.0,True,frame_0864.png
864,21047,0x1900,$02:9274,E0,23.0,176.0,True,frame_0864.png
864,21047,0x1AC0,$04:F97F,CC,91.359,132.359,True,frame_0864.png
864,21047,0x1B00,$04:F97F,CC,44.891,157.109,True,frame_0864.png
864,21047,0x1B40,$04:F97F,CC,122.555,160.555,True,frame_0864.png
866,21049,0x1000,$04:DF96,C0,96.5,112.0,True,frame_0866.png
866,21049,0x1040,$04:F8BC,C0,96.0,112.0,True,frame_0866.png
866,21049,0x1080,$04:E6AF,C8,190.0,112.0,True,frame_0866.png
866,21049,0x16C0,$02:9166,C8,138.871,184.0,True,frame_0866.png
866,21049,0x1700,$02:9274,E0,138.0,176.0,True,frame_0866.png
866,21049,0x1740,$02:91FF,D8,166.871,196.0,True,frame_0866.png
866,21049,0x1780,$02:9274,E0,166.0,188.0,True,frame_0866.png
866,21049,0x17C0,$02:9131,C8,24.0,184.0,True,frame_0866.png
866,21049,0x1800,$02:9119,C8,153.75,184.0,True,frame_0866.png
866,21049,0x1840,$02:9274,E0,153.0,176.0,True,frame_0866.png
866,21049,0x1880,$02:9119,C8,138.75,196.0,True,frame_0866.png
866,21049,0x18C0,$02:9274,E0,138.0,188.0,True,frame_0866.png
866,21049,0x1900,$02:9274,E0,24.0,176.0,True,frame_0866.png
866,21049,0x1940,$02:AFA5,80,0.0,0.0,True,frame_0866.png
866,21049,0x1AC0,$04:F97F,CC,89.062,130.062,True,frame_0866.png
866,21049,0x1B00,$04:F97F,CC,47.188,154.812,True,frame_0866.png
866,21049,0x1B40,$04:F97F,CC,120.258,158.258,True,frame_0866.png
868,21051,0x1000,$04:DF96,80,96.5,112.0,True,frame_0868.png
868,21051,0x1040,$04:F8BC,C0,96.0,112.0,True,frame_0868.png
868,21051,0x1080,$04:E6AF,C8,212.0,112.0,True,frame_0868.png
868,21051,0x16C0,$02:9166,C8,136.871,184.0,True,frame_0868.png
868,21051,0x1700,$02:9274,E0,136.0,176.0,True,frame_0868.png
868,21051,0x1740,$02:91FF,D8,165.871,196.0,True,frame_0868.png
868,21051,0x1780,$02:9274,E0,165.0,188.0,True,frame_0868.png
868,21051,0x17C0,$02:9131,C8,24.625,184.0,True,frame_0868.png
868,21051,0x1800,$02:9119,C8,154.375,184.0,True,frame_0868.png
868,21051,0x1840,$02:9274,E0,154.0,176.0,True,frame_0868.png
868,21051,0x1880,$02:9119,C8,139.375,196.0,True,frame_0868.png
868,21051,0x18C0,$02:9274,E0,139.0,188.0,True,frame_0868.png
868,21051,0x1900,$02:9274,E0,24.0,176.0,True,frame_0868.png
868,21051,0x1940,$02:AFA5,80,0.0,0.0,True,frame_0868.png
868,21051,0x1980,$02:B04A,C8,270.5,128.0,False,frame_0868.png
868,21051,0x1AC0,$04:F97F,CC,86.766,127.766,True,frame_0868.png
868,21051,0x1B00,$04:F97F,CC,49.484,152.516,True,frame_0868.png
868,21051,0x1B40,$04:F97F,CC,117.961,155.961,True,frame_0868.png
870,21053,0x1000,$04:DF96,C0,96.5,112.0,True,frame_0870.png
870,21053,0x1040,$04:F8BC,C0,96.0,112.0,True,frame_0870.png
870,21053,0x1080,$04:E6AF,C8,234.0,112.0,True,frame_0870.png
870,21053,0x10C0,$04:E6AF,C8,102.0,112.0,True,frame_0870.png
870,21053,0x16C0,$02:9166,C8,134.871,184.0,True,frame_0870.png
870,21053,0x1700,$02:9274,E0,134.0,176.0,True,frame_0870.png
870,21053,0x1740,$02:91FF,D8,164.871,196.0,True,frame_0870.png
870,21053,0x1780,$02:9274,E0,164.0,188.0,True,frame_0870.png
870,21053,0x17C0,$02:9131,C8,25.25,184.0,True,frame_0870.png
870,21053,0x1800,$02:9119,C8,155.0,184.0,True,frame_0870.png
870,21053,0x1840,$02:9274,E0,155.0,176.0,True,frame_0870.png
870,21053,0x1880,$02:9119,C8,140.0,196.0,True,frame_0870.png
870,21053,0x18C0,$02:9274,E0,140.0,188.0,True,frame_0870.png
870,21053,0x1900,$02:9274,E0,25.0,176.0,True,frame_0870.png
870,21053,0x1940,$02:AFA5,80,0.0,0.0,True,frame_0870.png
870,21053,0x1980,$02:B04A,C8,267.5,128.0,False,frame_0870.png
870,21053,0x1AC0,$04:F97F,CC,84.469,125.469,True,frame_0870.png
870,21053,0x1B00,$04:F97F,CC,51.781,150.219,True,frame_0870.png
870,21053,0x1B40,$04:F97F,CC,115.664,153.664,True,frame_0870.png
870,21053,0x1B80,$04:F97F,CC,147.0,176.0,True,frame_0870.png
872,21055,0x1000,$04:DF96,80,96.5,112.0,True,frame_0872.png
872,21055,0x1040,$04:F8BC,C0,96.0,112.0,True,frame_0872.png
872,21055,0x10C0,$04:E6AF,C8,124.0,112.0,True,frame_0872.png
872,21055,0x16C0,$02:9166,C8,132.871,184.0,True,frame_0872.png
872,21055,0x1700,$02:9274,E0,132.0,176.0,True,frame_0872.png
872,21055,0x1740,$02:91FF,D8,163.871,196.0,True,frame_0872.png
872,21055,0x1780,$02:9274,E0,163.0,188.0,True,frame_0872.png
872,21055,0x17C0,$02:9131,C8,25.875,184.0,True,frame_0872.png
872,21055,0x1800,$02:9119,C8,155.625,184.0,True,frame_0872.png
872,21055,0x1840,$02:9274,E0,155.0,176.0,True,frame_0872.png
872,21055,0x1880,$02:9119,C8,140.625,196.0,True,frame_0872.png
872,21055,0x18C0,$02:9274,E0,140.0,188.0,True,frame_0872.png
872,21055,0x1900,$02:9274,E0,25.0,176.0,True,frame_0872.png
872,21055,0x1940,$02:AFA5,80,0.0,0.0,True,frame_0872.png
872,21055,0x1980,$02:B04A,C8,264.5,128.0,False,frame_0872.png
872,21055,0x1AC0,$04:F97F,CC,82.172,123.172,True,frame_0872.png
872,21055,0x1B00,$04:F97F,CC,54.078,147.922,True,frame_0872.png
872,21055,0x1B40,$04:F97F,CC,113.367,151.367,True,frame_0872.png
872,21055,0x1B80,$04:F97F,CC,144.703,173.703,True,frame_0872.png
874,21057,0x1000,$04:DF96,C0,96.5,112.0,True,frame_0874.png
874,21057,0x1040,$04:F8BC,C0,96.0,112.0,True,frame_0874.png
874,21057,0x10C0,$04:E6AF,C8,146.0,112.0,True,frame_0874.png
874,21057,0x16C0,$02:9166,C8,130.871,184.0,True,frame_0874.png
874,21057,0x1700,$02:9274,E0,130.0,176.0,True,frame_0874.png
874,21057,0x1740,$02:9166,C8,162.871,196.0,True,frame_0874.png
874,21057,0x1780,$02:9274,E0,162.0,188.0,True,frame_0874.png
874,21057,0x17C0,$02:9131,C8,26.5,184.0,True,frame_0874.png
874,21057,0x1800,$02:9119,C8,156.25,184.0,True,frame_0874.png
874,21057,0x1840,$02:9274,E0,156.0,176.0,True,frame_0874.png
874,21057,0x1880,$02:9119,C8,141.25,196.0,True,frame_0874.png
874,21057,0x18C0,$02:9274,E0,141.0,188.0,True,frame_0874.png
874,21057,0x1900,$02:9274,E0,26.0,176.0,True,frame_0874.png
874,21057,0x1940,$02:AFA5,80,0.0,0.0,True,frame_0874.png
874,21057,0x1980,$02:B04A,C8,261.5,128.0,False,frame_0874.png
874,21057,0x1AC0,$04:F97F,CC,79.875,120.875,True,frame_0874.png
874,21057,0x1B00,$04:F97F,CC,56.375,145.625,True,frame_0874.png
874,21057,0x1B40,$04:F97F,CC,111.07,149.07,True,frame_0874.png
874,21057,0x1B80,$04:F97F,CC,142.406,171.406,True,frame_0874.png
876,21059,0x1000,$04:DF96,80,96.5,112.0,True,frame_0876.png
876,21059,0x1040,$04:F8BC,C0,96.0,112.0,True,frame_0876.png
876,21059,0x10C0,$04:E6AF,C8,168.0,112.0,True,frame_0876.png
876,21059,0x16C0,$02:9166,C8,128.871,184.0,True,frame_0876.png
876,21059,0x1700,$02:9274,E0,128.0,176.0,True,frame_0876.png
876,21059,0x1740,$02:9166,C8,160.871,196.0,True,frame_0876.png
876,21059,0x1780,$02:9274,E0,160.0,188.0,True,frame_0876.png
876,21059,0x17C0,$02:9131,C8,27.125,184.0,True,frame_0876.png
876,21059,0x1800,$02:9119,C8,156.875,184.0,True,frame_0876.png
876,21059,0x1840,$02:9274,E0,156.0,176.0,True,frame_0876.png
876,21059,0x1880,$02:9119,C8,141.875,196.0,True,frame_0876.png
876,21059,0x18C0,$02:9274,E0,141.0,188.0,True,frame_0876.png
876,21059,0x1900,$02:9274,E0,27.0,176.0,True,frame_0876.png
876,21059,0x1940,$02:AFA5,80,0.0,0.0,True,frame_0876.png
876,21059,0x1980,$02:B04A,C8,258.5,128.0,False,frame_0876.png
876,21059,0x1AC0,$04:F97F,CC,77.578,118.578,True,frame_0876.png
876,21059,0x1B00,$04:F97F,CC,58.672,143.328,True,frame_0876.png
876,21059,0x1B40,$04:F97F,CC,108.773,146.773,True,frame_0876.png
876,21059,0x1B80,$04:F97F,CC,140.109,169.109,True,frame_0876.png
878,21061,0x1000,$04:DF96,C8,96.5,112.0,True,frame_0878.png
878,21061,0x1040,$04:F8BC,C0,96.0,112.0,True,frame_0878.png
878,21061,0x10C0,$04:E6AF,C8,190.0,112.0,True,frame_0878.png
878,21061,0x16C0,$02:9166,C8,126.871,184.0,True,frame_0878.png
878,21061,0x1700,$02:9274,E0,126.0,176.0,True,frame_0878.png
878,21061,0x1740,$02:9166,C8,158.871,196.0,True,frame_0878.png
878,21061,0x1780,$02:9274,E0,158.0,188.0,True,frame_0878.png
878,21061,0x17C0,$02:9131,C8,27.75,184.0,True,frame_0878.png
878,21061,0x1800,$02:9119,C8,157.5,184.0,True,frame_0878.png
878,21061,0x1840,$02:9274,E0,157.0,176.0,True,frame_0878.png
878,21061,0x1880,$02:9119,C8,142.5,196.0,True,frame_0878.png
878,21061,0x18C0,$02:9274,E0,142.0,188.0,True,frame_0878.png
878,21061,0x1900,$02:9274,E0,27.0,176.0,True,frame_0878.png
878,21061,0x1940,$02:AFA5,80,0.0,0.0,True,frame_0878.png
878,21061,0x1980,$02:B04A,C8,255.754,127.168,True,frame_0878.png
878,21061,0x1AC0,$04:F97F,CC,75.281,116.281,True,frame_0878.png
878,21061,0x1B00,$04:F97F,CC,60.969,141.031,True,frame_0878.png
878,21061,0x1B40,$04:F97F,CC,106.477,144.477,True,frame_0878.png
878,21061,0x1B80,$04:F97F,CC,137.812,166.812,True,frame_0878.png
880,21063,0x1000,$04:DF96,C8,96.5,112.0,True,frame_0880.png
880,21063,0x1040,$04:F8BC,C0,96.0,112.0,True,frame_0880.png
880,21063,0x10C0,$04:E6AF,C8,212.0,112.0,True,frame_0880.png
880,21063,0x16C0,$02:9166,C8,124.871,184.0,True,frame_0880.png
880,21063,0x1700,$02:9274,E0,124.0,176.0,True,frame_0880.png
880,21063,0x1740,$02:9166,C8,156.871,196.0,True,frame_0880.png
880,21063,0x1780,$02:9274,E0,156.0,188.0,True,frame_0880.png
880,21063,0x17C0,$02:9131,C8,28.375,184.0,True,frame_0880.png
880,21063,0x1800,$02:9119,C8,158.125,184.0,True,frame_0880.png
880,21063,0x1840,$02:9274,E0,158.0,176.0,True,frame_0880.png
880,21063,0x1880,$02:9119,C8,143.125,196.0,True,frame_0880.png
880,21063,0x18C0,$02:9274,E0,143.0,188.0,True,frame_0880.png
880,21063,0x1900,$02:9274,E0,28.0,176.0,True,frame_0880.png
880,21063,0x1940,$02:AFA5,80,0.0,0.0,True,frame_0880.png
880,21063,0x1980,$02:B04A,C8,253.262,125.504,True,frame_0880.png
880,21063,0x1AC0,$04:F97F,CC,72.984,113.984,True,frame_0880.png
880,21063,0x1B00,$04:F97F,CC,63.266,138.734,True,frame_0880.png
880,21063,0x1B40,$04:F97F,CC,104.18,142.18,True,frame_0880.png
880,21063,0x1B80,$04:F97F,CC,135.516,164.516,True,frame_0880.png
882,21065,0x1000,$04:DF96,C8,96.5,112.0,True,frame_0882.png
882,21065,0x1040,$04:F8BC,C0,96.0,112.0,True,frame_0882.png
882,21065,0x1080,$04:E6AF,C8,102.0,112.0,True,frame_0882.png
882,21065,0x10C0,$04:E6AF,C8,234.0,112.0,True,frame_0882.png
882,21065,0x16C0,$02:9166,C8,122.871,184.0,True,frame_0882.png
882,21065,0x1700,$02:9274,E0,122.0,176.0,True,frame_0882.png
882,21065,0x1740,$02:9166,C8,154.871,196.0,True,frame_0882.png
882,21065,0x1780,$02:9274,E0,154.0,188.0,True,frame_0882.png
882,21065,0x17C0,$02:9131,C8,29.0,184.0,True,frame_0882.png
882,21065,0x1800,$02:9119,C8,158.75,184.0,True,frame_0882.png
882,21065,0x1840,$02:9274,E0,158.0,176.0,True,frame_0882.png
882,21065,0x1880,$02:9119,C8,143.75,196.0,True,frame_0882.png
882,21065,0x18C0,$02:9274,E0,143.0,188.0,True,frame_0882.png
882,21065,0x1900,$02:9274,E0,29.0,176.0,True,frame_0882.png
882,21065,0x1940,$02:AFA5,80,0.0,0.0,True,frame_0882.png
882,21065,0x1980,$02:B04A,C8,250.77,123.84,True,frame_0882.png
882,21065,0x1AC0,$04:F97F,CC,70.688,111.688,True,frame_0882.png
882,21065,0x1B00,$04:F97F,CC,65.562,136.438,True,frame_0882.png
882,21065,0x1B40,$04:F97F,CC,101.883,139.883,True,frame_0882.png
882,21065,0x1B80,$04:F97F,CC,133.219,162.219,True,frame_0882.png
884,21067,0x1000,$04:DF96,C8,96.5,112.0,True,frame_0884.png
884,21067,0x1040,$04:F8BC,C0,96.0,112.0,True,frame_0884.png
884,21067,0x1080,$04:E6AF,C8,124.0,112.0,True,frame_0884.png
884,21067,0x10C0,$04:E6E1,C0,245.0,112.0,True,frame_0884.png
884,21067,0x16C0,$02:9166,C8,120.871,184.0,True,frame_0884.png
884,21067,0x1700,$02:9274,E0,120.0,176.0,True,frame_0884.png
884,21067,0x1740,$02:9166,C8,152.871,196.0,True,frame_0884.png
884,21067,0x1780,$02:9274,E0,152.0,188.0,True,frame_0884.png
884,21067,0x17C0,$02:9131,C8,29.625,184.0,True,frame_0884.png
884,21067,0x1800,$02:9119,C8,159.375,184.0,True,frame_0884.png
884,21067,0x1840,$02:9274,E0,159.0,176.0,True,frame_0884.png
884,21067,0x1880,$02:9119,C8,144.375,196.0,True,frame_0884.png
884,21067,0x18C0,$02:9274,E0,144.0,188.0,True,frame_0884.png
884,21067,0x1900,$02:9274,E0,29.0,176.0,True,frame_0884.png
884,21067,0x1940,$02:AFA5,80,0.0,0.0,True,frame_0884.png
884,21067,0x1980,$04:FCC0,D0,249.523,123.008,True,frame_0884.png
884,21067,0x1AC0,$04:F97F,CC,68.391,109.391,True,frame_0884.png
884,21067,0x1B00,$04:F97F,CC,67.859,134.141,True,frame_0884.png
884,21067,0x1B40,$04:F97F,CC,99.586,137.586,True,frame_0884.png
884,21067,0x1B80,$04:F97F,CC,130.922,159.922,True,frame_0884.png
886,21069,0x1000,$04:DF96,C8,96.5,112.0,True,frame_0886.png
886,21069,0x1040,$04:F8BC,C0,96.0,112.0,True,frame_0886.png
886,21069,0x1080,$04:E6AF,C8,146.0,112.0,True,frame_0886.png
886,21069,0x16C0,$02:9166,C8,118.871,184.0,True,frame_0886.png
886,21069,0x1700,$02:9274,E0,118.0,176.0,True,frame_0886.png
886,21069,0x1740,$02:9166,C8,150.871,196.0,True,frame_0886.png
886,21069,0x1780,$02:9274,E0,150.0,188.0,True,frame_0886.png
886,21069,0x17C0,$02:9131,C8,30.25,184.0,True,frame_0886.png
886,21069,0x1800,$02:9119,C8,160.0,184.0,True,frame_0886.png
886,21069,0x1840,$02:9274,E0,160.0,176.0,True,frame_0886.png
886,21069,0x1880,$02:9119,C8,145.0,196.0,True,frame_0886.png
886,21069,0x18C0,$02:9274,E0,145.0,188.0,True,frame_0886.png
886,21069,0x1900,$02:9274,E0,30.0,176.0,True,frame_0886.png
886,21069,0x1940,$02:AFA5,80,0.0,0.0,True,frame_0886.png
886,21069,0x1980,$04:FCC0,D0,248.523,123.008,True,frame_0886.png
886,21069,0x1AC0,$04:F97F,CC,66.094,107.094,True,frame_0886.png
886,21069,0x1B00,$04:F97F,CC,70.156,131.844,True,frame_0886.png
886,21069,0x1B40,$04:F97F,CC,97.289,135.289,True,frame_0886.png
886,21069,0x1B80,$04:F97F,CC,128.625,157.625,True,frame_0886.png
888,21071,0x1000,$04:DF96,C8,96.5,112.0,True,frame_0888.png
888,21071,0x1040,$04:F8BC,C0,96.0,112.0,True,frame_0888.png
888,21071,0x1080,$04:E6AF,C8,168.0,112.0,True,frame_0888.png
888,21071,0x16C0,$02:9166,C8,116.871,184.0,True,frame_0888.png
888,21071,0x1700,$02:9274,E0,116.0,176.0,True,frame_0888.png
888,21071,0x1740,$02:9166,C8,148.871,196.0,True,frame_0888.png
888,21071,0x1780,$02:9274,E0,148.0,188.0,True,frame_0888.png
888,21071,0x17C0,$02:9131,C8,30.875,184.0,True,frame_0888.png
888,21071,0x1800,$02:9119,C8,160.625,184.0,True,frame_0888.png
888,21071,0x1840,$02:9274,E0,160.0,176.0,True,frame_0888.png
888,21071,0x1880,$02:9119,C8,145.625,196.0,True,frame_0888.png
888,21071,0x18C0,$02:9274,E0,145.0,188.0,True,frame_0888.png
888,21071,0x1900,$02:9274,E0,30.0,176.0,True,frame_0888.png
888,21071,0x1940,$02:AFA5,80,0.0,0.0,True,frame_0888.png
888,21071,0x1980,$04:FCC0,D0,247.523,123.008,True,frame_0888.png
888,21071,0x1AC0,$04:F97F,CC,63.797,104.797,True,frame_0888.png
888,21071,0x1B00,$04:F97F,CC,72.453,129.547,True,frame_0888.png
888,21071,0x1B40,$04:F97F,CC,94.992,132.992,True,frame_0888.png
888,21071,0x1B80,$04:F97F,CC,126.328,155.328,True,frame_0888.png
890,21073,0x1000,$04:DF96,C8,96.5,112.0,True,frame_0890.png
890,21073,0x1040,$04:F8BC,C0,96.0,112.0,True,frame_0890.png
890,21073,0x1080,$04:E6AF,C8,190.0,112.0,True,frame_0890.png
890,21073,0x16C0,$02:9166,C8,114.871,184.0,True,frame_0890.png
890,21073,0x1700,$02:9274,E0,114.0,176.0,True,frame_0890.png
890,21073,0x1740,$02:9166,C8,146.871,196.0,True,frame_0890.png
890,21073,0x1780,$02:9274,E0,146.0,188.0,True,frame_0890.png
890,21073,0x17C0,$02:9131,C8,31.5,184.0,True,frame_0890.png
890,21073,0x1800,$02:9119,C8,161.25,184.0,True,frame_0890.png
890,21073,0x1840,$02:9274,E0,161.0,176.0,True,frame_0890.png
890,21073,0x1880,$02:9119,C8,146.25,196.0,True,frame_0890.png
890,21073,0x18C0,$02:9274,E0,146.0,188.0,True,frame_0890.png
890,21073,0x1900,$02:9274,E0,31.0,176.0,True,frame_0890.png
890,21073,0x1940,$02:AFA5,80,0.0,0.0,True,frame_0890.png
890,21073,0x1980,$04:FCC0,D0,246.523,123.008,True,frame_0890.png
890,21073,0x19C0,$02:B04A,C8,270.5,96.0,False,frame_0890.png
890,21073,0x1AC0,$04:F97F,CC,61.5,102.5,True,frame_0890.png
890,21073,0x1B00,$04:F97F,CC,74.75,127.25,True,frame_0890.png
890,21073,0x1B40,$04:F97F,CC,92.695,130.695,True,frame_0890.png
890,21073,0x1B80,$04:F97F,CC,124.031,153.031,True,frame_0890.png
892,21075,0x1000,$04:DF96,C8,96.5,112.0,True,frame_0892.png
892,21075,0x1040,$04:F8BC,C0,96.0,112.0,True,frame_0892.png
892,21075,0x1080,$04:E6AF,C8,212.0,112.0,True,frame_0892.png
892,21075,0x16C0,$02:9166,C8,112.871,184.0,True,frame_0892.png
892,21075,0x1700,$02:9274,E0,112.0,176.0,True,frame_0892.png
892,21075,0x1740,$02:9166,C8,144.871,196.0,True,frame_0892.png
892,21075,0x1780,$02:9274,E0,144.0,188.0,True,frame_0892.png
892,21075,0x17C0,$02:9131,C8,32.125,184.0,True,frame_0892.png
892,21075,0x1800,$02:9119,C8,161.875,184.0,True,frame_0892.png
892,21075,0x1840,$02:9274,E0,161.0,176.0,True,frame_0892.png
892,21075,0x1880,$02:9119,C8,146.875,196.0,True,frame_0892.png
892,21075,0x18C0,$02:9274,E0,146.0,188.0,True,frame_0892.png
892,21075,0x1900,$02:9274,E0,32.0,176.0,True,frame_0892.png
892,21075,0x1940,$02:AFA5,80,0.0,0.0,True,frame_0892.png
892,21075,0x1980,$04:FCC0,D0,245.523,123.008,True,frame_0892.png
892,21075,0x19C0,$02:B04A,C8,267.5,96.0,False,frame_0892.png
892,21075,0x1AC0,$04:F97F,CC,59.203,100.203,True,frame_0892.png
892,21075,0x1B00,$04:F97F,CC,77.047,124.953,True,frame_0892.png
892,21075,0x1B40,$04:F97F,CC,90.398,128.398,True,frame_0892.png
892,21075,0x1B80,$04:F97F,CC,121.734,150.734,True,frame_0892.png
894,21077,0x1000,$04:DF96,C8,96.5,112.0,True,frame_0894.png
894,21077,0x1040,$04:F8BC,C0,96.0,112.0,True,frame_0894.png
894,21077,0x1080,$04:E6AF,C8,234.0,112.0,True,frame_0894.png
894,21077,0x10C0,$04:E6AF,C8,102.0,112.0,True,frame_0894.png
894,21077,0x16C0,$02:9166,C8,110.871,184.0,True,frame_0894.png
894,21077,0x1700,$02:9274,E0,110.0,176.0,True,frame_0894.png
894,21077,0x1740,$02:9166,C8,142.871,196.0,True,frame_0894.png
894,21077,0x1780,$02:9274,E0,142.0,188.0,True,frame_0894.png
894,21077,0x17C0,$02:9131,C8,32.75,184.0,True,frame_0894.png
894,21077,0x1800,$02:9119,C8,162.5,184.0,True,frame_0894.png
894,21077,0x1840,$02:9274,E0,162.0,176.0,True,frame_0894.png
894,21077,0x1880,$02:9119,C8,147.5,196.0,True,frame_0894.png
894,21077,0x18C0,$02:9274,E0,147.0,188.0,True,frame_0894.png
894,21077,0x1900,$02:9274,E0,32.0,176.0,True,frame_0894.png
894,21077,0x1940,$02:AFA5,80,0.0,0.0,True,frame_0894.png
894,21077,0x1980,$04:FCC0,D0,244.523,123.008,True,frame_0894.png
894,21077,0x19C0,$02:B04A,C8,264.5,96.0,False,frame_0894.png
894,21077,0x1AC0,$04:F97F,CC,56.906,97.906,True,frame_0894.png
894,21077,0x1B00,$04:F97F,CC,79.344,122.656,True,frame_0894.png
894,21077,0x1B40,$04:F97F,CC,88.102,126.102,True,frame_0894.png
894,21077,0x1B80,$04:F97F,CC,119.438,148.438,True,frame_0894.png
896,21079,0x1000,$04:DF96,C8,96.5,112.0,True,frame_0896.png
896,21079,0x1040,$04:F8BC,C0,96.0,112.0,True,frame_0896.png
896,21079,0x10C0,$04:E6AF,C8,124.0,112.0,True,frame_0896.png
896,21079,0x16C0,$02:9166,C8,108.871,184.0,True,frame_0896.png
896,21079,0x1700,$02:9274,E0,108.0,176.0,True,frame_0896.png
896,21079,0x1740,$02:9166,C8,140.871,196.0,True,frame_0896.png
896,21079,0x1780,$02:9274,E0,140.0,188.0,True,frame_0896.png
896,21079,0x17C0,$02:9131,C8,33.375,184.0,True,frame_0896.png
896,21079,0x1800,$02:9119,C8,163.125,184.0,True,frame_0896.png
896,21079,0x1840,$02:9274,E0,163.0,176.0,True,frame_0896.png
896,21079,0x1880,$02:9119,C8,148.125,196.0,True,frame_0896.png
896,21079,0x18C0,$02:9274,E0,148.0,188.0,True,frame_0896.png
896,21079,0x1900,$02:9274,E0,33.0,176.0,True,frame_0896.png
896,21079,0x1940,$02:AFA5,80,0.0,0.0,True,frame_0896.png
896,21079,0x1980,$04:FCC0,D0,243.523,123.008,True,frame_0896.png
896,21079,0x19C0,$02:B04A,C8,261.5,96.0,False,frame_0896.png
896,21079,0x1AC0,$04:F97F,CC,54.609,95.609,True,frame_0896.png
896,21079,0x1B00,$04:F97F,CC,81.641,120.359,True,frame_0896.png
896,21079,0x1B40,$04:F97F,CC,85.805,123.805,True,frame_0896.png
896,21079,0x1B80,$04:F97F,CC,117.141,146.141,True,frame_0896.png
898,21081,0x1000,$04:DF96,C8,96.5,112.0,True,frame_0898.png
898,21081,0x1040,$04:F8BC,C0,96.0,112.0,True,frame_0898.png
898,21081,0x10C0,$04:E6AF,C8,146.0,112.0,True,frame_0898.png
898,21081,0x16C0,$02:9166,C8,106.871,184.0,True,frame_0898.png
898,21081,0x1700,$02:9274,E0,106.0,176.0,True,frame_0898.png
898,21081,0x1740,$02:9166,C8,138.871,196.0,True,frame_0898.png
898,21081,0x1780,$02:9274,E0,138.0,188.0,True,frame_0898.png
898,21081,0x17C0,$02:9131,C8,34.0,184.0,True,frame_0898.png
898,21081,0x1800,$02:9119,C8,163.75,184.0,True,frame_0898.png
898,21081,0x1840,$02:9274,E0,163.0,176.0,True,frame_0898.png
898,21081,0x1880,$02:9119,C8,148.75,196.0,True,frame_0898.png
898,21081,0x18C0,$02:9274,E0,148.0,188.0,True,frame_0898.png
898,21081,0x1900,$02:9274,E0,34.0,176.0,True,frame_0898.png
898,21081,0x1940,$02:AFA5,80,0.0,0.0,True,frame_0898.png
898,21081,0x1980,$04:FCC0,D0,242.523,123.008,True,frame_0898.png
898,21081,0x19C0,$02:B04A,C8,258.5,96.0,False,frame_0898.png
898,21081,0x1AC0,$04:F97F,CC,52.312,93.312,True,frame_0898.png
898,21081,0x1B00,$04:F97F,CC,83.938,118.062,True,frame_0898.png
898,21081,0x1B40,$04:F97F,CC,83.508,121.508,True,frame_0898.png
898,21081,0x1B80,$04:F97F,CC,114.844,143.844,True,frame_0898.png
900,21083,0x1000,$04:E0D3,D0,96.5,112.0,True,frame_0900.png
900,21083,0x1040,$04:F94A,D0,96.0,112.0,True,frame_0900.png
900,21083,0x10C0,$04:E6AF,C8,168.0,112.0,True,frame_0900.png
900,21083,0x16C0,$02:9166,C8,104.871,184.0,True,frame_0900.png
900,21083,0x1700,$02:9274,E0,104.0,176.0,True,frame_0900.png
900,21083,0x1740,$02:9166,C8,136.871,196.0,True,frame_0900.png
900,21083,0x1780,$02:9274,E0,136.0,188.0,True,frame_0900.png
900,21083,0x17C0,$02:9131,C8,34.625,184.0,True,frame_0900.png
900,21083,0x1800,$02:9119,C8,164.375,184.0,True,frame_0900.png
900,21083,0x1840,$02:9274,E0,164.0,176.0,True,frame_0900.png
900,21083,0x1880,$02:9119,C8,149.375,196.0,True,frame_0900.png
900,21083,0x18C0,$02:9274,E0,149.0,188.0,True,frame_0900.png
900,21083,0x1900,$02:9274,E0,34.0,176.0,True,frame_0900.png
900,21083,0x1940,$02:AFA5,80,0.0,0.0,True,frame_0900.png
900,21083,0x1980,$04:FCC0,D0,241.523,123.008,True,frame_0900.png
900,21083,0x19C0,$02:B04A,C8,255.754,95.168,True,frame_0900.png
900,21083,0x1AC0,$04:F97F,CC,50.016,91.016,True,frame_0900.png
900,21083,0x1B00,$04:F9C3,C0,85.086,116.914,True,frame_0900.png
900,21083,0x1B40,$04:F97F,CC,81.211,119.211,True,frame_0900.png
900,21083,0x1B80,$04:F97F,CC,112.547,141.547,True,frame_0900.png
