sample,emu_frame,slot,routine,flags,x,y,on_screen,screenshot
550,20733,0x1000,$04:DF96,C8,96.5,112.0,True,frame_0550.png
550,20733,0x1040,$04:F8BC,C0,96.0,112.0,True,frame_0550.png
550,20733,0x16C0,$02:B04A,C8,192.711,97.656,True,frame_0550.png
550,20733,0x1740,$02:B04A,C8,269.352,97.656,False,frame_0550.png
550,20733,0x1780,$02:B04A,C8,231.883,97.656,True,frame_0550.png
550,20733,0x17C0,$02:B04A,C8,85.125,175.516,True,frame_0550.png
550,20733,0x1800,$02:B04A,C8,25.727,121.809,True,frame_0550.png
550,20733,0x1840,$02:B04A,C8,32.484,148.855,True,frame_0550.png
550,20733,0x1880,$02:B04A,C8,50.359,167.117,True,frame_0550.png
550,20733,0x18C0,$02:90F0,C8,248.0,184.0,True,frame_0550.png
550,20733,0x1900,$02:9274,E0,248.0,176.0,True,frame_0550.png
550,20733,0x1B00,$04:F97F,CC,277.785,143.309,False,frame_0550.png
552,20735,0x1000,$04:DF96,C8,96.5,112.0,True,frame_0552.png
552,20735,0x1040,$04:F8BC,C0,96.0,112.0,True,frame_0552.png
552,20735,0x16C0,$02:B04A,C8,196.117,97.656,True,frame_0552.png
552,20735,0x1780,$02:B04A,C8,235.289,97.656,True,frame_0552.png
552,20735,0x17C0,$02:B04A,C8,81.531,175.516,True,frame_0552.png
552,20735,0x1800,$02:B04A,C8,25.312,118.973,True,frame_0552.png
552,20735,0x1840,$02:B04A,C8,31.609,146.727,True,frame_0552.png
552,20735,0x1880,$02:B04A,C8,48.109,165.848,True,frame_0552.png
552,20735,0x18C0,$02:90F0,C8,246.0,184.0,True,frame_0552.png
552,20735,0x1900,$02:9274,E0,246.0,176.0,True,frame_0552.png
552,20735,0x1B00,$04:F97F,CC,280.965,143.941,False,frame_0552.png
554,20737,0x1000,$04:DF96,C8,96.5,112.0,True,frame_0554.png
554,20737,0x1040,$04:F8BC,C0,96.0,112.0,True,frame_0554.png
554,20737,0x16C0,$02:B04A,C8,199.523,97.656,True,frame_0554.png
554,20737,0x1780,$02:B04A,C8,238.695,97.656,True,frame_0554.png
554,20737,0x17C0,$02:B04A,C8,77.969,175.281,True,frame_0554.png
554,20737,0x1800,$02:B04A,C8,24.93,116.074,True,frame_0554.png
554,20737,0x1840,$02:B04A,C8,30.859,144.52,True,frame_0554.png
554,20737,0x1880,$02:B04A,C8,45.984,164.5,True,frame_0554.png
554,20737,0x18C0,$02:90F0,C8,244.0,184.0,True,frame_0554.png
554,20737,0x1900,$02:9274,E0,244.0,176.0,True,frame_0554.png
554,20737,0x1B00,$04:F97F,CC,284.145,144.574,False,frame_0554.png
556,20739,0x1000,$04:DF96,C8,96.5,112.0,True,frame_0556.png
556,20739,0x1040,$04:F8BC,C0,96.0,112.0,True,frame_0556.png
556,20739,0x16C0,$02:B04A,C8,202.93,97.656,True,frame_0556.png
556,20739,0x1780,$02:B04A,C8,242.102,97.656,True,frame_0556.png
556,20739,0x17C0,$02:B04A,C8,74.531,174.754,True,frame_0556.png
556,20739,0x1800,$02:B04A,C8,24.578,113.113,True,frame_0556.png
556,20739,0x1840,$02:B04A,C8,30.164,142.246,True,frame_0556.png
556,20739,0x1880,$02:B04A,C8,43.984,163.074,True,frame_0556.png
556,20739,0x18C0,$02:90F0,C8,242.0,184.0,True,frame_0556.png
556,20739,0x1900,$02:9274,E0,242.0,176.0,True,frame_0556.png
556,20739,0x1B00,$04:F97F,CC,287.324,145.207,False,frame_0556.png
558,20741,0x1000,$04:DF96,C8,96.5,112.0,True,frame_0558.png
558,20741,0x1040,$04:F8BC,C0,96.0,112.0,True,frame_0558.png
558,20741,0x16C0,$02:B04A,C8,206.336,97.656,True,frame_0558.png
558,20741,0x1700,$02:90F0,C8,272.0,196.0,False,frame_0558.png
558,20741,0x1740,$02:9274,E0,272.0,188.0,False,frame_0558.png
558,20741,0x1780,$02:B04A,C8,245.508,97.656,True,frame_0558.png
558,20741,0x17C0,$02:B04A,C8,71.219,174.148,True,frame_0558.png
558,20741,0x1800,$02:B04A,C8,24.34,110.172,True,frame_0558.png
558,20741,0x1840,$02:B04A,C8,29.5,139.91,True,frame_0558.png
558,20741,0x1880,$02:B04A,C8,42.109,161.57,True,frame_0558.png
558,20741,0x18C0,$02:90F0,C8,240.0,184.0,True,frame_0558.png
558,20741,0x1900,$02:9274,E0,240.0,176.0,True,frame_0558.png
558,20741,0x1B00,$04:F97F,CC,290.504,145.84,False,frame_0558.png
560,20743,0x1000,$04:DF96,C8,96.5,112.0,True,frame_0560.png
560,20743,0x1040,$04:F8BC,C0,96.0,112.0,True,frame_0560.png
560,20743,0x16C0,$02:B04A,C8,209.742,97.656,True,frame_0560.png
560,20743,0x1700,$02:90F0,C8,270.0,196.0,False,frame_0560.png
560,20743,0x1740,$02:9274,E0,270.0,188.0,False,frame_0560.png
560,20743,0x1780,$02:B04A,C8,248.914,97.656,True,frame_0560.png
560,20743,0x17C0,$02:B04A,C8,68.031,173.465,True,frame_0560.png
560,20743,0x1800,$02:B04A,C8,24.242,107.277,True,frame_0560.png
560,20743,0x1840,$02:B04A,C8,28.867,137.512,True,frame_0560.png
560,20743,0x1880,$02:B04A,C8,40.359,159.988,True,frame_0560.png
560,20743,0x18C0,$02:90F0,C8,238.0,184.0,True,frame_0560.png
560,20743,0x1900,$02:9274,E0,238.0,176.0,True,frame_0560.png
562,20745,0x1000,$04:DF96,C8,96.5,112.0,True,frame_0562.png
562,20745,0x1040,$04:F8BC,C0,96.0,112.0,True,frame_0562.png
562,20745,0x16C0,$02:B04A,C8,213.148,97.656,True,frame_0562.png
562,20745,0x1700,$02:90F0,C8,268.0,196.0,False,frame_0562.png
562,20745,0x1740,$02:9274,E0,268.0,188.0,False,frame_0562.png
562,20745,0x1780,$02:B04A,C8,252.32,97.656,True,frame_0562.png
562,20745,0x17C0,$02:B04A,C8,64.969,172.703,True,frame_0562.png
562,20745,0x1800,$02:B04A,C8,24.285,104.43,True,frame_0562.png
562,20745,0x1840,$02:B04A,C8,28.266,135.051,True,frame_0562.png
562,20745,0x1880,$02:B04A,C8,38.734,158.328,True,frame_0562.png
562,20745,0x18C0,$02:90F0,C8,236.0,184.0,True,frame_0562.png
562,20745,0x1900,$02:9274,E0,236.0,176.0,True,frame_0562.png
564,20747,0x1000,$04:DF96,C8,96.5,112.0,True,frame_0564.png
564,20747,0x1040,$04:F8BC,C0,96.0,112.0,True,frame_0564.png
564,20747,0x16C0,$02:B04A,C8,216.555,97.656,True,frame_0564.png
564,20747,0x1700,$02:90F0,C8,266.0,196.0,False,frame_0564.png
564,20747,0x1740,$02:9274,E0,266.0,188.0,False,frame_0564.png
564,20747,0x1780,$02:B04A,C8,255.727,97.656,True,frame_0564.png
564,20747,0x17C0,$02:B04A,C8,62.031,171.863,True,frame_0564.png
564,20747,0x1800,$02:B04A,C8,24.469,101.629,True,frame_0564.png
564,20747,0x1840,$02:B04A,C8,27.695,132.527,True,frame_0564.png
564,20747,0x1880,$02:B04A,C8,37.234,156.59,True,frame_0564.png
564,20747,0x18C0,$02:90F0,C8,234.0,184.0,True,frame_0564.png
564,20747,0x1900,$02:9274,E0,234.0,176.0,True,frame_0564.png
564,20747,0x1AC0,$04:F97F,CC,214.0,97.0,True,frame_0564.png
566,20749,0x1000,$04:DF96,C8,96.5,112.0,True,frame_0566.png
566,20749,0x1040,$04:F8BC,C0,96.0,112.0,True,frame_0566.png
566,20749,0x16C0,$02:B04A,C8,219.961,97.656,True,frame_0566.png
566,20749,0x1700,$02:90F0,C8,264.0,196.0,False,frame_0566.png
566,20749,0x1740,$02:9274,E0,264.0,188.0,False,frame_0566.png
566,20749,0x1780,$02:B04A,C8,259.133,97.656,False,frame_0566.png
566,20749,0x17C0,$02:B04A,C8,59.219,170.945,True,frame_0566.png
566,20749,0x1800,$02:B04A,C8,24.793,98.875,True,frame_0566.png
566,20749,0x1840,$02:B04A,C8,27.156,129.941,True,frame_0566.png
566,20749,0x1880,$02:B04A,C8,35.859,154.773,True,frame_0566.png
566,20749,0x18C0,$02:90F0,C8,232.0,184.0,True,frame_0566.png
566,20749,0x1900,$02:9274,E0,232.0,176.0,True,frame_0566.png
566,20749,0x1AC0,$04:F97F,CC,210.82,97.633,True,frame_0566.png
568,20751,0x1000,$04:DF96,C8,96.5,112.0,True,frame_0568.png
568,20751,0x1040,$04:F8BC,C0,96.0,112.0,True,frame_0568.png
568,20751,0x16C0,$02:B04A,C8,223.367,97.656,True,frame_0568.png
568,20751,0x1700,$02:90F0,C8,262.0,196.0,False,frame_0568.png
568,20751,0x1740,$02:9274,E0,262.0,188.0,False,frame_0568.png
568,20751,0x1780,$02:B04A,C8,262.539,97.656,False,frame_0568.png
568,20751,0x17C0,$02:B04A,C8,56.531,169.949,True,frame_0568.png
568,20751,0x1800,$02:B04A,C8,25.258,96.168,True,frame_0568.png
568,20751,0x1840,$02:B04A,C8,26.648,127.293,True,frame_0568.png
568,20751,0x1880,$02:B04A,C8,34.609,152.879,True,frame_0568.png
568,20751,0x18C0,$02:90F0,C8,230.0,184.0,True,frame_0568.png
568,20751,0x1900,$02:9274,E0,230.0,176.0,True,frame_0568.png
568,20751,0x1AC0,$04:F97F,CC,207.641,98.266,True,frame_0568.png
570,20753,0x1000,$04:DF96,C8,96.5,112.0,True,frame_0570.png
570,20753,0x1040,$04:F8BC,C0,96.0,112.0,True,frame_0570.png
570,20753,0x16C0,$02:B04A,C8,226.773,97.656,True,frame_0570.png
570,20753,0x1700,$02:90F0,C8,260.0,196.0,False,frame_0570.png
570,20753,0x1740,$02:9274,E0,260.0,188.0,False,frame_0570.png
570,20753,0x1780,$02:B04A,C8,265.945,97.656,False,frame_0570.png
570,20753,0x17C0,$02:B04A,C8,53.969,168.875,True,frame_0570.png
570,20753,0x1800,$02:B04A,C8,25.863,93.508,True,frame_0570.png
570,20753,0x1840,$02:B04A,C8,26.172,124.582,True,frame_0570.png
570,20753,0x1880,$02:B04A,C8,33.484,150.906,True,frame_0570.png
570,20753,0x18C0,$02:90F0,C8,228.0,184.0,True,frame_0570.png
570,20753,0x1900,$02:9274,E0,228.0,176.0,True,frame_0570.png
570,20753,0x1AC0,$04:F97F,CC,204.461,98.898,True,frame_0570.png
572,20755,0x1000,$04:DF96,C8,96.5,112.0,True,frame_0572.png
572,20755,0x1040,$04:F8BC,C0,96.0,112.0,True,frame_0572.png
572,20755,0x16C0,$02:B04A,C8,230.18,97.656,True,frame_0572.png
572,20755,0x1700,$02:90F0,C8,258.0,196.0,False,frame_0572.png
572,20755,0x1740,$02:9274,E0,258.0,188.0,False,frame_0572.png
572,20755,0x1780,$02:B04A,C8,269.352,97.656,False,frame_0572.png
572,20755,0x17C0,$02:B04A,C8,51.531,167.723,True,frame_0572.png
572,20755,0x1800,$02:B04A,C8,26.609,90.895,True,frame_0572.png
572,20755,0x1840,$02:B04A,C8,25.727,121.809,True,frame_0572.png
572,20755,0x1880,$02:B04A,C8,32.484,148.855,True,frame_0572.png
572,20755,0x18C0,$02:90F0,C8,226.0,184.0,True,frame_0572.png
572,20755,0x1900,$02:9274,E0,226.0,176.0,True,frame_0572.png
572,20755,0x1AC0,$04:F97F,CC,201.281,99.531,True,frame_0572.png
574,20757,0x1000,$04:DF96,C8,96.5,112.0,True,frame_0574.png
574,20757,0x1040,$04:F8BC,C0,96.0,112.0,True,frame_0574.png
574,20757,0x16C0,$02:B04A,C8,233.586,97.656,True,frame_0574.png
574,20757,0x1700,$02:90F0,C8,256.0,196.0,False,frame_0574.png
574,20757,0x1740,$02:9274,E0,256.0,188.0,False,frame_0574.png
574,20757,0x17C0,$02:B04A,C8,49.219,166.492,True,frame_0574.png
574,20757,0x1800,$02:B04A,C8,27.496,88.328,True,frame_0574.png
574,20757,0x1840,$02:B04A,C8,25.312,118.973,True,frame_0574.png
574,20757,0x1880,$02:B04A,C8,31.609,146.727,True,frame_0574.png
574,20757,0x18C0,$02:90F0,C8,224.0,184.0,True,frame_0574.png
574,20757,0x1900,$02:9274,E0,224.0,176.0,True,frame_0574.png
574,20757,0x1AC0,$04:F97F,CC,198.102,100.164,True,frame_0574.png
576,20759,0x1000,$04:DF96,C8,96.5,112.0,True,frame_0576.png
576,20759,0x1040,$04:F8BC,C0,96.0,112.0,True,frame_0576.png
576,20759,0x16C0,$02:B04A,C8,236.992,97.656,True,frame_0576.png
576,20759,0x1700,$02:90F0,C8,254.0,196.0,True,frame_0576.png
576,20759,0x1740,$02:9274,E0,254.0,188.0,True,frame_0576.png
576,20759,0x17C0,$02:B04A,C8,47.031,165.184,True,frame_0576.png
576,20759,0x1800,$02:B04A,C8,28.523,85.809,True,frame_0576.png
576,20759,0x1840,$02:B04A,C8,24.93,116.074,True,frame_0576.png
576,20759,0x1880,$02:B04A,C8,30.859,144.52,True,frame_0576.png
576,20759,0x18C0,$02:90F0,C8,222.0,184.0,True,frame_0576.png
576,20759,0x1900,$02:9274,E0,222.0,176.0,True,frame_0576.png
576,20759,0x1AC0,$04:F97F,CC,194.922,100.797,True,frame_0576.png
578,20761,0x1000,$04:DF96,C8,96.5,112.0,True,frame_0578.png
578,20761,0x1040,$04:F8BC,C0,96.0,112.0,True,frame_0578.png
578,20761,0x16C0,$02:B04A,C8,240.398,97.656,True,frame_0578.png
578,20761,0x1700,$02:90F0,C8,252.0,196.0,True,frame_0578.png
578,20761,0x1740,$02:9274,E0,252.0,188.0,True,frame_0578.png
578,20761,0x17C0,$02:B04A,C8,44.969,163.797,True,frame_0578.png
578,20761,0x1800,$02:B04A,C8,29.691,83.336,True,frame_0578.png
578,20761,0x1840,$02:B04A,C8,24.578,113.113,True,frame_0578.png
578,20761,0x1880,$02:B04A,C8,30.164,142.246,True,frame_0578.png
578,20761,0x18C0,$02:90F0,C8,220.0,184.0,True,frame_0578.png
578,20761,0x1900,$02:9274,E0,220.0,176.0,True,frame_0578.png
578,20761,0x1AC0,$04:F97F,CC,191.742,101.43,True,frame_0578.png
580,20763,0x1000,$04:DF96,C8,96.5,112.0,True,frame_0580.png
580,20763,0x1040,$04:F8BC,C0,96.0,112.0,True,frame_0580.png
580,20763,0x16C0,$02:B04A,C8,243.805,97.656,True,frame_0580.png
580,20763,0x1700,$02:90F0,C8,250.0,196.0,True,frame_0580.png
580,20763,0x1740,$02:9274,E0,250.0,188.0,True,frame_0580.png
580,20763,0x17C0,$02:B04A,C8,43.031,162.332,True,frame_0580.png
580,20763,0x1800,$02:B04A,C8,31.0,80.91,True,frame_0580.png
580,20763,0x1840,$02:B04A,C8,24.34,110.172,True,frame_0580.png
580,20763,0x1880,$02:B04A,C8,29.5,139.91,True,frame_0580.png
580,20763,0x18C0,$02:90F0,C8,218.0,184.0,True,frame_0580.png
580,20763,0x1900,$02:9274,E0,218.0,176.0,True,frame_0580.png
580,20763,0x1AC0,$04:F97F,CC,188.562,102.062,True,frame_0580.png
582,20765,0x1000,$04:DF96,C8,96.5,112.0,True,frame_0582.png
582,20765,0x1040,$04:F8BC,C0,96.0,112.0,True,frame_0582.png
582,20765,0x16C0,$02:B04A,C8,247.211,97.656,True,frame_0582.png
582,20765,0x1700,$02:90F0,C8,248.0,196.0,True,frame_0582.png
582,20765,0x1740,$02:9274,E0,248.0,188.0,True,frame_0582.png
582,20765,0x17C0,$02:B04A,C8,41.219,160.789,True,frame_0582.png
582,20765,0x1800,$02:B04A,C8,32.402,78.625,True,frame_0582.png
582,20765,0x1840,$02:B04A,C8,24.242,107.277,True,frame_0582.png
582,20765,0x1880,$02:B04A,C8,28.867,137.512,True,frame_0582.png
582,20765,0x18C0,$02:90F0,C8,216.0,184.0,True,frame_0582.png
582,20765,0x1900,$02:9274,E0,216.0,176.0,True,frame_0582.png
582,20765,0x1AC0,$04:F97F,CC,185.383,102.695,True,frame_0582.png
584,20767,0x1000,$04:DF96,C8,96.5,112.0,True,frame_0584.png
584,20767,0x1040,$04:F8BC,C0,96.0,112.0,True,frame_0584.png
584,20767,0x16C0,$02:B04A,C8,250.617,97.656,True,frame_0584.png
584,20767,0x1700,$02:90F0,C8,246.0,196.0,True,frame_0584.png
584,20767,0x1740,$02:9274,E0,246.0,188.0,True,frame_0584.png
584,20767,0x17C0,$02:B04A,C8,39.531,159.168,True,frame_0584.png
584,20767,0x1800,$02:B04A,C8,33.883,76.512,True,frame_0584.png
584,20767,0x1840,$02:B04A,C8,24.285,104.43,True,frame_0584.png
584,20767,0x1880,$02:B04A,C8,28.266,135.051,True,frame_0584.png
584,20767,0x18C0,$02:90F0,C8,214.0,184.0,True,frame_0584.png
584,20767,0x1900,$02:9274,E0,214.0,176.0,True,frame_0584.png
584,20767,0x1AC0,$04:F97F,CC,182.203,103.328,True,frame_0584.png
586,20769,0x1000,$04:DF96,C8,96.5,112.0,True,frame_0586.png
586,20769,0x1040,$04:F8BC,C0,96.0,112.0,True,frame_0586.png
586,20769,0x16C0,$02:B04A,C8,254.023,97.656,True,frame_0586.png
586,20769,0x1700,$02:90F0,C8,244.0,196.0,True,frame_0586.png
586,20769,0x1740,$02:9274,E0,244.0,188.0,True,frame_0586.png
586,20769,0x17C0,$02:B04A,C8,37.969,157.469,True,frame_0586.png
586,20769,0x1800,$02:B04A,C8,35.441,74.57,True,frame_0586.png
586,20769,0x1840,$02:B04A,C8,24.469,101.629,True,frame_0586.png
586,20769,0x1880,$02:B04A,C8,27.695,132.527,True,frame_0586.png
586,20769,0x18C0,$02:90F0,C8,212.0,184.0,True,frame_0586.png
586,20769,0x1900,$02:9274,E0,212.0,176.0,True,frame_0586.png
586,20769,0x1AC0,$04:F97F,CC,179.023,103.961,True,frame_0586.png
588,20771,0x1000,$04:DF96,C8,96.5,112.0,True,frame_0588.png
588,20771,0x1040,$04:F8BC,C0,96.0,112.0,True,frame_0588.png
588,20771,0x16C0,$02:B04A,C8,257.43,97.656,False,frame_0588.png
588,20771,0x1700,$02:90F0,C8,242.0,196.0,True,frame_0588.png
588,20771,0x1740,$02:9274,E0,242.0,188.0,True,frame_0588.png
588,20771,0x17C0,$02:B04A,C8,36.531,155.691,True,frame_0588.png
588,20771,0x1800,$02:B04A,C8,37.078,72.801,True,frame_0588.png
588,20771,0x1840,$02:B04A,C8,24.793,98.875,True,frame_0588.png
588,20771,0x1880,$02:B04A,C8,27.156,129.941,True,frame_0588.png
588,20771,0x18C0,$02:90F0,C8,210.0,184.0,True,frame_0588.png
588,20771,0x1900,$02:9274,E0,210.0,176.0,True,frame_0588.png
588,20771,0x1AC0,$04:F97F,CC,175.844,104.594,True,frame_0588.png
590,20773,0x1000,$04:DF96,C8,96.5,112.0,True,frame_0590.png
590,20773,0x1040,$04:F8BC,C0,96.0,112.0,True,frame_0590.png
590,20773,0x16C0,$02:B04A,C8,260.836,97.656,False,frame_0590.png
590,20773,0x1700,$02:90F0,C8,240.0,196.0,True,frame_0590.png
590,20773,0x1740,$02:9274,E0,240.0,188.0,True,frame_0590.png
590,20773,0x17C0,$02:B04A,C8,35.219,153.836,True,frame_0590.png
590,20773,0x1800,$02:B04A,C8,38.793,71.203,True,frame_0590.png
590,20773,0x1840,$02:B04A,C8,25.258,96.168,True,frame_0590.png
590,20773,0x1880,$02:B04A,C8,26.648,127.293,True,frame_0590.png
590,20773,0x18C0,$02:90F0,C8,208.0,184.0,True,frame_0590.png
590,20773,0x1900,$02:9274,E0,208.0,176.0,True,frame_0590.png
590,20773,0x1AC0,$04:F97F,CC,172.664,105.227,True,frame_0590.png
592,20775,0x1000,$04:DF96,C8,96.5,112.0,True,frame_0592.png
592,20775,0x1040,$04:F8BC,C0,96.0,112.0,True,frame_0592.png
592,20775,0x16C0,$02:B04A,C8,264.242,97.656,False,frame_0592.png
592,20775,0x1700,$02:90F0,C8,238.0,196.0,True,frame_0592.png
592,20775,0x1740,$02:9274,E0,238.0,188.0,True,frame_0592.png
592,20775,0x17C0,$02:B04A,C8,34.031,151.902,True,frame_0592.png
592,20775,0x1800,$02:B04A,C8,40.586,69.777,True,frame_0592.png
592,20775,0x1840,$02:B04A,C8,25.863,93.508,True,frame_0592.png
592,20775,0x1880,$02:B04A,C8,26.172,124.582,True,frame_0592.png
592,20775,0x18C0,$02:90F0,C8,206.0,184.0,True,frame_0592.png
592,20775,0x1900,$02:9274,E0,206.0,176.0,True,frame_0592.png
592,20775,0x1AC0,$04:F97F,CC,169.484,105.859,True,frame_0592.png
594,20777,0x1000,$04:DF96,C8,96.5,112.0,True,frame_0594.png
594,20777,0x1040,$04:F8BC,C0,96.0,112.0,True,frame_0594.png
594,20777,0x16C0,$02:B04A,C8,267.648,97.656,False,frame_0594.png
594,20777,0x1700,$02:90F0,C8,236.0,196.0,True,frame_0594.png
594,20777,0x1740,$02:9274,E0,236.0,188.0,True,frame_0594.png
594,20777,0x17C0,$02:B04A,C8,32.969,149.891,True,frame_0594.png
594,20777,0x1800,$02:B04A,C8,42.457,68.523,True,frame_0594.png
594,20777,0x1840,$02:B04A,C8,26.609,90.895,True,frame_0594.png
594,20777,0x1880,$02:B04A,C8,25.727,121.809,True,frame_0594.png
594,20777,0x18C0,$02:90F0,C8,204.0,184.0,True,frame_0594.png
594,20777,0x1900,$02:9274,E0,204.0,176.0,True,frame_0594.png
594,20777,0x1AC0,$04:F97F,CC,166.305,106.492,True,frame_0594.png
596,20779,0x1000,$04:DF96,C8,96.5,112.0,True,frame_0596.png
596,20779,0x1040,$04:F8BC,C0,96.0,112.0,True,frame_0596.png
596,20779,0x16C0,$02:B04A,C8,271.055,97.656,False,frame_0596.png
596,20779,0x1700,$02:90F0,C8,234.0,196.0,True,frame_0596.png
596,20779,0x1740,$02:9274,E0,234.0,188.0,True,frame_0596.png
596,20779,0x17C0,$02:B04A,C8,32.031,147.801,True,frame_0596.png
596,20779,0x1800,$02:B04A,C8,44.406,67.441,True,frame_0596.png
596,20779,0x1840,$02:B04A,C8,27.496,88.328,True,frame_0596.png
596,20779,0x1880,$02:B04A,C8,25.312,118.973,True,frame_0596.png
596,20779,0x18C0,$02:90F0,C8,202.0,184.0,True,frame_0596.png
596,20779,0x1900,$02:9274,E0,202.0,176.0,True,frame_0596.png
596,20779,0x1AC0,$04:F97F,CC,163.125,107.125,True,frame_0596.png
598,20781,0x1000,$04:DF96,C8,96.5,112.0,True,frame_0598.png
598,20781,0x1040,$04:F8BC,C0,96.0,112.0,True,frame_0598.png
598,20781,0x1700,$02:90F0,C8,232.0,196.0,True,frame_0598.png
598,20781,0x1740,$02:9274,E0,232.0,188.0,True,frame_0598.png
598,20781,0x17C0,$02:B04A,C8,31.219,145.633,True,frame_0598.png
598,20781,0x1800,$02:B04A,C8,46.434,66.531,True,frame_0598.png
598,20781,0x1840,$02:B04A,C8,28.523,85.809,True,frame_0598.png
598,20781,0x1880,$02:B04A,C8,24.93,116.074,True,frame_0598.png
598,20781,0x18C0,$02:90F0,C8,200.0,184.0,True,frame_0598.png
598,20781,0x1900,$02:9274,E0,200.0,176.0,True,frame_0598.png
598,20781,0x1AC0,$04:F97F,CC,159.945,107.758,True,frame_0598.png
600,20783,0x1000,$04:DF96,C8,96.5,112.0,True,frame_0600.png
600,20783,0x1040,$04:F8BC,C0,96.0,112.0,True,frame_0600.png
600,20783,0x1700,$02:90F0,C8,230.0,196.0,True,frame_0600.png
600,20783,0x1740,$02:9274,E0,230.0,188.0,True,frame_0600.png
600,20783,0x17C0,$02:B04A,C8,30.508,143.391,True,frame_0600.png
600,20783,0x1800,$02:B04A,C8,48.539,65.793,True,frame_0600.png
600,20783,0x1840,$02:B04A,C8,29.691,83.336,True,frame_0600.png
600,20783,0x1880,$02:B04A,C8,24.578,113.113,True,frame_0600.png
600,20783,0x18C0,$02:90F0,C8,198.0,184.0,True,frame_0600.png
600,20783,0x1900,$02:9274,E0,198.0,176.0,True,frame_0600.png
600,20783,0x1AC0,$04:F97F,CC,156.766,108.391,True,frame_0600.png
602,20785,0x1000,$04:DF96,C8,96.5,112.0,True,frame_0602.png
602,20785,0x1040,$04:F8BC,C0,96.0,112.0,True,frame_0602.png
602,20785,0x1700,$02:90F0,C8,228.0,196.0,True,frame_0602.png
602,20785,0x1740,$02:9274,E0,228.0,188.0,True,frame_0602.png
602,20785,0x17C0,$02:B04A,C8,29.828,141.086,True,frame_0602.png
602,20785,0x1800,$02:B04A,C8,50.723,65.227,True,frame_0602.png
602,20785,0x1840,$02:B04A,C8,31.0,80.91,True,frame_0602.png
602,20785,0x1880,$02:B04A,C8,24.34,110.172,True,frame_0602.png
602,20785,0x18C0,$02:90F0,C8,196.0,184.0,True,frame_0602.png
602,20785,0x1900,$02:9274,E0,196.0,176.0,True,frame_0602.png
602,20785,0x1AC0,$04:F97F,CC,153.586,109.023,True,frame_0602.png
604,20787,0x1000,$04:DF96,C8,96.5,112.0,True,frame_0604.png
604,20787,0x1040,$04:F8BC,C0,96.0,112.0,True,frame_0604.png
604,20787,0x1700,$02:90F0,C8,226.0,196.0,True,frame_0604.png
604,20787,0x1740,$02:9274,E0,226.0,188.0,True,frame_0604.png
604,20787,0x17C0,$02:B04A,C8,29.18,138.719,True,frame_0604.png
604,20787,0x1800,$02:B04A,C8,52.984,64.832,True,frame_0604.png
604,20787,0x1840,$02:B04A,C8,32.402,78.625,True,frame_0604.png
604,20787,0x1880,$02:B04A,C8,24.242,107.277,True,frame_0604.png
604,20787,0x18C0,$02:90F0,C8,194.0,184.0,True,frame_0604.png
604,20787,0x1900,$02:9274,E0,194.0,176.0,True,frame_0604.png
604,20787,0x1AC0,$04:F97F,CC,150.406,109.656,True,frame_0604.png
606,20789,0x1000,$04:DF96,C8,96.5,112.0,True,frame_0606.png
606,20789,0x1040,$04:F8BC,C0,96.0,112.0,True,frame_0606.png
606,20789,0x1700,$02:90F0,C8,224.0,196.0,True,frame_0606.png
606,20789,0x1740,$02:9274,E0,224.0,188.0,True,frame_0606.png
606,20789,0x17C0,$02:B04A,C8,28.562,136.289,True,frame_0606.png
606,20789,0x1800,$02:B04A,C8,55.324,64.609,True,frame_0606.png
606,20789,0x1840,$02:B04A,C8,33.883,76.512,True,frame_0606.png
606,20789,0x1880,$02:B04A,C8,24.285,104.43,True,frame_0606.png
606,20789,0x18C0,$02:90F0,C8,192.0,184.0,True,frame_0606.png
606,20789,0x1900,$02:9274,E0,192.0,176.0,True,frame_0606.png
606,20789,0x1AC0,$04:F97F,CC,147.227,110.289,True,frame_0606.png
608,20791,0x1000,$04:DF96,C8,96.5,112.0,True,frame_0608.png
608,20791,0x1040,$04:F8BC,C0,96.0,112.0,True,frame_0608.png
608,20791,0x1700,$02:90F0,C8,222.0,196.0,True,frame_0608.png
608,20791,0x1740,$02:9274,E0,222.0,188.0,True,frame_0608.png
608,20791,0x17C0,$02:B04A,C8,27.977,133.797,True,frame_0608.png
608,20791,0x1800,$02:B04A,C8,57.742,64.559,True,frame_0608.png
608,20791,0x1840,$02:B04A,C8,35.441,74.57,True,frame_0608.png
608,20791,0x1880,$02:B04A,C8,24.469,101.629,True,frame_0608.png
608,20791,0x18C0,$02:90F0,C8,190.0,184.0,True,frame_0608.png
608,20791,0x1900,$02:9274,E0,190.0,176.0,True,frame_0608.png
608,20791,0x1AC0,$04:F97F,CC,144.047,110.922,True,frame_0608.png
610,20793,0x1000,$04:DF96,C8,96.5,112.0,True,frame_0610.png
610,20793,0x1040,$04:F8BC,C0,96.0,112.0,True,frame_0610.png
610,20793,0x16C0,$02:B04A,88,272.0,104.0,False,frame_0610.png
610,20793,0x1700,$02:90F0,C8,220.0,196.0,True,frame_0610.png
610,20793,0x1740,$02:9274,E0,220.0,188.0,True,frame_0610.png
610,20793,0x17C0,$02:B04A,C8,27.422,131.242,True,frame_0610.png
610,20793,0x1800,$02:B04A,C8,60.238,64.68,True,frame_0610.png
610,20793,0x1840,$02:B04A,C8,37.078,72.801,True,frame_0610.png
610,20793,0x1880,$02:B04A,C8,24.793,98.875,True,frame_0610.png
610,20793,0x18C0,$02:90F0,C8,188.0,184.0,True,frame_0610.png
610,20793,0x1900,$02:9274,E0,188.0,176.0,True,frame_0610.png
610,20793,0x1AC0,$04:F97F,CC,140.867,111.555,True,frame_0610.png
612,20795,0x1000,$04:DF96,C8,96.5,112.0,True,frame_0612.png
612,20795,0x1040,$04:F8BC,C0,96.0,112.0,True,frame_0612.png
612,20795,0x16C0,$02:B04A,C8,268.406,104.0,False,frame_0612.png
612,20795,0x1700,$02:90F0,C8,218.0,196.0,True,frame_0612.png
612,20795,0x1740,$02:9274,E0,218.0,188.0,True,frame_0612.png
612,20795,0x17C0,$02:B04A,C8,26.898,128.625,True,frame_0612.png
612,20795,0x1800,$02:B04A,C8,62.754,64.68,True,frame_0612.png
612,20795,0x1840,$02:B04A,C8,38.793,71.203,True,frame_0612.png
612,20795,0x1880,$02:B04A,C8,25.258,96.168,True,frame_0612.png
612,20795,0x18C0,$02:90F0,C8,186.0,184.0,True,frame_0612.png
612,20795,0x1900,$02:9274,E0,186.0,176.0,True,frame_0612.png
612,20795,0x1AC0,$04:F97F,CC,137.688,112.188,True,frame_0612.png
614,20797,0x1000,$04:DF96,C8,96.5,112.0,True,frame_0614.png
614,20797,0x1040,$04:F8BC,C0,96.0,112.0,True,frame_0614.png
614,20797,0x16C0,$02:B04A,C8,264.812,104.0,False,frame_0614.png
614,20797,0x1700,$02:90F0,C8,216.0,196.0,True,frame_0614.png
614,20797,0x1740,$02:9274,E0,216.0,188.0,True,frame_0614.png
614,20797,0x17C0,$02:B04A,C8,26.406,125.945,True,frame_0614.png
614,20797,0x1800,$02:B04A,C8,65.27,64.68,True,frame_0614.png
614,20797,0x1840,$02:B04A,C8,40.586,69.777,True,frame_0614.png
614,20797,0x1880,$02:B04A,C8,25.863,93.508,True,frame_0614.png
614,20797,0x18C0,$02:90F0,C8,184.0,184.0,True,frame_0614.png
614,20797,0x1900,$02:9274,E0,184.0,176.0,True,frame_0614.png
614,20797,0x1AC0,$04:F97F,CC,134.508,112.82,True,frame_0614.png
616,20799,0x1000,$04:DF96,C8,96.5,112.0,True,frame_0616.png
616,20799,0x1040,$04:F8BC,C0,96.0,112.0,True,frame_0616.png
616,20799,0x16C0,$02:B04A,C8,261.219,104.0,False,frame_0616.png
616,20799,0x1700,$02:90F0,C8,214.0,196.0,True,frame_0616.png
616,20799,0x1740,$02:9274,E0,214.0,188.0,True,frame_0616.png
616,20799,0x17C0,$02:B04A,C8,25.945,123.203,True,frame_0616.png
616,20799,0x1800,$02:B04A,C8,67.785,64.68,True,frame_0616.png
616,20799,0x1840,$02:B04A,C8,42.457,68.523,True,frame_0616.png
616,20799,0x1880,$02:B04A,C8,26.609,90.895,True,frame_0616.png
616,20799,0x18C0,$02:90F0,C8,182.0,184.0,True,frame_0616.png
616,20799,0x1900,$02:9274,E0,182.0,176.0,True,frame_0616.png
616,20799,0x1AC0,$04:F97F,CC,131.328,113.453,True,frame_0616.png
618,20801,0x1000,$04:DF96,C8,96.5,112.0,True,frame_0618.png
618,20801,0x1040,$04:F8BC,C0,96.0,112.0,True,frame_0618.png
618,20801,0x16C0,$02:B04A,C8,257.625,104.0,False,frame_0618.png
618,20801,0x1700,$02:90F0,C8,212.0,196.0,True,frame_0618.png
618,20801,0x1740,$02:9274,E0,212.0,188.0,True,frame_0618.png
618,20801,0x17C0,$02:B04A,C8,25.516,120.398,True,frame_0618.png
618,20801,0x1800,$02:B04A,C8,70.301,64.68,True,frame_0618.png
618,20801,0x1840,$02:B04A,C8,44.406,67.441,True,frame_0618.png
618,20801,0x1880,$02:B04A,C8,27.496,88.328,True,frame_0618.png
618,20801,0x18C0,$02:90F0,C8,180.0,184.0,True,frame_0618.png
618,20801,0x1900,$02:9274,E0,180.0,176.0,True,frame_0618.png
618,20801,0x1AC0,$04:F97F,CC,128.148,114.086,True,frame_0618.png
620,20803,0x1000,$04:DF96,C8,96.5,112.0,True,frame_0620.png
620,20803,0x1040,$04:F8BC,C0,96.0,112.0,True,frame_0620.png
620,20803,0x16C0,$02:B04A,C8,254.031,104.0,True,frame_0620.png
620,20803,0x1700,$02:90F0,C8,210.0,196.0,True,frame_0620.png
620,20803,0x1740,$02:9274,E0,210.0,188.0,True,frame_0620.png
620,20803,0x17C0,$02:B04A,C8,25.117,117.531,True,frame_0620.png
620,20803,0x1800,$02:B04A,C8,72.816,64.68,True,frame_0620.png
620,20803,0x1840,$02:B04A,C8,46.434,66.531,True,frame_0620.png
620,20803,0x1880,$02:B04A,C8,28.523,85.809,True,frame_0620.png
620,20803,0x18C0,$02:90F0,C8,178.0,184.0,True,frame_0620.png
620,20803,0x1900,$02:9274,E0,178.0,176.0,True,frame_0620.png
620,20803,0x1AC0,$04:F97F,CC,124.969,114.719,True,frame_0620.png
622,20805,0x1000,$04:DF96,C8,96.5,112.0,True,frame_0622.png
622,20805,0x1040,$04:F8BC,C0,96.0,112.0,True,frame_0622.png
622,20805,0x16C0,$02:B04A,C8,250.438,104.0,True,frame_0622.png
622,20805,0x1700,$02:90F0,C8,208.0,196.0,True,frame_0622.png
622,20805,0x1740,$02:9274,E0,208.0,188.0,True,frame_0622.png
622,20805,0x17C0,$02:B04A,C8,24.75,114.602,True,frame_0622.png
622,20805,0x1800,$02:B04A,C8,75.332,64.68,True,frame_0622.png
622,20805,0x1840,$02:B04A,C8,48.539,65.793,True,frame_0622.png
622,20805,0x1880,$02:B04A,C8,29.691,83.336,True,frame_0622.png
622,20805,0x18C0,$02:90F0,C8,176.0,184.0,True,frame_0622.png
622,20805,0x1900,$02:9274,E0,176.0,176.0,True,frame_0622.png
622,20805,0x1AC0,$04:F97F,CC,121.789,115.352,True,frame_0622.png
624,20807,0x1000,$04:DF96,C8,96.5,112.0,True,frame_0624.png
624,20807,0x1040,$04:F8BC,C0,96.0,112.0,True,frame_0624.png
624,20807,0x16C0,$02:B04A,C8,246.844,104.0,True,frame_0624.png
624,20807,0x1700,$02:90F0,C8,206.0,196.0,True,frame_0624.png
624,20807,0x1740,$02:9274,E0,206.0,188.0,True,frame_0624.png
624,20807,0x17C0,$02:B04A,C8,24.441,111.637,True,frame_0624.png
624,20807,0x1800,$02:B04A,C8,77.848,64.68,True,frame_0624.png
624,20807,0x1840,$02:B04A,C8,50.723,65.227,True,frame_0624.png
624,20807,0x1880,$02:B04A,C8,31.0,80.91,True,frame_0624.png
624,20807,0x18C0,$02:90F0,C8,174.0,184.0,True,frame_0624.png
624,20807,0x1900,$02:9274,E0,174.0,176.0,True,frame_0624.png
624,20807,0x1AC0,$04:F97F,CC,118.609,115.984,True,frame_0624.png
626,20809,0x1000,$04:DF96,C8,96.5,112.0,True,frame_0626.png
626,20809,0x1040,$04:F8BC,C0,96.0,112.0,True,frame_0626.png
626,20809,0x16C0,$02:B04A,C8,243.25,104.0,True,frame_0626.png
626,20809,0x1700,$02:90F0,C8,204.0,196.0,True,frame_0626.png
626,20809,0x1740,$02:9274,E0,204.0,188.0,True,frame_0626.png
626,20809,0x17C0,$02:B04A,C8,24.273,108.719,True,frame_0626.png
626,20809,0x1800,$02:B04A,C8,80.363,64.68,True,frame_0626.png
626,20809,0x1840,$02:B04A,C8,52.984,64.832,True,frame_0626.png
626,20809,0x1880,$02:B04A,C8,32.402,78.625,True,frame_0626.png
626,20809,0x18C0,$02:90F0,C8,172.0,184.0,True,frame_0626.png
626,20809,0x1900,$02:9274,E0,172.0,176.0,True,frame_0626.png
626,20809,0x1AC0,$04:F97F,CC,115.43,116.617,True,frame_0626.png
628,20811,0x1000,$04:DF96,C8,96.5,112.0,True,frame_0628.png
628,20811,0x1040,$04:F8BC,C0,96.0,112.0,True,frame_0628.png
628,20811,0x16C0,$02:B04A,C8,239.656,104.0,True,frame_0628.png
628,20811,0x1700,$02:90F0,C8,202.0,196.0,True,frame_0628.png
628,20811,0x1740,$02:9274,E0,202.0,188.0,True,frame_0628.png
628,20811,0x17C0,$02:B04A,C8,24.246,105.848,True,frame_0628.png
628,20811,0x1800,$02:B04A,C8,82.879,64.891,True,frame_0628.png
628,20811,0x1840,$02:B04A,C8,55.324,64.609,True,frame_0628.png
628,20811,0x1880,$02:B04A,C8,33.883,76.512,True,frame_0628.png
628,20811,0x18C0,$02:90F0,C8,170.0,184.0,True,frame_0628.png
628,20811,0x1900,$02:9274,E0,170.0,176.0,True,frame_0628.png
628,20811,0x1AC0,$04:F97F,CC,112.25,117.25,True,frame_0628.png
630,20813,0x1000,$04:DF96,C8,96.5,112.0,True,frame_0630.png
630,20813,0x1040,$04:F8BC,C0,96.0,112.0,True,frame_0630.png
630,20813,0x16C0,$02:B04A,C8,236.062,104.0,True,frame_0630.png
630,20813,0x1700,$02:90F0,C8,200.0,196.0,True,frame_0630.png
630,20813,0x1740,$02:9274,E0,200.0,188.0,True,frame_0630.png
630,20813,0x17C0,$02:B04A,C8,24.359,103.023,True,frame_0630.png
630,20813,0x1800,$02:B04A,C8,85.395,65.164,True,frame_0630.png
630,20813,0x1840,$02:B04A,C8,57.742,64.559,True,frame_0630.png
630,20813,0x1880,$02:B04A,C8,35.441,74.57,True,frame_0630.png
630,20813,0x18C0,$02:90F0,C8,168.0,184.0,True,frame_0630.png
630,20813,0x1900,$02:9274,E0,168.0,176.0,True,frame_0630.png
630,20813,0x1AC0,$04:F97F,CC,109.07,117.883,True,frame_0630.png
632,20815,0x1000,$04:DF96,C8,96.5,112.0,True,frame_0632.png
632,20815,0x1040,$04:F8BC,C0,96.0,112.0,True,frame_0632.png
632,20815,0x16C0,$02:B04A,C8,232.469,104.0,True,frame_0632.png
632,20815,0x1700,$02:90F0,C8,198.0,196.0,True,frame_0632.png
632,20815,0x1740,$02:9274,E0,198.0,188.0,True,frame_0632.png
632,20815,0x17C0,$02:B04A,C8,24.613,100.246,True,frame_0632.png
632,20815,0x1800,$02:B04A,C8,87.91,65.5,True,frame_0632.png
632,20815,0x1840,$02:B04A,C8,60.238,64.68,True,frame_0632.png
632,20815,0x1880,$02:B04A,C8,37.078,72.801,True,frame_0632.png
632,20815,0x18C0,$02:90F0,C8,166.0,184.0,True,frame_0632.png
632,20815,0x1900,$02:9274,E0,166.0,176.0,True,frame_0632.png
632,20815,0x1AC0,$04:F97F,CC,105.891,118.516,True,frame_0632.png
634,20817,0x1000,$04:DF96,C8,96.5,112.0,True,frame_0634.png
634,20817,0x1040,$04:F8BC,C0,96.0,112.0,True,frame_0634.png
634,20817,0x16C0,$02:B04A,C8,228.875,104.0,True,frame_0634.png
634,20817,0x1700,$02:90F0,C8,196.0,196.0,True,frame_0634.png
634,20817,0x1740,$02:9274,E0,196.0,188.0,True,frame_0634.png
634,20817,0x17C0,$02:B04A,C8,25.008,97.516,True,frame_0634.png
634,20817,0x1800,$02:B04A,C8,90.426,65.898,True,frame_0634.png
634,20817,0x1840,$02:B04A,C8,62.754,64.68,True,frame_0634.png
634,20817,0x1880,$02:B04A,C8,38.793,71.203,True,frame_0634.png
634,20817,0x18C0,$02:90F0,C8,164.0,184.0,True,frame_0634.png
634,20817,0x1900,$02:9274,E0,164.0,176.0,True,frame_0634.png
634,20817,0x1AC0,$04:F97F,CC,102.711,119.148,True,frame_0634.png
636,20819,0x1000,$04:DF96,C8,96.5,112.0,True,frame_0636.png
636,20819,0x16C0,$02:B04A,C8,225.281,104.0,True,frame_0636.png
636,20819,0x1700,$02:90F0,C8,194.0,196.0,True,frame_0636.png
636,20819,0x1740,$02:9274,E0,194.0,188.0,True,frame_0636.png
636,20819,0x17C0,$02:B04A,C8,25.543,94.832,True,frame_0636.png
636,20819,0x1800,$02:B04A,C8,92.941,66.359,True,frame_0636.png
636,20819,0x1840,$02:B04A,C8,65.27,64.68,True,frame_0636.png
636,20819,0x1880,$02:B04A,C8,40.586,69.777,True,frame_0636.png
636,20819,0x18C0,$02:90F0,C8,162.0,184.0,True,frame_0636.png
636,20819,0x1900,$02:9274,E0,162.0,176.0,True,frame_0636.png
636,20819,0x1AC0,$04:F97F,CC,99.531,119.781,True,frame_0636.png
638,20821,0x1000,$04:DF96,C8,96.5,112.0,True,frame_0638.png
638,20821,0x16C0,$02:B04A,C8,221.688,104.0,True,frame_0638.png
638,20821,0x1700,$02:90F0,C8,192.0,196.0,True,frame_0638.png
638,20821,0x1740,$02:9274,E0,192.0,188.0,True,frame_0638.png
638,20821,0x1780,$02:B04A,88,272.0,104.0,False,frame_0638.png
638,20821,0x17C0,$02:B04A,C8,26.219,92.195,True,frame_0638.png
638,20821,0x1800,$02:B04A,C8,95.457,66.883,True,frame_0638.png
638,20821,0x1840,$02:B04A,C8,67.785,64.68,True,frame_0638.png
638,20821,0x1880,$02:B04A,C8,42.457,68.523,True,frame_0638.png
638,20821,0x18C0,$02:90F0,C8,160.0,184.0,True,frame_0638.png
638,20821,0x1900,$02:9274,E0,160.0,176.0,True,frame_0638.png
638,20821,0x1AC0,$04:F97F,CC,96.352,120.414,True,frame_0638.png
640,20823,0x1000,$04:DF96,C8,96.5,112.0,True,frame_0640.png
640,20823,0x16C0,$02:B04A,C8,218.094,104.0,True,frame_0640.png
640,20823,0x1700,$02:90F0,C8,190.0,196.0,True,frame_0640.png
640,20823,0x1740,$02:9274,E0,190.0,188.0,True,frame_0640.png
640,20823,0x1780,$02:B04A,C8,268.406,104.0,False,frame_0640.png
640,20823,0x17C0,$02:B04A,C8,27.035,89.605,True,frame_0640.png
640,20823,0x1800,$02:B04A,C8,97.973,67.469,True,frame_0640.png
640,20823,0x1840,$02:B04A,C8,70.301,64.68,True,frame_0640.png
640,20823,0x1880,$02:B04A,C8,44.406,67.441,True,frame_0640.png
640,20823,0x18C0,$02:90F0,C8,158.0,184.0,True,frame_0640.png
640,20823,0x1900,$02:9274,E0,158.0,176.0,True,frame_0640.png
640,20823,0x1AC0,$04:F97F,CC,93.172,121.047,True,frame_0640.png
642,20825,0x1000,$04:DF96,C8,96.5,112.0,True,frame_0642.png
642,20825,0x16C0,$02:B04A,C8,214.5,104.0,True,frame_0642.png
642,20825,0x1700,$02:90F0,C8,188.0,196.0,True,frame_0642.png
642,20825,0x1740,$02:9274,E0,188.0,188.0,True,frame_0642.png
642,20825,0x1780,$02:B04A,C8,264.812,104.0,False,frame_0642.png
642,20825,0x17C0,$02:B04A,C8,27.992,87.062,True,frame_0642.png
642,20825,0x1800,$02:B04A,C8,100.488,68.117,True,frame_0642.png
642,20825,0x1840,$02:B04A,C8,72.816,64.68,True,frame_0642.png
642,20825,0x1880,$02:B04A,C8,46.434,66.531,True,frame_0642.png
642,20825,0x18C0,$02:90F0,C8,156.0,184.0,True,frame_0642.png
642,20825,0x1900,$02:9274,E0,156.0,176.0,True,frame_0642.png
642,20825,0x1AC0,$04:F97F,CC,89.992,121.68,True,frame_0642.png
644,20827,0x1000,$04:DF96,C8,96.5,112.0,True,frame_0644.png
644,20827,0x16C0,$02:B04A,C8,210.906,104.0,True,frame_0644.png
644,20827,0x1700,$02:90F0,C8,186.0,196.0,True,frame_0644.png
644,20827,0x1740,$02:9274,E0,186.0,188.0,True,frame_0644.png
644,20827,0x1780,$02:B04A,C8,261.219,104.0,False,frame_0644.png
644,20827,0x17C0,$02:B04A,C8,29.09,84.566,True,frame_0644.png
644,20827,0x1800,$02:B04A,C8,103.004,68.828,True,frame_0644.png
644,20827,0x1840,$02:B04A,C8,75.332,64.68,True,frame_0644.png
644,20827,0x1880,$02:B04A,C8,48.539,65.793,True,frame_0644.png
644,20827,0x18C0,$02:90F0,C8,154.0,184.0,True,frame_0644.png
644,20827,0x1900,$02:9274,E0,154.0,176.0,True,frame_0644.png
644,20827,0x1AC0,$04:F97F,CC,86.812,122.312,True,frame_0644.png
646,20829,0x1000,$04:DF96,C8,96.5,112.0,True,frame_0646.png
646,20829,0x16C0,$02:B04A,C8,207.312,104.0,True,frame_0646.png
646,20829,0x1700,$02:90F0,C8,184.0,196.0,True,frame_0646.png
646,20829,0x1740,$02:9274,E0,184.0,188.0,True,frame_0646.png
646,20829,0x1780,$02:B04A,C8,257.625,104.0,False,frame_0646.png
646,20829,0x17C0,$02:B04A,C8,30.328,82.117,True,frame_0646.png
646,20829,0x1800,$02:B04A,C8,105.52,69.602,True,frame_0646.png
646,20829,0x1840,$02:B04A,C8,77.848,64.68,True,frame_0646.png
646,20829,0x1880,$02:B04A,C8,50.723,65.227,True,frame_0646.png
646,20829,0x18C0,$02:90F0,C8,152.0,184.0,True,frame_0646.png
646,20829,0x1900,$02:9274,E0,152.0,176.0,True,frame_0646.png
646,20829,0x1AC0,$04:F97F,CC,83.633,122.945,True,frame_0646.png
648,20831,0x1000,$04:DF96,C8,96.5,112.0,True,frame_0648.png
648,20831,0x16C0,$02:B04A,C8,203.719,104.0,True,frame_0648.png
648,20831,0x1700,$02:90F0,C8,182.0,196.0,True,frame_0648.png
648,20831,0x1740,$02:9274,E0,182.0,188.0,True,frame_0648.png
648,20831,0x1780,$02:B04A,C8,254.031,104.0,True,frame_0648.png
648,20831,0x17C0,$02:B04A,C8,31.691,79.746,True,frame_0648.png
648,20831,0x1800,$02:B04A,C8,108.035,70.438,True,frame_0648.png
648,20831,0x1840,$02:B04A,C8,80.363,64.68,True,frame_0648.png
648,20831,0x1880,$02:B04A,C8,52.984,64.832,True,frame_0648.png
648,20831,0x18C0,$02:90F0,C8,150.0,184.0,True,frame_0648.png
648,20831,0x1900,$02:9274,E0,150.0,176.0,True,frame_0648.png
648,20831,0x1AC0,$04:F97F,CC,80.453,123.578,True,frame_0648.png
650,20833,0x1000,$04:DF96,C8,96.5,112.0,True,frame_0650.png
650,20833,0x16C0,$02:B04A,C8,200.125,104.0,True,frame_0650.png
650,20833,0x1700,$02:90F0,C8,180.0,196.0,True,frame_0650.png
650,20833,0x1740,$02:9274,E0,180.0,188.0,True,frame_0650.png
650,20833,0x1780,$02:B04A,C8,250.438,104.0,True,frame_0650.png
650,20833,0x17C0,$02:B04A,C8,33.133,77.547,True,frame_0650.png
650,20833,0x1800,$02:B04A,C8,110.551,71.336,True,frame_0650.png
650,20833,0x1840,$02:B04A,C8,82.879,64.891,True,frame_0650.png
650,20833,0x1880,$02:B04A,C8,55.324,64.609,True,frame_0650.png
650,20833,0x18C0,$02:90F0,C8,148.0,184.0,True,frame_0650.png
650,20833,0x1900,$02:9274,E0,148.0,176.0,True,frame_0650.png
650,20833,0x1AC0,$04:F97F,CC,77.273,124.211,True,frame_0650.png
652,20835,0x1000,$04:DF96,C8,96.5,112.0,True,frame_0652.png
652,20835,0x16C0,$02:B04A,C8,196.531,104.0,True,frame_0652.png
652,20835,0x1700,$02:90F0,C8,178.0,196.0,True,frame_0652.png
652,20835,0x1740,$02:9274,E0,178.0,188.0,True,frame_0652.png
652,20835,0x1780,$02:B04A,C8,246.844,104.0,True,frame_0652.png
652,20835,0x17C0,$02:B04A,C8,34.652,75.52,True,frame_0652.png
652,20835,0x1800,$02:B04A,C8,113.066,72.297,True,frame_0652.png
652,20835,0x1840,$02:B04A,C8,85.395,65.164,True,frame_0652.png
652,20835,0x1880,$02:B04A,C8,57.742,64.559,True,frame_0652.png
652,20835,0x18C0,$02:90F0,C8,146.0,184.0,True,frame_0652.png
652,20835,0x1900,$02:9274,E0,146.0,176.0,True,frame_0652.png
652,20835,0x1AC0,$04:F97F,CC,74.094,124.844,True,frame_0652.png
654,20837,0x1000,$04:DF96,C8,96.5,112.0,True,frame_0654.png
654,20837,0x16C0,$02:B04A,C8,192.938,104.0,True,frame_0654.png
654,20837,0x1700,$02:90F0,C8,176.0,196.0,True,frame_0654.png
654,20837,0x1740,$02:9274,E0,176.0,188.0,True,frame_0654.png
654,20837,0x1780,$02:B04A,C8,243.25,104.0,True,frame_0654.png
654,20837,0x17C0,$02:B04A,C8,36.25,73.664,True,frame_0654.png
654,20837,0x1800,$02:B04A,C8,115.582,73.32,True,frame_0654.png
654,20837,0x1840,$02:B04A,C8,87.91,65.5,True,frame_0654.png
654,20837,0x1880,$02:B04A,C8,60.238,64.68,True,frame_0654.png
654,20837,0x18C0,$02:91DB,D8,145.0,184.0,True,frame_0654.png
654,20837,0x1900,$02:9274,E0,145.0,176.0,True,frame_0654.png
654,20837,0x1AC0,$04:F97F,CC,70.914,125.477,True,frame_0654.png
656,20839,0x1000,$04:DF96,C8,96.5,112.0,True,frame_0656.png
656,20839,0x16C0,$02:B04A,C8,189.344,104.0,True,frame_0656.png
656,20839,0x1700,$02:90F0,C8,174.0,196.0,True,frame_0656.png
656,20839,0x1740,$02:9274,E0,174.0,188.0,True,frame_0656.png
656,20839,0x1780,$02:B04A,C8,239.656,104.0,True,frame_0656.png
656,20839,0x17C0,$02:B04A,C8,37.926,71.98,True,frame_0656.png
656,20839,0x1800,$02:B04A,C8,118.098,74.406,True,frame_0656.png
656,20839,0x1840,$02:B04A,C8,90.426,65.898,True,frame_0656.png
656,20839,0x1880,$02:B04A,C8,62.754,64.68,True,frame_0656.png
656,20839,0x18C0,$02:91DB,D8,144.0,184.0,True,frame_0656.png
656,20839,0x1900,$02:9274,E0,144.0,176.0,True,frame_0656.png
656,20839,0x1AC0,$04:F97F,CC,67.734,126.109,True,frame_0656.png
658,20841,0x1000,$04:DF96,C8,96.5,112.0,True,frame_0658.png
658,20841,0x16C0,$02:B04A,C8,185.75,104.0,True,frame_0658.png
658,20841,0x1700,$02:90F0,C8,172.0,196.0,True,frame_0658.png
658,20841,0x1740,$02:9274,E0,172.0,188.0,True,frame_0658.png
658,20841,0x1780,$02:B04A,C8,236.062,104.0,True,frame_0658.png
658,20841,0x17C0,$02:B04A,C8,39.68,70.469,True,frame_0658.png
658,20841,0x1800,$02:B04A,C8,120.613,75.555,True,frame_0658.png
658,20841,0x1840,$02:B04A,C8,92.941,66.359,True,frame_0658.png
658,20841,0x1880,$02:B04A,C8,65.27,64.68,True,frame_0658.png
658,20841,0x18C0,$02:91DB,D8,143.0,184.0,True,frame_0658.png
658,20841,0x1900,$02:9274,E0,143.0,176.0,True,frame_0658.png
658,20841,0x1AC0,$04:F97F,CC,64.555,126.742,True,frame_0658.png
660,20843,0x1000,$04:DF96,C8,96.5,112.0,True,frame_0660.png
660,20843,0x16C0,$02:B04A,C8,182.156,104.0,True,frame_0660.png
660,20843,0x1700,$02:90F0,C8,170.0,196.0,True,frame_0660.png
660,20843,0x1740,$02:9274,E0,170.0,188.0,True,frame_0660.png
660,20843,0x1780,$02:B04A,C8,232.469,104.0,True,frame_0660.png
660,20843,0x17C0,$02:B04A,C8,41.512,69.129,True,frame_0660.png
660,20843,0x1800,$02:B04A,C8,123.129,76.766,True,frame_0660.png
660,20843,0x1840,$02:B04A,C8,95.457,66.883,True,frame_0660.png
660,20843,0x1880,$02:B04A,C8,67.785,64.68,True,frame_0660.png
660,20843,0x18C0,$02:91DB,D8,142.0,184.0,True,frame_0660.png
660,20843,0x1900,$02:9274,E0,142.0,176.0,True,frame_0660.png
660,20843,0x1AC0,$04:F97F,CC,61.375,127.375,True,frame_0660.png
662,20845,0x1000,$04:DF96,C8,96.5,112.0,True,frame_0662.png
662,20845,0x16C0,$02:B04A,C8,178.562,104.0,True,frame_0662.png
662,20845,0x1700,$02:90F0,C8,168.0,196.0,True,frame_0662.png
662,20845,0x1740,$02:9274,E0,168.0,188.0,True,frame_0662.png
662,20845,0x1780,$02:B04A,C8,228.875,104.0,True,frame_0662.png
662,20845,0x17C0,$02:B04A,C8,43.422,67.961,True,frame_0662.png
662,20845,0x1800,$02:B04A,C8,125.645,78.039,True,frame_0662.png
662,20845,0x1840,$02:B04A,C8,97.973,67.469,True,frame_0662.png
662,20845,0x1880,$02:B04A,C8,70.301,64.68,True,frame_0662.png
662,20845,0x18C0,$02:91DB,D8,141.0,184.0,True,frame_0662.png
662,20845,0x1900,$02:9274,E0,141.0,176.0,True,frame_0662.png
662,20845,0x1AC0,$04:F97F,CC,58.195,128.008,True,frame_0662.png
664,20847,0x1000,$04:DF96,C8,96.5,112.0,True,frame_0664.png
664,20847,0x16C0,$02:B04A,C8,174.969,104.0,True,frame_0664.png
664,20847,0x1700,$02:90F0,C8,166.0,196.0,True,frame_0664.png
664,20847,0x1740,$02:9274,E0,166.0,188.0,True,frame_0664.png
664,20847,0x1780,$02:B04A,C8,225.281,104.0,True,frame_0664.png
664,20847,0x17C0,$02:B04A,C8,45.41,66.965,True,frame_0664.png
664,20847,0x1800,$02:B04A,C8,128.16,79.375,True,frame_0664.png
664,20847,0x1840,$02:B04A,C8,100.488,68.117,True,frame_0664.png
664,20847,0x1880,$02:B04A,C8,72.816,64.68,True,frame_0664.png
664,20847,0x18C0,$02:91DB,D8,140.0,184.0,True,frame_0664.png
664,20847,0x1900,$02:9274,E0,140.0,176.0,True,frame_0664.png
664,20847,0x1AC0,$04:F97F,CC,55.016,128.641,True,frame_0664.png
666,20849,0x1000,$04:DF96,C8,96.5,112.0,True,frame_0666.png
666,20849,0x16C0,$02:B04A,C8,171.375,104.0,True,frame_0666.png
666,20849,0x1700,$02:90F0,C8,164.0,196.0,True,frame_0666.png
666,20849,0x1740,$02:9274,E0,164.0,188.0,True,frame_0666.png
666,20849,0x1780,$02:B04A,C8,221.688,104.0,True,frame_0666.png
666,20849,0x17C0,$02:B04A,C8,47.477,66.141,True,frame_0666.png
666,20849,0x1800,$02:B04A,C8,130.688,80.746,True,frame_0666.png
666,20849,0x1840,$02:B04A,C8,103.004,68.828,True,frame_0666.png
666,20849,0x1880,$02:B04A,C8,75.332,64.68,True,frame_0666.png
666,20849,0x18C0,$02:91DB,D8,139.0,184.0,True,frame_0666.png
666,20849,0x1900,$02:9274,E0,139.0,176.0,True,frame_0666.png
666,20849,0x1940,$02:B04A,88,272.0,104.0,False,frame_0666.png
666,20849,0x1AC0,$04:F97F,CC,51.836,129.273,True,frame_0666.png
668,20851,0x1000,$04:DF96,C8,96.5,112.0,True,frame_0668.png
668,20851,0x16C0,$02:B04A,C8,167.781,104.0,True,frame_0668.png
668,20851,0x1700,$02:90F0,C8,162.0,196.0,True,frame_0668.png
668,20851,0x1740,$02:9274,E0,162.0,188.0,True,frame_0668.png
668,20851,0x1780,$02:B04A,C8,218.094,104.0,True,frame_0668.png
668,20851,0x17C0,$02:B04A,C8,49.621,65.488,True,frame_0668.png
668,20851,0x1800,$02:B04A,C8,133.262,82.07,True,frame_0668.png
668,20851,0x1840,$02:B04A,C8,105.52,69.602,True,frame_0668.png
668,20851,0x1880,$02:B04A,C8,77.848,64.68,True,frame_0668.png
668,20851,0x18C0,$02:91DB,D8,138.0,184.0,True,frame_0668.png
668,20851,0x1900,$02:9274,E0,138.0,176.0,True,frame_0668.png
668,20851,0x1940,$02:B04A,C8,268.406,104.0,False,frame_0668.png
668,20851,0x1AC0,$04:F97F,CC,48.656,129.906,True,frame_0668.png
670,20853,0x1000,$04:DF96,C8,96.5,112.0,True,frame_0670.png
670,20853,0x16C0,$02:B04A,C8,164.188,104.0,True,frame_0670.png
670,20853,0x1700,$02:90F0,C8,160.0,196.0,True,frame_0670.png
670,20853,0x1740,$02:9274,E0,160.0,188.0,True,frame_0670.png
670,20853,0x1780,$02:B04A,C8,214.5,104.0,True,frame_0670.png
670,20853,0x17C0,$02:B04A,C8,51.844,65.008,True,frame_0670.png
670,20853,0x1800,$02:B04A,C8,135.883,83.348,True,frame_0670.png
670,20853,0x1840,$02:B04A,C8,108.035,70.438,True,frame_0670.png
670,20853,0x1880,$02:B04A,C8,80.363,64.68,True,frame_0670.png
670,20853,0x18C0,$02:91DB,D8,137.0,184.0,True,frame_0670.png
670,20853,0x1900,$02:9274,E0,137.0,176.0,True,frame_0670.png
670,20853,0x1940,$02:B04A,C8,264.812,104.0,False,frame_0670.png
670,20853,0x1AC0,$04:F97F,CC,45.477,130.539,True,frame_0670.png
672,20855,0x1000,$04:DF96,C8,96.5,112.0,True,frame_0672.png
672,20855,0x16C0,$02:B04A,C8,160.594,104.0,True,frame_0672.png
672,20855,0x1700,$02:90F0,C8,158.0,196.0,True,frame_0672.png
672,20855,0x1740,$02:9274,E0,158.0,188.0,True,frame_0672.png
672,20855,0x1780,$02:B04A,C8,210.906,104.0,True,frame_0672.png
672,20855,0x17C0,$02:B04A,C8,54.145,64.699,True,frame_0672.png
672,20855,0x1800,$02:B04A,C8,138.551,84.578,True,frame_0672.png
672,20855,0x1840,$02:B04A,C8,110.551,71.336,True,frame_0672.png
672,20855,0x1880,$02:B04A,C8,82.879,64.891,True,frame_0672.png
672,20855,0x18C0,$02:91DB,D8,136.0,184.0,True,frame_0672.png
672,20855,0x1900,$02:9274,E0,136.0,176.0,True,frame_0672.png
672,20855,0x1940,$02:B04A,C8,261.219,104.0,False,frame_0672.png
672,20855,0x1AC0,$04:F97F,CC,42.297,131.172,True,frame_0672.png
674,20857,0x1000,$04:DF96,C8,96.5,112.0,True,frame_0674.png
674,20857,0x16C0,$02:B04A,C8,157.293,103.73,True,frame_0674.png
674,20857,0x1700,$02:90F0,C8,156.0,196.0,True,frame_0674.png
674,20857,0x1740,$02:9274,E0,156.0,188.0,True,frame_0674.png
674,20857,0x1780,$02:B04A,C8,207.312,104.0,True,frame_0674.png
674,20857,0x17C0,$02:B04A,C8,56.523,64.562,True,frame_0674.png
674,20857,0x1800,$02:B04A,C8,141.266,85.762,True,frame_0674.png
674,20857,0x1840,$02:B04A,C8,113.066,72.297,True,frame_0674.png
674,20857,0x1880,$02:B04A,C8,85.395,65.164,True,frame_0674.png
674,20857,0x18C0,$02:9119,C8,135.0,184.0,True,frame_0674.png
674,20857,0x1900,$02:9274,E0,135.0,176.0,True,frame_0674.png
674,20857,0x1940,$02:B04A,C8,257.625,104.0,False,frame_0674.png
674,20857,0x1AC0,$04:F97F,CC,39.117,131.805,True,frame_0674.png
676,20859,0x1000,$04:DF96,C8,96.5,112.0,True,frame_0676.png
676,20859,0x16C0,$02:B04A,C8,154.383,103.102,True,frame_0676.png
676,20859,0x1700,$02:90F0,C8,154.0,196.0,True,frame_0676.png
676,20859,0x1740,$02:9274,E0,154.0,188.0,True,frame_0676.png
676,20859,0x1780,$02:B04A,C8,203.719,104.0,True,frame_0676.png
676,20859,0x17C0,$02:B04A,C8,58.98,64.598,True,frame_0676.png
676,20859,0x1800,$02:B04A,C8,144.027,86.898,True,frame_0676.png
676,20859,0x1840,$02:B04A,C8,115.582,73.32,True,frame_0676.png
676,20859,0x1880,$02:B04A,C8,87.91,65.5,True,frame_0676.png
676,20859,0x18C0,$02:9119,C8,135.625,184.0,True,frame_0676.png
676,20859,0x1900,$02:9274,E0,135.0,176.0,True,frame_0676.png
676,20859,0x1940,$02:B04A,C8,254.031,104.0,True,frame_0676.png
676,20859,0x1AC0,$04:F97F,CC,35.938,132.438,True,frame_0676.png
678,20861,0x1000,$04:DF96,C8,96.5,112.0,True,frame_0678.png
678,20861,0x16C0,$02:B04A,C8,151.863,102.113,True,frame_0678.png
678,20861,0x1700,$02:90F0,C8,152.0,196.0,True,frame_0678.png
678,20861,0x1740,$02:9274,E0,152.0,188.0,True,frame_0678.png
678,20861,0x1780,$02:B04A,C8,200.125,104.0,True,frame_0678.png
678,20861,0x17C0,$02:B04A,C8,61.496,64.68,True,frame_0678.png
678,20861,0x1800,$02:B04A,C8,146.836,87.988,True,frame_0678.png
678,20861,0x1840,$02:B04A,C8,118.098,74.406,True,frame_0678.png
678,20861,0x1880,$02:B04A,C8,90.426,65.898,True,frame_0678.png
678,20861,0x18C0,$02:9119,C8,136.25,184.0,True,frame_0678.png
678,20861,0x1900,$02:9274,E0,136.0,176.0,True,frame_0678.png
678,20861,0x1940,$02:B04A,C8,250.438,104.0,True,frame_0678.png
678,20861,0x1AC0,$04:F97F,CC,32.758,133.07,True,frame_0678.png
680,20863,0x1000,$04:DF96,C8,96.5,112.0,True,frame_0680.png
680,20863,0x16C0,$02:B04A,C8,149.734,100.766,True,frame_0680.png
680,20863,0x1700,$02:90F0,C8,150.0,196.0,True,frame_0680.png
680,20863,0x1740,$02:9274,E0,150.0,188.0,True,frame_0680.png
680,20863,0x1780,$02:B04A,C8,196.531,104.0,True,frame_0680.png
680,20863,0x17C0,$02:B04A,C8,64.012,64.68,True,frame_0680.png
680,20863,0x1800,$02:B04A,C8,149.691,89.031,True,frame_0680.png
680,20863,0x1840,$02:B04A,C8,120.613,75.555,True,frame_0680.png
680,20863,0x1880,$02:B04A,C8,92.941,66.359,True,frame_0680.png
680,20863,0x18C0,$02:9119,C8,136.875,184.0,True,frame_0680.png
680,20863,0x1900,$02:9274,E0,136.0,176.0,True,frame_0680.png
680,20863,0x1940,$02:B04A,C8,246.844,104.0,True,frame_0680.png
680,20863,0x1AC0,$04:F97F,CC,29.578,133.703,True,frame_0680.png
682,20865,0x1000,$04:DF96,C8,96.5,112.0,True,frame_0682.png
682,20865,0x16C0,$02:B04A,C8,147.996,99.059,True,frame_0682.png
682,20865,0x1700,$02:90F0,C8,148.0,196.0,True,frame_0682.png
682,20865,0x1740,$02:9274,E0,148.0,188.0,True,frame_0682.png
682,20865,0x1780,$02:B04A,C8,192.938,104.0,True,frame_0682.png
682,20865,0x17C0,$02:B04A,C8,66.527,64.68,True,frame_0682.png
682,20865,0x1800,$02:B04A,C8,152.594,90.027,True,frame_0682.png
682,20865,0x1840,$02:B04A,C8,123.129,76.766,True,frame_0682.png
682,20865,0x1880,$02:B04A,C8,95.457,66.883,True,frame_0682.png
682,20865,0x18C0,$02:9119,C8,137.5,184.0,True,frame_0682.png
682,20865,0x1900,$02:9274,E0,137.0,176.0,True,frame_0682.png
682,20865,0x1940,$02:B04A,C8,243.25,104.0,True,frame_0682.png
682,20865,0x1AC0,$04:F97F,CC,26.398,134.336,True,frame_0682.png
684,20867,0x1000,$04:DF96,C8,96.5,112.0,True,frame_0684.png
684,20867,0x16C0,$02:B04A,C8,146.648,96.992,True,frame_0684.png
684,20867,0x1700,$02:90F0,C8,146.0,196.0,True,frame_0684.png
684,20867,0x1740,$02:9274,E0,146.0,188.0,True,frame_0684.png
684,20867,0x1780,$02:B04A,C8,189.344,104.0,True,frame_0684.png
684,20867,0x17C0,$02:B04A,C8,69.043,64.68,True,frame_0684.png
684,20867,0x1800,$02:B04A,C8,155.543,90.977,True,frame_0684.png
684,20867,0x1840,$02:B04A,C8,125.645,78.039,True,frame_0684.png
684,20867,0x1880,$02:B04A,C8,97.973,67.469,True,frame_0684.png
684,20867,0x18C0,$02:9119,C8,138.125,184.0,True,frame_0684.png
684,20867,0x1900,$02:9274,E0,138.0,176.0,True,frame_0684.png
684,20867,0x1940,$02:B04A,C8,239.656,104.0,True,frame_0684.png
684,20867,0x1AC0,$04:F97F,CC,23.219,134.969,True,frame_0684.png
686,20869,0x1000,$04:DF96,C8,96.5,112.0,True,frame_0686.png
686,20869,0x16C0,$02:B04A,C8,145.691,94.566,True,frame_0686.png
686,20869,0x1700,$02:91DB,D8,145.0,196.0,True,frame_0686.png
686,20869,0x1740,$02:9274,E0,145.0,188.0,True,frame_0686.png
686,20869,0x1780,$02:B04A,C8,185.75,104.0,True,frame_0686.png
686,20869,0x17C0,$02:B04A,C8,71.559,64.68,True,frame_0686.png
686,20869,0x1800,$02:B04A,C8,158.539,91.879,True,frame_0686.png
686,20869,0x1840,$02:B04A,C8,128.16,79.375,True,frame_0686.png
686,20869,0x1880,$02:B04A,C8,100.488,68.117,True,frame_0686.png
686,20869,0x18C0,$02:9119,C8,138.75,184.0,True,frame_0686.png
686,20869,0x1900,$02:9274,E0,138.0,176.0,True,frame_0686.png
686,20869,0x1940,$02:B04A,C8,236.062,104.0,True,frame_0686.png
686,20869,0x1AC0,$04:F97F,CC,20.039,135.602,True,frame_0686.png
688,20871,0x1000,$04:DF96,C8,96.5,112.0,True,frame_0688.png
688,20871,0x16C0,$02:B04A,C8,145.125,91.781,True,frame_0688.png
688,20871,0x1700,$02:91DB,D8,144.0,196.0,True,frame_0688.png
688,20871,0x1740,$02:9274,E0,144.0,188.0,True,frame_0688.png
688,20871,0x1780,$02:B04A,C8,182.156,104.0,True,frame_0688.png
688,20871,0x17C0,$02:B04A,C8,74.074,64.68,True,frame_0688.png
688,20871,0x1800,$02:B04A,C8,161.582,92.734,True,frame_0688.png
688,20871,0x1840,$02:B04A,C8,130.688,80.746,True,frame_0688.png
688,20871,0x1880,$02:B04A,C8,103.004,68.828,True,frame_0688.png
688,20871,0x18C0,$02:9119,C8,139.375,184.0,True,frame_0688.png
688,20871,0x1900,$02:9274,E0,139.0,176.0,True,frame_0688.png
688,20871,0x1940,$02:B04A,C8,232.469,104.0,True,frame_0688.png
688,20871,0x1AC0,$04:F97F,CC,16.859,136.234,True,frame_0688.png
690,20873,0x1000,$04:DF96,C8,96.5,112.0,True,frame_0690.png
690,20873,0x16C0,$02:B04A,C8,144.949,88.637,True,frame_0690.png
690,20873,0x1700,$02:91DB,D8,143.0,196.0,True,frame_0690.png
690,20873,0x1740,$02:9274,E0,143.0,188.0,True,frame_0690.png
690,20873,0x1780,$02:B04A,C8,178.562,104.0,True,frame_0690.png
690,20873,0x17C0,$02:B04A,C8,76.59,64.68,True,frame_0690.png
690,20873,0x1800,$02:B04A,C8,164.672,93.543,True,frame_0690.png
690,20873,0x1840,$02:B04A,C8,133.262,82.07,True,frame_0690.png
690,20873,0x1880,$02:B04A,C8,105.52,69.602,True,frame_0690.png
690,20873,0x18C0,$02:9119,C8,140.0,184.0,True,frame_0690.png
690,20873,0x1900,$02:9274,E0,140.0,176.0,True,frame_0690.png
690,20873,0x1940,$02:B04A,C8,228.875,104.0,True,frame_0690.png
690,20873,0x1980,$02:90F0,C8,272.0,184.0,False,frame_0690.png
690,20873,0x19C0,$02:9274,E0,272.0,176.0,False,frame_0690.png
690,20873,0x1AC0,$04:F97F,CC,13.68,136.867,True,frame_0690.png
692,20875,0x1000,$04:DF96,C8,96.5,112.0,True,frame_0692.png
692,20875,0x16C0,$02:B04A,C8,145.035,85.613,True,frame_0692.png
692,20875,0x1700,$02:91DB,D8,142.0,196.0,True,frame_0692.png
692,20875,0x1740,$02:9274,E0,142.0,188.0,True,frame_0692.png
692,20875,0x1780,$02:B04A,C8,174.969,104.0,True,frame_0692.png
692,20875,0x17C0,$02:B04A,C8,79.105,64.68,True,frame_0692.png
692,20875,0x1800,$02:B04A,C8,167.809,94.305,True,frame_0692.png
692,20875,0x1840,$02:B04A,C8,135.883,83.348,True,frame_0692.png
692,20875,0x1880,$02:B04A,C8,108.035,70.438,True,frame_0692.png
692,20875,0x18C0,$02:9119,C8,140.625,184.0,True,frame_0692.png
692,20875,0x1900,$02:9274,E0,140.0,176.0,True,frame_0692.png
692,20875,0x1940,$02:B04A,C8,225.281,104.0,True,frame_0692.png
692,20875,0x1980,$02:90F0,C8,270.0,184.0,False,frame_0692.png
692,20875,0x19C0,$02:9274,E0,270.0,176.0,False,frame_0692.png
692,20875,0x1AC0,$04:F97F,CC,10.5,137.5,True,frame_0692.png
694,20877,0x1000,$04:DF96,C8,96.5,112.0,True,frame_0694.png
694,20877,0x16C0,$02:B04A,C8,145.34,82.871,True,frame_0694.png
694,20877,0x1700,$02:91DB,D8,141.0,196.0,True,frame_0694.png
694,20877,0x1740,$02:9274,E0,141.0,188.0,True,frame_0694.png
694,20877,0x1780,$02:B04A,C8,171.375,104.0,True,frame_0694.png
694,20877,0x17C0,$02:B04A,C8,81.621,64.777,True,frame_0694.png
694,20877,0x1800,$02:B04A,C8,170.992,95.02,True,frame_0694.png
694,20877,0x1840,$02:B04A,C8,138.551,84.578,True,frame_0694.png
694,20877,0x1880,$02:B04A,C8,110.551,71.336,True,frame_0694.png
694,20877,0x18C0,$02:9119,C8,141.25,184.0,True,frame_0694.png
694,20877,0x1900,$02:9274,E0,141.0,176.0,True,frame_0694.png
694,20877,0x1940,$02:B04A,C8,221.688,104.0,True,frame_0694.png
694,20877,0x1980,$02:90F0,C8,268.0,184.0,False,frame_0694.png
694,20877,0x19C0,$02:9274,E0,268.0,176.0,False,frame_0694.png
694,20877,0x1AC0,$04:F97F,CC,7.32,138.133,True,frame_0694.png
696,20879,0x1000,$04:DF96,C8,96.5,112.0,True,frame_0696.png
696,20879,0x16C0,$02:B04A,C8,145.863,80.41,True,frame_0696.png
696,20879,0x1700,$02:91DB,D8,140.0,196.0,True,frame_0696.png
696,20879,0x1740,$02:9274,E0,140.0,188.0,True,frame_0696.png
696,20879,0x1780,$02:B04A,C8,167.781,104.0,True,frame_0696.png
696,20879,0x17C0,$02:B04A,C8,84.137,65.02,True,frame_0696.png
696,20879,0x1800,$02:B04A,C8,174.223,95.688,True,frame_0696.png
696,20879,0x1840,$02:B04A,C8,141.266,85.762,True,frame_0696.png
696,20879,0x1880,$02:B04A,C8,113.066,72.297,True,frame_0696.png
696,20879,0x18C0,$02:9119,C8,141.875,184.0,True,frame_0696.png
696,20879,0x1900,$02:9274,E0,141.0,176.0,True,frame_0696.png
696,20879,0x1940,$02:B04A,C8,218.094,104.0,True,frame_0696.png
696,20879,0x1980,$02:90F0,C8,266.0,184.0,False,frame_0696.png
696,20879,0x19C0,$02:9274,E0,266.0,176.0,False,frame_0696.png
696,20879,0x1AC0,$04:F97F,CC,4.141,138.766,True,frame_0696.png
698,20881,0x1000,$04:DF96,C8,96.5,112.0,True,frame_0698.png
698,20881,0x16C0,$02:B04A,C8,146.605,78.23,True,frame_0698.png
698,20881,0x1700,$02:91DB,D8,139.0,196.0,True,frame_0698.png
698,20881,0x1740,$02:9274,E0,139.0,188.0,True,frame_0698.png
698,20881,0x1780,$02:B04A,C8,164.188,104.0,True,frame_0698.png
698,20881,0x17C0,$02:B04A,C8,86.652,65.324,True,frame_0698.png
698,20881,0x1800,$02:B04A,C8,177.5,96.309,True,frame_0698.png
698,20881,0x1840,$02:B04A,C8,144.027,86.898,True,frame_0698.png
698,20881,0x1880,$02:B04A,C8,115.582,73.32,True,frame_0698.png
698,20881,0x18C0,$02:9119,C8,142.5,184.0,True,frame_0698.png
698,20881,0x1900,$02:9274,E0,142.0,176.0,True,frame_0698.png
698,20881,0x1940,$02:B04A,C8,214.5,104.0,True,frame_0698.png
698,20881,0x1980,$02:90F0,C8,264.0,184.0,False,frame_0698.png
698,20881,0x19C0,$02:9274,E0,264.0,176.0,False,frame_0698.png
698,20881,0x1AC0,$04:F97F,CC,0.961,139.398,True,frame_0698.png
700,20883,0x1000,$04:DF96,C8,96.5,112.0,True,frame_0700.png
700,20883,0x16C0,$02:B04A,C8,147.566,76.332,True,frame_0700.png
700,20883,0x1700,$02:91DB,D8,138.0,196.0,True,frame_0700.png
700,20883,0x1740,$02:9274,E0,138.0,188.0,True,frame_0700.png
700,20883,0x1780,$02:B04A,C8,160.594,104.0,True,frame_0700.png
700,20883,0x17C0,$02:B04A,C8,89.168,65.691,True,frame_0700.png
700,20883,0x1800,$02:B04A,C8,180.824,96.883,True,frame_0700.png
700,20883,0x1840,$02:B04A,C8,146.836,87.988,True,frame_0700.png
700,20883,0x1880,$02:B04A,C8,118.098,74.406,True,frame_0700.png
700,20883,0x18C0,$02:9119,C8,143.125,184.0,True,frame_0700.png
700,20883,0x1900,$02:9274,E0,143.0,176.0,True,frame_0700.png
700,20883,0x1940,$02:B04A,C8,210.906,104.0,True,frame_0700.png
700,20883,0x1980,$02:90F0,C8,262.0,184.0,False,frame_0700.png
700,20883,0x19C0,$02:9274,E0,262.0,176.0,False,frame_0700.png
700,20883,0x1AC0,$04:F97F,CC,-2.219,140.031,False,frame_0700.png
702,20885,0x1000,$04:DF96,C8,96.5,112.0,True,frame_0702.png
702,20885,0x16C0,$02:B04A,C8,148.746,74.715,True,frame_0702.png
702,20885,0x1700,$02:91DB,D8,137.0,196.0,True,frame_0702.png
702,20885,0x1740,$02:9274,E0,137.0,188.0,True,frame_0702.png
702,20885,0x1780,$02:B04A,C8,157.293,103.73,True,frame_0702.png
702,20885,0x17C0,$02:B04A,C8,91.684,66.121,True,frame_0702.png
702,20885,0x1800,$02:B04A,C8,184.195,97.41,True,frame_0702.png
702,20885,0x1840,$02:B04A,C8,149.691,89.031,True,frame_0702.png
702,20885,0x1880,$02:B04A,C8,120.613,75.555,True,frame_0702.png
702,20885,0x18C0,$02:9119,C8,143.75,184.0,True,frame_0702.png
702,20885,0x1900,$02:9274,E0,143.0,176.0,True,frame_0702.png
702,20885,0x1940,$02:B04A,C8,207.312,104.0,True,frame_0702.png
702,20885,0x1980,$02:90F0,C8,260.0,184.0,False,frame_0702.png
702,20885,0x19C0,$02:9274,E0,260.0,176.0,False,frame_0702.png
702,20885,0x1AC0,$04:F97F,CC,-5.398,140.664,False,frame_0702.png
704,20887,0x1000,$04:DF96,C8,96.5,112.0,True,frame_0704.png
704,20887,0x16C0,$02:B04A,C8,150.145,73.379,True,frame_0704.png
704,20887,0x1700,$02:91DB,D8,136.0,196.0,True,frame_0704.png
704,20887,0x1740,$02:9274,E0,136.0,188.0,True,frame_0704.png
704,20887,0x1780,$02:B04A,C8,154.383,103.102,True,frame_0704.png
704,20887,0x17C0,$02:B04A,C8,94.199,66.613,True,frame_0704.png
704,20887,0x1800,$02:B04A,C8,187.602,97.656,True,frame_0704.png
704,20887,0x1840,$02:B04A,C8,152.594,90.027,True,frame_0704.png
704,20887,0x1880,$02:B04A,C8,123.129,76.766,True,frame_0704.png
704,20887,0x18C0,$02:9119,C8,144.375,184.0,True,frame_0704.png
704,20887,0x1900,$02:9274,E0,144.0,176.0,True,frame_0704.png
704,20887,0x1940,$02:B04A,C8,203.719,104.0,True,frame_0704.png
704,20887,0x1980,$02:90F0,C8,258.0,184.0,False,frame_0704.png
704,20887,0x19C0,$02:9274,E0,258.0,176.0,False,frame_0704.png
704,20887,0x1AC0,$04:F97F,CC,-8.578,141.297,False,frame_0704.png
706,20889,0x1000,$04:DF96,C8,96.5,112.0,True,frame_0706.png
706,20889,0x16C0,$02:B04A,C8,151.762,72.324,True,frame_0706.png
706,20889,0x1700,$02:91DB,D8,135.0,196.0,True,frame_0706.png
706,20889,0x1740,$02:9274,E0,135.0,188.0,True,frame_0706.png
706,20889,0x1780,$02:B04A,C8,151.863,102.113,True,frame_0706.png
706,20889,0x17C0,$02:B04A,C8,96.715,67.168,True,frame_0706.png
706,20889,0x1800,$02:B04A,C8,191.008,97.656,True,frame_0706.png
706,20889,0x1840,$02:B04A,C8,155.543,90.977,True,frame_0706.png
706,20889,0x1880,$02:B04A,C8,125.645,78.039,True,frame_0706.png
706,20889,0x18C0,$02:9119,C8,145.0,184.0,True,frame_0706.png
706,20889,0x1900,$02:9274,E0,145.0,176.0,True,frame_0706.png
706,20889,0x1940,$02:B04A,C8,200.125,104.0,True,frame_0706.png
706,20889,0x1980,$02:90F0,C8,256.0,184.0,False,frame_0706.png
706,20889,0x19C0,$02:9274,E0,256.0,176.0,False,frame_0706.png
706,20889,0x1A00,$02:90F0,C8,272.0,196.0,False,frame_0706.png
706,20889,0x1A40,$02:9274,E0,272.0,188.0,False,frame_0706.png
706,20889,0x1AC0,$04:F97F,CC,-11.758,141.93,False,frame_0706.png
708,20891,0x1000,$04:DF96,C8,96.5,112.0,True,frame_0708.png
708,20891,0x16C0,$02:B04A,C8,153.598,71.551,True,frame_0708.png
708,20891,0x1700,$02:91DB,D8,134.0,196.0,True,frame_0708.png
708,20891,0x1740,$02:9274,E0,134.0,188.0,True,frame_0708.png
708,20891,0x1780,$02:B04A,C8,149.734,100.766,True,frame_0708.png
708,20891,0x17C0,$02:B04A,C8,99.23,67.785,True,frame_0708.png
708,20891,0x1800,$02:B04A,C8,194.414,97.656,True,frame_0708.png
708,20891,0x1840,$02:B04A,C8,158.539,91.879,True,frame_0708.png
708,20891,0x1880,$02:B04A,C8,128.16,79.375,True,frame_0708.png
708,20891,0x18C0,$02:9119,C8,145.625,184.0,True,frame_0708.png
708,20891,0x1900,$02:9274,E0,145.0,176.0,True,frame_0708.png
708,20891,0x1940,$02:B04A,C8,196.531,104.0,True,frame_0708.png
708,20891,0x1980,$02:90F0,C8,254.0,184.0,True,frame_0708.png
708,20891,0x19C0,$02:9274,E0,254.0,176.0,True,frame_0708.png
708,20891,0x1A00,$02:90F0,C8,270.0,196.0,False,frame_0708.png
708,20891,0x1A40,$02:9274,E0,270.0,188.0,False,frame_0708.png
708,20891,0x1AC0,$04:F97F,CC,-14.938,142.562,False,frame_0708.png
710,20893,0x1000,$04:DF96,C8,96.5,112.0,True,frame_0710.png
710,20893,0x16C0,$02:B04A,C8,155.652,71.059,True,frame_0710.png
710,20893,0x1700,$02:91DB,D8,133.0,196.0,True,frame_0710.png
710,20893,0x1740,$02:9274,E0,133.0,188.0,True,frame_0710.png
710,20893,0x1780,$02:B04A,C8,147.996,99.059,True,frame_0710.png
710,20893,0x17C0,$02:B04A,C8,101.746,68.465,True,frame_0710.png
710,20893,0x1800,$02:B04A,C8,197.82,97.656,True,frame_0710.png
710,20893,0x1840,$02:B04A,C8,161.582,92.734,True,frame_0710.png
710,20893,0x1880,$02:B04A,C8,130.688,80.746,True,frame_0710.png
710,20893,0x18C0,$02:9119,C8,146.25,184.0,True,frame_0710.png
710,20893,0x1900,$02:9274,E0,146.0,176.0,True,frame_0710.png
710,20893,0x1940,$02:B04A,C8,192.938,104.0,True,frame_0710.png
710,20893,0x1980,$02:90F0,C8,252.0,184.0,True,frame_0710.png
710,20893,0x19C0,$02:9274,E0,252.0,176.0,True,frame_0710.png
710,20893,0x1A00,$02:90F0,C8,268.0,196.0,False,frame_0710.png
710,20893,0x1A40,$02:9274,E0,268.0,188.0,False,frame_0710.png
710,20893,0x1AC0,$04:F97F,CC,-18.117,143.195,False,frame_0710.png
712,20895,0x1000,$04:DF96,C8,96.5,112.0,True,frame_0712.png
712,20895,0x16C0,$02:B04A,C8,157.926,70.848,True,frame_0712.png
712,20895,0x1700,$02:91DB,D8,132.0,196.0,True,frame_0712.png
712,20895,0x1740,$02:9274,E0,132.0,188.0,True,frame_0712.png
712,20895,0x1780,$02:B04A,C8,146.648,96.992,True,frame_0712.png
712,20895,0x17C0,$02:B04A,C8,104.262,69.207,True,frame_0712.png
712,20895,0x1800,$02:B04A,C8,201.227,97.656,True,frame_0712.png
712,20895,0x1840,$02:B04A,C8,164.672,93.543,True,frame_0712.png
712,20895,0x1880,$02:B04A,C8,133.262,82.07,True,frame_0712.png
712,20895,0x18C0,$02:9119,C8,146.875,184.0,True,frame_0712.png
712,20895,0x1900,$02:9274,E0,146.0,176.0,True,frame_0712.png
712,20895,0x1940,$02:B04A,C8,189.344,104.0,True,frame_0712.png
712,20895,0x1980,$02:90F0,C8,250.0,184.0,True,frame_0712.png
712,20895,0x19C0,$02:9274,E0,250.0,176.0,True,frame_0712.png
712,20895,0x1A00,$02:90F0,C8,266.0,196.0,False,frame_0712.png
712,20895,0x1A40,$02:9274,E0,266.0,188.0,False,frame_0712.png
712,20895,0x1AC0,$04:F97F,CC,-21.297,143.828,False,frame_0712.png
714,20897,0x1000,$04:DF96,C8,96.5,112.0,True,frame_0714.png
714,20897,0x16C0,$02:B04A,C8,160.418,70.918,True,frame_0714.png
714,20897,0x1700,$02:91DB,D8,131.0,196.0,True,frame_0714.png
714,20897,0x1740,$02:9274,E0,131.0,188.0,True,frame_0714.png
714,20897,0x1780,$02:B04A,C8,145.691,94.566,True,frame_0714.png
714,20897,0x17C0,$02:B04A,C8,106.777,70.012,True,frame_0714.png
714,20897,0x1800,$02:B04A,C8,204.633,97.656,True,frame_0714.png
714,20897,0x1840,$02:B04A,C8,167.809,94.305,True,frame_0714.png
714,20897,0x1880,$02:B04A,C8,135.883,83.348,True,frame_0714.png
714,20897,0x18C0,$02:9119,C8,147.5,184.0,True,frame_0714.png
714,20897,0x1900,$02:9274,E0,147.0,176.0,True,frame_0714.png
714,20897,0x1940,$02:B04A,C8,185.75,104.0,True,frame_0714.png
714,20897,0x1980,$02:90F0,C8,248.0,184.0,True,frame_0714.png
714,20897,0x19C0,$02:9274,E0,248.0,176.0,True,frame_0714.png
714,20897,0x1A00,$02:90F0,C8,264.0,196.0,False,frame_0714.png
714,20897,0x1A40,$02:9274,E0,264.0,188.0,False,frame_0714.png
714,20897,0x1AC0,$04:F97F,CC,-24.477,144.461,False,frame_0714.png
716,20899,0x1000,$04:DF96,C8,96.5,112.0,True,frame_0716.png
716,20899,0x16C0,$02:B04A,C8,162.965,70.918,True,frame_0716.png
716,20899,0x1700,$02:91DB,D8,130.0,196.0,True,frame_0716.png
716,20899,0x1740,$02:9274,E0,130.0,188.0,True,frame_0716.png
716,20899,0x1780,$02:B04A,C8,145.125,91.781,True,frame_0716.png
716,20899,0x17C0,$02:B04A,C8,109.293,70.879,True,frame_0716.png
716,20899,0x1800,$02:B04A,C8,208.039,97.656,True,frame_0716.png
716,20899,0x1840,$02:B04A,C8,170.992,95.02,True,frame_0716.png
716,20899,0x1880,$02:B04A,C8,138.551,84.578,True,frame_0716.png
716,20899,0x18C0,$02:9119,C8,148.125,184.0,True,frame_0716.png
716,20899,0x1900,$02:9274,E0,148.0,176.0,True,frame_0716.png
716,20899,0x1940,$02:B04A,C8,182.156,104.0,True,frame_0716.png
716,20899,0x1980,$02:90F0,C8,246.0,184.0,True,frame_0716.png
716,20899,0x19C0,$02:9274,E0,246.0,176.0,True,frame_0716.png
716,20899,0x1A00,$02:90F0,C8,262.0,196.0,False,frame_0716.png
716,20899,0x1A40,$02:9274,E0,262.0,188.0,False,frame_0716.png
716,20899,0x1AC0,$04:F97F,CC,-27.656,145.094,False,frame_0716.png
718,20901,0x1000,$04:DF96,C8,96.5,112.0,True,frame_0718.png
718,20901,0x16C0,$02:B04A,C8,165.512,70.918,True,frame_0718.png
718,20901,0x1700,$02:91DB,D8,129.0,196.0,True,frame_0718.png
718,20901,0x1740,$02:9274,E0,129.0,188.0,True,frame_0718.png
718,20901,0x1780,$02:B04A,C8,144.949,88.637,True,frame_0718.png
718,20901,0x17C0,$02:B04A,C8,111.809,71.809,True,frame_0718.png
718,20901,0x1800,$02:B04A,C8,211.445,97.656,True,frame_0718.png
718,20901,0x1840,$02:B04A,C8,174.223,95.688,True,frame_0718.png
718,20901,0x1880,$02:B04A,C8,141.266,85.762,True,frame_0718.png
718,20901,0x18C0,$02:9119,C8,148.75,184.0,True,frame_0718.png
718,20901,0x1900,$02:9274,E0,148.0,176.0,True,frame_0718.png
718,20901,0x1940,$02:B04A,C8,178.562,104.0,True,frame_0718.png
718,20901,0x1980,$02:90F0,C8,244.0,184.0,True,frame_0718.png
718,20901,0x19C0,$02:9274,E0,244.0,176.0,True,frame_0718.png
718,20901,0x1A00,$02:90F0,C8,260.0,196.0,False,frame_0718.png
718,20901,0x1A40,$02:9274,E0,260.0,188.0,False,frame_0718.png
718,20901,0x1AC0,$04:F97F,CC,-30.836,145.727,False,frame_0718.png
720,20903,0x1000,$04:DF96,C8,96.5,112.0,True,frame_0720.png
720,20903,0x16C0,$02:B04A,C8,168.059,70.918,True,frame_0720.png
720,20903,0x1700,$02:91DB,D8,128.0,196.0,True,frame_0720.png
720,20903,0x1740,$02:9274,E0,128.0,188.0,True,frame_0720.png
720,20903,0x1780,$02:B04A,C8,145.035,85.613,True,frame_0720.png
720,20903,0x17C0,$02:B04A,C8,114.324,72.801,True,frame_0720.png
720,20903,0x1800,$02:B04A,C8,214.852,97.656,True,frame_0720.png
720,20903,0x1840,$02:B04A,C8,177.5,96.309,True,frame_0720.png
720,20903,0x1880,$02:B04A,C8,144.027,86.898,True,frame_0720.png
720,20903,0x18C0,$02:9119,C8,149.375,184.0,True,frame_0720.png
720,20903,0x1900,$02:9274,E0,149.0,176.0,True,frame_0720.png
720,20903,0x1940,$02:B04A,C8,174.969,104.0,True,frame_0720.png
720,20903,0x1980,$02:90F0,C8,242.0,184.0,True,frame_0720.png
720,20903,0x19C0,$02:9274,E0,242.0,176.0,True,frame_0720.png
720,20903,0x1A00,$02:90F0,C8,258.0,196.0,False,frame_0720.png
720,20903,0x1A40,$02:9274,E0,258.0,188.0,False,frame_0720.png
720,20903,0x1AC0,$04:F97F,CC,-34.016,146.359,False,frame_0720.png
722,20905,0x1000,$04:DF96,C8,96.5,112.0,True,frame_0722.png
722,20905,0x16C0,$02:B04A,C8,170.605,70.918,True,frame_0722.png
722,20905,0x1700,$02:91DB,D8,127.0,196.0,True,frame_0722.png
722,20905,0x1740,$02:9274,E0,127.0,188.0,True,frame_0722.png
722,20905,0x1780,$02:B04A,C8,145.34,82.871,True,frame_0722.png
722,20905,0x17C0,$02:B04A,C8,116.84,73.855,True,frame_0722.png
722,20905,0x1800,$02:B04A,C8,218.258,97.656,True,frame_0722.png
722,20905,0x1840,$02:B04A,C8,180.824,96.883,True,frame_0722.png
722,20905,0x1880,$02:B04A,C8,146.836,87.988,True,frame_0722.png
722,20905,0x18C0,$02:9119,C8,150.0,184.0,True,frame_0722.png
722,20905,0x1900,$02:9274,E0,150.0,176.0,True,frame_0722.png
722,20905,0x1940,$02:B04A,C8,171.375,104.0,True,frame_0722.png
722,20905,0x1980,$02:90F0,C8,240.0,184.0,True,frame_0722.png
722,20905,0x19C0,$02:9274,E0,240.0,176.0,True,frame_0722.png
722,20905,0x1A00,$02:90F0,C8,256.0,196.0,False,frame_0722.png
722,20905,0x1A40,$02:9274,E0,256.0,188.0,False,frame_0722.png
724,20907,0x1000,$04:DF96,C8,96.5,112.0,True,frame_0724.png
724,20907,0x16C0,$02:B04A,C8,173.152,70.918,True,frame_0724.png
724,20907,0x1700,$02:91DB,D8,126.0,196.0,True,frame_0724.png
724,20907,0x1740,$02:9274,E0,126.0,188.0,True,frame_0724.png
724,20907,0x1780,$02:B04A,C8,145.863,80.41,True,frame_0724.png
724,20907,0x17C0,$02:B04A,C8,119.355,74.973,True,frame_0724.png
724,20907,0x1800,$02:B04A,C8,221.664,97.656,True,frame_0724.png
724,20907,0x1840,$02:B04A,C8,184.195,97.41,True,frame_0724.png
724,20907,0x1880,$02:B04A,C8,149.691,89.031,True,frame_0724.png
724,20907,0x18C0,$02:9119,C8,150.625,184.0,True,frame_0724.png
724,20907,0x1900,$02:9274,E0,150.0,176.0,True,frame_0724.png
724,20907,0x1940,$02:B04A,C8,167.781,104.0,True,frame_0724.png
724,20907,0x1980,$02:90F0,C8,238.0,184.0,True,frame_0724.png
724,20907,0x19C0,$02:9274,E0,238.0,176.0,True,frame_0724.png
724,20907,0x1A00,$02:90F0,C8,254.0,196.0,True,frame_0724.png
724,20907,0x1A40,$02:9274,E0,254.0,188.0,True,frame_0724.png
726,20909,0x1000,$04:DF96,C8,96.5,112.0,True,frame_0726.png
726,20909,0x16C0,$02:B04A,C8,175.699,70.918,True,frame_0726.png
726,20909,0x1700,$02:91DB,D8,125.0,196.0,True,frame_0726.png
726,20909,0x1740,$02:9274,E0,125.0,188.0,True,frame_0726.png
726,20909,0x1780,$02:B04A,C8,146.605,78.23,True,frame_0726.png
726,20909,0x17C0,$02:B04A,C8,121.871,76.152,True,frame_0726.png
726,20909,0x1800,$02:B04A,C8,225.07,97.656,True,frame_0726.png
726,20909,0x1840,$02:B04A,C8,187.602,97.656,True,frame_0726.png
726,20909,0x1880,$02:B04A,C8,152.594,90.027,True,frame_0726.png
726,20909,0x18C0,$02:9119,C8,151.25,184.0,True,frame_0726.png
726,20909,0x1900,$02:9274,E0,151.0,176.0,True,frame_0726.png
726,20909,0x1940,$02:B04A,C8,164.188,104.0,True,frame_0726.png
726,20909,0x1980,$02:90F0,C8,236.0,184.0,True,frame_0726.png
726,20909,0x19C0,$02:9274,E0,236.0,176.0,True,frame_0726.png
726,20909,0x1A00,$02:90F0,C8,252.0,196.0,True,frame_0726.png
726,20909,0x1A40,$02:9274,E0,252.0,188.0,True,frame_0726.png
728,20911,0x1000,$04:DF96,C8,96.5,112.0,True,frame_0728.png
728,20911,0x16C0,$02:B04A,C8,178.246,70.918,True,frame_0728.png
728,20911,0x1700,$02:91DB,D8,124.0,196.0,True,frame_0728.png
728,20911,0x1740,$02:9274,E0,124.0,188.0,True,frame_0728.png
728,20911,0x1780,$02:B04A,C8,147.566,76.332,True,frame_0728.png
728,20911,0x17C0,$02:B04A,C8,124.387,77.395,True,frame_0728.png
728,20911,0x1800,$02:B04A,C8,228.477,97.656,True,frame_0728.png
728,20911,0x1840,$02:B04A,C8,191.008,97.656,True,frame_0728.png
728,20911,0x1880,$02:B04A,C8,155.543,90.977,True,frame_0728.png
728,20911,0x18C0,$02:9119,C8,151.875,184.0,True,frame_0728.png
728,20911,0x1900,$02:9274,E0,151.0,176.0,True,frame_0728.png
728,20911,0x1940,$02:B04A,C8,160.594,104.0,True,frame_0728.png
728,20911,0x1980,$02:90F0,C8,234.0,184.0,True,frame_0728.png
728,20911,0x19C0,$02:9274,E0,234.0,176.0,True,frame_0728.png
728,20911,0x1A00,$02:90F0,C8,250.0,196.0,True,frame_0728.png
728,20911,0x1A40,$02:9274,E0,250.0,188.0,True,frame_0728.png
730,20913,0x1000,$04:DF96,C8,96.5,112.0,True,frame_0730.png
730,20913,0x16C0,$02:B04A,C8,180.793,70.918,True,frame_0730.png
730,20913,0x1700,$02:91DB,D8,123.0,196.0,True,frame_0730.png
730,20913,0x1740,$02:9274,E0,123.0,188.0,True,frame_0730.png
730,20913,0x1780,$02:B04A,C8,148.746,74.715,True,frame_0730.png
730,20913,0x17C0,$02:B04A,C8,126.902,78.699,True,frame_0730.png
730,20913,0x1800,$02:B04A,C8,231.883,97.656,True,frame_0730.png
730,20913,0x1840,$02:B04A,C8,194.414,97.656,True,frame_0730.png
730,20913,0x1880,$02:B04A,C8,158.539,91.879,True,frame_0730.png
730,20913,0x18C0,$02:9119,C8,152.5,184.0,True,frame_0730.png
730,20913,0x1900,$02:9274,E0,152.0,176.0,True,frame_0730.png
730,20913,0x1940,$02:B04A,C8,157.293,103.73,True,frame_0730.png
730,20913,0x1980,$02:90F0,C8,232.0,184.0,True,frame_0730.png
730,20913,0x19C0,$02:9274,E0,232.0,176.0,True,frame_0730.png
730,20913,0x1A00,$02:90F0,C8,248.0,196.0,True,frame_0730.png
730,20913,0x1A40,$02:9274,E0,248.0,188.0,True,frame_0730.png
732,20915,0x1000,$04:DF96,C8,96.5,112.0,True,frame_0732.png
732,20915,0x16C0,$02:B04A,C8,183.34,70.918,True,frame_0732.png
732,20915,0x1700,$02:91DB,D8,122.0,196.0,True,frame_0732.png
732,20915,0x1740,$02:9274,E0,122.0,188.0,True,frame_0732.png
732,20915,0x1780,$02:B04A,C8,150.145,73.379,True,frame_0732.png
732,20915,0x17C0,$02:B04A,C8,129.418,80.066,True,frame_0732.png
732,20915,0x1800,$02:B04A,C8,235.289,97.656,True,frame_0732.png
732,20915,0x1840,$02:B04A,C8,197.82,97.656,True,frame_0732.png
732,20915,0x1880,$02:B04A,C8,161.582,92.734,True,frame_0732.png
732,20915,0x18C0,$02:9119,C8,153.125,184.0,True,frame_0732.png
732,20915,0x1900,$02:9274,E0,153.0,176.0,True,frame_0732.png
732,20915,0x1940,$02:B04A,C8,154.383,103.102,True,frame_0732.png
732,20915,0x1980,$02:90F0,C8,230.0,184.0,True,frame_0732.png
732,20915,0x19C0,$02:9274,E0,230.0,176.0,True,frame_0732.png
732,20915,0x1A00,$02:90F0,C8,246.0,196.0,True,frame_0732.png
732,20915,0x1A40,$02:9274,E0,246.0,188.0,True,frame_0732.png
734,20917,0x1000,$04:DF96,C8,96.5,112.0,True,frame_0734.png
734,20917,0x16C0,$02:B04A,C8,185.887,70.918,True,frame_0734.png
734,20917,0x1700,$02:91DB,D8,121.0,196.0,True,frame_0734.png
734,20917,0x1740,$02:9274,E0,121.0,188.0,True,frame_0734.png
734,20917,0x1780,$02:B04A,C8,151.762,72.324,True,frame_0734.png
734,20917,0x17C0,$02:B04A,C8,131.969,81.414,True,frame_0734.png
734,20917,0x1800,$02:B04A,C8,238.695,97.656,True,frame_0734.png
734,20917,0x1840,$02:B04A,C8,201.227,97.656,True,frame_0734.png
734,20917,0x1880,$02:B04A,C8,164.672,93.543,True,frame_0734.png
734,20917,0x18C0,$02:9119,C8,153.75,184.0,True,frame_0734.png
734,20917,0x1900,$02:9274,E0,153.0,176.0,True,frame_0734.png
734,20917,0x1940,$02:B04A,C8,151.863,102.113,True,frame_0734.png
734,20917,0x1980,$02:90F0,C8,228.0,184.0,True,frame_0734.png
734,20917,0x19C0,$02:9274,E0,228.0,176.0,True,frame_0734.png
734,20917,0x1A00,$02:90F0,C8,244.0,196.0,True,frame_0734.png
734,20917,0x1A40,$02:9274,E0,244.0,188.0,True,frame_0734.png
736,20919,0x1000,$04:DF96,C8,96.5,112.0,True,frame_0736.png
736,20919,0x16C0,$02:B04A,C8,188.434,70.918,True,frame_0736.png
736,20919,0x1700,$02:91DB,D8,120.0,196.0,True,frame_0736.png
736,20919,0x1740,$02:9274,E0,120.0,188.0,True,frame_0736.png
736,20919,0x1780,$02:B04A,C8,153.598,71.551,True,frame_0736.png
736,20919,0x17C0,$02:B04A,C8,134.566,82.715,True,frame_0736.png
736,20919,0x1800,$02:B04A,C8,242.102,97.656,True,frame_0736.png
736,20919,0x1840,$02:B04A,C8,204.633,97.656,True,frame_0736.png
736,20919,0x1880,$02:B04A,C8,167.809,94.305,True,frame_0736.png
736,20919,0x18C0,$02:9119,C8,154.375,184.0,True,frame_0736.png
736,20919,0x1900,$02:9274,E0,154.0,176.0,True,frame_0736.png
736,20919,0x1940,$02:B04A,C8,149.734,100.766,True,frame_0736.png
736,20919,0x1980,$02:90F0,C8,226.0,184.0,True,frame_0736.png
736,20919,0x19C0,$02:9274,E0,226.0,176.0,True,frame_0736.png
736,20919,0x1A00,$02:90F0,C8,242.0,196.0,True,frame_0736.png
736,20919,0x1A40,$02:9274,E0,242.0,188.0,True,frame_0736.png
738,20921,0x1000,$04:DF96,C8,96.5,112.0,True,frame_0738.png
738,20921,0x16C0,$02:B04A,C8,190.98,70.918,True,frame_0738.png
738,20921,0x1700,$02:91DB,D8,119.0,196.0,True,frame_0738.png
738,20921,0x1740,$02:9274,E0,119.0,188.0,True,frame_0738.png
738,20921,0x1780,$02:B04A,C8,155.652,71.059,True,frame_0738.png
738,20921,0x17C0,$02:B04A,C8,137.211,83.969,True,frame_0738.png
738,20921,0x1800,$02:B04A,C8,245.508,97.656,True,frame_0738.png
738,20921,0x1840,$02:B04A,C8,208.039,97.656,True,frame_0738.png
738,20921,0x1880,$02:B04A,C8,170.992,95.02,True,frame_0738.png
738,20921,0x18C0,$02:9119,C8,155.0,184.0,True,frame_0738.png
738,20921,0x1900,$02:9274,E0,155.0,176.0,True,frame_0738.png
738,20921,0x1940,$02:B04A,C8,147.996,99.059,True,frame_0738.png
738,20921,0x1980,$02:90F0,C8,224.0,184.0,True,frame_0738.png
738,20921,0x19C0,$02:9274,E0,224.0,176.0,True,frame_0738.png
738,20921,0x1A00,$02:90F0,C8,240.0,196.0,True,frame_0738.png
738,20921,0x1A40,$02:9274,E0,240.0,188.0,True,frame_0738.png
740,20923,0x1000,$04:DF96,C8,96.5,112.0,True,frame_0740.png
740,20923,0x16C0,$02:B04A,C8,193.527,70.918,True,frame_0740.png
740,20923,0x1700,$02:91DB,D8,118.0,196.0,True,frame_0740.png
740,20923,0x1740,$02:9274,E0,118.0,188.0,True,frame_0740.png
740,20923,0x1780,$02:B04A,C8,157.926,70.848,True,frame_0740.png
740,20923,0x17C0,$02:B04A,C8,139.902,85.176,True,frame_0740.png
740,20923,0x1800,$02:B04A,C8,248.914,97.656,True,frame_0740.png
740,20923,0x1840,$02:B04A,C8,211.445,97.656,True,frame_0740.png
740,20923,0x1880,$02:B04A,C8,174.223,95.688,True,frame_0740.png
740,20923,0x18C0,$02:9119,C8,155.625,184.0,True,frame_0740.png
740,20923,0x1900,$02:9274,E0,155.0,176.0,True,frame_0740.png
740,20923,0x1940,$02:B04A,C8,146.648,96.992,True,frame_0740.png
740,20923,0x1980,$02:90F0,C8,222.0,184.0,True,frame_0740.png
740,20923,0x19C0,$02:9274,E0,222.0,176.0,True,frame_0740.png
740,20923,0x1A00,$02:90F0,C8,238.0,196.0,True,frame_0740.png
740,20923,0x1A40,$02:9274,E0,238.0,188.0,True,frame_0740.png
742,20925,0x1000,$04:DF96,C8,96.5,112.0,True,frame_0742.png
742,20925,0x16C0,$02:B04A,C8,195.934,71.328,True,frame_0742.png
742,20925,0x1700,$02:91DB,D8,117.0,196.0,True,frame_0742.png
742,20925,0x1740,$02:9274,E0,117.0,188.0,True,frame_0742.png
742,20925,0x1780,$02:B04A,C8,160.418,70.918,True,frame_0742.png
742,20925,0x17C0,$02:B04A,C8,142.641,86.336,True,frame_0742.png
742,20925,0x1800,$02:B04A,C8,252.32,97.656,True,frame_0742.png
742,20925,0x1840,$02:B04A,C8,214.852,97.656,True,frame_0742.png
742,20925,0x1880,$02:B04A,C8,177.5,96.309,True,frame_0742.png
742,20925,0x18C0,$02:9119,C8,156.25,184.0,True,frame_0742.png
742,20925,0x1900,$02:9274,E0,156.0,176.0,True,frame_0742.png
742,20925,0x1940,$02:B04A,C8,145.691,94.566,True,frame_0742.png
742,20925,0x1980,$02:90F0,C8,220.0,184.0,True,frame_0742.png
742,20925,0x19C0,$02:9274,E0,220.0,176.0,True,frame_0742.png
742,20925,0x1A00,$02:90F0,C8,236.0,196.0,True,frame_0742.png
742,20925,0x1A40,$02:9274,E0,236.0,188.0,True,frame_0742.png
742,20925,0x1AC0,$04:F97F,CC,139.0,164.0,True,frame_0742.png
744,20927,0x1000,$04:DF96,C8,96.5,112.0,True,frame_0744.png
744,20927,0x16C0,$02:B04A,C8,198.152,72.098,True,frame_0744.png
744,20927,0x1700,$02:91DB,D8,116.0,196.0,True,frame_0744.png
744,20927,0x1740,$02:9274,E0,116.0,188.0,True,frame_0744.png
744,20927,0x1780,$02:B04A,C8,162.965,70.918,True,frame_0744.png
744,20927,0x17C0,$02:B04A,C8,145.426,87.449,True,frame_0744.png
744,20927,0x1800,$02:B04A,C8,255.727,97.656,True,frame_0744.png
744,20927,0x1840,$02:B04A,C8,218.258,97.656,True,frame_0744.png
744,20927,0x1880,$02:B04A,C8,180.824,96.883,True,frame_0744.png
744,20927,0x18C0,$02:9119,C8,156.875,184.0,True,frame_0744.png
744,20927,0x1900,$02:9274,E0,156.0,176.0,True,frame_0744.png
744,20927,0x1940,$02:B04A,C8,145.125,91.781,True,frame_0744.png
744,20927,0x1980,$02:90F0,C8,218.0,184.0,True,frame_0744.png
744,20927,0x19C0,$02:9274,E0,218.0,176.0,True,frame_0744.png
744,20927,0x1A00,$02:90F0,C8,234.0,196.0,True,frame_0744.png
744,20927,0x1A40,$02:9274,E0,234.0,188.0,True,frame_0744.png
744,20927,0x1AC0,$04:F97F,CC,136.703,161.703,True,frame_0744.png
744,20927,0x1B00,$04:F97F,CC,212.41,97.316,True,frame_0744.png
746,20929,0x1000,$04:DF96,C8,96.5,112.0,True,frame_0746.png
746,20929,0x16C0,$02:B04A,C8,200.184,73.227,True,frame_0746.png
746,20929,0x1700,$02:9119,C8,115.0,196.0,True,frame_0746.png
746,20929,0x1740,$02:9274,E0,115.0,188.0,True,frame_0746.png
746,20929,0x1780,$02:B04A,C8,165.512,70.918,True,frame_0746.png
746,20929,0x17C0,$02:B04A,C8,148.258,88.516,True,frame_0746.png
746,20929,0x1800,$02:B04A,C8,259.133,97.656,False,frame_0746.png
746,20929,0x1840,$02:B04A,C8,221.664,97.656,True,frame_0746.png
746,20929,0x1880,$02:B04A,C8,184.195,97.41,True,frame_0746.png
746,20929,0x18C0,$02:9119,C8,157.5,184.0,True,frame_0746.png
746,20929,0x1900,$02:9274,E0,157.0,176.0,True,frame_0746.png
746,20929,0x1940,$02:B04A,C8,144.949,88.637,True,frame_0746.png
746,20929,0x1980,$02:90F0,C8,216.0,184.0,True,frame_0746.png
746,20929,0x19C0,$02:9274,E0,216.0,176.0,True,frame_0746.png
746,20929,0x1A00,$02:90F0,C8,232.0,196.0,True,frame_0746.png
746,20929,0x1A40,$02:9274,E0,232.0,188.0,True,frame_0746.png
746,20929,0x1AC0,$04:F97F,CC,134.406,159.406,True,frame_0746.png
746,20929,0x1B00,$04:F97F,CC,209.23,97.949,True,frame_0746.png
748,20931,0x1000,$04:DF96,C8,96.5,112.0,True,frame_0748.png
748,20931,0x16C0,$02:B04A,C8,202.027,74.715,True,frame_0748.png
748,20931,0x1700,$02:9119,C8,115.625,196.0,True,frame_0748.png
748,20931,0x1740,$02:9274,E0,115.0,188.0,True,frame_0748.png
748,20931,0x1780,$02:B04A,C8,168.059,70.918,True,frame_0748.png
748,20931,0x17C0,$02:B04A,C8,151.137,89.535,True,frame_0748.png
748,20931,0x1800,$02:B04A,C8,262.539,97.656,False,frame_0748.png
748,20931,0x1840,$02:B04A,C8,225.07,97.656,True,frame_0748.png
748,20931,0x1880,$02:B04A,C8,187.602,97.656,True,frame_0748.png
748,20931,0x18C0,$02:9119,C8,158.125,184.0,True,frame_0748.png
748,20931,0x1900,$02:9274,E0,158.0,176.0,True,frame_0748.png
748,20931,0x1940,$02:B04A,C8,145.035,85.613,True,frame_0748.png
748,20931,0x1980,$02:90F0,C8,214.0,184.0,True,frame_0748.png
748,20931,0x19C0,$02:9274,E0,214.0,176.0,True,frame_0748.png
748,20931,0x1A00,$02:90F0,C8,230.0,196.0,True,frame_0748.png
748,20931,0x1A40,$02:9274,E0,230.0,188.0,True,frame_0748.png
748,20931,0x1AC0,$04:F97F,CC,132.109,157.109,True,frame_0748.png
748,20931,0x1B00,$04:F97F,CC,206.051,98.582,True,frame_0748.png
750,20933,0x1000,$04:DF96,C8,96.5,112.0,True,frame_0750.png
750,20933,0x16C0,$02:B04A,C8,203.684,76.562,True,frame_0750.png
750,20933,0x1700,$02:9119,C8,116.25,196.0,True,frame_0750.png
750,20933,0x1740,$02:9274,E0,116.0,188.0,True,frame_0750.png
750,20933,0x1780,$02:B04A,C8,170.605,70.918,True,frame_0750.png
750,20933,0x17C0,$02:B04A,C8,154.062,90.508,True,frame_0750.png
750,20933,0x1800,$02:B04A,C8,265.945,97.656,False,frame_0750.png
750,20933,0x1840,$02:B04A,C8,228.477,97.656,True,frame_0750.png
750,20933,0x1880,$02:B04A,C8,191.008,97.656,True,frame_0750.png
750,20933,0x18C0,$02:9119,C8,158.75,184.0,True,frame_0750.png
750,20933,0x1900,$02:9274,E0,158.0,176.0,True,frame_0750.png
750,20933,0x1940,$02:B04A,C8,145.34,82.871,True,frame_0750.png
750,20933,0x1980,$02:90F0,C8,212.0,184.0,True,frame_0750.png
750,20933,0x19C0,$02:9274,E0,212.0,176.0,True,frame_0750.png
750,20933,0x1A00,$02:90F0,C8,228.0,196.0,True,frame_0750.png
750,20933,0x1A40,$02:9274,E0,228.0,188.0,True,frame_0750.png
750,20933,0x1AC0,$04:F97F,CC,129.812,154.812,True,frame_0750.png
750,20933,0x1B00,$04:F97F,CC,202.871,99.215,True,frame_0750.png
752,20935,0x1000,$04:DF96,C8,96.5,112.0,True,frame_0752.png
752,20935,0x16C0,$02:B04A,C8,205.152,78.77,True,frame_0752.png
752,20935,0x1700,$02:9119,C8,116.875,196.0,True,frame_0752.png
752,20935,0x1740,$02:9274,E0,116.0,188.0,True,frame_0752.png
752,20935,0x1780,$02:B04A,C8,173.152,70.918,True,frame_0752.png
752,20935,0x17C0,$02:B04A,C8,157.035,91.434,True,frame_0752.png
752,20935,0x1800,$02:B04A,C8,269.352,97.656,False,frame_0752.png
752,20935,0x1840,$02:B04A,C8,231.883,97.656,True,frame_0752.png
752,20935,0x1880,$02:B04A,C8,194.414,97.656,True,frame_0752.png
752,20935,0x18C0,$02:9119,C8,159.375,184.0,True,frame_0752.png
752,20935,0x1900,$02:9274,E0,159.0,176.0,True,frame_0752.png
752,20935,0x1940,$02:B04A,C8,145.863,80.41,True,frame_0752.png
752,20935,0x1980,$02:90F0,C8,210.0,184.0,True,frame_0752.png
752,20935,0x19C0,$02:9274,E0,210.0,176.0,True,frame_0752.png
752,20935,0x1A00,$02:90F0,C8,226.0,196.0,True,frame_0752.png
752,20935,0x1A40,$02:9274,E0,226.0,188.0,True,frame_0752.png
752,20935,0x1AC0,$04:F97F,CC,127.516,152.516,True,frame_0752.png
752,20935,0x1B00,$04:F97F,CC,199.691,99.848,True,frame_0752.png
754,20937,0x1000,$04:DF96,C8,96.5,112.0,True,frame_0754.png
754,20937,0x16C0,$02:B04A,C8,206.434,81.336,True,frame_0754.png
754,20937,0x1700,$02:9119,C8,117.5,196.0,True,frame_0754.png
754,20937,0x1740,$02:9274,E0,117.0,188.0,True,frame_0754.png
754,20937,0x1780,$02:B04A,C8,175.699,70.918,True,frame_0754.png
754,20937,0x17C0,$02:B04A,C8,160.055,92.312,True,frame_0754.png
754,20937,0x1840,$02:B04A,C8,235.289,97.656,True,frame_0754.png
754,20937,0x1880,$02:B04A,C8,197.82,97.656,True,frame_0754.png
754,20937,0x18C0,$02:9119,C8,160.0,184.0,True,frame_0754.png
754,20937,0x1900,$02:9274,E0,160.0,176.0,True,frame_0754.png
754,20937,0x1940,$02:B04A,C8,146.605,78.23,True,frame_0754.png
754,20937,0x1980,$02:90F0,C8,208.0,184.0,True,frame_0754.png
754,20937,0x19C0,$02:9274,E0,208.0,176.0,True,frame_0754.png
754,20937,0x1A00,$02:90F0,C8,224.0,196.0,True,frame_0754.png
754,20937,0x1A40,$02:9274,E0,224.0,188.0,True,frame_0754.png
754,20937,0x1AC0,$04:F97F,CC,125.219,150.219,True,frame_0754.png
754,20937,0x1B00,$04:F97F,CC,196.512,100.48,True,frame_0754.png
756,20939,0x1000,$04:DF96,C8,96.5,112.0,True,frame_0756.png
756,20939,0x16C0,$02:B04A,C8,207.527,84.262,True,frame_0756.png
756,20939,0x1700,$02:9119,C8,118.125,196.0,True,frame_0756.png
756,20939,0x1740,$02:9274,E0,118.0,188.0,True,frame_0756.png
756,20939,0x1780,$02:B04A,C8,178.246,70.918,True,frame_0756.png
756,20939,0x17C0,$02:B04A,C8,163.121,93.145,True,frame_0756.png
756,20939,0x1840,$02:B04A,C8,238.695,97.656,True,frame_0756.png
756,20939,0x1880,$02:B04A,C8,201.227,97.656,True,frame_0756.png
756,20939,0x18C0,$02:9119,C8,160.625,184.0,True,frame_0756.png
756,20939,0x1900,$02:9274,E0,160.0,176.0,True,frame_0756.png
756,20939,0x1940,$02:B04A,C8,147.566,76.332,True,frame_0756.png
756,20939,0x1980,$02:90F0,C8,206.0,184.0,True,frame_0756.png
756,20939,0x19C0,$02:9274,E0,206.0,176.0,True,frame_0756.png
756,20939,0x1A00,$02:90F0,C8,222.0,196.0,True,frame_0756.png
756,20939,0x1A40,$02:9274,E0,222.0,188.0,True,frame_0756.png
756,20939,0x1AC0,$04:F97F,CC,122.922,147.922,True,frame_0756.png
756,20939,0x1B00,$04:F97F,CC,193.332,101.113,True,frame_0756.png
758,20941,0x1000,$04:DF96,C8,96.5,112.0,True,frame_0758.png
758,20941,0x16C0,$02:B04A,C8,208.434,87.547,True,frame_0758.png
758,20941,0x1700,$02:9119,C8,118.75,196.0,True,frame_0758.png
758,20941,0x1740,$02:9274,E0,118.0,188.0,True,frame_0758.png
758,20941,0x1780,$02:B04A,C8,180.793,70.918,True,frame_0758.png
758,20941,0x17C0,$02:B04A,C8,166.234,93.93,True,frame_0758.png
758,20941,0x1840,$02:B04A,C8,242.102,97.656,True,frame_0758.png
758,20941,0x1880,$02:B04A,C8,204.633,97.656,True,frame_0758.png
758,20941,0x18C0,$02:9119,C8,161.25,184.0,True,frame_0758.png
758,20941,0x1900,$02:9274,E0,161.0,176.0,True,frame_0758.png
758,20941,0x1940,$02:B04A,C8,148.746,74.715,True,frame_0758.png
758,20941,0x1980,$02:90F0,C8,204.0,184.0,True,frame_0758.png
758,20941,0x19C0,$02:9274,E0,204.0,176.0,True,frame_0758.png
758,20941,0x1A00,$02:90F0,C8,220.0,196.0,True,frame_0758.png
758,20941,0x1A40,$02:9274,E0,220.0,188.0,True,frame_0758.png
758,20941,0x1AC0,$04:F97F,CC,120.625,145.625,True,frame_0758.png
758,20941,0x1B00,$04:F97F,CC,190.152,101.746,True,frame_0758.png
760,20943,0x1000,$04:DF96,C8,96.5,112.0,True,frame_0760.png
760,20943,0x16C0,$02:B04A,C8,209.035,90.758,True,frame_0760.png
760,20943,0x1700,$02:9119,C8,119.375,196.0,True,frame_0760.png
760,20943,0x1740,$02:9274,E0,119.0,188.0,True,frame_0760.png
760,20943,0x1780,$02:B04A,C8,183.34,70.918,True,frame_0760.png
760,20943,0x17C0,$02:B04A,C8,169.395,94.668,True,frame_0760.png
760,20943,0x1840,$02:B04A,C8,245.508,97.656,True,frame_0760.png
760,20943,0x1880,$02:B04A,C8,208.039,97.656,True,frame_0760.png
760,20943,0x18C0,$02:9119,C8,161.875,184.0,True,frame_0760.png
760,20943,0x1900,$02:9274,E0,161.0,176.0,True,frame_0760.png
760,20943,0x1940,$02:B04A,C8,150.145,73.379,True,frame_0760.png
760,20943,0x1980,$02:90F0,C8,202.0,184.0,True,frame_0760.png
760,20943,0x19C0,$02:9274,E0,202.0,176.0,True,frame_0760.png
760,20943,0x1A00,$02:90F0,C8,218.0,196.0,True,frame_0760.png
760,20943,0x1A40,$02:9274,E0,218.0,188.0,True,frame_0760.png
760,20943,0x1AC0,$04:F97F,CC,118.328,143.328,True,frame_0760.png
760,20943,0x1B00,$04:F97F,CC,186.973,102.379,True,frame_0760.png
762,20945,0x1000,$04:DF96,C8,96.5,112.0,True,frame_0762.png
762,20945,0x16C0,$02:B04A,C8,209.293,93.75,True,frame_0762.png
762,20945,0x1700,$02:9119,C8,120.0,196.0,True,frame_0762.png
762,20945,0x1740,$02:9274,E0,120.0,188.0,True,frame_0762.png
762,20945,0x1780,$02:B04A,C8,185.887,70.918,True,frame_0762.png
762,20945,0x17C0,$02:B04A,C8,172.602,95.359,True,frame_0762.png
762,20945,0x1840,$02:B04A,C8,248.914,97.656,True,frame_0762.png
762,20945,0x1880,$02:B04A,C8,211.445,97.656,True,frame_0762.png
762,20945,0x18C0,$02:9119,C8,162.5,184.0,True,frame_0762.png
762,20945,0x1900,$02:9274,E0,162.0,176.0,True,frame_0762.png
762,20945,0x1940,$02:B04A,C8,151.762,72.324,True,frame_0762.png
762,20945,0x1980,$02:90F0,C8,200.0,184.0,True,frame_0762.png
762,20945,0x19C0,$02:9274,E0,200.0,176.0,True,frame_0762.png
762,20945,0x1A00,$02:90F0,C8,216.0,196.0,True,frame_0762.png
762,20945,0x1A40,$02:9274,E0,216.0,188.0,True,frame_0762.png
762,20945,0x1AC0,$04:F97F,CC,116.031,141.031,True,frame_0762.png
762,20945,0x1B00,$04:F97F,CC,183.793,103.012,True,frame_0762.png
764,20947,0x1000,$04:DF96,C8,96.5,112.0,True,frame_0764.png
764,20947,0x16C0,$02:B04A,C8,209.207,96.523,True,frame_0764.png
764,20947,0x1700,$02:9119,C8,120.625,196.0,True,frame_0764.png
764,20947,0x1740,$02:9274,E0,120.0,188.0,True,frame_0764.png
764,20947,0x1780,$02:B04A,C8,188.434,70.918,True,frame_0764.png
764,20947,0x17C0,$02:B04A,C8,175.855,96.004,True,frame_0764.png
764,20947,0x1840,$02:B04A,C8,252.32,97.656,True,frame_0764.png
764,20947,0x1880,$02:B04A,C8,214.852,97.656,True,frame_0764.png
764,20947,0x18C0,$02:9119,C8,163.125,184.0,True,frame_0764.png
764,20947,0x1900,$02:9274,E0,163.0,176.0,True,frame_0764.png
764,20947,0x1940,$02:B04A,C8,153.598,71.551,True,frame_0764.png
764,20947,0x1980,$02:90F0,C8,198.0,184.0,True,frame_0764.png
764,20947,0x19C0,$02:9274,E0,198.0,176.0,True,frame_0764.png
764,20947,0x1A00,$02:90F0,C8,214.0,196.0,True,frame_0764.png
764,20947,0x1A40,$02:9274,E0,214.0,188.0,True,frame_0764.png
764,20947,0x1AC0,$04:F97F,CC,113.734,138.734,True,frame_0764.png
764,20947,0x1B00,$04:F97F,CC,180.613,103.645,True,frame_0764.png
766,20949,0x1000,$04:DF96,C8,96.5,112.0,True,frame_0766.png
766,20949,0x16C0,$02:B04A,C8,208.777,99.078,True,frame_0766.png
766,20949,0x1700,$02:9119,C8,121.25,196.0,True,frame_0766.png
766,20949,0x1740,$02:9274,E0,121.0,188.0,True,frame_0766.png
766,20949,0x1780,$02:B04A,C8,190.98,70.918,True,frame_0766.png
766,20949,0x17C0,$02:B04A,C8,179.156,96.602,True,frame_0766.png
766,20949,0x1840,$02:B04A,C8,255.727,97.656,True,frame_0766.png
766,20949,0x1880,$02:B04A,C8,218.258,97.656,True,frame_0766.png
766,20949,0x18C0,$02:9119,C8,163.75,184.0,True,frame_0766.png
766,20949,0x1900,$02:9274,E0,163.0,176.0,True,frame_0766.png
766,20949,0x1940,$02:B04A,C8,155.652,71.059,True,frame_0766.png
766,20949,0x1980,$02:90F0,C8,196.0,184.0,True,frame_0766.png
766,20949,0x19C0,$02:9274,E0,196.0,176.0,True,frame_0766.png
766,20949,0x1A00,$02:90F0,C8,212.0,196.0,True,frame_0766.png
766,20949,0x1A40,$02:9274,E0,212.0,188.0,True,frame_0766.png
766,20949,0x1AC0,$04:F97F,CC,111.438,136.438,True,frame_0766.png
766,20949,0x1B00,$04:F97F,CC,177.434,104.277,True,frame_0766.png
768,20951,0x1000,$04:DF96,C8,96.5,112.0,True,frame_0768.png
768,20951,0x16C0,$02:B04A,C8,208.004,101.414,True,frame_0768.png
768,20951,0x1700,$02:9119,C8,121.875,196.0,True,frame_0768.png
768,20951,0x1740,$02:9274,E0,121.0,188.0,True,frame_0768.png
768,20951,0x1780,$02:B04A,C8,193.527,70.918,True,frame_0768.png
768,20951,0x17C0,$02:B04A,C8,182.504,97.152,True,frame_0768.png
768,20951,0x1840,$02:B04A,C8,259.133,97.656,False,frame_0768.png
768,20951,0x1880,$02:B04A,C8,221.664,97.656,True,frame_0768.png
768,20951,0x18C0,$02:9119,C8,164.375,184.0,True,frame_0768.png
768,20951,0x1900,$02:9274,E0,164.0,176.0,True,frame_0768.png
768,20951,0x1940,$02:B04A,C8,157.926,70.848,True,frame_0768.png
768,20951,0x1980,$02:90F0,C8,194.0,184.0,True,frame_0768.png
768,20951,0x19C0,$02:9274,E0,194.0,176.0,True,frame_0768.png
768,20951,0x1A00,$02:90F0,C8,210.0,196.0,True,frame_0768.png
768,20951,0x1A40,$02:9274,E0,210.0,188.0,True,frame_0768.png
768,20951,0x1AC0,$04:F97F,CC,109.141,134.141,True,frame_0768.png
768,20951,0x1B00,$04:F97F,CC,174.254,104.91,True,frame_0768.png
770,20953,0x1000,$04:DF96,C8,96.5,112.0,True,frame_0770.png
770,20953,0x16C0,$02:B04A,C8,206.887,103.531,True,frame_0770.png
770,20953,0x1700,$02:9119,C8,122.5,196.0,True,frame_0770.png
770,20953,0x1740,$02:9274,E0,122.0,188.0,True,frame_0770.png
770,20953,0x1780,$02:B04A,C8,195.934,71.328,True,frame_0770.png
770,20953,0x17C0,$02:B04A,C8,185.898,97.656,True,frame_0770.png
770,20953,0x1840,$02:B04A,C8,262.539,97.656,False,frame_0770.png
770,20953,0x1880,$02:B04A,C8,225.07,97.656,True,frame_0770.png
770,20953,0x18C0,$02:9119,C8,165.0,184.0,True,frame_0770.png
770,20953,0x1900,$02:9274,E0,165.0,176.0,True,frame_0770.png
770,20953,0x1940,$02:B04A,C8,160.418,70.918,True,frame_0770.png
770,20953,0x1980,$02:90F0,C8,192.0,184.0,True,frame_0770.png
770,20953,0x19C0,$02:9274,E0,192.0,176.0,True,frame_0770.png
770,20953,0x1A00,$02:90F0,C8,208.0,196.0,True,frame_0770.png
770,20953,0x1A40,$02:9274,E0,208.0,188.0,True,frame_0770.png
770,20953,0x1AC0,$04:F97F,CC,106.844,131.844,True,frame_0770.png
770,20953,0x1B00,$04:F97F,CC,171.074,105.543,True,frame_0770.png
772,20955,0x1000,$04:DF96,C8,96.5,112.0,True,frame_0772.png
772,20955,0x16C0,$02:B04A,C8,205.426,105.43,True,frame_0772.png
772,20955,0x1700,$02:9119,C8,123.125,196.0,True,frame_0772.png
772,20955,0x1740,$02:9274,E0,123.0,188.0,True,frame_0772.png
772,20955,0x1780,$02:B04A,C8,198.152,72.098,True,frame_0772.png
772,20955,0x17C0,$02:B04A,C8,189.305,97.656,True,frame_0772.png
772,20955,0x1840,$02:B04A,C8,265.945,97.656,False,frame_0772.png
772,20955,0x1880,$02:B04A,C8,228.477,97.656,True,frame_0772.png
772,20955,0x18C0,$02:9119,C8,165.621,184.0,True,frame_0772.png
772,20955,0x1900,$02:9274,E0,165.0,176.0,True,frame_0772.png
772,20955,0x1940,$02:B04A,C8,162.965,70.918,True,frame_0772.png
772,20955,0x1980,$02:90F0,C8,190.0,184.0,True,frame_0772.png
772,20955,0x19C0,$02:9274,E0,190.0,176.0,True,frame_0772.png
772,20955,0x1A00,$02:90F0,C8,206.0,196.0,True,frame_0772.png
772,20955,0x1A40,$02:9274,E0,206.0,188.0,True,frame_0772.png
772,20955,0x1AC0,$04:F97F,CC,104.547,129.547,True,frame_0772.png
772,20955,0x1B00,$04:F97F,CC,167.895,106.176,True,frame_0772.png
774,20957,0x1000,$04:DF96,C8,96.5,112.0,True,frame_0774.png
774,20957,0x16C0,$02:B04A,C8,203.621,107.109,True,frame_0774.png
774,20957,0x1700,$02:9119,C8,123.75,196.0,True,frame_0774.png
774,20957,0x1740,$02:9274,E0,123.0,188.0,True,frame_0774.png
774,20957,0x1780,$02:B04A,C8,200.184,73.227,True,frame_0774.png
774,20957,0x17C0,$02:B04A,C8,192.711,97.656,True,frame_0774.png
774,20957,0x1840,$02:B04A,C8,269.352,97.656,False,frame_0774.png
774,20957,0x1880,$02:B04A,C8,231.883,97.656,True,frame_0774.png
774,20957,0x18C0,$02:9119,C8,166.227,184.0,True,frame_0774.png
774,20957,0x1900,$02:9274,E0,166.0,176.0,True,frame_0774.png
774,20957,0x1940,$02:B04A,C8,165.512,70.918,True,frame_0774.png
774,20957,0x1980,$02:90F0,C8,188.0,184.0,True,frame_0774.png
774,20957,0x19C0,$02:9274,E0,188.0,176.0,True,frame_0774.png
774,20957,0x1A00,$02:90F0,C8,204.0,196.0,True,frame_0774.png
774,20957,0x1A40,$02:9274,E0,204.0,188.0,True,frame_0774.png
774,20957,0x1AC0,$04:F97F,CC,102.25,127.25,True,frame_0774.png
774,20957,0x1B00,$04:F97F,CC,164.715,106.809,True,frame_0774.png
774,20957,0x1B40,$04:F97F,CC,112.0,171.0,True,frame_0774.png
776,20959,0x1000,$04:DF96,C8,96.5,112.0,True,frame_0776.png
776,20959,0x16C0,$02:B04A,C8,201.473,108.57,True,frame_0776.png
776,20959,0x1700,$02:9119,C8,124.375,196.0,True,frame_0776.png
776,20959,0x1740,$02:9274,E0,124.0,188.0,True,frame_0776.png
776,20959,0x1780,$02:B04A,C8,202.027,74.715,True,frame_0776.png
776,20959,0x17C0,$02:B04A,C8,196.117,97.656,True,frame_0776.png
776,20959,0x1880,$02:B04A,C8,235.289,97.656,True,frame_0776.png
776,20959,0x18C0,$02:9119,C8,166.816,184.0,True,frame_0776.png
776,20959,0x1900,$02:9274,E0,166.0,176.0,True,frame_0776.png
776,20959,0x1940,$02:B04A,C8,168.059,70.918,True,frame_0776.png
776,20959,0x1980,$02:90F0,C8,186.0,184.0,True,frame_0776.png
776,20959,0x19C0,$02:9274,E0,186.0,176.0,True,frame_0776.png
776,20959,0x1A00,$02:90F0,C8,202.0,196.0,True,frame_0776.png
776,20959,0x1A40,$02:9274,E0,202.0,188.0,True,frame_0776.png
776,20959,0x1AC0,$04:F97F,CC,99.953,124.953,True,frame_0776.png
776,20959,0x1B00,$04:F97F,CC,161.535,107.441,True,frame_0776.png
776,20959,0x1B40,$04:F97F,CC,110.758,168.0,True,frame_0776.png
778,20961,0x1000,$04:DF96,C8,96.5,112.0,True,frame_0778.png
778,20961,0x16C0,$02:B04A,C8,198.98,109.812,True,frame_0778.png
778,20961,0x1700,$02:9119,C8,125.0,196.0,True,frame_0778.png
778,20961,0x1740,$02:9274,E0,125.0,188.0,True,frame_0778.png
778,20961,0x1780,$02:B04A,C8,203.684,76.562,True,frame_0778.png
778,20961,0x17C0,$02:B04A,C8,199.523,97.656,True,frame_0778.png
778,20961,0x1880,$02:B04A,C8,238.695,97.656,True,frame_0778.png
778,20961,0x18C0,$02:9119,C8,167.391,184.0,True,frame_0778.png
778,20961,0x1900,$02:9274,E0,167.0,176.0,True,frame_0778.png
778,20961,0x1940,$02:B04A,C8,170.605,70.918,True,frame_0778.png
778,20961,0x1980,$02:90F0,C8,184.0,184.0,True,frame_0778.png
778,20961,0x19C0,$02:9274,E0,184.0,176.0,True,frame_0778.png
778,20961,0x1A00,$02:90F0,C8,200.0,196.0,True,frame_0778.png
778,20961,0x1A40,$02:9274,E0,200.0,188.0,True,frame_0778.png
778,20961,0x1AC0,$04:F97F,CC,97.656,122.656,True,frame_0778.png
778,20961,0x1B00,$04:F97F,CC,158.355,108.074,True,frame_0778.png
778,20961,0x1B40,$04:F97F,CC,109.516,165.0,True,frame_0778.png
780,20963,0x1000,$04:DF96,C8,96.5,112.0,True,frame_0780.png
780,20963,0x16C0,$02:B04A,C8,196.145,110.836,True,frame_0780.png
780,20963,0x1700,$02:9119,C8,125.625,196.0,True,frame_0780.png
780,20963,0x1740,$02:9274,E0,125.0,188.0,True,frame_0780.png
780,20963,0x1780,$02:B04A,C8,205.152,78.77,True,frame_0780.png
780,20963,0x17C0,$02:B04A,C8,202.93,97.656,True,frame_0780.png
780,20963,0x1880,$02:B04A,C8,242.102,97.656,True,frame_0780.png
780,20963,0x18C0,$02:9119,C8,167.949,184.0,True,frame_0780.png
780,20963,0x1900,$02:9274,E0,167.0,176.0,True,frame_0780.png
780,20963,0x1940,$02:B04A,C8,173.152,70.918,True,frame_0780.png
780,20963,0x1980,$02:90F0,C8,182.0,184.0,True,frame_0780.png
780,20963,0x19C0,$02:9274,E0,182.0,176.0,True,frame_0780.png
780,20963,0x1A00,$02:90F0,C8,198.0,196.0,True,frame_0780.png
780,20963,0x1A40,$02:9274,E0,198.0,188.0,True,frame_0780.png
780,20963,0x1AC0,$04:F97F,CC,95.359,120.359,True,frame_0780.png
780,20963,0x1B00,$04:F97F,CC,155.176,108.707,True,frame_0780.png
780,20963,0x1B40,$04:F97F,CC,108.273,162.0,True,frame_0780.png
782,20965,0x1000,$04:DF96,C8,96.5,112.0,True,frame_0782.png
782,20965,0x16C0,$02:B04A,C8,192.965,111.641,True,frame_0782.png
782,20965,0x1700,$02:9119,C8,126.25,196.0,True,frame_0782.png
782,20965,0x1740,$02:9274,E0,126.0,188.0,True,frame_0782.png
782,20965,0x1780,$02:B04A,C8,206.434,81.336,True,frame_0782.png
782,20965,0x17C0,$02:B04A,C8,206.336,97.656,True,frame_0782.png
782,20965,0x1880,$02:B04A,C8,245.508,97.656,True,frame_0782.png
782,20965,0x18C0,$02:9119,C8,168.492,184.0,True,frame_0782.png
782,20965,0x1900,$02:9274,E0,168.0,176.0,True,frame_0782.png
782,20965,0x1940,$02:B04A,C8,175.699,70.918,True,frame_0782.png
782,20965,0x1980,$02:90F0,C8,180.0,184.0,True,frame_0782.png
782,20965,0x19C0,$02:9274,E0,180.0,176.0,True,frame_0782.png
782,20965,0x1A00,$02:90F0,C8,196.0,196.0,True,frame_0782.png
782,20965,0x1A40,$02:9274,E0,196.0,188.0,True,frame_0782.png
782,20965,0x1AC0,$04:F97F,CC,93.062,118.062,True,frame_0782.png
782,20965,0x1B00,$04:F97F,CC,151.996,109.34,True,frame_0782.png
782,20965,0x1B40,$04:F97F,CC,107.031,159.0,True,frame_0782.png
784,20967,0x1000,$04:DF96,80,96.5,112.0,True,frame_0784.png
784,20967,0x1040,$04:F8A1,C0,96.0,112.0,True,frame_0784.png
784,20967,0x16C0,$02:B04A,C8,189.699,112.391,True,frame_0784.png
784,20967,0x1700,$02:9119,C8,126.875,196.0,True,frame_0784.png
784,20967,0x1740,$02:9274,E0,126.0,188.0,True,frame_0784.png
784,20967,0x1780,$02:B04A,C8,207.527,84.262,True,frame_0784.png
784,20967,0x17C0,$02:B04A,C8,209.742,97.656,True,frame_0784.png
784,20967,0x1880,$02:B04A,C8,248.914,97.656,True,frame_0784.png
784,20967,0x18C0,$02:9119,C8,169.02,184.0,True,frame_0784.png
784,20967,0x1900,$02:9274,E0,169.0,176.0,True,frame_0784.png
784,20967,0x1940,$02:B04A,C8,178.246,70.918,True,frame_0784.png
784,20967,0x1980,$02:90F0,C8,178.0,184.0,True,frame_0784.png
784,20967,0x19C0,$02:9274,E0,178.0,176.0,True,frame_0784.png
784,20967,0x1A00,$02:90F0,C8,194.0,196.0,True,frame_0784.png
784,20967,0x1A40,$02:9274,E0,194.0,188.0,True,frame_0784.png
784,20967,0x1AC0,$04:F9C3,C0,91.914,116.914,True,frame_0784.png
784,20967,0x1B00,$04:F97F,CC,148.816,109.973,True,frame_0784.png
784,20967,0x1B40,$04:F97F,CC,105.789,156.0,True,frame_0784.png
786,20969,0x1000,$04:DF96,C0,96.5,112.0,True,frame_0786.png
786,20969,0x1040,$04:F8A1,C0,96.0,112.0,True,frame_0786.png
786,20969,0x16C0,$02:B04A,C8,186.434,113.141,True,frame_0786.png
786,20969,0x1700,$02:9119,C8,127.5,196.0,True,frame_0786.png
786,20969,0x1740,$02:9274,E0,127.0,188.0,True,frame_0786.png
786,20969,0x1780,$02:B04A,C8,208.434,87.547,True,frame_0786.png
786,20969,0x17C0,$02:B04A,C8,213.148,97.656,True,frame_0786.png
786,20969,0x1880,$02:B04A,C8,252.32,97.656,True,frame_0786.png
786,20969,0x18C0,$02:9119,C8,169.531,184.0,True,frame_0786.png
786,20969,0x1900,$02:9274,E0,169.0,176.0,True,frame_0786.png
786,20969,0x1940,$02:B04A,C8,180.793,70.918,True,frame_0786.png
786,20969,0x1980,$02:90F0,C8,176.0,184.0,True,frame_0786.png
786,20969,0x19C0,$02:9274,E0,176.0,176.0,True,frame_0786.png
786,20969,0x1A00,$02:90F0,C8,192.0,196.0,True,frame_0786.png
786,20969,0x1A40,$02:9274,E0,192.0,188.0,True,frame_0786.png
786,20969,0x1AC0,$04:F9C3,C0,91.914,116.914,True,frame_0786.png
786,20969,0x1B00,$04:F97F,CC,145.637,110.605,True,frame_0786.png
786,20969,0x1B40,$04:F97F,CC,104.547,153.0,True,frame_0786.png
788,20971,0x1000,$04:DF96,80,96.5,112.0,True,frame_0788.png
788,20971,0x1040,$04:F8A1,C0,96.0,112.0,True,frame_0788.png
788,20971,0x16C0,$02:B04A,C8,183.168,113.891,True,frame_0788.png
788,20971,0x1700,$02:9119,C8,128.125,196.0,True,frame_0788.png
788,20971,0x1740,$02:9274,E0,128.0,188.0,True,frame_0788.png
788,20971,0x1780,$02:B04A,C8,209.035,90.758,True,frame_0788.png
788,20971,0x17C0,$02:B04A,C8,216.555,97.656,True,frame_0788.png
788,20971,0x1880,$02:B04A,C8,255.727,97.656,True,frame_0788.png
788,20971,0x18C0,$02:9119,C8,170.027,184.0,True,frame_0788.png
788,20971,0x1900,$02:9274,E0,170.0,176.0,True,frame_0788.png
788,20971,0x1940,$02:B04A,C8,183.34,70.918,True,frame_0788.png
788,20971,0x1980,$02:90F0,C8,174.0,184.0,True,frame_0788.png
788,20971,0x19C0,$02:9274,E0,174.0,176.0,True,frame_0788.png
788,20971,0x1A00,$02:90F0,C8,190.0,196.0,True,frame_0788.png
788,20971,0x1A40,$02:9274,E0,190.0,188.0,True,frame_0788.png
788,20971,0x1B00,$04:F97F,CC,142.457,111.238,True,frame_0788.png
788,20971,0x1B40,$04:F97F,CC,103.305,150.0,True,frame_0788.png
790,20973,0x1000,$04:DF96,C0,96.5,112.0,True,frame_0790.png
790,20973,0x1040,$04:F8A1,C0,96.0,112.0,True,frame_0790.png
790,20973,0x16C0,$02:B04A,C8,179.902,114.641,True,frame_0790.png
790,20973,0x1700,$02:9119,C8,128.75,196.0,True,frame_0790.png
790,20973,0x1740,$02:9274,E0,128.0,188.0,True,frame_0790.png
790,20973,0x1780,$02:B04A,C8,209.293,93.75,True,frame_0790.png
790,20973,0x17C0,$02:B04A,C8,219.961,97.656,True,frame_0790.png
790,20973,0x1880,$02:B04A,C8,259.133,97.656,False,frame_0790.png
790,20973,0x18C0,$02:9119,C8,170.508,184.0,True,frame_0790.png
790,20973,0x1900,$02:9274,E0,170.0,176.0,True,frame_0790.png
790,20973,0x1940,$02:B04A,C8,185.887,70.918,True,frame_0790.png
790,20973,0x1980,$02:90F0,C8,172.0,184.0,True,frame_0790.png
790,20973,0x19C0,$02:9274,E0,172.0,176.0,True,frame_0790.png
790,20973,0x1A00,$02:90F0,C8,188.0,196.0,True,frame_0790.png
790,20973,0x1A40,$02:9274,E0,188.0,188.0,True,frame_0790.png
790,20973,0x1B00,$04:F97F,CC,139.277,111.871,True,frame_0790.png
790,20973,0x1B40,$04:F97F,CC,102.062,147.0,True,frame_0790.png
792,20975,0x1000,$04:DF96,80,96.5,112.0,True,frame_0792.png
792,20975,0x1040,$04:F8A1,C0,96.0,112.0,True,frame_0792.png
792,20975,0x16C0,$02:B04A,C8,176.637,115.391,True,frame_0792.png
792,20975,0x1700,$02:9119,C8,129.375,196.0,True,frame_0792.png
792,20975,0x1740,$02:9274,E0,129.0,188.0,True,frame_0792.png
792,20975,0x1780,$02:B04A,C8,209.207,96.523,True,frame_0792.png
792,20975,0x17C0,$02:B04A,C8,223.367,97.656,True,frame_0792.png
792,20975,0x1880,$02:B04A,C8,262.539,97.656,False,frame_0792.png
792,20975,0x18C0,$02:9119,C8,170.973,184.0,True,frame_0792.png
792,20975,0x1900,$02:9274,E0,170.0,176.0,True,frame_0792.png
792,20975,0x1940,$02:B04A,C8,188.434,70.918,True,frame_0792.png
792,20975,0x1980,$02:90F0,C8,170.0,184.0,True,frame_0792.png
792,20975,0x19C0,$02:9274,E0,170.0,176.0,True,frame_0792.png
792,20975,0x1A00,$02:90F0,C8,186.0,196.0,True,frame_0792.png
792,20975,0x1A40,$02:9274,E0,186.0,188.0,True,frame_0792.png
792,20975,0x1B00,$04:F97F,CC,136.098,112.504,True,frame_0792.png
792,20975,0x1B40,$04:F97F,CC,100.82,144.0,True,frame_0792.png
794,20977,0x1000,$04:DF96,C0,96.5,112.0,True,frame_0794.png
794,20977,0x1040,$04:F8A1,C0,96.0,112.0,True,frame_0794.png
794,20977,0x16C0,$02:B04A,C8,173.371,116.141,True,frame_0794.png
794,20977,0x1700,$02:9119,C8,130.0,196.0,True,frame_0794.png
794,20977,0x1740,$02:9274,E0,130.0,188.0,True,frame_0794.png
794,20977,0x1780,$02:B04A,C8,208.777,99.078,True,frame_0794.png
794,20977,0x17C0,$02:B04A,C8,226.773,97.656,True,frame_0794.png
794,20977,0x1880,$02:B04A,C8,265.945,97.656,False,frame_0794.png
794,20977,0x18C0,$02:9119,C8,171.422,184.0,True,frame_0794.png
794,20977,0x1900,$02:9274,E0,171.0,176.0,True,frame_0794.png
794,20977,0x1940,$02:B04A,C8,190.98,70.918,True,frame_0794.png
794,20977,0x1980,$02:90F0,C8,168.0,184.0,True,frame_0794.png
794,20977,0x19C0,$02:9274,E0,168.0,176.0,True,frame_0794.png
794,20977,0x1A00,$02:90F0,C8,184.0,196.0,True,frame_0794.png
794,20977,0x1A40,$02:9274,E0,184.0,188.0,True,frame_0794.png
794,20977,0x1B00,$04:F97F,CC,132.918,113.137,True,frame_0794.png
794,20977,0x1B40,$04:F97F,CC,99.578,141.0,True,frame_0794.png
796,20979,0x1000,$04:DF96,80,96.5,112.0,True,frame_0796.png
796,20979,0x1040,$04:F8A1,C0,96.0,112.0,True,frame_0796.png
796,20979,0x16C0,$02:B04A,C8,170.105,116.891,True,frame_0796.png
796,20979,0x1700,$02:9119,C8,130.625,196.0,True,frame_0796.png
796,20979,0x1740,$02:9274,E0,130.0,188.0,True,frame_0796.png
796,20979,0x1780,$02:B04A,C8,208.004,101.414,True,frame_0796.png
796,20979,0x17C0,$02:B04A,C8,230.18,97.656,True,frame_0796.png
796,20979,0x1880,$02:B04A,C8,269.352,97.656,False,frame_0796.png
796,20979,0x18C0,$02:9119,C8,171.855,184.0,True,frame_0796.png
796,20979,0x1900,$02:9274,E0,171.0,176.0,True,frame_0796.png
796,20979,0x1940,$02:B04A,C8,193.527,70.918,True,frame_0796.png
796,20979,0x1980,$02:90F0,C8,166.0,184.0,True,frame_0796.png
796,20979,0x19C0,$02:9274,E0,166.0,176.0,True,frame_0796.png
796,20979,0x1A00,$02:90F0,C8,182.0,196.0,True,frame_0796.png
796,20979,0x1A40,$02:9274,E0,182.0,188.0,True,frame_0796.png
796,20979,0x1B00,$04:F97F,CC,129.738,113.77,True,frame_0796.png
796,20979,0x1B40,$04:F97F,CC,98.336,138.0,True,frame_0796.png
798,20981,0x1000,$04:DF96,C0,96.5,112.0,True,frame_0798.png
798,20981,0x1040,$04:F8A1,C0,96.0,112.0,True,frame_0798.png
798,20981,0x16C0,$02:B04A,C8,166.84,117.641,True,frame_0798.png
798,20981,0x1700,$02:9119,C8,131.25,196.0,True,frame_0798.png
798,20981,0x1740,$02:9274,E0,131.0,188.0,True,frame_0798.png
798,20981,0x1780,$02:B04A,C8,206.887,103.531,True,frame_0798.png
798,20981,0x17C0,$02:B04A,C8,233.586,97.656,True,frame_0798.png
798,20981,0x18C0,$02:9119,C8,172.273,184.0,True,frame_0798.png
798,20981,0x1900,$02:9274,E0,172.0,176.0,True,frame_0798.png
798,20981,0x1940,$02:B04A,C8,195.934,71.328,True,frame_0798.png
798,20981,0x1980,$02:91DB,D8,165.0,184.0,True,frame_0798.png
798,20981,0x19C0,$02:9274,E0,165.0,176.0,True,frame_0798.png
798,20981,0x1A00,$02:90F0,C8,180.0,196.0,True,frame_0798.png
798,20981,0x1A40,$02:9274,E0,180.0,188.0,True,frame_0798.png
798,20981,0x1B00,$04:F97F,CC,126.559,114.402,True,frame_0798.png
798,20981,0x1B40,$04:F97F,CC,97.094,135.0,True,frame_0798.png
800,20983,0x1000,$04:DF96,80,96.5,112.0,True,frame_0800.png
800,20983,0x1040,$04:F8A1,C0,96.0,112.0,True,frame_0800.png
800,20983,0x16C0,$02:B04A,C8,163.574,118.391,True,frame_0800.png
800,20983,0x1700,$02:9119,C8,131.875,196.0,True,frame_0800.png
800,20983,0x1740,$02:9274,E0,131.0,188.0,True,frame_0800.png
800,20983,0x1780,$02:B04A,C8,205.426,105.43,True,frame_0800.png
800,20983,0x17C0,$02:B04A,C8,236.992,97.656,True,frame_0800.png
800,20983,0x18C0,$02:9119,C8,172.676,184.0,True,frame_0800.png
800,20983,0x1900,$02:9274,E0,172.0,176.0,True,frame_0800.png
800,20983,0x1940,$02:B04A,C8,198.152,72.098,True,frame_0800.png
800,20983,0x1980,$02:91DB,D8,164.0,184.0,True,frame_0800.png
800,20983,0x19C0,$02:9274,E0,164.0,176.0,True,frame_0800.png
800,20983,0x1A00,$02:90F0,C8,178.0,196.0,True,frame_0800.png
800,20983,0x1A40,$02:9274,E0,178.0,188.0,True,frame_0800.png
800,20983,0x1B00,$04:F97F,CC,123.379,115.035,True,frame_0800.png
800,20983,0x1B40,$04:F97F,CC,95.852,132.0,True,frame_0800.png
802,20985,0x1000,$04:DF96,C0,96.5,112.0,True,frame_0802.png
802,20985,0x1040,$04:F8A1,C0,96.0,112.0,True,frame_0802.png
802,20985,0x16C0,$02:B04A,C8,160.309,119.141,True,frame_0802.png
802,20985,0x1700,$02:9119,C8,132.5,196.0,True,frame_0802.png
802,20985,0x1740,$02:9274,E0,132.0,188.0,True,frame_0802.png
802,20985,0x1780,$02:B04A,C8,203.621,107.109,True,frame_0802.png
802,20985,0x17C0,$02:B04A,C8,240.398,97.656,True,frame_0802.png
802,20985,0x18C0,$02:91FF,D8,172.871,184.0,True,frame_0802.png
802,20985,0x1900,$02:9274,E0,172.0,176.0,True,frame_0802.png
802,20985,0x1940,$02:B04A,C8,200.184,73.227,True,frame_0802.png
802,20985,0x1980,$02:91DB,D8,163.0,184.0,True,frame_0802.png
802,20985,0x19C0,$02:9274,E0,163.0,176.0,True,frame_0802.png
802,20985,0x1A00,$02:90F0,C8,176.0,196.0,True,frame_0802.png
802,20985,0x1A40,$02:9274,E0,176.0,188.0,True,frame_0802.png
802,20985,0x1AC0,$04:F97F,CC,161.0,118.0,True,frame_0802.png
802,20985,0x1B00,$04:F97F,CC,120.199,115.668,True,frame_0802.png
802,20985,0x1B40,$04:F97F,CC,94.609,129.0,True,frame_0802.png
804,20987,0x1000,$04:DF96,80,96.5,112.0,True,frame_0804.png
804,20987,0x1040,$04:F8A1,C0,96.0,112.0,True,frame_0804.png
804,20987,0x16C0,$02:B04A,C8,157.043,119.891,True,frame_0804.png
804,20987,0x1700,$02:9119,C8,133.125,196.0,True,frame_0804.png
804,20987,0x1740,$02:9274,E0,133.0,188.0,True,frame_0804.png
804,20987,0x1780,$02:B04A,C8,201.473,108.57,True,frame_0804.png
804,20987,0x17C0,$02:B04A,C8,243.805,97.656,True,frame_0804.png
804,20987,0x18C0,$02:91FF,D8,171.871,184.0,True,frame_0804.png
804,20987,0x1900,$02:9274,E0,171.0,176.0,True,frame_0804.png
804,20987,0x1940,$02:B04A,C8,202.027,74.715,True,frame_0804.png
804,20987,0x1980,$02:91DB,D8,162.0,184.0,True,frame_0804.png
804,20987,0x19C0,$02:9274,E0,162.0,176.0,True,frame_0804.png
804,20987,0x1A00,$02:90F0,C8,174.0,196.0,True,frame_0804.png
804,20987,0x1A40,$02:9274,E0,174.0,188.0,True,frame_0804.png
804,20987,0x1AC0,$04:F97F,CC,157.75,118.0,True,frame_0804.png
804,20987,0x1B00,$04:F97F,CC,117.02,116.301,True,frame_0804.png
804,20987,0x1B40,$04:F97F,CC,93.367,126.0,True,frame_0804.png
806,20989,0x1000,$04:DF96,C0,96.5,112.0,True,frame_0806.png
806,20989,0x1040,$04:F8A1,C0,96.0,112.0,True,frame_0806.png
806,20989,0x16C0,$02:B04A,C8,153.777,120.641,True,frame_0806.png
806,20989,0x1700,$02:9119,C8,133.75,196.0,True,frame_0806.png
806,20989,0x1740,$02:9274,E0,133.0,188.0,True,frame_0806.png
806,20989,0x1780,$02:B04A,C8,198.98,109.812,True,frame_0806.png
806,20989,0x17C0,$02:B04A,C8,247.211,97.656,True,frame_0806.png
806,20989,0x18C0,$02:91FF,D8,170.871,184.0,True,frame_0806.png
806,20989,0x1900,$02:9274,E0,170.0,176.0,True,frame_0806.png
806,20989,0x1940,$02:B04A,C8,203.684,76.562,True,frame_0806.png
806,20989,0x1980,$02:91DB,D8,161.0,184.0,True,frame_0806.png
806,20989,0x19C0,$02:9274,E0,161.0,176.0,True,frame_0806.png
806,20989,0x1A00,$02:90F0,C8,172.0,196.0,True,frame_0806.png
806,20989,0x1A40,$02:9274,E0,172.0,188.0,True,frame_0806.png
806,20989,0x1AC0,$04:F97F,CC,154.5,118.0,True,frame_0806.png
806,20989,0x1B00,$04:F97F,CC,113.84,116.934,True,frame_0806.png
806,20989,0x1B40,$04:F97F,CC,92.125,123.0,True,frame_0806.png
808,20991,0x1000,$04:DF96,80,96.5,112.0,True,frame_0808.png
808,20991,0x1040,$04:F8BC,C0,96.0,112.0,True,frame_0808.png
808,20991,0x16C0,$02:B04A,C8,150.512,121.391,True,frame_0808.png
808,20991,0x1700,$02:9119,C8,134.375,196.0,True,frame_0808.png
808,20991,0x1740,$02:9274,E0,134.0,188.0,True,frame_0808.png
808,20991,0x1780,$02:B04A,C8,196.145,110.836,True,frame_0808.png
808,20991,0x17C0,$02:B04A,C8,250.617,97.656,True,frame_0808.png
808,20991,0x18C0,$02:91FF,D8,169.871,184.0,True,frame_0808.png
808,20991,0x1900,$02:9274,E0,169.0,176.0,True,frame_0808.png
808,20991,0x1940,$02:B04A,C8,205.152,78.77,True,frame_0808.png
808,20991,0x1980,$02:91DB,D8,160.0,184.0,True,frame_0808.png
808,20991,0x19C0,$02:9274,E0,160.0,176.0,True,frame_0808.png
808,20991,0x1A00,$02:90F0,C8,170.0,196.0,True,frame_0808.png
808,20991,0x1A40,$02:9274,E0,170.0,188.0,True,frame_0808.png
808,20991,0x1AC0,$04:F97F,CC,151.25,118.0,True,frame_0808.png
808,20991,0x1B00,$04:F97F,CC,110.66,117.566,True,frame_0808.png
808,20991,0x1B40,$04:F97F,CC,90.883,120.0,True,frame_0808.png
810,20993,0x1000,$04:DF96,C0,96.5,112.0,True,frame_0810.png
810,20993,0x1040,$04:F8BC,C0,96.0,112.0,True,frame_0810.png
810,20993,0x16C0,$02:B04A,C8,147.246,122.141,True,frame_0810.png
810,20993,0x1700,$02:9119,C8,135.0,196.0,True,frame_0810.png
810,20993,0x1740,$02:9274,E0,135.0,188.0,True,frame_0810.png
810,20993,0x1780,$02:B04A,C8,192.965,111.641,True,frame_0810.png
810,20993,0x17C0,$02:B04A,C8,254.023,97.656,True,frame_0810.png
810,20993,0x18C0,$02:91FF,D8,168.871,184.0,True,frame_0810.png
810,20993,0x1900,$02:9274,E0,168.0,176.0,True,frame_0810.png
810,20993,0x1940,$02:B04A,C8,206.434,81.336,True,frame_0810.png
810,20993,0x1980,$02:91DB,D8,159.0,184.0,True,frame_0810.png
810,20993,0x19C0,$02:9274,E0,159.0,176.0,True,frame_0810.png
810,20993,0x1A00,$02:90F0,C8,168.0,196.0,True,frame_0810.png
810,20993,0x1A40,$02:9274,E0,168.0,188.0,True,frame_0810.png
810,20993,0x1AC0,$04:F97F,CC,148.0,118.0,True,frame_0810.png
810,20993,0x1B00,$04:F97F,CC,107.48,118.199,True,frame_0810.png
810,20993,0x1B40,$04:F97F,CC,89.641,117.0,True,frame_0810.png
812,20995,0x1000,$04:DF96,80,96.5,112.0,True,frame_0812.png
812,20995,0x1040,$04:F8BC,C0,96.0,112.0,True,frame_0812.png
812,20995,0x16C0,$02:B04A,C8,143.98,122.891,True,frame_0812.png
812,20995,0x1700,$02:9119,C8,135.625,196.0,True,frame_0812.png
812,20995,0x1740,$02:9274,E0,135.0,188.0,True,frame_0812.png
812,20995,0x1780,$02:B04A,C8,189.699,112.391,True,frame_0812.png
812,20995,0x17C0,$02:B04A,C8,257.43,97.656,False,frame_0812.png
812,20995,0x18C0,$02:91FF,D8,167.871,184.0,True,frame_0812.png
812,20995,0x1900,$02:9274,E0,167.0,176.0,True,frame_0812.png
812,20995,0x1940,$02:B04A,C8,207.527,84.262,True,frame_0812.png
812,20995,0x1980,$02:91DB,D8,158.0,184.0,True,frame_0812.png
812,20995,0x19C0,$02:9274,E0,158.0,176.0,True,frame_0812.png
812,20995,0x1A00,$02:90F0,C8,166.0,196.0,True,frame_0812.png
812,20995,0x1A40,$02:9274,E0,166.0,188.0,True,frame_0812.png
812,20995,0x1AC0,$04:F97F,CC,144.75,118.0,True,frame_0812.png
812,20995,0x1B00,$04:F97F,CC,104.301,118.832,True,frame_0812.png
812,20995,0x1B40,$04:F97F,CC,88.398,114.0,True,frame_0812.png
814,20997,0x1000,$04:DF96,C0,96.5,112.0,True,frame_0814.png
814,20997,0x1040,$04:F8BC,C0,96.0,112.0,True,frame_0814.png
814,20997,0x16C0,$02:B04A,C8,140.715,123.641,True,frame_0814.png
814,20997,0x1700,$02:9119,C8,136.25,196.0,True,frame_0814.png
814,20997,0x1740,$02:9274,E0,136.0,188.0,True,frame_0814.png
814,20997,0x1780,$02:B04A,C8,186.434,113.141,True,frame_0814.png
814,20997,0x17C0,$02:B04A,C8,260.836,97.656,False,frame_0814.png
814,20997,0x18C0,$02:91FF,D8,166.871,184.0,True,frame_0814.png
814,20997,0x1900,$02:9274,E0,166.0,176.0,True,frame_0814.png
814,20997,0x1940,$02:B04A,C8,208.434,87.547,True,frame_0814.png
814,20997,0x1980,$02:91DB,D8,157.0,184.0,True,frame_0814.png
814,20997,0x19C0,$02:9274,E0,157.0,176.0,True,frame_0814.png
814,20997,0x1A00,$02:91DB,D8,165.0,196.0,True,frame_0814.png
814,20997,0x1A40,$02:9274,E0,165.0,188.0,True,frame_0814.png
814,20997,0x1AC0,$04:F97F,CC,141.5,118.0,True,frame_0814.png
814,20997,0x1B00,$04:F97F,CC,101.121,119.465,True,frame_0814.png
814,20997,0x1B40,$04:F97F,CC,87.156,111.0,True,frame_0814.png
816,20999,0x1000,$04:DF96,80,96.5,112.0,True,frame_0816.png
816,20999,0x1040,$04:F8BC,C0,96.0,112.0,True,frame_0816.png
816,20999,0x16C0,$02:B04A,C8,137.449,124.391,True,frame_0816.png
816,20999,0x1700,$02:9119,C8,136.875,196.0,True,frame_0816.png
816,20999,0x1740,$02:9274,E0,136.0,188.0,True,frame_0816.png
816,20999,0x1780,$02:B04A,C8,183.168,113.891,True,frame_0816.png
816,20999,0x17C0,$02:B04A,C8,264.242,97.656,False,frame_0816.png
816,20999,0x18C0,$02:91FF,D8,165.871,184.0,True,frame_0816.png
816,20999,0x1900,$02:9274,E0,165.0,176.0,True,frame_0816.png
816,20999,0x1940,$02:B04A,C8,209.035,90.758,True,frame_0816.png
816,20999,0x1980,$02:91DB,D8,156.0,184.0,True,frame_0816.png
816,20999,0x19C0,$02:9274,E0,156.0,176.0,True,frame_0816.png
816,20999,0x1A00,$02:91DB,D8,164.0,196.0,True,frame_0816.png
816,20999,0x1A40,$02:9274,E0,164.0,188.0,True,frame_0816.png
816,20999,0x1AC0,$04:F97F,CC,138.25,118.0,True,frame_0816.png
816,20999,0x1B00,$04:F97F,CC,97.941,120.098,True,frame_0816.png
816,20999,0x1B40,$04:F97F,CC,85.914,108.0,True,frame_0816.png
818,21001,0x1000,$04:DF96,C0,96.5,112.0,True,frame_0818.png
818,21001,0x1040,$04:F8BC,C0,96.0,112.0,True,frame_0818.png
818,21001,0x16C0,$02:B04A,C8,134.184,125.141,True,frame_0818.png
818,21001,0x1700,$02:9119,C8,137.5,196.0,True,frame_0818.png
818,21001,0x1740,$02:9274,E0,137.0,188.0,True,frame_0818.png
818,21001,0x1780,$02:B04A,C8,179.902,114.641,True,frame_0818.png
818,21001,0x17C0,$02:B04A,C8,267.648,97.656,False,frame_0818.png
818,21001,0x18C0,$02:91FF,D8,164.871,184.0,True,frame_0818.png
818,21001,0x1900,$02:9274,E0,164.0,176.0,True,frame_0818.png
818,21001,0x1940,$02:B04A,C8,209.293,93.75,True,frame_0818.png
818,21001,0x1980,$02:91DB,D8,155.0,184.0,True,frame_0818.png
818,21001,0x19C0,$02:9274,E0,155.0,176.0,True,frame_0818.png
818,21001,0x1A00,$02:91DB,D8,163.0,196.0,True,frame_0818.png
818,21001,0x1A40,$02:9274,E0,163.0,188.0,True,frame_0818.png
818,21001,0x1AC0,$04:F97F,CC,135.0,118.0,True,frame_0818.png
818,21001,0x1B00,$04:F97F,CC,94.762,120.73,True,frame_0818.png
818,21001,0x1B40,$04:F97F,CC,84.672,105.0,True,frame_0818.png
820,21003,0x1000,$04:DF96,80,96.5,112.0,True,frame_0820.png
820,21003,0x1040,$04:F8BC,C0,96.0,112.0,True,frame_0820.png
820,21003,0x16C0,$02:B04A,C8,130.918,125.891,True,frame_0820.png
820,21003,0x1700,$02:9119,C8,138.125,196.0,True,frame_0820.png
820,21003,0x1740,$02:9274,E0,138.0,188.0,True,frame_0820.png
820,21003,0x1780,$02:B04A,C8,176.637,115.391,True,frame_0820.png
820,21003,0x17C0,$02:B04A,C8,271.055,97.656,False,frame_0820.png
820,21003,0x18C0,$02:91FF,D8,163.871,184.0,True,frame_0820.png
820,21003,0x1900,$02:9274,E0,163.0,176.0,True,frame_0820.png
820,21003,0x1940,$02:B04A,C8,209.207,96.523,True,frame_0820.png
820,21003,0x1980,$02:91DB,D8,154.0,184.0,True,frame_0820.png
820,21003,0x19C0,$02:9274,E0,154.0,176.0,True,frame_0820.png
820,21003,0x1A00,$02:91DB,D8,162.0,196.0,True,frame_0820.png
820,21003,0x1A40,$02:9274,E0,162.0,188.0,True,frame_0820.png
820,21003,0x1AC0,$04:F97F,CC,131.75,118.0,True,frame_0820.png
820,21003,0x1B00,$04:F97F,CC,91.582,121.363,True,frame_0820.png
820,21003,0x1B40,$04:F97F,CC,83.43,102.0,True,frame_0820.png
822,21005,0x1000,$04:DF96,C0,96.5,112.0,True,frame_0822.png
822,21005,0x1040,$04:F8BC,C0,96.0,112.0,True,frame_0822.png
822,21005,0x16C0,$02:B04A,C8,127.652,126.641,True,frame_0822.png
822,21005,0x1700,$02:9119,C8,138.75,196.0,True,frame_0822.png
822,21005,0x1740,$02:9274,E0,138.0,188.0,True,frame_0822.png
822,21005,0x1780,$02:B04A,C8,173.371,116.141,True,frame_0822.png
822,21005,0x18C0,$02:91FF,D8,162.871,184.0,True,frame_0822.png
822,21005,0x1900,$02:9274,E0,162.0,176.0,True,frame_0822.png
822,21005,0x1940,$02:B04A,C8,208.777,99.078,True,frame_0822.png
822,21005,0x1980,$02:91DB,D8,153.0,184.0,True,frame_0822.png
822,21005,0x19C0,$02:9274,E0,153.0,176.0,True,frame_0822.png
822,21005,0x1A00,$02:91DB,D8,161.0,196.0,True,frame_0822.png
822,21005,0x1A40,$02:9274,E0,161.0,188.0,True,frame_0822.png
822,21005,0x1AC0,$04:F97F,CC,128.5,118.0,True,frame_0822.png
822,21005,0x1B00,$04:F97F,CC,88.402,121.996,True,frame_0822.png
822,21005,0x1B40,$04:F97F,CC,82.188,99.0,True,frame_0822.png
822,21005,0x1B80,$04:F97F,CC,127.0,171.0,True,frame_0822.png
824,21007,0x1000,$04:DF96,80,96.5,112.0,True,frame_0824.png
824,21007,0x1040,$04:F8BC,C0,96.0,112.0,True,frame_0824.png
824,21007,0x16C0,$02:B04A,C8,124.574,127.414,True,frame_0824.png
824,21007,0x1700,$02:9119,C8,139.375,196.0,True,frame_0824.png
824,21007,0x1740,$02:9274,E0,139.0,188.0,True,frame_0824.png
824,21007,0x1780,$02:B04A,C8,170.105,116.891,True,frame_0824.png
824,21007,0x18C0,$02:91FF,D8,161.871,184.0,True,frame_0824.png
824,21007,0x1900,$02:9274,E0,161.0,176.0,True,frame_0824.png
824,21007,0x1940,$02:B04A,C8,208.004,101.414,True,frame_0824.png
824,21007,0x1980,$02:91DB,D8,152.0,184.0,True,frame_0824.png
824,21007,0x19C0,$02:9274,E0,152.0,176.0,True,frame_0824.png
824,21007,0x1A00,$02:91DB,D8,160.0,196.0,True,frame_0824.png
824,21007,0x1A40,$02:9274,E0,160.0,188.0,True,frame_0824.png
824,21007,0x1AC0,$04:F97F,CC,125.25,118.0,True,frame_0824.png
824,21007,0x1B00,$04:F97F,CC,85.223,122.629,True,frame_0824.png
824,21007,0x1B40,$04:F97F,CC,80.945,96.0,True,frame_0824.png
824,21007,0x1B80,$04:F97F,CC,125.758,168.0,True,frame_0824.png
826,21009,0x1000,$04:DF96,C0,96.5,112.0,True,frame_0826.png
826,21009,0x1040,$04:F8BC,C0,96.0,112.0,True,frame_0826.png
826,21009,0x16C0,$02:B04A,C8,121.746,128.219,True,frame_0826.png
826,21009,0x1700,$02:9119,C8,140.0,196.0,True,frame_0826.png
826,21009,0x1740,$02:9274,E0,140.0,188.0,True,frame_0826.png
826,21009,0x1780,$02:B04A,C8,166.84,117.641,True,frame_0826.png
826,21009,0x18C0,$02:91FF,D8,160.871,184.0,True,frame_0826.png
826,21009,0x1900,$02:9274,E0,160.0,176.0,True,frame_0826.png
826,21009,0x1940,$02:B04A,C8,206.887,103.531,True,frame_0826.png
826,21009,0x1980,$02:91DB,D8,151.0,184.0,True,frame_0826.png
826,21009,0x19C0,$02:9274,E0,151.0,176.0,True,frame_0826.png
826,21009,0x1A00,$02:91DB,D8,159.0,196.0,True,frame_0826.png
826,21009,0x1A40,$02:9274,E0,159.0,188.0,True,frame_0826.png
826,21009,0x1AC0,$04:F97F,CC,122.0,118.0,True,frame_0826.png
826,21009,0x1B00,$04:F97F,CC,82.043,123.262,True,frame_0826.png
826,21009,0x1B40,$04:F97F,CC,79.703,93.0,True,frame_0826.png
826,21009,0x1B80,$04:F97F,CC,124.516,165.0,True,frame_0826.png
828,21011,0x1000,$04:DF96,80,96.5,112.0,True,frame_0828.png
828,21011,0x1040,$04:F8BC,C0,96.0,112.0,True,frame_0828.png
828,21011,0x16C0,$02:B04A,C8,119.168,129.055,True,frame_0828.png
828,21011,0x1700,$02:9119,C8,140.625,196.0,True,frame_0828.png
828,21011,0x1740,$02:9274,E0,140.0,188.0,True,frame_0828.png
828,21011,0x1780,$02:B04A,C8,163.574,118.391,True,frame_0828.png
828,21011,0x18C0,$02:91FF,D8,159.871,184.0,True,frame_0828.png
828,21011,0x1900,$02:9274,E0,159.0,176.0,True,frame_0828.png
828,21011,0x1940,$02:B04A,C8,205.426,105.43,True,frame_0828.png
828,21011,0x1980,$02:91DB,D8,150.0,184.0,True,frame_0828.png
828,21011,0x19C0,$02:9274,E0,150.0,176.0,True,frame_0828.png
828,21011,0x1A00,$02:91DB,D8,158.0,196.0,True,frame_0828.png
828,21011,0x1A40,$02:9274,E0,158.0,188.0,True,frame_0828.png
828,21011,0x1AC0,$04:F97F,CC,118.75,118.0,True,frame_0828.png
828,21011,0x1B00,$04:F97F,CC,78.863,123.895,True,frame_0828.png
828,21011,0x1B40,$04:F97F,CC,78.461,90.0,True,frame_0828.png
828,21011,0x1B80,$04:F97F,CC,123.273,162.0,True,frame_0828.png
830,21013,0x1000,$04:DF96,C0,96.5,112.0,True,frame_0830.png
830,21013,0x1040,$04:F8BC,C0,96.0,112.0,True,frame_0830.png
830,21013,0x16C0,$02:B04A,C8,116.84,129.922,True,frame_0830.png
830,21013,0x1700,$02:9119,C8,141.25,196.0,True,frame_0830.png
830,21013,0x1740,$02:9274,E0,141.0,188.0,True,frame_0830.png
830,21013,0x1780,$02:B04A,C8,160.309,119.141,True,frame_0830.png
830,21013,0x18C0,$02:91FF,D8,158.871,184.0,True,frame_0830.png
830,21013,0x1900,$02:9274,E0,158.0,176.0,True,frame_0830.png
830,21013,0x1940,$02:B04A,C8,203.621,107.109,True,frame_0830.png
830,21013,0x1980,$02:91DB,D8,149.0,184.0,True,frame_0830.png
830,21013,0x19C0,$02:9274,E0,149.0,176.0,True,frame_0830.png
830,21013,0x1A00,$02:91DB,D8,157.0,196.0,True,frame_0830.png
830,21013,0x1A40,$02:9274,E0,157.0,188.0,True,frame_0830.png
830,21013,0x1AC0,$04:F97F,CC,115.5,118.0,True,frame_0830.png
830,21013,0x1B00,$04:F97F,CC,75.684,124.527,True,frame_0830.png
830,21013,0x1B40,$04:F97F,CC,77.219,87.0,True,frame_0830.png
830,21013,0x1B80,$04:F97F,CC,122.031,159.0,True,frame_0830.png
832,21015,0x1000,$04:DF96,80,96.5,112.0,True,frame_0832.png
832,21015,0x1040,$04:F8BC,C0,96.0,112.0,True,frame_0832.png
832,21015,0x16C0,$02:B04A,C8,114.762,130.82,True,frame_0832.png
832,21015,0x1700,$02:9119,C8,141.875,196.0,True,frame_0832.png
832,21015,0x1740,$02:9274,E0,141.0,188.0,True,frame_0832.png
832,21015,0x1780,$02:B04A,C8,157.043,119.891,True,frame_0832.png
832,21015,0x18C0,$02:91FF,D8,157.871,184.0,True,frame_0832.png
832,21015,0x1900,$02:9274,E0,157.0,176.0,True,frame_0832.png
832,21015,0x1940,$02:B04A,C8,201.473,108.57,True,frame_0832.png
832,21015,0x1980,$02:91DB,D8,148.0,184.0,True,frame_0832.png
832,21015,0x19C0,$02:9274,E0,148.0,176.0,True,frame_0832.png
832,21015,0x1A00,$02:91DB,D8,156.0,196.0,True,frame_0832.png
832,21015,0x1A40,$02:9274,E0,156.0,188.0,True,frame_0832.png
832,21015,0x1AC0,$04:F97F,CC,112.25,118.0,True,frame_0832.png
832,21015,0x1B00,$04:F97F,CC,72.504,125.16,True,frame_0832.png
832,21015,0x1B40,$04:F97F,CC,75.977,84.0,True,frame_0832.png
832,21015,0x1B80,$04:F97F,CC,120.789,156.0,True,frame_0832.png
834,21017,0x1000,$04:DF96,C0,96.5,112.0,True,frame_0834.png
834,21017,0x1040,$04:F8BC,C0,96.0,112.0,True,frame_0834.png
834,21017,0x16C0,$02:B04A,C8,112.934,131.75,True,frame_0834.png
834,21017,0x1700,$02:9119,C8,142.5,196.0,True,frame_0834.png
834,21017,0x1740,$02:9274,E0,142.0,188.0,True,frame_0834.png
834,21017,0x1780,$02:B04A,C8,153.777,120.641,True,frame_0834.png
834,21017,0x18C0,$02:91FF,D8,156.871,184.0,True,frame_0834.png
834,21017,0x1900,$02:9274,E0,156.0,176.0,True,frame_0834.png
834,21017,0x1940,$02:B04A,C8,198.98,109.812,True,frame_0834.png
834,21017,0x1980,$02:91DB,D8,147.0,184.0,True,frame_0834.png
834,21017,0x19C0,$02:9274,E0,147.0,176.0,True,frame_0834.png
834,21017,0x1A00,$02:91DB,D8,155.0,196.0,True,frame_0834.png
834,21017,0x1A40,$02:9274,E0,155.0,188.0,True,frame_0834.png
834,21017,0x1AC0,$04:F97F,CC,109.0,118.0,True,frame_0834.png
834,21017,0x1B00,$04:F97F,CC,69.324,125.793,True,frame_0834.png
834,21017,0x1B40,$04:F97F,CC,74.734,81.0,True,frame_0834.png
834,21017,0x1B80,$04:F97F,CC,119.547,153.0,True,frame_0834.png
836,21019,0x1000,$04:DF96,80,96.5,112.0,True,frame_0836.png
836,21019,0x1040,$04:F8BC,C0,96.0,112.0,True,frame_0836.png
836,21019,0x16C0,$02:B04A,C8,111.355,132.711,True,frame_0836.png
836,21019,0x1700,$02:9119,C8,143.125,196.0,True,frame_0836.png
836,21019,0x1740,$02:9274,E0,143.0,188.0,True,frame_0836.png
836,21019,0x1780,$02:B04A,C8,150.512,121.391,True,frame_0836.png
836,21019,0x18C0,$02:91FF,D8,155.871,184.0,True,frame_0836.png
836,21019,0x1900,$02:9274,E0,155.0,176.0,True,frame_0836.png
836,21019,0x1940,$02:B04A,C8,196.145,110.836,True,frame_0836.png
836,21019,0x1980,$02:91DB,D8,146.0,184.0,True,frame_0836.png
836,21019,0x19C0,$02:9274,E0,146.0,176.0,True,frame_0836.png
836,21019,0x1A00,$02:91DB,D8,154.0,196.0,True,frame_0836.png
836,21019,0x1A40,$02:9274,E0,154.0,188.0,True,frame_0836.png
836,21019,0x1AC0,$04:F97F,CC,105.75,118.0,True,frame_0836.png
836,21019,0x1B00,$04:F97F,CC,66.145,126.426,True,frame_0836.png
836,21019,0x1B40,$04:F97F,CC,73.492,78.0,True,frame_0836.png
836,21019,0x1B80,$04:F97F,CC,118.305,150.0,True,frame_0836.png
838,21021,0x1000,$04:DF96,C0,96.5,112.0,True,frame_0838.png
838,21021,0x1040,$04:F8BC,C0,96.0,112.0,True,frame_0838.png
838,21021,0x16C0,$02:B04A,C8,110.027,133.703,True,frame_0838.png
838,21021,0x1700,$02:9119,C8,143.75,196.0,True,frame_0838.png
838,21021,0x1740,$02:9274,E0,143.0,188.0,True,frame_0838.png
838,21021,0x1780,$02:B04A,C8,147.246,122.141,True,frame_0838.png
838,21021,0x18C0,$02:91FF,D8,154.871,184.0,True,frame_0838.png
838,21021,0x1900,$02:9274,E0,154.0,176.0,True,frame_0838.png
838,21021,0x1940,$02:B04A,C8,192.965,111.641,True,frame_0838.png
838,21021,0x1980,$02:9119,C8,145.0,184.0,True,frame_0838.png
838,21021,0x19C0,$02:9274,E0,145.0,176.0,True,frame_0838.png
838,21021,0x1A00,$02:91DB,D8,153.0,196.0,True,frame_0838.png
838,21021,0x1A40,$02:9274,E0,153.0,188.0,True,frame_0838.png
838,21021,0x1AC0,$04:F97F,CC,102.5,118.0,True,frame_0838.png
838,21021,0x1B00,$04:F97F,CC,62.965,127.059,True,frame_0838.png
838,21021,0x1B40,$04:F97F,CC,72.25,75.0,True,frame_0838.png
838,21021,0x1B80,$04:F97F,CC,117.062,147.0,True,frame_0838.png
840,21023,0x1000,$04:DF96,80,96.5,112.0,True,frame_0840.png
840,21023,0x1040,$04:F8BC,C0,96.0,112.0,True,frame_0840.png
840,21023,0x16C0,$02:B04A,C8,108.949,134.727,True,frame_0840.png
840,21023,0x1700,$02:9119,C8,144.375,196.0,True,frame_0840.png
840,21023,0x1740,$02:9274,E0,144.0,188.0,True,frame_0840.png
840,21023,0x1780,$02:B04A,C8,143.98,122.891,True,frame_0840.png
840,21023,0x18C0,$02:91FF,D8,153.871,184.0,True,frame_0840.png
840,21023,0x1900,$02:9274,E0,153.0,176.0,True,frame_0840.png
840,21023,0x1940,$02:B04A,C8,189.699,112.391,True,frame_0840.png
840,21023,0x1980,$02:9119,C8,145.625,184.0,True,frame_0840.png
840,21023,0x19C0,$02:9274,E0,145.0,176.0,True,frame_0840.png
840,21023,0x1A00,$02:91DB,D8,152.0,196.0,True,frame_0840.png
840,21023,0x1A40,$02:9274,E0,152.0,188.0,True,frame_0840.png
840,21023,0x1AC0,$04:F97F,CC,99.25,118.0,True,frame_0840.png
840,21023,0x1B00,$04:F97F,CC,59.785,127.691,True,frame_0840.png
840,21023,0x1B40,$04:F97F,CC,71.008,72.0,True,frame_0840.png
840,21023,0x1B80,$04:F97F,CC,115.82,144.0,True,frame_0840.png
842,21025,0x1000,$04:DF96,C0,96.5,112.0,True,frame_0842.png
842,21025,0x1040,$04:F8BC,C0,96.0,112.0,True,frame_0842.png
842,21025,0x16C0,$02:B04A,C8,108.121,135.781,True,frame_0842.png
842,21025,0x1700,$02:9119,C8,145.0,196.0,True,frame_0842.png
842,21025,0x1740,$02:9274,E0,145.0,188.0,True,frame_0842.png
842,21025,0x1780,$02:B04A,C8,140.715,123.641,True,frame_0842.png
842,21025,0x18C0,$02:9166,C8,152.871,184.0,True,frame_0842.png
842,21025,0x1900,$02:9274,E0,152.0,176.0,True,frame_0842.png
842,21025,0x1940,$02:B04A,C8,186.434,113.141,True,frame_0842.png
842,21025,0x1980,$02:9119,C8,146.25,184.0,True,frame_0842.png
842,21025,0x19C0,$02:9274,E0,146.0,176.0,True,frame_0842.png
842,21025,0x1A00,$02:91DB,D8,151.0,196.0,True,frame_0842.png
842,21025,0x1A40,$02:9274,E0,151.0,188.0,True,frame_0842.png
842,21025,0x1AC0,$04:F97F,CC,96.0,118.0,True,frame_0842.png
842,21025,0x1B00,$04:F97F,CC,56.605,128.324,True,frame_0842.png
842,21025,0x1B40,$04:F97F,CC,69.766,69.0,True,frame_0842.png
842,21025,0x1B80,$04:F97F,CC,114.578,141.0,True,frame_0842.png
844,21027,0x1000,$04:DF96,80,96.5,112.0,True,frame_0844.png
844,21027,0x1040,$04:F8BC,C0,96.0,112.0,True,frame_0844.png
844,21027,0x16C0,$02:B04A,C8,107.543,136.867,True,frame_0844.png
844,21027,0x1700,$02:9119,C8,145.621,196.0,True,frame_0844.png
844,21027,0x1740,$02:9274,E0,145.0,188.0,True,frame_0844.png
844,21027,0x1780,$02:B04A,C8,137.449,124.391,True,frame_0844.png
844,21027,0x18C0,$02:9166,C8,150.871,184.0,True,frame_0844.png
844,21027,0x1900,$02:9274,E0,150.0,176.0,True,frame_0844.png
844,21027,0x1940,$02:B04A,C8,183.168,113.891,True,frame_0844.png
844,21027,0x1980,$02:9119,C8,146.875,184.0,True,frame_0844.png
844,21027,0x19C0,$02:9274,E0,146.0,176.0,True,frame_0844.png
844,21027,0x1A00,$02:91DB,D8,150.0,196.0,True,frame_0844.png
844,21027,0x1A40,$02:9274,E0,150.0,188.0,True,frame_0844.png
844,21027,0x1AC0,$04:F97F,CC,92.75,118.0,True,frame_0844.png
844,21027,0x1B00,$04:F97F,CC,53.426,128.957,True,frame_0844.png
844,21027,0x1B40,$04:F97F,CC,68.523,66.0,True,frame_0844.png
844,21027,0x1B80,$04:F97F,CC,113.336,138.0,True,frame_0844.png
846,21029,0x1000,$04:DF96,C0,96.5,112.0,True,frame_0846.png
846,21029,0x1040,$04:F8BC,C0,96.0,112.0,True,frame_0846.png
846,21029,0x16C0,$02:B04A,C8,107.191,137.969,True,frame_0846.png
846,21029,0x1700,$02:9119,C8,146.227,196.0,True,frame_0846.png
846,21029,0x1740,$02:9274,E0,146.0,188.0,True,frame_0846.png
846,21029,0x1780,$02:B04A,C8,134.184,125.141,True,frame_0846.png
846,21029,0x18C0,$02:9166,C8,148.871,184.0,True,frame_0846.png
846,21029,0x1900,$02:9274,E0,148.0,176.0,True,frame_0846.png
846,21029,0x1940,$02:B04A,C8,179.902,114.641,True,frame_0846.png
846,21029,0x1980,$02:9119,C8,147.5,184.0,True,frame_0846.png
846,21029,0x19C0,$02:9274,E0,147.0,176.0,True,frame_0846.png
846,21029,0x1A00,$02:91DB,D8,149.0,196.0,True,frame_0846.png
846,21029,0x1A40,$02:9274,E0,149.0,188.0,True,frame_0846.png
846,21029,0x1AC0,$04:F97F,CC,89.5,118.0,True,frame_0846.png
846,21029,0x1B00,$04:F97F,CC,50.246,129.59,True,frame_0846.png
846,21029,0x1B40,$04:F97F,CC,67.281,63.0,True,frame_0846.png
846,21029,0x1B80,$04:F97F,CC,112.094,135.0,True,frame_0846.png
848,21031,0x1000,$04:DF96,80,96.5,112.0,True,frame_0848.png
848,21031,0x1040,$04:F8BC,C0,96.0,112.0,True,frame_0848.png
848,21031,0x16C0,$02:B04A,C8,106.996,139.039,True,frame_0848.png
848,21031,0x1700,$02:9119,C8,146.816,196.0,True,frame_0848.png
848,21031,0x1740,$02:9274,E0,146.0,188.0,True,frame_0848.png
848,21031,0x1780,$02:B04A,C8,130.918,125.891,True,frame_0848.png
848,21031,0x18C0,$02:9166,C8,146.871,184.0,True,frame_0848.png
848,21031,0x1900,$02:9274,E0,146.0,176.0,True,frame_0848.png
848,21031,0x1940,$02:B04A,C8,176.637,115.391,True,frame_0848.png
848,21031,0x1980,$02:9119,C8,148.125,184.0,True,frame_0848.png
848,21031,0x19C0,$02:9274,E0,148.0,176.0,True,frame_0848.png
848,21031,0x1A00,$02:91DB,D8,148.0,196.0,True,frame_0848.png
848,21031,0x1A40,$02:9274,E0,148.0,188.0,True,frame_0848.png
848,21031,0x1AC0,$04:F97F,CC,86.25,118.0,True,frame_0848.png
848,21031,0x1B00,$04:F97F,CC,47.066,130.223,True,frame_0848.png
848,21031,0x1B40,$04:F97F,CC,66.039,60.0,True,frame_0848.png
848,21031,0x1B80,$04:F97F,CC,110.852,132.0,True,frame_0848.png
850,21033,0x1000,$04:DF96,C0,96.5,112.0,True,frame_0850.png
850,21033,0x1040,$04:F8BC,C0,96.0,112.0,True,frame_0850.png
850,21033,0x16C0,$02:B04A,C8,106.957,140.078,True,frame_0850.png
850,21033,0x1700,$02:9119,C8,147.391,196.0,True,frame_0850.png
850,21033,0x1740,$02:9274,E0,147.0,188.0,True,frame_0850.png
850,21033,0x1780,$02:B04A,C8,127.652,126.641,True,frame_0850.png
850,21033,0x18C0,$02:9166,C8,144.871,184.0,True,frame_0850.png
850,21033,0x1900,$02:9274,E0,144.0,176.0,True,frame_0850.png
850,21033,0x1940,$02:B04A,C8,173.371,116.141,True,frame_0850.png
850,21033,0x1980,$02:9119,C8,148.75,184.0,True,frame_0850.png
850,21033,0x19C0,$02:9274,E0,148.0,176.0,True,frame_0850.png
850,21033,0x1A00,$02:91DB,D8,147.0,196.0,True,frame_0850.png
850,21033,0x1A40,$02:9274,E0,147.0,188.0,True,frame_0850.png
850,21033,0x1AC0,$04:F97F,CC,83.0,118.0,True,frame_0850.png
850,21033,0x1B00,$04:F97F,CC,43.887,130.855,True,frame_0850.png
850,21033,0x1B40,$04:F97F,CC,64.797,57.0,True,frame_0850.png
850,21033,0x1B80,$04:F97F,CC,109.609,129.0,True,frame_0850.png
852,21035,0x1000,$04:DF96,80,96.5,112.0,True,frame_0852.png
852,21035,0x1040,$04:F8BC,C0,96.0,112.0,True,frame_0852.png
852,21035,0x16C0,$02:B04A,C8,107.074,141.086,True,frame_0852.png
852,21035,0x1700,$02:9119,C8,147.949,196.0,True,frame_0852.png
852,21035,0x1740,$02:9274,E0,147.0,188.0,True,frame_0852.png
852,21035,0x1780,$02:B04A,C8,124.574,127.414,True,frame_0852.png
852,21035,0x18C0,$02:9166,C8,142.871,184.0,True,frame_0852.png
852,21035,0x1900,$02:9274,E0,142.0,176.0,True,frame_0852.png
852,21035,0x1940,$02:B04A,C8,170.105,116.891,True,frame_0852.png
852,21035,0x1980,$02:9119,C8,149.375,184.0,True,frame_0852.png
852,21035,0x19C0,$02:9274,E0,149.0,176.0,True,frame_0852.png
852,21035,0x1A00,$02:91DB,D8,146.0,196.0,True,frame_0852.png
852,21035,0x1A40,$02:9274,E0,146.0,188.0,True,frame_0852.png
852,21035,0x1AC0,$04:F97F,CC,79.75,118.0,True,frame_0852.png
852,21035,0x1B00,$04:F97F,CC,40.707,131.488,True,frame_0852.png
852,21035,0x1B40,$04:F97F,CC,63.555,54.0,True,frame_0852.png
852,21035,0x1B80,$04:F97F,CC,108.367,126.0,True,frame_0852.png
854,21037,0x1000,$04:DF96,C0,96.5,112.0,True,frame_0854.png
854,21037,0x1040,$04:F8BC,C0,96.0,112.0,True,frame_0854.png
854,21037,0x16C0,$02:B04A,C8,107.348,142.062,True,frame_0854.png
854,21037,0x1700,$02:9119,C8,148.492,196.0,True,frame_0854.png
854,21037,0x1740,$02:9274,E0,148.0,188.0,True,frame_0854.png
854,21037,0x1780,$02:B04A,C8,121.746,128.219,True,frame_0854.png
854,21037,0x18C0,$02:9166,C8,140.871,184.0,True,frame_0854.png
854,21037,0x1900,$02:9274,E0,140.0,176.0,True,frame_0854.png
854,21037,0x1940,$02:B04A,C8,166.84,117.641,True,frame_0854.png
854,21037,0x1980,$02:9119,C8,150.0,184.0,True,frame_0854.png
854,21037,0x19C0,$02:9274,E0,150.0,176.0,True,frame_0854.png
854,21037,0x1A00,$02:9119,C8,145.0,196.0,True,frame_0854.png
854,21037,0x1A40,$02:9274,E0,145.0,188.0,True,frame_0854.png
854,21037,0x1AC0,$04:F97F,CC,76.5,118.0,True,frame_0854.png
854,21037,0x1B00,$04:F97F,CC,37.527,132.121,True,frame_0854.png
854,21037,0x1B40,$04:F97F,CC,62.312,51.0,True,frame_0854.png
854,21037,0x1B80,$04:F97F,CC,107.125,123.0,True,frame_0854.png
856,21039,0x1000,$04:DF96,80,96.5,112.0,True,frame_0856.png
856,21039,0x1040,$04:F8BC,C0,96.0,112.0,True,frame_0856.png
856,21039,0x16C0,$02:B04A,C8,107.777,143.008,True,frame_0856.png
856,21039,0x1700,$02:9119,C8,149.02,196.0,True,frame_0856.png
856,21039,0x1740,$02:9274,E0,149.0,188.0,True,frame_0856.png
856,21039,0x1780,$02:B04A,C8,119.168,129.055,True,frame_0856.png
856,21039,0x18C0,$02:9166,C8,138.871,184.0,True,frame_0856.png
856,21039,0x1900,$02:9274,E0,138.0,176.0,True,frame_0856.png
856,21039,0x1940,$02:B04A,C8,163.574,118.391,True,frame_0856.png
856,21039,0x1980,$02:9119,C8,150.625,184.0,True,frame_0856.png
856,21039,0x19C0,$02:9274,E0,150.0,176.0,True,frame_0856.png
856,21039,0x1A00,$02:9119,C8,145.625,196.0,True,frame_0856.png
856,21039,0x1A40,$02:9274,E0,145.0,188.0,True,frame_0856.png
856,21039,0x1AC0,$04:F97F,CC,73.25,118.0,True,frame_0856.png
856,21039,0x1B00,$04:F97F,CC,34.348,132.754,True,frame_0856.png
856,21039,0x1B40,$04:F97F,CC,61.07,48.0,True,frame_0856.png
856,21039,0x1B80,$04:F97F,CC,105.883,120.0,True,frame_0856.png
858,21041,0x1000,$04:DF96,C0,96.5,112.0,True,frame_0858.png
858,21041,0x1040,$04:F8BC,C0,96.0,112.0,True,frame_0858.png
858,21041,0x16C0,$02:B04A,C8,108.363,143.922,True,frame_0858.png
858,21041,0x1700,$02:9119,C8,149.531,196.0,True,frame_0858.png
858,21041,0x1740,$02:9274,E0,149.0,188.0,True,frame_0858.png
858,21041,0x1780,$02:B04A,C8,116.84,129.922,True,frame_0858.png
858,21041,0x18C0,$02:9166,C8,136.871,184.0,True,frame_0858.png
858,21041,0x1900,$02:9274,E0,136.0,176.0,True,frame_0858.png
858,21041,0x1940,$02:B04A,C8,160.309,119.141,True,frame_0858.png
858,21041,0x1980,$02:9119,C8,151.25,184.0,True,frame_0858.png
858,21041,0x19C0,$02:9274,E0,151.0,176.0,True,frame_0858.png
858,21041,0x1A00,$02:9119,C8,146.25,196.0,True,frame_0858.png
858,21041,0x1A40,$02:9274,E0,146.0,188.0,True,frame_0858.png
858,21041,0x1AC0,$04:F97F,CC,70.0,118.0,True,frame_0858.png
858,21041,0x1B00,$04:F97F,CC,31.168,133.387,True,frame_0858.png
858,21041,0x1B40,$04:F97F,CC,59.828,45.0,True,frame_0858.png
858,21041,0x1B80,$04:F97F,CC,104.641,117.0,True,frame_0858.png
858,21041,0x1BC0,$04:F97F,CC,161.0,118.0,True,frame_0858.png
858,21041,0x1C00,$04:F97F,CC,134.0,164.0,True,frame_0858.png
860,21043,0x1000,$04:DF96,80,96.5,112.0,True,frame_0860.png
860,21043,0x1040,$04:F8BC,C0,96.0,112.0,True,frame_0860.png
860,21043,0x16C0,$02:B04A,C8,109.105,144.805,True,frame_0860.png
860,21043,0x1700,$02:9119,C8,150.027,196.0,True,frame_0860.png
860,21043,0x1740,$02:9274,E0,150.0,188.0,True,frame_0860.png
860,21043,0x1780,$02:B04A,C8,114.762,130.82,True,frame_0860.png
860,21043,0x18C0,$02:9166,C8,134.871,184.0,True,frame_0860.png
860,21043,0x1900,$02:9274,E0,134.0,176.0,True,frame_0860.png
860,21043,0x1940,$02:B04A,C8,157.043,119.891,True,frame_0860.png
860,21043,0x1980,$02:9119,C8,151.875,184.0,True,frame_0860.png
860,21043,0x19C0,$02:9274,E0,151.0,176.0,True,frame_0860.png
860,21043,0x1A00,$02:9119,C8,146.875,196.0,True,frame_0860.png
860,21043,0x1A40,$02:9274,E0,146.0,188.0,True,frame_0860.png
860,21043,0x1AC0,$04:F97F,CC,66.75,118.0,True,frame_0860.png
860,21043,0x1B00,$04:F97F,CC,27.988,134.02,True,frame_0860.png
860,21043,0x1B40,$04:F97F,CC,58.586,42.0,True,frame_0860.png
860,21043,0x1B80,$04:F97F,CC,103.398,114.0,True,frame_0860.png
860,21043,0x1BC0,$04:F97F,CC,157.75,118.0,True,frame_0860.png
860,21043,0x1C00,$04:F97F,CC,131.703,161.703,True,frame_0860.png
862,21045,0x1000,$04:DF96,C0,96.5,112.0,True,frame_0862.png
862,21045,0x1040,$04:F8BC,C0,96.0,112.0,True,frame_0862.png
862,21045,0x16C0,$02:B04A,C8,110.004,145.656,True,frame_0862.png
862,21045,0x1700,$02:9119,C8,150.508,196.0,True,frame_0862.png
862,21045,0x1740,$02:9274,E0,150.0,188.0,True,frame_0862.png
862,21045,0x1780,$02:B04A,C8,112.934,131.75,True,frame_0862.png
862,21045,0x18C0,$02:9166,C8,132.871,184.0,True,frame_0862.png
862,21045,0x1900,$02:9274,E0,132.0,176.0,True,frame_0862.png
862,21045,0x1940,$02:B04A,C8,153.777,120.641,True,frame_0862.png
862,21045,0x1980,$02:9119,C8,152.5,184.0,True,frame_0862.png
862,21045,0x19C0,$02:9274,E0,152.0,176.0,True,frame_0862.png
862,21045,0x1A00,$02:9119,C8,147.5,196.0,True,frame_0862.png
862,21045,0x1A40,$02:9274,E0,147.0,188.0,True,frame_0862.png
862,21045,0x1AC0,$04:F97F,CC,63.5,118.0,True,frame_0862.png
862,21045,0x1B00,$04:F97F,CC,24.809,134.652,True,frame_0862.png
862,21045,0x1B40,$04:F97F,CC,57.344,39.0,True,frame_0862.png
862,21045,0x1B80,$04:F97F,CC,102.156,111.0,True,frame_0862.png
862,21045,0x1BC0,$04:F97F,CC,154.5,118.0,True,frame_0862.png
862,21045,0x1C00,$04:F97F,CC,129.406,159.406,True,frame_0862.png
864,21047,0x1000,$04:DF96,80,96.5,112.0,True,frame_0864.png
864,21047,0x1040,$04:F8BC,C0,96.0,112.0,True,frame_0864.png
864,21047,0x16C0,$02:B04A,C8,111.059,146.477,True,frame_0864.png
864,21047,0x1700,$02:9119,C8,150.973,196.0,True,frame_0864.png
864,21047,0x1740,$02:9274,E0,150.0,188.0,True,frame_0864.png
864,21047,0x1780,$02:B04A,C8,111.355,132.711,True,frame_0864.png
864,21047,0x18C0,$02:9166,C8,130.871,184.0,True,frame_0864.png
864,21047,0x1900,$02:9274,E0,130.0,176.0,True,frame_0864.png
864,21047,0x1940,$02:B04A,C8,150.512,121.391,True,frame_0864.png
864,21047,0x1980,$02:9119,C8,153.125,184.0,True,frame_0864.png
864,21047,0x19C0,$02:9274,E0,153.0,176.0,True,frame_0864.png
864,21047,0x1A00,$02:9119,C8,148.125,196.0,True,frame_0864.png
864,21047,0x1A40,$02:9274,E0,148.0,188.0,True,frame_0864.png
864,21047,0x1AC0,$04:F97F,CC,60.25,118.0,True,frame_0864.png
864,21047,0x1B00,$04:F97F,CC,21.629,135.285,True,frame_0864.png
864,21047,0x1B40,$04:F97F,CC,56.102,36.0,True,frame_0864.png
864,21047,0x1B80,$04:F97F,CC,100.914,108.0,True,frame_0864.png
864,21047,0x1BC0,$04:F97F,CC,151.25,118.0,True,frame_0864.png
864,21047,0x1C00,$04:F97F,CC,127.109,157.109,True,frame_0864.png
866,21049,0x1000,$04:DF96,C0,96.5,112.0,True,frame_0866.png
866,21049,0x1040,$04:F8BC,C0,96.0,112.0,True,frame_0866.png
866,21049,0x16C0,$02:B04A,C8,112.27,147.266,True,frame_0866.png
866,21049,0x1700,$02:9119,C8,151.422,196.0,True,frame_0866.png
866,21049,0x1740,$02:9274,E0,151.0,188.0,True,frame_0866.png
866,21049,0x1780,$02:B04A,C8,110.027,133.703,True,frame_0866.png
866,21049,0x17C0,$02:AFA5,80,271.055,97.656,False,frame_0866.png
866,21049,0x18C0,$02:9166,C8,128.871,184.0,True,frame_0866.png
866,21049,0x1900,$02:9274,E0,128.0,176.0,True,frame_0866.png
866,21049,0x1940,$02:B04A,C8,147.246,122.141,True,frame_0866.png
866,21049,0x1980,$02:9119,C8,153.75,184.0,True,frame_0866.png
866,21049,0x19C0,$02:9274,E0,153.0,176.0,True,frame_0866.png
866,21049,0x1A00,$02:9119,C8,148.75,196.0,True,frame_0866.png
866,21049,0x1A40,$02:9274,E0,148.0,188.0,True,frame_0866.png
866,21049,0x1AC0,$04:F97F,CC,57.0,118.0,True,frame_0866.png
866,21049,0x1B00,$04:F97F,CC,18.449,135.918,True,frame_0866.png
866,21049,0x1B40,$04:F97F,CC,54.859,33.0,True,frame_0866.png
866,21049,0x1B80,$04:F97F,CC,99.672,105.0,True,frame_0866.png
866,21049,0x1BC0,$04:F97F,CC,148.0,118.0,True,frame_0866.png
866,21049,0x1C00,$04:F97F,CC,124.812,154.812,True,frame_0866.png
868,21051,0x1000,$04:DF96,80,96.5,112.0,True,frame_0868.png
868,21051,0x1040,$04:F8BC,C0,96.0,112.0,True,frame_0868.png
868,21051,0x16C0,$02:B04A,C8,113.637,148.023,True,frame_0868.png
868,21051,0x1700,$02:9119,C8,151.855,196.0,True,frame_0868.png
868,21051,0x1740,$02:9274,E0,151.0,188.0,True,frame_0868.png
868,21051,0x1780,$02:B04A,C8,108.949,134.727,True,frame_0868.png
868,21051,0x17C0,$02:AFA5,80,271.055,97.656,False,frame_0868.png
868,21051,0x1800,$02:B04A,C8,270.5,96.0,False,frame_0868.png
868,21051,0x18C0,$02:9166,C8,126.871,184.0,True,frame_0868.png
868,21051,0x1900,$02:9274,E0,126.0,176.0,True,frame_0868.png
868,21051,0x1940,$02:B04A,C8,143.98,122.891,True,frame_0868.png
868,21051,0x1980,$02:9119,C8,154.375,184.0,True,frame_0868.png
868,21051,0x19C0,$02:9274,E0,154.0,176.0,True,frame_0868.png
868,21051,0x1A00,$02:9119,C8,149.375,196.0,True,frame_0868.png
868,21051,0x1A40,$02:9274,E0,149.0,188.0,True,frame_0868.png
868,21051,0x1AC0,$04:F97F,CC,53.75,118.0,True,frame_0868.png
868,21051,0x1B00,$04:F97F,CC,15.27,136.551,True,frame_0868.png
868,21051,0x1B40,$04:F97F,CC,53.617,30.0,True,frame_0868.png
868,21051,0x1B80,$04:F97F,CC,98.43,102.0,True,frame_0868.png
868,21051,0x1BC0,$04:F97F,CC,144.75,118.0,True,frame_0868.png
868,21051,0x1C00,$04:F97F,CC,122.516,152.516,True,frame_0868.png
870,21053,0x1000,$04:DF96,C0,96.5,112.0,True,frame_0870.png
870,21053,0x1040,$04:F8BC,C0,96.0,112.0,True,frame_0870.png
870,21053,0x16C0,$02:B04A,C8,115.16,148.75,True,frame_0870.png
870,21053,0x1700,$02:9119,C8,152.273,196.0,True,frame_0870.png
870,21053,0x1740,$02:9274,E0,152.0,188.0,True,frame_0870.png
870,21053,0x1780,$02:B04A,C8,108.121,135.781,True,frame_0870.png
870,21053,0x17C0,$02:AFA5,80,271.055,97.656,False,frame_0870.png
870,21053,0x1800,$02:B04A,C8,267.5,96.0,False,frame_0870.png
870,21053,0x18C0,$02:9166,C8,124.871,184.0,True,frame_0870.png
870,21053,0x1900,$02:9274,E0,124.0,176.0,True,frame_0870.png
870,21053,0x1940,$02:B04A,C8,140.715,123.641,True,frame_0870.png
870,21053,0x1980,$02:9119,C8,155.0,184.0,True,frame_0870.png
870,21053,0x19C0,$02:9274,E0,155.0,176.0,True,frame_0870.png
870,21053,0x1A00,$02:9119,C8,150.0,196.0,True,frame_0870.png
870,21053,0x1A40,$02:9274,E0,150.0,188.0,True,frame_0870.png
870,21053,0x1AC0,$04:F97F,CC,50.5,118.0,True,frame_0870.png
870,21053,0x1B00,$04:F97F,CC,12.09,137.184,True,frame_0870.png
870,21053,0x1B40,$04:F97F,CC,52.375,27.0,True,frame_0870.png
870,21053,0x1B80,$04:F97F,CC,97.188,99.0,True,frame_0870.png
870,21053,0x1BC0,$04:F97F,CC,141.5,118.0,True,frame_0870.png
870,21053,0x1C00,$04:F97F,CC,120.219,150.219,True,frame_0870.png
872,21055,0x1000,$04:DF96,80,96.5,112.0,True,frame_0872.png
872,21055,0x1040,$04:F8BC,C0,96.0,112.0,True,frame_0872.png
872,21055,0x16C0,$02:B04A,C8,116.84,149.445,True,frame_0872.png
872,21055,0x1700,$02:9119,C8,152.676,196.0,True,frame_0872.png
872,21055,0x1740,$02:9274,E0,152.0,188.0,True,frame_0872.png
872,21055,0x1780,$02:B04A,C8,107.543,136.867,True,frame_0872.png
872,21055,0x17C0,$02:AFA5,80,271.055,97.656,False,frame_0872.png
872,21055,0x1800,$02:B04A,C8,264.5,96.0,False,frame_0872.png
872,21055,0x18C0,$02:9166,C8,122.871,184.0,True,frame_0872.png
872,21055,0x1900,$02:9274,E0,122.0,176.0,True,frame_0872.png
872,21055,0x1940,$02:B04A,C8,137.449,124.391,True,frame_0872.png
872,21055,0x1980,$02:9119,C8,155.625,184.0,True,frame_0872.png
872,21055,0x19C0,$02:9274,E0,155.0,176.0,True,frame_0872.png
872,21055,0x1A00,$02:9119,C8,150.625,196.0,True,frame_0872.png
872,21055,0x1A40,$02:9274,E0,150.0,188.0,True,frame_0872.png
872,21055,0x1AC0,$04:F97F,CC,47.25,118.0,True,frame_0872.png
872,21055,0x1B00,$04:F97F,CC,8.91,137.816,True,frame_0872.png
872,21055,0x1B40,$04:F97F,CC,51.133,24.0,True,frame_0872.png
872,21055,0x1B80,$04:F97F,CC,95.945,96.0,True,frame_0872.png
872,21055,0x1BC0,$04:F97F,CC,138.25,118.0,True,frame_0872.png
872,21055,0x1C00,$04:F97F,CC,117.922,147.922,True,frame_0872.png
874,21057,0x1000,$04:DF96,C0,96.5,112.0,True,frame_0874.png
874,21057,0x1040,$04:F8BC,C0,96.0,112.0,True,frame_0874.png
874,21057,0x16C0,$02:B04A,C8,118.676,150.109,True,frame_0874.png
874,21057,0x1700,$02:91FF,D8,152.871,196.0,True,frame_0874.png
874,21057,0x1740,$02:9274,E0,152.0,188.0,True,frame_0874.png
874,21057,0x1780,$02:B04A,C8,107.191,137.969,True,frame_0874.png
874,21057,0x17C0,$02:AFA5,80,271.055,97.656,False,frame_0874.png
874,21057,0x1800,$02:B04A,C8,261.5,96.0,False,frame_0874.png
874,21057,0x18C0,$02:9166,C8,120.871,184.0,True,frame_0874.png
874,21057,0x1900,$02:9274,E0,120.0,176.0,True,frame_0874.png
874,21057,0x1940,$02:B04A,C8,134.184,125.141,True,frame_0874.png
874,21057,0x1980,$02:9119,C8,156.25,184.0,True,frame_0874.png
874,21057,0x19C0,$02:9274,E0,156.0,176.0,True,frame_0874.png
874,21057,0x1A00,$02:9119,C8,151.25,196.0,True,frame_0874.png
874,21057,0x1A40,$02:9274,E0,151.0,188.0,True,frame_0874.png
874,21057,0x1AC0,$04:F97F,CC,44.0,118.0,True,frame_0874.png
874,21057,0x1B00,$04:F97F,CC,5.73,138.449,True,frame_0874.png
874,21057,0x1B40,$04:F97F,CC,49.891,21.0,True,frame_0874.png
874,21057,0x1B80,$04:F97F,CC,94.703,93.0,True,frame_0874.png
874,21057,0x1BC0,$04:F97F,CC,135.0,118.0,True,frame_0874.png
874,21057,0x1C00,$04:F97F,CC,115.625,145.625,True,frame_0874.png
876,21059,0x1000,$04:DF96,80,96.5,112.0,True,frame_0876.png
876,21059,0x1040,$04:F8BC,C0,96.0,112.0,True,frame_0876.png
876,21059,0x16C0,$02:B04A,C8,120.668,150.742,True,frame_0876.png
876,21059,0x1700,$02:91FF,D8,151.871,196.0,True,frame_0876.png
876,21059,0x1740,$02:9274,E0,151.0,188.0,True,frame_0876.png
876,21059,0x1780,$02:B04A,C8,106.996,139.039,True,frame_0876.png
876,21059,0x17C0,$02:AFA5,80,271.055,97.656,False,frame_0876.png
876,21059,0x1800,$02:B04A,C8,258.5,96.0,False,frame_0876.png
876,21059,0x18C0,$02:9166,C8,118.871,184.0,True,frame_0876.png
876,21059,0x1900,$02:9274,E0,118.0,176.0,True,frame_0876.png
876,21059,0x1940,$02:B04A,C8,130.918,125.891,True,frame_0876.png
876,21059,0x1980,$02:9119,C8,156.875,184.0,True,frame_0876.png
876,21059,0x19C0,$02:9274,E0,156.0,176.0,True,frame_0876.png
876,21059,0x1A00,$02:9119,C8,151.875,196.0,True,frame_0876.png
876,21059,0x1A40,$02:9274,E0,151.0,188.0,True,frame_0876.png
876,21059,0x1AC0,$04:F97F,CC,40.75,118.0,True,frame_0876.png
876,21059,0x1B00,$04:F97F,CC,2.551,139.082,True,frame_0876.png
876,21059,0x1B40,$04:F97F,CC,48.648,18.0,True,frame_0876.png
876,21059,0x1B80,$04:F97F,CC,93.461,90.0,True,frame_0876.png
876,21059,0x1BC0,$04:F97F,CC,131.75,118.0,True,frame_0876.png
876,21059,0x1C00,$04:F97F,CC,113.328,143.328,True,frame_0876.png
878,21061,0x1000,$04:DF96,C8,96.5,112.0,True,frame_0878.png
878,21061,0x1040,$04:F8BC,C0,96.0,112.0,True,frame_0878.png
878,21061,0x16C0,$02:B04A,C8,122.816,151.344,True,frame_0878.png
878,21061,0x1700,$02:91FF,D8,150.871,196.0,True,frame_0878.png
878,21061,0x1740,$02:9274,E0,150.0,188.0,True,frame_0878.png
878,21061,0x1780,$02:B04A,C8,106.957,140.078,True,frame_0878.png
878,21061,0x17C0,$02:AFA5,80,271.055,97.656,False,frame_0878.png
878,21061,0x1800,$02:B04A,C8,255.754,95.168,True,frame_0878.png
878,21061,0x18C0,$02:9166,C8,116.871,184.0,True,frame_0878.png
878,21061,0x1900,$02:9274,E0,116.0,176.0,True,frame_0878.png
878,21061,0x1940,$02:B04A,C8,127.652,126.641,True,frame_0878.png
878,21061,0x1980,$02:9119,C8,157.5,184.0,True,frame_0878.png
878,21061,0x19C0,$02:9274,E0,157.0,176.0,True,frame_0878.png
878,21061,0x1A00,$02:9119,C8,152.5,196.0,True,frame_0878.png
878,21061,0x1A40,$02:9274,E0,152.0,188.0,True,frame_0878.png
878,21061,0x1AC0,$04:F97F,CC,37.5,118.0,True,frame_0878.png
878,21061,0x1B00,$04:F97F,CC,-0.629,139.715,False,frame_0878.png
878,21061,0x1B40,$04:F97F,CC,47.406,15.0,True,frame_0878.png
878,21061,0x1B80,$04:F97F,CC,92.219,87.0,True,frame_0878.png
878,21061,0x1BC0,$04:F97F,CC,128.5,118.0,True,frame_0878.png
878,21061,0x1C00,$04:F97F,CC,111.031,141.031,True,frame_0878.png
880,21063,0x1000,$04:DF96,C8,96.5,112.0,True,frame_0880.png
880,21063,0x1040,$04:F8BC,C0,96.0,112.0,True,frame_0880.png
880,21063,0x16C0,$02:B04A,C8,125.121,151.914,True,frame_0880.png
880,21063,0x1700,$02:91FF,D8,149.871,196.0,True,frame_0880.png
880,21063,0x1740,$02:9274,E0,149.0,188.0,True,frame_0880.png
880,21063,0x1780,$02:B04A,C8,107.074,141.086,True,frame_0880.png
880,21063,0x17C0,$02:AFA5,80,271.055,97.656,False,frame_0880.png
880,21063,0x1800,$02:B04A,C8,253.262,93.504,True,frame_0880.png
880,21063,0x18C0,$02:9166,C8,114.871,184.0,True,frame_0880.png
880,21063,0x1900,$02:9274,E0,114.0,176.0,True,frame_0880.png
880,21063,0x1940,$02:B04A,C8,124.574,127.414,True,frame_0880.png
880,21063,0x1980,$02:9119,C8,158.125,184.0,True,frame_0880.png
880,21063,0x19C0,$02:9274,E0,158.0,176.0,True,frame_0880.png
880,21063,0x1A00,$02:9119,C8,153.125,196.0,True,frame_0880.png
880,21063,0x1A40,$02:9274,E0,153.0,188.0,True,frame_0880.png
880,21063,0x1AC0,$04:F97F,CC,34.25,118.0,True,frame_0880.png
880,21063,0x1B00,$04:F97F,CC,-3.809,140.348,False,frame_0880.png
880,21063,0x1B40,$04:F97F,CC,46.164,12.0,True,frame_0880.png
880,21063,0x1B80,$04:F97F,CC,90.977,84.0,True,frame_0880.png
880,21063,0x1BC0,$04:F97F,CC,125.25,118.0,True,frame_0880.png
880,21063,0x1C00,$04:F97F,CC,108.734,138.734,True,frame_0880.png
882,21065,0x1000,$04:DF96,C8,96.5,112.0,True,frame_0882.png
882,21065,0x1040,$04:F8BC,C0,96.0,112.0,True,frame_0882.png
882,21065,0x16C0,$02:B04A,C8,127.582,152.453,True,frame_0882.png
882,21065,0x1700,$02:91FF,D8,148.871,196.0,True,frame_0882.png
882,21065,0x1740,$02:9274,E0,148.0,188.0,True,frame_0882.png
882,21065,0x1780,$02:B04A,C8,107.348,142.062,True,frame_0882.png
882,21065,0x17C0,$02:AFA5,80,271.055,97.656,False,frame_0882.png
882,21065,0x1800,$02:B04A,C8,250.77,91.84,True,frame_0882.png
882,21065,0x18C0,$02:9166,C8,112.871,184.0,True,frame_0882.png
882,21065,0x1900,$02:9274,E0,112.0,176.0,True,frame_0882.png
882,21065,0x1940,$02:B04A,C8,121.746,128.219,True,frame_0882.png
882,21065,0x1980,$02:9119,C8,158.75,184.0,True,frame_0882.png
882,21065,0x19C0,$02:9274,E0,158.0,176.0,True,frame_0882.png
882,21065,0x1A00,$02:9119,C8,153.75,196.0,True,frame_0882.png
882,21065,0x1A40,$02:9274,E0,153.0,188.0,True,frame_0882.png
882,21065,0x1AC0,$04:F97F,CC,31.0,118.0,True,frame_0882.png
882,21065,0x1B00,$04:F97F,CC,-6.988,140.98,False,frame_0882.png
882,21065,0x1B40,$04:F97F,CC,44.922,9.0,True,frame_0882.png
882,21065,0x1B80,$04:F97F,CC,89.734,81.0,True,frame_0882.png
882,21065,0x1BC0,$04:F97F,CC,122.0,118.0,True,frame_0882.png
882,21065,0x1C00,$04:F97F,CC,106.438,136.438,True,frame_0882.png
884,21067,0x1000,$04:DF96,C8,96.5,112.0,True,frame_0884.png
884,21067,0x1040,$04:F8BC,C0,96.0,112.0,True,frame_0884.png
884,21067,0x16C0,$02:B04A,C8,130.199,152.961,True,frame_0884.png
884,21067,0x1700,$02:91FF,D8,147.871,196.0,True,frame_0884.png
884,21067,0x1740,$02:9274,E0,147.0,188.0,True,frame_0884.png
884,21067,0x1780,$02:B04A,C8,107.777,143.008,True,frame_0884.png
884,21067,0x17C0,$02:AFA5,80,271.055,97.656,False,frame_0884.png
884,21067,0x1800,$02:B04A,C8,248.277,90.176,True,frame_0884.png
884,21067,0x18C0,$02:9166,C8,110.871,184.0,True,frame_0884.png
884,21067,0x1900,$02:9274,E0,110.0,176.0,True,frame_0884.png
884,21067,0x1940,$02:B04A,C8,119.168,129.055,True,frame_0884.png
884,21067,0x1980,$02:9119,C8,159.375,184.0,True,frame_0884.png
884,21067,0x19C0,$02:9274,E0,159.0,176.0,True,frame_0884.png
884,21067,0x1A00,$02:9119,C8,154.375,196.0,True,frame_0884.png
884,21067,0x1A40,$02:9274,E0,154.0,188.0,True,frame_0884.png
884,21067,0x1AC0,$04:F97F,CC,27.75,118.0,True,frame_0884.png
884,21067,0x1B00,$04:F97F,CC,-10.168,141.613,False,frame_0884.png
884,21067,0x1B40,$04:F97F,CC,43.68,6.0,True,frame_0884.png
884,21067,0x1B80,$04:F97F,CC,88.492,78.0,True,frame_0884.png
884,21067,0x1BC0,$04:F97F,CC,118.75,118.0,True,frame_0884.png
884,21067,0x1C00,$04:F97F,CC,104.141,134.141,True,frame_0884.png
886,21069,0x1000,$04:DF96,C8,96.5,112.0,True,frame_0886.png
886,21069,0x1040,$04:F8BC,C0,96.0,112.0,True,frame_0886.png
886,21069,0x16C0,$02:B04A,C8,132.973,153.438,True,frame_0886.png
886,21069,0x1700,$02:91FF,D8,146.871,196.0,True,frame_0886.png
886,21069,0x1740,$02:9274,E0,146.0,188.0,True,frame_0886.png
886,21069,0x1780,$02:B04A,C8,108.363,143.922,True,frame_0886.png
886,21069,0x17C0,$02:AFA5,80,271.055,97.656,False,frame_0886.png
886,21069,0x1800,$02:B04A,C8,245.785,88.512,True,frame_0886.png
886,21069,0x18C0,$02:9166,C8,108.871,184.0,True,frame_0886.png
886,21069,0x1900,$02:9274,E0,108.0,176.0,True,frame_0886.png
886,21069,0x1940,$02:B04A,C8,116.84,129.922,True,frame_0886.png
886,21069,0x1980,$02:9119,C8,160.0,184.0,True,frame_0886.png
886,21069,0x19C0,$02:9274,E0,160.0,176.0,True,frame_0886.png
886,21069,0x1A00,$02:9119,C8,155.0,196.0,True,frame_0886.png
886,21069,0x1A40,$02:9274,E0,155.0,188.0,True,frame_0886.png
886,21069,0x1AC0,$04:F97F,CC,24.5,118.0,True,frame_0886.png
886,21069,0x1B00,$04:F97F,CC,-13.348,142.246,False,frame_0886.png
886,21069,0x1B40,$04:F97F,CC,42.438,3.0,True,frame_0886.png
886,21069,0x1B80,$04:F97F,CC,87.25,75.0,True,frame_0886.png
886,21069,0x1BC0,$04:F97F,CC,115.5,118.0,True,frame_0886.png
886,21069,0x1C00,$04:F97F,CC,101.844,131.844,True,frame_0886.png
888,21071,0x1000,$04:DF96,C8,96.5,112.0,True,frame_0888.png
888,21071,0x1040,$04:F8BC,C0,96.0,112.0,True,frame_0888.png
888,21071,0x16C0,$02:B04A,C8,135.902,153.883,True,frame_0888.png
888,21071,0x1700,$02:91FF,D8,145.871,196.0,True,frame_0888.png
888,21071,0x1740,$02:9274,E0,145.0,188.0,True,frame_0888.png
888,21071,0x1780,$02:B04A,C8,109.105,144.805,True,frame_0888.png
888,21071,0x17C0,$02:AFA5,80,271.055,97.656,False,frame_0888.png
888,21071,0x1800,$02:B04A,C8,243.293,86.848,True,frame_0888.png
888,21071,0x18C0,$02:9166,C8,106.871,184.0,True,frame_0888.png
888,21071,0x1900,$02:9274,E0,106.0,176.0,True,frame_0888.png
888,21071,0x1940,$02:B04A,C8,114.762,130.82,True,frame_0888.png
888,21071,0x1980,$02:9119,C8,160.625,184.0,True,frame_0888.png
888,21071,0x19C0,$02:9274,E0,160.0,176.0,True,frame_0888.png
888,21071,0x1A00,$02:9119,C8,155.625,196.0,True,frame_0888.png
888,21071,0x1A40,$02:9274,E0,155.0,188.0,True,frame_0888.png
888,21071,0x1AC0,$04:F97F,CC,21.25,118.0,True,frame_0888.png
888,21071,0x1B00,$04:F97F,CC,-16.527,142.879,False,frame_0888.png
888,21071,0x1B40,$04:F97F,CC,41.195,0.0,True,frame_0888.png
888,21071,0x1B80,$04:F97F,CC,86.008,72.0,True,frame_0888.png
888,21071,0x1BC0,$04:F97F,CC,112.25,118.0,True,frame_0888.png
888,21071,0x1C00,$04:F97F,CC,99.547,129.547,True,frame_0888.png
890,21073,0x1000,$04:DF96,C8,96.5,112.0,True,frame_0890.png
890,21073,0x1040,$04:F8BC,C0,96.0,112.0,True,frame_0890.png
890,21073,0x16C0,$02:B04A,C8,138.988,154.297,True,frame_0890.png
890,21073,0x1700,$02:91FF,D8,144.871,196.0,True,frame_0890.png
890,21073,0x1740,$02:9274,E0,144.0,188.0,True,frame_0890.png
890,21073,0x1780,$02:B04A,C8,110.004,145.656,True,frame_0890.png
890,21073,0x17C0,$02:AFA5,80,271.055,97.656,False,frame_0890.png
890,21073,0x1800,$02:B04A,C8,240.801,85.184,True,frame_0890.png
890,21073,0x1840,$02:B04A,C8,270.5,128.0,False,frame_0890.png
890,21073,0x18C0,$02:9166,C8,104.871,184.0,True,frame_0890.png
890,21073,0x1900,$02:9274,E0,104.0,176.0,True,frame_0890.png
890,21073,0x1940,$02:B04A,C8,112.934,131.75,True,frame_0890.png
890,21073,0x1980,$02:9119,C8,161.25,184.0,True,frame_0890.png
890,21073,0x19C0,$02:9274,E0,161.0,176.0,True,frame_0890.png
890,21073,0x1A00,$02:9119,C8,156.25,196.0,True,frame_0890.png
890,21073,0x1A40,$02:9274,E0,156.0,188.0,True,frame_0890.png
890,21073,0x1AC0,$04:F97F,CC,18.0,118.0,True,frame_0890.png
890,21073,0x1B00,$04:F97F,CC,-19.707,143.512,False,frame_0890.png
890,21073,0x1B40,$04:F97F,CC,39.953,-3.0,False,frame_0890.png
890,21073,0x1B80,$04:F97F,CC,84.766,69.0,True,frame_0890.png
890,21073,0x1BC0,$04:F97F,CC,109.0,118.0,True,frame_0890.png
890,21073,0x1C00,$04:F97F,CC,97.25,127.25,True,frame_0890.png
892,21075,0x1000,$04:DF96,C8,96.5,112.0,True,frame_0892.png
892,21075,0x1040,$04:F8BC,C0,96.0,112.0,True,frame_0892.png
892,21075,0x16C0,$02:B04A,C8,142.23,154.68,True,frame_0892.png
892,21075,0x1700,$02:91FF,D8,143.871,196.0,True,frame_0892.png
892,21075,0x1740,$02:9274,E0,143.0,188.0,True,frame_0892.png
892,21075,0x1780,$02:B04A,C8,111.059,146.477,True,frame_0892.png
892,21075,0x17C0,$02:AFA5,80,271.055,97.656,False,frame_0892.png
892,21075,0x1800,$02:B04A,C8,238.309,83.52,True,frame_0892.png
892,21075,0x1840,$02:B04A,C8,267.5,128.0,False,frame_0892.png
892,21075,0x18C0,$02:9166,C8,102.871,184.0,True,frame_0892.png
892,21075,0x1900,$02:9274,E0,102.0,176.0,True,frame_0892.png
892,21075,0x1940,$02:B04A,C8,111.355,132.711,True,frame_0892.png
892,21075,0x1980,$02:9119,C8,161.875,184.0,True,frame_0892.png
892,21075,0x19C0,$02:9274,E0,161.0,176.0,True,frame_0892.png
892,21075,0x1A00,$02:9119,C8,156.875,196.0,True,frame_0892.png
892,21075,0x1A40,$02:9274,E0,156.0,188.0,True,frame_0892.png
892,21075,0x1AC0,$04:F97F,CC,14.75,118.0,True,frame_0892.png
892,21075,0x1B00,$04:F97F,CC,-22.887,144.145,False,frame_0892.png
892,21075,0x1B40,$04:F97F,CC,38.711,-6.0,False,frame_0892.png
892,21075,0x1B80,$04:F97F,CC,83.523,66.0,True,frame_0892.png
892,21075,0x1BC0,$04:F97F,CC,105.75,118.0,True,frame_0892.png
892,21075,0x1C00,$04:F97F,CC,94.953,124.953,True,frame_0892.png
894,21077,0x1000,$04:DF96,C8,96.5,112.0,True,frame_0894.png
894,21077,0x1040,$04:F8BC,C0,96.0,112.0,True,frame_0894.png
894,21077,0x16C0,$02:B04A,C8,145.59,154.859,True,frame_0894.png
894,21077,0x1700,$02:9166,C8,142.871,196.0,True,frame_0894.png
894,21077,0x1740,$02:9274,E0,142.0,188.0,True,frame_0894.png
894,21077,0x1780,$02:B04A,C8,112.27,147.266,True,frame_0894.png
894,21077,0x17C0,$02:AFA5,80,271.055,97.656,False,frame_0894.png
894,21077,0x1800,$02:B04A,C8,235.816,81.855,True,frame_0894.png
894,21077,0x1840,$02:B04A,C8,264.5,128.0,False,frame_0894.png
894,21077,0x18C0,$02:9166,C8,100.871,184.0,True,frame_0894.png
894,21077,0x1900,$02:9274,E0,100.0,176.0,True,frame_0894.png
894,21077,0x1940,$02:B04A,C8,110.027,133.703,True,frame_0894.png
894,21077,0x1980,$02:9119,C8,162.5,184.0,True,frame_0894.png
894,21077,0x19C0,$02:9274,E0,162.0,176.0,True,frame_0894.png
894,21077,0x1A00,$02:9119,C8,157.5,196.0,True,frame_0894.png
894,21077,0x1A40,$02:9274,E0,157.0,188.0,True,frame_0894.png
894,21077,0x1AC0,$04:F97F,CC,11.5,118.0,True,frame_0894.png
894,21077,0x1B00,$04:F97F,CC,-26.066,144.777,False,frame_0894.png
894,21077,0x1B40,$04:F97F,CC,37.469,-9.0,False,frame_0894.png
894,21077,0x1B80,$04:F97F,CC,82.281,63.0,True,frame_0894.png
894,21077,0x1BC0,$04:F97F,CC,102.5,118.0,True,frame_0894.png
894,21077,0x1C00,$04:F97F,CC,92.656,122.656,True,frame_0894.png
896,21079,0x1000,$04:DF96,C8,96.5,112.0,True,frame_0896.png
896,21079,0x1040,$04:F8BC,C0,96.0,112.0,True,frame_0896.png
896,21079,0x16C0,$02:B04A,C8,148.949,154.859,True,frame_0896.png
896,21079,0x1700,$02:9166,C8,140.871,196.0,True,frame_0896.png
896,21079,0x1740,$02:9274,E0,140.0,188.0,True,frame_0896.png
896,21079,0x1780,$02:B04A,C8,113.637,148.023,True,frame_0896.png
896,21079,0x17C0,$02:AFA5,80,271.055,97.656,False,frame_0896.png
896,21079,0x1800,$02:B04A,C8,233.324,80.191,True,frame_0896.png
896,21079,0x1840,$02:B04A,C8,261.5,128.0,False,frame_0896.png
896,21079,0x18C0,$02:9166,C8,98.871,184.0,True,frame_0896.png
896,21079,0x1900,$02:9274,E0,98.0,176.0,True,frame_0896.png
896,21079,0x1940,$02:B04A,C8,108.949,134.727,True,frame_0896.png
896,21079,0x1980,$02:9119,C8,163.125,184.0,True,frame_0896.png
896,21079,0x19C0,$02:9274,E0,163.0,176.0,True,frame_0896.png
896,21079,0x1A00,$02:9119,C8,158.125,196.0,True,frame_0896.png
896,21079,0x1A40,$02:9274,E0,158.0,188.0,True,frame_0896.png
896,21079,0x1AC0,$04:F97F,CC,8.25,118.0,True,frame_0896.png
896,21079,0x1B00,$04:F97F,CC,-29.246,145.41,False,frame_0896.png
896,21079,0x1B40,$04:F97F,CC,36.227,-12.0,False,frame_0896.png
896,21079,0x1B80,$04:F97F,CC,81.039,60.0,True,frame_0896.png
896,21079,0x1BC0,$04:F97F,CC,99.25,118.0,True,frame_0896.png
896,21079,0x1C00,$04:F97F,CC,90.359,120.359,True,frame_0896.png
898,21081,0x1000,$04:DF96,C8,96.5,112.0,True,frame_0898.png
898,21081,0x1040,$04:F8BC,C0,96.0,112.0,True,frame_0898.png
898,21081,0x16C0,$02:B04A,C8,152.309,154.859,True,frame_0898.png
898,21081,0x1700,$02:9166,C8,138.871,196.0,True,frame_0898.png
898,21081,0x1740,$02:9274,E0,138.0,188.0,True,frame_0898.png
898,21081,0x1780,$02:B04A,C8,115.16,148.75,True,frame_0898.png
898,21081,0x17C0,$02:AFA5,80,271.055,97.656,False,frame_0898.png
898,21081,0x1800,$02:B04A,C8,230.832,78.527,True,frame_0898.png
898,21081,0x1840,$02:B04A,C8,258.5,128.0,False,frame_0898.png
898,21081,0x18C0,$02:9166,C8,96.871,184.0,True,frame_0898.png
898,21081,0x1900,$02:9274,E0,96.0,176.0,True,frame_0898.png
898,21081,0x1940,$02:B04A,C8,108.121,135.781,True,frame_0898.png
898,21081,0x1980,$02:9119,C8,163.75,184.0,True,frame_0898.png
898,21081,0x19C0,$02:9274,E0,163.0,176.0,True,frame_0898.png
898,21081,0x1A00,$02:9119,C8,158.75,196.0,True,frame_0898.png
898,21081,0x1A40,$02:9274,E0,158.0,188.0,True,frame_0898.png
898,21081,0x1AC0,$04:F97F,CC,5.0,118.0,True,frame_0898.png
898,21081,0x1B00,$04:F97F,CC,-32.426,146.043,False,frame_0898.png
898,21081,0x1B40,$04:F97F,CC,34.984,-15.0,False,frame_0898.png
898,21081,0x1B80,$04:F97F,CC,79.797,57.0,True,frame_0898.png
898,21081,0x1BC0,$04:F97F,CC,96.0,118.0,True,frame_0898.png
898,21081,0x1C00,$04:F97F,CC,88.062,118.062,True,frame_0898.png
900,21083,0x1000,$04:E0D3,D0,96.5,112.0,True,frame_0900.png
900,21083,0x1040,$04:F94A,D0,96.0,112.0,True,frame_0900.png
900,21083,0x16C0,$02:B04A,C8,155.668,154.859,True,frame_0900.png
900,21083,0x1700,$02:9166,C8,136.871,196.0,True,frame_0900.png
900,21083,0x1740,$02:9274,E0,136.0,188.0,True,frame_0900.png
900,21083,0x1780,$02:B04A,C8,116.84,149.445,True,frame_0900.png
900,21083,0x17C0,$02:AFA5,80,271.055,97.656,False,frame_0900.png
900,21083,0x1800,$02:B04A,C8,228.34,76.863,True,frame_0900.png
900,21083,0x1840,$02:B04A,C8,255.754,127.168,True,frame_0900.png
900,21083,0x18C0,$02:9166,C8,94.871,184.0,True,frame_0900.png
900,21083,0x1900,$02:9274,E0,94.0,176.0,True,frame_0900.png
900,21083,0x1940,$02:B04A,C8,107.543,136.867,True,frame_0900.png
900,21083,0x1980,$02:9119,C8,164.375,184.0,True,frame_0900.png
900,21083,0x19C0,$02:9274,E0,164.0,176.0,True,frame_0900.png
900,21083,0x1A00,$02:9119,C8,159.375,196.0,True,frame_0900.png
900,21083,0x1A40,$02:9274,E0,159.0,188.0,True,frame_0900.png
900,21083,0x1AC0,$04:F97F,CC,1.75,118.0,True,frame_0900.png
900,21083,0x1B40,$04:F97F,CC,33.742,-18.0,False,frame_0900.png
900,21083,0x1B80,$04:F97F,CC,78.555,54.0,True,frame_0900.png
900,21083,0x1BC0,$04:F97F,CC,92.75,118.0,True,frame_0900.png
900,21083,0x1C00,$04:F9C3,C0,86.914,116.914,True,frame_0900.png
