frame,address,previous,current
20185,0x0004,18,20
20185,0x0020,112,200
20185,0x0021,0,76
20185,0x0022,104,0
20185,0x0028,0,32
20185,0x002E,65,0
20185,0x0049,2,4
20185,0x0068,16,24
20185,0x0069,191,193
20185,0x006B,121,123
20185,0x006D,0,48
20185,0x007B,39,40
20185,0x00AD,80,82
20185,0x00B7,0,2
20185,0x00CD,120,123
20185,0x00CE,240,246
20185,0x00CF,144,154
20185,0x00D0,49,63
20185,0x0176,21,20
20185,0x01BB,66,6
20185,0x01BC,8,233
20185,0x01FE,8,10
20185,0x02F6,155,4
20185,0x0305,88,4
20185,0x030D,102,18
20185,0x0315,116,32
20185,0x031D,130,46
20185,0x0325,144,60
20185,0x032D,158,74
20185,0x0501,137,133
20185,0x0502,86,94
20185,0x0508,66,69
20185,0x0509,94,85
20185,0x050A,4,20
20185,0x050B,8,20
20185,0x050F,2,138
20185,0x0510,84,86
20185,0x0512,12,40
20185,0x0600,0,225
20185,0x0601,0,22
20185,0x0602,0,241
20185,0x0603,0,22
20185,0x0604,0,10
20185,0x0605,0,23
20185,0x0606,0,11
20185,0x0607,0,16
20185,0x0608,0,11
20185,0x0609,0,16
20185,0x060A,0,11
20185,0x060B,0,16
20185,0x060C,0,11
20185,0x060D,0,16
20185,0x060E,0,92
20185,0x060F,0,23
20185,0x0610,0,196
20185,0x0611,0,22
20185,0x0612,0,200
20185,0x0613,0,22
20185,0x0620,224,0
20185,0x0621,22,0
20185,0x0622,240,0
20185,0x0623,22,0
20185,0x0624,9,0
20185,0x0625,23,0
20185,0x0626,11,0
20185,0x0627,16,0
20185,0x0628,15,0
20185,0x0629,23,0
20185,0x062A,29,0
20185,0x062B,23,0
20185,0x062C,11,0
20185,0x062D,16,0
20185,0x062E,199,0
20185,0x062F,22,0
20185,0x0630,195,0
20185,0x0631,22,0
20185,0x0632,199,0
20185,0x0633,22,0
20185,0x0901,224,104
20185,0x0905,224,104
20185,0x0B00,0,10
20185,0x0B22,9,10
20185,0x0B24,19,20
20185,0x0B26,39,40
20185,0x0B28,78,80
20185,0x0B82,9,10
20185,0x0B84,19,20
20185,0x0B86,39,40
20185,0x0B88,78,80
20185,0x0F99,39,40
20185,0x0F9D,39,40
20185,0x0FD1,39,40
20185,0x0FF0,39,40
20185,0x1000,128,192
20185,0x1033,40,38
20187,0x0020,200,112
20187,0x0021,76,0
20187,0x0022,0,104
20187,0x0028,32,0
20187,0x002E,0,65
20187,0x0049,4,2
20187,0x0068,24,16
20187,0x0069,193,195
20187,0x006B,123,125
20187,0x006D,48,0
20187,0x007B,40,41
20187,0x00AD,82,84
20187,0x00B7,2,0
20187,0x00CD,123,126
20187,0x00CE,246,252
20187,0x00CF,154,164
20187,0x00D0,63,77
20187,0x01BB,6,66
20187,0x01BC,233,8
20187,0x02F6,4,155
20187,0x02FD,39,41
20187,0x0901,104,224
20187,0x0905,104,224
20187,0x0B00,10,0
20187,0x0B26,40,41
20187,0x0B28,80,82
20187,0x0B86,40,41
20187,0x0B88,80,82
20187,0x0F99,40,41
20187,0x0F9D,40,41
20187,0x0FD1,40,41
20187,0x0FF0,40,41
20187,0x1000,192,128
20187,0x1033,38,36
20189,0x0020,112,200
20189,0x0021,0,76
20189,0x0022,104,0
20189,0x0028,0,32
20189,0x002E,65,0
20189,0x0049,2,4
20189,0x0068,16,24
20189,0x0069,195,197
20189,0x006B,125,127
20189,0x006D,0,48
20189,0x007B,41,42
20189,0x00AD,84,86
20189,0x00B7,0,2
20189,0x00CD,126,129
20189,0x00CE,252,2
20189,0x00CF,164,175
20189,0x00D0,77,91
20189,0x0176,20,21
20189,0x01BB,66,6
20189,0x01BC,8,233
20189,0x01FE,10,12
20189,0x02F6,155,4
20189,0x02FD,41,39
20189,0x0305,4,176
20189,0x0306,152,151
20189,0x030D,18,190
20189,0x030E,152,151
20189,0x0315,32,204
20189,0x0316,152,151
20189,0x031D,46,218
20189,0x031E,152,151
20189,0x0325,60,232
20189,0x0326,152,151
20189,0x032D,74,246
20189,0x032E,152,151
20189,0x0901,224,104
20189,0x0905,224,104
20189,0x0B00,0,10
20189,0x0B24,20,21
20189,0x0B26,41,42
20189,0x0B28,82,84
20189,0x0B84,20,21
20189,0x0B86,41,42
20189,0x0B88,82,84
20189,0x0F99,41,42
20189,0x0F9D,41,42
20189,0x0FD1,41,42
20189,0x0FF0,41,42
20189,0x1000,128,192
20189,0x1033,36,34
20191,0x0020,200,112
20191,0x0021,76,0
20191,0x0022,0,104
20191,0x0028,32,0
20191,0x002E,0,65
20191,0x0049,4,2
20191,0x0068,24,16
20191,0x0069,197,199
20191,0x006B,127,129
20191,0x006D,48,0
20191,0x007B,42,43
20191,0x00AD,86,88
20191,0x00B7,2,0
20191,0x00CD,129,132
20191,0x00CE,2,8
20191,0x00CF,175,185
20191,0x00D0,91,105
20191,0x01BB,6,66
20191,0x01BC,233,8
20191,0x02F6,4,155
20191,0x02FD,39,41
20191,0x0901,104,224
20191,0x0905,104,224
20191,0x0B00,10,0
20191,0x0B26,42,43
20191,0x0B28,84,86
20191,0x0B86,42,43
20191,0x0B88,84,86
20191,0x0F99,42,43
20191,0x0F9D,42,43
20191,0x0FD1,42,43
20191,0x0FF0,42,43
20191,0x1000,192,128
20191,0x1033,34,32
20193,0x0004,20,22
20193,0x0020,112,200
20193,0x0021,0,76
20193,0x0022,104,0
20193,0x0028,0,32
20193,0x002E,65,0
20193,0x0049,2,4
20193,0x0068,16,24
20193,0x0069,199,201
20193,0x006B,129,131
20193,0x006D,0,48
20193,0x007B,43,44
20193,0x00AD,88,90
20193,0x00B7,0,2
20193,0x00B8,1,0
20193,0x00BA,0,1
20193,0x00BF,96,104
20193,0x00C2,4,5
20193,0x00CD,132,135
20193,0x00CE,8,14
20193,0x00CF,185,195
20193,0x00D0,105,119
20193,0x0176,21,20
20193,0x01BB,66,6
20193,0x01BC,8,233
20193,0x01FE,12,14
20193,0x02F6,155,16
20193,0x02FD,41,39
20193,0x0305,176,92
20193,0x030D,190,106
20193,0x0315,204,120
20193,0x031D,218,134
20193,0x0325,232,148
20193,0x032D,246,162
20193,0x0501,133,139
20193,0x0502,94,86
20193,0x0600,225,0
20193,0x0601,22,0
20193,0x0602,241,0
20193,0x0603,22,0
20193,0x0604,10,0
20193,0x0605,23,0
20193,0x0606,11,0
20193,0x0607,16,0
20193,0x0608,11,0
20193,0x0609,16,0
20193,0x060A,11,0
20193,0x060B,16,0
20193,0x060C,11,0
20193,0x060D,16,0
20193,0x060E,92,0
20193,0x060F,23,0
20193,0x0610,196,0
20193,0x0611,22,0
20193,0x0612,200,0
20193,0x0613,22,0
20193,0x0901,224,104
20193,0x0905,224,104
20193,0x0B00,0,10
20193,0x0B22,10,11
20193,0x0B24,21,22
20193,0x0B26,43,44
20193,0x0B28,86,88
20193,0x0B82,10,11
20193,0x0B84,21,22
20193,0x0B86,43,44
20193,0x0B88,86,88
20193,0x0F99,43,44
20193,0x0F9D,43,44
20193,0x0FD1,43,44
20193,0x0FF0,43,44
20193,0x1000,128,192
20193,0x1033,32,30
20195,0x0020,200,112
20195,0x0021,76,0
20195,0x0022,0,104
20195,0x0028,32,0
20195,0x002E,0,65
20195,0x0049,4,2
20195,0x0068,24,16
20195,0x0069,201,203
20195,0x006B,131,133
20195,0x006D,48,0
20195,0x007B,44,45
20195,0x00AD,90,92
20195,0x00B7,2,0
20195,0x00CD,135,138
20195,0x00CE,14,20
20195,0x00CF,195,205
20195,0x00D0,119,133
20195,0x017D,52,116
20195,0x01BB,6,66
20195,0x01BC,233,8
20195,0x02F6,16,155
20195,0x0901,104,224
20195,0x0905,104,224
20195,0x0B00,10,0
20195,0x0B26,44,45
20195,0x0B28,88,90
20195,0x0B86,44,45
20195,0x0B88,88,90
20195,0x0F99,44,45
20195,0x0F9D,44,45
20195,0x0FD1,44,45
20195,0x0FF0,44,45
20195,0x1000,192,128
20195,0x1033,30,28
20197,0x0020,112,169
20197,0x0021,0,76
20197,0x0022,104,0
20197,0x0028,0,32
20197,0x002E,65,0
20197,0x0049,2,4
20197,0x0068,16,24
20197,0x0069,203,205
20197,0x006B,133,135
20197,0x006D,0,32
20197,0x007B,45,46
20197,0x00AD,92,94
20197,0x00B7,0,2
20197,0x00CD,138,141
20197,0x00CE,20,26
20197,0x00CF,205,215
20197,0x00D0,133,147
20197,0x0176,20,21
20197,0x017D,116,52
20197,0x01BB,66,6
20197,0x01BC,8,233
20197,0x01FC,75,107
20197,0x01FE,14,2
20197,0x01FF,0,143
20197,0x02F6,155,6
20197,0x02FD,39,41
20197,0x0301,8,41
20197,0x0303,14,10
20197,0x0305,92,4
20197,0x0306,151,149
20197,0x0309,40,73
20197,0x030B,14,10
20197,0x030D,106,14
20197,0x030E,151,149
20197,0x0311,72,105
20197,0x0313,14,10
20197,0x0315,120,24
20197,0x0316,151,149
20197,0x0319,104,137
20197,0x031B,14,10
20197,0x031D,134,34
20197,0x031E,151,149
20197,0x0901,224,104
20197,0x0905,224,104
20197,0x0B00,0,10
20197,0x0B24,22,23
20197,0x0B26,45,46
20197,0x0B28,90,92
20197,0x0B84,22,23
20197,0x0B86,45,46
20197,0x0B88,90,92
20197,0x0F99,45,46
20197,0x0F9D,45,46
20197,0x0FD1,45,46
20197,0x0FF0,45,46
20197,0x1000,128,192
20197,0x1033,28,26
20199,0x0020,169,112
20199,0x0021,76,0
20199,0x0022,0,104
20199,0x0028,32,0
20199,0x002E,0,65
20199,0x0049,4,2
20199,0x0068,24,16
20199,0x0069,205,207
20199,0x006B,135,137
20199,0x006D,32,0
20199,0x007B,46,47
20199,0x00AD,94,96
20199,0x00B7,2,0
20199,0x00CD,141,144
20199,0x00CE,26,32
20199,0x00CF,215,225
20199,0x00D0,147,161
20199,0x01BB,6,66
20199,0x01BC,233,8
20199,0x02F6,6,155
20199,0x02FD,41,39
20199,0x0901,104,224
20199,0x0905,104,224
20199,0x0B00,10,0
20199,0x0B26,46,47
20199,0x0B28,92,94
20199,0x0B86,46,47
20199,0x0B88,92,94
20199,0x0F99,46,47
20199,0x0F9D,46,47
20199,0x0FD1,46,47
20199,0x0FF0,46,47
20199,0x1000,192,128
20199,0x1033,26,24
20201,0x0004,22,24
20201,0x0020,112,169
20201,0x0021,0,76
20201,0x0022,104,0
20201,0x0028,0,32
20201,0x002E,65,0
20201,0x0049,2,4
20201,0x0068,16,24
20201,0x0069,207,209
20201,0x006B,137,139
20201,0x006D,0,32
20201,0x007B,47,48
20201,0x00AD,96,98
20201,0x00B7,0,2
20201,0x00CD,144,147
20201,0x00CE,32,38
20201,0x00CF,225,235
20201,0x00D0,161,175
20201,0x0176,21,20
20201,0x01BB,66,6
20201,0x01BC,8,233
20201,0x01FE,2,4
20201,0x02F6,155,6
20201,0x0305,4,220
20201,0x0306,149,148
20201,0x030D,14,230
20201,0x030E,149,148
20201,0x0315,24,240
20201,0x0316,149,148
20201,0x031D,34,250
20201,0x031E,149,148
20201,0x0501,139,67
20201,0x0502,86,94
20201,0x0503,20,4
20201,0x0508,69,3
20201,0x0509,85,84
20201,0x050B,20,4
20201,0x050F,138,134
20201,0x0510,86,94
20201,0x0512,40,24
20201,0x0516,132,70
20201,0x0517,94,85
20201,0x0519,32,44
20201,0x051D,68,140
20201,0x051E,85,86
20201,0x0520,52,64
20201,0x0600,0,116
20201,0x0601,0,16
20201,0x0602,0,118
20201,0x0603,0,16
20201,0x0618,0,226
20201,0x0619,0,22
20201,0x061A,0,242
20201,0x061B,0,22
20201,0x061C,0,11
20201,0x061D,0,23
20201,0x061E,0,11
20201,0x061F,0,16
20201,0x0620,0,11
20201,0x0621,0,16
20201,0x0622,0,11
20201,0x0623,0,16
20201,0x0624,0,11
20201,0x0625,0,16
20201,0x0626,0,93
20201,0x0627,0,23
20201,0x0628,0,197
20201,0x0629,0,22
20201,0x062A,0,201
20201,0x062B,0,22
20201,0x0901,224,104
20201,0x0905,224,104
20201,0x0B00,0,10
20201,0x0B22,11,12
20201,0x0B24,23,24
20201,0x0B26,47,48
20201,0x0B28,94,96
20201,0x0B82,11,12
20201,0x0B84,23,24
20201,0x0B86,47,48
20201,0x0B88,94,96
20201,0x0F99,47,48
20201,0x0F9D,47,48
20201,0x0FD1,47,48
20201,0x0FF0,47,48
20201,0x1000,128,192
20201,0x1033,24,22
20203,0x0020,169,112
20203,0x0021,76,0
20203,0x0022,0,104
20203,0x0028,32,0
20203,0x002E,0,65
20203,0x0049,4,2
20203,0x0068,24,16
20203,0x0069,209,211
20203,0x006B,139,141
20203,0x006D,32,0
20203,0x007B,48,49
20203,0x00AD,98,100
20203,0x00B7,2,0
20203,0x00CD,147,150
20203,0x00CE,38,44
20203,0x00CF,235,245
20203,0x00D0,175,189
20203,0x01BB,6,66
20203,0x01BC,233,8
20203,0x02F6,6,155
20203,0x0901,104,224
20203,0x0905,104,224
20203,0x0B00,10,0
20203,0x0B26,48,49
20203,0x0B28,96,98
20203,0x0B86,48,49
20203,0x0B88,96,98
20203,0x0F99,48,49
20203,0x0F9D,48,49
20203,0x0FD1,48,49
20203,0x0FF0,48,49
20203,0x1000,192,128
20203,0x1033,22,20
20205,0x0020,112,169
20205,0x0021,0,76
20205,0x0022,104,0
20205,0x0028,0,32
20205,0x002E,65,0
20205,0x0049,2,4
20205,0x0068,16,24
20205,0x0069,211,213
20205,0x006B,141,143
20205,0x006D,0,32
20205,0x007B,49,50
20205,0x00AD,100,102
20205,0x00B7,0,2
20205,0x00CD,150,153
20205,0x00CE,44,50
20205,0x00CF,245,255
20205,0x00D0,189,203
20205,0x0176,20,21
20205,0x01BB,66,6
20205,0x01BC,8,233
20205,0x01FE,4,6
20205,0x02F6,155,6
20205,0x02FD,39,41
20205,0x0305,220,180
20205,0x030D,230,190
20205,0x0315,240,200
20205,0x031D,250,210
20205,0x0901,224,104
20205,0x0905,224,104
20205,0x0B00,0,10
20205,0x0B24,24,25
20205,0x0B26,49,50
20205,0x0B28,98,100
20205,0x0B84,24,25
20205,0x0B86,49,50
20205,0x0B88,98,100
20205,0x0F99,49,50
20205,0x0F9D,49,50
20205,0x0FD1,49,50
20205,0x0FF0,49,50
20205,0x1000,128,192
20205,0x1033,20,18
20207,0x0020,169,112
20207,0x0021,76,0
20207,0x0022,0,104
20207,0x0028,32,0
20207,0x002E,0,65
20207,0x0049,4,2
20207,0x0068,24,16
20207,0x0069,213,215
20207,0x006B,143,145
20207,0x006D,32,0
20207,0x007B,50,51
20207,0x00AD,102,104
20207,0x00B7,2,0
20207,0x00CD,153,156
20207,0x00CE,50,56
20207,0x00CF,255,9
20207,0x00D0,203,218
20207,0x01BB,6,66
20207,0x01BC,233,8
20207,0x02F6,6,155
20207,0x02FD,41,39
20207,0x0901,104,224
20207,0x0905,104,224
20207,0x0B00,10,0
20207,0x0B26,50,51
20207,0x0B28,100,102
20207,0x0B86,50,51
20207,0x0B88,100,102
20207,0x0F99,50,51
20207,0x0F9D,50,51
20207,0x0FD1,50,51
20207,0x0FF0,50,51
20207,0x1000,192,128
20207,0x1033,18,16
20209,0x0004,24,26
20209,0x0020,112,169
20209,0x0021,0,76
20209,0x0022,104,0
20209,0x0028,0,32
20209,0x002E,65,0
20209,0x0049,2,4
20209,0x0068,16,24
20209,0x0069,215,217
20209,0x006B,145,147
20209,0x006D,0,32
20209,0x007B,51,52
20209,0x00AD,104,106
20209,0x00B7,0,2
20209,0x00CD,156,159
20209,0x00CE,56,62
20209,0x00CF,9,19
20209,0x00D0,218,232
20209,0x0176,21,20
20209,0x01BB,66,6
20209,0x01BC,8,233
20209,0x01FE,6,8
20209,0x02F6,155,6
20209,0x02FD,39,41
20209,0x0305,180,20
20209,0x030D,190,30
20209,0x0315,200,40
20209,0x031D,210,50
20209,0x0501,67,141
20209,0x0502,94,86
20209,0x0503,4,20
20209,0x0600,116,0
20209,0x0601,16,0
20209,0x0602,118,0
20209,0x0603,16,0
20209,0x0901,224,104
20209,0x0905,224,104
20209,0x0B00,0,10
20209,0x0B22,12,13
20209,0x0B24,25,26
20209,0x0B26,51,52
20209,0x0B28,102,104
20209,0x0B82,12,13
20209,0x0B84,25,26
20209,0x0B86,51,52
20209,0x0B88,102,104
20209,0x0F99,51,52
20209,0x0F9D,51,52
20209,0x0FD1,51,52
20209,0x0FF0,51,52
20209,0x1000,128,192
20209,0x1033,16,14
20211,0x0020,169,112
20211,0x0021,76,0
20211,0x0022,0,104
20211,0x0028,32,0
20211,0x002E,0,65
20211,0x0049,4,2
20211,0x0068,24,16
20211,0x0069,217,219
20211,0x006B,147,149
20211,0x006D,32,0
20211,0x007B,52,53
20211,0x00AD,106,108
20211,0x00B7,2,0
20211,0x00CD,159,162
20211,0x00CE,62,68
20211,0x00CF,19,29
20211,0x00D0,232,246
20211,0x01BB,6,66
20211,0x01BC,233,8
20211,0x02F6,6,155
20211,0x02FD,41,39
20211,0x0901,104,224
20211,0x0905,104,224
20211,0x0B00,10,0
20211,0x0B26,52,53
20211,0x0B28,104,106
20211,0x0B86,52,53
20211,0x0B88,104,106
20211,0x0F99,52,53
20211,0x0F9D,52,53
20211,0x0FD1,52,53
20211,0x0FF0,52,53
20211,0x1000,192,128
20211,0x1033,14,12
20213,0x0020,112,80
20213,0x0028,0,32
20213,0x002E,65,0
20213,0x0048,32,0
20213,0x0049,2,0
20213,0x0068,16,24
20213,0x0069,219,221
20213,0x006B,149,151
20213,0x007B,53,54
20213,0x00AD,108,110
20213,0x00B7,0,2
20213,0x00CD,162,165
20213,0x00CE,68,74
20213,0x00CF,29,39
20213,0x00D0,246,4
20213,0x0176,20,21
20213,0x017D,52,53
20213,0x01BB,66,6
20213,0x01BC,8,233
20213,0x01FE,8,10
20213,0x02F6,155,8
20213,0x02FD,39,41
20213,0x0901,224,104
20213,0x0905,224,104
20213,0x0B00,0,10
20213,0x0B24,26,27
20213,0x0B26,53,54
20213,0x0B28,106,108
20213,0x0B84,26,27
20213,0x0B86,53,54
20213,0x0B88,106,108
20213,0x0F99,53,54
20213,0x0F9D,53,54
20213,0x0FD1,53,54
20213,0x0FF0,53,54
20213,0x1000,128,192
20213,0x1033,12,10
20215,0x0020,80,112
20215,0x0028,32,0
20215,0x002E,0,65
20215,0x0068,24,16
20215,0x0069,221,223
20215,0x006B,151,153
20215,0x007B,54,55
20215,0x00AD,110,112
20215,0x00B7,2,0
20215,0x00CD,165,168
20215,0x00CE,74,80
20215,0x00CF,39,49
20215,0x00D0,4,18
20215,0x017D,53,52
20215,0x01BB,6,66
20215,0x01BC,233,8
20215,0x02F6,8,155
20215,0x0901,104,224
20215,0x0905,104,224
20215,0x0B00,10,0
20215,0x0B26,54,55
20215,0x0B28,108,110
20215,0x0B86,54,55
20215,0x0B88,108,110
20215,0x0F99,54,55
20215,0x0F9D,54,55
20215,0x0FD1,54,55
20215,0x0FF0,54,55
20215,0x1000,192,128
20215,0x1033,10,8
20217,0x0004,26,28
20217,0x0020,112,80
20217,0x0028,0,32
20217,0x002E,65,0
20217,0x0069,223,225
20217,0x006B,153,155
20217,0x007B,55,56
20217,0x00AD,112,114
20217,0x00B7,0,2
20217,0x00CD,168,171
20217,0x00CE,80,86
20217,0x00CF,49,59
20217,0x00D0,18,32
20217,0x0176,21,20
20217,0x01BB,66,6
20217,0x01BC,8,233
20217,0x02F6,155,8
20217,0x0501,141,135
20217,0x0502,86,94
20217,0x0508,3,71
20217,0x0509,84,85
20217,0x050B,4,20
20217,0x050F,134,142
20217,0x0510,94,86
20217,0x0512,24,40
20217,0x0600,0,227
20217,0x0601,0,22
20217,0x0602,0,243
20217,0x0603,0,22
20217,0x0604,0,95
20217,0x0605,0,16
20217,0x0606,0,11
20217,0x0607,0,16
20217,0x0608,0,11
20217,0x0609,0,16
20217,0x060A,0,11
20217,0x060B,0,16
20217,0x060C,0,11
20217,0x060D,0,16
20217,0x060E,0,95
20217,0x060F,0,208
20217,0x0610,0,198
20217,0x0611,0,22
20217,0x0612,0,202
20217,0x0613,0,22
20217,0x0618,226,0
20217,0x0619,22,0
20217,0x061A,242,0
20217,0x061B,22,0
20217,0x061C,11,0
20217,0x061D,23,0
20217,0x061E,11,0
20217,0x061F,16,0
20217,0x0620,11,0
20217,0x0621,16,0
20217,0x0622,11,0
20217,0x0623,16,0
20217,0x0624,11,0
20217,0x0625,16,0
20217,0x0626,93,0
20217,0x0627,23,0
20217,0x0628,197,0
20217,0x0629,22,0
20217,0x062A,201,0
20217,0x062B,22,0
20217,0x0901,224,104
20217,0x0905,224,104
20217,0x0B00,0,10
20217,0x0B22,13,14
20217,0x0B24,27,28
20217,0x0B26,55,56
20217,0x0B28,110,112
20217,0x0B82,13,14
20217,0x0B84,27,28
20217,0x0B86,55,56
20217,0x0B88,110,112
20217,0x0F99,55,56
20217,0x0F9D,55,56
20217,0x0FD1,55,56
20217,0x0FF0,55,56
20217,0x1000,128,192
20217,0x1033,8,6
20219,0x0020,80,112
20219,0x0028,32,0
20219,0x002E,0,65
20219,0x0069,225,227
20219,0x006B,155,157
20219,0x007B,56,57
20219,0x00AD,114,116
20219,0x00B7,2,0
20219,0x00CD,171,174
20219,0x00CE,86,92
20219,0x00CF,59,69
20219,0x00D0,32,46
20219,0x01BB,6,66
20219,0x01BC,233,8
20219,0x02F6,8,155
20219,0x0901,104,224
20219,0x0905,104,224
20219,0x0B00,10,0
20219,0x0B26,56,57
20219,0x0B28,112,114
20219,0x0B86,56,57
20219,0x0B88,112,114
20219,0x0F99,56,57
20219,0x0F9D,56,57
20219,0x0FD1,56,57
20219,0x0FF0,56,57
20219,0x1000,192,128
20219,0x1033,6,4
20221,0x0020,112,80
20221,0x0028,0,32
20221,0x002E,65,0
20221,0x0069,227,229
20221,0x006B,157,159
20221,0x007B,57,58
20221,0x00AD,116,118
20221,0x00B7,0,2
20221,0x00CD,174,177
20221,0x00CE,92,98
20221,0x00CF,69,79
20221,0x00D0,46,60
20221,0x0176,20,21
20221,0x01BB,66,6
20221,0x01BC,8,233
20221,0x02F6,155,8
20221,0x0901,224,104
20221,0x0905,224,104
20221,0x0B00,0,10
20221,0x0B24,28,29
20221,0x0B26,57,58
20221,0x0B28,114,116
20221,0x0B84,28,29
20221,0x0B86,57,58
20221,0x0B88,114,116
20221,0x0F99,57,58
20221,0x0F9D,57,58
20221,0x0FD1,57,58
20221,0x0FF0,57,58
20221,0x1000,128,192
20221,0x1033,4,2
20223,0x0020,80,112
20223,0x0028,32,0
20223,0x002E,0,65
20223,0x0069,229,231
20223,0x006B,159,161
20223,0x007B,58,59
20223,0x00AD,118,120
20223,0x00B7,2,0
20223,0x00CD,177,180
20223,0x00CE,98,104
20223,0x00CF,79,89
20223,0x00D0,60,74
20223,0x01BB,6,66
20223,0x01BC,233,8
20223,0x02F6,8,155
20223,0x02FD,41,39
20223,0x0901,104,224
20223,0x0905,104,224
20223,0x0B00,10,0
20223,0x0B26,58,59
20223,0x0B28,116,118
20223,0x0B86,58,59
20223,0x0B88,116,118
20223,0x0F99,58,59
20223,0x0F9D,58,59
20223,0x0FD1,58,59
20223,0x0FF0,58,59
20223,0x1000,192,128
20223,0x1033,2,0
20225,0x0004,28,30
20225,0x0020,112,80
20225,0x0028,0,32
20225,0x002E,65,0
20225,0x0069,231,233
20225,0x006B,161,163
20225,0x007B,59,60
20225,0x00AD,120,122
20225,0x00B7,0,2
20225,0x00CD,180,183
20225,0x00CE,104,110
20225,0x00CF,89,99
20225,0x00D0,74,88
20225,0x0176,21,20
20225,0x01BB,66,6
20225,0x01BC,8,233
20225,0x02FD,39,41
20225,0x0501,135,143
20225,0x0502,94,86
20225,0x0600,227,0
20225,0x0601,22,0
20225,0x0602,243,0
20225,0x0603,22,0
20225,0x0604,95,0
20225,0x0605,16,0
20225,0x0606,11,0
20225,0x0607,16,0
20225,0x0608,11,0
20225,0x0609,16,0
20225,0x060A,11,0
20225,0x060B,16,0
20225,0x060C,11,0
20225,0x060D,16,0
20225,0x060E,95,0
20225,0x060F,208,0
20225,0x0610,198,0
20225,0x0611,22,0
20225,0x0612,202,0
20225,0x0613,22,0
20225,0x0901,224,104
20225,0x0905,224,104
20225,0x0B00,0,10
20225,0x0B22,14,15
20225,0x0B24,29,30
20225,0x0B26,59,60
20225,0x0B28,118,120
20225,0x0B82,14,15
20225,0x0B84,29,30
20225,0x0B86,59,60
20225,0x0B88,118,120
20225,0x0F99,59,60
20225,0x0F9D,59,60
20225,0x0FD1,59,60
20225,0x0FF0,59,60
20225,0x1000,128,200
20227,0x0069,233,235
20227,0x006B,163,165
20227,0x007B,60,61
20227,0x00AD,122,124
20227,0x00CD,183,186
20227,0x00CE,110,116
20227,0x00CF,99,109
20227,0x00D0,88,102
20227,0x0B26,60,61
20227,0x0B28,120,122
20227,0x0B86,60,61
20227,0x0B88,120,122
20227,0x0F99,60,61
20227,0x0F9D,60,61
20227,0x0FD1,60,61
20227,0x0FF0,60,61
20229,0x0069,235,237
20229,0x006B,165,167
20229,0x007B,61,62
20229,0x00AD,124,126
20229,0x00CD,186,189
20229,0x00CE,116,122
20229,0x00CF,109,119
20229,0x00D0,102,116
20229,0x0176,20,21
20229,0x02FD,41,39
20229,0x0B24,30,31
20229,0x0B26,61,62
20229,0x0B28,122,124
20229,0x0B84,30,31
20229,0x0B86,61,62
20229,0x0B88,122,124
20229,0x0F99,61,62
20229,0x0F9D,61,62
20229,0x0FD1,61,62
20229,0x0FF0,61,62
20231,0x0069,237,239
20231,0x006B,167,169
20231,0x007B,62,63
20231,0x00AD,126,128
20231,0x00CD,189,192
20231,0x00CE,122,128
20231,0x00CF,119,129
20231,0x00D0,116,130
20231,0x017D,52,116
20231,0x02FD,39,41
20231,0x0B26,62,63
20231,0x0B28,124,126
20231,0x0B86,62,63
20231,0x0B88,124,126
20231,0x0F99,62,63
20231,0x0F9D,62,63
20231,0x0FD1,62,63
20231,0x0FF0,62,63
20233,0x0004,30,32
20233,0x0069,239,241
20233,0x006B,169,171
20233,0x007B,63,64
20233,0x00AD,128,130
20233,0x00CD,192,195
20233,0x00CE,128,134
20233,0x00CF,129,139
20233,0x00D0,130,144
20233,0x0176,21,20
20233,0x017D,116,52
20233,0x02FD,41,39
20233,0x0501,143,194
20233,0x0502,86,93
20233,0x0503,20,8
20233,0x0508,71,68
20233,0x0509,85,94
20233,0x050A,20,4
20233,0x050B,20,8
20233,0x050F,142,4
20233,0x0510,86,84
20233,0x0512,40,12
20233,0x0516,70,136
20233,0x0517,85,94
20233,0x0519,44,32
20233,0x051D,140,72
20233,0x051E,86,85
20233,0x0520,64,52
20233,0x0524,136,144
20233,0x0600,0,94
20233,0x0601,0,8
20233,0x0602,0,18
20233,0x0603,0,8
20233,0x0604,0,34
20233,0x0605,0,8
20233,0x0606,0,50
20233,0x0607,0,8
20233,0x0608,0,116
20233,0x0609,0,16
20233,0x060A,0,117
20233,0x060B,0,16
20233,0x0618,0,141
20233,0x0619,0,26
20233,0x0620,0,224
20233,0x0621,0,12
20233,0x0622,0,240
20233,0x0623,0,12
20233,0x0624,0,95
20233,0x0625,0,16
20233,0x0626,0,153
20233,0x0627,0,17
20233,0x0628,0,11
20233,0x0629,0,16
20233,0x062A,0,11
20233,0x062B,0,16
20233,0x062C,0,11
20233,0x062D,0,16
20233,0x062E,0,95
20233,0x062F,0,208
20233,0x0630,0,116
20233,0x0631,0,16
20233,0x0632,0,117
20233,0x0633,0,16
20233,0x0642,0,176
20233,0x0643,0,12
20233,0x0644,0,192
20233,0x0645,0,12
20233,0x0646,0,208
20233,0x0647,0,12
20233,0x0B22,15,16
20233,0x0B24,31,32
20233,0x0B26,63,64
20233,0x0B28,126,128
20233,0x0B82,15,16
20233,0x0B84,31,32
20233,0x0B86,63,64
20233,0x0B88,126,128
20233,0x0F99,63,64
20233,0x0F9D,63,64
20233,0x0FD1,63,64
20233,0x0FF0,63,64
20235,0x0069,241,243
20235,0x006B,171,173
20235,0x007B,64,65
20235,0x00AD,130,132
20235,0x00CD,195,198
20235,0x00CE,134,140
20235,0x00CF,139,149
20235,0x00D0,144,158
20235,0x02FD,39,41
20235,0x0B26,64,65
20235,0x0B28,128,130
20235,0x0B86,64,65
20235,0x0B88,128,130
20235,0x0F99,64,65
20235,0x0F9D,64,65
20235,0x0FD1,64,65
20235,0x0FF0,64,65
20237,0x0069,243,245
20237,0x006B,173,175
20237,0x007B,65,66
20237,0x00AD,132,134
20237,0x00CD,198,201
20237,0x00CE,140,146
20237,0x00CF,149,159
20237,0x00D0,158,172
20237,0x0176,20,21
20237,0x0B24,32,33
20237,0x0B26,65,66
20237,0x0B28,130,132
20237,0x0B84,32,33
20237,0x0B86,65,66
20237,0x0B88,130,132
20237,0x0F99,65,66
20237,0x0F9D,65,66
20237,0x0FD1,65,66
20237,0x0FF0,65,66
20239,0x0069,245,247
20239,0x006B,175,177
20239,0x007B,66,67
20239,0x00AD,134,136
20239,0x00CD,201,204
20239,0x00CE,146,152
20239,0x00CF,159,169
20239,0x00D0,172,186
20239,0x02FD,41,39
20239,0x0B26,66,67
20239,0x0B28,132,134
20239,0x0B86,66,67
20239,0x0B88,132,134
20239,0x0F99,66,67
20239,0x0F9D,66,67
20239,0x0FD1,66,67
20239,0x0FF0,66,67
20241,0x0004,32,34
20241,0x0069,247,249
20241,0x006B,177,179
20241,0x007B,67,68
20241,0x00AD,136,138
20241,0x00CD,204,207
20241,0x00CE,152,158
20241,0x00CF,169,179
20241,0x00D0,186,200
20241,0x0176,21,20
20241,0x0501,194,145
20241,0x0502,93,86
20241,0x0503,8,20
20241,0x0600,94,0
20241,0x0601,8,0
20241,0x0602,18,0
20241,0x0603,8,0
20241,0x0604,34,0
20241,0x0605,8,0
20241,0x0606,50,0
20241,0x0607,8,0
20241,0x0608,116,0
20241,0x0609,16,0
20241,0x060A,117,0
20241,0x060B,16,0
20241,0x0B22,16,17
20241,0x0B24,33,34
20241,0x0B26,67,68
20241,0x0B28,134,136
20241,0x0B82,16,17
20241,0x0B84,33,34
20241,0x0B86,67,68
20241,0x0B88,134,136
20241,0x0F99,67,68
20241,0x0F9D,67,68
20241,0x0FD1,67,68
20241,0x0FF0,67,68
20243,0x0069,249,251
20243,0x006B,179,181
20243,0x007B,68,69
20243,0x00AD,138,140
20243,0x00CD,207,210
20243,0x00CE,158,164
20243,0x00CF,179,189
20243,0x00D0,200,214
20243,0x02FD,39,41
20243,0x0B26,68,69
20243,0x0B28,136,138
20243,0x0B86,68,69
20243,0x0B88,136,138
20243,0x0F99,68,69
20243,0x0F9D,68,69
20243,0x0FD1,68,69
20243,0x0FF0,68,69
20245,0x0069,251,253
20245,0x006B,181,183
20245,0x007B,69,70
20245,0x00AD,140,142
20245,0x00CD,210,213
20245,0x00CE,164,170
20245,0x00CF,189,199
20245,0x00D0,214,228
20245,0x0176,20,21
20245,0x0B24,34,35
20245,0x0B26,69,70
20245,0x0B28,138,140
20245,0x0B84,34,35
20245,0x0B86,69,70
20245,0x0B88,138,140
20245,0x0F99,69,70
20245,0x0F9D,69,70
20245,0x0FD1,69,70
20245,0x0FF0,69,70
20247,0x0069,253,255
20247,0x006B,183,185
20247,0x007B,70,71
20247,0x00AD,142,144
20247,0x00CD,213,216
20247,0x00CE,170,176
20247,0x00CF,199,209
20247,0x00D0,228,242
20247,0x02FD,41,39
20247,0x0B26,70,71
20247,0x0B28,140,142
20247,0x0B86,70,71
20247,0x0B88,140,142
20247,0x0F99,70,71
20247,0x0F9D,70,71
20247,0x0FD1,70,71
20247,0x0FF0,70,71
20249,0x0004,34,36
20249,0x0069,255,1
20249,0x006B,185,187
20249,0x007B,71,72
20249,0x00AD,144,146
20249,0x00CD,216,219
20249,0x00CE,176,182
20249,0x00CF,209,219
20249,0x00D0,242,0
20249,0x0176,21,20
20249,0x017D,52,53
20249,0x02FD,39,41
20249,0x0501,145,137
20249,0x0502,86,94
20249,0x0508,68,73
20249,0x0509,94,85
20249,0x050A,4,20
20249,0x050B,8,20
20249,0x050F,4,146
20249,0x0510,84,86
20249,0x0512,12,40
20249,0x0600,0,225
20249,0x0601,0,12
20249,0x0602,0,241
20249,0x0603,0,12
20249,0x0604,0,217
20249,0x0605,0,16
20249,0x0606,0,154
20249,0x0607,0,17
20249,0x0608,0,11
20249,0x0609,0,16
20249,0x060A,0,11
20249,0x060B,0,16
20249,0x060C,0,11
20249,0x060D,0,16
20249,0x060E,0,217
20249,0x060F,0,144
20249,0x0610,0,116
20249,0x0611,0,16
20249,0x0612,0,118
20249,0x0613,0,16
20249,0x0618,141,0
20249,0x0619,26,0
20249,0x0620,224,0
20249,0x0621,12,0
20249,0x0622,240,177
20249,0x0624,95,193
20249,0x0625,16,12
20249,0x0626,153,209
20249,0x0627,17,12
20249,0x0628,11,0
20249,0x0629,16,0
20249,0x062A,11,0
20249,0x062B,16,0
20249,0x062C,11,0
20249,0x062D,16,0
20249,0x062E,95,0
20249,0x062F,208,0
20249,0x0630,116,0
20249,0x0631,16,0
20249,0x0632,117,0
20249,0x0633,16,0
20249,0x0B22,17,18
20249,0x0B24,35,36
20249,0x0B26,71,72
20249,0x0B28,142,144
20249,0x0B82,17,18
20249,0x0B84,35,36
20249,0x0B86,71,72
20249,0x0B88,142,144
20249,0x0F99,71,72
20249,0x0F9D,71,72
20249,0x0FD1,71,72
20249,0x0FF0,71,72
20251,0x0069,1,3
20251,0x006B,187,189
20251,0x007B,72,73
20251,0x00AD,146,148
20251,0x00CD,219,222
20251,0x00CE,182,188
20251,0x00CF,219,229
20251,0x00D0,0,14
20251,0x017D,53,52
20251,0x0B26,72,73
20251,0x0B28,144,146
20251,0x0B86,72,73
20251,0x0B88,144,146
20251,0x0F99,72,73
20251,0x0F9D,72,73
20251,0x0FD1,72,73
20251,0x0FF0,72,73
20253,0x0069,3,5
20253,0x006B,189,191
20253,0x007B,73,74
20253,0x00AD,148,150
20253,0x00CD,222,225
20253,0x00CE,188,194
20253,0x00CF,229,239
20253,0x00D0,14,28
20253,0x0176,20,21
20253,0x02FD,41,39
20253,0x0B24,36,37
20253,0x0B26,73,74
20253,0x0B28,146,148
20253,0x0B84,36,37
20253,0x0B86,73,74
20253,0x0B88,146,148
20253,0x0F99,73,74
20253,0x0F9D,73,74
20253,0x0FD1,73,74
20253,0x0FF0,73,74
20255,0x0069,5,7
20255,0x006B,191,193
20255,0x007B,74,75
20255,0x00AD,150,152
20255,0x00CD,225,228
20255,0x00CE,194,200
20255,0x00CF,239,249
20255,0x00D0,28,42
20255,0x02FD,39,41
20255,0x0B26,74,75
20255,0x0B28,148,150
20255,0x0B86,74,75
20255,0x0B88,148,150
20255,0x0F99,74,75
20255,0x0F9D,74,75
20255,0x0FD1,74,75
20255,0x0FF0,74,75
20257,0x0004,36,38
20257,0x0069,7,9
20257,0x006B,193,195
20257,0x007B,75,76
20257,0x00AD,152,154
20257,0x00CD,228,231
20257,0x00CE,200,206
20257,0x00CF,249,3
20257,0x00D0,42,57
20257,0x0176,21,20
20257,0x0501,137,147
20257,0x0502,94,86
20257,0x0600,225,0
20257,0x0601,12,0
20257,0x0602,241,0
20257,0x0603,12,0
20257,0x0604,217,0
20257,0x0605,16,0
20257,0x0606,154,0
20257,0x0607,17,0
20257,0x0608,11,0
20257,0x0609,16,0
20257,0x060A,11,0
20257,0x060B,16,0
20257,0x060C,11,0
20257,0x060D,16,0
20257,0x060E,217,0
20257,0x060F,144,0
20257,0x0610,116,0
20257,0x0611,16,0
20257,0x0612,118,0
20257,0x0613,16,0
20257,0x0B22,18,19
20257,0x0B24,37,38
20257,0x0B26,75,76
20257,0x0B28,150,152
20257,0x0B82,18,19
20257,0x0B84,37,38
20257,0x0B86,75,76
20257,0x0B88,150,152
20257,0x0F99,75,76
20257,0x0F9D,75,76
20257,0x0FD1,75,76
20257,0x0FF0,75,76
20259,0x0069,9,11
20259,0x006B,195,197
20259,0x007B,76,77
20259,0x00AD,154,156
20259,0x00CD,231,234
20259,0x00CE,206,212
20259,0x00CF,3,13
20259,0x00D0,57,71
20259,0x0B26,76,77
20259,0x0B28,152,154
20259,0x0B86,76,77
20259,0x0B88,152,154
20259,0x0F99,76,77
20259,0x0F9D,76,77
20259,0x0FD1,76,77
20259,0x0FF0,76,77
20261,0x0069,11,13
20261,0x006B,197,199
20261,0x007B,77,78
20261,0x00AD,156,158
20261,0x00CD,234,237
20261,0x00CE,212,218
20261,0x00CF,13,23
20261,0x00D0,71,85
20261,0x0176,20,21
20261,0x02FD,41,39
20261,0x0B24,38,39
20261,0x0B26,77,78
20261,0x0B28,154,156
20261,0x0B84,38,39
20261,0x0B86,77,78
20261,0x0B88,154,156
20261,0x0F99,77,78
20261,0x0F9D,77,78
20261,0x0FD1,77,78
20261,0x0FF0,77,78
20263,0x0069,13,15
20263,0x006B,199,201
20263,0x007B,78,79
20263,0x00AD,158,160
20263,0x00CD,237,240
20263,0x00CE,218,224
20263,0x00CF,23,33
20263,0x00D0,85,99
20263,0x02FD,39,41
20263,0x0B26,78,79
20263,0x0B28,156,158
20263,0x0B86,78,79
20263,0x0B88,156,158
20263,0x0F99,78,79
20263,0x0F9D,78,79
20263,0x0FD1,78,79
20263,0x0FF0,78,79
20265,0x0004,38,40
20265,0x0069,15,17
20265,0x006B,201,203
20265,0x007B,79,80
20265,0x00AD,160,162
20265,0x00CD,240,243
20265,0x00CE,224,230
20265,0x00CF,33,43
20265,0x00D0,99,113
20265,0x0176,21,20
20265,0x0501,147,69
20265,0x0502,86,94
20265,0x0503,20,4
20265,0x0508,73,5
20265,0x0509,85,84
20265,0x050B,20,4
20265,0x050F,146,138
20265,0x0510,86,94
20265,0x0512,40,24
20265,0x0516,136,74
20265,0x0517,94,85
20265,0x0519,32,44
20265,0x051D,72,148
20265,0x051E,85,86
20265,0x0520,52,64
20265,0x0600,0,116
20265,0x0601,0,16
20265,0x0602,0,118
20265,0x0603,0,16
20265,0x060E,0,177
20265,0x060F,0,26
20265,0x0610,0,142
20265,0x0611,0,26
20265,0x0618,0,186
20265,0x0619,0,12
20265,0x061A,0,202
20265,0x061B,0,12
20265,0x061C,0,95
20265,0x061D,0,80
20265,0x061E,0,11
20265,0x061F,0,16
20265,0x0620,0,11
20265,0x0621,0,16
20265,0x0622,177,11
20265,0x0623,12,16
20265,0x0624,193,11
20265,0x0625,12,16
20265,0x0626,209,95
20265,0x0627,12,144
20265,0x0628,0,116
20265,0x0629,0,16
20265,0x062A,0,117
20265,0x062B,0,16
20265,0x063E,0,170
20265,0x063F,0,12
20265,0x0642,176,0
20265,0x0643,12,0
20265,0x0644,192,0
20265,0x0645,12,0
20265,0x0646,208,0
20265,0x0647,12,0
20265,0x0B22,19,20
20265,0x0B24,39,40
20265,0x0B26,79,80
20265,0x0B28,158,160
20265,0x0B82,19,20
20265,0x0B84,39,40
20265,0x0B86,79,80
20265,0x0B88,158,160
20265,0x0F99,79,80
20265,0x0F9D,79,80
20265,0x0FD1,79,80
20265,0x0FF0,79,80
20267,0x0069,17,19
20267,0x006B,203,205
20267,0x007B,80,81
20267,0x00AD,162,164
20267,0x00CD,243,246
20267,0x00CE,230,236
20267,0x00CF,43,53
20267,0x00D0,113,127
20267,0x0B26,80,81
20267,0x0B28,160,162
20267,0x0B86,80,81
20267,0x0B88,160,162
20267,0x0F99,80,81
20267,0x0F9D,80,81
20267,0x0FD1,80,81
20267,0x0FF0,80,81
20269,0x0069,19,21
20269,0x006B,205,207
20269,0x007B,81,82
20269,0x00AD,164,166
20269,0x00CD,246,249
20269,0x00CE,236,242
20269,0x00CF,53,63
20269,0x00D0,127,141
20269,0x0176,20,21
20269,0x02FD,41,39
20269,0x0B24,40,41
20269,0x0B26,81,82
20269,0x0B28,162,164
20269,0x0B84,40,41
20269,0x0B86,81,82
20269,0x0B88,162,164
20269,0x0F99,81,82
20269,0x0F9D,81,82
20269,0x0FD1,81,82
20269,0x0FF0,81,82
20271,0x0069,21,23
20271,0x006B,207,209
20271,0x007B,82,83
20271,0x00AD,166,168
20271,0x00CD,249,252
20271,0x00CE,242,248
20271,0x00CF,63,73
20271,0x00D0,141,155
20271,0x02FD,39,41
20271,0x0B26,82,83
20271,0x0B28,164,166
20271,0x0B86,82,83
20271,0x0B88,164,166
20271,0x0F99,82,83
20271,0x0F9D,82,83
20271,0x0FD1,82,83
20271,0x0FF0,82,83
20273,0x0004,40,42
20273,0x0069,23,25
20273,0x006B,209,211
20273,0x007B,83,84
20273,0x00AD,168,170
20273,0x00CD,252,255
20273,0x00CE,248,254
20273,0x00CF,73,83
20273,0x00D0,155,169
20273,0x0176,21,20
20273,0x0501,69,149
20273,0x0502,94,86
20273,0x0503,4,20
20273,0x0600,116,0
20273,0x0601,16,0
20273,0x0602,118,0
20273,0x0603,16,0
20273,0x060E,177,0
20273,0x060F,26,0
20273,0x0610,142,0
20273,0x0611,26,0
20273,0x0B22,20,21
20273,0x0B24,41,42
20273,0x0B26,83,84
20273,0x0B28,166,168
20273,0x0B82,20,21
20273,0x0B84,41,42
20273,0x0B86,83,84
20273,0x0B88,166,168
20273,0x0F99,83,84
20273,0x0F9D,83,84
20273,0x0FD1,83,84
20273,0x0FF0,83,84
20275,0x0069,25,27
20275,0x006B,211,213
20275,0x007B,84,85
20275,0x00AD,170,172
20275,0x00CD,255,2
20275,0x00CE,254,5
20275,0x00CF,83,94
20275,0x00D0,169,183
20275,0x0B26,84,85
20275,0x0B28,168,170
20275,0x0B86,84,85
20275,0x0B88,168,170
20275,0x0F99,84,85
20275,0x0F9D,84,85
20275,0x0FD1,84,85
20275,0x0FF0,84,85
20277,0x0069,27,29
20277,0x006B,213,215
20277,0x007B,85,86
20277,0x00AD,172,174
20277,0x00CD,2,5
20277,0x00CE,5,11
20277,0x00CF,94,104
20277,0x00D0,183,197
20277,0x0176,20,21
20277,0x02FD,41,39
20277,0x0B24,42,43
20277,0x0B26,85,86
20277,0x0B28,170,172
20277,0x0B84,42,43
20277,0x0B86,85,86
20277,0x0B88,170,172
20277,0x0F99,85,86
20277,0x0F9D,85,86
20277,0x0FD1,85,86
20277,0x0FF0,85,86
20279,0x0069,29,31
20279,0x006B,215,217
20279,0x007B,86,87
20279,0x00AD,174,176
20279,0x00CD,5,8
20279,0x00CE,11,17
20279,0x00CF,104,114
20279,0x00D0,197,211
20279,0x02FD,39,41
20279,0x0B26,86,87
20279,0x0B28,172,174
20279,0x0B86,86,87
20279,0x0B88,172,174
20279,0x0F99,86,87
20279,0x0F9D,86,87
20279,0x0FD1,86,87
20279,0x0FF0,86,87
20281,0x0004,42,44
20281,0x0069,31,33
20281,0x006B,217,219
20281,0x007B,87,88
20281,0x00AD,176,178
20281,0x00CD,8,11
20281,0x00CE,17,23
20281,0x00CF,114,124
20281,0x00D0,211,225
20281,0x0176,21,20
20281,0x02FD,41,39
20281,0x0501,149,139
20281,0x0502,86,94
20281,0x0508,5,75
20281,0x0509,84,85
20281,0x050B,4,20
20281,0x050F,138,150
20281,0x0510,94,86
20281,0x0512,24,40
20281,0x0600,0,187
20281,0x0601,0,12
20281,0x0602,0,203
20281,0x0603,0,12
20281,0x0604,0,217
20281,0x0605,0,80
20281,0x0606,0,154
20281,0x0607,0,17
20281,0x0608,0,11
20281,0x0609,0,16
20281,0x060A,0,11
20281,0x060B,0,16
20281,0x060C,0,11
20281,0x060D,0,16
20281,0x060E,0,217
20281,0x060F,0,208
20281,0x0610,0,116
20281,0x0611,0,16
20281,0x0612,0,118
20281,0x0613,0,16
20281,0x0618,186,0
20281,0x0619,12,0
20281,0x061A,202,0
20281,0x061B,12,0
20281,0x061C,95,0
20281,0x061D,80,0
20281,0x061E,11,0
20281,0x061F,16,0
20281,0x0620,11,0
20281,0x0621,16,0
20281,0x0622,11,0
20281,0x0623,16,0
20281,0x0624,11,0
20281,0x0625,16,0
20281,0x0626,95,171
20281,0x0627,144,12
20281,0x0628,116,0
20281,0x0629,16,0
20281,0x062A,117,0
20281,0x062B,16,0
20281,0x0B22,21,22
20281,0x0B24,43,44
20281,0x0B26,87,88
20281,0x0B28,174,176
20281,0x0B82,21,22
20281,0x0B84,43,44
20281,0x0B86,87,88
20281,0x0B88,174,176
20281,0x0F99,87,88
20281,0x0F9D,87,88
20281,0x0FD1,87,88
20281,0x0FF0,87,88
20283,0x0069,33,35
20283,0x006B,219,221
20283,0x007B,88,89
20283,0x00AD,178,180
20283,0x00CD,11,14
20283,0x00CE,23,29
20283,0x00CF,124,134
20283,0x00D0,225,239
20283,0x0B26,88,89
20283,0x0B28,176,178
20283,0x0B86,88,89
20283,0x0B88,176,178
20283,0x0F99,88,89
20283,0x0F9D,88,89
20283,0x0FD1,88,89
20283,0x0FF0,88,89
20285,0x0069,35,37
20285,0x006B,221,223
20285,0x007B,89,90
20285,0x00AD,180,182
20285,0x00CD,14,17
20285,0x00CE,29,35
20285,0x00CF,134,144
20285,0x00D0,239,253
20285,0x0176,20,21
20285,0x02FD,39,41
20285,0x0B24,44,45
20285,0x0B26,89,90
20285,0x0B28,178,180
20285,0x0B84,44,45
20285,0x0B86,89,90
20285,0x0B88,178,180
20285,0x0F99,89,90
20285,0x0F9D,89,90
20285,0x0FD1,89,90
20285,0x0FF0,89,90
20287,0x0069,37,39
20287,0x006B,223,225
20287,0x007B,90,91
20287,0x00AD,182,184
20287,0x00CD,17,20
20287,0x00CE,35,41
20287,0x00CF,144,154
20287,0x00D0,253,11
20287,0x02FD,41,39
20287,0x0B26,90,91
20287,0x0B28,180,182
20287,0x0B86,90,91
20287,0x0B88,180,182
20287,0x0F99,90,91
20287,0x0F9D,90,91
20287,0x0FD1,90,91
20287,0x0FF0,90,91
20289,0x0004,44,46
20289,0x0069,39,41
20289,0x006B,225,227
20289,0x007B,91,92
20289,0x00AD,184,186
20289,0x00CD,20,23
20289,0x00CE,41,47
20289,0x00CF,154,164
20289,0x00D0,11,25
20289,0x0176,21,20
20289,0x0501,139,151
20289,0x0502,94,86
20289,0x0600,187,0
20289,0x0601,12,0
20289,0x0602,203,0
20289,0x0603,12,0
20289,0x0604,217,0
20289,0x0605,80,0
20289,0x0606,154,0
20289,0x0607,17,0
20289,0x0608,11,0
20289,0x0609,16,0
20289,0x060A,11,0
20289,0x060B,16,0
20289,0x060C,11,0
20289,0x060D,16,0
20289,0x060E,217,0
20289,0x060F,208,0
20289,0x0610,116,0
20289,0x0611,16,0
20289,0x0612,118,0
20289,0x0613,16,0
20289,0x0B22,22,23
20289,0x0B24,45,46
20289,0x0B26,91,92
20289,0x0B28,182,184
20289,0x0B82,22,23
20289,0x0B84,45,46
20289,0x0B86,91,92
20289,0x0B88,182,184
20289,0x0F99,91,92
20289,0x0F9D,91,92
20289,0x0FD1,91,92
20289,0x0FF0,91,92
20291,0x0069,41,43
20291,0x006B,227,229
20291,0x007B,92,93
20291,0x00AD,186,188
20291,0x00CD,23,26
20291,0x00CE,47,53
20291,0x00CF,164,174
20291,0x00D0,25,39
20291,0x0B26,92,93
20291,0x0B28,184,186
20291,0x0B86,92,93
20291,0x0B88,184,186
20291,0x0F99,92,93
20291,0x0F9D,92,93
20291,0x0FD1,92,93
20291,0x0FF0,92,93
20293,0x0069,43,45
20293,0x006B,229,231
20293,0x007B,93,94
20293,0x00AD,188,190
20293,0x00CD,26,29
20293,0x00CE,53,59
20293,0x00CF,174,184
20293,0x00D0,39,53
20293,0x0176,20,21
20293,0x02FD,39,41
20293,0x0B24,46,47
20293,0x0B26,93,94
20293,0x0B28,186,188
20293,0x0B84,46,47
20293,0x0B86,93,94
20293,0x0B88,186,188
20293,0x0F99,93,94
20293,0x0F9D,93,94
20293,0x0FD1,93,94
20293,0x0FF0,93,94
20295,0x0069,45,47
20295,0x006B,231,233
20295,0x007B,94,95
20295,0x00AD,190,192
20295,0x00CD,29,32
20295,0x00CE,59,65
20295,0x00CF,184,194
20295,0x00D0,53,67
20295,0x02FD,41,39
20295,0x0B26,94,95
20295,0x0B28,188,190
20295,0x0B86,94,95
20295,0x0B88,188,190
20295,0x0F99,94,95
20295,0x0F9D,94,95
20295,0x0FD1,94,95
20295,0x0FF0,94,95
20297,0x0004,46,48
20297,0x0069,47,49
20297,0x006B,233,235
20297,0x007B,95,96
20297,0x00AD,192,194
20297,0x00CD,32,35
20297,0x00CE,65,71
20297,0x00CF,194,204
20297,0x00D0,67,81
20297,0x0176,21,20
20297,0x02FD,39,41
20297,0x0501,151,195
20297,0x0502,86,93
20297,0x0503,20,8
20297,0x0508,75,70
20297,0x0509,85,94
20297,0x050A,20,4
20297,0x050B,20,8
20297,0x050F,150,6
20297,0x0510,86,84
20297,0x0512,40,12
20297,0x0516,74,140
20297,0x0517,85,94
20297,0x0519,44,32
20297,0x051D,148,76
20297,0x051E,86,85
20297,0x0520,64,52
20297,0x0524,144,152
20297,0x0600,0,94
20297,0x0601,0,8
20297,0x0602,0,19
20297,0x0603,0,8
20297,0x0604,0,35
20297,0x0605,0,8
20297,0x0606,0,51
20297,0x0607,0,8
20297,0x0608,0,116
20297,0x0609,0,16
20297,0x060A,0,117
20297,0x060B,0,16
20297,0x0616,0,178
20297,0x0617,0,26
20297,0x0618,0,143
20297,0x0619,0,26
20297,0x061A,0,105
20297,0x061B,0,24
20297,0x0620,0,188
20297,0x0621,0,12
20297,0x0622,0,204
20297,0x0623,0,12
20297,0x0624,0,95
20297,0x0625,0,16
20297,0x0626,171,11
20297,0x0627,12,16
20297,0x0628,0,11
20297,0x0629,0,16
20297,0x062A,0,11
20297,0x062B,0,16
20297,0x062C,0,11
20297,0x062D,0,16
20297,0x062E,0,95
20297,0x062F,0,208
20297,0x0630,0,116
20297,0x0631,0,16
20297,0x0632,0,117
20297,0x0633,0,16
20297,0x063E,170,0
20297,0x063F,12,0
20297,0x0646,0,172
20297,0x0647,0,12
20297,0x0B22,23,24
20297,0x0B24,47,48
20297,0x0B26,95,96
20297,0x0B28,190,192
20297,0x0B82,23,24
20297,0x0B84,47,48
20297,0x0B86,95,96
20297,0x0B88,190,192
20297,0x0F99,95,96
20297,0x0F9D,95,96
20297,0x0FD1,95,96
20297,0x0FF0,95,96
20299,0x0069,49,51
20299,0x006B,235,237
20299,0x007B,96,97
20299,0x00AD,194,196
20299,0x00CD,35,38
20299,0x00CE,71,77
20299,0x00CF,204,214
20299,0x00D0,81,95
20299,0x02FD,41,39
20299,0x0B26,96,97
20299,0x0B28,192,194
20299,0x0B86,96,97
20299,0x0B88,192,194
20299,0x0F99,96,97
20299,0x0F9D,96,97
20299,0x0FD1,96,97
20299,0x0FF0,96,97
20301,0x0069,51,53
20301,0x006B,237,239
20301,0x007B,97,98
20301,0x00AD,196,198
20301,0x00CD,38,41
20301,0x00CE,77,83
20301,0x00CF,214,224
20301,0x00D0,95,109
20301,0x0176,20,21
20301,0x02FD,39,41
20301,0x0B24,48,49
20301,0x0B26,97,98
20301,0x0B28,194,196
20301,0x0B84,48,49
20301,0x0B86,97,98
20301,0x0B88,194,196
20301,0x0F99,97,98
20301,0x0F9D,97,98
20301,0x0FD1,97,98
20301,0x0FF0,97,98
20303,0x0069,53,55
20303,0x006B,239,241
20303,0x007B,98,99
20303,0x00AD,198,200
20303,0x00CD,41,44
20303,0x00CE,83,89
20303,0x00CF,224,234
20303,0x00D0,109,123
20303,0x0B26,98,99
20303,0x0B28,196,198
20303,0x0B86,98,99
20303,0x0B88,196,198
20303,0x0F99,98,99
20303,0x0F9D,98,99
20303,0x0FD1,98,99
20303,0x0FF0,98,99
20305,0x0004,48,50
20305,0x0069,55,57
20305,0x006B,241,243
20305,0x007B,99,100
20305,0x00AD,200,202
20305,0x00CD,44,47
20305,0x00CE,89,95
20305,0x00CF,234,244
20305,0x00D0,123,137
20305,0x0176,21,20
20305,0x0501,195,153
20305,0x0502,93,86
20305,0x0503,8,20
20305,0x0600,94,0
20305,0x0601,8,0
20305,0x0602,19,0
20305,0x0603,8,0
20305,0x0604,35,0
20305,0x0605,8,0
20305,0x0606,51,0
20305,0x0607,8,0
20305,0x0608,116,0
20305,0x0609,16,0
20305,0x060A,117,0
20305,0x060B,16,0
20305,0x0B22,24,25
20305,0x0B24,49,50
20305,0x0B26,99,100
20305,0x0B28,198,200
20305,0x0B82,24,25
20305,0x0B84,49,50
20305,0x0B86,99,100
20305,0x0B88,198,200
20305,0x0F99,99,100
20305,0x0F9D,99,100
20305,0x0FD1,99,100
20305,0x0FF0,99,100
20307,0x0069,57,59
20307,0x006B,243,245
20307,0x007B,100,101
20307,0x00AD,202,204
20307,0x00CD,47,50
20307,0x00CE,95,101
20307,0x00CF,244,254
20307,0x00D0,137,151
20307,0x02FD,41,39
20307,0x0B26,100,101
20307,0x0B28,200,202
20307,0x0B86,100,101
20307,0x0B88,200,202
20307,0x0F99,100,101
20307,0x0F9D,100,101
20307,0x0FD1,100,101
20307,0x0FF0,100,101
20309,0x0069,59,61
20309,0x006B,245,247
20309,0x007B,101,102
20309,0x00AD,204,206
20309,0x00CD,50,53
20309,0x00CE,101,107
20309,0x00CF,254,8
20309,0x00D0,151,166
20309,0x0176,20,21
20309,0x02FD,39,41
20309,0x0B24,50,51
20309,0x0B26,101,102
20309,0x0B28,202,204
20309,0x0B84,50,51
20309,0x0B86,101,102
20309,0x0B88,202,204
20309,0x0F99,101,102
20309,0x0F9D,101,102
20309,0x0FD1,101,102
20309,0x0FF0,101,102
20311,0x0069,61,63
20311,0x006B,247,249
20311,0x007B,102,103
20311,0x00AD,206,208
20311,0x00CD,53,56
20311,0x00CE,107,113
20311,0x00CF,8,18
20311,0x00D0,166,180
20311,0x0B26,102,103
20311,0x0B28,204,206
20311,0x0B86,102,103
20311,0x0B88,204,206
20311,0x0F99,102,103
20311,0x0F9D,102,103
20311,0x0FD1,102,103
20311,0x0FF0,102,103
20313,0x0004,50,52
20313,0x0069,63,65
20313,0x006B,249,251
20313,0x007B,103,104
20313,0x00AD,208,210
20313,0x00CD,56,59
20313,0x00CE,113,119
20313,0x00CF,18,28
20313,0x00D0,180,194
20313,0x0176,21,20
20313,0x02FD,41,39
20313,0x0501,153,141
20313,0x0502,86,94
20313,0x0508,70,77
20313,0x0509,94,85
20313,0x050A,4,20
20313,0x050B,8,20
20313,0x050F,6,154
20313,0x0510,84,86
20313,0x0512,12,40
20313,0x0600,0,189
20313,0x0601,0,12
20313,0x0602,0,205
20313,0x0603,0,12
20313,0x0604,0,217
20313,0x0605,0,16
20313,0x0606,0,11
20313,0x0607,0,16
20313,0x0608,0,11
20313,0x0609,0,16
20313,0x060A,0,11
20313,0x060B,0,16
20313,0x060C,0,11
20313,0x060D,0,16
20313,0x060E,0,217
20313,0x060F,0,144
20313,0x0610,0,116
20313,0x0611,0,16
20313,0x0612,0,118
20313,0x0613,0,16
20313,0x0616,178,0
20313,0x0617,26,0
20313,0x0618,143,0
20313,0x0619,26,0
20313,0x061A,105,0
20313,0x061B,24,0
20313,0x0620,188,0
20313,0x0621,12,0
20313,0x0622,204,0
20313,0x0623,12,0
20313,0x0624,95,0
20313,0x0625,16,0
20313,0x0626,11,172
20313,0x0627,16,12
20313,0x0628,11,0
20313,0x0629,16,0
20313,0x062A,11,0
20313,0x062B,16,0
20313,0x062C,11,0
20313,0x062D,16,0
20313,0x062E,95,0
20313,0x062F,208,0
20313,0x0630,116,0
20313,0x0631,16,0
20313,0x0632,117,0
20313,0x0633,16,0
20313,0x0B22,25,26
20313,0x0B24,51,52
20313,0x0B26,103,104
20313,0x0B28,206,208
20313,0x0B82,25,26
20313,0x0B84,51,52
20313,0x0B86,103,104
20313,0x0B88,206,208
20313,0x0F99,103,104
20313,0x0F9D,103,104
20313,0x0FD1,103,104
20313,0x0FF0,103,104
20315,0x0069,65,67
20315,0x006B,251,253
20315,0x007B,104,105
20315,0x00AD,210,212
20315,0x00CD,59,62
20315,0x00CE,119,125
20315,0x00CF,28,38
20315,0x00D0,194,208
20315,0x02FD,39,41
20315,0x0B26,104,105
20315,0x0B28,208,210
20315,0x0B86,104,105
20315,0x0B88,208,210
20315,0x0F99,104,105
20315,0x0F9D,104,105
20315,0x0FD1,104,105
20315,0x0FF0,104,105
20317,0x0069,67,69
20317,0x006B,253,255
20317,0x007B,105,106
20317,0x00AD,212,214
20317,0x00CD,62,65
20317,0x00CE,125,131
20317,0x00CF,38,48
20317,0x00D0,208,222
20317,0x0176,20,21
20317,0x02FD,41,39
20317,0x0B24,52,53
20317,0x0B26,105,106
20317,0x0B28,210,212
20317,0x0B84,52,53
20317,0x0B86,105,106
20317,0x0B88,210,212
20317,0x0F99,105,106
20317,0x0F9D,105,106
20317,0x0FD1,105,106
20317,0x0FF0,105,106
20319,0x0069,69,71
20319,0x006B,255,1
20319,0x007B,106,107
20319,0x00AD,214,216
20319,0x00CD,65,68
20319,0x00CE,131,137
20319,0x00CF,48,58
20319,0x00D0,222,236
20319,0x0B26,106,107
20319,0x0B28,212,214
20319,0x0B86,106,107
20319,0x0B88,212,214
20319,0x0F99,106,107
20319,0x0F9D,106,107
20319,0x0FD1,106,107
20319,0x0FF0,106,107
20321,0x0004,52,54
20321,0x0069,71,73
20321,0x006B,1,3
20321,0x007B,107,108
20321,0x00AD,216,218
20321,0x00CD,68,71
20321,0x00CE,137,143
20321,0x00CF,58,68
20321,0x00D0,236,250
20321,0x0176,21,20
20321,0x0501,141,155
20321,0x0502,94,86
20321,0x0600,189,0
20321,0x0601,12,0
20321,0x0602,205,0
20321,0x0603,12,0
20321,0x0604,217,0
20321,0x0605,16,0
20321,0x0606,11,0
20321,0x0607,16,0
20321,0x0608,11,0
20321,0x0609,16,0
20321,0x060A,11,0
20321,0x060B,16,0
20321,0x060C,11,0
20321,0x060D,16,0
20321,0x060E,217,0
20321,0x060F,144,0
20321,0x0610,116,0
20321,0x0611,16,0
20321,0x0612,118,0
20321,0x0613,16,0
20321,0x0B22,26,27
20321,0x0B24,53,54
20321,0x0B26,107,108
20321,0x0B28,214,216
20321,0x0B82,26,27
20321,0x0B84,53,54
20321,0x0B86,107,108
20321,0x0B88,214,216
20321,0x0F99,107,108
20321,0x0F9D,107,108
20321,0x0FD1,107,108
20321,0x0FF0,107,108
20323,0x0069,73,75
20323,0x006B,3,5
20323,0x007B,108,109
20323,0x00AD,218,220
20323,0x00CD,71,74
20323,0x00CE,143,149
20323,0x00CF,68,78
20323,0x00D0,250,8
20323,0x02FD,39,41
20323,0x0B26,108,109
20323,0x0B28,216,218
20323,0x0B86,108,109
20323,0x0B88,216,218
20323,0x0F99,108,109
20323,0x0F9D,108,109
20323,0x0FD1,108,109
20323,0x0FF0,108,109
20325,0x0069,75,77
20325,0x006B,5,7
20325,0x007B,109,110
20325,0x00AD,220,222
20325,0x00CD,74,77
20325,0x00CE,149,155
20325,0x00CF,78,88
20325,0x00D0,8,22
20325,0x0176,20,21
20325,0x02FD,41,39
20325,0x0B24,54,55
20325,0x0B26,109,110
20325,0x0B28,218,220
20325,0x0B84,54,55
20325,0x0B86,109,110
20325,0x0B88,218,220
20325,0x0F99,109,110
20325,0x0F9D,109,110
20325,0x0FD1,109,110
20325,0x0FF0,109,110
20327,0x0069,77,79
20327,0x006B,7,9
20327,0x007B,110,111
20327,0x00AD,222,224
20327,0x00CD,77,80
20327,0x00CE,155,161
20327,0x00CF,88,98
20327,0x00D0,22,36
20327,0x0B26,110,111
20327,0x0B28,220,222
20327,0x0B86,110,111
20327,0x0B88,220,222
20327,0x0F99,110,111
20327,0x0F9D,110,111
20327,0x0FD1,110,111
20327,0x0FF0,110,111
20329,0x0004,54,56
20329,0x0069,79,81
20329,0x006B,9,11
20329,0x007B,111,112
20329,0x00AD,224,226
20329,0x00CD,80,83
20329,0x00CE,161,167
20329,0x00CF,98,108
20329,0x00D0,36,50
20329,0x0176,21,20
20329,0x0501,155,71
20329,0x0502,86,94
20329,0x0503,20,4
20329,0x0508,77,7
20329,0x0509,85,84
20329,0x050B,20,4
20329,0x050F,154,142
20329,0x0510,86,94
20329,0x0512,40,24
20329,0x0516,140,78
20329,0x0517,94,85
20329,0x0519,32,44
20329,0x051D,76,156
20329,0x051E,85,86
20329,0x0520,52,64
20329,0x0600,0,116
20329,0x0601,0,16
20329,0x0602,0,118
20329,0x0603,0,16
20329,0x060E,0,179
20329,0x060F,0,26
20329,0x0610,0,156
20329,0x0611,0,26
20329,0x0612,0,106
20329,0x0613,0,24
20329,0x0618,0,188
20329,0x0619,0,12
20329,0x061A,0,204
20329,0x061B,0,12
20329,0x061C,0,95
20329,0x061D,0,16
20329,0x061E,0,153
20329,0x061F,0,17
20329,0x0620,0,11
20329,0x0621,0,16
20329,0x0622,0,11
20329,0x0623,0,16
20329,0x0624,0,28
20329,0x0625,0,17
20329,0x0626,172,44
20329,0x0627,12,17
20329,0x0628,0,116
20329,0x0629,0,16
20329,0x062A,0,117
20329,0x062B,0,16
20329,0x063A,0,184
20329,0x063B,0,12
20329,0x063C,0,200
20329,0x063D,0,12
20329,0x063E,0,172
20329,0x063F,0,12
20329,0x0646,172,0
20329,0x0647,12,0
20329,0x0B22,27,28
20329,0x0B24,55,56
20329,0x0B26,111,112
20329,0x0B28,222,224
20329,0x0B82,27,28
20329,0x0B84,55,56
20329,0x0B86,111,112
20329,0x0B88,222,224
20329,0x0F99,111,112
20329,0x0F9D,111,112
20329,0x0FD1,111,112
20329,0x0FF0,111,112
20331,0x0069,81,83
20331,0x006B,11,13
20331,0x007B,112,113
20331,0x00AD,226,228
20331,0x00CD,83,86
20331,0x00CE,167,173
20331,0x00CF,108,118
20331,0x00D0,50,64
20331,0x02FD,39,41
20331,0x0B26,112,113
20331,0x0B28,224,226
20331,0x0B86,112,113
20331,0x0B88,224,226
20331,0x0F99,112,113
20331,0x0F9D,112,113
20331,0x0FD1,112,113
20331,0x0FF0,112,113
20333,0x0069,83,85
20333,0x006B,13,15
20333,0x007B,113,114
20333,0x00AD,228,230
20333,0x00CD,86,89
20333,0x00CE,173,179
20333,0x00CF,118,128
20333,0x00D0,64,78
20333,0x0176,20,21
20333,0x02FD,41,39
20333,0x0B24,56,57
20333,0x0B26,113,114
20333,0x0B28,226,228
20333,0x0B84,56,57
20333,0x0B86,113,114
20333,0x0B88,226,228
20333,0x0F99,113,114
20333,0x0F9D,113,114
20333,0x0FD1,113,114
20333,0x0FF0,113,114
20335,0x0069,85,87
20335,0x006B,15,17
20335,0x007B,114,115
20335,0x00AD,230,232
20335,0x00CD,89,92
20335,0x00CE,179,185
20335,0x00CF,128,138
20335,0x00D0,78,92
20335,0x0B26,114,115
20335,0x0B28,228,230
20335,0x0B86,114,115
20335,0x0B88,228,230
20335,0x0F99,114,115
20335,0x0F9D,114,115
20335,0x0FD1,114,115
20335,0x0FF0,114,115
20337,0x0000,150,115
20337,0x0001,223,175
20337,0x0002,4,2
20337,0x0004,56,58
20337,0x0069,87,89
20337,0x006B,17,19
20337,0x007B,115,116
20337,0x00AD,232,234
20337,0x00BA,1,0
20337,0x00BF,104,112
20337,0x00C2,5,6
20337,0x00CD,92,95
20337,0x00CE,185,191
20337,0x00CF,138,148
20337,0x00D0,92,106
20337,0x0176,21,20
20337,0x02FD,39,41
20337,0x0501,71,157
20337,0x0502,94,86
20337,0x0503,4,20
20337,0x0600,116,0
20337,0x0601,16,0
20337,0x0602,118,0
20337,0x0603,16,0
20337,0x060E,179,0
20337,0x060F,26,0
20337,0x0610,156,0
20337,0x0611,26,0
20337,0x0612,106,0
20337,0x0613,24,0
20337,0x0B22,28,29
20337,0x0B24,57,58
20337,0x0B26,115,116
20337,0x0B28,230,232
20337,0x0B82,28,29
20337,0x0B84,57,58
20337,0x0B86,115,116
20337,0x0B88,230,232
20337,0x0F99,115,116
20337,0x0F9D,115,116
20337,0x0FD1,115,116
20337,0x0FF0,115,116
20337,0x16C0,0,128
20337,0x16C1,0,165
20337,0x16C2,0,175
20337,0x16C3,0,2
20337,0x16EF,0,5
20337,0x16F1,0,4
20337,0x16F8,0,1
20339,0x0000,115,74
20339,0x0001,175,176
20339,0x0020,80,14
20339,0x0022,104,56
20339,0x0026,32,105
20339,0x0028,32,40
20339,0x002A,8,192
20339,0x0069,89,91
20339,0x006B,19,21
20339,0x007B,116,117
20339,0x00AD,234,236
20339,0x00B7,2,4
20339,0x00B8,0,16
20339,0x00B9,0,1
20339,0x00BA,0,64
20339,0x00CA,0,1
20339,0x00CD,95,98
20339,0x00CE,191,197
20339,0x00CF,148,158
20339,0x00D0,106,120
20339,0x0172,94,36
20339,0x0173,0,52
20339,0x0174,192,178
20339,0x0175,15,52
20339,0x0176,20,107
20339,0x0177,0,176
20339,0x0178,224,52
20339,0x01BA,16,23
20339,0x02FD,41,39
20339,0x0874,86,222
20339,0x0875,1,42
20339,0x0876,222,86
20339,0x0877,42,1
20339,0x0894,14,22
20339,0x0895,58,91
20339,0x0896,22,14
20339,0x0897,91,58
20339,0x0908,30,254
20339,0x0909,224,56
20339,0x090A,0,2
20339,0x090B,123,105
20339,0x090C,15,14
20339,0x090D,224,56
20339,0x090F,59,105
20339,0x0B00,10,234
20339,0x0B26,116,117
20339,0x0B28,232,234
20339,0x0B86,116,117
20339,0x0B88,232,234
20339,0x0F99,116,117
20339,0x0F9D,116,117
20339,0x0FD1,116,117
20339,0x0FF0,116,117
20339,0x16F1,4,3
20339,0x16F8,1,21
20339,0x1700,0,200
20339,0x1701,0,74
20339,0x1702,0,176
20339,0x1703,0,2
20339,0x1704,0,54
20339,0x1705,0,177
20339,0x1706,0,2
20339,0x1708,0,3
20339,0x170A,0,2
20339,0x170B,0,3
20339,0x170C,0,9
20339,0x1710,0,52
20339,0x1711,0,14
20339,0x1712,0,1
20339,0x1714,0,64
20339,0x1716,0,52
20339,0x1717,0,254
20339,0x1718,0,255
20339,0x171E,0,9
20339,0x171F,0,12
20339,0x1720,0,154
20339,0x1721,0,2
20339,0x1722,0,220
20339,0x1723,0,8
20339,0x1724,0,222
20339,0x1725,0,8
20339,0x1726,0,254
20339,0x1727,0,8
20339,0x1729,0,1
20339,0x172A,0,238
20339,0x172B,0,4
20339,0x172C,0,124
20339,0x172D,0,12
20339,0x172F,0,5
20339,0x1735,0,191
20339,0x1736,0,110
20339,0x1738,0,18
20339,0x1739,0,6
20339,0x173A,0,95
20339,0x173B,0,193
20341,0x0020,14,10
20341,0x0069,91,93
20341,0x006B,21,23
20341,0x007B,117,118
20341,0x00AD,236,238
20341,0x00CD,98,101
20341,0x00CE,197,203
20341,0x00CF,158,168
20341,0x00D0,120,134
20341,0x0174,178,192
20341,0x017D,52,116
20341,0x02FD,39,41
20341,0x0874,222,86
20341,0x0875,42,1
20341,0x0876,86,222
20341,0x0877,1,42
20341,0x0894,22,14
20341,0x0895,91,58
20341,0x0896,14,22
20341,0x0897,58,91
20341,0x0908,254,250
20341,0x090C,14,10
20341,0x0B24,58,59
20341,0x0B26,117,118
20341,0x0B28,234,236
20341,0x0B84,58,59
20341,0x0B86,117,118
20341,0x0B88,234,236
20341,0x0F99,117,118
20341,0x0F9D,117,118
20341,0x0FD1,117,118
20341,0x0FF0,117,118
20341,0x16F8,21,19
20341,0x1710,52,156
20341,0x1711,14,10
20341,0x1726,254,252
20341,0x1735,191,189
20341,0x1738,18,16
20343,0x0020,10,7
20343,0x0069,93,95
20343,0x006B,23,25
20343,0x007B,118,119
20343,0x00AD,238,240
20343,0x00CD,101,104
20343,0x00CE,203,209
20343,0x00CF,168,178
20343,0x00D0,134,148
20343,0x017D,116,52
20343,0x0874,86,222
20343,0x0875,1,42
20343,0x0876,222,86
20343,0x0877,42,1
20343,0x0894,14,22
20343,0x0895,58,91
20343,0x0896,22,14
20343,0x0897,91,58
20343,0x0908,250,247
20343,0x090C,10,7
20343,0x0B26,118,119
20343,0x0B28,236,238
20343,0x0B86,118,119
20343,0x0B88,236,238
20343,0x0F99,118,119
20343,0x0F9D,118,119
20343,0x0FD1,118,119
20343,0x0FF0,118,119
20343,0x16F8,19,17
20343,0x1710,156,4
20343,0x1711,10,7
20343,0x1726,252,250
20343,0x1735,189,187
20343,0x1738,16,14
20345,0x0004,58,60
20345,0x0020,7,3
20345,0x0069,95,97
20345,0x006B,25,27
20345,0x007B,119,120
20345,0x00AD,240,242
20345,0x00CD,104,107
20345,0x00CE,209,215
20345,0x00CF,178,188
20345,0x00D0,148,162
20345,0x02FD,41,39
20345,0x0501,157,143
20345,0x0502,86,94
20345,0x0508,7,79
20345,0x0509,84,85
20345,0x050B,4,20
20345,0x050F,142,158
20345,0x0510,94,86
20345,0x0512,24,40
20345,0x0600,0,189
20345,0x0601,0,12
20345,0x0602,0,205
20345,0x0603,0,12
20345,0x0604,0,217
20345,0x0605,0,16
20345,0x0606,0,154
20345,0x0607,0,17
20345,0x0608,0,11
20345,0x0609,0,16
20345,0x060A,0,11
20345,0x060B,0,16
20345,0x060C,0,29
20345,0x060D,0,17
20345,0x060E,0,45
20345,0x060F,0,17
20345,0x0610,0,116
20345,0x0611,0,16
20345,0x0612,0,118
20345,0x0613,0,16
20345,0x0618,188,0
20345,0x0619,12,0
20345,0x061A,204,0
20345,0x061B,12,0
20345,0x061C,95,0
20345,0x061D,16,0
20345,0x061E,153,0
20345,0x061F,17,0
20345,0x0620,11,167
20345,0x0621,16,12
20345,0x0622,11,169
20345,0x0623,16,12
20345,0x0624,28,168
20345,0x0625,17,12
20345,0x0626,44,172
20345,0x0627,17,12
20345,0x0628,116,0
20345,0x0629,16,0
20345,0x062A,117,0
20345,0x062B,16,0
20345,0x063A,184,0
20345,0x063B,12,0
20345,0x0874,222,86
20345,0x0875,42,1
20345,0x0876,86,222
20345,0x0877,1,42
20345,0x0894,22,14
20345,0x0895,91,58
20345,0x0896,14,22
20345,0x0897,58,91
20345,0x0908,247,243
20345,0x090C,7,3
20345,0x0B22,29,30
20345,0x0B24,59,60
20345,0x0B26,119,120
20345,0x0B28,238,240
20345,0x0B82,29,30
20345,0x0B84,59,60
20345,0x0B86,119,120
20345,0x0B88,238,240
20345,0x0F99,119,120
20345,0x0F9D,119,120
20345,0x0FD1,119,120
20345,0x0FF0,119,120
20345,0x16F8,17,15
20345,0x1710,4,108
20345,0x1711,7,3
20345,0x1726,250,248
20345,0x1735,187,185
20345,0x1738,14,12
20347,0x0020,3,255
20347,0x002A,192,128
20347,0x0069,97,99
20347,0x006B,27,29
20347,0x007B,120,121
20347,0x00AD,242,244
20347,0x00CD,107,110
20347,0x00CE,215,221
20347,0x00CF,188,198
20347,0x00D0,162,176
20347,0x0874,86,222
20347,0x0875,1,42
20347,0x0876,222,86
20347,0x0877,42,1
20347,0x0894,14,22
20347,0x0895,58,91
20347,0x0896,22,14
20347,0x0897,91,58
20347,0x0908,243,239
20347,0x090C,3,255
20347,0x0B00,234,170
20347,0x0B26,120,121
20347,0x0B28,240,242
20347,0x0B86,120,121
20347,0x0B88,240,242
20347,0x0F99,120,121
20347,0x0F9D,120,121
20347,0x0FD1,120,121
20347,0x0FF0,120,121
20347,0x16F8,15,13
20347,0x1710,108,212
20347,0x1711,3,255
20347,0x1712,1,0
20347,0x1726,248,246
20347,0x1735,185,183
20347,0x1738,12,10
20349,0x0020,255,252
20349,0x0069,99,101
20349,0x006B,29,31
20349,0x007B,121,122
20349,0x00AD,244,246
20349,0x00CD,110,113
20349,0x00CE,221,227
20349,0x00CF,198,208
20349,0x00D0,176,190
20349,0x0874,222,86
20349,0x0875,42,1
20349,0x0876,86,222
20349,0x0877,1,42
20349,0x0894,22,14
20349,0x0895,91,58
20349,0x0896,14,22
20349,0x0897,58,91
20349,0x0908,239,236
20349,0x090C,255,252
20349,0x0B24,60,61
20349,0x0B26,121,122
20349,0x0B28,242,244
20349,0x0B84,60,61
20349,0x0B86,121,122
20349,0x0B88,242,244
20349,0x0F99,121,122
20349,0x0F9D,121,122
20349,0x0FD1,121,122
20349,0x0FF0,121,122
20349,0x16F8,13,11
20349,0x1710,212,60
20349,0x1711,255,252
20349,0x1726,246,244
20349,0x1735,183,181
20349,0x1738,10,8
20351,0x0020,252,248
20351,0x0069,101,103
20351,0x006B,31,33
20351,0x007B,122,123
20351,0x00AD,246,248
20351,0x00CD,113,116
20351,0x00CE,227,233
20351,0x00CF,208,218
20351,0x00D0,190,204
20351,0x0874,86,222
20351,0x0875,1,42
20351,0x0876,222,86
20351,0x0877,42,1
20351,0x0894,14,22
20351,0x0895,58,91
20351,0x0896,22,14
20351,0x0897,91,58
20351,0x0908,236,232
20351,0x090C,252,248
20351,0x0B26,122,123
20351,0x0B28,244,246
20351,0x0B86,122,123
20351,0x0B88,244,246
20351,0x0F99,122,123
20351,0x0F9D,122,123
20351,0x0FD1,122,123
20351,0x0FF0,122,123
20351,0x16F8,11,9
20351,0x1710,60,164
20351,0x1711,252,248
20351,0x1726,244,242
20351,0x1735,181,179
20351,0x1738,8,6
20353,0x0004,60,62
20353,0x0020,248,245
20353,0x0069,103,105
20353,0x006B,33,35
20353,0x007B,123,124
20353,0x00AD,248,250
20353,0x00CD,116,119
20353,0x00CE,233,239
20353,0x00CF,218,228
20353,0x00D0,204,218
20353,0x02FD,39,41
20353,0x0501,143,159
20353,0x0502,94,86
20353,0x0600,189,0
20353,0x0601,12,0
20353,0x0602,205,0
20353,0x0603,12,0
20353,0x0604,217,0
20353,0x0605,16,0
20353,0x0606,154,0
20353,0x0607,17,0
20353,0x0608,11,0
20353,0x0609,16,0
20353,0x060A,11,0
20353,0x060B,16,0
20353,0x060C,29,0
20353,0x060D,17,0
20353,0x060E,45,0
20353,0x060F,17,0
20353,0x0610,116,0
20353,0x0611,16,0
20353,0x0612,118,0
20353,0x0613,16,0
20353,0x0874,222,86
20353,0x0875,42,1
20353,0x0876,86,222
20353,0x0877,1,42
20353,0x0894,22,14
20353,0x0895,91,58
20353,0x0896,14,22
20353,0x0897,58,91
20353,0x0908,232,229
20353,0x090C,248,245
20353,0x0B22,30,31
20353,0x0B24,61,62
20353,0x0B26,123,124
20353,0x0B28,246,248
20353,0x0B82,30,31
20353,0x0B84,61,62
20353,0x0B86,123,124
20353,0x0B88,246,248
20353,0x0F99,123,124
20353,0x0F9D,123,124
20353,0x0FD1,123,124
20353,0x0FF0,123,124
20353,0x16F8,9,7
20353,0x1710,164,12
20353,0x1711,248,245
20353,0x1726,242,240
20353,0x1735,179,177
20353,0x1738,6,4
20355,0x0020,245,241
20355,0x0069,105,107
20355,0x006B,35,37
20355,0x007B,124,125
20355,0x00AD,250,252
20355,0x00CD,119,122
20355,0x00CE,239,245
20355,0x00CF,228,238
20355,0x00D0,218,232
20355,0x02FD,41,39
20355,0x0874,86,222
20355,0x0875,1,42
20355,0x0876,222,86
20355,0x0877,42,1
20355,0x0894,14,22
20355,0x0895,58,91
20355,0x0896,22,14
20355,0x0897,91,58
20355,0x0908,229,225
20355,0x090C,245,241
20355,0x0B26,124,125
20355,0x0B28,248,250
20355,0x0B86,124,125
20355,0x0B88,248,250
20355,0x0F99,124,125
20355,0x0F9D,124,125
20355,0x0FD1,124,125
20355,0x0FF0,124,125
20355,0x16F8,7,5
20355,0x1710,12,116
20355,0x1711,245,241
20355,0x1726,240,238
20355,0x1735,177,175
20355,0x1738,4,2
20357,0x0020,241,237
20357,0x0069,107,109
20357,0x006B,37,39
20357,0x007B,125,126
20357,0x00AD,252,254
20357,0x00CD,122,125
20357,0x00CE,245,251
20357,0x00CF,238,248
20357,0x00D0,232,246
20357,0x0172,36,52
20357,0x0173,52,173
20357,0x0174,192,178
20357,0x02FD,39,41
20357,0x0874,222,86
20357,0x0875,42,1
20357,0x0876,86,222
20357,0x0877,1,42
20357,0x0894,22,14
20357,0x0895,91,58
20357,0x0896,14,22
20357,0x0897,58,91
20357,0x0908,225,221
20357,0x090C,241,237
20357,0x0B24,62,63
20357,0x0B26,125,126
20357,0x0B28,250,252
20357,0x0B84,62,63
20357,0x0B86,125,126
20357,0x0B88,250,252
20357,0x0F99,125,126
20357,0x0F9D,125,126
20357,0x0FD1,125,126
20357,0x0FF0,125,126
20357,0x16F8,5,3
20357,0x1710,116,220
20357,0x1711,241,237
20357,0x1713,0,47
20357,0x1719,0,47
20357,0x171D,0,47
20357,0x1726,238,236
20357,0x1735,175,173
20357,0x1738,2,18
20357,0x1739,6,2
20357,0x173A,95,99
20359,0x0020,237,234
20359,0x0022,56,57
20359,0x0069,109,111
20359,0x006B,39,41
20359,0x007B,126,127
20359,0x00AD,254,0
20359,0x00CD,125,138
20359,0x00CE,251,10
20359,0x00CF,248,9
20359,0x00D0,246,5
20359,0x0874,86,222
20359,0x0875,1,42
20359,0x0876,222,86
20359,0x0877,42,1
20359,0x0894,14,22
20359,0x0895,58,91
20359,0x0896,22,14
20359,0x0897,91,58
20359,0x0908,221,218
20359,0x0909,56,57
20359,0x090C,237,234
20359,0x090D,56,57
20359,0x0B26,126,127
20359,0x0B28,252,254
20359,0x0B86,126,127
20359,0x0B88,252,254
20359,0x0F99,126,127
20359,0x0F9D,126,127
20359,0x0FD1,126,127
20359,0x0FF0,126,127
20359,0x16F8,3,1
20359,0x1710,220,68
20359,0x1711,237,234
20359,0x1713,47,26
20359,0x1714,64,65
20359,0x1719,47,141
20359,0x1726,236,234
20359,0x1735,173,171
20359,0x1738,18,16
20361,0x0004,62,0
20361,0x0020,234,14
20361,0x0022,57,56
20361,0x002A,128,12
20361,0x0069,111,113
20361,0x006B,41,43
20361,0x007B,127,128
20361,0x00AD,0,2
20361,0x00B7,4,6
20361,0x00CA,1,2
20361,0x00CD,138,141
20361,0x00CE,10,16
20361,0x00CF,9,19
20361,0x00D0,5,19
20361,0x0172,52,36
20361,0x0173,173,52
20361,0x01B9,0,64
20361,0x0501,159,196
20361,0x0502,86,93
20361,0x0503,20,8
20361,0x0508,79,72
20361,0x0509,85,94
20361,0x050A,20,4
20361,0x050B,20,8
20361,0x050F,158,8
20361,0x0510,86,84
20361,0x0512,40,12
20361,0x0516,78,144
20361,0x0517,85,94
20361,0x0519,44,32
20361,0x051D,156,80
20361,0x051E,86,85
20361,0x0520,64,52
20361,0x0524,152,128
20361,0x0525,86,82
20361,0x0600,0,94
20361,0x0601,0,8
20361,0x0602,0,20
20361,0x0603,0,8
20361,0x0604,0,36
20361,0x0605,0,8
20361,0x0606,0,52
20361,0x0607,0,8
20361,0x0608,0,116
20361,0x0609,0,16
20361,0x060A,0,117
20361,0x060B,0,16
20361,0x0616,0,180
20361,0x0617,0,26
20361,0x0618,0,157
20361,0x0619,0,26
20361,0x061A,0,107
20361,0x061B,0,24
20361,0x0620,167,190
20361,0x0622,169,206
20361,0x0624,168,95
20361,0x0625,12,80
20361,0x0626,172,11
20361,0x0627,12,16
20361,0x0628,0,11
20361,0x0629,0,16
20361,0x062A,0,11
20361,0x062B,0,16
20361,0x062C,0,30
20361,0x062D,0,17
20361,0x062E,0,46
20361,0x062F,0,17
20361,0x0630,0,116
20361,0x0631,0,16
20361,0x0632,0,117
20361,0x0633,0,16
20361,0x063C,200,0
20361,0x063D,12,0
20361,0x063E,172,181
20361,0x0640,0,197
20361,0x0641,0,12
20361,0x0642,0,197
20361,0x0643,0,12
20361,0x0644,0,197
20361,0x0645,0,12
20361,0x0646,0,173
20361,0x0647,0,12
20361,0x0874,222,86
20361,0x0875,42,1
20361,0x0876,86,222
20361,0x0877,1,42
20361,0x0894,22,14
20361,0x0895,91,58
20361,0x0896,14,22
20361,0x0897,58,91
20361,0x0908,218,214
20361,0x0909,57,58
20361,0x090C,234,230
20361,0x090D,57,58
20361,0x0910,79,254
20361,0x0911,224,56
20361,0x0912,105,2
20361,0x0913,61,105
20361,0x0914,71,14
20361,0x0915,224,56
20361,0x0916,104,0
20361,0x0917,61,105
20361,0x0B01,0,14
20361,0x0B22,31,32
20361,0x0B24,63,64
20361,0x0B26,127,128
20361,0x0B28,254,0
20361,0x0B29,0,1
20361,0x0B82,31,32
20361,0x0B84,63,64
20361,0x0B86,127,128
20361,0x0B88,254,0
20361,0x0B89,0,1
20361,0x0F99,127,128
20361,0x0F9D,127,128
20361,0x0FD1,127,128
20361,0x0FF0,127,128
20361,0x16F1,3,2
20361,0x16F8,1,21
20361,0x1710,68,172
20361,0x1711,234,230
20361,0x1713,26,193
20361,0x1714,65,66
20361,0x1719,141,235
20361,0x1726,234,232
20361,0x1735,171,169
20361,0x1738,16,14
20361,0x1740,0,200
20361,0x1741,0,74
20361,0x1742,0,176
20361,0x1743,0,2
20361,0x1744,0,54
20361,0x1745,0,177
20361,0x1746,0,2
20361,0x1748,0,3
20361,0x174A,0,2
20361,0x174B,0,3
20361,0x174C,0,9
20361,0x1750,0,52
20361,0x1751,0,14
20361,0x1752,0,1
20361,0x1754,0,64
20361,0x1756,0,52
20361,0x1757,0,254
20361,0x1758,0,255
20361,0x175E,0,9
20361,0x175F,0,12
20361,0x1760,0,154
20361,0x1761,0,2
20361,0x1762,0,220
20361,0x1763,0,8
20361,0x1764,0,222
20361,0x1765,0,8
20361,0x1766,0,254
20361,0x1767,0,8
20361,0x1769,0,1
20361,0x176A,0,238
20361,0x176B,0,4
20361,0x176C,0,124
20361,0x176D,0,12
20361,0x176F,0,5
20361,0x1775,0,191
20361,0x1776,0,110
20361,0x1778,0,18
20361,0x1779,0,6
20361,0x177A,0,95
20361,0x177B,0,193
20363,0x0020,14,10
20363,0x0069,113,115
20363,0x006B,43,45
20363,0x007B,128,129
20363,0x00AD,2,4
20363,0x00CD,141,144
20363,0x00CE,16,22
20363,0x00CF,19,29
20363,0x00D0,19,33
20363,0x0172,36,52
20363,0x0173,52,173
20363,0x02FD,41,39
20363,0x0874,86,222
20363,0x0875,1,42
20363,0x0876,222,86
20363,0x0877,42,1
20363,0x0894,14,22
20363,0x0895,58,91
20363,0x0896,22,14
20363,0x0897,91,58
20363,0x0908,214,211
20363,0x0909,58,61
20363,0x090C,230,227
20363,0x090D,58,61
20363,0x0910,254,250
20363,0x0914,14,10
20363,0x0B26,128,129
20363,0x0B28,0,2
20363,0x0B86,128,129
20363,0x0B88,0,2
20363,0x0F99,128,129
20363,0x0F9D,128,129
20363,0x0FD1,128,129
20363,0x0FF0,128,129
20363,0x16F8,21,19
20363,0x1710,172,20
20363,0x1711,230,227
20363,0x1713,193,36
20363,0x1714,66,69
20363,0x1719,235,73
20363,0x171A,0,1
20363,0x1726,232,230
20363,0x1735,169,167
20363,0x1738,14,12
20363,0x1750,52,156
20363,0x1751,14,10
20363,0x1766,254,252
20363,0x1775,191,189
20363,0x1778,18,16
20365,0x0020,10,7
20365,0x0069,115,117
20365,0x006B,45,47
20365,0x007B,129,130
20365,0x00AD,4,6
20365,0x00CD,144,147
20365,0x00CE,22,28
20365,0x00CF,29,39
20365,0x00D0,33,47
20365,0x02FD,39,41
20365,0x0874,222,86
20365,0x0875,42,1
20365,0x0876,86,222
20365,0x0877,1,42
20365,0x0894,22,14
20365,0x0895,91,58
20365,0x0896,14,22
20365,0x0897,58,91
20365,0x0908,211,207
20365,0x0909,61,64
20365,0x090C,227,223
20365,0x090D,61,64
20365,0x0910,250,247
20365,0x0914,10,7
20365,0x0B24,64,65
20365,0x0B26,129,130
20365,0x0B28,2,4
20365,0x0B84,64,65
20365,0x0B86,129,130
20365,0x0B88,2,4
20365,0x0F99,129,130
20365,0x0F9D,129,130
20365,0x0FD1,129,130
20365,0x0FF0,129,130
20365,0x16F8,19,17
20365,0x1710,20,124
20365,0x1711,227,223
20365,0x1713,36,67
20365,0x1714,69,72
20365,0x1719,73,167
20365,0x1726,230,228
20365,0x1735,167,165
20365,0x1738,12,10
20365,0x1750,156,4
20365,0x1751,10,7
20365,0x1766,252,250
20365,0x1775,189,187
20365,0x1778,16,14
20367,0x0020,7,3
20367,0x0069,117,119
20367,0x006B,47,49
20367,0x007B,130,131
20367,0x00AD,6,8
20367,0x00CD,147,150
20367,0x00CE,28,34
20367,0x00CF,39,49
20367,0x00D0,47,61
20367,0x0874,86,222
20367,0x0875,1,42
20367,0x0876,222,86
20367,0x0877,42,1
20367,0x0894,14,22
20367,0x0895,58,91
20367,0x0896,22,14
20367,0x0897,91,58
20367,0x0908,207,203
20367,0x0909,64,68
20367,0x090C,223,219
20367,0x090D,64,68
20367,0x0910,247,243
20367,0x0914,7,3
20367,0x0B26,130,131
20367,0x0B28,4,6
20367,0x0B86,130,131
20367,0x0B88,4,6
20367,0x0F99,130,131
20367,0x0F9D,130,131
20367,0x0FD1,130,131
20367,0x0FF0,130,131
20367,0x16F8,17,15
20367,0x1710,124,228
20367,0x1711,223,219
20367,0x1713,67,30
20367,0x1714,72,76
20367,0x1719,167,5
20367,0x171A,1,2
20367,0x1726,228,226
20367,0x1735,165,163
20367,0x1738,10,8
20367,0x1750,4,108
20367,0x1751,7,3
20367,0x1766,250,248
20367,0x1775,187,185
20367,0x1778,14,12
20369,0x0004,0,2
20369,0x0020,3,255
20369,0x002A,12,8
20369,0x0069,119,121
20369,0x006B,49,51
20369,0x007B,131,132
20369,0x00AD,8,10
20369,0x00CD,150,153
20369,0x00CE,34,40
20369,0x00CF,49,59
20369,0x00D0,61,75
20369,0x02FD,41,39
20369,0x0501,196,129
20369,0x0502,93,82
20369,0x0503,8,20
20369,0x0600,94,0
20369,0x0601,8,0
20369,0x0602,20,0
20369,0x0603,8,0
20369,0x0604,36,62
20369,0x0605,8,63
20369,0x0606,52,63
20369,0x0607,8,63
20369,0x0608,116,88
20369,0x0609,16,63
20369,0x060A,117,88
20369,0x060B,16,63
20369,0x060C,0,88
20369,0x060D,0,63
20369,0x060E,0,88
20369,0x060F,0,63
20369,0x0610,0,88
20369,0x0611,0,63
20369,0x0612,0,88
20369,0x0613,0,63
20369,0x0874,222,86
20369,0x0875,42,1
20369,0x0876,86,222
20369,0x0877,1,42
20369,0x0894,22,14
20369,0x0895,91,58
20369,0x0896,14,22
20369,0x0897,58,91
20369,0x0908,203,200
20369,0x0909,68,72
20369,0x090C,219,216
20369,0x090D,68,72
20369,0x0910,243,239
20369,0x0914,3,255
20369,0x0B01,14,10
20369,0x0B22,32,33
20369,0x0B24,65,66
20369,0x0B26,131,132
20369,0x0B28,6,8
20369,0x0B82,32,33
20369,0x0B84,65,66
20369,0x0B86,131,132
20369,0x0B88,6,8
20369,0x0F99,131,132
20369,0x0F9D,131,132
20369,0x0FD1,131,132
20369,0x0FF0,131,132
20369,0x16F8,15,13
20369,0x1710,228,76
20369,0x1711,219,216
20369,0x1713,30,181
20369,0x1714,76,80
20369,0x1719,5,99
20369,0x1726,226,224
20369,0x1735,163,161
20369,0x1738,8,6
20369,0x1750,108,212
20369,0x1751,3,255
20369,0x1752,1,0
20369,0x1766,248,246
20369,0x1775,185,183
20369,0x1778,12,10
20371,0x0020,255,252
20371,0x0069,121,123
20371,0x006B,51,53
20371,0x007B,132,133
20371,0x00AD,10,12
20371,0x00CD,153,156
20371,0x00CE,40,46
20371,0x00CF,59,69
20371,0x00D0,75,89
20371,0x02FD,39,41
20371,0x0874,86,222
20371,0x0875,1,42
20371,0x0876,222,86
20371,0x0877,42,1
20371,0x0894,14,22
20371,0x0895,58,91
20371,0x0896,22,14
20371,0x0897,91,58
20371,0x0908,200,196
20371,0x0909,72,78
20371,0x090C,216,212
20371,0x090D,72,78
20371,0x0910,239,236
20371,0x0914,255,252
20371,0x0B26,132,133
20371,0x0B28,8,10
20371,0x0B86,132,133
20371,0x0B88,8,10
20371,0x0F99,132,133
20371,0x0F9D,132,133
20371,0x0FD1,132,133
20371,0x0FF0,132,133
20371,0x16F8,13,11
20371,0x1710,76,180
20371,0x1711,216,212
20371,0x1713,181,8
20371,0x1714,80,86
20371,0x1719,99,193
20371,0x1726,224,222
20371,0x1735,161,159
20371,0x1738,6,4
20371,0x1750,212,60
20371,0x1751,255,252
20371,0x1766,246,244
20371,0x1775,183,181
20371,0x1778,10,8
20373,0x0020,252,248
20373,0x0069,123,125
20373,0x006B,53,55
20373,0x007B,133,134
20373,0x00AD,12,14
20373,0x00CD,156,159
20373,0x00CE,46,52
20373,0x00CF,69,79
20373,0x00D0,89,103
20373,0x02FD,41,39
20373,0x0874,222,86
20373,0x0875,42,1
20373,0x0876,86,222
20373,0x0877,1,42
20373,0x0894,22,14
20373,0x0895,91,58
20373,0x0896,14,22
20373,0x0897,58,91
20373,0x0908,196,193
20373,0x0909,78,84
20373,0x090C,212,209
20373,0x090D,78,84
20373,0x0910,236,232
20373,0x0914,252,248
20373,0x0B24,66,67
20373,0x0B26,133,134
20373,0x0B28,10,12
20373,0x0B84,66,67
20373,0x0B86,133,134
20373,0x0B88,10,12
20373,0x0F99,133,134
20373,0x0F9D,133,134
20373,0x0FD1,133,134
20373,0x0FF0,133,134
20373,0x16F8,11,9
20373,0x1710,180,28
20373,0x1711,212,209
20373,0x1713,8,23
20373,0x1714,86,92
20373,0x1719,193,31
20373,0x171A,2,3
20373,0x1726,222,220
20373,0x1735,159,157
20373,0x1738,4,2
20373,0x1750,60,164
20373,0x1751,252,248
20373,0x1766,244,242
20373,0x1775,181,179
20373,0x1778,8,6
20375,0x0020,248,245
20375,0x0069,125,127
20375,0x006B,55,57
20375,0x007B,134,135
20375,0x00AD,14,16
20375,0x00CD,159,162
20375,0x00CE,52,58
20375,0x00CF,79,89
20375,0x00D0,103,117
20375,0x0874,86,222
20375,0x0875,1,42
20375,0x0876,222,86
20375,0x0877,42,1
20375,0x0894,14,22
20375,0x0895,58,91
20375,0x0896,22,14
20375,0x0897,91,58
20375,0x0908,193,189
20375,0x0909,84,90
20375,0x090C,209,205
20375,0x090D,84,90
20375,0x0910,232,229
20375,0x0914,248,245
20375,0x0B26,134,135
20375,0x0B28,12,14
20375,0x0B86,134,135
20375,0x0B88,12,14
20375,0x0F99,134,135
20375,0x0F9D,134,135
20375,0x0FD1,134,135
20375,0x0FF0,134,135
20375,0x16F8,9,7
20375,0x1710,28,132
20375,0x1711,209,205
20375,0x1713,23,162
20375,0x1714,92,98
20375,0x1719,31,61
20375,0x171D,47,239
20375,0x1726,220,218
20375,0x1735,157,155
20375,0x1738,2,53
20375,0x173A,99,103
20375,0x1750,164,12
20375,0x1751,248,245
20375,0x1766,242,240
20375,0x1775,179,177
20375,0x1778,6,4
20377,0x0004,2,4
20377,0x0020,245,241
20377,0x0069,127,129
20377,0x006B,57,59
20377,0x007B,135,136
20377,0x00AD,16,18
20377,0x00CD,162,165
20377,0x00CE,58,64
20377,0x00CF,89,99
20377,0x00D0,117,131
20377,0x017D,52,116
20377,0x02FD,39,41
20377,0x0501,129,145
20377,0x0502,82,94
20377,0x0508,72,81
20377,0x0509,94,85
20377,0x050A,4,20
20377,0x050B,8,20
20377,0x050F,8,130
20377,0x0510,84,82
20377,0x0512,12,40
20377,0x0600,0,118
20377,0x0601,0,16
20377,0x0602,0,120
20377,0x0603,0,16
20377,0x0604,62,217
20377,0x0605,63,80
20377,0x0606,63,154
20377,0x0607,63,17
20377,0x0608,88,11
20377,0x0609,63,16
20377,0x060A,88,11
20377,0x060B,63,16
20377,0x060C,88,31
20377,0x060D,63,17
20377,0x060E,88,47
20377,0x060F,63,17
20377,0x0610,88,116
20377,0x0611,63,16
20377,0x0612,88,118
20377,0x0613,63,16
20377,0x0616,180,0
20377,0x0617,26,0
20377,0x0618,157,0
20377,0x0619,26,0
20377,0x061A,107,0
20377,0x061B,24,0
20377,0x0620,190,0
20377,0x0621,12,0
20377,0x0622,206,0
20377,0x0623,12,0
20377,0x0624,95,0
20377,0x0625,80,0
20377,0x0626,11,0
20377,0x0627,16,0
20377,0x0628,11,0
20377,0x0629,16,0
20377,0x062A,11,0
20377,0x062B,16,0
20377,0x062C,30,48
20377,0x062D,17,63
20377,0x062E,46,64
20377,0x062F,17,63
20377,0x0630,116,80
20377,0x0631,16,63
20377,0x0632,117,34
20377,0x0633,16,63
20377,0x0634,0,56
20377,0x0635,0,63
20377,0x0636,0,72
20377,0x0637,0,63
20377,0x0638,0,56
20377,0x0639,0,63
20377,0x063A,0,72
20377,0x063B,0,63
20377,0x0874,222,86
20377,0x0875,42,1
20377,0x0876,86,222
20377,0x0877,1,42
20377,0x0894,22,14
20377,0x0895,91,58
20377,0x0896,14,22
20377,0x0897,58,91
20377,0x0908,189,185
20377,0x0909,90,96
20377,0x090C,205,201
20377,0x090D,90,96
20377,0x0910,229,225
20377,0x0914,245,241
20377,0x0B22,33,34
20377,0x0B24,67,68
20377,0x0B26,135,136
20377,0x0B28,14,16
20377,0x0B82,33,34
20377,0x0B84,67,68
20377,0x0B86,135,136
20377,0x0B88,14,16
20377,0x0F99,135,136
20377,0x0F9D,135,136
20377,0x0FD1,135,136
20377,0x0FF0,135,136
20377,0x16F8,7,5
20377,0x1710,132,236
20377,0x1711,205,201
20377,0x1713,162,233
20377,0x1714,98,104
20377,0x1719,61,27
20377,0x1726,218,216
20377,0x1735,155,153
20377,0x1738,53,51
20377,0x1750,12,116
20377,0x1751,245,241
20377,0x1766,240,238
20377,0x1775,177,175
20377,0x1778,4,2
20379,0x0020,241,237
20379,0x0069,129,131
20379,0x006B,59,61
20379,0x007B,136,137
20379,0x00AD,18,20
20379,0x00CD,165,168
20379,0x00CE,64,70
20379,0x00CF,99,109
20379,0x00D0,131,145
20379,0x017D,116,52
20379,0x0874,86,222
20379,0x0875,1,42
20379,0x0876,222,86
20379,0x0877,42,1
20379,0x0894,14,22
20379,0x0895,58,91
20379,0x0896,22,14
20379,0x0897,91,58
20379,0x0908,185,182
20379,0x0909,96,102
20379,0x090C,201,198
20379,0x090D,96,102
20379,0x0910,225,221
20379,0x0914,241,237
20379,0x0B26,136,137
20379,0x0B28,16,18
20379,0x0B86,136,137
20379,0x0B88,16,18
20379,0x0F99,136,137
20379,0x0F9D,136,137
20379,0x0FD1,136,137
20379,0x0FF0,136,137
20379,0x16F8,5,3
20379,0x1710,236,84
20379,0x1711,201,198
20379,0x1713,233,236
20379,0x1714,104,110
20379,0x1719,27,249
20379,0x171A,3,2
20379,0x1726,216,214
20379,0x1735,153,151
20379,0x1738,51,49
20379,0x1750,116,220
20379,0x1751,241,237
20379,0x1753,0,47
20379,0x1759,0,47
20379,0x175D,0,47
20379,0x1766,238,236
20379,0x1775,175,173
20379,0x1778,2,18
20379,0x1779,6,2
20379,0x177A,95,99
20381,0x0020,237,234
20381,0x0022,56,57
20381,0x0069,131,133
20381,0x006B,61,63
20381,0x007B,137,138
20381,0x00AD,20,22
20381,0x00CD,168,171
20381,0x00CE,70,76
20381,0x00CF,109,119
20381,0x00D0,145,159
20381,0x0874,222,86
20381,0x0875,42,1
20381,0x0876,86,222
20381,0x0877,1,42
20381,0x0894,22,14
20381,0x0895,91,58
20381,0x0896,14,22
20381,0x0897,58,91
20381,0x0908,182,178
20381,0x0909,102,108
20381,0x090C,198,194
20381,0x090D,102,108
20381,0x0910,221,218
20381,0x0911,56,57
20381,0x0914,237,234
20381,0x0915,56,57
20381,0x0B24,68,69
20381,0x0B26,137,138
20381,0x0B28,18,20
20381,0x0B84,68,69
20381,0x0B86,137,138
20381,0x0B88,18,20
20381,0x0F99,137,138
20381,0x0F9D,137,138
20381,0x0FD1,137,138
20381,0x0FF0,137,138
20381,0x16F8,3,1
20381,0x1710,84,188
20381,0x1711,198,194
20381,0x1713,236,171
20381,0x1714,110,116
20381,0x1719,249,215
20381,0x1726,214,212
20381,0x1735,151,149
20381,0x1738,49,47
20381,0x1750,220,68
20381,0x1751,237,234
20381,0x1753,47,26
20381,0x1754,64,65
20381,0x1759,47,141
20381,0x1766,236,234
20381,0x1775,173,171
20381,0x1778,18,16
20383,0x0020,234,14
20383,0x0022,57,56
20383,0x002A,8,192
20383,0x0069,133,135
20383,0x006B,63,65
20383,0x007B,138,139
20383,0x00AD,22,24
20383,0x00B7,6,8
20383,0x00CA,2,3
20383,0x00CD,171,174
20383,0x00CE,76,82
20383,0x00CF,119,129
20383,0x00D0,159,173
20383,0x0172,52,36
20383,0x0173,173,52
20383,0x01B9,64,128
20383,0x02FD,41,39
20383,0x0874,86,222
20383,0x0875,1,42
20383,0x0876,222,86
20383,0x0877,42,1
20383,0x0894,14,22
20383,0x0895,58,91
20383,0x0896,22,14
20383,0x0897,91,58
20383,0x0908,178,175
20383,0x0909,108,114
20383,0x090C,194,191
20383,0x090D,108,114
20383,0x0910,218,214
20383,0x0911,57,58
20383,0x0914,234,230
20383,0x0915,57,58
20383,0x0918,63,254
20383,0x0919,224,56
20383,0x091A,104,2
20383,0x091B,61,105
20383,0x091C,55,14
20383,0x091D,224,56
20383,0x091E,104,0
20383,0x091F,61,105
20383,0x0B01,10,234
20383,0x0B26,138,139
20383,0x0B28,20,22
20383,0x0B86,138,139
20383,0x0B88,20,22
20383,0x0F99,138,139
20383,0x0F9D,138,139
20383,0x0FD1,138,139
20383,0x0FF0,138,139
20383,0x16F1,2,1
20383,0x16F8,1,21
20383,0x1710,188,36
20383,0x1711,194,191
20383,0x1713,171,38
20383,0x1714,116,122
20383,0x1719,215,181
20383,0x1726,212,210
20383,0x1735,149,147
20383,0x1738,47,45
20383,0x1750,68,172
20383,0x1751,234,230
20383,0x1753,26,193
20383,0x1754,65,66
20383,0x1759,141,235
20383,0x1766,234,232
20383,0x1775,171,169
20383,0x1778,16,14
20383,0x1780,0,200
20383,0x1781,0,74
20383,0x1782,0,176
20383,0x1783,0,2
20383,0x1784,0,54
20383,0x1785,0,177
20383,0x1786,0,2
20383,0x1788,0,3
20383,0x178A,0,2
20383,0x178B,0,3
20383,0x178C,0,9
20383,0x1790,0,52
20383,0x1791,0,14
20383,0x1792,0,1
20383,0x1794,0,64
20383,0x1796,0,52
20383,0x1797,0,254
20383,0x1798,0,255
20383,0x179E,0,9
20383,0x179F,0,12
20383,0x17A0,0,154
20383,0x17A1,0,2
20383,0x17A2,0,220
20383,0x17A3,0,8
20383,0x17A4,0,222
20383,0x17A5,0,8
20383,0x17A6,0,254
20383,0x17A7,0,8
20383,0x17A9,0,1
20383,0x17AA,0,238
20383,0x17AB,0,4
20383,0x17AC,0,124
20383,0x17AD,0,12
20383,0x17AF,0,5
20383,0x17B5,0,191
20383,0x17B6,0,110
20383,0x17B8,0,18
20383,0x17B9,0,6
20383,0x17BA,0,95
20383,0x17BB,0,193
20385,0x0004,4,6
20385,0x0020,14,10
20385,0x0069,135,137
20385,0x006B,65,67
20385,0x007B,139,140
20385,0x00AD,24,26
20385,0x00CD,174,177
20385,0x00CE,82,88
20385,0x00CF,129,139
20385,0x00D0,173,187
20385,0x0172,36,52
20385,0x0173,52,173
20385,0x02FD,39,41
20385,0x0501,145,131
20385,0x0502,94,82
20385,0x0600,118,0
20385,0x0601,16,0
20385,0x0602,120,0
20385,0x0603,16,0
20385,0x0604,217,49
20385,0x0605,80,63
20385,0x0606,154,65
20385,0x0607,17,63
20385,0x0608,11,81
20385,0x0609,16,63
20385,0x060A,11,35
20385,0x060B,16,63
20385,0x060C,31,57
20385,0x060D,17,63
20385,0x060E,47,73
20385,0x060F,17,63
20385,0x0610,116,57
20385,0x0611,16,63
20385,0x0612,118,73
20385,0x0613,16,63
20385,0x0874,222,86
20385,0x0875,42,1
20385,0x0876,86,222
20385,0x0877,1,42
20385,0x0894,22,14
20385,0x0895,91,58
20385,0x0896,14,22
20385,0x0897,58,91
20385,0x0908,175,171
20385,0x0909,114,119
20385,0x090C,191,187
20385,0x090D,114,119
20385,0x0910,214,211
20385,0x0911,58,61
20385,0x0914,230,227
20385,0x0915,58,61
20385,0x0918,254,250
20385,0x091C,14,10
20385,0x0B22,34,35
20385,0x0B24,69,70
20385,0x0B26,139,140
20385,0x0B28,22,24
20385,0x0B82,34,35
20385,0x0B84,69,70
20385,0x0B86,139,140
20385,0x0B88,22,24
20385,0x0F99,139,140
20385,0x0F9D,139,140
20385,0x0FD1,139,140
20385,0x0FF0,139,140
20385,0x16F8,21,19
20385,0x1710,36,140
20385,0x1711,191,187
20385,0x1713,38,93
20385,0x1714,122,127
20385,0x1719,181,147
20385,0x1726,210,208
20385,0x1735,147,145
20385,0x1738,45,43
20385,0x1750,172,20
20385,0x1751,230,227
20385,0x1753,193,36
20385,0x1754,66,69
20385,0x1759,235,73
20385,0x175A,0,1
20385,0x1766,232,230
20385,0x1775,169,167
20385,0x1778,14,12
20385,0x1790,52,156
20385,0x1791,14,10
20385,0x17A6,254,252
20385,0x17B5,191,189
20385,0x17B8,18,16
20387,0x0020,10,7
20387,0x0069,137,139
20387,0x006B,67,69
20387,0x007B,140,141
20387,0x00AD,26,28
20387,0x00CD,177,180
20387,0x00CE,88,94
20387,0x00CF,139,149
20387,0x00D0,187,201
20387,0x0874,86,222
20387,0x0875,1,42
20387,0x0876,222,86
20387,0x0877,42,1
20387,0x0894,14,22
20387,0x0895,58,91
20387,0x0896,22,14
20387,0x0897,91,58
20387,0x0908,171,167
20387,0x0909,119,124
20387,0x090C,187,183
20387,0x090D,119,124
20387,0x0910,211,207
20387,0x0911,61,64
20387,0x0914,227,223
20387,0x0915,61,64
20387,0x0918,250,247
20387,0x091C,10,7
20387,0x0B26,140,141
20387,0x0B28,24,26
20387,0x0B86,140,141
20387,0x0B88,24,26
20387,0x0F99,140,141
20387,0x0F9D,140,141
20387,0x0FD1,140,141
20387,0x0FF0,140,141
20387,0x16F8,19,17
20387,0x1710,140,244
20387,0x1711,187,183
20387,0x1713,93,80
20387,0x1714,127,132
20387,0x1719,147,113
20387,0x1726,208,206
20387,0x1735,145,143
20387,0x1738,43,41
20387,0x1750,20,124
20387,0x1751,227,223
20387,0x1753,36,67
20387,0x1754,69,72
20387,0x1759,73,167
20387,0x1766,230,228
20387,0x1775,167,165
20387,0x1778,12,10
20387,0x1790,156,4
20387,0x1791,10,7
20387,0x17A6,252,250
20387,0x17B5,189,187
20387,0x17B8,16,14
20389,0x0020,7,3
20389,0x0069,139,141
20389,0x006B,69,71
20389,0x007B,141,142
20389,0x00AD,28,30
20389,0x00CD,180,183
20389,0x00CE,94,100
20389,0x00CF,149,159
20389,0x00D0,201,215
20389,0x0874,222,86
20389,0x0875,42,1
20389,0x0876,86,222
20389,0x0877,1,42
20389,0x0894,22,14
20389,0x0895,91,58
20389,0x0896,14,22
20389,0x0897,58,91
20389,0x0908,167,164
20389,0x0909,124,128
20389,0x090C,183,180
20389,0x090D,124,128
20389,0x0910,207,203
20389,0x0911,64,68
20389,0x0914,223,219
20389,0x0915,64,68
20389,0x0918,247,243
20389,0x091C,7,3
20389,0x0B24,70,71
20389,0x0B26,141,142
20389,0x0B28,26,28
20389,0x0B84,70,71
20389,0x0B86,141,142
20389,0x0B88,26,28
20389,0x0F99,141,142
20389,0x0F9D,141,142
20389,0x0FD1,141,142
20389,0x0FF0,141,142
20389,0x16F8,17,15
20389,0x1710,244,92
20389,0x1711,183,180
20389,0x1713,80,255
20389,0x1714,132,136
20389,0x1719,113,79
20389,0x1726,206,204
20389,0x1735,143,141
20389,0x1738,41,39
20389,0x1750,124,228
20389,0x1751,223,219
20389,0x1753,67,30
20389,0x1754,72,76
20389,0x1759,167,5
20389,0x175A,1,2
20389,0x1766,228,226
20389,0x1775,165,163
20389,0x1778,10,8
20389,0x1790,4,108
20389,0x1791,7,3
20389,0x17A6,250,248
20389,0x17B5,187,185
20389,0x17B8,14,12
20391,0x0020,3,255
20391,0x002A,192,128
20391,0x0069,141,143
20391,0x006B,71,73
20391,0x007B,142,143
20391,0x00AD,30,32
20391,0x00CD,183,186
20391,0x00CE,100,106
20391,0x00CF,159,169
20391,0x00D0,215,229
20391,0x02FD,41,39
20391,0x0874,86,222
20391,0x0875,1,42
20391,0x0876,222,86
20391,0x0877,42,1
20391,0x0894,14,22
20391,0x0895,58,91
20391,0x0896,22,14
20391,0x0897,91,58
20391,0x0908,164,160
20391,0x0909,128,133
20391,0x090C,180,176
20391,0x090D,128,133
20391,0x0910,203,200
20391,0x0911,68,72
20391,0x0914,219,216
20391,0x0915,68,72
20391,0x0918,243,239
20391,0x091C,3,255
20391,0x0B01,234,170
20391,0x0B26,142,143
20391,0x0B28,28,30
20391,0x0B86,142,143
20391,0x0B88,28,30
20391,0x0F99,142,143
20391,0x0F9D,142,143
20391,0x0FD1,142,143
20391,0x0FF0,142,143
20391,0x16F8,15,13
20391,0x1710,92,196
20391,0x1711,180,176
20391,0x1713,255,106
20391,0x1714,136,141
20391,0x1719,79,45
20391,0x1726,204,202
20391,0x1735,141,139
20391,0x1738,39,37
20391,0x1750,228,76
20391,0x1751,219,216
20391,0x1753,30,181
20391,0x1754,76,80
20391,0x1759,5,99
20391,0x1766,226,224
20391,0x1775,163,161
20391,0x1778,8,6
20391,0x1790,108,212
20391,0x1791,3,255
20391,0x1792,1,0
20391,0x17A6,248,246
20391,0x17B5,185,183
20391,0x17B8,12,10
20393,0x0004,6,8
20393,0x0020,255,252
20393,0x0069,143,145
20393,0x006B,73,75
20393,0x007B,143,144
20393,0x00AD,32,34
20393,0x00CD,186,189
20393,0x00CE,106,112
20393,0x00CF,169,179
20393,0x00D0,229,243
20393,0x02FD,39,41
20393,0x0501,131,73
20393,0x0502,82,94
20393,0x0503,20,4
20393,0x0508,81,9
20393,0x0509,85,84
20393,0x050B,20,4
20393,0x050F,130,146
20393,0x0510,82,94
20393,0x0512,40,24
20393,0x0516,144,82
20393,0x0517,94,85
20393,0x0519,32,44
20393,0x051D,80,132
20393,0x051E,85,82
20393,0x0520,52,64
20393,0x0600,0,116
20393,0x0601,0,16
20393,0x0602,0,118
20393,0x0603,0,16
20393,0x0604,49,0
20393,0x0605,63,0
20393,0x0606,65,0
20393,0x0607,63,0
20393,0x0608,81,0
20393,0x0609,63,0
20393,0x060A,35,0
20393,0x060B,63,0
20393,0x060C,57,0
20393,0x060D,63,0
20393,0x060E,73,181
20393,0x060F,63,26
20393,0x0610,57,158
20393,0x0611,63,26
20393,0x0612,73,108
20393,0x0613,63,24
20393,0x0618,0,9
20393,0x0619,0,13
20393,0x061A,0,191
20393,0x061B,0,12
20393,0x061C,0,95
20393,0x061D,0,16
20393,0x061E,0,11
20393,0x061F,0,16
20393,0x0620,0,11
20393,0x0621,0,16
20393,0x0622,0,11
20393,0x0623,0,16
20393,0x0624,0,29
20393,0x0625,0,17
20393,0x0626,0,45
20393,0x0627,0,17
20393,0x0628,0,116
20393,0x0629,0,16
20393,0x062A,0,117
20393,0x062B,0,16
20393,0x062C,48,0
20393,0x062D,63,0
20393,0x062E,64,0
20393,0x062F,63,0
20393,0x0630,80,0
20393,0x0631,63,0
20393,0x0632,34,0
20393,0x0633,63,0
20393,0x0634,56,0
20393,0x0635,63,0
20393,0x0636,72,0
20393,0x0637,63,0
20393,0x0638,56,0
20393,0x0639,63,0
20393,0x063A,72,0
20393,0x063B,63,0
20393,0x063C,0,233
20393,0x063D,0,12
20393,0x063E,181,249
20393,0x0640,197,0
20393,0x0641,12,0
20393,0x0642,197,0
20393,0x0643,12,0
20393,0x0644,197,0
20393,0x0645,12,0
20393,0x0646,173,0
20393,0x0647,12,0
20393,0x0648,0,82
20393,0x0649,0,63
20393,0x064A,0,36
20393,0x064B,0,63
20393,0x064C,0,58
20393,0x064D,0,63
20393,0x064E,0,74
20393,0x064F,0,63
20393,0x0874,222,86
20393,0x0875,42,1
20393,0x0876,86,222
20393,0x0877,1,42
20393,0x0894,22,14
20393,0x0895,91,58
20393,0x0896,14,22
20393,0x0897,58,91
20393,0x0908,160,157
20393,0x0909,133,137
20393,0x090C,176,173
20393,0x090D,133,137
20393,0x0910,200,196
20393,0x0911,72,78
20393,0x0914,216,212
20393,0x0915,72,78
20393,0x0918,239,236
20393,0x091C,255,252
20393,0x0B22,35,36
20393,0x0B24,71,72
20393,0x0B26,143,144
20393,0x0B28,30,32
20393,0x0B82,35,36
20393,0x0B84,71,72
20393,0x0B86,143,144
20393,0x0B88,30,32
20393,0x0F99,143,144
20393,0x0F9D,143,144
20393,0x0FD1,143,144
20393,0x0FF0,143,144
20393,0x16F8,13,11
20393,0x1710,196,44
20393,0x1711,176,173
20393,0x1713,106,145
20393,0x1714,141,145
20393,0x1719,45,11
20393,0x1726,202,200
20393,0x1735,139,137
20393,0x1738,37,35
20393,0x1750,76,180
20393,0x1751,216,212
20393,0x1753,181,8
20393,0x1754,80,86
20393,0x1759,99,193
20393,0x1766,224,222
20393,0x1775,161,159
20393,0x1778,6,4
20393,0x1790,212,60
20393,0x1791,255,252
20393,0x17A6,246,244
20393,0x17B5,183,181
20393,0x17B8,10,8
20395,0x0020,252,248
20395,0x0069,145,147
20395,0x006B,75,77
20395,0x007B,144,145
20395,0x00AD,34,36
20395,0x00CD,189,192
20395,0x00CE,112,118
20395,0x00CF,179,189
20395,0x00D0,243,1
20395,0x017D,52,53
20395,0x02FD,41,39
20395,0x0874,86,222
20395,0x0875,1,42
20395,0x0876,222,86
20395,0x0877,42,1
20395,0x0894,14,22
20395,0x0895,58,91
20395,0x0896,22,14
20395,0x0897,91,58
20395,0x0908,157,153
20395,0x0909,137,141
20395,0x090C,173,169
20395,0x090D,137,141
20395,0x0910,196,193
20395,0x0911,78,84
20395,0x0914,212,209
20395,0x0915,78,84
20395,0x0918,236,232
20395,0x091C,252,248
20395,0x0B26,144,145
20395,0x0B28,32,34
20395,0x0B86,144,145
20395,0x0B88,32,34
20395,0x0F99,144,145
20395,0x0F9D,144,145
20395,0x0FD1,144,145
20395,0x0FF0,144,145
20395,0x16F8,11,9
20395,0x1710,44,148
20395,0x1711,173,169
20395,0x1713,145,116
20395,0x1714,145,149
20395,0x1719,11,233
20395,0x171A,2,1
20395,0x1726,200,198
20395,0x1735,137,135
20395,0x1738,35,33
20395,0x1750,180,28
20395,0x1751,212,209
20395,0x1753,8,23
20395,0x1754,86,92
20395,0x1759,193,31
20395,0x175A,2,3
20395,0x1766,222,220
20395,0x1775,159,157
20395,0x1778,4,2
20395,0x1790,60,164
20395,0x1791,252,248
20395,0x17A6,244,242
20395,0x17B5,181,179
20395,0x17B8,8,6
20397,0x0020,248,245
20397,0x0069,147,149
20397,0x006B,77,79
20397,0x007B,145,146
20397,0x00AD,36,38
20397,0x00CD,192,195
20397,0x00CE,118,124
20397,0x00CF,189,199
20397,0x00D0,1,15
20397,0x017D,53,52
20397,0x0874,222,86
20397,0x0875,42,1
20397,0x0876,86,222
20397,0x0877,1,42
20397,0x0894,22,14
20397,0x0895,91,58
20397,0x0896,14,22
20397,0x0897,58,91
20397,0x0908,153,149
20397,0x0909,141,145
20397,0x090C,169,165
20397,0x090D,141,145
20397,0x0910,193,189
20397,0x0911,84,90
20397,0x0914,209,205
20397,0x0915,84,90
20397,0x0918,232,229
20397,0x091C,248,245
20397,0x0B24,72,73
20397,0x0B26,145,146
20397,0x0B28,34,36
20397,0x0B84,72,73
20397,0x0B86,145,146
20397,0x0B88,34,36
20397,0x0F99,145,146
20397,0x0F9D,145,146
20397,0x0FD1,145,146
20397,0x0FF0,145,146
20397,0x16F8,9,7
20397,0x1710,148,252
20397,0x1711,169,165
20397,0x1713,116,19
20397,0x1714,149,153
20397,0x1719,233,199
20397,0x1726,198,196
20397,0x1735,135,133
20397,0x1738,33,31
20397,0x1750,28,132
20397,0x1751,209,205
20397,0x1753,23,162
20397,0x1754,92,98
20397,0x1759,31,61
20397,0x175D,47,239
20397,0x1766,220,218
20397,0x1775,157,155
20397,0x1778,2,53
20397,0x177A,99,103
20397,0x1790,164,12
20397,0x1791,248,245
20397,0x17A6,242,240
20397,0x17B5,179,177
20397,0x17B8,6,4
20399,0x0020,245,241
20399,0x0069,149,151
20399,0x006B,79,81
20399,0x007B,146,147
20399,0x00AD,38,40
20399,0x00CD,195,198
20399,0x00CE,124,130
20399,0x00CF,199,209
20399,0x00D0,15,29
20399,0x0874,86,222
20399,0x0875,1,42
20399,0x0876,222,86
20399,0x0877,42,1
20399,0x0894,14,22
20399,0x0895,58,91
20399,0x0896,22,14
20399,0x0897,91,58
20399,0x0908,149,146
20399,0x0909,145,148
20399,0x090C,165,162
20399,0x090D,145,148
20399,0x0910,189,185
20399,0x0911,90,96
20399,0x0914,205,201
20399,0x0915,90,96
20399,0x0918,229,225
20399,0x091C,245,241
20399,0x0B26,146,147
20399,0x0B28,36,38
20399,0x0B86,146,147
20399,0x0B88,36,38
20399,0x0F99,146,147
20399,0x0F9D,146,147
20399,0x0FD1,146,147
20399,0x0FF0,146,147
20399,0x16F8,7,5
20399,0x1710,252,100
20399,0x1711,165,162
20399,0x1713,19,110
20399,0x1714,153,156
20399,0x1719,199,165
20399,0x1726,196,194
20399,0x1735,133,131
20399,0x1738,31,29
20399,0x1750,132,236
20399,0x1751,205,201
20399,0x1753,162,233
20399,0x1754,98,104
20399,0x1759,61,27
20399,0x1766,218,216
20399,0x1775,155,153
20399,0x1778,53,51
20399,0x1790,12,116
20399,0x1791,245,241
20399,0x17A6,240,238
20399,0x17B5,177,175
20399,0x17B8,4,2
20401,0x0004,8,10
20401,0x0020,241,237
20401,0x0069,151,153
20401,0x006B,81,83
20401,0x007B,147,148
20401,0x00AD,40,42
20401,0x00CD,198,201
20401,0x00CE,130,136
20401,0x00CF,209,219
20401,0x00D0,29,43
20401,0x02FD,39,41
20401,0x0501,73,133
20401,0x0502,94,82
20401,0x0503,4,20
20401,0x0600,116,0
20401,0x0601,16,0
20401,0x0602,118,0
20401,0x0603,16,0
20401,0x0608,0,83
20401,0x0609,0,63
20401,0x060A,0,37
20401,0x060B,0,63
20401,0x060C,0,59
20401,0x060D,0,63
20401,0x060E,181,75
20401,0x060F,26,63
20401,0x0610,158,0
20401,0x0611,26,0
20401,0x0612,108,0
20401,0x0613,24,0
20401,0x0874,222,86
20401,0x0875,42,1
20401,0x0876,86,222
20401,0x0877,1,42
20401,0x0894,22,14
20401,0x0895,91,58
20401,0x0896,14,22
20401,0x0897,58,91
20401,0x0908,146,142
20401,0x0909,148,151
20401,0x090C,162,158
20401,0x090D,148,151
20401,0x0910,185,182
20401,0x0911,96,102
20401,0x0914,201,198
20401,0x0915,96,102
20401,0x0918,225,221
20401,0x091C,241,237
20401,0x0B22,36,37
20401,0x0B24,73,74
20401,0x0B26,147,148
20401,0x0B28,38,40
20401,0x0B82,36,37
20401,0x0B84,73,74
20401,0x0B86,147,148
20401,0x0B88,38,40
20401,0x0F99,147,148
20401,0x0F9D,147,148
20401,0x0FD1,147,148
20401,0x0FF0,147,148
20401,0x16F8,5,3
20401,0x1710,100,204
20401,0x1711,162,158
20401,0x1713,110,133
20401,0x1714,156,159
20401,0x1719,165,131
20401,0x1726,194,192
20401,0x1735,131,129
20401,0x1738,29,27
20401,0x1750,236,84
20401,0x1751,201,198
20401,0x1753,233,236
20401,0x1754,104,110
20401,0x1759,27,249
20401,0x175A,3,2
20401,0x1766,216,214
20401,0x1775,153,151
20401,0x1778,51,49
20401,0x1790,116,220
20401,0x1791,241,237
20401,0x1793,0,47
20401,0x1799,0,47
20401,0x179D,0,47
20401,0x17A6,238,236
20401,0x17B5,175,173
20401,0x17B8,2,18
20401,0x17B9,6,2
20401,0x17BA,95,99
20403,0x0020,237,234
20403,0x0022,56,57
20403,0x0069,153,155
20403,0x006B,83,85
20403,0x007B,148,149
20403,0x00AD,42,44
20403,0x00CD,201,204
20403,0x00CE,136,142
20403,0x00CF,219,229
20403,0x00D0,43,57
20403,0x0874,86,222
20403,0x0875,1,42
20403,0x0876,222,86
20403,0x0877,42,1
20403,0x0894,14,22
20403,0x0895,58,91
20403,0x0896,22,14
20403,0x0897,91,58
20403,0x0908,142,139
20403,0x0909,151,154
20403,0x090C,158,155
20403,0x090D,151,154
20403,0x0910,182,178
20403,0x0911,102,108
20403,0x0914,198,194
20403,0x0915,102,108
20403,0x0918,221,218
20403,0x0919,56,57
20403,0x091C,237,234
20403,0x091D,56,57
20403,0x0B26,148,149
20403,0x0B28,40,42
20403,0x0B86,148,149
20403,0x0B88,40,42
20403,0x0F99,148,149
20403,0x0F9D,148,149
20403,0x0FD1,148,149
20403,0x0FF0,148,149
20403,0x16F8,3,1
20403,0x1710,204,52
20403,0x1711,158,155
20403,0x1713,133,88
20403,0x1714,159,162
20403,0x1719,131,97
20403,0x1726,192,190
20403,0x1735,129,127
20403,0x1738,27,25
20403,0x1750,84,188
20403,0x1751,198,194
20403,0x1753,236,171
20403,0x1754,110,116
20403,0x1759,249,215
20403,0x1766,214,212
20403,0x1775,151,149
20403,0x1778,49,47
20403,0x1790,220,68
20403,0x1791,237,234
20403,0x1793,47,26
20403,0x1794,64,65
20403,0x1799,47,141
20403,0x17A6,236,234
20403,0x17B5,173,171
20403,0x17B8,18,16
20405,0x0020,234,230
20405,0x0022,57,58
20405,0x0025,0,1
20405,0x0069,155,157
20405,0x006B,85,87
20405,0x007B,149,150
20405,0x00AD,44,46
20405,0x00CA,3,4
20405,0x00CD,204,207
20405,0x00CE,142,148
20405,0x00CF,229,239
20405,0x00D0,57,71
20405,0x02FD,41,39
20405,0x0874,222,86
20405,0x0875,42,1
20405,0x0876,86,222
20405,0x0877,1,42
20405,0x0894,22,14
20405,0x0895,91,58
20405,0x0896,14,22
20405,0x0897,58,91
20405,0x0908,139,135
20405,0x0909,154,156
20405,0x090C,155,151
20405,0x090D,154,156
20405,0x0910,178,175
20405,0x0911,108,114
20405,0x0914,194,191
20405,0x0915,108,114
20405,0x0918,218,214
20405,0x0919,57,58
20405,0x091C,234,230
20405,0x091D,57,58
20405,0x0B24,74,75
20405,0x0B26,149,150
20405,0x0B28,42,44
20405,0x0B84,74,75
20405,0x0B86,149,150
20405,0x0B88,42,44
20405,0x0F99,149,150
20405,0x0F9D,149,150
20405,0x0FD1,149,150
20405,0x0FF0,149,150
20405,0x16C0,128,136
20405,0x16C1,165,74
20405,0x16C2,175,176
20405,0x16C4,0,54
20405,0x16C5,0,177
20405,0x16C6,0,2
20405,0x16C8,0,3
20405,0x16CA,0,2
20405,0x16CB,0,3
20405,0x16CC,0,9
20405,0x16D1,0,16
20405,0x16D2,0,1
20405,0x16D4,0,64
20405,0x16D6,0,52
20405,0x16D7,0,254
20405,0x16D8,0,255
20405,0x16DE,0,9
20405,0x16DF,0,12
20405,0x16E0,0,154
20405,0x16E1,0,2
20405,0x16E7,0,8
20405,0x16E9,0,1
20405,0x16EA,0,238
20405,0x16EB,0,4
20405,0x16F1,1,0
20405,0x16F5,0,192
20405,0x16F6,0,110
20405,0x16F8,1,0
20405,0x16FA,0,92
20405,0x16FB,0,193
20405,0x1710,52,156
20405,0x1711,155,151
20405,0x1713,88,231
20405,0x1714,162,164
20405,0x1719,97,63
20405,0x1726,190,188
20405,0x1735,127,125
20405,0x1738,25,23
20405,0x1750,188,36
20405,0x1751,194,191
20405,0x1753,171,38
20405,0x1754,116,122
20405,0x1759,215,181
20405,0x1766,212,210
20405,0x1775,149,147
20405,0x1778,47,45
20405,0x1790,68,172
20405,0x1791,234,230
20405,0x1793,26,193
20405,0x1794,65,66
20405,0x1799,141,235
20405,0x17A6,234,232
20405,0x17B5,171,169
20405,0x17B8,16,14
20407,0x0020,230,227
20407,0x0022,58,61
20407,0x002A,128,8
20407,0x0069,157,159
20407,0x006B,87,89
20407,0x007B,150,151
20407,0x00AD,46,48
20407,0x00B7,8,10
20407,0x00CD,207,210
20407,0x00CE,148,154
20407,0x00CF,239,249
20407,0x00D0,71,85
20407,0x02FD,39,41
20407,0x0874,86,222
20407,0x0875,1,42
20407,0x0876,222,86
20407,0x0877,42,1
20407,0x0894,14,22
20407,0x0895,58,91
20407,0x0896,22,14
20407,0x0897,91,58
20407,0x0908,135,252
20407,0x0909,156,56
20407,0x090C,151,12
20407,0x090D,156,56
20407,0x0910,175,132
20407,0x0911,114,159
20407,0x0914,191,148
20407,0x0915,114,159
20407,0x0918,214,171
20407,0x0919,58,119
20407,0x091C,230,187
20407,0x091D,58,119
20407,0x0920,71,211
20407,0x0921,224,61
20407,0x0922,6,2
20407,0x0923,61,105
20407,0x0924,55,227
20407,0x0925,224,61
20407,0x0926,4,0
20407,0x0927,61,105
20407,0x0B00,170,234
20407,0x0B02,0,10
20407,0x0B26,150,151
20407,0x0B28,44,46
20407,0x0B86,150,151
20407,0x0B88,44,46
20407,0x0F99,150,151
20407,0x0F9D,150,151
20407,0x0FD1,150,151
20407,0x0FF0,150,151
20407,0x16C0,136,200
20407,0x16D0,0,104
20407,0x16D1,16,12
20407,0x16E2,0,220
20407,0x16E3,0,8
20407,0x16E4,0,222
20407,0x16E5,0,8
20407,0x16E6,0,253
20407,0x16EC,0,124
20407,0x16ED,0,12
20407,0x16F5,192,190
20407,0x16F8,0,17
20407,0x16F9,0,6
20407,0x16FA,92,95
20407,0x1710,156,4
20407,0x1711,151,148
20407,0x1713,231,50
20407,0x1714,164,167
20407,0x1719,63,29
20407,0x1726,188,186
20407,0x1735,125,123
20407,0x1738,23,21
20407,0x1750,36,140
20407,0x1751,191,187
20407,0x1753,38,93
20407,0x1754,122,127
20407,0x1759,181,147
20407,0x1766,210,208
20407,0x1775,147,145
20407,0x1778,45,43
20407,0x1790,172,20
20407,0x1791,230,227
20407,0x1793,193,36
20407,0x1794,66,69
20407,0x1799,235,73
20407,0x179A,0,1
20407,0x17A6,232,230
20407,0x17B5,169,167
20407,0x17B8,14,12
20409,0x0004,10,12
20409,0x0020,227,223
20409,0x0022,61,64
20409,0x0069,159,161
20409,0x006B,89,91
20409,0x007B,151,152
20409,0x00AD,48,50
20409,0x00CD,210,213
20409,0x00CE,154,160
20409,0x00CF,249,3
20409,0x00D0,85,100
20409,0x02FD,41,39
20409,0x0501,133,147
20409,0x0502,82,94
20409,0x0508,9,83
20409,0x0509,84,85
20409,0x050B,4,20
20409,0x050F,146,134
20409,0x0510,94,82
20409,0x0512,24,40
20409,0x0600,0,10
20409,0x0601,0,13
20409,0x0602,0,207
20409,0x0603,0,12
20409,0x0604,0,217
20409,0x0605,0,16
20409,0x0606,0,11
20409,0x0607,0,16
20409,0x0608,83,11
20409,0x0609,63,16
20409,0x060A,37,11
20409,0x060B,63,16
20409,0x060C,59,30
20409,0x060D,63,17
20409,0x060E,75,46
20409,0x060F,63,17
20409,0x0610,0,116
20409,0x0611,0,16
20409,0x0612,0,118
20409,0x0613,0,16
20409,0x0616,0,21
20409,0x0617,0,13
20409,0x0618,9,0
20409,0x0619,13,0
20409,0x061A,191,0
20409,0x061B,12,0
20409,0x061C,95,16
20409,0x061D,16,13
20409,0x061E,11,32
20409,0x061F,16,13
20409,0x0620,11,3
20409,0x0621,16,13
20409,0x0622,11,218
20409,0x0623,16,12
20409,0x0624,29,234
20409,0x0625,17,12
20409,0x0626,45,250
20409,0x0627,17,12
20409,0x0628,116,0
20409,0x0629,16,0
20409,0x062A,117,0
20409,0x062B,16,0
20409,0x0630,0,82
20409,0x0631,0,63
20409,0x0632,0,36
20409,0x0633,0,63
20409,0x0634,0,58
20409,0x0635,0,63
20409,0x0636,0,74
20409,0x0637,0,63
20409,0x0874,222,86
20409,0x0875,42,1
20409,0x0876,86,222
20409,0x0877,1,42
20409,0x0894,22,14
20409,0x0895,91,58
20409,0x0896,14,22
20409,0x0897,58,91
20409,0x0908,252,248
20409,0x090C,12,8
20409,0x0910,132,128
20409,0x0911,159,161
20409,0x0914,148,144
20409,0x0915,159,161
20409,0x0918,171,167
20409,0x0919,119,124
20409,0x091C,187,183
20409,0x091D,119,124
20409,0x0920,211,207
20409,0x0921,61,64
20409,0x0924,227,223
20409,0x0925,61,64
20409,0x0B22,37,38
20409,0x0B24,75,76
20409,0x0B26,151,152
20409,0x0B28,46,48
20409,0x0B82,37,38
20409,0x0B84,75,76
20409,0x0B86,151,152
20409,0x0B88,46,48
20409,0x0F99,151,152
20409,0x0F9D,151,152
20409,0x0FD1,151,152
20409,0x0FF0,151,152
20409,0x16D0,104,208
20409,0x16D1,12,8
20409,0x16E6,253,251
20409,0x16F5,190,188
20409,0x16F8,17,15
20409,0x1710,4,108
20409,0x1711,148,144
20409,0x1713,50,57
20409,0x1714,167,169
20409,0x1719,29,251
20409,0x171A,1,0
20409,0x1726,186,184
20409,0x1735,123,121
20409,0x1738,21,19
20409,0x1750,140,244
20409,0x1751,187,183
20409,0x1753,93,80
20409,0x1754,127,132
20409,0x1759,147,113
20409,0x1766,208,206
20409,0x1775,145,143
20409,0x1778,43,41
20409,0x1790,20,124
20409,0x1791,227,223
20409,0x1793,36,67
20409,0x1794,69,72
20409,0x1799,73,167
20409,0x17A6,230,228
20409,0x17B5,167,165
20409,0x17B8,12,10
20411,0x0020,223,219
20411,0x0022,64,68
20411,0x0069,161,163
20411,0x006B,91,93
20411,0x007B,152,153
20411,0x00AD,50,52
20411,0x00CD,213,216
20411,0x00CE,160,166
20411,0x00CF,3,13
20411,0x00D0,100,114
20411,0x02FD,39,41
20411,0x0874,86,222
20411,0x0875,1,42
20411,0x0876,222,86
20411,0x0877,42,1
20411,0x0894,14,22
20411,0x0895,58,91
20411,0x0896,22,14
20411,0x0897,91,58
20411,0x0908,248,245
20411,0x090C,8,5
20411,0x0910,128,124
20411,0x0911,161,162
20411,0x0914,144,140
20411,0x0915,161,162
20411,0x0918,167,164
20411,0x0919,124,128
20411,0x091C,183,180
20411,0x091D,124,128
20411,0x0920,207,203
20411,0x0921,64,68
20411,0x0924,223,219
20411,0x0925,64,68
20411,0x0B26,152,153
20411,0x0B28,48,50
20411,0x0B86,152,153
20411,0x0B88,48,50
20411,0x0F99,152,153
20411,0x0F9D,152,153
20411,0x0FD1,152,153
20411,0x0FF0,152,153
20411,0x16D0,208,56
20411,0x16D1,8,5
20411,0x16E6,251,249
20411,0x16F5,188,186
20411,0x16F8,15,13
20411,0x1710,108,212
20411,0x1711,144,140
20411,0x1713,57,252
20411,0x1714,169,170
20411,0x1719,251,217
20411,0x1726,184,182
20411,0x1735,121,119
20411,0x1738,19,17
20411,0x1750,244,92
20411,0x1751,183,180
20411,0x1753,80,255
20411,0x1754,132,136
20411,0x1759,113,79
20411,0x1766,206,204
20411,0x1775,143,141
20411,0x1778,41,39
20411,0x1790,124,228
20411,0x1791,223,219
20411,0x1793,67,30
20411,0x1794,72,76
20411,0x1799,167,5
20411,0x179A,1,2
20411,0x17A6,228,226
20411,0x17B5,165,163
20411,0x17B8,10,8
20413,0x0020,219,216
20413,0x0022,68,72
20413,0x0069,163,165
20413,0x006B,93,95
20413,0x007B,153,154
20413,0x00AD,52,54
20413,0x00CD,216,219
20413,0x00CE,166,172
20413,0x00CF,13,23
20413,0x00D0,114,128
20413,0x017D,52,116
20413,0x0874,222,86
20413,0x0875,42,1
20413,0x0876,86,222
20413,0x0877,1,42
20413,0x0894,22,14
20413,0x0895,91,58
20413,0x0896,14,22
20413,0x0897,58,91
20413,0x0908,245,241
20413,0x090C,5,1
20413,0x0910,124,121
20413,0x0911,162,164
20413,0x0914,140,137
20413,0x0915,162,164
20413,0x0918,164,160
20413,0x0919,128,133
20413,0x091C,180,176
20413,0x091D,128,133
20413,0x0920,203,200
20413,0x0921,68,72
20413,0x0924,219,216
20413,0x0925,68,72
20413,0x0B24,76,77
20413,0x0B26,153,154
20413,0x0B28,50,52
20413,0x0B84,76,77
20413,0x0B86,153,154
20413,0x0B88,50,52
20413,0x0F99,153,154
20413,0x0F9D,153,154
20413,0x0FD1,153,154
20413,0x0FF0,153,154
20413,0x16D0,56,160
20413,0x16D1,5,1
20413,0x16E6,249,247
20413,0x16F5,186,184
20413,0x16F8,13,11
20413,0x1710,212,60
20413,0x1711,140,137
20413,0x1713,252,123
20413,0x1714,170,172
20413,0x1719,217,183
20413,0x1726,182,180
20413,0x1735,119,117
20413,0x1738,17,15
20413,0x1750,92,196
20413,0x1751,180,176
20413,0x1753,255,106
20413,0x1754,136,141
20413,0x1759,79,45
20413,0x1766,204,202
20413,0x1775,141,139
20413,0x1778,39,37
20413,0x1790,228,76
20413,0x1791,219,216
20413,0x1793,30,181
20413,0x1794,76,80
20413,0x1799,5,99
20413,0x17A6,226,224
20413,0x17B5,163,161
20413,0x17B8,8,6
20415,0x0020,216,212
20415,0x0022,72,78
20415,0x0069,165,167
20415,0x006B,95,97
20415,0x007B,154,155
20415,0x00AD,54,56
20415,0x00CD,219,222
20415,0x00CE,172,178
20415,0x00CF,23,33
20415,0x00D0,128,142
20415,0x017D,116,52
20415,0x0874,86,222
20415,0x0875,1,42
20415,0x0876,222,86
20415,0x0877,42,1
20415,0x0894,14,22
20415,0x0895,58,91
20415,0x0896,22,14
20415,0x0897,91,58
20415,0x0908,241,238
20415,0x090C,1,254
20415,0x0910,121,117
20415,0x0911,164,165
20415,0x0914,137,133
20415,0x0915,164,165
20415,0x0918,160,157
20415,0x0919,133,137
20415,0x091C,176,173
20415,0x091D,133,137
20415,0x0920,200,196
20415,0x0921,72,78
20415,0x0924,216,212
20415,0x0925,72,78
20415,0x0B00,234,170
20415,0x0B26,154,155
20415,0x0B28,52,54
20415,0x0B86,154,155
20415,0x0B88,52,54
20415,0x0F99,154,155
20415,0x0F9D,154,155
20415,0x0FD1,154,155
20415,0x0FF0,154,155
20415,0x16D0,160,8
20415,0x16D1,1,254
20415,0x16D2,1,0
20415,0x16E6,247,245
20415,0x16F5,184,182
20415,0x16F8,11,9
20415,0x1710,60,164
20415,0x1711,137,133
20415,0x1713,123,182
20415,0x1714,172,173
20415,0x1719,183,149
20415,0x1726,180,178
20415,0x1735,117,115
20415,0x1738,15,13
20415,0x1750,196,44
20415,0x1751,176,173
20415,0x1753,106,145
20415,0x1754,141,145
20415,0x1759,45,11
20415,0x1766,202,200
20415,0x1775,139,137
20415,0x1778,37,35
20415,0x1790,76,180
20415,0x1791,216,212
20415,0x1793,181,8
20415,0x1794,80,86
20415,0x1799,99,193
20415,0x17A6,224,222
20415,0x17B5,161,159
20415,0x17B8,6,4
20417,0x0004,12,14
20417,0x0020,212,209
20417,0x0022,78,84
20417,0x0069,167,169
20417,0x006B,97,99
20417,0x007B,155,156
20417,0x00AD,56,58
20417,0x00CD,222,225
20417,0x00CE,178,184
20417,0x00CF,33,43
20417,0x00D0,142,156
20417,0x0501,147,135
20417,0x0502,94,82
20417,0x0600,10,0
20417,0x0601,13,0
20417,0x0602,207,0
20417,0x0603,12,0
20417,0x0604,217,0
20417,0x0605,16,0
20417,0x0606,11,0
20417,0x0607,16,0
20417,0x0608,11,83
20417,0x0609,16,63
20417,0x060A,11,37
20417,0x060B,16,63
20417,0x060C,30,59
20417,0x060D,17,63
20417,0x060E,46,75
20417,0x060F,17,63
20417,0x0610,116,0
20417,0x0611,16,0
20417,0x0612,118,0
20417,0x0613,16,0
20417,0x0874,222,86
20417,0x0875,42,1
20417,0x0876,86,222
20417,0x0877,1,42
20417,0x0894,22,14
20417,0x0895,91,58
20417,0x0896,14,22
20417,0x0897,58,91
20417,0x0908,238,234
20417,0x090C,254,250
20417,0x0910,117,114
20417,0x0911,165,166
20417,0x0914,133,130
20417,0x0915,165,166
20417,0x0918,157,153
20417,0x0919,137,141
20417,0x091C,173,169
20417,0x091D,137,141
20417,0x0920,196,193
20417,0x0921,78,84
20417,0x0924,212,209
20417,0x0925,78,84
20417,0x0B22,38,39
20417,0x0B24,77,78
20417,0x0B26,155,156
20417,0x0B28,54,56
20417,0x0B82,38,39
20417,0x0B84,77,78
20417,0x0B86,155,156
20417,0x0B88,54,56
20417,0x0F99,155,156
20417,0x0F9D,155,156
20417,0x0FD1,155,156
20417,0x0FF0,155,156
20417,0x16D0,8,112
20417,0x16D1,254,250
20417,0x16E6,245,243
20417,0x16F5,182,180
20417,0x16F8,9,7
20417,0x1710,164,12
20417,0x1711,133,130
20417,0x1713,182,173
20417,0x1714,173,174
20417,0x1719,149,115
20417,0x1726,178,176
20417,0x1735,115,113
20417,0x1738,13,11
20417,0x1750,44,148
20417,0x1751,173,169
20417,0x1753,145,116
20417,0x1754,145,149
20417,0x1759,11,233
20417,0x175A,2,1
20417,0x1766,200,198
20417,0x1775,137,135
20417,0x1778,35,33
20417,0x1790,180,28
20417,0x1791,212,209
20417,0x1793,8,23
20417,0x1794,86,92
20417,0x1799,193,31
20417,0x179A,2,3
20417,0x17A6,222,220
20417,0x17B5,159,157
20417,0x17B8,4,2
20419,0x0020,209,205
20419,0x0022,84,90
20419,0x0069,169,171
20419,0x006B,99,101
20419,0x007B,156,157
20419,0x00AD,58,60
20419,0x00CD,225,228
20419,0x00CE,184,190
20419,0x00CF,43,53
20419,0x00D0,156,170
20419,0x02FD,41,39
20419,0x0874,86,222
20419,0x0875,1,42
20419,0x0876,222,86
20419,0x0877,42,1
20419,0x0894,14,22
20419,0x0895,58,91
20419,0x0896,22,14
20419,0x0897,91,58
20419,0x0908,234,230
20419,0x090C,250,246
20419,0x0910,114,110
20419,0x0911,166,167
20419,0x0914,130,126
20419,0x0915,166,167
20419,0x0918,153,149
20419,0x0919,141,145
20419,0x091C,169,165
20419,0x091D,141,145
20419,0x0920,193,189
20419,0x0921,84,90
20419,0x0924,209,205
20419,0x0925,84,90
20419,0x0B26,156,157
20419,0x0B28,56,58
20419,0x0B86,156,157
20419,0x0B88,56,58
20419,0x0F99,156,157
20419,0x0F9D,156,157
20419,0x0FD1,156,157
20419,0x0FF0,156,157
20419,0x16D0,112,216
20419,0x16D1,250,246
20419,0x16E6,243,241
20419,0x16F5,180,178
20419,0x16F8,7,5
20419,0x1710,12,116
20419,0x1711,130,126
20419,0x1713,173,96
20419,0x1714,174,175
20419,0x1719,115,81
20419,0x1726,176,174
20419,0x1735,113,111
20419,0x1738,11,9
20419,0x1750,148,252
20419,0x1751,169,165
20419,0x1753,116,19
20419,0x1754,149,153
20419,0x1759,233,199
20419,0x1766,198,196
20419,0x1775,135,133
20419,0x1778,33,31
20419,0x1790,28,132
20419,0x1791,209,205
20419,0x1793,23,162
20419,0x1794,92,98
20419,0x1799,31,61
20419,0x179D,47,239
20419,0x17A6,220,218
20419,0x17B5,157,155
20419,0x17B8,2,53
20419,0x17BA,99,103
20421,0x0020,205,201
20421,0x0022,90,96
20421,0x0069,171,173
20421,0x006B,101,103
20421,0x007B,157,158
20421,0x00AD,60,62
20421,0x00CD,228,231
20421,0x00CE,190,196
20421,0x00CF,53,63
20421,0x00D0,170,184
20421,0x02FD,39,41
20421,0x0874,222,86
20421,0x0875,42,1
20421,0x0876,86,222
20421,0x0877,1,42
20421,0x0894,22,14
20421,0x0895,91,58
20421,0x0896,14,22
20421,0x0897,58,91
20421,0x0908,230,227
20421,0x090C,246,243
20421,0x0910,110,106
20421,0x0914,126,122
20421,0x0918,149,146
20421,0x0919,145,148
20421,0x091C,165,162
20421,0x091D,145,148
20421,0x0920,189,185
20421,0x0921,90,96
20421,0x0924,205,201
20421,0x0925,90,96
20421,0x0B24,78,79
20421,0x0B26,157,158
20421,0x0B28,58,60
20421,0x0B84,78,79
20421,0x0B86,157,158
20421,0x0B88,58,60
20421,0x0F99,157,158
20421,0x0F9D,157,158
20421,0x0FD1,157,158
20421,0x0FF0,157,158
20421,0x16D0,216,64
20421,0x16D1,246,243
20421,0x16E6,241,239
20421,0x16F5,178,176
20421,0x16F8,5,3
20421,0x1710,116,220
20421,0x1711,126,122
20421,0x1713,96,207
20421,0x1719,81,47
20421,0x1726,174,172
20421,0x1735,111,109
20421,0x1738,9,7
20421,0x1750,252,100
20421,0x1751,165,162
20421,0x1753,19,110
20421,0x1754,153,156
20421,0x1759,199,165
20421,0x1766,196,194
20421,0x1775,133,131
20421,0x1778,31,29
20421,0x1790,132,236
20421,0x1791,205,201
20421,0x1793,162,233
20421,0x1794,98,104
20421,0x1799,61,27
20421,0x17A6,218,216
20421,0x17B5,155,153
20421,0x17B8,53,51
20423,0x0020,201,198
20423,0x0022,96,102
20423,0x0069,173,175
20423,0x006B,103,105
20423,0x007B,158,159
20423,0x00AD,62,64
20423,0x00CD,231,234
20423,0x00CE,196,202
20423,0x00CF,63,73
20423,0x00D0,184,198
20423,0x02FD,41,39
20423,0x0874,86,222
20423,0x0875,1,42
20423,0x0876,222,86
20423,0x0877,42,1
20423,0x0894,14,22
20423,0x0895,58,91
20423,0x0896,22,14
20423,0x0897,91,58
20423,0x0908,227,223
20423,0x090C,243,239
20423,0x0910,106,103
20423,0x0914,122,119
20423,0x0918,146,142
20423,0x0919,148,151
20423,0x091C,162,158
20423,0x091D,148,151
20423,0x0920,185,182
20423,0x0921,96,102
20423,0x0924,201,198
20423,0x0925,96,102
20423,0x0B26,158,159
20423,0x0B28,60,62
20423,0x0B86,158,159
20423,0x0B88,60,62
20423,0x0F99,158,159
20423,0x0F9D,158,159
20423,0x0FD1,158,159
20423,0x0FF0,158,159
20423,0x16D0,64,168
20423,0x16D1,243,239
20423,0x16E6,239,237
20423,0x16F5,176,174
20423,0x16F8,3,1
20423,0x1710,220,68
20423,0x1711,122,119
20423,0x1713,207,250
20423,0x1719,47,13
20423,0x1726,172,170
20423,0x1735,109,107
20423,0x1738,7,5
20423,0x1750,100,204
20423,0x1751,162,158
20423,0x1753,110,133
20423,0x1754,156,159
20423,0x1759,165,131
20423,0x1766,194,192
20423,0x1775,131,129
20423,0x1778,29,27
20423,0x1790,236,84
20423,0x1791,201,198
20423,0x1793,233,236
20423,0x1794,104,110
20423,0x1799,27,249
20423,0x179A,3,2
20423,0x17A6,216,214
20423,0x17B5,153,151
20423,0x17B8,51,49
20425,0x0004,14,16
20425,0x0020,198,194
20425,0x0022,102,108
20425,0x0069,175,177
20425,0x006B,105,107
20425,0x007B,159,160
20425,0x00AD,64,66
20425,0x00CD,234,237
20425,0x00CE,202,208
20425,0x00CF,73,83
20425,0x00D0,198,212
20425,0x02FD,39,41
20425,0x0501,135,197
20425,0x0502,82,93
20425,0x0503,20,8
20425,0x0508,83,74
20425,0x0509,85,94
20425,0x050A,20,4
20425,0x050B,20,8
20425,0x050F,134,10
20425,0x0510,82,84
20425,0x0512,40,12
20425,0x0516,82,148
20425,0x0517,85,94
20425,0x0519,44,32
20425,0x051D,132,84
20425,0x051E,82,85
20425,0x0520,64,52
20425,0x0524,128,136
20425,0x0600,0,73
20425,0x0601,0,8
20425,0x0602,0,21
20425,0x0603,0,8
20425,0x0604,0,37
20425,0x0605,0,8
20425,0x0606,0,53
20425,0x0607,0,8
20425,0x0608,83,116
20425,0x0609,63,16
20425,0x060A,37,117
20425,0x060B,63,16
20425,0x060C,59,0
20425,0x060D,63,0
20425,0x060E,75,0
20425,0x060F,63,0
20425,0x0614,0,166
20425,0x0615,0,26
20425,0x0616,21,182
20425,0x0617,13,26
20425,0x0618,0,159
20425,0x0619,0,26
20425,0x061A,0,109
20425,0x061B,0,24
20425,0x061C,16,0
20425,0x061D,13,0
20425,0x061E,32,0
20425,0x061F,13,0
20425,0x0620,3,11
20425,0x0622,218,207
20425,0x0624,234,95
20425,0x0625,12,16
20425,0x0626,250,153
20425,0x0627,12,17
20425,0x0628,0,11
20425,0x0629,0,16
20425,0x062A,0,11
20425,0x062B,0,16
20425,0x062C,0,31
20425,0x062D,0,17
20425,0x062E,0,47
20425,0x062F,0,17
20425,0x0630,82,116
20425,0x0631,63,16
20425,0x0632,36,117
20425,0x0633,63,16
20425,0x0634,58,20
20425,0x0635,63,13
20425,0x0636,74,22
20425,0x0637,63,13
20425,0x0638,0,24
20425,0x0639,0,13
20425,0x063A,0,25
20425,0x063B,0,13
20425,0x063C,233,17
20425,0x063D,12,13
20425,0x063E,249,33
20425,0x063F,12,13
20425,0x0640,0,4
20425,0x0641,0,13
20425,0x0642,0,219
20425,0x0643,0,12
20425,0x0644,0,235
20425,0x0645,0,12
20425,0x0646,0,251
20425,0x0647,0,12
20425,0x0648,82,0
20425,0x0649,63,0
20425,0x064A,36,0
20425,0x064B,63,0
20425,0x064C,58,0
20425,0x064D,63,0
20425,0x064E,74,0
20425,0x064F,63,0
20425,0x0650,0,82
20425,0x0651,0,63
20425,0x0652,0,36
20425,0x0653,0,63
20425,0x0654,0,58
20425,0x0655,0,63
20425,0x0874,222,86
20425,0x0875,42,1
20425,0x0876,86,222
20425,0x0877,1,42
20425,0x0894,22,14
20425,0x0895,91,58
20425,0x0896,14,22
20425,0x0897,58,91
20425,0x0908,223,220
20425,0x090C,239,236
20425,0x0910,103,99
20425,0x0914,119,115
20425,0x0918,142,139
20425,0x0919,151,154
20425,0x091C,158,155
20425,0x091D,151,154
20425,0x0920,182,178
20425,0x0921,102,108
20425,0x0924,198,194
20425,0x0925,102,108
20425,0x0B22,39,40
20425,0x0B24,79,80
20425,0x0B26,159,160
20425,0x0B28,62,64
20425,0x0B82,39,40
20425,0x0B84,79,80
20425,0x0B86,159,160
20425,0x0B88,62,64
20425,0x0F99,159,160
20425,0x0F9D,159,160
20425,0x0FD1,159,160
20425,0x0FF0,159,160
20425,0x16D0,168,16
20425,0x16D1,239,236
20425,0x16D3,0,141
20425,0x16D9,0,94
20425,0x16DD,0,47
20425,0x16E6,237,235
20425,0x16F5,174,172
20425,0x16F8,1,17
20425,0x16F9,6,2
20425,0x16FA,95,99
20425,0x1710,68,172
20425,0x1711,119,115
20425,0x1713,250,225
20425,0x1719,13,235
20425,0x171A,0,255
20425,0x171B,0,255
20425,0x1726,170,168
20425,0x1735,107,105
20425,0x1738,5,3
20425,0x1750,204,52
20425,0x1751,158,155
20425,0x1753,133,88
20425,0x1754,159,162
20425,0x1759,131,97
20425,0x1766,192,190
20425,0x1775,129,127
20425,0x1778,27,25
20425,0x1790,84,188
20425,0x1791,198,194
20425,0x1793,236,171
20425,0x1794,110,116
20425,0x1799,249,215
20425,0x17A6,214,212
20425,0x17B5,151,149
20425,0x17B8,49,47
20427,0x0020,194,191
20427,0x0022,108,114
20427,0x0069,177,179
20427,0x006B,107,109
20427,0x007B,160,161
20427,0x00AD,66,68
20427,0x00CD,237,240
20427,0x00CE,208,214
20427,0x00CF,83,93
20427,0x00D0,212,226
20427,0x0874,86,222
20427,0x0875,1,42
20427,0x0876,222,86
20427,0x0877,42,1
20427,0x0894,14,22
20427,0x0895,58,91
20427,0x0896,22,14
20427,0x0897,91,58
20427,0x0908,220,216
20427,0x0909,56,57
20427,0x090C,236,232
20427,0x090D,56,57
20427,0x0910,99,96
20427,0x0914,115,112
20427,0x0918,139,135
20427,0x0919,154,156
20427,0x091C,155,151
20427,0x091D,154,156
20427,0x0920,178,175
20427,0x0921,108,114
20427,0x0924,194,191
20427,0x0925,108,114
20427,0x0B26,160,161
20427,0x0B28,64,66
20427,0x0B86,160,161
20427,0x0B88,64,66
20427,0x0F99,160,161
20427,0x0F9D,160,161
20427,0x0FD1,160,161
20427,0x0FF0,160,161
20427,0x16D0,16,120
20427,0x16D1,236,232
20427,0x16D3,141,214
20427,0x16D4,64,65
20427,0x16D9,94,188
20427,0x16E6,235,233
20427,0x16F5,172,170
20427,0x16F8,17,15
20427,0x1710,172,20
20427,0x1711,115,112
20427,0x1713,225,132
20427,0x1719,235,201
20427,0x1726,168,166
20427,0x1735,105,103
20427,0x1738,3,1
20427,0x1750,52,156
20427,0x1751,155,151
20427,0x1753,88,231
20427,0x1754,162,164
20427,0x1759,97,63
20427,0x1766,190,188
20427,0x1775,127,125
20427,0x1778,25,23
20427,0x1790,188,36
20427,0x1791,194,191
20427,0x1793,171,38
20427,0x1794,116,122
20427,0x1799,215,181
20427,0x17A6,212,210
20427,0x17B5,149,147
20427,0x17B8,47,45
20429,0x0020,191,187
20429,0x0022,114,119
20429,0x0069,179,181
20429,0x006B,109,111
20429,0x007B,161,162
20429,0x00AD,68,70
20429,0x00CD,240,243
20429,0x00CE,214,220
20429,0x00CF,93,103
20429,0x00D0,226,240
20429,0x0874,222,86
20429,0x0875,42,1
20429,0x0876,86,222
20429,0x0877,1,42
20429,0x0894,22,14
20429,0x0895,91,58
20429,0x0896,14,22
20429,0x0897,58,91
20429,0x0908,216,212
20429,0x0909,57,59
20429,0x090C,232,228
20429,0x090D,57,59
20429,0x0910,96,92
20429,0x0914,112,108
20429,0x0918,135,132
20429,0x0919,156,159
20429,0x091C,151,148
20429,0x091D,156,159
20429,0x0920,175,171
20429,0x0921,114,119
20429,0x0924,191,187
20429,0x0925,114,119
20429,0x0B24,80,81
20429,0x0B26,161,162
20429,0x0B28,66,68
20429,0x0B84,80,81
20429,0x0B86,161,162
20429,0x0B88,66,68
20429,0x0F99,161,162
20429,0x0F9D,161,162
20429,0x0FD1,161,162
20429,0x0FF0,161,162
20429,0x16D0,120,224
20429,0x16D1,232,228
20429,0x16D3,214,219
20429,0x16D4,65,67
20429,0x16D9,188,26
20429,0x16DA,0,1
20429,0x16E6,233,231
20429,0x16F5,170,168
20429,0x16F8,15,13
20429,0x1710,20,124
20429,0x1711,112,108
20429,0x1726,166,164
20429,0x1735,103,101
20429,0x1738,1,17
20429,0x1739,2,6
20429,0x173A,103,106
20429,0x1750,156,4
20429,0x1751,151,148
20429,0x1753,231,50
20429,0x1754,164,167
20429,0x1759,63,29
20429,0x1766,188,186
20429,0x1775,125,123
20429,0x1778,23,21
20429,0x1790,36,140
20429,0x1791,191,187
20429,0x1793,38,93
20429,0x1794,122,127
20429,0x1799,181,147
20429,0x17A6,210,208
20429,0x17B5,147,145
20429,0x17B8,45,43
20431,0x0020,187,183
20431,0x0022,119,124
20431,0x0069,181,183
20431,0x006B,111,113
20431,0x007B,162,163
20431,0x00AD,70,72
20431,0x00CD,243,246
20431,0x00CE,220,226
20431,0x00CF,103,113
20431,0x00D0,240,254
20431,0x0874,86,222
20431,0x0875,1,42
20431,0x0876,222,86
20431,0x0877,42,1
20431,0x0894,14,22
20431,0x0895,58,91
20431,0x0896,22,14
20431,0x0897,91,58
20431,0x0908,212,209
20431,0x0909,59,62
20431,0x090C,228,225
20431,0x090D,59,62
20431,0x0910,92,88
20431,0x0914,108,104
20431,0x0918,132,128
20431,0x0919,159,161
20431,0x091C,148,144
20431,0x091D,159,161
20431,0x0920,171,167
20431,0x0921,119,124
20431,0x0924,187,183
20431,0x0925,119,124
20431,0x0B26,162,163
20431,0x0B28,68,70
20431,0x0B86,162,163
20431,0x0B88,68,70
20431,0x0F99,162,163
20431,0x0F9D,162,163
20431,0x0FD1,162,163
20431,0x0FF0,162,163
20431,0x16D0,224,72
20431,0x16D1,228,225
20431,0x16D3,219,156
20431,0x16D4,67,70
20431,0x16D9,26,120
20431,0x16E6,231,229
20431,0x16F5,168,166
20431,0x16F8,13,11
20431,0x1710,124,228
20431,0x1711,108,104
20431,0x1726,164,162
20431,0x1735,101,99
20431,0x1738,17,15
20431,0x1750,4,108
20431,0x1751,148,144
20431,0x1753,50,57
20431,0x1754,167,169
20431,0x1759,29,251
20431,0x175A,1,0
20431,0x1766,186,184
20431,0x1775,123,121
20431,0x1778,21,19
20431,0x1790,140,244
20431,0x1791,187,183
20431,0x1793,93,80
20431,0x1794,127,132
20431,0x1799,147,113
20431,0x17A6,208,206
20431,0x17B5,145,143
20431,0x17B8,43,41
20433,0x0004,16,18
20433,0x0020,183,180
20433,0x0022,124,128
20433,0x0069,183,185
20433,0x006B,113,115
20433,0x007B,163,164
20433,0x00AD,72,74
20433,0x00CD,246,249
20433,0x00CE,226,232
20433,0x00CF,113,123
20433,0x00D0,254,12
20433,0x02FD,41,39
20433,0x0501,197,137
20433,0x0502,93,82
20433,0x0503,8,20
20433,0x0600,73,0
20433,0x0601,8,0
20433,0x0602,21,0
20433,0x0603,8,0
20433,0x0604,37,0
20433,0x0605,8,0
20433,0x0606,53,0
20433,0x0607,8,0
20433,0x0608,116,83
20433,0x0609,16,63
20433,0x060A,117,37
20433,0x060B,16,63
20433,0x060C,0,59
20433,0x060D,0,63
20433,0x060E,0,50
20433,0x060F,0,63
20433,0x0874,222,86
20433,0x0875,42,1
20433,0x0876,86,222
20433,0x0877,1,42
20433,0x0894,22,14
20433,0x0895,91,58
20433,0x0896,14,22
20433,0x0897,58,91
20433,0x0908,209,205
20433,0x0909,62,66
20433,0x090C,225,221
20433,0x090D,62,66
20433,0x0910,88,85
20433,0x0914,104,101
20433,0x0918,128,124
20433,0x0919,161,162
20433,0x091C,144,140
20433,0x091D,161,162
20433,0x0920,167,164
20433,0x0921,124,128
20433,0x0924,183,180
20433,0x0925,124,128
20433,0x0B22,40,41
20433,0x0B24,81,82
20433,0x0B26,163,164
20433,0x0B28,70,72
20433,0x0B82,40,41
20433,0x0B84,81,82
20433,0x0B86,163,164
20433,0x0B88,70,72
20433,0x0F99,163,164
20433,0x0F9D,163,164
20433,0x0FD1,163,164
20433,0x0FF0,163,164
20433,0x16D0,72,176
20433,0x16D1,225,221
20433,0x16D3,156,25
20433,0x16D4,70,74
20433,0x16D9,120,214
20433,0x16E6,229,227
20433,0x16F5,166,164
20433,0x16F8,11,9
20433,0x1710,228,76
20433,0x1711,104,101
20433,0x1726,162,160
20433,0x1735,99,97
20433,0x1738,15,13
20433,0x1750,108,212
20433,0x1751,144,140
20433,0x1753,57,252
20433,0x1754,169,170
20433,0x1759,251,217
20433,0x1766,184,182
20433,0x1775,121,119
20433,0x1778,19,17
20433,0x1790,244,92
20433,0x1791,183,180
20433,0x1793,80,255
20433,0x1794,132,136
20433,0x1799,113,79
20433,0x17A6,206,204
20433,0x17B5,143,141
20433,0x17B8,41,39
20435,0x0020,180,176
20435,0x0022,128,133
20435,0x0069,185,187
20435,0x006B,115,117
20435,0x007B,164,165
20435,0x00AD,74,76
20435,0x00CD,249,252
20435,0x00CE,232,238
20435,0x00CF,123,133
20435,0x00D0,12,26
20435,0x02FD,39,41
20435,0x0874,86,222
20435,0x0875,1,42
20435,0x0876,222,86
20435,0x0877,42,1
20435,0x0894,14,22
20435,0x0895,58,91
20435,0x0896,22,14
20435,0x0897,91,58
20435,0x0908,205,202
20435,0x0909,66,70
20435,0x090C,221,218
20435,0x090D,66,70
20435,0x0910,85,81
20435,0x0914,101,97
20435,0x0918,124,121
20435,0x0919,162,164
20435,0x091C,140,137
20435,0x091D,162,164
20435,0x0920,164,160
20435,0x0921,128,133
20435,0x0924,180,176
20435,0x0925,128,133
20435,0x0B26,164,165
20435,0x0B28,72,74
20435,0x0B86,164,165
20435,0x0B88,72,74
20435,0x0F99,164,165
20435,0x0F9D,164,165
20435,0x0FD1,164,165
20435,0x0FF0,164,165
20435,0x16D0,176,24
20435,0x16D1,221,218
20435,0x16D3,25,82
20435,0x16D4,74,78
20435,0x16D9,214,52
20435,0x16DA,1,2
20435,0x16E6,227,225
20435,0x16F5,164,162
20435,0x16F8,9,7
20435,0x1710,76,180
20435,0x1711,101,97
20435,0x1726,160,158
20435,0x1735,97,95
20435,0x1738,13,11
20435,0x1750,212,60
20435,0x1751,140,137
20435,0x1753,252,123
20435,0x1754,170,172
20435,0x1759,217,183
20435,0x1766,182,180
20435,0x1775,119,117
20435,0x1778,17,15
20435,0x1790,92,196
20435,0x1791,180,176
20435,0x1793,255,106
20435,0x1794,136,141
20435,0x1799,79,45
20435,0x17A6,204,202
20435,0x17B5,141,139
20435,0x17B8,39,37
20437,0x0020,176,173
20437,0x0022,133,137
20437,0x0069,187,189
20437,0x006B,117,119
20437,0x007B,165,166
20437,0x00AD,76,78
20437,0x00CD,252,255
20437,0x00CE,238,244
20437,0x00CF,133,143
20437,0x00D0,26,40
20437,0x0874,222,86
20437,0x0875,42,1
20437,0x0876,86,222
20437,0x0877,1,42
20437,0x0894,22,14
20437,0x0895,91,58
20437,0x0896,14,22
20437,0x0897,58,91
20437,0x0908,202,198
20437,0x0909,70,75
20437,0x090C,218,214
20437,0x090D,70,75
20437,0x0910,81,78
20437,0x0914,97,94
20437,0x0918,121,117
20437,0x0919,164,165
20437,0x091C,137,133
20437,0x091D,164,165
20437,0x0920,160,157
20437,0x0921,133,137
20437,0x0924,176,173
20437,0x0925,133,137
20437,0x0B24,82,83
20437,0x0B26,165,166
20437,0x0B28,74,76
20437,0x0B84,82,83
20437,0x0B86,165,166
20437,0x0B88,74,76
20437,0x0F99,165,166
20437,0x0F9D,165,166
20437,0x0FD1,165,166
20437,0x0FF0,165,166
20437,0x16D0,24,128
20437,0x16D1,218,214
20437,0x16D3,82,71
20437,0x16D4,78,83
20437,0x16D9,52,146
20437,0x16E6,225,223
20437,0x16F5,162,160
20437,0x16F8,7,5
20437,0x1710,180,28
20437,0x1711,97,94
20437,0x1726,158,156
20437,0x1735,95,93
20437,0x1738,11,9
20437,0x1750,60,164
20437,0x1751,137,133
20437,0x1753,123,182
20437,0x1754,172,173
20437,0x1759,183,149
20437,0x1766,180,178
20437,0x1775,117,115
20437,0x1778,15,13
20437,0x1790,196,44
20437,0x1791,176,173
20437,0x1793,106,145
20437,0x1794,141,145
20437,0x1799,45,11
20437,0x17A6,202,200
20437,0x17B5,139,137
20437,0x17B8,37,35
20439,0x0020,173,169
20439,0x0022,137,141
20439,0x0069,189,191
20439,0x006B,119,121
20439,0x007B,166,167
20439,0x00AD,78,80
20439,0x00CD,255,2
20439,0x00CE,244,251
20439,0x00CF,143,153
20439,0x00D0,40,54
20439,0x0874,86,222
20439,0x0875,1,42
20439,0x0876,222,86
20439,0x0877,42,1
20439,0x0894,14,22
20439,0x0895,58,91
20439,0x0896,22,14
20439,0x0897,91,58
20439,0x0908,198,194
20439,0x0909,75,80
20439,0x090C,214,210
20439,0x090D,75,80
20439,0x0910,78,74
20439,0x0914,94,90
20439,0x0918,117,114
20439,0x0919,165,166
20439,0x091C,133,130
20439,0x091D,165,166
20439,0x0920,157,153
20439,0x0921,137,141
20439,0x0924,173,169
20439,0x0925,137,141
20439,0x0B26,166,167
20439,0x0B28,76,78
20439,0x0B86,166,167
20439,0x0B88,76,78
20439,0x0F99,166,167
20439,0x0F9D,166,167
20439,0x0FD1,166,167
20439,0x0FF0,166,167
20439,0x16D0,128,232
20439,0x16D1,214,210
20439,0x16D3,71,248
20439,0x16D4,83,88
20439,0x16D9,146,240
20439,0x16E6,223,221
20439,0x16F5,160,158
20439,0x16F8,5,3
20439,0x1710,28,132
20439,0x1711,94,90
20439,0x1726,156,154
20439,0x1735,93,91
20439,0x1738,9,7
20439,0x1750,164,12
20439,0x1751,133,130
20439,0x1753,182,173
20439,0x1754,173,174
20439,0x1759,149,115
20439,0x1766,178,176
20439,0x1775,115,113
20439,0x1778,13,11
20439,0x1790,44,148
20439,0x1791,173,169
20439,0x1793,145,116
20439,0x1794,145,149
20439,0x1799,11,233
20439,0x179A,2,1
20439,0x17A6,200,198
20439,0x17B5,137,135
20439,0x17B8,35,33
20441,0x0004,18,20
20441,0x0020,169,165
20441,0x0022,141,145
20441,0x0069,191,193
20441,0x006B,121,123
20441,0x007B,167,168
20441,0x00AD,80,82
20441,0x00CD,2,5
20441,0x00CE,251,1
20441,0x00CF,153,164
20441,0x00D0,54,68
20441,0x0501,137,149
20441,0x0502,82,94
20441,0x0508,74,85
20441,0x0509,94,85
20441,0x050A,4,20
20441,0x050B,8,20
20441,0x050F,10,138
20441,0x0510,84,82
20441,0x0512,12,40
20441,0x0600,0,12
20441,0x0601,0,13
20441,0x0602,0,207
20441,0x0603,0,12
20441,0x0604,0,217
20441,0x0605,0,16
20441,0x0606,0,154
20441,0x0607,0,17
20441,0x0608,83,11
20441,0x0609,63,16
20441,0x060A,37,11
20441,0x060B,63,16
20441,0x060C,59,29
20441,0x060D,63,17
20441,0x060E,50,45
20441,0x060F,63,17
20441,0x0610,0,116
20441,0x0611,0,16
20441,0x0612,0,118
20441,0x0613,0,16
20441,0x0614,166,0
20441,0x0615,26,0
20441,0x0616,182,23
20441,0x0617,26,13
20441,0x0618,159,0
20441,0x0619,26,0
20441,0x061A,109,26
20441,0x061B,24,13
20441,0x061C,0,18
20441,0x061D,0,13
20441,0x061E,0,34
20441,0x061F,0,13
20441,0x0620,11,5
20441,0x0622,207,220
20441,0x0624,95,236
20441,0x0625,16,12
20441,0x0626,153,252
20441,0x0627,17,12
20441,0x0628,11,0
20441,0x0629,16,0
20441,0x062A,11,0
20441,0x062B,16,0
20441,0x062C,31,0
20441,0x062D,17,0
20441,0x062E,47,0
20441,0x062F,17,0
20441,0x0630,116,82
20441,0x0631,16,63
20441,0x0632,117,36
20441,0x0633,16,63
20441,0x0634,20,58
20441,0x0635,13,63
20441,0x0636,22,74
20441,0x0637,13,63
20441,0x0638,24,0
20441,0x0639,13,0
20441,0x063A,25,0
20441,0x063B,13,0
20441,0x0874,222,86
20441,0x0875,42,1
20441,0x0876,86,222
20441,0x0877,1,42
20441,0x0894,22,14
20441,0x0895,91,58
20441,0x0896,14,22
20441,0x0897,58,91
20441,0x0908,194,191
20441,0x0909,80,87
20441,0x090C,210,207
20441,0x090D,80,87
20441,0x0910,74,70
20441,0x0914,90,86
20441,0x0918,114,110
20441,0x0919,166,167
20441,0x091C,130,126
20441,0x091D,166,167
20441,0x0920,153,149
20441,0x0921,141,145
20441,0x0924,169,165
20441,0x0925,141,145
20441,0x0B22,41,42
20441,0x0B24,83,84
20441,0x0B26,167,168
20441,0x0B28,78,80
20441,0x0B82,41,42
20441,0x0B84,83,84
20441,0x0B86,167,168
20441,0x0B88,78,80
20441,0x0F99,167,168
20441,0x0F9D,167,168
20441,0x0FD1,167,168
20441,0x0FF0,167,168
20441,0x16D0,232,80
20441,0x16D1,210,207
20441,0x16D3,248,101
20441,0x16D4,88,95
20441,0x16D9,240,78
20441,0x16DA,2,3
20441,0x16E6,221,219
20441,0x16F5,158,156
20441,0x16F8,3,1
20441,0x1710,132,236
20441,0x1711,90,86
20441,0x1726,154,152
20441,0x1735,91,89
20441,0x1738,7,5
20441,0x1750,12,116
20441,0x1751,130,126
20441,0x1753,173,96
20441,0x1754,174,175
20441,0x1759,115,81
20441,0x1766,176,174
20441,0x1775,113,111
20441,0x1778,11,9
20441,0x1790,148,252
20441,0x1791,169,165
20441,0x1793,116,19
20441,0x1794,149,153
20441,0x1799,233,199
20441,0x17A6,198,196
20441,0x17B5,135,133
20441,0x17B8,33,31
20443,0x0020,165,162
20443,0x0022,145,148
20443,0x0069,193,195
20443,0x006B,123,125
20443,0x007B,168,169
20443,0x00AD,82,84
20443,0x00CD,5,8
20443,0x00CE,1,7
20443,0x00CF,164,174
20443,0x00D0,68,82
20443,0x0874,86,222
20443,0x0875,1,42
20443,0x0876,222,86
20443,0x0877,42,1
20443,0x0894,14,22
20443,0x0895,58,91
20443,0x0896,22,14
20443,0x0897,91,58
20443,0x0908,191,187
20443,0x0909,87,93
20443,0x090C,207,203
20443,0x090D,87,93
20443,0x0910,70,67
20443,0x0914,86,83
20443,0x0918,110,106
20443,0x091C,126,122
20443,0x0920,149,146
20443,0x0921,145,148
20443,0x0924,165,162
20443,0x0925,145,148
20443,0x0B26,168,169
20443,0x0B28,80,82
20443,0x0B86,168,169
20443,0x0B88,80,82
20443,0x0F99,168,169
20443,0x0F9D,168,169
20443,0x0FD1,168,169
20443,0x0FF0,168,169
20443,0x16D0,80,184
20443,0x16D1,207,203
20443,0x16D3,101,206
20443,0x16D4,95,101
20443,0x16D9,78,44
20443,0x16DD,47,239
20443,0x16E6,219,217
20443,0x16F5,156,154
20443,0x16F8,1,52
20443,0x16FA,99,103
20443,0x1710,236,84
20443,0x1711,86,83
20443,0x1726,152,150
20443,0x1735,89,87
20443,0x1738,5,3
20443,0x1750,116,220
20443,0x1751,126,122
20443,0x1753,96,207
20443,0x1759,81,47
20443,0x1766,174,172
20443,0x1775,111,109
20443,0x1778,9,7
20443,0x1790,252,100
20443,0x1791,165,162
20443,0x1793,19,110
20443,0x1794,153,156
20443,0x1799,199,165
20443,0x17A6,196,194
20443,0x17B5,133,131
20443,0x17B8,31,29
20445,0x0020,162,158
20445,0x0022,148,151
20445,0x0069,195,197
20445,0x006B,125,127
20445,0x007B,169,170
20445,0x00AD,84,86
20445,0x00CD,8,11
20445,0x00CE,7,13
20445,0x00CF,174,184
20445,0x00D0,82,96
20445,0x02FD,41,39
20445,0x0874,222,86
20445,0x0875,42,1
20445,0x0876,86,222
20445,0x0877,1,42
20445,0x0894,22,14
20445,0x0895,91,58
20445,0x0896,14,22
20445,0x0897,58,91
20445,0x0908,187,184
20445,0x0909,93,99
20445,0x090C,203,200
20445,0x090D,93,99
20445,0x0910,67,63
20445,0x0914,83,79
20445,0x0918,106,103
20445,0x091C,122,119
20445,0x0920,146,142
20445,0x0921,148,151
20445,0x0924,162,158
20445,0x0925,148,151
20445,0x0B24,84,85
20445,0x0B26,169,170
20445,0x0B28,82,84
20445,0x0B84,84,85
20445,0x0B86,169,170
20445,0x0B88,82,84
20445,0x0F99,169,170
20445,0x0F9D,169,170
20445,0x0FD1,169,170
20445,0x0FF0,169,170
20445,0x16D0,184,32
20445,0x16D1,203,200
20445,0x16D3,206,243
20445,0x16D4,101,107
20445,0x16D9,44,10
20445,0x16E6,217,215
20445,0x16F5,154,152
20445,0x16F8,52,50
20445,0x1710,84,188
20445,0x1711,83,79
20445,0x1726,150,148
20445,0x1735,87,85
20445,0x1738,3,1
20445,0x1750,220,68
20445,0x1751,122,119
20445,0x1753,207,250
20445,0x1759,47,13
20445,0x1766,172,170
20445,0x1775,109,107
20445,0x1778,7,5
20445,0x1790,100,204
20445,0x1791,162,158
20445,0x1793,110,133
20445,0x1794,156,159
20445,0x1799,165,131
20445,0x17A6,194,192
20445,0x17B5,131,129
20445,0x17B8,29,27
20447,0x0020,158,155
20447,0x0022,151,154
20447,0x0069,197,199
20447,0x006B,127,129
20447,0x007B,170,171
20447,0x00AD,86,88
20447,0x00CD,11,14
20447,0x00CE,13,19
20447,0x00CF,184,194
20447,0x00D0,96,110
20447,0x0874,86,222
20447,0x0875,1,42
20447,0x0876,222,86
20447,0x0877,42,1
20447,0x0894,14,22
20447,0x0895,58,91
20447,0x0896,22,14
20447,0x0897,91,58
20447,0x0908,184,180
20447,0x0909,99,105
20447,0x090C,200,196
20447,0x090D,99,105
20447,0x0910,63,60
20447,0x0912,2,6
20447,0x0914,79,76
20447,0x0916,0,4
20447,0x0918,103,99
20447,0x091C,119,115
20447,0x0920,142,139
20447,0x0921,151,154
20447,0x0924,158,155
20447,0x0925,151,154
20447,0x0B26,170,171
20447,0x0B28,84,86
20447,0x0B86,170,171
20447,0x0B88,84,86
20447,0x0F99,170,171
20447,0x0F9D,170,171
20447,0x0FD1,170,171
20447,0x0FF0,170,171
20447,0x16D0,32,136
20447,0x16D1,200,196
20447,0x16D3,243,212
20447,0x16D4,107,113
20447,0x16D9,10,232
20447,0x16DA,3,2
20447,0x16E6,215,213
20447,0x16F5,152,150
20447,0x16F8,50,48
20447,0x1710,188,60
20447,0x1711,79,76
20447,0x1713,132,7
20447,0x1716,52,68
20447,0x1719,201,191
20447,0x171C,0,8
20447,0x171D,239,251
20447,0x1722,220,217
20447,0x1724,222,219
20447,0x1726,148,253
20447,0x172C,124,111
20447,0x172D,12,43
20447,0x1735,85,83
20447,0x1738,1,45
20447,0x1739,6,0
20447,0x173A,106,111
20447,0x1750,68,172
20447,0x1751,119,115
20447,0x1753,250,225
20447,0x1759,13,235
20447,0x175A,0,255
20447,0x175B,0,255
20447,0x1766,170,168
20447,0x1775,107,105
20447,0x1778,5,3
20447,0x1790,204,52
20447,0x1791,158,155
20447,0x1793,133,88
20447,0x1794,159,162
20447,0x1799,131,97
20447,0x17A6,192,190
20447,0x17B5,129,127
20447,0x17B8,27,25
20449,0x0004,20,22
20449,0x0020,155,151
20449,0x0022,154,156
20449,0x0069,199,201
20449,0x006B,129,131
20449,0x007B,171,172
20449,0x00AD,88,90
20449,0x00CD,14,17
20449,0x00CE,19,25
20449,0x00CF,194,204
20449,0x00D0,110,124
20449,0x0501,149,139
20449,0x0502,94,82
20449,0x0600,12,0
20449,0x0601,13,0
20449,0x0602,207,0
20449,0x0603,12,0
20449,0x0604,217,0
20449,0x0605,16,0
20449,0x0606,154,67
20449,0x0607,17,63
20449,0x0608,11,68
20449,0x0609,16,63
20449,0x060A,11,37
20449,0x060B,16,63
20449,0x060C,29,59
20449,0x060D,17,63
20449,0x060E,45,75
20449,0x060F,17,63
20449,0x0610,116,0
20449,0x0611,16,0
20449,0x0612,118,0
20449,0x0613,16,0
20449,0x0874,222,86
20449,0x0875,42,1
20449,0x0876,86,222
20449,0x0877,1,42
20449,0x0894,22,14
20449,0x0895,91,58
20449,0x0896,14,22
20449,0x0897,58,91
20449,0x0908,180,176
20449,0x0909,105,111
20449,0x090C,196,192
20449,0x090D,105,111
20449,0x0910,60,56
20449,0x0911,167,166
20449,0x0914,76,72
20449,0x0915,167,166
20449,0x0918,99,96
20449,0x091C,115,112
20449,0x0920,139,135
20449,0x0921,154,156
20449,0x0924,155,151
20449,0x0925,154,156
20449,0x0B22,42,43
20449,0x0B24,85,86
20449,0x0B26,171,172
20449,0x0B28,86,88
20449,0x0B82,42,43
20449,0x0B84,85,86
20449,0x0B86,171,172
20449,0x0B88,86,88
20449,0x0F99,171,172
20449,0x0F9D,171,172
20449,0x0FD1,171,172
20449,0x0FF0,171,172
20449,0x16D0,136,240
20449,0x16D1,196,192
20449,0x16D3,212,113
20449,0x16D4,113,119
20449,0x16D9,232,198
20449,0x16E6,213,211
20449,0x16F5,150,148
20449,0x16F8,48,46
20449,0x1710,60,220
20449,0x1711,76,72
20449,0x1713,7,118
20449,0x1714,175,174
20449,0x1716,68,84
20449,0x1719,191,181
20449,0x1726,253,251
20449,0x1735,83,81
20449,0x1738,45,43
20449,0x1750,172,20
20449,0x1751,115,112
20449,0x1753,225,132
20449,0x1759,235,201
20449,0x1766,168,166
20449,0x1775,105,103
20449,0x1778,3,1
20449,0x1790,52,156
20449,0x1791,155,151
20449,0x1793,88,231
20449,0x1794,162,164
20449,0x1799,97,63
20449,0x17A6,190,188
20449,0x17B5,127,125
20449,0x17B8,25,23
20451,0x0020,151,148
20451,0x0022,156,159
20451,0x0069,201,203
20451,0x006B,131,133
20451,0x007B,172,173
20451,0x00AD,90,92
20451,0x00CD,17,20
20451,0x00CE,25,31
20451,0x00CF,204,214
20451,0x00D0,124,138
20451,0x0874,86,222
20451,0x0875,1,42
20451,0x0876,222,86
20451,0x0877,42,1
20451,0x0894,14,22
20451,0x0895,58,91
20451,0x0896,22,14
20451,0x0897,91,58
20451,0x0908,176,173
20451,0x0909,111,116
20451,0x090C,192,189
20451,0x090D,111,116
20451,0x0910,56,53
20451,0x0911,166,165
20451,0x0914,72,69
20451,0x0915,166,165
20451,0x0918,96,92
20451,0x091C,112,108
20451,0x0920,135,132
20451,0x0921,156,159
20451,0x0924,151,148
20451,0x0925,156,159
20451,0x0B26,172,173
20451,0x0B28,88,90
20451,0x0B86,172,173
20451,0x0B88,88,90
20451,0x0F99,172,173
20451,0x0F9D,172,173
20451,0x0FD1,172,173
20451,0x0FF0,172,173
20451,0x16D0,240,88
20451,0x16D1,192,189
20451,0x16D3,113,202
20451,0x16D4,119,124
20451,0x16D9,198,164
20451,0x16E6,211,209
20451,0x16F5,148,146
20451,0x16F8,46,44
20451,0x1710,220,156
20451,0x1711,72,69
20451,0x1713,118,209
20451,0x1714,174,173
20451,0x1716,84,100
20451,0x1719,181,171
20451,0x1726,251,249
20451,0x1735,81,79
20451,0x1738,43,41
20451,0x1750,20,124
20451,0x1751,112,108
20451,0x1766,166,164
20451,0x1775,103,101
20451,0x1778,1,17
20451,0x1779,2,6
20451,0x177A,103,106
20451,0x1790,156,4
20451,0x1791,151,148
20451,0x1793,231,50
20451,0x1794,164,167
20451,0x1799,63,29
20451,0x17A6,188,186
20451,0x17B5,125,123
20451,0x17B8,23,21
20453,0x0020,148,144
20453,0x0022,159,161
20453,0x0069,203,205
20453,0x006B,133,135
20453,0x007B,173,174
20453,0x00AD,92,94
20453,0x00CD,20,23
20453,0x00CE,31,37
20453,0x00CF,214,224
20453,0x00D0,138,152
20453,0x02FD,39,41
20453,0x0874,222,86
20453,0x0875,42,1
20453,0x0876,86,222
20453,0x0877,1,42
20453,0x0894,22,14
20453,0x0895,91,58
20453,0x0896,14,22
20453,0x0897,58,91
20453,0x0908,173,169
20453,0x0909,116,121
20453,0x090C,189,185
20453,0x090D,116,121
20453,0x0910,53,50
20453,0x0914,69,66
20453,0x0918,92,88
20453,0x091C,108,104
20453,0x0920,132,128
20453,0x0921,159,161
20453,0x0924,148,144
20453,0x0925,159,161
20453,0x0B24,86,87
20453,0x0B26,173,174
20453,0x0B28,90,92
20453,0x0B84,86,87
20453,0x0B86,173,174
20453,0x0B88,90,92
20453,0x0F99,173,174
20453,0x0F9D,173,174
20453,0x0FD1,173,174
20453,0x0FF0,173,174
20453,0x16D0,88,192
20453,0x16D1,189,185
20453,0x16D3,202,223
20453,0x16D4,124,129
20453,0x16D9,164,130
20453,0x16E6,209,207
20453,0x16F5,146,144
20453,0x16F8,44,42
20453,0x1710,156,124
20453,0x1711,69,66
20453,0x1713,209,24
20453,0x1716,100,116
20453,0x1719,171,161
20453,0x1726,249,247
20453,0x1735,79,77
20453,0x1738,41,39
20453,0x1750,124,228
20453,0x1751,108,104
20453,0x1766,164,162
20453,0x1775,101,99
20453,0x1778,17,15
20453,0x1790,4,108
20453,0x1791,148,144
20453,0x1793,50,57
20453,0x1794,167,169
20453,0x1799,29,251
20453,0x179A,1,0
20453,0x17A6,186,184
20453,0x17B5,123,121
20453,0x17B8,21,19
20455,0x0020,144,140
20455,0x0022,161,162
20455,0x0069,205,207
20455,0x006B,135,137
20455,0x007B,174,175
20455,0x00AD,94,96
20455,0x00CD,23,26
20455,0x00CE,37,43
20455,0x00CF,224,234
20455,0x00D0,152,166
20455,0x02FD,41,39
20455,0x0874,86,222
20455,0x0875,1,42
20455,0x0876,222,86
20455,0x0877,42,1
20455,0x0894,14,22
20455,0x0895,58,91
20455,0x0896,22,14
20455,0x0897,91,58
20455,0x0908,169,166
20455,0x0909,121,126
20455,0x090C,185,182
20455,0x090D,121,126
20455,0x0910,50,47
20455,0x0911,165,164
20455,0x0914,66,63
20455,0x0915,165,164
20455,0x0918,88,85
20455,0x091C,104,101
20455,0x0920,128,124
20455,0x0921,161,162
20455,0x0924,144,140
20455,0x0925,161,162
20455,0x0B26,174,175
20455,0x0B28,92,94
20455,0x0B86,174,175
20455,0x0B88,92,94
20455,0x0F99,174,175
20455,0x0F9D,174,175
20455,0x0FD1,174,175
20455,0x0FF0,174,175
20455,0x16D0,192,40
20455,0x16D1,185,182
20455,0x16D3,223,176
20455,0x16D4,129,134
20455,0x16D9,130,96
20455,0x16E6,207,205
20455,0x16F5,144,142
20455,0x16F8,42,40
20455,0x1711,66,63
20455,0x1713,24,75
20455,0x1714,173,172
20455,0x1716,116,132
20455,0x1719,161,151
20455,0x1726,247,245
20455,0x1735,77,75
20455,0x1738,39,37
20455,0x1750,228,76
20455,0x1751,104,101
20455,0x1766,162,160
20455,0x1775,99,97
20455,0x1778,15,13
20455,0x1790,108,212
20455,0x1791,144,140
20455,0x1793,57,252
20455,0x1794,169,170
20455,0x1799,251,217
20455,0x17A6,184,182
20455,0x17B5,121,119
20455,0x17B8,19,17
20457,0x0004,22,24
20457,0x0020,140,137
20457,0x0022,162,164
20457,0x0069,207,209
20457,0x006B,137,139
20457,0x007B,175,176
20457,0x00AD,96,98
20457,0x00CD,26,29
20457,0x00CE,43,49
20457,0x00CF,234,244
20457,0x00D0,166,180
20457,0x0501,139,75
20457,0x0502,82,94
20457,0x0503,20,4
20457,0x0508,85,11
20457,0x0509,85,84
20457,0x050B,20,4
20457,0x050F,138,150
20457,0x0510,82,94
20457,0x0512,40,24
20457,0x0516,148,86
20457,0x0517,94,85
20457,0x0519,32,44
20457,0x051D,84,140
20457,0x051E,85,82
20457,0x0520,52,64
20457,0x0600,0,116
20457,0x0601,0,16
20457,0x0602,0,118
20457,0x0603,0,16
20457,0x0606,67,0
20457,0x0607,63,0
20457,0x0608,68,0
20457,0x0609,63,0
20457,0x060A,37,0
20457,0x060B,63,0
20457,0x060C,59,167
20457,0x060D,63,26
20457,0x060E,75,183
20457,0x060F,63,26
20457,0x0610,0,173
20457,0x0611,0,26
20457,0x0612,0,127
20457,0x0613,0,24
20457,0x0616,23,0
20457,0x0617,13,0
20457,0x0618,0,13
20457,0x0619,0,13
20457,0x061A,26,207
20457,0x061B,13,12
20457,0x061C,18,95
20457,0x061D,13,80
20457,0x061E,34,11
20457,0x061F,13,16
20457,0x0620,5,11
20457,0x0621,13,16
20457,0x0622,220,11
20457,0x0623,12,16
20457,0x0624,236,30
20457,0x0625,12,17
20457,0x0626,252,46
20457,0x0627,12,17
20457,0x0628,0,116
20457,0x0629,0,16
20457,0x062A,0,117
20457,0x062B,0,16
20457,0x0630,82,0
20457,0x0631,63,0
20457,0x0632,36,27
20457,0x0633,63,13
20457,0x0634,58,19
20457,0x0635,63,13
20457,0x0636,74,35
20457,0x0637,63,13
20457,0x0638,0,6
20457,0x0639,0,13
20457,0x063A,0,221
20457,0x063B,0,12
20457,0x063C,17,237
20457,0x063D,13,12
20457,0x063E,33,253
20457,0x063F,13,12
20457,0x0640,4,0
20457,0x0641,13,0
20457,0x0642,219,0
20457,0x0643,12,0
20457,0x0644,235,0
20457,0x0645,12,0
20457,0x0646,251,0
20457,0x0647,12,0
20457,0x0648,0,82
20457,0x0649,0,63
20457,0x064A,0,36
20457,0x064B,0,63
20457,0x064C,0,58
20457,0x064D,0,63
20457,0x064E,0,74
20457,0x064F,0,63
20457,0x0650,82,0
20457,0x0651,63,0
20457,0x0652,36,0
20457,0x0653,63,0
20457,0x0874,222,86
20457,0x0875,42,1
20457,0x0876,86,222
20457,0x0877,1,42
20457,0x0894,22,14
20457,0x0895,91,58
20457,0x0896,14,22
20457,0x0897,58,91
20457,0x0908,166,162
20457,0x0909,126,131
20457,0x090C,182,178
20457,0x090D,126,131
20457,0x0910,47,44
20457,0x0911,164,163
20457,0x0914,63,60
20457,0x0915,164,163
20457,0x0918,85,81
20457,0x091C,101,97
20457,0x0920,124,121
20457,0x0921,162,164
20457,0x0924,140,137
20457,0x0925,162,164
20457,0x0B22,43,44
20457,0x0B24,87,88
20457,0x0B26,175,176
20457,0x0B28,94,96
20457,0x0B82,43,44
20457,0x0B84,87,88
20457,0x0B86,175,176
20457,0x0B88,94,96
20457,0x0F99,175,176
20457,0x0F9D,175,176
20457,0x0FD1,175,176
20457,0x0FF0,175,176
20457,0x16D0,40,144
20457,0x16D1,182,178
20457,0x16D3,176,61
20457,0x16D4,134,139
20457,0x16D9,96,62
20457,0x16E6,205,203
20457,0x16F5,142,140
20457,0x16F8,40,38
20457,0x1710,124,156
20457,0x1711,63,60
20457,0x1713,75,106
20457,0x1714,172,171
20457,0x1716,132,148
20457,0x1719,151,141
20457,0x1726,245,243
20457,0x1735,75,73
20457,0x1738,37,35
20457,0x1750,76,180
20457,0x1751,101,97
20457,0x1766,160,158
20457,0x1775,97,95
20457,0x1778,13,11
20457,0x1790,212,60
20457,0x1791,140,137
20457,0x1793,252,123
20457,0x1794,170,172
20457,0x1799,217,183
20457,0x17A6,182,180
20457,0x17B5,119,117
20457,0x17B8,17,15
20459,0x0020,137,133
20459,0x0022,164,165
20459,0x0069,209,211
20459,0x006B,139,141
20459,0x007B,176,177
20459,0x00AD,98,100
20459,0x00CD,29,32
20459,0x00CE,49,55
20459,0x00CF,244,254
20459,0x00D0,180,194
20459,0x02FD,39,41
20459,0x0874,86,222
20459,0x0875,1,42
20459,0x0876,222,86
20459,0x0877,42,1
20459,0x0894,14,22
20459,0x0895,58,91
20459,0x0896,22,14
20459,0x0897,91,58
20459,0x0908,162,158
20459,0x0909,131,135
20459,0x090C,178,174
20459,0x090D,131,135
20459,0x0910,44,41
20459,0x0911,163,162
20459,0x0914,60,57
20459,0x0915,163,162
20459,0x0918,81,78
20459,0x091C,97,94
20459,0x0920,121,117
20459,0x0921,164,165
20459,0x0924,137,133
20459,0x0925,164,165
20459,0x0B26,176,177
20459,0x0B28,96,98
20459,0x0B86,176,177
20459,0x0B88,96,98
20459,0x0F99,176,177
20459,0x0F9D,176,177
20459,0x0FD1,176,177
20459,0x0FF0,176,177
20459,0x16D0,144,248
20459,0x16D1,178,174
20459,0x16D3,61,134
20459,0x16D4,139,143
20459,0x16D9,62,28
20459,0x16E6,203,201
20459,0x16F5,140,138
20459,0x16F8,38,36
20459,0x1710,156,220
20459,0x1711,60,57
20459,0x1713,106,117
20459,0x1714,171,170
20459,0x1716,148,164
20459,0x1719,141,131
20459,0x1726,243,241
20459,0x1735,73,71
20459,0x1738,35,33
20459,0x1750,180,28
20459,0x1751,97,94
20459,0x1766,158,156
20459,0x1775,95,93
20459,0x1778,11,9
20459,0x1790,60,164
20459,0x1791,137,133
20459,0x1793,123,182
20459,0x1794,172,173
20459,0x1799,183,149
20459,0x17A6,180,178
20459,0x17B5,117,115
20459,0x17B8,15,13
20461,0x0020,133,130
20461,0x0022,165,166
20461,0x0069,211,213
20461,0x006B,141,143
20461,0x007B,177,178
20461,0x00AD,100,102
20461,0x00CD,32,35
20461,0x00CE,55,61
20461,0x00CF,254,8
20461,0x00D0,194,209
20461,0x0874,222,86
20461,0x0875,42,1
20461,0x0876,86,222
20461,0x0877,1,42
20461,0x0894,22,14
20461,0x0895,91,58
20461,0x0896,14,22
20461,0x0897,58,91
20461,0x0908,158,155
20461,0x0909,135,139
20461,0x090C,174,171
20461,0x090D,135,139
20461,0x0910,41,39
20461,0x0911,162,161
20461,0x0914,57,55
20461,0x0915,162,161
20461,0x0918,78,74
20461,0x091C,94,90
20461,0x0920,117,114
20461,0x0921,165,166
20461,0x0924,133,130
20461,0x0925,165,166
20461,0x0B24,88,89
20461,0x0B26,177,178
20461,0x0B28,98,100
20461,0x0B84,88,89
20461,0x0B86,177,178
20461,0x0B88,98,100
20461,0x0F99,177,178
20461,0x0F9D,177,178
20461,0x0FD1,177,178
20461,0x0FF0,177,178
20461,0x16D0,248,96
20461,0x16D1,174,171
20461,0x16D3,134,139
20461,0x16D4,143,147
20461,0x16D9,28,250
20461,0x16DA,2,1
20461,0x16E6,201,199
20461,0x16F5,138,136
20461,0x16F8,36,34
20461,0x1710,220,60
20461,0x1711,57,55
20461,0x1713,117,108
20461,0x1714,170,169
20461,0x1716,164,180
20461,0x1719,131,121
20461,0x1726,241,239
20461,0x1735,71,69
20461,0x1738,33,31
20461,0x1750,28,132
20461,0x1751,94,90
20461,0x1766,156,154
20461,0x1775,93,91
20461,0x1778,9,7
20461,0x1790,164,12
20461,0x1791,133,130
20461,0x1793,182,173
20461,0x1794,173,174
20461,0x1799,149,115
20461,0x17A6,178,176
20461,0x17B5,115,113
20461,0x17B8,13,11
20463,0x0020,130,126
20463,0x0022,166,167
20463,0x0069,213,215
20463,0x006B,143,145
20463,0x007B,178,179
20463,0x00AD,102,104
20463,0x00CD,35,38
20463,0x00CE,61,67
20463,0x00CF,8,18
20463,0x00D0,209,223
20463,0x0874,86,222
20463,0x0875,1,42
20463,0x0876,222,86
20463,0x0877,42,1
20463,0x0894,14,22
20463,0x0895,58,91
20463,0x0896,22,14
20463,0x0897,91,58
20463,0x0908,155,151
20463,0x0909,139,143
20463,0x090C,171,167
20463,0x090D,139,143
20463,0x0910,39,36
20463,0x0911,161,160
20463,0x0914,55,52
20463,0x0915,161,160
20463,0x0918,74,70
20463,0x091C,90,86
20463,0x0920,114,110
20463,0x0921,166,167
20463,0x0924,130,126
20463,0x0925,166,167
20463,0x0B26,178,179
20463,0x0B28,100,102
20463,0x0B86,178,179
20463,0x0B88,100,102
20463,0x0F99,178,179
20463,0x0F9D,178,179
20463,0x0FD1,178,179
20463,0x0FF0,178,179
20463,0x16D0,96,200
20463,0x16D1,171,167
20463,0x16D3,139,76
20463,0x16D4,147,151
20463,0x16D9,250,216
20463,0x16E6,199,197
20463,0x16F5,136,134
20463,0x16F8,34,32
20463,0x1710,60,188
20463,0x1711,55,52
20463,0x1713,108,79
20463,0x1714,169,168
20463,0x1716,180,196
20463,0x1719,121,111
20463,0x1726,239,237
20463,0x1735,69,67
20463,0x1738,31,29
20463,0x1750,132,236
20463,0x1751,90,86
20463,0x1766,154,152
20463,0x1775,91,89
20463,0x1778,7,5
20463,0x1790,12,116
20463,0x1791,130,126
20463,0x1793,173,96
20463,0x1794,174,175
20463,0x1799,115,81
20463,0x17A6,176,174
20463,0x17B5,113,111
20463,0x17B8,11,9
20465,0x0004,24,26
20465,0x0020,126,122
20465,0x0069,215,217
20465,0x006B,145,147
20465,0x007B,179,180
20465,0x00AD,104,106
20465,0x00CD,38,41
20465,0x00CE,67,73
20465,0x00CF,18,28
20465,0x00D0,223,237
20465,0x02FD,41,39
20465,0x0501,75,141
20465,0x0502,94,82
20465,0x0503,4,20
20465,0x0600,116,0
20465,0x0601,16,0
20465,0x0602,118,0
20465,0x0603,16,0
20465,0x0608,0,83
20465,0x0609,0,63
20465,0x060A,0,37
20465,0x060B,0,63
20465,0x060C,167,59
20465,0x060D,26,63
20465,0x060E,183,75
20465,0x060F,26,63
20465,0x0610,173,0
20465,0x0611,26,0
20465,0x0612,127,0
20465,0x0613,24,0
20465,0x0874,222,86
20465,0x0875,42,1
20465,0x0876,86,222
20465,0x0877,1,42
20465,0x0894,22,14
20465,0x0895,91,58
20465,0x0896,14,22
20465,0x0897,58,91
20465,0x0908,151,148
20465,0x0909,143,146
20465,0x090C,167,164
20465,0x090D,143,146
20465,0x0910,36,34
20465,0x0911,160,159
20465,0x0914,52,50
20465,0x0915,160,159
20465,0x0918,70,67
20465,0x091C,86,83
20465,0x0920,110,106
20465,0x0924,126,122
20465,0x0B22,44,45
20465,0x0B24,89,90
20465,0x0B26,179,180
20465,0x0B28,102,104
20465,0x0B82,44,45
20465,0x0B84,89,90
20465,0x0B86,179,180
20465,0x0B88,102,104
20465,0x0F99,179,180
20465,0x0F9D,179,180
20465,0x0FD1,179,180
20465,0x0FF0,179,180
20465,0x16D0,200,48
20465,0x16D1,167,164
20465,0x16D3,76,201
20465,0x16D4,151,154
20465,0x16D9,216,182
20465,0x16E6,197,195
20465,0x16F5,134,132
20465,0x16F8,32,30
20465,0x1710,188,92
20465,0x1711,52,50
20465,0x1713,79,30
20465,0x1714,168,167
20465,0x1716,196,212
20465,0x1719,111,101
20465,0x1726,237,235
20465,0x1735,67,65
20465,0x1738,29,27
20465,0x1750,236,84
20465,0x1751,86,83
20465,0x1766,152,150
20465,0x1775,89,87
20465,0x1778,5,3
20465,0x1790,116,220
20465,0x1791,126,122
20465,0x1793,96,207
20465,0x1799,81,47
20465,0x17A6,174,172
20465,0x17B5,111,109
20465,0x17B8,9,7
20467,0x0020,122,119
20467,0x0069,217,219
20467,0x006B,147,149
20467,0x007B,180,181
20467,0x00AD,106,108
20467,0x00CD,41,44
20467,0x00CE,73,79
20467,0x00CF,28,38
20467,0x00D0,237,251
20467,0x02FD,39,41
20467,0x0874,86,222
20467,0x0875,1,42
20467,0x0876,222,86
20467,0x0877,42,1
20467,0x0894,14,22
20467,0x0895,58,91
20467,0x0896,22,14
20467,0x0897,91,58
20467,0x0908,148,144
20467,0x0909,146,150
20467,0x090C,164,160
20467,0x090D,146,150
20467,0x0910,34,32
20467,0x0911,159,157
20467,0x0914,50,48
20467,0x0915,159,157
20467,0x0918,67,63
20467,0x091C,83,79
20467,0x0920,106,103
20467,0x0924,122,119
20467,0x0B26,180,181
20467,0x0B28,104,106
20467,0x0B86,180,181
20467,0x0B88,104,106
20467,0x0F99,180,181
20467,0x0F9D,180,181
20467,0x0FD1,180,181
20467,0x0FF0,180,181
20467,0x16D0,48,152
20467,0x16D1,164,160
20467,0x16D3,201,2
20467,0x16D4,154,158
20467,0x16D9,182,148
20467,0x16E6,195,193
20467,0x16F5,132,130
20467,0x16F8,30,28
20467,0x1710,92,28
20467,0x1711,50,48
20467,0x1713,30,217
20467,0x1714,167,165
20467,0x1716,212,228
20467,0x1719,101,91
20467,0x1726,235,233
20467,0x1735,65,63
20467,0x1738,27,25
20467,0x1750,84,188
20467,0x1751,83,79
20467,0x1766,150,148
20467,0x1775,87,85
20467,0x1778,3,1
20467,0x1790,220,68
20467,0x1791,122,119
20467,0x1793,207,250
20467,0x1799,47,13
20467,0x17A6,172,170
20467,0x17B5,109,107
20467,0x17B8,7,5
20469,0x0020,119,115
20469,0x0069,219,221
20469,0x006B,149,151
20469,0x007B,181,182
20469,0x00AD,108,110
20469,0x00CD,44,47
20469,0x00CE,79,85
20469,0x00CF,38,48
20469,0x00D0,251,9
20469,0x0874,222,86
20469,0x0875,42,1
20469,0x0876,86,222
20469,0x0877,1,42
20469,0x0894,22,14
20469,0x0895,91,58
20469,0x0896,14,22
20469,0x0897,58,91
20469,0x0908,144,141
20469,0x0909,150,152
20469,0x090C,160,157
20469,0x090D,150,152
20469,0x0910,32,29
20469,0x0911,157,156
20469,0x0914,48,45
20469,0x0915,157,156
20469,0x0918,63,60
20469,0x091A,2,6
20469,0x091C,79,76
20469,0x091E,0,4
20469,0x0920,103,99
20469,0x0924,119,115
20469,0x0B24,90,91
20469,0x0B26,181,182
20469,0x0B28,106,108
20469,0x0B84,90,91
20469,0x0B86,181,182
20469,0x0B88,106,108
20469,0x0F99,181,182
20469,0x0F9D,181,182
20469,0x0FD1,181,182
20469,0x0FF0,181,182
20469,0x16D0,152,0
20469,0x16D1,160,157
20469,0x16D3,2,247
20469,0x16D4,158,160
20469,0x16D9,148,114
20469,0x16E6,193,191
20469,0x16F5,130,128
20469,0x16F8,28,26
20469,0x1710,28,252
20469,0x1711,48,45
20469,0x1713,217,128
20469,0x1714,165,164
20469,0x1716,228,244
20469,0x1719,91,81
20469,0x1726,233,231
20469,0x1735,63,61
20469,0x1738,25,23
20469,0x1750,188,60
20469,0x1751,79,76
20469,0x1753,132,7
20469,0x1756,52,68
20469,0x1759,201,191
20469,0x175C,0,8
20469,0x175D,239,251
20469,0x1762,220,217
20469,0x1764,222,219
20469,0x1766,148,253
20469,0x176C,124,111
20469,0x176D,12,43
20469,0x1775,85,83
20469,0x1778,1,45
20469,0x1779,6,0
20469,0x177A,106,111
20469,0x1790,68,172
20469,0x1791,119,115
20469,0x1793,250,225
20469,0x1799,13,235
20469,0x179A,0,255
20469,0x179B,0,255
20469,0x17A6,170,168
20469,0x17B5,107,105
20469,0x17B8,5,3
20471,0x0020,115,112
20471,0x0069,221,223
20471,0x006B,151,153
20471,0x007B,182,183
20471,0x00AD,110,112
20471,0x00CD,47,50
20471,0x00CE,85,91
20471,0x00CF,48,58
20471,0x00D0,9,23
20471,0x02FD,41,39
20471,0x0874,86,222
20471,0x0875,1,42
20471,0x0876,222,86
20471,0x0877,42,1
20471,0x0894,14,22
20471,0x0895,58,91
20471,0x0896,22,14
20471,0x0897,91,58
20471,0x0908,141,137
20471,0x0909,152,155
20471,0x090C,157,153
20471,0x090D,152,155
20471,0x0910,29,27
20471,0x0911,156,155
20471,0x0914,45,43
20471,0x0915,156,155
20471,0x0918,60,56
20471,0x0919,167,166
20471,0x091C,76,72
20471,0x091D,167,166
20471,0x0920,99,96
20471,0x0924,115,112
20471,0x0B26,182,183
20471,0x0B28,108,110
20471,0x0B86,182,183
20471,0x0B88,108,110
20471,0x0F99,182,183
20471,0x0F9D,182,183
20471,0x0FD1,182,183
20471,0x0FF0,182,183
20471,0x16D0,0,104
20471,0x16D1,157,153
20471,0x16D3,247,168
20471,0x16D4,160,163
20471,0x16D9,114,80
20471,0x16E6,191,189
20471,0x16F5,128,126
20471,0x16F8,26,24
20471,0x1711,45,43
20471,0x1713,128,19
20471,0x1714,164,163
20471,0x1716,244,4
20471,0x1717,254,255
20471,0x1719,81,71
20471,0x1726,231,229
20471,0x1735,61,59
20471,0x1738,23,21
20471,0x1750,60,220
20471,0x1751,76,72
20471,0x1753,7,118
20471,0x1754,175,174
20471,0x1756,68,84
20471,0x1759,191,181
20471,0x1766,253,251
20471,0x1775,83,81
20471,0x1778,45,43
20471,0x1790,172,20
20471,0x1791,115,112
20471,0x1793,225,132
20471,0x1799,235,201
20471,0x17A6,168,166
20471,0x17B5,105,103
20471,0x17B8,3,1
20473,0x0004,26,28
20473,0x0020,112,108
20473,0x0069,223,225
20473,0x006B,153,155
20473,0x007B,183,184
20473,0x00AD,112,114
20473,0x00CD,50,53
20473,0x00CE,91,97
20473,0x00CF,58,68
20473,0x00D0,23,37
20473,0x0172,52,54
20473,0x0501,141,151
20473,0x0502,82,94
20473,0x0508,11,87
20473,0x0509,84,85
20473,0x050B,4,20
20473,0x050F,150,142
20473,0x0510,94,82
20473,0x0512,24,40
20473,0x0600,0,14
20473,0x0601,0,13
20473,0x0602,0,207
20473,0x0603,0,12
20473,0x0604,0,217
20473,0x0605,0,80
20473,0x0606,0,154
20473,0x0607,0,17
20473,0x0608,83,11
20473,0x0609,63,16
20473,0x060A,37,11
20473,0x060B,63,16
20473,0x060C,59,31
20473,0x060D,63,17
20473,0x060E,75,47
20473,0x060F,63,17
20473,0x0610,0,116
20473,0x0611,0,16
20473,0x0612,0,118
20473,0x0613,0,16
20473,0x0618,13,0
20473,0x0619,13,0
20473,0x061A,207,0
20473,0x061B,12,0
20473,0x061C,95,0
20473,0x061D,80,0
20473,0x061E,11,0
20473,0x061F,16,0
20473,0x0620,11,0
20473,0x0621,16,0
20473,0x0622,11,222
20473,0x0623,16,12
20473,0x0624,30,238
20473,0x0625,17,12
20473,0x0626,46,254
20473,0x0627,17,12
20473,0x0628,116,0
20473,0x0629,16,0
20473,0x062A,117,0
20473,0x062B,16,0
20473,0x0630,0,82
20473,0x0631,0,63
20473,0x0632,27,36
20473,0x0633,13,63
20473,0x0634,19,58
20473,0x0635,13,63
20473,0x0636,35,74
20473,0x0637,13,63
20473,0x0638,6,0
20473,0x0639,13,0
20473,0x063A,221,0
20473,0x063B,12,0
20473,0x0874,222,86
20473,0x0875,42,1
20473,0x0876,86,222
20473,0x0877,1,42
20473,0x0894,22,14
20473,0x0895,91,58
20473,0x0896,14,22
20473,0x0897,58,91
20473,0x0908,137,133
20473,0x0909,155,158
20473,0x090C,153,149
20473,0x090D,155,158
20473,0x0910,27,26
20473,0x0911,155,153
20473,0x0914,43,42
20473,0x0915,155,153
20473,0x0918,56,53
20473,0x0919,166,165
20473,0x091C,72,69
20473,0x091D,166,165
20473,0x0920,96,92
20473,0x0924,112,108
20473,0x0B22,45,46
20473,0x0B24,91,92
20473,0x0B26,183,184
20473,0x0B28,110,112
20473,0x0B82,45,46
20473,0x0B84,91,92
20473,0x0B86,183,184
20473,0x0B88,110,112
20473,0x0F99,183,184
20473,0x0F9D,183,184
20473,0x0FD1,183,184
20473,0x0FF0,183,184
20473,0x16D0,104,208
20473,0x16D1,153,149
20473,0x16D3,168,21
20473,0x16D4,163,166
20473,0x16D9,80,46
20473,0x16E6,189,187
20473,0x16F5,126,124
20473,0x16F8,24,22
20473,0x1710,252,28
20473,0x1711,43,42
20473,0x1713,19,146
20473,0x1714,163,161
20473,0x1716,4,20
20473,0x1719,71,61
20473,0x1726,229,227
20473,0x1735,59,57
20473,0x1738,21,19
20473,0x1750,220,156
20473,0x1751,72,69
20473,0x1753,118,209
20473,0x1754,174,173
20473,0x1756,84,100
20473,0x1759,181,171
20473,0x1766,251,249
20473,0x1775,81,79
20473,0x1778,43,41
20473,0x1790,20,124
20473,0x1791,112,108
20473,0x17A6,166,164
20473,0x17B5,103,101
20473,0x17B8,1,17
20473,0x17B9,2,6
20473,0x17BA,103,106
20475,0x0020,108,104
20475,0x0069,225,227
20475,0x006B,155,157
20475,0x007B,184,185
20475,0x00AD,114,116
20475,0x00CD,53,56
20475,0x00CE,97,103
20475,0x00CF,68,78
20475,0x00D0,37,51
20475,0x0874,86,222
20475,0x0875,1,42
20475,0x0876,222,86
20475,0x0877,42,1
20475,0x0894,14,22
20475,0x0895,58,91
20475,0x0896,22,14
20475,0x0897,91,58
20475,0x0908,133,130
20475,0x0909,158,160
20475,0x090C,149,146
20475,0x090D,158,160
20475,0x0910,26,24
20475,0x0911,153,151
20475,0x0914,42,40
20475,0x0915,153,151
20475,0x0918,53,50
20475,0x091C,69,66
20475,0x0920,92,88
20475,0x0924,108,104
20475,0x0B26,184,185
20475,0x0B28,112,114
20475,0x0B86,184,185
20475,0x0B88,112,114
20475,0x0F99,184,185
20475,0x0F9D,184,185
20475,0x0FD1,184,185
20475,0x0FF0,184,185
20475,0x16D0,208,56
20475,0x16D1,149,146
20475,0x16D3,21,62
20475,0x16D4,166,168
20475,0x16D9,46,12
20475,0x16E6,187,185
20475,0x16F5,124,122
20475,0x16F8,22,20
20475,0x1710,28,92
20475,0x1711,42,40
20475,0x1713,146,253
20475,0x1714,161,159
20475,0x1716,20,36
20475,0x1719,61,51
20475,0x1726,227,225
20475,0x1735,57,55
20475,0x1738,19,17
20475,0x1750,156,124
20475,0x1751,69,66
20475,0x1753,209,24
20475,0x1756,100,116
20475,0x1759,171,161
20475,0x1766,249,247
20475,0x1775,79,77
20475,0x1778,41,39
20475,0x1790,124,228
20475,0x1791,108,104
20475,0x17A6,164,162
20475,0x17B5,101,99
20475,0x17B8,17,15
20477,0x0020,104,101
20477,0x0069,227,229
20477,0x006B,157,159
20477,0x007B,185,186
20477,0x00AD,116,118
20477,0x00CD,56,59
20477,0x00CE,103,109
20477,0x00CF,78,88
20477,0x00D0,51,65
20477,0x02FD,39,41
20477,0x0874,222,86
20477,0x0875,42,1
20477,0x0876,86,222
20477,0x0877,1,42
20477,0x0894,22,14
20477,0x0895,91,58
20477,0x0896,14,22
20477,0x0897,58,91
20477,0x0908,130,126
20477,0x0909,160,162
20477,0x090C,146,142
20477,0x090D,160,162
20477,0x0910,24,22
20477,0x0911,151,150
20477,0x0914,40,38
20477,0x0915,151,150
20477,0x0918,50,47
20477,0x0919,165,164
20477,0x091C,66,63
20477,0x091D,165,164
20477,0x0920,88,85
20477,0x0924,104,101
20477,0x0B24,92,93
20477,0x0B26,185,186
20477,0x0B28,114,116
20477,0x0B84,92,93
20477,0x0B86,185,186
20477,0x0B88,114,116
20477,0x0F99,185,186
20477,0x0F9D,185,186
20477,0x0FD1,185,186
20477,0x0FF0,185,186
20477,0x16D0,56,160
20477,0x16D1,146,142
20477,0x16D3,62,35
20477,0x16D4,168,170
20477,0x16D9,12,234
20477,0x16DA,1,0
20477,0x16E6,185,183
20477,0x16F5,122,120
20477,0x16F8,20,18
20477,0x1710,92,188
20477,0x1711,40,38
20477,0x1713,253,84
20477,0x1714,159,158
20477,0x1716,36,52
20477,0x1719,51,41
20477,0x1726,225,223
20477,0x1735,55,53
20477,0x1738,17,15
20477,0x1751,66,63
20477,0x1753,24,75
20477,0x1754,173,172
20477,0x1756,116,132
20477,0x1759,161,151
20477,0x1766,247,245
20477,0x1775,77,75
20477,0x1778,39,37
20477,0x1790,228,76
20477,0x1791,104,101
20477,0x17A6,162,160
20477,0x17B5,99,97
20477,0x17B8,15,13
20479,0x0020,101,97
20479,0x0069,229,231
20479,0x006B,159,161
20479,0x007B,186,187
20479,0x00AD,118,120
20479,0x00CD,59,62
20479,0x00CE,109,115
20479,0x00CF,88,98
20479,0x00D0,65,79
20479,0x0874,86,222
20479,0x0875,1,42
20479,0x0876,222,86
20479,0x0877,42,1
20479,0x0894,14,22
20479,0x0895,58,91
20479,0x0896,22,14
20479,0x0897,91,58
20479,0x0908,126,123
20479,0x0909,162,163
20479,0x090C,142,139
20479,0x090D,162,163
20479,0x0910,22,21
20479,0x0911,150,148
20479,0x0914,38,37
20479,0x0915,150,148
20479,0x0918,47,44
20479,0x0919,164,163
20479,0x091C,63,60
20479,0x091D,164,163
20479,0x0920,85,81
20479,0x0924,101,97
20479,0x0B26,186,187
20479,0x0B28,116,118
20479,0x0B86,186,187
20479,0x0B88,116,118
20479,0x0F99,186,187
20479,0x0F9D,186,187
20479,0x0FD1,186,187
20479,0x0FF0,186,187
20479,0x16D0,160,8
20479,0x16D1,142,139
20479,0x16D3,35,196
20479,0x16D4,170,171
20479,0x16D9,234,200
20479,0x16E6,183,181
20479,0x16F5,120,118
20479,0x16F8,18,16
20479,0x1710,188,60
20479,0x1711,38,37
20479,0x1713,84,151
20479,0x1714,158,156
20479,0x1716,52,68
20479,0x1719,41,31
20479,0x1726,223,221
20479,0x1735,53,51
20479,0x1738,15,13
20479,0x1750,124,156
20479,0x1751,63,60
20479,0x1753,75,106
20479,0x1754,172,171
20479,0x1756,132,148
20479,0x1759,151,141
20479,0x1766,245,243
20479,0x1775,75,73
20479,0x1778,37,35
20479,0x1790,76,180
20479,0x1791,101,97
20479,0x17A6,160,158
20479,0x17B5,97,95
20479,0x17B8,13,11
20481,0x0004,28,30
20481,0x0020,97,94
20481,0x0069,231,233
20481,0x006B,161,163
20481,0x007B,187,188
20481,0x00AD,120,122
20481,0x00CD,62,65
20481,0x00CE,115,121
20481,0x00CF,98,108
20481,0x00D0,79,93
20481,0x02FD,41,39
20481,0x0501,151,143
20481,0x0502,94,82
20481,0x0600,14,0
20481,0x0601,13,0
20481,0x0602,207,0
20481,0x0603,12,0
20481,0x0604,217,0
20481,0x0605,80,0
20481,0x0606,154,0
20481,0x0607,17,0
20481,0x0608,11,83
20481,0x0609,16,63
20481,0x060A,11,37
20481,0x060B,16,63
20481,0x060C,31,59
20481,0x060D,17,63
20481,0x060E,47,75
20481,0x060F,17,63
20481,0x0610,116,0
20481,0x0611,16,0
20481,0x0612,118,0
20481,0x0613,16,0
20481,0x0874,222,86
20481,0x0875,42,1
20481,0x0876,86,222
20481,0x0877,1,42
20481,0x0894,22,14
20481,0x0895,91,58
20481,0x0896,14,22
20481,0x0897,58,91
20481,0x0908,123,119
20481,0x0909,163,165
20481,0x090C,139,135
20481,0x090D,163,165
20481,0x0910,21,19
20481,0x0911,148,146
20481,0x0914,37,35
20481,0x0915,148,146
20481,0x0918,44,41
20481,0x0919,163,162
20481,0x091C,60,57
20481,0x091D,163,162
20481,0x0920,81,78
20481,0x0924,97,94
20481,0x0B22,46,47
20481,0x0B24,93,94
20481,0x0B26,187,188
20481,0x0B28,118,120
20481,0x0B82,46,47
20481,0x0B84,93,94
20481,0x0B86,187,188
20481,0x0B88,118,120
20481,0x0F99,187,188
20481,0x0F9D,187,188
20481,0x0FD1,187,188
20481,0x0FF0,187,188
20481,0x16D0,8,112
20481,0x16D1,139,135
20481,0x16D3,196,33
20481,0x16D4,171,173
20481,0x16D9,200,166
20481,0x16E6,181,179
20481,0x16F5,118,116
20481,0x16F8,16,14
20481,0x1710,60,220
20481,0x1711,37,35
20481,0x1713,151,198
20481,0x1714,156,154
20481,0x1716,68,84
20481,0x1719,31,21
20481,0x1726,221,219
20481,0x1735,51,49
20481,0x1738,13,11
20481,0x1750,156,220
20481,0x1751,60,57
20481,0x1753,106,117
20481,0x1754,171,170
20481,0x1756,148,164
20481,0x1759,141,131
20481,0x1766,243,241
20481,0x1775,73,71
20481,0x1778,35,33
20481,0x1790,180,28
20481,0x1791,97,94
20481,0x17A6,158,156
20481,0x17B5,95,93
20481,0x17B8,11,9
20483,0x0020,94,90
20483,0x0069,233,235
20483,0x006B,163,165
20483,0x007B,188,189
20483,0x00AD,122,124
20483,0x00CD,65,68
20483,0x00CE,121,127
20483,0x00CF,108,118
20483,0x00D0,93,107
20483,0x02FD,39,41
20483,0x0874,86,222
20483,0x0875,1,42
20483,0x0876,222,86
20483,0x0877,42,1
20483,0x0894,14,22
20483,0x0895,58,91
20483,0x0896,22,14
20483,0x0897,91,58
20483,0x0908,119,115
20483,0x0909,165,166
20483,0x090C,135,131
20483,0x090D,165,166
20483,0x0910,19,18
20483,0x0911,146,144
20483,0x0914,35,34
20483,0x0915,146,144
20483,0x0918,41,39
20483,0x0919,162,161
20483,0x091C,57,55
20483,0x091D,162,161
20483,0x0920,78,74
20483,0x0924,94,90
20483,0x0B26,188,189
20483,0x0B28,120,122
20483,0x0B86,188,189
20483,0x0B88,120,122
20483,0x0F99,188,189
20483,0x0F9D,188,189
20483,0x0FD1,188,189
20483,0x0FF0,188,189
20483,0x16D0,112,216
20483,0x16D1,135,131
20483,0x16D3,33,58
20483,0x16D4,173,174
20483,0x16D9,166,132
20483,0x16E6,179,177
20483,0x16F5,116,114
20483,0x16F8,14,12
20483,0x1710,220,156
20483,0x1711,35,34
20483,0x1713,198,225
20483,0x1714,154,152
20483,0x1716,84,100
20483,0x1719,21,11
20483,0x1726,219,217
20483,0x1735,49,47
20483,0x1738,11,9
20483,0x1750,220,60
20483,0x1751,57,55
20483,0x1753,117,108
20483,0x1754,170,169
20483,0x1756,164,180
20483,0x1759,131,121
20483,0x1766,241,239
20483,0x1775,71,69
20483,0x1778,33,31
20483,0x1790,28,132
20483,0x1791,94,90
20483,0x17A6,156,154
20483,0x17B5,93,91
20483,0x17B8,9,7
20485,0x0020,90,86
20485,0x0069,235,237
20485,0x006B,165,167
20485,0x007B,189,190
20485,0x00AD,124,126
20485,0x00CD,68,71
20485,0x00CE,127,133
20485,0x00CF,118,128
20485,0x00D0,107,121
20485,0x0874,222,86
20485,0x0875,42,1
20485,0x0876,86,222
20485,0x0877,1,42
20485,0x0894,22,14
20485,0x0895,91,58
20485,0x0896,14,22
20485,0x0897,58,91
20485,0x0908,115,112
20485,0x0909,166,167
20485,0x090C,131,128
20485,0x090D,166,167
20485,0x0910,18,17
20485,0x0911,144,142
20485,0x0914,34,33
20485,0x0915,144,142
20485,0x0918,39,36
20485,0x0919,161,160
20485,0x091C,55,52
20485,0x091D,161,160
20485,0x0920,74,70
20485,0x0924,90,86
20485,0x0B24,94,95
20485,0x0B26,189,190
20485,0x0B28,122,124
20485,0x0B84,94,95
20485,0x0B86,189,190
20485,0x0B88,122,124
20485,0x0F99,189,190
20485,0x0F9D,189,190
20485,0x0FD1,189,190
20485,0x0FF0,189,190
20485,0x16D0,216,64
20485,0x16D1,131,128
20485,0x16D3,58,15
20485,0x16D4,174,175
20485,0x16D9,132,98
20485,0x16E6,177,175
20485,0x16F5,114,112
20485,0x16F8,12,10
20485,0x1710,156,124
20485,0x1711,34,33
20485,0x1713,225,232
20485,0x1714,152,150
20485,0x1716,100,116
20485,0x1719,11,1
20485,0x1726,217,215
20485,0x1735,47,45
20485,0x1738,9,7
20485,0x1750,60,188
20485,0x1751,55,52
20485,0x1753,108,79
20485,0x1754,169,168
20485,0x1756,180,196
20485,0x1759,121,111
20485,0x1766,239,237
20485,0x1775,69,67
20485,0x1778,31,29
20485,0x1790,132,236
20485,0x1791,90,86
20485,0x17A6,154,152
20485,0x17B5,91,89
20485,0x17B8,7,5
20487,0x0020,86,83
20487,0x0069,237,239
20487,0x006B,167,169
20487,0x007B,190,191
20487,0x00AD,126,128
20487,0x00CD,71,74
20487,0x00CE,133,139
20487,0x00CF,128,138
20487,0x00D0,121,135
20487,0x02FD,41,39
20487,0x0874,86,222
20487,0x0875,1,42
20487,0x0876,222,86
20487,0x0877,42,1
20487,0x0894,14,22
20487,0x0895,58,91
20487,0x0896,22,14
20487,0x0897,91,58
20487,0x0908,112,108
20487,0x090C,128,124
20487,0x0910,17,16
20487,0x0911,142,140
20487,0x0914,33,32
20487,0x0915,142,140
20487,0x0918,36,34
20487,0x0919,160,159
20487,0x091C,52,50
20487,0x091D,160,159
20487,0x0920,70,67
20487,0x0924,86,83
20487,0x0B26,190,191
20487,0x0B28,124,126
20487,0x0B86,190,191
20487,0x0B88,124,126
20487,0x0F99,190,191
20487,0x0F9D,190,191
20487,0x0FD1,190,191
20487,0x0FF0,190,191
20487,0x16D0,64,168
20487,0x16D1,128,124
20487,0x16D3,15,160
20487,0x16D9,98,64
20487,0x16E6,175,173
20487,0x16F5,112,110
20487,0x16F8,10,8
20487,0x1711,33,32
20487,0x1713,232,219
20487,0x1714,150,148
20487,0x1716,116,132
20487,0x1719,1,247
20487,0x171A,255,254
20487,0x1726,215,213
20487,0x1735,45,43
20487,0x1738,7,5
20487,0x1750,188,92
20487,0x1751,52,50
20487,0x1753,79,30
20487,0x1754,168,167
20487,0x1756,196,212
20487,0x1759,111,101
20487,0x1766,237,235
20487,0x1775,67,65
20487,0x1778,29,27
20487,0x1790,236,84
20487,0x1791,86,83
20487,0x17A6,152,150
20487,0x17B5,89,87
20487,0x17B8,5,3
20489,0x0004,30,32
20489,0x0020,83,79
20489,0x0069,239,241
20489,0x006B,169,171
20489,0x007B,191,192
20489,0x00AD,128,130
20489,0x00CD,74,77
20489,0x00CE,139,145
20489,0x00CF,138,148
20489,0x00D0,135,149
20489,0x0501,143,198
20489,0x0502,82,93
20489,0x0503,20,8
20489,0x0508,87,76
20489,0x0509,85,94
20489,0x050A,20,4
20489,0x050B,20,8
20489,0x050F,142,12
20489,0x0510,82,84
20489,0x0512,40,12
20489,0x0516,86,152
20489,0x0517,85,94
20489,0x0519,44,32
20489,0x051D,140,88
20489,0x051E,82,85
20489,0x0520,64,52
20489,0x0524,136,144
20489,0x0600,0,74
20489,0x0601,0,8
20489,0x0602,0,22
20489,0x0603,0,8
20489,0x0604,0,38
20489,0x0605,0,8
20489,0x0606,0,54
20489,0x0607,0,8
20489,0x0608,83,192
20489,0x0609,63,22
20489,0x060A,37,193
20489,0x060B,63,22
20489,0x060C,59,0
20489,0x060D,63,0
20489,0x060E,75,0
20489,0x060F,63,0
20489,0x0612,0,152
20489,0x0613,0,26
20489,0x0614,0,168
20489,0x0615,0,26
20489,0x0616,0,184
20489,0x0617,0,26
20489,0x0618,0,174
20489,0x0619,0,26
20489,0x061A,0,151
20489,0x061B,0,90
20489,0x0620,0,15
20489,0x0621,0,13
20489,0x0622,222,246
20489,0x0624,238,95
20489,0x0625,12,16
20489,0x0626,254,153
20489,0x0627,12,17
20489,0x0628,0,11
20489,0x0629,0,16
20489,0x062A,0,11
20489,0x062B,0,16
20489,0x062C,0,29
20489,0x062D,0,17
20489,0x062E,0,45
20489,0x062F,0,17
20489,0x0630,82,116
20489,0x0631,63,16
20489,0x0632,36,117
20489,0x0633,63,16
20489,0x0634,58,0
20489,0x0635,63,0
20489,0x0636,74,0
20489,0x0637,63,0
20489,0x063C,237,0
20489,0x063D,12,0
20489,0x063E,253,0
20489,0x063F,12,0
20489,0x0642,0,223
20489,0x0643,0,12
20489,0x0644,0,239
20489,0x0645,0,12
20489,0x0646,0,255
20489,0x0647,0,12
20489,0x0648,82,0
20489,0x0649,63,0
20489,0x064A,36,0
20489,0x064B,63,0
20489,0x064C,58,0
20489,0x064D,63,0
20489,0x064E,74,0
20489,0x064F,63,0
20489,0x0650,0,82
20489,0x0651,0,63
20489,0x0652,0,36
20489,0x0653,0,63
20489,0x0656,0,74
20489,0x0657,0,63
20489,0x0874,222,86
20489,0x0875,42,1
20489,0x0876,86,222
20489,0x0877,1,42
20489,0x0894,22,14
20489,0x0895,91,58
20489,0x0896,14,22
20489,0x0897,58,91
20489,0x0908,108,105
20489,0x090C,124,121
20489,0x0910,16,15
20489,0x0911,140,138
20489,0x0914,32,31
20489,0x0915,140,138
20489,0x0918,34,32
20489,0x0919,159,157
20489,0x091C,50,48
20489,0x091D,159,157
20489,0x0920,67,63
20489,0x0924,83,79
20489,0x0B22,47,48
20489,0x0B24,95,96
20489,0x0B26,191,192
20489,0x0B28,126,128
20489,0x0B82,47,48
20489,0x0B84,95,96
20489,0x0B86,191,192
20489,0x0B88,126,128
20489,0x0F99,191,192
20489,0x0F9D,191,192
20489,0x0FD1,191,192
20489,0x0FF0,191,192
20489,0x16D0,168,16
20489,0x16D1,124,121
20489,0x16D3,160,237
20489,0x16D9,64,30
20489,0x16E6,173,171
20489,0x16F5,110,108
20489,0x16F8,8,6
20489,0x1710,124,156
20489,0x1711,32,31
20489,0x1713,219,186
20489,0x1714,148,146
20489,0x1716,132,148
20489,0x1719,247,237
20489,0x1726,213,211
20489,0x1735,43,41
20489,0x1738,5,3
20489,0x1750,92,28
20489,0x1751,50,48
20489,0x1753,30,217
20489,0x1754,167,165
20489,0x1756,212,228
20489,0x1759,101,91
20489,0x1766,235,233
20489,0x1775,65,63
20489,0x1778,27,25
20489,0x1790,84,188
20489,0x1791,83,79
20489,0x17A6,150,148
20489,0x17B5,87,85
20489,0x17B8,3,1
20491,0x0020,79,76
20491,0x0024,0,4
20491,0x0069,241,243
20491,0x006B,171,173
20491,0x007B,192,193
20491,0x00AD,130,132
20491,0x00CD,77,80
20491,0x00CE,145,151
20491,0x00CF,148,158
20491,0x00D0,149,163
20491,0x0175,52,54
20491,0x0178,52,54
20491,0x02FD,39,41
20491,0x0874,86,222
20491,0x0875,1,42
20491,0x0876,222,86
20491,0x0877,42,1
20491,0x0894,14,22
20491,0x0895,58,91
20491,0x0896,22,14
20491,0x0897,91,58
20491,0x0908,105,101
20491,0x090C,121,117
20491,0x0910,15,14
20491,0x0911,138,136
20491,0x0914,31,30
20491,0x0915,138,136
20491,0x0918,32,29
20491,0x0919,157,156
20491,0x091C,48,45
20491,0x091D,157,156
20491,0x0920,63,60
20491,0x0922,2,6
20491,0x0924,79,76
20491,0x0926,0,4
20491,0x0B26,192,193
20491,0x0B28,128,130
20491,0x0B86,192,193
20491,0x0B88,128,130
20491,0x0F99,192,193
20491,0x0F9D,192,193
20491,0x0FD1,192,193
20491,0x0FF0,192,193
20491,0x16D0,16,120
20491,0x16D1,121,117
20491,0x16D3,237,246
20491,0x16D9,30,252
20491,0x16DA,0,255
20491,0x16DB,0,255
20491,0x16E6,171,169
20491,0x16F5,108,106
20491,0x16F8,6,4
20491,0x1710,156,220
20491,0x1711,31,30
20491,0x1713,186,133
20491,0x1714,146,144
20491,0x1716,148,164
20491,0x1719,237,227
20491,0x1726,211,209
20491,0x1735,41,39
20491,0x1738,3,1
20491,0x1750,28,252
20491,0x1751,48,45
20491,0x1753,217,128
20491,0x1754,165,164
20491,0x1756,228,244
20491,0x1759,91,81
20491,0x1766,233,231
20491,0x1775,63,61
20491,0x1778,25,23
20491,0x1790,188,60
20491,0x1791,79,76
20491,0x1793,132,7
20491,0x1796,52,68
20491,0x1799,201,191
20491,0x179C,0,8
20491,0x179D,239,251
20491,0x17A2,220,217
20491,0x17A4,222,219
20491,0x17A6,148,253
20491,0x17AC,124,111
20491,0x17AD,12,43
20491,0x17B5,85,83
20491,0x17B8,1,45
20491,0x17B9,6,0
20491,0x17BA,106,111
20493,0x0020,76,72
20493,0x0022,167,166
20493,0x0069,243,245
20493,0x006B,173,175
20493,0x007B,193,194
20493,0x00AD,132,134
20493,0x00CD,80,83
20493,0x00CE,151,157
20493,0x00CF,158,168
20493,0x00D0,163,177
20493,0x0874,222,86
20493,0x0875,42,1
20493,0x0876,86,222
20493,0x0877,1,42
20493,0x0894,22,14
20493,0x0895,91,58
20493,0x0896,14,22
20493,0x0897,58,91
20493,0x0908,101,97
20493,0x090C,117,113
20493,0x0911,136,134
20493,0x0915,136,134
20493,0x0918,29,27
20493,0x0919,156,155
20493,0x091C,45,43
20493,0x091D,156,155
20493,0x0920,60,56
20493,0x0921,167,166
20493,0x0924,76,72
20493,0x0925,167,166
20493,0x0B24,96,97
20493,0x0B26,193,194
20493,0x0B28,130,132
20493,0x0B84,96,97
20493,0x0B86,193,194
20493,0x0B88,130,132
20493,0x0F99,193,194
20493,0x0F9D,193,194
20493,0x0FD1,193,194
20493,0x0FF0,193,194
20493,0x16D0,120,224
20493,0x16D1,117,113
20493,0x16D3,246,187
20493,0x16D9,252,218
20493,0x16E6,169,167
20493,0x16F5,106,104
20493,0x16F8,4,2
20493,0x1710,220,42
20493,0x1713,133,63
20493,0x1714,144,142
20493,0x1716,164,168
20493,0x1719,227,219
20493,0x171C,8,2
20493,0x171D,251,252
20493,0x1722,217,13
20493,0x1723,8,12
20493,0x1724,219,15
20493,0x1725,8,12
20493,0x1726,209,4
20493,0x1735,39,37
20493,0x1738,1,23
20493,0x173A,111,116
20493,0x1751,45,43
20493,0x1753,128,19
20493,0x1754,164,163
20493,0x1756,244,4
20493,0x1757,254,255
20493,0x1759,81,71
20493,0x1766,231,229
20493,0x1775,61,59
20493,0x1778,23,21
20493,0x1790,60,220
20493,0x1791,76,72
20493,0x1793,7,118
20493,0x1794,175,174
20493,0x1796,68,84
20493,0x1799,191,181
20493,0x17A6,253,251
20493,0x17B5,83,81
20493,0x17B8,45,43
20495,0x0020,72,69
20495,0x0022,166,165
20495,0x0069,245,247
20495,0x006B,175,177
20495,0x007B,194,195
20495,0x00AD,134,136
20495,0x00CD,83,86
20495,0x00CE,157,163
20495,0x00CF,168,178
20495,0x00D0,177,191
20495,0x02FD,41,39
20495,0x0874,86,222
20495,0x0875,1,42
20495,0x0876,222,86
20495,0x0877,42,1
20495,0x0894,14,22
20495,0x0895,58,91
20495,0x0896,22,14
20495,0x0897,91,58
20495,0x0908,97,94
20495,0x090C,113,110
20495,0x0910,14,13
20495,0x0911,134,131
20495,0x0914,30,29
20495,0x0915,134,131
20495,0x0918,27,26
20495,0x0919,155,153
20495,0x091C,43,42
20495,0x091D,155,153
20495,0x0920,56,53
20495,0x0921,166,165
20495,0x0924,72,69
20495,0x0925,166,165
20495,0x0B26,194,195
20495,0x0B28,132,134
20495,0x0B86,194,195
20495,0x0B88,132,134
20495,0x0F99,194,195
20495,0x0F9D,194,195
20495,0x0FD1,194,195
20495,0x0FF0,194,195
20495,0x16D0,224,72
20495,0x16D1,113,110
20495,0x16D3,187,132
20495,0x16D9,218,201
20495,0x16E6,167,165
20495,0x16F5,104,102
20495,0x16F8,2,18
20495,0x16F9,2,6
20495,0x16FA,103,106
20495,0x1710,42,128
20495,0x1711,30,29
20495,0x1713,63,233
20495,0x1714,142,139
20495,0x1716,168,172
20495,0x1719,219,211
20495,0x1726,4,2
20495,0x1735,37,35
20495,0x1738,23,21
20495,0x1750,252,28
20495,0x1751,43,42
20495,0x1753,19,146
20495,0x1754,163,161
20495,0x1756,4,20
20495,0x1759,71,61
20495,0x1766,229,227
20495,0x1775,59,57
20495,0x1778,21,19
20495,0x1790,220,156
20495,0x1791,72,69
20495,0x1793,118,209
20495,0x1794,174,173
20495,0x1796,84,100
20495,0x1799,181,171
20495,0x17A6,251,249
20495,0x17B5,81,79
20495,0x17B8,43,41
20497,0x0004,32,34
20497,0x0020,69,66
20497,0x0069,247,249
20497,0x006B,177,179
20497,0x007B,195,196
20497,0x00AD,136,138
20497,0x00CD,86,89
20497,0x00CE,163,169
20497,0x00CF,178,188
20497,0x00D0,191,205
20497,0x02FD,39,41
20497,0x0501,198,145
20497,0x0502,93,82
20497,0x0503,8,20
20497,0x0600,74,0
20497,0x0601,8,0
20497,0x0602,22,0
20497,0x0603,8,0
20497,0x0604,38,0
20497,0x0605,8,0
20497,0x0606,54,0
20497,0x0607,8,0
20497,0x0608,192,83
20497,0x0609,22,63
20497,0x060A,193,37
20497,0x060B,22,63
20497,0x060C,0,59
20497,0x060D,0,63
20497,0x060E,0,75
20497,0x060F,0,63
20497,0x0612,152,0
20497,0x0613,26,0
20497,0x0874,222,86
20497,0x0875,42,1
20497,0x0876,86,222
20497,0x0877,1,42
20497,0x0894,22,14
20497,0x0895,91,58
20497,0x0896,14,22
20497,0x0897,58,91
20497,0x0908,94,90
20497,0x090C,110,106
20497,0x0910,13,12
20497,0x0911,131,129
20497,0x0912,6,10
20497,0x0914,29,28
20497,0x0915,131,129
20497,0x0916,4,8
20497,0x0918,26,24
20497,0x0919,153,151
20497,0x091C,42,40
20497,0x091D,153,151
20497,0x0920,53,50
20497,0x0924,69,66
20497,0x0B22,48,49
20497,0x0B24,97,98
20497,0x0B26,195,196
20497,0x0B28,134,136
20497,0x0B82,48,49
20497,0x0B84,97,98
20497,0x0B86,195,196
20497,0x0B88,134,136
20497,0x0F99,195,196
20497,0x0F9D,195,196
20497,0x0FD1,195,196
20497,0x0FF0,195,196
20497,0x16D0,72,176
20497,0x16D1,110,106
20497,0x16E6,165,163
20497,0x16F5,102,100
20497,0x16F8,18,16
20497,0x1710,128,222
20497,0x1711,29,28
20497,0x1713,233,131
20497,0x1714,139,137
20497,0x1716,172,176
20497,0x1719,211,203
20497,0x1724,15,17
20497,0x1726,2,6
20497,0x172C,111,102
20497,0x1735,35,33
20497,0x1738,21,19
20497,0x1750,28,92
20497,0x1751,42,40
20497,0x1753,146,253
20497,0x1754,161,159
20497,0x1756,20,36
20497,0x1759,61,51
20497,0x1766,227,225
20497,0x1775,57,55
20497,0x1778,19,17
20497,0x1790,156,124
20497,0x1791,69,66
20497,0x1793,209,24
20497,0x1796,100,116
20497,0x1799,171,161
20497,0x17A6,249,247
20497,0x17B5,79,77
20497,0x17B8,41,39
20499,0x0020,66,63
20499,0x0022,165,164
20499,0x0069,249,251
20499,0x006B,179,181
20499,0x007B,196,197
20499,0x00AD,138,140
20499,0x00CD,89,92
20499,0x00CE,169,175
20499,0x00CF,188,198
20499,0x00D0,205,219
20499,0x02FD,41,39
20499,0x0874,86,222
20499,0x0875,1,42
20499,0x0876,222,86
20499,0x0877,42,1
20499,0x0894,14,22
20499,0x0895,58,91
20499,0x0896,22,14
20499,0x0897,91,58
20499,0x0908,90,87
20499,0x090C,106,103
20499,0x0911,129,127
20499,0x0915,129,127
20499,0x0918,24,22
20499,0x0919,151,150
20499,0x091C,40,38
20499,0x091D,151,150
20499,0x0920,50,47
20499,0x0921,165,164
20499,0x0924,66,63
20499,0x0925,165,164
20499,0x0B26,196,197
20499,0x0B28,136,138
20499,0x0B86,196,197
20499,0x0B88,136,138
20499,0x0F99,196,197
20499,0x0F9D,196,197
20499,0x0FD1,196,197
20499,0x0FF0,196,197
20499,0x16D0,176,24
20499,0x16D1,106,103
20499,0x16E6,163,161
20499,0x16F5,100,98
20499,0x16F8,16,14
20499,0x1710,222,68
20499,0x1713,131,13
20499,0x1714,137,135
20499,0x1716,176,180
20499,0x1719,203,195
20499,0x1726,6,4
20499,0x1735,33,31
20499,0x1738,19,17
20499,0x1750,92,188
20499,0x1751,40,38
20499,0x1753,253,84
20499,0x1754,159,158
20499,0x1756,36,52
20499,0x1759,51,41
20499,0x1766,225,223
20499,0x1775,55,53
20499,0x1778,17,15
20499,0x1791,66,63
20499,0x1793,24,75
20499,0x1794,173,172
20499,0x1796,116,132
20499,0x1799,161,151
20499,0x17A6,247,245
20499,0x17B5,77,75
20499,0x17B8,39,37
20501,0x0020,63,60
20501,0x0022,164,163
20501,0x0069,251,253
20501,0x006B,181,183
20501,0x007B,197,198
20501,0x00AD,140,142
20501,0x00CD,92,95
20501,0x00CE,175,181
20501,0x00CF,198,208
20501,0x00D0,219,233
20501,0x02FD,39,41
20501,0x0874,222,86
20501,0x0875,42,1
20501,0x0876,86,222
20501,0x0877,1,42
20501,0x0894,22,14
20501,0x0895,91,58
20501,0x0896,14,22
20501,0x0897,58,91
20501,0x0908,87,83
20501,0x090C,103,99
20501,0x0910,12,11
20501,0x0911,127,124
20501,0x0914,28,27
20501,0x0915,127,124
20501,0x0918,22,21
20501,0x0919,150,148
20501,0x091C,38,37
20501,0x091D,150,148
20501,0x0920,47,44
20501,0x0921,164,163
20501,0x0924,63,60
20501,0x0925,164,163
20501,0x0B24,98,99
20501,0x0B26,197,198
20501,0x0B28,138,140
20501,0x0B84,98,99
20501,0x0B86,197,198
20501,0x0B88,138,140
20501,0x0F99,197,198
20501,0x0F9D,197,198
20501,0x0FD1,197,198
20501,0x0FF0,197,198
20501,0x16D0,24,128
20501,0x16D1,103,99
20501,0x16E6,161,159
20501,0x16F5,98,96
20501,0x16F8,14,12
20501,0x1710,68,178
20501,0x1711,28,27
20501,0x1713,13,135
20501,0x1714,135,132
20501,0x1716,180,184
20501,0x1719,195,187
20501,0x1726,4,2
20501,0x1735,31,29
20501,0x1738,17,15
20501,0x1750,188,60
20501,0x1751,38,37
20501,0x1753,84,151
20501,0x1754,158,156
20501,0x1756,52,68
20501,0x1759,41,31
20501,0x1766,223,221
20501,0x1775,53,51
20501,0x1778,15,13
20501,0x1790,124,156
20501,0x1791,63,60
20501,0x1793,75,106
20501,0x1794,172,171
20501,0x1796,132,148
20501,0x1799,151,141
20501,0x17A6,245,243
20501,0x17B5,75,73
20501,0x17B8,37,35
20503,0x0020,60,57
20503,0x0022,163,162
20503,0x0069,253,255
20503,0x006B,183,185
20503,0x007B,198,199
20503,0x00AD,142,144
20503,0x00CD,95,98
20503,0x00CE,181,187
20503,0x00CF,208,218
20503,0x00D0,233,247
20503,0x02FD,41,39
20503,0x0874,86,222
20503,0x0875,1,42
20503,0x0876,222,86
20503,0x0877,42,1
20503,0x0894,14,22
20503,0x0895,58,91
20503,0x0896,22,14
20503,0x0897,91,58
20503,0x0908,83,79
20503,0x090C,99,95
20503,0x0911,124,121
20503,0x0912,10,14
20503,0x0915,124,121
20503,0x0916,8,12
20503,0x0918,21,19
20503,0x0919,148,146
20503,0x091C,37,35
20503,0x091D,148,146
20503,0x0920,44,41
20503,0x0921,163,162
20503,0x0924,60,57
20503,0x0925,163,162
20503,0x0B26,198,199
20503,0x0B28,140,142
20503,0x0B86,198,199
20503,0x0B88,140,142
20503,0x0F99,198,199
20503,0x0F9D,198,199
20503,0x0FD1,198,199
20503,0x0FF0,198,199
20503,0x16D0,128,232
20503,0x16D1,99,95
20503,0x16E6,159,157
20503,0x16F5,96,94
20503,0x16F8,12,10
20503,0x1710,178,40
20503,0x1713,135,241
20503,0x1714,132,129
20503,0x1716,184,188
20503,0x1719,187,179
20503,0x1724,17,19
20503,0x1726,2,6
20503,0x172C,102,93
20503,0x1735,29,27
20503,0x1738,15,13
20503,0x1750,60,220
20503,0x1751,37,35
20503,0x1753,151,198
20503,0x1754,156,154
20503,0x1756,68,84
20503,0x1759,31,21
20503,0x1766,221,219
20503,0x1775,51,49
20503,0x1778,13,11
20503,0x1790,156,220
20503,0x1791,60,57
20503,0x1793,106,117
20503,0x1794,171,170
20503,0x1796,148,164
20503,0x1799,141,131
20503,0x17A6,243,241
20503,0x17B5,73,71
20503,0x17B8,35,33
20505,0x0004,34,36
20505,0x0020,57,55
20505,0x0022,162,161
20505,0x0069,255,1
20505,0x006B,185,187
20505,0x007B,199,200
20505,0x00AD,144,146
20505,0x00CD,98,101
20505,0x00CE,187,193
20505,0x00CF,218,228
20505,0x00D0,247,5
20505,0x017D,52,53
20505,0x0501,145,153
20505,0x0502,82,94
20505,0x0508,76,89
20505,0x0509,94,85
20505,0x050A,4,20
20505,0x050B,8,20
20505,0x050F,12,146
20505,0x0510,84,82
20505,0x0512,12,40
20505,0x0600,0,248
20505,0x0601,0,12
20505,0x0602,0,247
20505,0x0603,0,12
20505,0x0604,0,217
20505,0x0605,0,16
20505,0x0606,0,154
20505,0x0607,0,17
20505,0x0608,83,11
20505,0x0609,63,16
20505,0x060A,37,11
20505,0x060B,63,16
20505,0x060C,59,30
20505,0x060D,63,17
20505,0x060E,75,46
20505,0x060F,63,17
20505,0x0610,0,116
20505,0x0611,0,16
20505,0x0612,0,118
20505,0x0613,0,16
20505,0x0614,168,0
20505,0x0615,26,0
20505,0x0616,184,0
20505,0x0617,26,0
20505,0x0618,174,0
20505,0x0619,26,0
20505,0x061A,151,0
20505,0x061B,90,0
20505,0x0620,15,0
20505,0x0621,13,0
20505,0x0622,246,0
20505,0x0623,12,13
20505,0x0624,95,1
20505,0x0625,16,13
20505,0x0626,153,2
20505,0x0627,17,13
20505,0x0628,11,0
20505,0x0629,16,0
20505,0x062A,11,0
20505,0x062B,16,0
20505,0x062C,29,0
20505,0x062D,17,0
20505,0x062E,45,0
20505,0x062F,17,0
20505,0x0630,116,82
20505,0x0631,16,63
20505,0x0632,117,36
20505,0x0633,16,63
20505,0x0634,0,58
20505,0x0635,0,63
20505,0x0874,222,86
20505,0x0875,42,1
20505,0x0876,86,222
20505,0x0877,1,42
20505,0x0894,22,14
20505,0x0895,91,58
20505,0x0896,14,22
20505,0x0897,58,91
20505,0x0908,79,76
20505,0x090C,95,92
20505,0x0910,11,10
20505,0x0911,121,119
20505,0x0914,27,26
20505,0x0915,121,119
20505,0x0918,19,18
20505,0x0919,146,144
20505,0x091C,35,34
20505,0x091D,146,144
20505,0x0920,41,39
20505,0x0921,162,161
20505,0x0924,57,55
20505,0x0925,162,161
20505,0x0B22,49,50
20505,0x0B24,99,100
20505,0x0B26,199,200
20505,0x0B28,142,144
20505,0x0B82,49,50
20505,0x0B84,99,100
20505,0x0B86,199,200
20505,0x0B88,142,144
20505,0x0F99,199,200
20505,0x0F9D,199,200
20505,0x0FD1,199,200
20505,0x0FF0,199,200
20505,0x16D0,232,80
20505,0x16D1,95,92
20505,0x16E6,157,155
20505,0x16F5,94,92
20505,0x16F8,10,8
20505,0x1710,40,166
20505,0x1711,27,26
20505,0x1713,241,75
20505,0x1714,129,127
20505,0x1716,188,192
20505,0x1719,179,171
20505,0x1726,6,4
20505,0x1735,27,25
20505,0x1738,13,11
20505,0x1750,220,156
20505,0x1751,35,34
20505,0x1753,198,225
20505,0x1754,154,152
20505,0x1756,84,100
20505,0x1759,21,11
20505,0x1766,219,217
20505,0x1775,49,47
20505,0x1778,11,9
20505,0x1790,220,60
20505,0x1791,57,55
20505,0x1793,117,108
20505,0x1794,170,169
20505,0x1796,164,180
20505,0x1799,131,121
20505,0x17A6,241,239
20505,0x17B5,71,69
20505,0x17B8,33,31
20507,0x0020,55,52
20507,0x0022,161,160
20507,0x0069,1,3
20507,0x006B,187,189
20507,0x007B,200,201
20507,0x00AD,146,148
20507,0x00CD,101,104
20507,0x00CE,193,199
20507,0x00CF,228,238
20507,0x00D0,5,19
20507,0x017D,53,52
20507,0x02FD,39,41
20507,0x0874,86,222
20507,0x0875,1,42
20507,0x0876,222,86
20507,0x0877,42,1
20507,0x0894,14,22
20507,0x0895,58,91
20507,0x0896,22,14
20507,0x0897,91,58
20507,0x0908,76,72
20507,0x090C,92,88
20507,0x0911,119,116
20507,0x0915,119,116
20507,0x0918,18,17
20507,0x0919,144,142
20507,0x091C,34,33
20507,0x091D,144,142
20507,0x0920,39,36
20507,0x0921,161,160
20507,0x0924,55,52
20507,0x0925,161,160
20507,0x0B26,200,201
20507,0x0B28,144,146
20507,0x0B86,200,201
20507,0x0B88,144,146
20507,0x0F99,200,201
20507,0x0F9D,200,201
20507,0x0FD1,200,201
20507,0x0FF0,200,201
20507,0x16D0,80,184
20507,0x16D1,92,88
20507,0x16E6,155,153
20507,0x16F5,92,90
20507,0x16F8,8,6
20507,0x1710,166,44
20507,0x1713,75,149
20507,0x1714,127,124
20507,0x1716,192,196
20507,0x1719,171,163
20507,0x1726,4,2
20507,0x1735,25,23
20507,0x1738,11,9
20507,0x1750,156,124
20507,0x1751,34,33
20507,0x1753,225,232
20507,0x1754,152,150
20507,0x1756,100,116
20507,0x1759,11,1
20507,0x1766,217,215
20507,0x1775,47,45
20507,0x1778,9,7
20507,0x1790,60,188
20507,0x1791,55,52
20507,0x1793,108,79
20507,0x1794,169,168
20507,0x1796,180,196
20507,0x1799,121,111
20507,0x17A6,239,237
20507,0x17B5,69,67
20507,0x17B8,31,29
20509,0x0020,52,50
20509,0x0022,160,159
20509,0x0069,3,5
20509,0x006B,189,191
20509,0x007B,201,202
20509,0x00AD,148,150
20509,0x00CD,104,107
20509,0x00CE,199,205
20509,0x00CF,238,248
20509,0x00D0,19,33
20509,0x02FD,41,39
20509,0x0874,222,86
20509,0x0875,42,1
20509,0x0876,86,222
20509,0x0877,1,42
20509,0x0894,22,14
20509,0x0895,91,58
20509,0x0896,14,22
20509,0x0897,58,91
20509,0x0908,72,69
20509,0x090C,88,85
20509,0x0910,10,25
20509,0x0911,116,113
20509,0x0913,105,41
20509,0x0914,26,9
20509,0x0915,116,113
20509,0x0917,105,41
20509,0x0918,17,16
20509,0x0919,142,140
20509,0x091C,33,32
20509,0x091D,142,140
20509,0x0920,36,34
20509,0x0921,160,159
20509,0x0924,52,50
20509,0x0925,160,159
20509,0x0B24,100,101
20509,0x0B26,201,202
20509,0x0B28,146,148
20509,0x0B84,100,101
20509,0x0B86,201,202
20509,0x0B88,146,148
20509,0x0F99,201,202
20509,0x0F9D,201,202
20509,0x0FD1,201,202
20509,0x0FF0,201,202
20509,0x16D0,184,32
20509,0x16D1,88,85
20509,0x16E6,153,151
20509,0x16F5,90,88
20509,0x16F8,6,4
20509,0x1710,44,186
20509,0x1711,26,25
20509,0x1713,149,207
20509,0x1714,124,121
20509,0x1716,196,200
20509,0x1719,163,155
20509,0x1724,19,21
20509,0x1726,2,6
20509,0x172C,93,129
20509,0x1735,23,21
20509,0x1738,9,7
20509,0x1751,33,32
20509,0x1753,232,219
20509,0x1754,150,148
20509,0x1756,116,132
20509,0x1759,1,247
20509,0x175A,255,254
20509,0x1766,215,213
20509,0x1775,45,43
20509,0x1778,7,5
20509,0x1790,188,92
20509,0x1791,52,50
20509,0x1793,79,30
20509,0x1794,168,167
20509,0x1796,196,212
20509,0x1799,111,101
20509,0x17A6,237,235
20509,0x17B5,67,65
20509,0x17B8,29,27
20511,0x0020,50,48
20511,0x0022,159,157
20511,0x0069,5,7
20511,0x006B,191,193
20511,0x007B,202,203
20511,0x00AD,150,152
20511,0x00CD,107,110
20511,0x00CE,205,211
20511,0x00CF,248,2
20511,0x00D0,33,48
20511,0x02FD,39,41
20511,0x0874,86,222
20511,0x0875,1,42
20511,0x0876,222,86
20511,0x0877,42,1
20511,0x0894,14,22
20511,0x0895,58,91
20511,0x0896,22,14
20511,0x0897,91,58
20511,0x0908,69,65
20511,0x090C,85,81
20511,0x0911,113,110
20511,0x0915,113,110
20511,0x0918,16,15
20511,0x0919,140,138
20511,0x091C,32,31
20511,0x091D,140,138
20511,0x0920,34,32
20511,0x0921,159,157
20511,0x0924,50,48
20511,0x0925,159,157
20511,0x0B26,202,203
20511,0x0B28,148,150
20511,0x0B86,202,203
20511,0x0B88,148,150
20511,0x0F99,202,203
20511,0x0F9D,202,203
20511,0x0FD1,202,203
20511,0x0FF0,202,203
20511,0x16D0,32,136
20511,0x16D1,85,81
20511,0x16E6,151,149
20511,0x16F5,88,86
20511,0x16F8,4,2
20511,0x1710,186,80
20511,0x1713,207,249
20511,0x1714,121,118
20511,0x1716,200,204
20511,0x1719,155,147
20511,0x1726,6,4
20511,0x1735,21,19
20511,0x1738,7,5
20511,0x1750,124,156
20511,0x1751,32,31
20511,0x1753,219,186
20511,0x1754,148,146
20511,0x1756,132,148
20511,0x1759,247,237
20511,0x1766,213,211
20511,0x1775,43,41
20511,0x1778,5,3
20511,0x1790,92,28
20511,0x1791,50,48
20511,0x1793,30,217
20511,0x1794,167,165
20511,0x1796,212,228
20511,0x1799,101,91
20511,0x17A6,235,233
20511,0x17B5,65,63
20511,0x17B8,27,25
20513,0x0004,36,38
20513,0x0020,48,45
20513,0x0022,157,156
20513,0x0069,7,9
20513,0x006B,193,195
20513,0x007B,203,204
20513,0x00AD,152,154
20513,0x00CD,110,113
20513,0x00CE,211,217
20513,0x00CF,2,12
20513,0x00D0,48,62
20513,0x0501,153,147
20513,0x0502,94,82
20513,0x0600,248,0
20513,0x0601,12,0
20513,0x0602,247,0
20513,0x0603,12,0
20513,0x0604,217,0
20513,0x0605,16,0
20513,0x0606,154,67
20513,0x0607,17,63
20513,0x0608,11,68
20513,0x0609,16,63
20513,0x060A,11,37
20513,0x060B,16,63
20513,0x060C,30,59
20513,0x060D,17,63
20513,0x060E,46,50
20513,0x060F,17,63
20513,0x0610,116,0
20513,0x0611,16,0
20513,0x0612,118,0
20513,0x0613,16,0
20513,0x0874,222,86
20513,0x0875,42,1
20513,0x0876,86,222
20513,0x0877,1,42
20513,0x0894,22,14
20513,0x0895,91,58
20513,0x0896,14,22
20513,0x0897,58,91
20513,0x0908,65,61
20513,0x090A,2,6
20513,0x090C,81,77
20513,0x090E,0,4
20513,0x0910,25,24
20513,0x0911,110,108
20513,0x0914,9,8
20513,0x0915,110,108
20513,0x0918,15,14
20513,0x0919,138,136
20513,0x091C,31,30
20513,0x091D,138,136
20513,0x0920,32,29
20513,0x0921,157,156
20513,0x0924,48,45
20513,0x0925,157,156
20513,0x0B22,50,51
20513,0x0B24,101,102
20513,0x0B26,203,204
20513,0x0B28,150,152
20513,0x0B82,50,51
20513,0x0B84,101,102
20513,0x0B86,203,204
20513,0x0B88,150,152
20513,0x0F99,203,204
20513,0x0F9D,203,204
20513,0x0FD1,203,204
20513,0x0FF0,203,204
20513,0x16D0,136,248
20513,0x16D1,81,77
20513,0x16D3,132,72
20513,0x16D6,52,60
20513,0x16D9,201,196
20513,0x16DC,0,8
20513,0x16DD,239,251
20513,0x16E2,220,217
20513,0x16E4,222,219
20513,0x16E6,149,254
20513,0x16EC,124,111
20513,0x16ED,12,43
20513,0x16F5,86,84
20513,0x16F8,2,46
20513,0x16F9,6,0
20513,0x16FA,106,111
20513,0x1710,80,238
20513,0x1711,25,24
20513,0x1713,249,19
20513,0x1714,118,116
20513,0x1716,204,208
20513,0x1719,147,139
20513,0x1726,4,2
20513,0x1735,19,17
20513,0x1738,5,3
20513,0x1750,156,220
20513,0x1751,31,30
20513,0x1753,186,133
20513,0x1754,146,144
20513,0x1756,148,164
20513,0x1759,237,227
20513,0x1766,211,209
20513,0x1775,41,39
20513,0x1778,3,1
20513,0x1790,28,252
20513,0x1791,48,45
20513,0x1793,217,128
20513,0x1794,165,164
20513,0x1796,228,244
20513,0x1799,91,81
20513,0x17A6,233,231
20513,0x17B5,63,61
20513,0x17B8,25,23
20515,0x0020,45,43
20515,0x0022,156,155
20515,0x0069,9,11
20515,0x006B,195,197
20515,0x007B,204,205
20515,0x00AD,154,156
20515,0x00CD,113,116
20515,0x00CE,217,223
20515,0x00CF,12,22
20515,0x00D0,62,76
20515,0x0874,86,222
20515,0x0875,1,42
20515,0x0876,222,86
20515,0x0877,42,1
20515,0x0894,14,22
20515,0x0895,58,91
20515,0x0896,22,14
20515,0x0897,91,58
20515,0x0908,61,58
20515,0x0909,167,166
20515,0x090C,77,74
20515,0x090D,167,166
20515,0x0911,108,105
20515,0x0912,14,10
20515,0x0915,108,105
20515,0x0916,12,8
20515,0x0919,136,134
20515,0x091D,136,134
20515,0x0920,29,27
20515,0x0921,156,155
20515,0x0924,45,43
20515,0x0925,156,155
20515,0x0B26,204,205
20515,0x0B28,152,154
20515,0x0B86,204,205
20515,0x0B88,152,154
20515,0x0F99,204,205
20515,0x0F9D,204,205
20515,0x0FD1,204,205
20515,0x0FF0,204,205
20515,0x16D0,248,136
20515,0x16D1,77,74
20515,0x16D3,72,193
20515,0x16D4,175,174
20515,0x16D6,60,76
20515,0x16D9,196,186
20515,0x16E6,254,252
20515,0x16F5,84,82
20515,0x16F8,46,44
20515,0x1710,238,148
20515,0x1713,19,29
20515,0x1714,116,113
20515,0x1716,208,212
20515,0x1719,139,131
20515,0x1724,21,23
20515,0x1726,2,6
20515,0x172C,129,138
20515,0x1735,17,15
20515,0x1738,3,1
20515,0x1750,220,42
20515,0x1753,133,63
20515,0x1754,144,142
20515,0x1756,164,168
20515,0x1759,227,219
20515,0x175C,8,2
20515,0x175D,251,252
20515,0x1762,217,13
20515,0x1763,8,12
20515,0x1764,219,15
20515,0x1765,8,12
20515,0x1766,209,4
20515,0x1775,39,37
20515,0x1778,1,23
20515,0x177A,111,116
20515,0x1791,45,43
20515,0x1793,128,19
20515,0x1794,164,163
20515,0x1796,244,4
20515,0x1797,254,255
20515,0x1799,81,71
20515,0x17A6,231,229
20515,0x17B5,61,59
20515,0x17B8,23,21
20517,0x0020,43,42
20517,0x0022,155,153
20517,0x0069,11,13
20517,0x006B,197,199
20517,0x007B,205,206
20517,0x00AD,156,158
20517,0x00CD,116,119
20517,0x00CE,223,229
20517,0x00CF,22,32
20517,0x00D0,76,90
20517,0x02FD,41,39
20517,0x0874,222,86
20517,0x0875,42,1
20517,0x0876,86,222
20517,0x0877,1,42
20517,0x0894,22,14
20517,0x0895,91,58
20517,0x0896,14,22
20517,0x0897,58,91
20517,0x0908,58,55
20517,0x090C,74,71
20517,0x0911,105,102
20517,0x0915,105,102
20517,0x0918,14,13
20517,0x0919,134,131
20517,0x091C,30,29
20517,0x091D,134,131
20517,0x0920,27,26
20517,0x0921,155,153
20517,0x0924,43,42
20517,0x0925,155,153
20517,0x0B24,102,103
20517,0x0B26,205,206
20517,0x0B28,154,156
20517,0x0B84,102,103
20517,0x0B86,205,206
20517,0x0B88,154,156
20517,0x0F99,205,206
20517,0x0F9D,205,206
20517,0x0FD1,205,206
20517,0x0FF0,205,206
20517,0x16D0,136,56
20517,0x16D1,74,71
20517,0x16D3,193,38
20517,0x16D6,76,92
20517,0x16D9,186,176
20517,0x16E6,252,250
20517,0x16F5,82,80
20517,0x16F8,44,42
20517,0x1710,148,87
20517,0x1713,29,44
20517,0x1714,113,110
20517,0x1716,212,230
20517,0x1719,131,137
20517,0x171C,2,9
20517,0x171D,252,3
20517,0x1726,6,4
20517,0x1735,15,13
20517,0x1738,1,23
20517,0x173A,116,121
20517,0x1750,42,128
20517,0x1751,30,29
20517,0x1753,63,233
20517,0x1754,142,139
20517,0x1756,168,172
20517,0x1759,219,211
20517,0x1766,4,2
20517,0x1775,37,35
20517,0x1778,23,21
20517,0x1790,252,28
20517,0x1791,43,42
20517,0x1793,19,146
20517,0x1794,163,161
20517,0x1796,4,20
20517,0x1799,71,61
20517,0x17A6,229,227
20517,0x17B5,59,57
20517,0x17B8,21,19
20519,0x0020,42,40
20519,0x0022,153,151
20519,0x0069,13,15
20519,0x006B,199,201
20519,0x007B,206,207
20519,0x00AD,158,160
20519,0x00CD,119,122
20519,0x00CE,229,235
20519,0x00CF,32,42
20519,0x00D0,90,104
20519,0x02FD,39,41
20519,0x0874,86,222
20519,0x0875,1,42
20519,0x0876,222,86
20519,0x0877,42,1
20519,0x0894,14,22
20519,0x0895,58,91
20519,0x0896,22,14
20519,0x0897,91,58
20519,0x0908,55,52
20519,0x0909,166,165
20519,0x090C,71,68
20519,0x090D,166,165
20519,0x0911,102,99
20519,0x0915,102,99
20519,0x0918,13,12
20519,0x0919,131,129
20519,0x091A,6,10
20519,0x091C,29,28
20519,0x091D,131,129
20519,0x091E,4,8
20519,0x0920,26,24
20519,0x0921,153,151
20519,0x0924,42,40
20519,0x0925,153,151
20519,0x0B26,206,207
20519,0x0B28,156,158
20519,0x0B86,206,207
20519,0x0B88,156,158
20519,0x0F99,206,207
20519,0x0F9D,206,207
20519,0x0FD1,206,207
20519,0x0FF0,206,207
20519,0x16D0,56,8
20519,0x16D1,71,68
20519,0x16D3,38,119
20519,0x16D4,174,173
20519,0x16D6,92,108
20519,0x16D9,176,166
20519,0x16E6,250,248
20519,0x16F5,80,78
20519,0x16F8,42,40
20519,0x1710,87,62
20519,0x1713,44,71
20519,0x1714,110,107
20519,0x1716,230,248
20519,0x1719,137,143
20519,0x1726,4,2
20519,0x1735,13,11
20519,0x1738,23,21
20519,0x1750,128,222
20519,0x1751,29,28
20519,0x1753,233,131
20519,0x1754,139,137
20519,0x1756,172,176
20519,0x1759,211,203
20519,0x1764,15,17
20519,0x1766,2,6
20519,0x176C,111,102
20519,0x1775,35,33
20519,0x1778,21,19
20519,0x1790,28,92
20519,0x1791,42,40
20519,0x1793,146,253
20519,0x1794,161,159
20519,0x1796,20,36
20519,0x1799,61,51
20519,0x17A6,227,225
20519,0x17B5,57,55
20519,0x17B8,19,17
20521,0x0004,38,40
20521,0x0020,40,38
20521,0x0022,151,150
20521,0x0069,15,17
20521,0x006B,201,203
20521,0x007B,207,208
20521,0x00AD,160,162
20521,0x00CD,122,125
20521,0x00CE,235,241
20521,0x00CF,42,52
20521,0x00D0,104,118
20521,0x0501,147,77
20521,0x0502,82,94
20521,0x0503,20,4
20521,0x0508,89,13
20521,0x0509,85,84
20521,0x050B,20,4
20521,0x050F,146,154
20521,0x0510,82,94
20521,0x0512,40,24
20521,0x0516,152,90
20521,0x0517,94,85
20521,0x0519,32,44
20521,0x051D,88,148
20521,0x051E,85,82
20521,0x0520,52,64
20521,0x0600,0,192
20521,0x0601,0,22
20521,0x0602,0,209
20521,0x0603,0,22
20521,0x0606,67,0
20521,0x0607,63,0
20521,0x0608,68,0
20521,0x0609,63,0
20521,0x060A,37,153
20521,0x060B,63,26
20521,0x060C,59,169
20521,0x060D,63,26
20521,0x060E,50,185
20521,0x060F,63,26
20521,0x0610,0,175
20521,0x0611,0,26
20521,0x0612,0,127
20521,0x0613,0,88
20521,0x0618,0,213
20521,0x0619,0,12
20521,0x061A,0,119
20521,0x061B,0,12
20521,0x061C,0,95
20521,0x061D,0,16
20521,0x061E,0,153
20521,0x061F,0,17
20521,0x0620,0,11
20521,0x0621,0,16
20521,0x0622,0,11
20521,0x0623,13,16
20521,0x0624,1,31
20521,0x0625,13,17
20521,0x0626,2,47
20521,0x0627,13,17
20521,0x0628,0,116
20521,0x0629,0,16
20521,0x062A,0,117
20521,0x062B,0,16
20521,0x0630,82,0
20521,0x0631,63,0
20521,0x0632,36,0
20521,0x0633,63,0
20521,0x0634,58,0
20521,0x0635,63,0
20521,0x0636,0,181
20521,0x0637,0,12
20521,0x0638,0,197
20521,0x0639,0,12
20521,0x063A,0,197
20521,0x063B,0,12
20521,0x063C,0,197
20521,0x063D,0,12
20521,0x063E,0,197
20521,0x063F,0,12
20521,0x0642,223,0
20521,0x0643,12,0
20521,0x0644,239,0
20521,0x0645,12,0
20521,0x0646,255,0
20521,0x0647,12,0
20521,0x0648,0,82
20521,0x0649,0,63
20521,0x064A,0,36
20521,0x064B,0,63
20521,0x064C,0,58
20521,0x064D,0,63
20521,0x064E,0,74
20521,0x064F,0,63
20521,0x0650,82,0
20521,0x0651,63,0
20521,0x0652,36,0
20521,0x0653,63,0
20521,0x0874,222,86
20521,0x0875,42,1
20521,0x0876,86,222
20521,0x0877,1,42
20521,0x0894,22,14
20521,0x0895,91,58
20521,0x0896,14,22
20521,0x0897,58,91
20521,0x0908,52,48
20521,0x0909,165,164
20521,0x090C,68,64
20521,0x090D,165,164
20521,0x0911,99,96
20521,0x0912,10,6
20521,0x0915,99,96
20521,0x0916,8,4
20521,0x0919,129,127
20521,0x091D,129,127
20521,0x0920,24,22
20521,0x0921,151,150
20521,0x0924,40,38
20521,0x0925,151,150
20521,0x0B22,51,52
20521,0x0B24,103,104
20521,0x0B26,207,208
20521,0x0B28,158,160
20521,0x0B82,51,52
20521,0x0B84,103,104
20521,0x0B86,207,208
20521,0x0B88,158,160
20521,0x0F99,207,208
20521,0x0F9D,207,208
20521,0x0FD1,207,208
20521,0x0FF0,207,208
20521,0x16D0,8,248
20521,0x16D1,68,64
20521,0x16D3,119,180
20521,0x16D4,173,172
20521,0x16D6,108,124
20521,0x16D9,166,156
20521,0x16E6,248,246
20521,0x16F5,78,76
20521,0x16F8,40,38
20521,0x1710,62,73
20521,0x1713,71,110
20521,0x1714,107,104
20521,0x1716,248,10
20521,0x1717,255,0
20521,0x1718,255,0
20521,0x1719,143,149
20521,0x1724,23,25
20521,0x1726,2,255
20521,0x172C,138,147
20521,0x1735,11,9
20521,0x1738,21,19
20521,0x1750,222,68
20521,0x1753,131,13
20521,0x1754,137,135
20521,0x1756,176,180
20521,0x1759,203,195
20521,0x1766,6,4
20521,0x1775,33,31
20521,0x1778,19,17
20521,0x1790,92,188
20521,0x1791,40,38
20521,0x1793,253,84
20521,0x1794,159,158
20521,0x1796,36,52
20521,0x1799,51,41
20521,0x17A6,225,223
20521,0x17B5,55,53
20521,0x17B8,17,15
20523,0x0020,38,37
20523,0x0022,150,148
20523,0x0069,17,19
20523,0x006B,203,205
20523,0x007B,208,209
20523,0x00AD,162,164
20523,0x00CD,125,128
20523,0x00CE,241,247
20523,0x00CF,52,62
20523,0x00D0,118,132
20523,0x017D,52,116
20523,0x02FD,41,39
20523,0x0874,86,222
20523,0x0875,1,42
20523,0x0876,222,86
20523,0x0877,42,1
20523,0x0894,14,22
20523,0x0895,58,91
20523,0x0896,22,14
20523,0x0897,91,58
20523,0x0908,48,46
20523,0x0909,164,163
20523,0x090C,64,62
20523,0x090D,164,163
20523,0x0911,96,93
20523,0x0915,96,93
20523,0x0918,12,11
20523,0x0919,127,124
20523,0x091C,28,27
20523,0x091D,127,124
20523,0x0920,22,21
20523,0x0921,150,148
20523,0x0924,38,37
20523,0x0925,150,148
20523,0x0B26,208,209
20523,0x0B28,160,162
20523,0x0B86,208,209
20523,0x0B88,160,162
20523,0x0F99,208,209
20523,0x0F9D,208,209
20523,0x0FD1,208,209
20523,0x0FF0,208,209
20523,0x16D0,248,8
20523,0x16D1,64,62
20523,0x16D3,180,221
20523,0x16D4,172,171
20523,0x16D6,124,140
20523,0x16D9,156,146
20523,0x16E6,246,244
20523,0x16F5,76,74
20523,0x16F8,38,36
20523,0x1710,73,120
20523,0x1713,110,161
20523,0x1714,104,101
20523,0x1716,10,28
20523,0x1719,149,155
20523,0x1726,255,253
20523,0x1735,9,7
20523,0x1738,19,17
20523,0x1750,68,178
20523,0x1751,28,27
20523,0x1753,13,135
20523,0x1754,135,132
20523,0x1756,180,184
20523,0x1759,195,187
20523,0x1766,4,2
20523,0x1775,31,29
20523,0x1778,17,15
20523,0x1790,188,60
20523,0x1791,38,37
20523,0x1793,84,151
20523,0x1794,158,156
20523,0x1796,52,68
20523,0x1799,41,31
20523,0x17A6,223,221
20523,0x17B5,53,51
20523,0x17B8,15,13
20525,0x0020,37,35
20525,0x0022,148,146
20525,0x0069,19,21
20525,0x006B,205,207
20525,0x007B,209,210
20525,0x00AD,164,166
20525,0x00CD,128,131
20525,0x00CE,247,253
20525,0x00CF,62,72
20525,0x00D0,132,146
20525,0x017D,116,52
20525,0x02FD,39,41
20525,0x0874,222,86
20525,0x0875,42,1
20525,0x0876,86,222
20525,0x0877,1,42
20525,0x0894,22,14
20525,0x0895,91,58
20525,0x0896,14,22
20525,0x0897,58,91
20525,0x0908,46,43
20525,0x0909,163,162
20525,0x090C,62,59
20525,0x090D,163,162
20525,0x0911,93,90
20525,0x0915,93,90
20525,0x0919,124,121
20525,0x091A,10,14
20525,0x091D,124,121
20525,0x091E,8,12
20525,0x0920,21,19
20525,0x0921,148,146
20525,0x0924,37,35
20525,0x0925,148,146
20525,0x0B24,104,105
20525,0x0B26,209,210
20525,0x0B28,162,164
20525,0x0B84,104,105
20525,0x0B86,209,210
20525,0x0B88,162,164
20525,0x0F99,209,210
20525,0x0F9D,209,210
20525,0x0FD1,209,210
20525,0x0FF0,209,210
20525,0x16D0,8,56
20525,0x16D1,62,59
20525,0x16D3,221,242
20525,0x16D4,171,170
20525,0x16D6,140,156
20525,0x16D9,146,136
20525,0x16E6,244,242
20525,0x16F5,74,72
20525,0x16F8,36,34
20525,0x1710,120,203
20525,0x1713,161,224
20525,0x1714,101,98
20525,0x1716,28,46
20525,0x1719,155,161
20525,0x1726,253,251
20525,0x1735,7,5
20525,0x1738,17,15
20525,0x1750,178,40
20525,0x1753,135,241
20525,0x1754,132,129
20525,0x1756,184,188
20525,0x1759,187,179
20525,0x1764,17,19
20525,0x1766,2,6
20525,0x176C,102,93
20525,0x1775,29,27
20525,0x1778,15,13
20525,0x1790,60,220
20525,0x1791,37,35
20525,0x1793,151,198
20525,0x1794,156,154
20525,0x1796,68,84
20525,0x1799,31,21
20525,0x17A6,221,219
20525,0x17B5,51,49
20525,0x17B8,13,11
20527,0x0020,35,34
20527,0x0022,146,144
20527,0x0069,21,23
20527,0x006B,207,209
20527,0x007B,210,211
20527,0x00AD,166,168
20527,0x00CD,131,134
20527,0x00CE,253,3
20527,0x00CF,72,83
20527,0x00D0,146,160
20527,0x0874,86,222
20527,0x0875,1,42
20527,0x0876,222,86
20527,0x0877,42,1
20527,0x0894,14,22
20527,0x0895,58,91
20527,0x0896,22,14
20527,0x0897,91,58
20527,0x0908,43,40
20527,0x0909,162,161
20527,0x090C,59,56
20527,0x090D,162,161
20527,0x0910,24,25
20527,0x0911,90,88
20527,0x0914,8,9
20527,0x0915,90,88
20527,0x0918,11,10
20527,0x0919,121,119
20527,0x091C,27,26
20527,0x091D,121,119
20527,0x0920,19,18
20527,0x0921,146,144
20527,0x0924,35,34
20527,0x0925,146,144
20527,0x0B26,210,211
20527,0x0B28,164,166
20527,0x0B86,210,211
20527,0x0B88,164,166
20527,0x0F99,210,211
20527,0x0F9D,210,211
20527,0x0FD1,210,211
20527,0x0FF0,210,211
20527,0x16D0,56,136
20527,0x16D1,59,56
20527,0x16D3,242,243
20527,0x16D4,170,169
20527,0x16D6,156,172
20527,0x16D9,136,126
20527,0x16E6,242,240
20527,0x16F5,72,70
20527,0x16F8,34,32
20527,0x1710,203,66
20527,0x1711,24,25
20527,0x1713,224,43
20527,0x1714,98,96
20527,0x1716,46,64
20527,0x1719,161,167
20527,0x1726,251,249
20527,0x1735,5,3
20527,0x1738,15,13
20527,0x1750,40,166
20527,0x1751,27,26
20527,0x1753,241,75
20527,0x1754,129,127
20527,0x1756,188,192
20527,0x1759,179,171
20527,0x1766,6,4
20527,0x1775,27,25
20527,0x1778,13,11
20527,0x1790,220,156
20527,0x1791,35,34
20527,0x1793,198,225
20527,0x1794,154,152
20527,0x1796,84,100
20527,0x1799,21,11
20527,0x17A6,219,217
20527,0x17B5,49,47
20527,0x17B8,11,9
20529,0x0004,40,42
20529,0x0020,34,33
20529,0x0022,144,142
20529,0x0069,23,25
20529,0x006B,209,211
20529,0x007B,211,212
20529,0x00AD,168,170
20529,0x00CD,134,137
20529,0x00CE,3,9
20529,0x00CF,83,93
20529,0x00D0,160,174
20529,0x0501,77,149
20529,0x0502,94,82
20529,0x0503,4,20
20529,0x0600,192,0
20529,0x0601,22,0
20529,0x0602,209,0
20529,0x0603,22,0
20529,0x0608,0,83
20529,0x0609,0,63
20529,0x060A,153,37
20529,0x060B,26,63
20529,0x060C,169,59
20529,0x060D,26,63
20529,0x060E,185,75
20529,0x060F,26,63
20529,0x0610,175,0
20529,0x0611,26,0
20529,0x0612,127,0
20529,0x0613,88,0
20529,0x0874,222,86
20529,0x0875,42,1
20529,0x0876,86,222
20529,0x0877,1,42
20529,0x0894,22,14
20529,0x0895,91,58
20529,0x0896,14,22
20529,0x0897,58,91
20529,0x0908,40,37
20529,0x0909,161,160
20529,0x090C,56,53
20529,0x090D,161,160
20529,0x0911,88,85
20529,0x0915,88,85
20529,0x0919,119,116
20529,0x091D,119,116
20529,0x0920,18,17
20529,0x0921,144,142
20529,0x0924,34,33
20529,0x0925,144,142
20529,0x0B22,52,53
20529,0x0B24,105,106
20529,0x0B26,211,212
20529,0x0B28,166,168
20529,0x0B82,52,53
20529,0x0B84,105,106
20529,0x0B86,211,212
20529,0x0B88,166,168
20529,0x0F99,211,212
20529,0x0F9D,211,212
20529,0x0FD1,211,212
20529,0x0FF0,211,212
20529,0x16D0,136,248
20529,0x16D1,56,53
20529,0x16D3,243,224
20529,0x16D4,169,168
20529,0x16D6,172,188
20529,0x16D9,126,116
20529,0x16E6,240,238
20529,0x16F5,70,68
20529,0x16F8,32,30
20529,0x1710,66,221
20529,0x1713,43,130
20529,0x1714,96,93
20529,0x1716,64,82
20529,0x1719,167,173
20529,0x1726,249,247
20529,0x1735,3,1
20529,0x1738,13,11
20529,0x1750,166,44
20529,0x1753,75,149
20529,0x1754,127,124
20529,0x1756,192,196
20529,0x1759,171,163
20529,0x1766,4,2
20529,0x1775,25,23
20529,0x1778,11,9
20529,0x1790,156,124
20529,0x1791,34,33
20529,0x1793,225,232
20529,0x1794,152,150
20529,0x1796,100,116
20529,0x1799,11,1
20529,0x17A6,217,215
20529,0x17B5,47,45
20529,0x17B8,9,7
20531,0x0000,74,127
20531,0x0001,176,249
20531,0x0002,2,4
20531,0x0020,33,22
20531,0x0022,142,89
20531,0x0024,4,7
20531,0x0025,1,0
20531,0x0026,105,34
20531,0x0028,40,34
20531,0x002A,8,0
20531,0x0069,25,27
20531,0x006B,211,213
20531,0x007B,212,213
20531,0x00AD,170,172
20531,0x00B7,10,11
20531,0x00CD,137,140
20531,0x00CE,9,40
20531,0x00CF,93,103
20531,0x00D0,174,188
20531,0x00D1,0,1
20531,0x016C,0,19
20531,0x016F,1,23
20531,0x0170,0,36
20531,0x0171,0,192
20531,0x0175,54,52
20531,0x0176,107,144
20531,0x0177,176,249
20531,0x0178,54,180
20531,0x01B9,128,192
20531,0x01BA,23,26
20531,0x0874,86,222
20531,0x0875,1,42
20531,0x0876,222,86
20531,0x0877,42,1
20531,0x0894,14,22
20531,0x0895,58,91
20531,0x0896,22,14
20531,0x0897,91,58
20531,0x0908,37,35
20531,0x0909,160,159
20531,0x090C,53,51
20531,0x090D,160,159
20531,0x0910,25,26
20531,0x0911,85,82
20531,0x0914,9,10
20531,0x0915,85,82
20531,0x0918,10,25
20531,0x0919,116,113
20531,0x091B,105,41
20531,0x091C,26,9
20531,0x091D,116,113
20531,0x091F,105,41
20531,0x0920,17,16
20531,0x0921,142,140
20531,0x0924,33,32
20531,0x0925,142,140
20531,0x0928,119,22
20531,0x0929,224,89
20531,0x092A,110,7
20531,0x092B,61,34
20531,0x0B26,212,213
20531,0x0B28,168,170
20531,0x0B86,212,213
20531,0x0B88,168,170
20531,0x0F99,212,213
20531,0x0F9D,212,213
20531,0x0FD1,212,213
20531,0x0FF0,212,213
20531,0x16D0,248,136
20531,0x16D1,53,51
20531,0x16D3,224,185
20531,0x16D4,168,167
20531,0x16D6,188,204
20531,0x16D9,116,106
20531,0x16E6,238,236
20531,0x16F5,68,66
20531,0x16F8,30,28
20531,0x1710,221,156
20531,0x1711,25,26
20531,0x1713,130,229
20531,0x1714,93,90
20531,0x1716,82,100
20531,0x1719,173,179
20531,0x1726,247,245
20531,0x1735,1,254
20531,0x1738,11,9
20531,0x1750,44,186
20531,0x1751,26,25
20531,0x1753,149,207
20531,0x1754,124,121
20531,0x1756,196,200
20531,0x1759,163,155
20531,0x1764,19,21
20531,0x1766,2,6
20531,0x176C,93,129
20531,0x1775,23,21
20531,0x1778,9,7
20531,0x1791,33,32
20531,0x1793,232,219
20531,0x1794,150,148
20531,0x1796,116,132
20531,0x1799,1,247
20531,0x179A,255,254
20531,0x17A6,215,213
20531,0x17B5,45,43
20531,0x17B8,7,5
20531,0x1AC0,0,204
20531,0x1AC1,0,127
20531,0x1AC2,0,249
20531,0x1AC3,0,4
20531,0x1AC4,0,203
20531,0x1AC5,0,249
20531,0x1AC6,0,4
20531,0x1AC8,0,1
20531,0x1ACA,0,1
20531,0x1ACD,0,9
20531,0x1ACE,0,160
20531,0x1ACF,0,1
20531,0x1AD0,0,151
20531,0x1AD1,0,26
20531,0x1AD3,0,81
20531,0x1AD4,0,93
20531,0x1ADE,0,2
20531,0x1ADF,0,2
20531,0x1AE0,0,80
20531,0x1AE1,0,2
20531,0x1AE2,0,180
20531,0x1AE3,0,10
20531,0x1AE4,0,182
20531,0x1AE5,0,10
20531,0x1AE6,0,1
20531,0x1AE7,0,2
20531,0x1AE8,0,6
20531,0x1AEA,0,22
20531,0x1AEB,0,4
20531,0x1AEC,0,61
20531,0x1AED,0,36
20531,0x1AF0,0,2
20533,0x0020,22,25
20533,0x0026,34,36
20533,0x0028,34,36
20533,0x0069,27,29
20533,0x006B,213,215
20533,0x007B,213,214
20533,0x00AD,172,174
20533,0x00CD,140,143
20533,0x00CE,40,46
20533,0x00CF,103,113
20533,0x00D0,188,202
20533,0x0874,222,86
20533,0x0875,42,1
20533,0x0876,86,222
20533,0x0877,1,42
20533,0x0894,22,14
20533,0x0895,91,58
20533,0x0896,14,22
20533,0x0897,58,91
20533,0x0908,35,33
20533,0x0909,159,158
20533,0x090C,51,49
20533,0x090D,159,158
20533,0x0910,26,27
20533,0x0911,82,80
20533,0x0914,10,11
20533,0x0915,82,80
20533,0x0919,113,110
20533,0x091D,113,110
20533,0x0920,16,15
20533,0x0921,140,138
20533,0x0924,32,31
20533,0x0925,140,138
20533,0x0928,22,25
20533,0x092B,34,36
20533,0x0B24,106,107
20533,0x0B26,213,214
20533,0x0B28,170,172
20533,0x0B84,106,107
20533,0x0B86,213,214
20533,0x0B88,170,172
20533,0x0F99,213,214
20533,0x0F9D,213,214
20533,0x0FD1,213,214
20533,0x0FF0,213,214
20533,0x16D0,136,56
20533,0x16D1,51,49
20533,0x16D3,185,126
20533,0x16D4,167,166
20533,0x16D6,204,220
20533,0x16D9,106,96
20533,0x16E6,236,234
20533,0x16F5,66,64
20533,0x16F8,28,26
20533,0x1710,156,127
20533,0x1711,26,27
20533,0x1713,229,84
20533,0x1714,90,88
20533,0x1716,100,118
20533,0x1719,179,185
20533,0x1726,245,243
20533,0x1735,254,252
20533,0x1738,9,7
20533,0x1750,186,80
20533,0x1753,207,249
20533,0x1754,121,118
20533,0x1756,200,204
20533,0x1759,155,147
20533,0x1766,6,4
20533,0x1775,21,19
20533,0x1778,7,5
20533,0x1790,124,156
20533,0x1791,32,31
20533,0x1793,219,186
20533,0x1794,148,146
20533,0x1796,132,148
20533,0x1799,247,237
20533,0x17A6,213,211
20533,0x17B5,43,41
20533,0x17B8,5,3
20533,0x1AD0,151,197
20533,0x1AD1,26,29
20533,0x1AD3,81,243
20533,0x1AE6,1,2
20533,0x1AE7,2,4
20533,0x1AF0,2,3
20535,0x0020,25,28
20535,0x0022,89,90
20535,0x0024,7,6
20535,0x0025,0,1
20535,0x0069,29,31
20535,0x006B,215,217
20535,0x007B,214,215
20535,0x00AD,174,176
20535,0x00CD,143,146
20535,0x00CE,46,52
20535,0x00CF,113,123
20535,0x00D0,202,216
20535,0x02FD,41,39
20535,0x0874,86,222
20535,0x0875,1,42
20535,0x0876,222,86
20535,0x0877,42,1
20535,0x0894,14,22
20535,0x0895,58,91
20535,0x0896,22,14
20535,0x0897,91,58
20535,0x0908,33,31
20535,0x0909,158,157
20535,0x090C,49,47
20535,0x090D,158,157
20535,0x0910,27,28
20535,0x0911,80,77
20535,0x0914,11,12
20535,0x0915,80,77
20535,0x0918,25,24
20535,0x0919,110,108
20535,0x091C,9,8
20535,0x091D,110,108
20535,0x0920,15,14
20535,0x0921,138,136
20535,0x0924,31,30
20535,0x0925,138,136
20535,0x0928,25,28
20535,0x0929,89,90
20535,0x092A,7,6
20535,0x0B26,214,215
20535,0x0B28,172,174
20535,0x0B86,214,215
20535,0x0B88,172,174
20535,0x0F99,214,215
20535,0x0F9D,214,215
20535,0x0FD1,214,215
20535,0x0FF0,214,215
20535,0x16D0,56,8
20535,0x16D1,49,47
20535,0x16D3,126,47
20535,0x16D4,166,165
20535,0x16D6,220,236
20535,0x16D9,96,86
20535,0x16E6,234,232
20535,0x16F5,64,62
20535,0x16F8,26,24
20535,0x1710,127,134
20535,0x1711,27,28
20535,0x1713,84,207
20535,0x1714,88,85
20535,0x1716,118,136
20535,0x1719,185,191
20535,0x1726,243,241
20535,0x1735,252,250
20535,0x1738,7,5
20535,0x1750,80,238
20535,0x1751,25,24
20535,0x1753,249,19
20535,0x1754,118,116
20535,0x1756,204,208
20535,0x1759,147,139
20535,0x1766,4,2
20535,0x1775,19,17
20535,0x1778,5,3
20535,0x1790,156,220
20535,0x1791,31,30
20535,0x1793,186,133
20535,0x1794,146,144
20535,0x1796,148,164
20535,0x1799,237,227
20535,0x17A6,211,209
20535,0x17B5,41,39
20535,0x17B8,3,1
20535,0x1AD0,197,243
20535,0x1AD1,29,32
20535,0x1AD3,243,149
20535,0x1AD4,93,94
20535,0x1AE4,182,184
20535,0x1AE6,2,1
20535,0x1AEC,61,56
20535,0x1AF0,3,1
20537,0x0004,42,44
20537,0x0020,28,32
20537,0x0022,90,91
20537,0x0024,6,7
20537,0x0025,1,0
20537,0x0026,36,34
20537,0x0028,36,34
20537,0x0069,31,33
20537,0x006B,217,219
20537,0x007B,215,216
20537,0x00AD,176,178
20537,0x00CD,146,149
20537,0x00CE,52,58
20537,0x00CF,123,133
20537,0x00D0,216,230
20537,0x0501,149,155
20537,0x0502,82,94
20537,0x0508,13,91
20537,0x0509,84,85
20537,0x050B,4,20
20537,0x050F,154,150
20537,0x0510,94,82
20537,0x0512,24,40
20537,0x0600,0,198
20537,0x0601,0,12
20537,0x0602,0,214
20537,0x0603,0,12
20537,0x0604,0,217
20537,0x0605,0,16
20537,0x0606,0,154
20537,0x0607,0,17
20537,0x0608,83,11
20537,0x0609,63,16
20537,0x060A,37,11
20537,0x060B,63,16
20537,0x060C,59,29
20537,0x060D,63,17
20537,0x060E,75,45
20537,0x060F,63,17
20537,0x0610,0,116
20537,0x0611,0,16
20537,0x0612,0,118
20537,0x0613,0,16
20537,0x0618,213,166
20537,0x061A,119,182
20537,0x061C,95,182
20537,0x061D,16,12
20537,0x061E,153,182
20537,0x061F,17,12
20537,0x0620,11,182
20537,0x0621,16,12
20537,0x0622,11,182
20537,0x0623,16,12
20537,0x0624,31,182
20537,0x0625,17,12
20537,0x0626,47,182
20537,0x0627,17,12
20537,0x0628,116,0
20537,0x0629,16,0
20537,0x062A,117,0
20537,0x062B,16,0
20537,0x0630,0,82
20537,0x0631,0,63
20537,0x0632,0,36
20537,0x0633,0,63
20537,0x0634,0,58
20537,0x0635,0,63
20537,0x0636,181,74
20537,0x0637,12,63
20537,0x0638,197,0
20537,0x0639,12,0
20537,0x063A,197,0
20537,0x063B,12,0
20537,0x0874,222,86
20537,0x0875,42,1
20537,0x0876,86,222
20537,0x0877,1,42
20537,0x0894,22,14
20537,0x0895,91,58
20537,0x0896,14,22
20537,0x0897,58,91
20537,0x0908,31,28
20537,0x0909,157,155
20537,0x090C,47,44
20537,0x090D,157,155
20537,0x0910,28,29
20537,0x0911,77,75
20537,0x0914,12,13
20537,0x0915,77,75
20537,0x0919,108,105
20537,0x091A,14,10
20537,0x091D,108,105
20537,0x091E,12,8
20537,0x0921,136,134
20537,0x0925,136,134
20537,0x0928,28,32
20537,0x0929,90,91
20537,0x092A,6,7
20537,0x092B,36,34
20537,0x0B22,53,54
20537,0x0B24,107,108
20537,0x0B26,215,216
20537,0x0B28,174,176
20537,0x0B82,53,54
20537,0x0B84,107,108
20537,0x0B86,215,216
20537,0x0B88,174,176
20537,0x0F99,215,216
20537,0x0F9D,215,216
20537,0x0FD1,215,216
20537,0x0FF0,215,216
20537,0x16D0,8,248
20537,0x16D1,47,44
20537,0x16D3,47,204
20537,0x16D4,165,163
20537,0x16D6,236,252
20537,0x16D9,86,76
20537,0x16E6,232,230
20537,0x16F5,62,60
20537,0x16F8,24,22
20537,0x1710,134,177
20537,0x1711,28,29
20537,0x1713,207,86
20537,0x1714,85,83
20537,0x1716,136,154
20537,0x1719,191,197
20537,0x1726,241,239
20537,0x1735,250,248
20537,0x1738,5,3
20537,0x1750,238,148
20537,0x1753,19,29
20537,0x1754,116,113
20537,0x1756,208,212
20537,0x1759,139,131
20537,0x1764,21,23
20537,0x1766,2,6
20537,0x176C,129,138
20537,0x1775,17,15
20537,0x1778,3,1
20537,0x1790,220,42
20537,0x1793,133,63
20537,0x1794,144,142
20537,0x1796,164,168
20537,0x1799,227,219
20537,0x179C,8,2
20537,0x179D,251,252
20537,0x17A2,217,13
20537,0x17A3,8,12
20537,0x17A4,219,15
20537,0x17A5,8,12
20537,0x17A6,209,4
20537,0x17B5,39,37
20537,0x17B8,1,23
20537,0x17BA,111,116
20537,0x1AD0,243,33
20537,0x1AD1,32,36
20537,0x1AD3,149,55
20537,0x1AD4,94,95
20537,0x1AE4,184,182
20537,0x1AE7,4,2
20537,0x1AEC,56,61
20537,0x1AF0,1,2
20539,0x0020,32,35
20539,0x0025,0,1
20539,0x0026,34,36
20539,0x0028,34,36
20539,0x0069,33,35
20539,0x006B,219,221
20539,0x007B,216,217
20539,0x00AD,178,180
20539,0x00CD,149,152
20539,0x00CE,58,64
20539,0x00CF,133,143
20539,0x00D0,230,244
20539,0x02FD,39,41
20539,0x0874,86,222
20539,0x0875,1,42
20539,0x0876,222,86
20539,0x0877,42,1
20539,0x0894,14,22
20539,0x0895,58,91
20539,0x0896,22,14
20539,0x0897,91,58
20539,0x0908,28,27
20539,0x0909,155,154
20539,0x090C,44,43
20539,0x090D,155,154
20539,0x0910,29,31
20539,0x0911,75,72
20539,0x0914,13,15
20539,0x0915,75,72
20539,0x0919,105,102
20539,0x091D,105,102
20539,0x0920,14,13
20539,0x0921,134,131
20539,0x0924,30,29
20539,0x0925,134,131
20539,0x0928,32,35
20539,0x092B,34,36
20539,0x0B26,216,217
20539,0x0B28,176,178
20539,0x0B86,216,217
20539,0x0B88,176,178
20539,0x0F99,216,217
20539,0x0F9D,216,217
20539,0x0FD1,216,217
20539,0x0FF0,216,217
20539,0x16D0,248,8
20539,0x16D1,44,43
20539,0x16D3,204,85
20539,0x16D4,163,162
20539,0x16D6,252,12
20539,0x16D7,254,255
20539,0x16D9,76,66
20539,0x16E6,230,228
20539,0x16F5,60,58
20539,0x16F8,22,20
20539,0x1710,177,0
20539,0x1711,29,31
20539,0x1713,86,233
20539,0x1714,83,80
20539,0x1716,154,172
20539,0x1719,197,203
20539,0x1726,239,237
20539,0x1735,248,246
20539,0x1738,3,1
20539,0x1750,148,87
20539,0x1753,29,44
20539,0x1754,113,110
20539,0x1756,212,230
20539,0x1759,131,137
20539,0x175C,2,9
20539,0x175D,252,3
20539,0x1766,6,4
20539,0x1775,15,13
20539,0x1778,1,23
20539,0x177A,116,121
20539,0x1790,42,128
20539,0x1791,30,29
20539,0x1793,63,233
20539,0x1794,142,139
20539,0x1796,168,172
20539,0x1799,219,211
20539,0x17A6,4,2
20539,0x17B5,37,35
20539,0x17B8,23,21
20539,0x1AD0,33,79
20539,0x1AD1,36,39
20539,0x1AD3,55,217
20539,0x1AE6,1,2
20539,0x1AE7,2,4
20539,0x1AF0,2,3
20541,0x0020,35,38
20541,0x0022,91,92
20541,0x0024,7,6
20541,0x0069,35,37
20541,0x006B,221,223
20541,0x007B,217,218
20541,0x00AD,180,182
20541,0x00CD,152,155
20541,0x00CE,64,70
20541,0x00CF,143,153
20541,0x00D0,244,2
20541,0x017D,52,53
20541,0x0874,222,86
20541,0x0875,42,1
20541,0x0876,86,222
20541,0x0877,1,42
20541,0x0894,22,14
20541,0x0895,91,58
20541,0x0896,14,22
20541,0x0897,58,91
20541,0x0908,27,25
20541,0x0909,154,152
20541,0x090C,43,41
20541,0x090D,154,152
20541,0x0910,31,32
20541,0x0911,72,70
20541,0x0912,6,2
20541,0x0914,15,16
20541,0x0915,72,70
20541,0x0916,4,0
20541,0x0919,102,99
20541,0x091D,102,99
20541,0x0920,13,12
20541,0x0921,131,129
20541,0x0922,6,10
20541,0x0924,29,28
20541,0x0925,131,129
20541,0x0926,4,8
20541,0x0928,35,38
20541,0x0929,91,92
20541,0x092A,7,6
20541,0x0B24,108,109
20541,0x0B26,217,218
20541,0x0B28,178,180
20541,0x0B84,108,109
20541,0x0B86,217,218
20541,0x0B88,178,180
20541,0x0F99,217,218
20541,0x0F9D,217,218
20541,0x0FD1,217,218
20541,0x0FF0,217,218
20541,0x16D0,8,56
20541,0x16D1,43,41
20541,0x16D3,85,202
20541,0x16D4,162,160
20541,0x16D6,12,28
20541,0x16D9,66,56
20541,0x16E6,228,226
20541,0x16F5,58,56
20541,0x16F8,20,18
20541,0x1710,0,103
20541,0x1711,31,32
20541,0x1713,233,160
20541,0x1714,80,78
20541,0x1716,172,182
20541,0x1719,203,225
20541,0x171C,9,5
20541,0x171D,3,11
20541,0x1722,13,65
20541,0x1723,12,7
20541,0x1724,25,67
20541,0x1725,12,7
20541,0x1726,237,253
20541,0x172D,43,12
20541,0x1735,246,244
20541,0x1738,1,29
20541,0x173A,121,126
20541,0x1750,87,62
20541,0x1753,44,71
20541,0x1754,110,107
20541,0x1756,230,248
20541,0x1759,137,143
20541,0x1766,4,2
20541,0x1775,13,11
20541,0x1778,23,21
20541,0x1790,128,222
20541,0x1791,29,28
20541,0x1793,233,131
20541,0x1794,139,137
20541,0x1796,172,176
20541,0x1799,211,203
20541,0x17A4,15,17
20541,0x17A6,2,6
20541,0x17AC,111,102
20541,0x17B5,35,33
20541,0x17B8,21,19
20541,0x1AD0,79,125
20541,0x1AD1,39,42
20541,0x1AD3,217,123
20541,0x1AD4,95,96
20541,0x1AE4,182,184
20541,0x1AE6,2,1
20541,0x1AEC,61,56
20541,0x1AF0,3,1
20543,0x0020,38,41
20543,0x0022,92,93
20543,0x0024,6,7
20543,0x0026,36,34
20543,0x0028,36,34
20543,0x0069,37,39
20543,0x006B,223,225
20543,0x007B,218,219
20543,0x00AD,182,184
20543,0x00CD,155,158
20543,0x00CE,70,76
20543,0x00CF,153,163
20543,0x00D0,2,16
20543,0x017D,53,52
20543,0x0874,86,222
20543,0x0875,1,42
20543,0x0876,222,86
20543,0x0877,42,1
20543,0x0894,14,22
20543,0x0895,58,91
20543,0x0896,22,14
20543,0x0897,91,58
20543,0x0908,25,23
20543,0x0909,152,151
20543,0x090C,41,39
20543,0x090D,152,151
20543,0x0910,32,33
20543,0x0911,70,68
20543,0x0914,16,17
20543,0x0915,70,68
20543,0x0919,99,96
20543,0x091A,10,6
20543,0x091D,99,96
20543,0x091E,8,4
20543,0x0921,129,127
20543,0x0925,129,127
20543,0x0928,38,41
20543,0x0929,92,93
20543,0x092A,6,7
20543,0x092B,36,34
20543,0x0B26,218,219
20543,0x0B28,180,182
20543,0x0B86,218,219
20543,0x0B88,180,182
20543,0x0F99,218,219
20543,0x0F9D,218,219
20543,0x0FD1,218,219
20543,0x0FF0,218,219
20543,0x16D0,56,136
20543,0x16D1,41,39
20543,0x16D3,202,43
20543,0x16D4,160,159
20543,0x16D6,28,44
20543,0x16D9,56,46
20543,0x16E6,226,224
20543,0x16F5,56,54
20543,0x16F8,18,16
20543,0x1710,103,226
20543,0x1711,32,33
20543,0x1713,160,131
20543,0x1714,78,76
20543,0x1716,182,192
20543,0x1719,225,247
20543,0x1726,253,251
20543,0x1735,244,242
20543,0x1738,29,27
20543,0x1750,62,73
20543,0x1753,71,110
20543,0x1754,107,104
20543,0x1756,248,10
20543,0x1757,255,0
20543,0x1758,255,0
20543,0x1759,143,149
20543,0x1764,23,25
20543,0x1766,2,255
20543,0x176C,138,147
20543,0x1775,11,9
20543,0x1778,21,19
20543,0x1790,222,68
20543,0x1793,131,13
20543,0x1794,137,135
20543,0x1796,176,180
20543,0x1799,203,195
20543,0x17A6,6,4
20543,0x17B5,33,31
20543,0x17B8,19,17
20543,0x1AD0,125,171
20543,0x1AD1,42,45
20543,0x1AD3,123,29
20543,0x1AD4,96,97
20543,0x1AE4,184,182
20543,0x1AE7,4,2
20543,0x1AEC,56,61
20543,0x1AF0,1,2
20545,0x0004,44,46
20545,0x0020,41,44
20545,0x0026,34,36
20545,0x0028,34,36
20545,0x0069,39,41
20545,0x006B,225,227
20545,0x007B,219,220
20545,0x00AD,184,186
20545,0x00CD,158,161
20545,0x00CE,76,82
20545,0x00CF,163,173
20545,0x00D0,16,30
20545,0x02FD,41,39
20545,0x0501,155,151
20545,0x0502,94,82
20545,0x0600,198,0
20545,0x0601,12,0
20545,0x0602,214,0
20545,0x0603,12,0
20545,0x0604,217,0
20545,0x0605,16,0
20545,0x0606,154,0
20545,0x0607,17,0
20545,0x0608,11,68
20545,0x0609,16,63
20545,0x060A,11,37
20545,0x060B,16,63
20545,0x060C,29,59
20545,0x060D,17,63
20545,0x060E,45,75
20545,0x060F,17,63
20545,0x0610,116,0
20545,0x0611,16,0
20545,0x0612,118,0
20545,0x0613,16,0
20545,0x0874,222,86
20545,0x0875,42,1
20545,0x0876,86,222
20545,0x0877,1,42
20545,0x0894,22,14
20545,0x0895,91,58
20545,0x0896,14,22
20545,0x0897,58,91
20545,0x0908,23,21
20545,0x0909,151,149
20545,0x090C,39,37
20545,0x090D,151,149
20545,0x0910,33,35
20545,0x0911,68,66
20545,0x0914,17,19
20545,0x0915,68,66
20545,0x0919,96,93
20545,0x091D,96,93
20545,0x0920,12,11
20545,0x0921,127,124
20545,0x0924,28,27
20545,0x0925,127,124
20545,0x0928,41,44
20545,0x092B,34,36
20545,0x0B22,54,55
20545,0x0B24,109,110
20545,0x0B26,219,220
20545,0x0B28,182,184
20545,0x0B82,54,55
20545,0x0B84,109,110
20545,0x0B86,219,220
20545,0x0B88,182,184
20545,0x0F99,219,220
20545,0x0F9D,219,220
20545,0x0FD1,219,220
20545,0x0FF0,219,220
20545,0x16D0,136,248
20545,0x16D1,39,37
20545,0x16D3,43,120
20545,0x16D4,159,157
20545,0x16D6,44,60
20545,0x16D9,46,36
20545,0x16E6,224,222
20545,0x16F5,54,52
20545,0x16F8,16,14
20545,0x1710,226,113
20545,0x1711,33,35
20545,0x1713,131,146
20545,0x1714,76,74
20545,0x1716,192,202
20545,0x1719,247,13
20545,0x171A,254,255
20545,0x1726,251,249
20545,0x1735,242,240
20545,0x1738,27,25
20545,0x1750,73,120
20545,0x1753,110,161
20545,0x1754,104,101
20545,0x1756,10,28
20545,0x1759,149,155
20545,0x1766,255,253
20545,0x1775,9,7
20545,0x1778,19,17
20545,0x1790,68,178
20545,0x1791,28,27
20545,0x1793,13,135
20545,0x1794,135,132
20545,0x1796,180,184
20545,0x1799,195,187
20545,0x17A6,4,2
20545,0x17B5,31,29
20545,0x17B8,17,15
20545,0x1AD0,171,217
20545,0x1AD1,45,48
20545,0x1AD3,29,191
20545,0x1AE6,1,2
20545,0x1AE7,2,4
20545,0x1AF0,2,3
20547,0x0020,44,48
20547,0x0022,93,94
20547,0x0024,7,6
20547,0x0069,41,43
20547,0x006B,227,229
20547,0x007B,220,221
20547,0x00AD,186,188
20547,0x00CD,161,164
20547,0x00CE,82,88
20547,0x00CF,173,183
20547,0x00D0,30,44
20547,0x02FD,39,41
20547,0x0874,86,222
20547,0x0875,1,42
20547,0x0876,222,86
20547,0x0877,42,1
20547,0x0894,14,22
20547,0x0895,58,91
20547,0x0896,22,14
20547,0x0897,91,58
20547,0x0908,21,20
20547,0x0909,149,147
20547,0x090C,37,36
20547,0x090D,149,147
20547,0x0910,35,37
20547,0x0911,66,64
20547,0x0914,19,21
20547,0x0915,66,64
20547,0x0919,93,90
20547,0x091D,93,90
20547,0x0921,124,121
20547,0x0922,10,14
20547,0x0925,124,121
20547,0x0926,8,12
20547,0x0928,44,48
20547,0x0929,93,94
20547,0x092A,7,6
20547,0x0B26,220,221
20547,0x0B28,184,186
20547,0x0B86,220,221
20547,0x0B88,184,186
20547,0x0F99,220,221
20547,0x0F9D,220,221
20547,0x0FD1,220,221
20547,0x0FF0,220,221
20547,0x16D0,248,136
20547,0x16D1,37,36
20547,0x16D3,120,177
20547,0x16D4,157,155
20547,0x16D6,60,76
20547,0x16D9,36,26
20547,0x16E6,222,220
20547,0x16F5,52,50
20547,0x16F8,14,12
20547,0x1710,113,20
20547,0x1711,35,37
20547,0x1713,146,205
20547,0x1714,74,72
20547,0x1716,202,212
20547,0x1719,13,35
20547,0x1726,249,247
20547,0x1735,240,238
20547,0x1738,25,23
20547,0x1750,120,203
20547,0x1753,161,224
20547,0x1754,101,98
20547,0x1756,28,46
20547,0x1759,155,161
20547,0x1766,253,251
20547,0x1775,7,5
20547,0x1778,17,15
20547,0x1790,178,40
20547,0x1793,135,241
20547,0x1794,132,129
20547,0x1796,184,188
20547,0x1799,187,179
20547,0x17A4,17,19
20547,0x17A6,2,6
20547,0x17AC,102,93
20547,0x17B5,29,27
20547,0x17B8,15,13
20547,0x1AD0,217,7
20547,0x1AD1,48,52
20547,0x1AD3,191,97
20547,0x1AD4,97,98
20547,0x1AE4,182,184
20547,0x1AE6,2,1
20547,0x1AEC,61,56
20547,0x1AF0,3,1
20549,0x0020,48,51
20549,0x0022,94,95
20549,0x0024,6,7
20549,0x0026,36,34
20549,0x0028,36,34
20549,0x0069,43,45
20549,0x006B,229,231
20549,0x007B,221,222
20549,0x00AD,188,190
20549,0x00CD,164,167
20549,0x00CE,88,94
20549,0x00CF,183,193
20549,0x00D0,44,58
20549,0x0874,222,86
20549,0x0875,42,1
20549,0x0876,86,222
20549,0x0877,1,42
20549,0x0894,22,14
20549,0x0895,91,58
20549,0x0896,14,22
20549,0x0897,58,91
20549,0x0908,20,19
20549,0x0909,147,145
20549,0x090C,36,35
20549,0x090D,147,145
20549,0x0910,37,38
20549,0x0911,64,63
20549,0x0914,21,22
20549,0x0915,64,63
20549,0x0918,24,25
20549,0x0919,90,88
20549,0x091C,8,9
20549,0x091D,90,88
20549,0x0920,11,10
20549,0x0921,121,119
20549,0x0924,27,26
20549,0x0925,121,119
20549,0x0928,48,51
20549,0x0929,94,95
20549,0x092A,6,7
20549,0x092B,36,34
20549,0x0B24,110,111
20549,0x0B26,221,222
20549,0x0B28,186,188
20549,0x0B84,110,111
20549,0x0B86,221,222
20549,0x0B88,186,188
20549,0x0F99,221,222
20549,0x0F9D,221,222
20549,0x0FD1,221,222
20549,0x0FF0,221,222
20549,0x16D0,136,56
20549,0x16D1,36,35
20549,0x16D3,177,214
20549,0x16D4,155,153
20549,0x16D6,76,92
20549,0x16D9,26,16
20549,0x16E6,220,218
20549,0x16F5,50,48
20549,0x16F8,12,10
20549,0x1710,20,203
20549,0x1711,37,38
20549,0x1713,205,52
20549,0x1714,72,71
20549,0x1716,212,222
20549,0x1719,35,57
20549,0x1726,247,245
20549,0x1735,238,236
20549,0x1738,23,21
20549,0x1750,203,66
20549,0x1751,24,25
20549,0x1753,224,43
20549,0x1754,98,96
20549,0x1756,46,64
20549,0x1759,161,167
20549,0x1766,251,249
20549,0x1775,5,3
20549,0x1778,15,13
20549,0x1790,40,166
20549,0x1791,27,26
20549,0x1793,241,75
20549,0x1794,129,127
20549,0x1796,188,192
20549,0x1799,179,171
20549,0x17A6,6,4
20549,0x17B5,27,25
20549,0x17B8,13,11
20549,0x1AD0,7,53
20549,0x1AD1,52,55
20549,0x1AD3,97,3
20549,0x1AD4,98,99
20549,0x1AE4,184,182
20549,0x1AE7,4,2
20549,0x1AEC,56,61
20549,0x1AF0,1,2
20551,0x0020,51,54
20551,0x0026,34,36
20551,0x0028,34,36
20551,0x0069,45,47
20551,0x006B,231,233
20551,0x007B,222,223
20551,0x00AD,190,192
20551,0x00CD,167,170
20551,0x00CE,94,100
20551,0x00CF,193,203
20551,0x00D0,58,72
20551,0x0874,86,222
20551,0x0875,1,42
20551,0x0876,222,86
20551,0x0877,42,1
20551,0x0894,14,22
20551,0x0895,58,91
20551,0x0896,22,14
20551,0x0897,91,58
20551,0x0908,19,18
20551,0x0909,145,143
20551,0x090C,35,34
20551,0x090D,145,143
20551,0x0910,38,40
20551,0x0911,63,61
20551,0x0914,22,24
20551,0x0915,63,61
20551,0x0919,88,85
20551,0x091D,88,85
20551,0x0921,119,116
20551,0x0925,119,116
20551,0x0928,51,54
20551,0x092B,34,36
20551,0x0B26,222,223
20551,0x0B28,188,190
20551,0x0B86,222,223
20551,0x0B88,188,190
20551,0x0F99,222,223
20551,0x0F9D,222,223
20551,0x0FD1,222,223
20551,0x0FF0,222,223
20551,0x16D0,56,8
20551,0x16D1,35,34
20551,0x16D3,214,231
20551,0x16D4,153,151
20551,0x16D6,92,108
20551,0x16D9,16,6
20551,0x16E6,218,216
20551,0x16F5,48,46
20551,0x16F8,10,8
20551,0x1710,203,150
20551,0x1711,38,40
20551,0x1713,52,199
20551,0x1714,71,69
20551,0x1716,222,232
20551,0x1719,57,79
20551,0x1726,245,243
20551,0x1735,236,234
20551,0x1738,21,19
20551,0x1750,66,221
20551,0x1753,43,130
20551,0x1754,96,93
20551,0x1756,64,82
20551,0x1759,167,173
20551,0x1766,249,247
20551,0x1775,3,1
20551,0x1778,13,11
20551,0x1790,166,44
20551,0x1793,75,149
20551,0x1794,127,124
20551,0x1796,192,196
20551,0x1799,171,163
20551,0x17A6,4,2
20551,0x17B5,25,23
20551,0x17B8,11,9
20551,0x1AD0,53,99
20551,0x1AD1,55,58
20551,0x1AD3,3,165
20551,0x1AE6,1,2
20551,0x1AE7,2,4
20551,0x1AF0,2,3
20553,0x0004,46,48
20553,0x0020,54,57
20553,0x0022,95,96
20553,0x0024,7,6
20553,0x0069,47,49
20553,0x006B,233,235
20553,0x007B,223,224
20553,0x00AD,192,194
20553,0x00CD,170,173
20553,0x00CE,100,106
20553,0x00CF,203,238
20553,0x00D0,72,86
20553,0x00D1,1,2
20553,0x02FD,41,39
20553,0x0501,151,199
20553,0x0502,82,93
20553,0x0503,20,8
20553,0x0508,91,78
20553,0x0509,85,94
20553,0x050A,20,4
20553,0x050B,20,8
20553,0x050F,150,14
20553,0x0510,82,84
20553,0x0512,40,12
20553,0x0516,90,156
20553,0x0517,85,94
20553,0x0519,44,32
20553,0x051D,148,92
20553,0x051E,82,85
20553,0x0520,64,52
20553,0x0524,144,152
20553,0x0600,0,75
20553,0x0601,0,8
20553,0x0602,0,23
20553,0x0603,0,8
20553,0x0604,0,39
20553,0x0605,0,8
20553,0x0606,0,55
20553,0x0607,0,8
20553,0x0608,68,116
20553,0x0609,63,16
20553,0x060A,37,117
20553,0x060B,63,16
20553,0x060C,59,0
20553,0x060D,63,0
20553,0x060E,75,0
20553,0x060F,63,0
20553,0x0612,0,154
20553,0x0613,0,26
20553,0x0614,0,170
20553,0x0615,0,26
20553,0x0616,0,186
20553,0x0617,0,26
20553,0x0618,166,176
20553,0x0619,12,26
20553,0x061A,182,109
20553,0x061B,12,88
20553,0x061C,182,0
20553,0x061D,12,0
20553,0x061E,182,0
20553,0x061F,12,0
20553,0x0620,182,186
20553,0x0622,182,202
20553,0x0624,182,95
20553,0x0625,12,80
20553,0x0626,182,11
20553,0x0627,12,16
20553,0x0628,0,11
20553,0x0629,0,16
20553,0x062A,0,11
20553,0x062B,0,16
20553,0x062C,0,30
20553,0x062D,0,17
20553,0x062E,0,46
20553,0x062F,0,17
20553,0x0630,82,116
20553,0x0631,63,16
20553,0x0632,36,117
20553,0x0633,63,16
20553,0x0634,58,0
20553,0x0635,63,0
20553,0x0636,74,0
20553,0x0637,63,0
20553,0x063C,197,0
20553,0x063D,12,0
20553,0x063E,197,149
20553,0x0640,0,154
20553,0x0641,0,12
20553,0x0642,0,154
20553,0x0643,0,12
20553,0x0644,0,154
20553,0x0645,0,12
20553,0x0646,0,170
20553,0x0647,0,12
20553,0x0648,82,0
20553,0x0649,63,0
20553,0x064A,36,0
20553,0x064B,63,0
20553,0x064C,58,0
20553,0x064D,63,0
20553,0x064E,74,0
20553,0x064F,63,0
20553,0x0650,0,82
20553,0x0651,0,63
20553,0x0652,0,36
20553,0x0653,0,63
20553,0x0874,222,86
20553,0x0875,42,1
20553,0x0876,86,222
20553,0x0877,1,42
20553,0x0894,22,14
20553,0x0895,91,58
20553,0x0896,14,22
20553,0x0897,58,91
20553,0x0908,18,16
20553,0x0909,143,141
20553,0x090C,34,32
20553,0x090D,143,141
20553,0x0910,40,42
20553,0x0911,61,60
20553,0x0914,24,26
20553,0x0915,61,60
20553,0x0918,25,26
20553,0x0919,85,82
20553,0x091C,9,10
20553,0x091D,85,82
20553,0x0920,10,25
20553,0x0921,116,113
20553,0x0923,105,41
20553,0x0924,26,9
20553,0x0925,116,113
20553,0x0927,105,41
20553,0x0928,54,57
20553,0x0929,95,96
20553,0x092A,7,6
20553,0x0B22,55,56
20553,0x0B24,111,112
20553,0x0B26,223,224
20553,0x0B28,190,192
20553,0x0B82,55,56
20553,0x0B84,111,112
20553,0x0B86,223,224
20553,0x0B88,190,192
20553,0x0F99,223,224
20553,0x0F9D,223,224
20553,0x0FD1,223,224
20553,0x0FF0,223,224
20553,0x16D0,8,248
20553,0x16D1,34,32
20553,0x16D3,231,228
20553,0x16D4,151,149
20553,0x16D6,108,124
20553,0x16D9,6,252
20553,0x16DA,255,254
20553,0x16E6,216,214
20553,0x16F5,46,44
20553,0x16F8,8,6
20553,0x1710,150,117
20553,0x1711,40,42
20553,0x1713,199,134
20553,0x1714,69,68
20553,0x1716,232,242
20553,0x1719,79,101
20553,0x1726,243,241
20553,0x1735,234,232
20553,0x1738,19,17
20553,0x1750,221,156
20553,0x1751,25,26
20553,0x1753,130,229
20553,0x1754,93,90
20553,0x1756,82,100
20553,0x1759,173,179
20553,0x1766,247,245
20553,0x1775,1,149
20553,0x1778,11,9
20553,0x1790,44,186
20553,0x1791,26,25
20553,0x1793,149,207
20553,0x1794,124,121
20553,0x1796,196,200
20553,0x1799,163,155
20553,0x17A4,19,21
20553,0x17A6,2,6
20553,0x17AC,93,129
20553,0x17B5,23,21
20553,0x17B8,9,7
20553,0x1AD0,99,145
20553,0x1AD1,58,61
20553,0x1AD3,165,71
20553,0x1AD4,99,100
20553,0x1AE4,182,184
20553,0x1AE6,2,1
20553,0x1AEC,61,56
20553,0x1AF0,3,1
20555,0x0020,57,60
20555,0x0024,6,7
20555,0x0026,36,34
20555,0x0028,36,34
20555,0x0069,49,51
20555,0x006B,235,237
20555,0x007B,224,225
20555,0x00AD,194,196
20555,0x00CD,173,176
20555,0x00CE,106,112
20555,0x00CF,238,248
20555,0x00D0,86,100
20555,0x02FD,39,41
20555,0x0874,86,222
20555,0x0875,1,42
20555,0x0876,222,86
20555,0x0877,42,1
20555,0x0894,14,22
20555,0x0895,58,91
20555,0x0896,22,14
20555,0x0897,91,58
20555,0x0909,141,139
20555,0x090D,141,139
20555,0x0910,42,44
20555,0x0911,60,59
20555,0x0914,26,28
20555,0x0915,60,59
20555,0x0918,26,27
20555,0x0919,82,80
20555,0x091C,10,11
20555,0x091D,82,80
20555,0x0921,113,110
20555,0x0925,113,110
20555,0x0928,57,60
20555,0x092A,6,7
20555,0x092B,36,34
20555,0x0B26,224,225
20555,0x0B28,192,194
20555,0x0B86,224,225
20555,0x0B88,192,194
20555,0x0F99,224,225
20555,0x0F9D,224,225
20555,0x0FD1,224,225
20555,0x0FF0,224,225
20555,0x16D0,248,8
20555,0x16D3,228,205
20555,0x16D4,149,147
20555,0x16D6,124,140
20555,0x16D9,252,242
20555,0x16E6,214,212
20555,0x16F5,44,42
20555,0x16F8,6,4
20555,0x1710,117,104
20555,0x1711,42,44
20555,0x1713,134,113
20555,0x1714,68,67
20555,0x1716,242,252
20555,0x1719,101,123
20555,0x1726,241,239
20555,0x1735,232,230
20555,0x1738,17,15
20555,0x1750,156,127
20555,0x1751,26,27
20555,0x1753,229,84
20555,0x1754,90,88
20555,0x1756,100,118
20555,0x1759,179,185
20555,0x1766,245,243
20555,0x1775,149,147
20555,0x1778,9,7
20555,0x1790,186,80
20555,0x1793,207,249
20555,0x1794,121,118
20555,0x1796,200,204
20555,0x1799,155,147
20555,0x17A6,6,4
20555,0x17B5,21,19
20555,0x17B8,7,5
20555,0x1AD0,145,191
20555,0x1AD1,61,64
20555,0x1AD3,71,233
20555,0x1AE4,184,182
20555,0x1AE7,4,2
20555,0x1AEC,56,61
20555,0x1AF0,1,2
20557,0x0020,60,63
20557,0x0022,96,97
20557,0x0026,34,36
20557,0x0028,34,36
20557,0x0069,51,53
20557,0x006B,237,239
20557,0x007B,225,226
20557,0x00AD,196,198
20557,0x00CD,176,179
20557,0x00CE,112,118
20557,0x00CF,248,2
20557,0x00D0,100,115
20557,0x02FD,41,39
20557,0x0874,222,86
20557,0x0875,42,1
20557,0x0876,86,222
20557,0x0877,1,42
20557,0x0894,22,14
20557,0x0895,91,58
20557,0x0896,14,22
20557,0x0897,58,91
20557,0x0908,16,15
20557,0x0909,139,137
20557,0x090C,32,31
20557,0x090D,139,137
20557,0x0910,44,46
20557,0x0911,59,58
20557,0x0914,28,30
20557,0x0915,59,58
20557,0x0918,27,28
20557,0x0919,80,77
20557,0x091C,11,12
20557,0x091D,80,77
20557,0x0920,25,24
20557,0x0921,110,108
20557,0x0924,9,8
20557,0x0925,110,108
20557,0x0928,60,63
20557,0x0929,96,97
20557,0x092B,34,36
20557,0x0B24,112,113
20557,0x0B26,225,226
20557,0x0B28,194,196
20557,0x0B84,112,113
20557,0x0B86,225,226
20557,0x0B88,194,196
20557,0x0F99,225,226
20557,0x0F9D,225,226
20557,0x0FD1,225,226
20557,0x0FF0,225,226
20557,0x16D0,8,56
20557,0x16D1,32,31
20557,0x16D3,205,162
20557,0x16D4,147,145
20557,0x16D6,140,156
20557,0x16D9,242,232
20557,0x16E6,212,210
20557,0x16F5,42,40
20557,0x16F8,4,2
20557,0x1710,104,111
20557,0x1711,44,46
20557,0x1713,113,136
20557,0x1714,67,66
20557,0x1716,252,6
20557,0x1717,0,1
20557,0x1719,123,145
20557,0x1726,239,237
20557,0x1735,230,228
20557,0x1738,15,13
20557,0x1750,127,134
20557,0x1751,27,28
20557,0x1753,84,207
20557,0x1754,88,85
20557,0x1756,118,136
20557,0x1759,185,191
20557,0x1766,243,241
20557,0x1775,147,145
20557,0x1778,7,5
20557,0x1790,80,238
20557,0x1791,25,24
20557,0x1793,249,19
20557,0x1794,118,116
20557,0x1796,204,208
20557,0x1799,147,139
20557,0x17A6,4,2
20557,0x17B5,19,17
20557,0x17B8,5,3
20557,0x1AD0,191,237
20557,0x1AD1,64,67
20557,0x1AD3,233,139
20557,0x1AD4,100,101
20557,0x1AE6,1,2
20557,0x1AE7,2,4
20557,0x1AF0,2,3
20559,0x0020,63,67
20559,0x0022,97,98
20559,0x0024,7,6
20559,0x0069,53,55
20559,0x006B,239,241
20559,0x007B,226,227
20559,0x00AD,198,200
20559,0x00CD,179,182
20559,0x00CE,118,124
20559,0x00CF,2,12
20559,0x00D0,115,129
20559,0x017D,52,116
20559,0x02FD,39,41
20559,0x0874,86,222
20559,0x0875,1,42
20559,0x0876,222,86
20559,0x0877,42,1
20559,0x0894,14,22
20559,0x0895,58,91
20559,0x0896,22,14
20559,0x0897,91,58
20559,0x0908,15,14
20559,0x0909,137,135
20559,0x090C,31,30
20559,0x090D,137,135
20559,0x0910,46,48
20559,0x0911,58,57
20559,0x0914,30,32
20559,0x0915,58,57
20559,0x0918,28,29
20559,0x0919,77,75
20559,0x091C,12,13
20559,0x091D,77,75
20559,0x0921,108,105
20559,0x0922,14,10
20559,0x0925,108,105
20559,0x0926,12,8
20559,0x0928,63,67
20559,0x0929,97,98
20559,0x092A,7,6
20559,0x0B26,226,227
20559,0x0B28,196,198
20559,0x0B86,226,227
20559,0x0B88,196,198
20559,0x0F99,226,227
20559,0x0F9D,226,227
20559,0x0FD1,226,227
20559,0x0FF0,226,227
20559,0x16D0,56,130
20559,0x16D1,31,30
20559,0x16D3,162,100
20559,0x16D4,145,143
20559,0x16D6,156,166
20559,0x16D9,232,223
20559,0x16DC,8,2
20559,0x16DD,251,252
20559,0x16E2,217,13
20559,0x16E3,8,12
20559,0x16E4,219,15
20559,0x16E5,8,12
20559,0x16E6,210,5
20559,0x16F5,40,38
20559,0x16F8,2,24
20559,0x16FA,111,116
20559,0x1710,111,138
20559,0x1711,46,48
20559,0x1713,136,203
20559,0x1714,66,65
20559,0x1716,6,16
20559,0x1719,145,167
20559,0x1726,237,235
20559,0x1735,228,226
20559,0x1738,13,11
20559,0x1750,134,177
20559,0x1751,28,29
20559,0x1753,207,86
20559,0x1754,85,83
20559,0x1756,136,154
20559,0x1759,191,197
20559,0x1766,241,239
20559,0x1775,145,143
20559,0x1778,5,3
20559,0x1790,238,148
20559,0x1793,19,29
20559,0x1794,116,113
20559,0x1796,208,212
20559,0x1799,139,131
20559,0x17A4,21,23
20559,0x17A6,2,6
20559,0x17AC,129,138
20559,0x17B5,17,15
20559,0x17B8,3,1
20559,0x1AD0,237,27
20559,0x1AD1,67,71
20559,0x1AD3,139,45
20559,0x1AD4,101,102
20559,0x1AE4,182,184
20559,0x1AE6,2,1
20559,0x1AEC,61,56
20559,0x1AF0,3,1
20561,0x0004,48,50
20561,0x0020,67,70
20561,0x0024,6,7
20561,0x0026,36,34
20561,0x0028,36,34
20561,0x0069,55,57
20561,0x006B,241,243
20561,0x007B,227,228
20561,0x00AD,200,202
20561,0x00B8,16,0
20561,0x00B9,1,0
20561,0x00BA,64,0
20561,0x00BF,112,120
20561,0x00C2,6,7
20561,0x00CD,182,185
20561,0x00CE,124,130
20561,0x00CF,12,22
20561,0x00D0,129,143
20561,0x017D,116,52
20561,0x0501,199,153
20561,0x0502,93,82
20561,0x0503,8,20
20561,0x0600,75,0
20561,0x0601,8,0
20561,0x0602,23,0
20561,0x0603,8,0
20561,0x0604,39,62
20561,0x0605,8,63
20561,0x0606,55,63
20561,0x0607,8,63
20561,0x0608,116,84
20561,0x0609,16,63
20561,0x060A,117,38
20561,0x060B,16,63
20561,0x060C,0,60
20561,0x060D,0,63
20561,0x060E,0,76
20561,0x060F,0,63
20561,0x0610,0,88
20561,0x0611,0,63
20561,0x0612,154,88
20561,0x0613,26,63
20561,0x0874,222,86
20561,0x0875,42,1
20561,0x0876,86,222
20561,0x0877,1,42
20561,0x0894,22,14
20561,0x0895,91,58
20561,0x0896,14,22
20561,0x0897,58,91
20561,0x0908,14,13
20561,0x0909,135,133
20561,0x090C,30,29
20561,0x090D,135,133
20561,0x0910,48,50
20561,0x0914,32,34
20561,0x0918,29,31
20561,0x0919,75,72
20561,0x091C,13,15
20561,0x091D,75,72
20561,0x0921,105,102
20561,0x0925,105,102
20561,0x0928,67,70
20561,0x092A,6,7
20561,0x092B,36,34
20561,0x0B22,56,57
20561,0x0B24,113,114
20561,0x0B26,227,228
20561,0x0B28,198,200
20561,0x0B82,56,57
20561,0x0B84,113,114
20561,0x0B86,227,228
20561,0x0B88,198,200
20561,0x0D66,3,4
20561,0x0F99,227,228
20561,0x0F9D,227,228
20561,0x0FD1,227,228
20561,0x0FF0,227,228
20561,0x16D0,130,212
20561,0x16D1,30,29
20561,0x16D3,100,22
20561,0x16D4,143,141
20561,0x16D6,166,170
20561,0x16D9,223,215
20561,0x16E6,5,3
20561,0x16F5,38,36
20561,0x16F8,24,22
20561,0x1710,138,185
20561,0x1711,48,50
20561,0x1713,203,58
20561,0x1716,16,26
20561,0x1719,167,189
20561,0x1726,235,233
20561,0x1735,226,224
20561,0x1738,11,9
20561,0x1750,177,0
20561,0x1751,29,31
20561,0x1753,86,233
20561,0x1754,83,80
20561,0x1756,154,172
20561,0x1759,197,203
20561,0x1766,239,237
20561,0x1775,143,141
20561,0x1778,3,1
20561,0x1790,148,87
20561,0x1793,29,44
20561,0x1794,113,110
20561,0x1796,212,230
20561,0x1799,131,137
20561,0x179C,2,9
20561,0x179D,252,3
20561,0x17A6,6,4
20561,0x17B5,15,13
20561,0x17B8,1,23
20561,0x17BA,116,121
20561,0x17C0,0,128
20561,0x17C1,0,165
20561,0x17C2,0,175
20561,0x17C3,0,2
20561,0x17EF,0,6
20561,0x17F0,0,128
20561,0x17F1,0,4
20561,0x17F8,0,1
20561,0x1AD0,27,73
20561,0x1AD1,71,74
20561,0x1AD3,45,207
20561,0x1AE4,184,182
20561,0x1AE7,4,2
20561,0x1AEC,56,61
20561,0x1AF0,1,2
20563,0x0020,70,73
20563,0x0022,98,99
20563,0x0026,34,36
20563,0x0028,34,36
20563,0x0069,57,59
20563,0x006B,243,245
20563,0x007B,228,229
20563,0x00AD,202,204
20563,0x00B7,11,13
20563,0x00B8,0,16
20563,0x00B9,0,1
20563,0x00BA,0,64
20563,0x00CA,4,5
20563,0x00CD,185,188
20563,0x00CE,130,136
20563,0x00CF,22,32
20563,0x00D0,143,157
20563,0x0172,54,36
20563,0x0173,173,52
20563,0x02FD,41,39
20563,0x0874,86,222
20563,0x0875,1,42
20563,0x0876,222,86
20563,0x0877,42,1
20563,0x0894,14,22
20563,0x0895,58,91
20563,0x0896,22,14
20563,0x0897,91,58
20563,0x0909,133,130
20563,0x090D,133,130
20563,0x0910,50,52
20563,0x0911,57,56
20563,0x0914,34,36
20563,0x0915,57,56
20563,0x0918,31,32
20563,0x0919,72,70
20563,0x091A,6,2
20563,0x091C,15,16
20563,0x091D,72,70
20563,0x091E,4,0
20563,0x0921,102,99
20563,0x0925,102,99
20563,0x0928,70,254
20563,0x0929,98,56
20563,0x092A,7,2
20563,0x092B,34,103
20563,0x092C,111,14
20563,0x092D,224,56
20563,0x092E,109,0
20563,0x092F,61,103
20563,0x0930,103,73
20563,0x0931,224,99
20563,0x0932,108,7
20563,0x0933,61,36
20563,0x0B02,10,234
20563,0x0B26,228,229
20563,0x0B28,200,202
20563,0x0B86,228,229
20563,0x0B88,200,202
20563,0x0F99,228,229
20563,0x0F9D,228,229
20563,0x0FD1,228,229
20563,0x0FF0,228,229
20563,0x16D0,212,46
20563,0x16D3,22,184
20563,0x16D4,141,138
20563,0x16D6,170,174
20563,0x16D9,215,207
20563,0x16E6,3,1
20563,0x16F5,36,34
20563,0x16F8,22,20
20563,0x1710,185,252
20563,0x1711,50,52
20563,0x1713,58,213
20563,0x1714,65,64
20563,0x1716,26,36
20563,0x1719,189,211
20563,0x1726,233,231
20563,0x1735,224,222
20563,0x1738,9,7
20563,0x1750,0,103
20563,0x1751,31,32
20563,0x1753,233,160
20563,0x1754,80,78
20563,0x1756,172,182
20563,0x1759,203,225
20563,0x175C,9,5
20563,0x175D,3,11
20563,0x1762,13,65
20563,0x1763,12,7
20563,0x1764,25,67
20563,0x1765,12,7
20563,0x1766,237,253
20563,0x176D,43,12
20563,0x1775,141,139
20563,0x1778,1,29
20563,0x177A,121,126
20563,0x1790,87,62
20563,0x1793,44,71
20563,0x1794,110,107
20563,0x1796,230,248
20563,0x1799,137,143
20563,0x17A6,4,2
20563,0x17B5,13,11
20563,0x17B8,23,21
20563,0x17F1,4,3
20563,0x17F8,1,21
20563,0x1800,0,200
20563,0x1801,0,74
20563,0x1802,0,176
20563,0x1803,0,2
20563,0x1804,0,54
20563,0x1805,0,177
20563,0x1806,0,2
20563,0x1808,0,3
20563,0x180A,0,2
20563,0x180B,0,3
20563,0x180C,0,9
20563,0x1810,0,52
20563,0x1811,0,14
20563,0x1812,0,1
20563,0x1814,0,64
20563,0x1816,0,52
20563,0x1817,0,254
20563,0x1818,0,255
20563,0x181E,0,9
20563,0x181F,0,12
20563,0x1820,0,154
20563,0x1821,0,2
20563,0x1822,0,220
20563,0x1823,0,8
20563,0x1824,0,222
20563,0x1825,0,8
20563,0x1826,0,254
20563,0x1827,0,6
20563,0x1829,0,1
20563,0x182A,0,238
20563,0x182B,0,4
20563,0x182C,0,124
20563,0x182D,0,12
20563,0x182F,0,6
20563,0x1830,0,128
20563,0x1835,0,191
20563,0x1836,0,110
20563,0x1838,0,18
20563,0x1839,0,6
20563,0x183A,0,95
20563,0x183B,0,193
20563,0x1AD0,73,119
20563,0x1AD1,74,77
20563,0x1AD3,207,113
20563,0x1AD4,102,103
20563,0x1AE6,1,2
20563,0x1AE7,2,4
20563,0x1AF0,2,3
20565,0x0020,73,76
20565,0x0022,99,100
20565,0x0024,7,6
20565,0x0069,59,61
20565,0x006B,245,247
20565,0x007B,229,230
20565,0x00AD,204,206
20565,0x00CD,188,191
20565,0x00CE,136,142
20565,0x00CF,32,42
20565,0x00D0,157,171
20565,0x0172,36,54
20565,0x0173,52,173
20565,0x0874,222,86
20565,0x0875,42,1
20565,0x0876,86,222
20565,0x0877,1,42
20565,0x0894,22,14
20565,0x0895,91,58
20565,0x0896,14,22
20565,0x0897,58,91
20565,0x0908,13,12
20565,0x0909,130,128
20565,0x090A,6,10
20565,0x090C,29,28
20565,0x090D,130,128
20565,0x090E,4,8
20565,0x0910,52,55
20565,0x0914,36,39
20565,0x0918,32,33
20565,0x0919,70,68
20565,0x091C,16,17
20565,0x091D,70,68
20565,0x0921,99,96
20565,0x0922,10,6
20565,0x0925,99,96
20565,0x0926,8,4
20565,0x0928,254,250
20565,0x092C,14,10
20565,0x0930,73,76
20565,0x0931,99,100
20565,0x0932,7,6
20565,0x0B24,114,115
20565,0x0B26,229,230
20565,0x0B28,202,204
20565,0x0B84,114,115
20565,0x0B86,229,230
20565,0x0B88,202,204
20565,0x0F99,229,230
20565,0x0F9D,229,230
20565,0x0FD1,229,230
20565,0x0FF0,229,230
20565,0x16D0,46,144
20565,0x16D1,29,28
20565,0x16D3,184,74
20565,0x16D4,138,136
20565,0x16D6,174,178
20565,0x16D9,207,199
20565,0x16E4,15,17
20565,0x16E6,1,5
20565,0x16EC,111,102
20565,0x16F5,34,32
20565,0x16F8,20,18
20565,0x1710,252,83
20565,0x1711,52,55
20565,0x1713,213,156
20565,0x1716,36,46
20565,0x1719,211,233
20565,0x1726,231,229
20565,0x1735,222,220
20565,0x1738,7,5
20565,0x1750,103,226
20565,0x1751,32,33
20565,0x1753,160,131
20565,0x1754,78,76
20565,0x1756,182,192
20565,0x1759,225,247
20565,0x1766,253,251
20565,0x1775,139,137
20565,0x1778,29,27
20565,0x1790,62,73
20565,0x1793,71,110
20565,0x1794,107,104
20565,0x1796,248,10
20565,0x1797,255,0
20565,0x1798,255,0
20565,0x1799,143,149
20565,0x17A4,23,25
20565,0x17A6,2,255
20565,0x17AC,138,147
20565,0x17B5,11,9
20565,0x17B8,21,19
20565,0x17F8,21,19
20565,0x1810,52,156
20565,0x1811,14,10
20565,0x1826,254,252
20565,0x1835,191,189
20565,0x1838,18,16
20565,0x1AD0,119,165
20565,0x1AD1,77,80
20565,0x1AD3,113,19
20565,0x1AD4,103,104
20565,0x1AE4,182,184
20565,0x1AE6,2,1
20565,0x1AEC,61,56
20565,0x1AF0,3,1
20567,0x0020,76,79
20567,0x0024,6,7
20567,0x0026,36,34
20567,0x0028,36,34
20567,0x0069,61,63
20567,0x006B,247,249
20567,0x007B,230,231
20567,0x00AD,206,208
20567,0x00CD,191,194
20567,0x00CE,142,148
20567,0x00CF,42,52
20567,0x00D0,171,185
20567,0x0874,86,222
20567,0x0875,1,42
20567,0x0876,222,86
20567,0x0877,42,1
20567,0x0894,14,22
20567,0x0895,58,91
20567,0x0896,22,14
20567,0x0897,91,58
20567,0x0908,12,11
20567,0x0909,128,125
20567,0x090C,28,27
20567,0x090D,128,125
20567,0x0910,55,57
20567,0x0914,39,41
20567,0x0918,33,35
20567,0x0919,68,66
20567,0x091C,17,19
20567,0x091D,68,66
20567,0x0921,96,93
20567,0x0925,96,93
20567,0x0928,250,247
20567,0x092C,10,7
20567,0x0930,76,79
20567,0x0932,6,7
20567,0x0933,36,34
20567,0x0B26,230,231
20567,0x0B28,204,206
20567,0x0B86,230,231
20567,0x0B88,204,206
20567,0x0F99,230,231
20567,0x0F9D,230,231
20567,0x0FD1,230,231
20567,0x0FF0,230,231
20567,0x16D0,144,250
20567,0x16D1,28,27
20567,0x16D3,74,204
20567,0x16D4,136,133
20567,0x16D6,178,182
20567,0x16D9,199,191
20567,0x16E6,5,3
20567,0x16F5,32,30
20567,0x16F8,18,16
20567,0x1710,83,190
20567,0x1711,55,57
20567,0x1713,156,143
20567,0x1716,46,56
20567,0x1719,233,255
20567,0x1726,229,227
20567,0x1735,220,218
20567,0x1738,5,3
20567,0x1750,226,113
20567,0x1751,33,35
20567,0x1753,131,146
20567,0x1754,76,74
20567,0x1756,192,202
20567,0x1759,247,13
20567,0x175A,254,255
20567,0x1766,251,249
20567,0x1775,137,135
20567,0x1778,27,25
20567,0x1790,73,120
20567,0x1793,110,161
20567,0x1794,104,101
20567,0x1796,10,28
20567,0x1799,149,155
20567,0x17A6,255,253
20567,0x17B5,9,7
20567,0x17B8,19,17
20567,0x17F8,19,17
20567,0x1810,156,4
20567,0x1811,10,7
20567,0x1826,252,250
20567,0x1835,189,187
20567,0x1838,16,14
20567,0x1AD0,165,211
20567,0x1AD1,80,83
20567,0x1AD3,19,181
20567,0x1AE4,184,182
20567,0x1AE7,4,2
20567,0x1AEC,56,61
20567,0x1AF0,1,2
20569,0x0004,50,52
20569,0x0020,79,83
20569,0x0022,100,101
20569,0x0026,34,36
20569,0x0028,34,36
20569,0x0069,63,65
20569,0x006B,249,251
20569,0x007B,231,232
20569,0x00AD,208,210
20569,0x00CD,194,197
20569,0x00CE,148,154
20569,0x00CF,52,62
20569,0x00D0,185,199
20569,0x02FD,39,41
20569,0x0501,153,157
20569,0x0502,82,94
20569,0x0508,78,93
20569,0x0509,94,85
20569,0x050A,4,20
20569,0x050B,8,20
20569,0x050F,14,154
20569,0x0510,84,82
20569,0x0512,12,40
20569,0x0600,0,187
20569,0x0601,0,12
20569,0x0602,0,203
20569,0x0603,0,12
20569,0x0604,62,217
20569,0x0605,63,80
20569,0x0606,63,154
20569,0x0607,63,17
20569,0x0608,84,11
20569,0x0609,63,16
20569,0x060A,38,11
20569,0x060B,63,16
20569,0x060C,60,36
20569,0x060D,63,17
20569,0x060E,76,37
20569,0x060F,63,17
20569,0x0610,88,116
20569,0x0611,63,16
20569,0x0612,88,118
20569,0x0613,63,16
20569,0x0614,170,0
20569,0x0615,26,0
20569,0x0616,186,0
20569,0x0617,26,0
20569,0x0618,176,0
20569,0x0619,26,0
20569,0x061A,109,0
20569,0x061B,88,0
20569,0x061E,0,150
20569,0x061F,0,12
20569,0x0620,186,155
20569,0x0622,202,155
20569,0x0624,95,161
20569,0x0625,80,12
20569,0x0626,11,171
20569,0x0627,16,12
20569,0x0628,11,0
20569,0x0629,16,0
20569,0x062A,11,0
20569,0x062B,16,0
20569,0x062C,30,48
20569,0x062D,17,63
20569,0x062E,46,64
20569,0x062F,17,63
20569,0x0630,116,80
20569,0x0631,16,63
20569,0x0632,117,34
20569,0x0633,16,63
20569,0x0634,0,56
20569,0x0635,0,63
20569,0x0636,0,72
20569,0x0637,0,63
20569,0x0638,0,56
20569,0x0639,0,63
20569,0x063A,0,72
20569,0x063B,0,63
20569,0x0874,222,86
20569,0x0875,42,1
20569,0x0876,86,222
20569,0x0877,1,42
20569,0x0894,22,14
20569,0x0895,91,58
20569,0x0896,14,22
20569,0x0897,58,91
20569,0x0909,125,123
20569,0x090D,125,123
20569,0x0910,57,60
20569,0x0914,41,44
20569,0x0918,35,37
20569,0x0919,66,64
20569,0x091C,19,21
20569,0x091D,66,64
20569,0x0921,93,90
20569,0x0925,93,90
20569,0x0928,247,243
20569,0x092C,7,3
20569,0x0930,79,83
20569,0x0931,100,101
20569,0x0933,34,36
20569,0x0B22,57,58
20569,0x0B24,115,116
20569,0x0B26,231,232
20569,0x0B28,206,208
20569,0x0B82,57,58
20569,0x0B84,115,116
20569,0x0B86,231,232
20569,0x0B88,206,208
20569,0x0F99,231,232
20569,0x0F9D,231,232
20569,0x0FD1,231,232
20569,0x0FF0,231,232
20569,0x16D0,250,108
20569,0x16D3,204,62
20569,0x16D4,133,131
20569,0x16D6,182,186
20569,0x16D9,191,183
20569,0x16E6,3,1
20569,0x16F5,30,28
20569,0x16F8,16,14
20569,0x1710,190,61
20569,0x1711,57,60
20569,0x1713,143,174
20569,0x1716,56,66
20569,0x1719,255,21
20569,0x171A,255,0
20569,0x171B,255,0
20569,0x1726,227,225
20569,0x1735,218,216
20569,0x1738,3,1
20569,0x1750,113,20
20569,0x1751,35,37
20569,0x1753,146,205
20569,0x1754,74,72
20569,0x1756,202,212
20569,0x1759,13,35
20569,0x1766,249,247
20569,0x1775,135,133
20569,0x1778,25,23
20569,0x1790,120,203
20569,0x1793,161,224
20569,0x1794,101,98
20569,0x1796,28,46
20569,0x1799,155,161
20569,0x17A6,253,251
20569,0x17B5,7,5
20569,0x17B8,17,15
20569,0x17F8,17,15
20569,0x1810,4,108
20569,0x1811,7,3
20569,0x1826,250,248
20569,0x1835,187,185
20569,0x1838,14,12
20569,0x1AD0,211,1
20569,0x1AD1,83,87
20569,0x1AD3,181,87
20569,0x1AD4,104,105
20569,0x1AE6,1,2
20569,0x1AE7,2,4
20569,0x1AF0,2,3
20571,0x0020,83,86
20571,0x0024,7,6
20571,0x0069,65,67
20571,0x006B,251,253
20571,0x007B,232,233
20571,0x00AD,210,212
20571,0x00CD,197,200
20571,0x00CE,154,160
20571,0x00CF,62,72
20571,0x00D0,199,213
20571,0x02FD,41,39
20571,0x0874,86,222
20571,0x0875,1,42
20571,0x0876,222,86
20571,0x0877,42,1
20571,0x0894,14,22
20571,0x0895,58,91
20571,0x0896,22,14
20571,0x0897,91,58
20571,0x0908,11,10
20571,0x0909,123,120
20571,0x090A,10,14
20571,0x090C,27,26
20571,0x090D,123,120
20571,0x090E,8,12
20571,0x0910,60,62
20571,0x0914,44,46
20571,0x0918,37,38
20571,0x0919,64,63
20571,0x091C,21,22
20571,0x091D,64,63
20571,0x0920,24,25
20571,0x0921,90,88
20571,0x0924,8,9
20571,0x0925,90,88
20571,0x0928,243,239
20571,0x092C,3,255
20571,0x0930,83,86
20571,0x0932,7,6
20571,0x0B02,234,170
20571,0x0B26,232,233
20571,0x0B28,208,210
20571,0x0B86,232,233
20571,0x0B88,208,210
20571,0x0F99,232,233
20571,0x0F9D,232,233
20571,0x0FD1,232,233
20571,0x0FF0,232,233
20571,0x16D0,108,230
20571,0x16D1,27,26
20571,0x16D3,62,160
20571,0x16D4,131,128
20571,0x16D6,186,190
20571,0x16D9,183,175
20571,0x16E4,17,19
20571,0x16E6,1,5
20571,0x16EC,102,93
20571,0x16F5,28,26
20571,0x16F8,14,12
20571,0x1710,61,193
20571,0x1711,60,62
20571,0x1726,225,223
20571,0x1735,216,214
20571,0x1738,1,15
20571,0x1739,0,6
20571,0x173A,126,129
20571,0x1750,20,203
20571,0x1751,37,38
20571,0x1753,205,52
20571,0x1754,72,71
20571,0x1756,212,222
20571,0x1759,35,57
20571,0x1766,247,245
20571,0x1775,133,131
20571,0x1778,23,21
20571,0x1790,203,66
20571,0x1791,24,25
20571,0x1793,224,43
20571,0x1794,98,96
20571,0x1796,46,64
20571,0x1799,161,167
20571,0x17A6,251,249
20571,0x17B5,5,3
20571,0x17B8,15,13
20571,0x17F8,15,13
20571,0x1810,108,212
20571,0x1811,3,255
20571,0x1812,1,0
20571,0x1826,248,246
20571,0x1835,185,183
20571,0x1838,12,10
20571,0x1AD0,1,47
20571,0x1AD1,87,90
20571,0x1AD3,87,249
20571,0x1AE4,182,184
20571,0x1AE6,2,1
20571,0x1AEC,61,56
20571,0x1AF0,3,1
20573,0x0020,86,89
20573,0x0022,101,102
20573,0x0024,6,7
20573,0x0026,36,34
20573,0x0028,36,34
20573,0x0069,67,69
20573,0x006B,253,255
20573,0x007B,233,234
20573,0x00AD,212,214
20573,0x00CD,200,203
20573,0x00CE,160,166
20573,0x00CF,72,82
20573,0x00D0,213,227
20573,0x0178,180,53
20573,0x0874,222,86
20573,0x0875,42,1
20573,0x0876,86,222
20573,0x0877,1,42
20573,0x0894,22,14
20573,0x0895,91,58
20573,0x0896,14,22
20573,0x0897,58,91
20573,0x0909,120,117
20573,0x090D,120,117
20573,0x0910,62,65
20573,0x0914,46,49
20573,0x0918,38,40
20573,0x0919,63,61
20573,0x091C,22,24
20573,0x091D,63,61
20573,0x0921,88,85
20573,0x0925,88,85
20573,0x0928,239,236
20573,0x092C,255,252
20573,0x0930,86,89
20573,0x0931,101,102
20573,0x0932,6,7
20573,0x0933,36,34
20573,0x0B24,116,117
20573,0x0B26,233,234
20573,0x0B28,210,212
20573,0x0B84,116,117
20573,0x0B86,233,234
20573,0x0B88,210,212
20573,0x0F99,233,234
20573,0x0F9D,233,234
20573,0x0FD1,233,234
20573,0x0FF0,233,234
20573,0x16D0,230,104
20573,0x16D3,160,242
20573,0x16D4,128,125
20573,0x16D6,190,194
20573,0x16D9,175,167
20573,0x16E6,5,3
20573,0x16F5,26,24
20573,0x16F8,12,10
20573,0x1710,193,69
20573,0x1711,62,65
20573,0x1726,223,221
20573,0x1735,214,212
20573,0x1738,15,13
20573,0x1750,203,150
20573,0x1751,38,40
20573,0x1753,52,199
20573,0x1754,71,69
20573,0x1756,222,232
20573,0x1759,57,79
20573,0x1766,245,243
20573,0x1775,131,129
20573,0x1778,21,19
20573,0x1790,66,221
20573,0x1793,43,130
20573,0x1794,96,93
20573,0x1796,64,82
20573,0x1799,167,173
20573,0x17A6,249,247
20573,0x17B5,3,1
20573,0x17B8,13,11
20573,0x17F8,13,11
20573,0x1810,212,60
20573,0x1811,255,252
20573,0x1826,246,244
20573,0x1835,183,181
20573,0x1838,10,8
20573,0x1AD0,47,93
20573,0x1AD1,90,93
20573,0x1AD3,249,155
20573,0x1AD4,105,106
20573,0x1AE4,184,182
20573,0x1AE7,4,2
20573,0x1AEC,56,61
20573,0x1AF0,1,2
20575,0x0020,89,22
20575,0x0022,102,89
20575,0x0069,69,71
20575,0x006B,255,1
20575,0x007B,234,235
20575,0x00AD,214,216
20575,0x00B7,13,14
20575,0x00CD,203,206
20575,0x00CE,166,172
20575,0x00CF,82,92
20575,0x00D0,227,10
20575,0x00D1,2,3
20575,0x016E,0,128
20575,0x0176,144,165
20575,0x0178,53,180
20575,0x01B9,192,0
20575,0x01BA,26,27
20575,0x0874,86,222
20575,0x0875,1,42
20575,0x0876,222,86
20575,0x0877,42,1
20575,0x0894,14,22
20575,0x0895,58,91
20575,0x0896,22,14
20575,0x0897,91,58
20575,0x0908,10,9
20575,0x0909,117,115
20575,0x090C,26,25
20575,0x090D,117,115
20575,0x0910,65,67
20575,0x0914,49,51
20575,0x0918,40,42
20575,0x0919,61,60
20575,0x091C,24,26
20575,0x091D,61,60
20575,0x0920,25,26
20575,0x0921,85,82
20575,0x0924,9,10
20575,0x0925,85,82
20575,0x0928,236,232
20575,0x092C,252,248
20575,0x0930,89,92
20575,0x0931,102,103
20575,0x0933,34,36
20575,0x0934,95,22
20575,0x0935,224,89
20575,0x0936,104,7
20575,0x0937,61,34
20575,0x0B26,234,235
20575,0x0B28,212,214
20575,0x0B86,234,235
20575,0x0B88,212,214
20575,0x0F99,234,235
20575,0x0F9D,234,235
20575,0x0FD1,234,235
20575,0x0FF0,234,235
20575,0x16D0,104,242
20575,0x16D1,26,25
20575,0x16D3,242,52
20575,0x16D4,125,123
20575,0x16D6,194,198
20575,0x16D9,167,159
20575,0x16E6,3,1
20575,0x16F5,24,22
20575,0x16F8,10,8
20575,0x1710,69,201
20575,0x1711,65,67
20575,0x1726,221,219
20575,0x1735,212,210
20575,0x1738,13,11
20575,0x1750,150,117
20575,0x1751,40,42
20575,0x1753,199,134
20575,0x1754,69,68
20575,0x1756,232,242
20575,0x1759,79,101
20575,0x1766,243,241
20575,0x1775,129,127
20575,0x1778,19,17
20575,0x1790,221,156
20575,0x1791,25,26
20575,0x1793,130,229
20575,0x1794,93,90
20575,0x1796,82,100
20575,0x1799,173,179
20575,0x17A6,247,245
20575,0x17B5,1,149
20575,0x17B8,11,9
20575,0x17F8,11,9
20575,0x1810,60,164
20575,0x1811,252,248
20575,0x1826,244,242
20575,0x1835,181,179
20575,0x1838,8,6
20575,0x1AD0,93,139
20575,0x1AD1,93,96
20575,0x1AD3,155,61
20575,0x1AD4,106,107
20575,0x1AE6,1,2
20575,0x1AE7,2,4
20575,0x1AF0,2,3
20575,0x1B00,0,204
20575,0x1B01,0,127
20575,0x1B02,0,249
20575,0x1B03,0,4
20575,0x1B04,0,203
20575,0x1B05,0,249
20575,0x1B06,0,4
20575,0x1B08,0,1
20575,0x1B0A,0,1
20575,0x1B0D,0,9
20575,0x1B0E,0,160
20575,0x1B0F,0,1
20575,0x1B10,0,151
20575,0x1B11,0,26
20575,0x1B13,0,81
20575,0x1B14,0,93
20575,0x1B1E,0,2
20575,0x1B1F,0,2
20575,0x1B20,0,80
20575,0x1B21,0,2
20575,0x1B22,0,180
20575,0x1B23,0,10
20575,0x1B24,0,182
20575,0x1B25,0,10
20575,0x1B26,0,1
20575,0x1B27,0,2
20575,0x1B28,0,6
20575,0x1B2A,0,22
20575,0x1B2B,0,4
20575,0x1B2C,0,61
20575,0x1B2D,0,36
20575,0x1B30,0,2
20577,0x0004,52,54
20577,0x0020,22,25
20577,0x0026,34,36
20577,0x0028,34,36
20577,0x0069,71,73
20577,0x006B,1,3
20577,0x007B,235,236
20577,0x00AD,216,218
20577,0x00CD,206,209
20577,0x00CE,172,178
20577,0x00CF,92,102
20577,0x00D0,10,24
20577,0x0176,165,144
20577,0x0178,180,53
20577,0x0501,157,155
20577,0x0502,94,82
20577,0x0600,187,0
20577,0x0601,12,0
20577,0x0602,203,0
20577,0x0603,12,0
20577,0x0604,217,49
20577,0x0605,80,63
20577,0x0606,154,65
20577,0x0607,17,63
20577,0x0608,11,81
20577,0x0609,16,63
20577,0x060A,11,35
20577,0x060B,16,63
20577,0x060C,36,57
20577,0x060D,17,63
20577,0x060E,37,73
20577,0x060F,17,63
20577,0x0610,116,57
20577,0x0611,16,63
20577,0x0612,118,73
20577,0x0613,16,63
20577,0x0874,222,86
20577,0x0875,42,1
20577,0x0876,86,222
20577,0x0877,1,42
20577,0x0894,22,14
20577,0x0895,91,58
20577,0x0896,14,22
20577,0x0897,58,91
20577,0x0908,9,25
20577,0x0909,115,112
20577,0x090B,105,41
20577,0x090C,25,9
20577,0x090D,115,112
20577,0x090F,105,41
20577,0x0910,67,70
20577,0x0914,51,54
20577,0x0918,42,44
20577,0x0919,60,59
20577,0x091C,26,28
20577,0x091D,60,59
20577,0x0920,26,27
20577,0x0921,82,80
20577,0x0924,10,11
20577,0x0925,82,80
20577,0x0928,232,229
20577,0x092C,248,245
20577,0x0930,92,95
20577,0x0932,7,6
20577,0x0934,22,25
20577,0x0937,34,36
20577,0x0B22,58,59
20577,0x0B24,117,118
20577,0x0B26,235,236
20577,0x0B28,214,216
20577,0x0B82,58,59
20577,0x0B84,117,118
20577,0x0B86,235,236
20577,0x0B88,214,216
20577,0x0F99,235,236
20577,0x0F9D,235,236
20577,0x0FD1,235,236
20577,0x0FF0,235,236
20577,0x16D0,242,132
20577,0x16D3,52,102
20577,0x16D4,123,120
20577,0x16D6,198,202
20577,0x16D9,159,151
20577,0x16E4,19,21
20577,0x16E6,1,5
20577,0x16EC,93,129
20577,0x16F5,22,20
20577,0x16F8,8,6
20577,0x1710,201,77
20577,0x1711,67,70
20577,0x1726,219,217
20577,0x1735,210,208
20577,0x1738,11,9
20577,0x1750,117,104
20577,0x1751,42,44
20577,0x1753,134,113
20577,0x1754,68,67
20577,0x1756,242,252
20577,0x1759,101,123
20577,0x1766,241,239
20577,0x1775,127,125
20577,0x1778,17,15
20577,0x1790,156,127
20577,0x1791,26,27
20577,0x1793,229,84
20577,0x1794,90,88
20577,0x1796,100,118
20577,0x1799,179,185
20577,0x17A6,245,243
20577,0x17B5,149,147
20577,0x17B8,9,7
20577,0x17F8,9,7
20577,0x1810,164,12
20577,0x1811,248,245
20577,0x1826,242,240
20577,0x1835,179,177
20577,0x1838,6,4
20577,0x1AD0,139,185
20577,0x1AD1,96,99
20577,0x1AD3,61,223
20577,0x1AE4,182,184
20577,0x1AE6,2,1
20577,0x1AEC,61,56
20577,0x1AF0,3,1
20577,0x1B10,151,197
20577,0x1B11,26,29
20577,0x1B13,81,243
20577,0x1B26,1,2
20577,0x1B27,2,4
20577,0x1B30,2,3
20579,0x0020,25,28
20579,0x0022,89,90
20579,0x0024,7,6
20579,0x0069,73,75
20579,0x006B,3,5
20579,0x007B,236,237
20579,0x00AD,218,220
20579,0x00CD,209,212
20579,0x00CE,178,184
20579,0x00CF,102,112
20579,0x00D0,24,38
20579,0x0176,144,165
20579,0x0178,53,180
20579,0x02FD,39,41
20579,0x0874,86,222
20579,0x0875,1,42
20579,0x0876,222,86
20579,0x0877,42,1
20579,0x0894,14,22
20579,0x0895,58,91
20579,0x0896,22,14
20579,0x0897,91,58
20579,0x0909,112,109
20579,0x090D,112,109
20579,0x0910,70,72
20579,0x0914,54,56
20579,0x0918,44,46
20579,0x0919,59,58
20579,0x091C,28,30
20579,0x091D,59,58
20579,0x0920,27,28
20579,0x0921,80,77
20579,0x0924,11,12
20579,0x0925,80,77
20579,0x0928,229,225
20579,0x092C,245,241
20579,0x0930,95,98
20579,0x0931,103,104
20579,0x0932,6,7
20579,0x0933,36,34
20579,0x0934,25,28
20579,0x0935,89,90
20579,0x0936,7,6
20579,0x0B26,236,237
20579,0x0B28,216,218
20579,0x0B86,236,237
20579,0x0B88,216,218
20579,0x0F99,236,237
20579,0x0F9D,236,237
20579,0x0FD1,236,237
20579,0x0FF0,236,237
20579,0x16D0,132,30
20579,0x16D3,102,136
20579,0x16D4,120,117
20579,0x16D6,202,206
20579,0x16D9,151,143
20579,0x16E6,5,3
20579,0x16F5,20,18
20579,0x16F8,6,4
20579,0x1710,77,209
20579,0x1711,70,72
20579,0x1726,217,215
20579,0x1735,208,206
20579,0x1738,9,7
20579,0x1750,104,111
20579,0x1751,44,46
20579,0x1753,113,136
20579,0x1754,67,66
20579,0x1756,252,6
20579,0x1757,0,1
20579,0x1759,123,145
20579,0x1766,239,237
20579,0x1775,125,123
20579,0x1778,15,13
20579,0x1790,127,134
20579,0x1791,27,28
20579,0x1793,84,207
20579,0x1794,88,85
20579,0x1796,118,136
20579,0x1799,185,191
20579,0x17A6,243,241
20579,0x17B5,147,145
20579,0x17B8,7,5
20579,0x17F8,7,5
20579,0x1810,12,116
20579,0x1811,245,241
20579,0x1826,240,238
20579,0x1835,177,175
20579,0x1838,4,2
20579,0x1AD0,185,231
20579,0x1AD1,99,102
20579,0x1AD3,223,129
20579,0x1AD4,107,108
20579,0x1AE4,184,182
20579,0x1AE7,4,2
20579,0x1AEC,56,61
20579,0x1AF0,1,2
20579,0x1B10,197,243
20579,0x1B11,29,32
20579,0x1B13,243,149
20579,0x1B14,93,94
20579,0x1B24,182,184
20579,0x1B26,2,1
20579,0x1B2C,61,56
20579,0x1B30,3,1
20581,0x0020,28,32
20581,0x0022,90,91
20581,0x0024,6,7
20581,0x0026,36,34
20581,0x0028,36,34
20581,0x0069,75,77
20581,0x006B,5,7
20581,0x007B,237,238
20581,0x00AD,220,222
20581,0x00CD,212,215
20581,0x00CE,184,190
20581,0x00CF,112,122
20581,0x00D0,38,52
20581,0x0172,54,52
20581,0x0176,165,144
20581,0x0178,180,53
20581,0x02FD,41,39
20581,0x0874,222,86
20581,0x0875,42,1
20581,0x0876,86,222
20581,0x0877,1,42
20581,0x0894,22,14
20581,0x0895,91,58
20581,0x0896,14,22
20581,0x0897,58,91
20581,0x0908,25,24
20581,0x0909,109,106
20581,0x090C,9,8
20581,0x090D,109,106
20581,0x0910,72,75
20581,0x0914,56,59
20581,0x0918,46,48
20581,0x0919,58,57
20581,0x091C,30,32
20581,0x091D,58,57
20581,0x0920,28,29
20581,0x0921,77,75
20581,0x0924,12,13
20581,0x0925,77,75
20581,0x0928,225,221
20581,0x092C,241,237
20581,0x0930,98,102
20581,0x0931,104,105
20581,0x0933,34,36
20581,0x0934,28,32
20581,0x0935,90,91
20581,0x0936,6,7
20581,0x0937,36,34
20581,0x0B24,118,119
20581,0x0B26,237,238
20581,0x0B28,218,220
20581,0x0B84,118,119
20581,0x0B86,237,238
20581,0x0B88,218,220
20581,0x0F99,237,238
20581,0x0F9D,237,238
20581,0x0FD1,237,238
20581,0x0FF0,237,238
20581,0x16D0,30,192
20581,0x16D1,25,24
20581,0x16D3,136,154
20581,0x16D4,117,114
20581,0x16D6,206,210
20581,0x16D9,143,135
20581,0x16E6,3,1
20581,0x16F5,18,16
20581,0x16F8,4,2
20581,0x1710,209,85
20581,0x1711,72,75
20581,0x1726,215,213
20581,0x1735,206,204
20581,0x1738,7,5
20581,0x1750,111,138
20581,0x1751,46,48
20581,0x1753,136,203
20581,0x1754,66,65
20581,0x1756,6,16
20581,0x1759,145,167
20581,0x1766,237,235
20581,0x1775,123,121
20581,0x1778,13,11
20581,0x1790,134,177
20581,0x1791,28,29
20581,0x1793,207,86
20581,0x1794,85,83
20581,0x1796,136,154
20581,0x1799,191,197
20581,0x17A6,241,239
20581,0x17B5,145,143
20581,0x17B8,5,3
20581,0x17F8,5,3
20581,0x1810,116,220
20581,0x1811,241,237
20581,0x1813,0,47
20581,0x1819,0,47
20581,0x181D,0,47
20581,0x1826,238,236
20581,0x1835,175,173
20581,0x1838,2,18
20581,0x1839,6,2
20581,0x183A,95,99
20581,0x1AD0,231,21
20581,0x1AD1,102,106
20581,0x1AD3,129,35
20581,0x1AD4,108,109
20581,0x1AE6,1,2
20581,0x1AE7,2,4
20581,0x1AF0,2,3
20581,0x1B10,243,33
20581,0x1B11,32,36
20581,0x1B13,149,55
20581,0x1B14,94,95
20581,0x1B24,184,182
20581,0x1B27,4,2
20581,0x1B2C,56,61
20581,0x1B30,1,2
20583,0x0020,32,35
20583,0x0026,34,36
20583,0x0028,34,36
20583,0x0048,0,32
20583,0x0049,0,3
20583,0x004A,52,134
20583,0x004C,250,252
20583,0x0050,0,32
20583,0x0051,1,3
20583,0x0052,16,22
20583,0x0069,77,79
20583,0x006B,7,9
20583,0x0071,118,120
20583,0x0072,118,120
20583,0x0073,0,1
20583,0x0075,34,44
20583,0x007B,238,239
20583,0x00AD,222,224
20583,0x00B7,14,13
20583,0x00CD,215,218
20583,0x00CE,190,196
20583,0x00CF,122,132
20583,0x00D0,52,66
20583,0x016F,23,20
20583,0x0170,36,139
20583,0x0171,192,227
20583,0x0176,144,165
20583,0x0178,53,180
20583,0x01FD,201,36
20583,0x01FE,10,157
20583,0x01FF,143,201
20583,0x023D,202,37
20583,0x023E,18,67
20583,0x02F6,155,148
20583,0x02FB,1,2
20583,0x02FD,39,41
20583,0x0301,41,0
20583,0x0302,76,96
20583,0x0303,10,128
20583,0x0305,20,0
20583,0x0306,148,171
20583,0x0307,1,15
20583,0x0309,73,0
20583,0x030A,76,97
20583,0x030B,10,128
20583,0x030D,30,0
20583,0x030E,148,173
20583,0x030F,1,15
20583,0x0311,105,0
20583,0x0312,76,98
20583,0x0313,10,64
20583,0x0315,40,64
20583,0x0316,148,229
20583,0x0317,1,14
20583,0x0319,137,0
20583,0x031A,76,99
20583,0x031B,10,64
20583,0x031D,50,64
20583,0x031E,148,231
20583,0x031F,1,14
20583,0x0321,136,41
20583,0x0323,14,10
20583,0x0325,148,100
20583,0x0326,151,148
20583,0x0329,168,73
20583,0x032B,14,10
20583,0x032D,162,110
20583,0x032E,151,148
20583,0x0330,0,1
20583,0x0331,96,105
20583,0x0332,96,76
20583,0x0333,64,10
20583,0x0335,0,120
20583,0x0336,252,148
20583,0x0337,15,1
20583,0x0339,112,137
20583,0x033A,97,76
20583,0x033B,32,10
20583,0x033D,64,130
20583,0x033E,252,148
20583,0x033F,15,1
20583,0x0341,0,38
20583,0x0342,104,79
20583,0x0343,128,20
20583,0x0344,13,0
20583,0x0345,64,88
20583,0x0346,238,144
20583,0x0347,13,1
20583,0x0349,0,70
20583,0x034A,111,79
20583,0x034B,128,20
20583,0x034C,1,0
20583,0x034D,192,108
20583,0x034E,251,144
20583,0x034F,13,1
20583,0x0351,0,102
20583,0x0352,124,79
20583,0x0353,0,20
20583,0x0354,4,0
20583,0x0355,0,128
20583,0x0356,252,144
20583,0x0357,12,1
20583,0x0874,86,222
20583,0x0875,1,42
20583,0x0876,222,86
20583,0x0877,42,1
20583,0x0894,14,22
20583,0x0895,58,91
20583,0x0896,22,14
20583,0x0897,91,58
20583,0x0900,96,92
20583,0x0902,2,32
20583,0x0903,32,34
20583,0x0904,80,24
20583,0x0905,104,103
20583,0x0906,0,10
20583,0x0907,32,41
20583,0x0908,24,8
20583,0x0909,106,103
20583,0x090A,14,8
20583,0x090C,8,77
20583,0x090D,106,56
20583,0x090E,12,2
20583,0x0910,75,61
20583,0x0912,2,0
20583,0x0914,59,50
20583,0x0915,56,57
20583,0x0916,0,2
20583,0x0918,48,34
20583,0x091A,2,0
20583,0x091C,32,31
20583,0x091D,57,72
20583,0x091E,0,6
20583,0x0920,29,15
20583,0x0921,75,72
20583,0x0922,6,4
20583,0x0924,13,218
20583,0x0925,75,57
20583,0x0926,4,2
20583,0x0927,41,103
20583,0x0928,221,234
20583,0x0929,56,57
20583,0x092A,2,0
20583,0x092C,237,102
20583,0x092D,56,105
20583,0x092E,0,23
20583,0x092F,103,36
20583,0x0930,102,35
20583,0x0931,105,91
20583,0x0934,32,96
20583,0x0935,91,224
20583,0x0936,7,2
20583,0x0937,34,32
20583,0x0938,103,80
20583,0x093A,107,0
20583,0x093B,61,32
20583,0x0B02,170,42
20583,0x0B26,238,239
20583,0x0B28,220,222
20583,0x0B86,238,239
20583,0x0B88,220,222
20583,0x0C56,240,41
20583,0x0C57,0,224
20583,0x0E82,0,8
20583,0x0E83,2,12
20583,0x0F99,238,239
20583,0x0F9D,238,239
20583,0x0FD1,238,239
20583,0x0FF0,238,239
20583,0x1000,200,128
20583,0x1008,8,7
20583,0x1022,62,251
20583,0x1023,7,6
20583,0x1024,64,253
20583,0x1025,7,6
20583,0x1026,8,6
20583,0x1030,0,4
20583,0x1033,0,92
20583,0x1034,0,180
20583,0x1040,0,192
20583,0x1041,0,161
20583,0x1042,0,248
20583,0x1043,0,4
20583,0x1051,0,96
20583,0x1054,0,112
20583,0x105E,0,10
20583,0x105F,0,2
20583,0x1060,0,48
20583,0x1061,0,2
20583,0x1062,0,91
20583,0x1063,0,10
20583,0x1064,0,93
20583,0x1065,0,10
20583,0x1066,0,3
20583,0x1067,0,2
20583,0x106A,0,140
20583,0x106B,0,3
20583,0x106C,0,161
20583,0x106D,0,33
20583,0x106E,0,148
20583,0x106F,0,178
20583,0x1074,0,12
20583,0x1077,0,23
20583,0x16D0,192,113
20583,0x16D3,154,163
20583,0x16D4,114,111
20583,0x16D6,210,221
20583,0x16D9,135,134
20583,0x16DC,2,9
20583,0x16DD,252,3
20583,0x16E4,21,23
20583,0x16E6,1,5
20583,0x16EC,129,138
20583,0x16F5,16,14
20583,0x16F8,2,24
20583,0x16FA,116,121
20583,0x1710,85,217
20583,0x1711,75,77
20583,0x1726,213,211
20583,0x1735,204,202
20583,0x1738,5,3
20583,0x1750,138,185
20583,0x1751,48,50
20583,0x1753,203,58
20583,0x1756,16,26
20583,0x1759,167,189
20583,0x1766,235,233
20583,0x1775,121,119
20583,0x1778,11,9
20583,0x1790,177,0
20583,0x1791,29,31
20583,0x1793,86,233
20583,0x1794,83,80
20583,0x1796,154,172
20583,0x1799,197,203
20583,0x17A6,239,237
20583,0x17B5,143,141
20583,0x17B8,3,1
20583,0x17F8,3,1
20583,0x1810,220,68
20583,0x1811,237,234
20583,0x1813,47,26
20583,0x1814,64,65
20583,0x1819,47,141
20583,0x1826,236,234
20583,0x1835,173,171
20583,0x1838,18,16
20583,0x1AC0,204,192
20583,0x1AC1,127,195
20583,0x1AC8,1,247
20583,0x1AE2,180,177
20583,0x1AE4,182,179
20583,0x1AE6,2,1
20583,0x1AEC,61,171
20583,0x1AED,36,33
20583,0x1AF1,0,3
20583,0x1B10,33,79
20583,0x1B11,36,39
20583,0x1B13,55,217
20583,0x1B26,1,2
20583,0x1B27,2,4
20583,0x1B30,2,3
20583,0xFFFF,124,125
20585,0x0004,54,56
20585,0x0020,35,38
20585,0x0022,91,92
20585,0x0024,7,6
20585,0x0049,3,1
20585,0x0051,3,1
20585,0x0069,79,81
20585,0x006B,9,11
20585,0x0075,44,40
20585,0x007B,239,240
20585,0x00AD,224,226
20585,0x00B7,13,17
20585,0x00CA,5,6
20585,0x00CD,218,221
20585,0x00CE,196,202
20585,0x00CF,132,142
20585,0x00D0,66,80
20585,0x0172,52,36
20585,0x0173,173,52
20585,0x0176,165,144
20585,0x0178,180,53
20585,0x02F6,148,165
20585,0x02FB,2,1
20585,0x02FD,41,39
20585,0x0501,155,79
20585,0x0502,82,94
20585,0x0503,20,4
20585,0x0508,93,15
20585,0x0509,85,84
20585,0x050B,20,4
20585,0x050F,154,158
20585,0x0510,82,94
20585,0x0512,40,24
20585,0x0516,156,94
20585,0x0517,94,85
20585,0x0519,32,44
20585,0x051D,92,156
20585,0x051E,85,82
20585,0x0520,52,64
20585,0x0600,0,116
20585,0x0601,0,16
20585,0x0602,0,118
20585,0x0603,0,16
20585,0x0604,49,0
20585,0x0605,63,0
20585,0x0606,65,0
20585,0x0607,63,0
20585,0x0608,81,0
20585,0x0609,63,0
20585,0x060A,35,155
20585,0x060B,63,26
20585,0x060C,57,171
20585,0x060D,63,26
20585,0x060E,73,187
20585,0x060F,63,26
20585,0x0610,57,191
20585,0x0611,63,26
20585,0x0612,73,108
20585,0x0613,63,88
20585,0x0618,0,188
20585,0x0619,0,12
20585,0x061A,0,204
20585,0x061B,0,12
20585,0x061C,0,95
20585,0x061D,0,16
20585,0x061E,150,11
20585,0x061F,12,16
20585,0x0620,155,11
20585,0x0621,12,16
20585,0x0622,155,11
20585,0x0623,12,16
20585,0x0624,161,11
20585,0x0625,12,16
20585,0x0626,171,95
20585,0x0627,12,144
20585,0x0628,0,116
20585,0x0629,0,16
20585,0x062A,0,117
20585,0x062B,0,16
20585,0x062C,48,0
20585,0x062D,63,0
20585,0x062E,64,0
20585,0x062F,63,0
20585,0x0630,80,0
20585,0x0631,63,0
20585,0x0632,34,0
20585,0x0633,63,0
20585,0x0634,56,146
20585,0x0635,63,12
20585,0x0636,72,151
20585,0x0637,63,12
20585,0x0638,56,156
20585,0x0639,63,12
20585,0x063A,72,156
20585,0x063B,63,12
20585,0x063C,0,162
20585,0x063D,0,12
20585,0x063E,149,172
20585,0x0640,154,0
20585,0x0641,12,0
20585,0x0642,154,0
20585,0x0643,12,0
20585,0x0644,154,0
20585,0x0645,12,0
20585,0x0646,170,0
20585,0x0647,12,0
20585,0x0648,0,82
20585,0x0649,0,63
20585,0x064A,0,36
20585,0x064B,0,63
20585,0x064C,0,58
20585,0x064D,0,63
20585,0x064E,0,74
20585,0x064F,0,63
20585,0x0650,82,0
20585,0x0651,63,0
20585,0x0652,36,0
20585,0x0653,63,0
20585,0x0874,222,86
20585,0x0875,42,1
20585,0x0876,86,222
20585,0x0877,1,42
20585,0x0894,22,14
20585,0x0895,91,58
20585,0x0896,14,22
20585,0x0897,58,91
20585,0x0900,92,96
20585,0x0902,32,2
20585,0x0903,34,32
20585,0x0904,24,80
20585,0x0905,103,104
20585,0x0906,10,0
20585,0x0907,41,32
20585,0x0908,8,92
20585,0x0909,103,104
20585,0x090A,8,32
20585,0x090B,41,34
20585,0x090C,77,24
20585,0x090D,56,100
20585,0x090E,2,10
20585,0x0910,61,8
20585,0x0911,56,100
20585,0x0912,0,8
20585,0x0914,50,80
20585,0x0915,57,56
20585,0x0918,34,64
20585,0x0919,57,56
20585,0x091C,31,52
20585,0x091D,72,56
20585,0x091E,6,2
20585,0x0920,15,36
20585,0x0921,72,56
20585,0x0922,4,0
20585,0x0924,218,32
20585,0x0925,57,70
20585,0x0927,103,41
20585,0x0928,234,16
20585,0x0929,57,70
20585,0x092B,103,41
20585,0x092C,102,214
20585,0x092D,105,58
20585,0x092E,23,2
20585,0x092F,36,103
20585,0x0930,35,230
20585,0x0931,91,58
20585,0x0932,7,0
20585,0x0933,36,103
20585,0x0934,96,254
20585,0x0935,224,56
20585,0x0937,32,103
20585,0x0938,80,14
20585,0x0939,224,56
20585,0x093B,32,103
20585,0x093C,95,102
20585,0x093D,224,105
20585,0x093E,106,23
20585,0x093F,61,36
20585,0x0940,111,38
20585,0x0941,224,92
20585,0x0942,10,6
20585,0x0943,61,36
20585,0x0B02,42,170
20585,0x0B03,0,58
20585,0x0B22,59,60
20585,0x0B24,119,120
20585,0x0B26,239,240
20585,0x0B28,222,224
20585,0x0B82,59,60
20585,0x0B84,119,120
20585,0x0B86,239,240
20585,0x0B88,222,224
20585,0x0F99,239,240
20585,0x0F9D,239,240
20585,0x0FD1,239,240
20585,0x0FF0,239,240
20585,0x1000,128,192
20585,0x1026,6,4
20585,0x1033,92,90
20585,0x1066,3,1
20585,0x1074,12,8
20585,0x1077,23,21
20585,0x16D0,113,70
20585,0x16D3,163,184
20585,0x16D4,111,108
20585,0x16D6,221,239
20585,0x16D9,134,140
20585,0x16E6,5,3
20585,0x16F5,14,12
20585,0x16F8,24,22
20585,0x1710,217,93
20585,0x1711,77,80
20585,0x1726,211,209
20585,0x1735,202,200
20585,0x1738,3,1
20585,0x1750,185,252
20585,0x1751,50,52
20585,0x1753,58,213
20585,0x1754,65,64
20585,0x1756,26,36
20585,0x1759,189,211
20585,0x1766,233,231
20585,0x1775,119,117
20585,0x1778,9,7
20585,0x1790,0,103
20585,0x1791,31,32
20585,0x1793,233,160
20585,0x1794,80,78
20585,0x1796,172,182
20585,0x1799,203,225
20585,0x179C,9,5
20585,0x179D,3,11
20585,0x17A2,13,65
20585,0x17A3,12,7
20585,0x17A4,25,67
20585,0x17A5,12,7
20585,0x17A6,237,253
20585,0x17AD,43,12
20585,0x17B5,141,139
20585,0x17B8,1,29
20585,0x17BA,121,126
20585,0x17F1,3,2
20585,0x17F8,1,21
20585,0x1810,68,172
20585,0x1811,234,230
20585,0x1813,26,193
20585,0x1814,65,66
20585,0x1819,141,235
20585,0x1826,234,232
20585,0x1835,171,169
20585,0x1838,16,14
20585,0x1840,0,200
20585,0x1841,0,74
20585,0x1842,0,176
20585,0x1843,0,2
20585,0x1844,0,54
20585,0x1845,0,177
20585,0x1846,0,2
20585,0x1848,0,3
20585,0x184A,0,2
20585,0x184B,0,3
20585,0x184C,0,9
20585,0x1850,0,52
20585,0x1851,0,14
20585,0x1852,0,1
20585,0x1854,0,64
20585,0x1856,0,52
20585,0x1857,0,254
20585,0x1858,0,255
20585,0x185E,0,9
20585,0x185F,0,12
20585,0x1860,0,154
20585,0x1861,0,2
20585,0x1862,0,220
20585,0x1863,0,8
20585,0x1864,0,222
20585,0x1865,0,8
20585,0x1866,0,254
20585,0x1867,0,6
20585,0x1869,0,1
20585,0x186A,0,238
20585,0x186B,0,4
20585,0x186C,0,124
20585,0x186D,0,12
20585,0x186F,0,6
20585,0x1870,0,128
20585,0x1875,0,191
20585,0x1876,0,110
20585,0x1878,0,18
20585,0x1879,0,6
20585,0x187A,0,95
20585,0x187B,0,193
20585,0x1AF1,3,1
20585,0x1B10,79,125
20585,0x1B11,39,42
20585,0x1B13,217,123
20585,0x1B14,95,96
20585,0x1B24,182,184
20585,0x1B26,2,1
20585,0x1B2C,61,56
20585,0x1B30,3,1
20587,0x0020,38,41
20587,0x0022,92,93
20587,0x0024,6,7
20587,0x0026,36,34
20587,0x0028,36,34
20587,0x0049,1,3
20587,0x0051,1,3
20587,0x0069,81,83
20587,0x006B,11,13
20587,0x0075,40,36
20587,0x007B,240,241
20587,0x00AD,226,228
20587,0x00CD,221,224
20587,0x00CE,202,208
20587,0x00CF,142,152
20587,0x00D0,80,94
20587,0x0172,36,52
20587,0x0173,52,173
20587,0x0176,144,165
20587,0x0178,53,180
20587,0x01FE,157,171
20587,0x02F6,165,208
20587,0x02FB,1,2
20587,0x02FD,39,41
20587,0x0302,96,98
20587,0x0303,128,64
20587,0x0305,0,128
20587,0x0306,171,231
20587,0x0307,15,14
20587,0x030A,97,99
20587,0x030B,128,64
20587,0x030D,0,192
20587,0x030E,173,231
20587,0x030F,15,14
20587,0x0311,0,41
20587,0x0312,98,76
20587,0x0313,64,10
20587,0x0315,64,140
20587,0x0316,229,148
20587,0x0317,14,1
20587,0x0319,0,73
20587,0x031A,99,76
20587,0x031B,64,10
20587,0x031D,64,150
20587,0x031E,231,148
20587,0x031F,14,1
20587,0x0321,41,105
20587,0x0325,100,160
20587,0x0329,73,137
20587,0x032D,110,170
20587,0x0331,105,38
20587,0x0332,76,79
20587,0x0333,10,20
20587,0x0335,120,148
20587,0x0336,148,144
20587,0x0339,137,70
20587,0x033A,76,79
20587,0x033B,10,20
20587,0x033D,130,168
20587,0x033E,148,144
20587,0x0341,38,102
20587,0x0345,88,188
20587,0x0874,86,222
20587,0x0875,1,42
20587,0x0876,222,86
20587,0x0877,42,1
20587,0x0894,14,22
20587,0x0895,58,91
20587,0x0896,22,14
20587,0x0897,91,58
20587,0x0900,96,84
20587,0x0901,104,112
20587,0x0902,2,32
20587,0x0903,32,162
20587,0x0904,80,100
20587,0x0905,104,112
20587,0x0906,0,32
20587,0x0907,32,226
20587,0x0908,92,100
20587,0x0909,104,96
20587,0x090B,34,98
20587,0x090C,24,84
20587,0x090D,100,96
20587,0x090E,10,32
20587,0x090F,41,34
20587,0x0910,8,24
20587,0x0911,100,97
20587,0x0912,8,10
20587,0x0914,80,8
20587,0x0915,56,97
20587,0x0916,2,8
20587,0x0918,64,82
20587,0x091A,0,2
20587,0x091C,52,66
20587,0x091E,2,0
20587,0x0920,36,55
20587,0x0922,0,2
20587,0x0924,32,39
20587,0x0925,70,56
20587,0x0926,2,0
20587,0x0928,16,33
20587,0x0929,70,68
20587,0x092A,0,2
20587,0x092C,214,17
20587,0x092D,58,68
20587,0x092E,2,0
20587,0x092F,103,41
20587,0x0930,230,211
20587,0x0931,58,61
20587,0x0932,0,2
20587,0x0934,254,227
20587,0x0935,56,61
20587,0x0936,2,0
20587,0x0938,14,250
20587,0x093A,0,2
20587,0x093C,102,10
20587,0x093D,105,56
20587,0x093E,23,0
20587,0x093F,36,103
20587,0x0940,38,41
20587,0x0941,92,93
20587,0x0942,6,7
20587,0x0943,36,34
20587,0x0944,95,96
20587,0x0946,8,2
20587,0x0947,61,32
20587,0x0948,143,80
20587,0x094A,111,0
20587,0x094B,61,32
20587,0x0B03,58,234
20587,0x0B26,240,241
20587,0x0B28,224,226
20587,0x0B86,240,241
20587,0x0B88,224,226
20587,0x0E83,12,10
20587,0x0F99,240,241
20587,0x0F9D,240,241
20587,0x0FD1,240,241
20587,0x0FF0,240,241
20587,0x1000,192,128
20587,0x1026,4,2
20587,0x1033,90,88
20587,0x1064,93,95
20587,0x1066,1,3
20587,0x106C,161,144
20587,0x1074,8,4
20587,0x1077,21,19
20587,0x16D0,70,63
20587,0x16D3,184,217
20587,0x16D4,108,105
20587,0x16D6,239,1
20587,0x16D7,255,0
20587,0x16D8,255,0
20587,0x16D9,140,146
20587,0x16E6,3,1
20587,0x16F5,12,10
20587,0x16F8,22,20
20587,0x1710,93,225
20587,0x1711,80,82
20587,0x1713,174,228
20587,0x1719,21,29
20587,0x171D,11,4
20587,0x1726,209,207
20587,0x1735,200,198
20587,0x1738,1,38
20587,0x1739,6,2
20587,0x173A,129,133
20587,0x1750,252,83
20587,0x1751,52,55
20587,0x1753,213,156
20587,0x1756,36,46
20587,0x1759,211,233
20587,0x1766,231,229
20587,0x1775,117,115
20587,0x1778,7,5
20587,0x1790,103,226
20587,0x1791,32,33
20587,0x1793,160,131
20587,0x1794,78,76
20587,0x1796,182,192
20587,0x1799,225,247
20587,0x17A6,253,251
20587,0x17B5,139,137
20587,0x17B8,29,27
20587,0x17F8,21,19
20587,0x1810,172,20
20587,0x1811,230,227
20587,0x1813,193,36
20587,0x1814,66,69
20587,0x1819,235,73
20587,0x181A,0,1
20587,0x1826,232,230
20587,0x1835,169,167
20587,0x1838,14,12
20587,0x1850,52,156
20587,0x1851,14,10
20587,0x1866,254,252
20587,0x1875,191,189
20587,0x1878,18,16
20587,0x1AC0,192,0
20587,0x1AF1,1,0
20587,0x1B10,125,171
20587,0x1B11,42,45
20587,0x1B13,123,29
20587,0x1B14,96,97
20587,0x1B24,184,182
20587,0x1B27,4,2
20587,0x1B2C,56,61
20587,0x1B30,1,2
20589,0x0020,41,44
20589,0x0026,34,36
20589,0x0028,34,36
20589,0x0049,3,1
20589,0x0051,3,1
20589,0x0069,83,85
20589,0x006B,13,15
20589,0x006D,0,16
20589,0x0073,1,0
20589,0x0075,36,34
20589,0x007B,241,242
20589,0x00AD,228,230
20589,0x00B7,17,19
20589,0x00CD,224,227
20589,0x00CE,208,214
20589,0x00CF,152,162
20589,0x00D0,94,108
20589,0x0176,165,144
20589,0x0178,180,53
20589,0x02F6,208,160
20589,0x02FB,2,1
20589,0x0302,98,96
20589,0x0303,64,128
20589,0x0306,231,170
20589,0x0307,14,15
20589,0x030A,99,97
20589,0x030B,64,128
20589,0x030D,192,128
20589,0x030E,231,172
20589,0x030F,14,15
20589,0x0874,222,86
20589,0x0875,42,1
20589,0x0876,86,222
20589,0x0877,1,42
20589,0x0894,22,14
20589,0x0895,91,58
20589,0x0896,14,22
20589,0x0897,58,91
20589,0x0900,84,96
20589,0x0901,112,104
20589,0x0902,32,2
20589,0x0903,162,32
20589,0x0904,100,80
20589,0x0905,112,104
20589,0x0906,32,0
20589,0x0907,226,32
20589,0x0908,100,84
20589,0x0909,96,112
20589,0x090B,98,162
20589,0x090C,84,100
20589,0x090D,96,112
20589,0x090F,34,226
20589,0x0910,24,100
20589,0x0911,97,96
20589,0x0912,10,32
20589,0x0913,41,98
20589,0x0914,8,84
20589,0x0915,97,96
20589,0x0916,8,32
20589,0x0917,41,34
20589,0x0918,82,24
20589,0x0919,56,95
20589,0x091A,2,6
20589,0x091C,66,8
20589,0x091D,56,95
20589,0x091E,0,4
20589,0x0920,55,85
20589,0x0921,56,57
20589,0x0924,39,69
20589,0x0925,56,57
20589,0x0928,33,57
20589,0x0929,68,56
20589,0x092C,17,41
20589,0x092D,68,56
20589,0x0930,211,35
20589,0x0931,61,66
20589,0x0933,103,41
20589,0x0934,227,19
20589,0x0935,61,66
20589,0x0937,103,41
20589,0x0938,250,207
20589,0x0939,56,64
20589,0x093C,10,223
20589,0x093D,56,64
20589,0x0940,41,247
20589,0x0941,93,56
20589,0x0942,7,2
20589,0x0943,34,103
20589,0x0944,96,7
20589,0x0945,224,56
20589,0x0946,2,0
20589,0x0947,32,103
20589,0x0948,80,44
20589,0x0949,224,93
20589,0x094A,0,7
20589,0x094B,32,36
20589,0x0B03,234,170
20589,0x0B04,0,14
20589,0x0B24,120,121
20589,0x0B26,241,242
20589,0x0B28,226,228
20589,0x0B84,120,121
20589,0x0B86,241,242
20589,0x0B88,226,228
20589,0x0F99,241,242
20589,0x0F9D,241,242
20589,0x0FD1,241,242
20589,0x0FF0,241,242
20589,0x1000,128,192
20589,0x1024,253,255
20589,0x1026,2,8
20589,0x1033,88,86
20589,0x1066,3,1
20589,0x1074,4,0
20589,0x1077,19,17
20589,0x16D0,63,92
20589,0x16D3,217,6
20589,0x16D4,105,103
20589,0x16D6,1,19
20589,0x16D9,146,152
20589,0x16E4,23,25
20589,0x16E6,1,254
20589,0x16EC,138,147
20589,0x16F5,10,8
20589,0x16F8,20,18
20589,0x1710,225,101
20589,0x1711,82,85
20589,0x1713,228,42
20589,0x1714,64,65
20589,0x1719,29,37
20589,0x1726,207,205
20589,0x1735,198,196
20589,0x1738,38,36
20589,0x1750,83,190
20589,0x1751,55,57
20589,0x1753,156,143
20589,0x1756,46,56
20589,0x1759,233,255
20589,0x1766,229,227
20589,0x1775,115,113
20589,0x1778,5,3
20589,0x1790,226,113
20589,0x1791,33,35
20589,0x1793,131,146
20589,0x1794,76,74
20589,0x1796,192,202
20589,0x1799,247,13
20589,0x179A,254,255
20589,0x17A6,251,249
20589,0x17B5,137,135
20589,0x17B8,27,25
20589,0x17F8,19,17
20589,0x1810,20,124
20589,0x1811,227,223
20589,0x1813,36,67
20589,0x1814,69,72
20589,0x1819,73,167
20589,0x1826,230,228
20589,0x1835,167,165
20589,0x1838,12,10
20589,0x1850,156,4
20589,0x1851,10,7
20589,0x1866,252,250
20589,0x1875,189,187
20589,0x1878,16,14
20589,0x1B10,171,217
20589,0x1B11,45,48
20589,0x1B13,29,191
20589,0x1B26,1,2
20589,0x1B27,2,4
20589,0x1B30,2,3
20591,0x0020,44,48
20591,0x0022,93,94
20591,0x0024,7,6
20591,0x0049,1,3
20591,0x0051,1,3
20591,0x0069,85,87
20591,0x006B,15,17
20591,0x006D,16,0
20591,0x007B,242,243
20591,0x00AD,230,232
20591,0x00B7,19,17
20591,0x00CD,227,230
20591,0x00CE,214,220
20591,0x00CF,162,172
20591,0x00D0,108,122
20591,0x0176,144,165
20591,0x0178,53,180
20591,0x01FE,171,157
20591,0x02F6,160,12
20591,0x02FB,1,2
20591,0x0302,96,98
20591,0x0303,128,192
20591,0x0306,170,228
20591,0x0307,15,14
20591,0x030A,97,99
20591,0x030B,128,192
20591,0x030E,172,230
20591,0x030F,15,14
20591,0x0315,140,100
20591,0x031D,150,110
20591,0x0325,160,120
20591,0x032D,170,130
20591,0x0335,148,208
20591,0x033D,168,228
20591,0x0345,188,248
20591,0x0874,86,222
20591,0x0875,1,42
20591,0x0876,222,86
20591,0x0877,42,1
20591,0x0894,14,22
20591,0x0895,58,91
20591,0x0896,22,14
20591,0x0897,91,58
20591,0x0901,104,112
20591,0x0902,2,36
20591,0x0903,32,34
20591,0x0905,104,112
20591,0x0906,0,34
20591,0x0907,32,34
20591,0x0908,84,96
20591,0x0909,112,96
20591,0x090A,32,36
20591,0x090C,100,80
20591,0x090D,112,96
20591,0x090F,226,34
20591,0x0910,100,24
20591,0x0911,96,92
20591,0x0912,32,6
20591,0x0913,98,41
20591,0x0914,84,8
20591,0x0915,96,92
20591,0x0916,32,4
20591,0x0917,34,41
20591,0x0918,24,87
20591,0x0919,95,57
20591,0x091A,6,2
20591,0x091C,8,71
20591,0x091D,95,57
20591,0x091E,4,0
20591,0x0920,85,60
20591,0x0921,57,56
20591,0x0924,69,44
20591,0x0925,57,56
20591,0x0928,57,37
20591,0x0929,56,64
20591,0x092C,41,21
20591,0x092D,56,64
20591,0x0930,35,203
20591,0x0931,66,68
20591,0x0933,41,103
20591,0x0934,19,219
20591,0x0935,66,68
20591,0x0937,41,103
20591,0x0938,207,243
20591,0x0939,64,56
20591,0x093C,223,3
20591,0x093D,64,56
20591,0x0940,247,48
20591,0x0941,56,94
20591,0x0942,2,6
20591,0x0943,103,36
20591,0x0944,7,96
20591,0x0945,56,224
20591,0x0946,0,2
20591,0x0947,103,32
20591,0x0948,44,80
20591,0x0949,93,224
20591,0x094A,7,0
20591,0x094B,36,32
20591,0x0B03,170,234
20591,0x0B04,14,0
20591,0x0B26,242,243
20591,0x0B28,228,230
20591,0x0B86,242,243
20591,0x0B88,228,230
20591,0x0E82,8,7
20591,0x0E83,10,8
20591,0x0F99,242,243
20591,0x0F9D,242,243
20591,0x0FD1,242,243
20591,0x0FF0,242,243
20591,0x1000,192,128
20591,0x1026,8,6
20591,0x1033,86,84
20591,0x1064,95,97
20591,0x1066,1,3
20591,0x106C,144,127
20591,0x1077,17,15
20591,0x16D0,92,157
20591,0x16D3,6,63
20591,0x16D4,103,100
20591,0x16D6,19,37
20591,0x16D9,152,158
20591,0x16E6,254,252
20591,0x16F5,8,6
20591,0x16F8,18,16
20591,0x1710,101,233
20591,0x1711,85,87
20591,0x1713,42,128
20591,0x1719,37,45
20591,0x1726,205,203
20591,0x1735,196,194
20591,0x1738,36,34
20591,0x1750,190,61
20591,0x1751,57,60
20591,0x1753,143,174
20591,0x1756,56,66
20591,0x1759,255,21
20591,0x175A,255,0
20591,0x175B,255,0
20591,0x1766,227,225
20591,0x1775,113,111
20591,0x1778,3,1
20591,0x1790,113,20
20591,0x1791,35,37
20591,0x1793,146,205
20591,0x1794,74,72
20591,0x1796,202,212
20591,0x1799,13,35
20591,0x17A6,249,247
20591,0x17B5,135,133
20591,0x17B8,25,23
20591,0x17F8,17,15
20591,0x1810,124,228
20591,0x1811,223,219
20591,0x1813,67,30
20591,0x1814,72,76
20591,0x1819,167,5
20591,0x181A,1,2
20591,0x1826,228,226
20591,0x1835,165,163
20591,0x1838,10,8
20591,0x1850,4,108
20591,0x1851,7,3
20591,0x1866,250,248
20591,0x1875,187,185
20591,0x1878,14,12
20591,0x1B10,217,7
20591,0x1B11,48,52
20591,0x1B13,191,97
20591,0x1B14,97,98
20591,0x1B24,182,184
20591,0x1B26,2,1
20591,0x1B2C,61,56
20591,0x1B30,3,1
20593,0x0004,56,58
20593,0x0020,48,51
20593,0x0022,94,95
20593,0x0024,6,7
20593,0x0026,36,34
20593,0x0028,36,34
20593,0x0049,3,1
20593,0x0051,3,1
20593,0x0069,87,89
20593,0x006B,17,19
20593,0x007B,243,244
20593,0x00AD,232,234
20593,0x00B7,17,19
20593,0x00CD,230,233
20593,0x00CE,220,226
20593,0x00CF,172,182
20593,0x00D0,122,136
20593,0x0176,165,144
20593,0x0178,180,53
20593,0x02F6,12,143
20593,0x02FB,2,1
20593,0x0501,79,157
20593,0x0502,94,82
20593,0x0503,4,20
20593,0x0600,116,0
20593,0x0601,16,0
20593,0x0602,118,0
20593,0x0603,16,0
20593,0x0608,0,83
20593,0x0609,0,63
20593,0x060A,155,37
20593,0x060B,26,63
20593,0x060C,171,59
20593,0x060D,26,63
20593,0x060E,187,75
20593,0x060F,26,63
20593,0x0610,191,0
20593,0x0611,26,0
20593,0x0612,108,0
20593,0x0613,88,0
20593,0x0874,222,86
20593,0x0875,42,1
20593,0x0876,86,222
20593,0x0877,1,42
20593,0x0894,22,14
20593,0x0895,91,58
20593,0x0896,14,22
20593,0x0897,58,91
20593,0x0901,112,104
20593,0x0902,36,2
20593,0x0903,34,32
20593,0x0905,112,104
20593,0x0906,34,0
20593,0x0907,34,32
20593,0x0909,96,112
20593,0x090B,162,34
20593,0x090D,96,112
20593,0x090E,32,34
20593,0x0910,24,96
20593,0x0911,92,96
20593,0x0912,6,36
20593,0x0913,41,162
20593,0x0914,8,80
20593,0x0915,92,96
20593,0x0916,4,32
20593,0x0917,41,34
20593,0x0918,87,25
20593,0x0919,57,89
20593,0x091A,2,6
20593,0x091C,71,9
20593,0x091D,57,89
20593,0x091E,0,4
20593,0x0920,60,90
20593,0x0921,56,57
20593,0x0924,44,74
20593,0x0925,56,57
20593,0x0928,37,62
20593,0x0929,64,56
20593,0x092C,21,46
20593,0x092D,64,56
20593,0x0930,203,38
20593,0x0931,68,63
20593,0x0933,103,41
20593,0x0934,219,22
20593,0x0935,68,63
20593,0x0937,103,41
20593,0x0938,243,200
20593,0x0939,56,72
20593,0x093C,3,216
20593,0x093D,56,72
20593,0x0940,48,239
20593,0x0941,94,56
20593,0x0942,6,2
20593,0x0943,36,103
20593,0x0944,96,255
20593,0x0945,224,56
20593,0x0946,2,0
20593,0x0947,32,103
20593,0x0948,80,51
20593,0x0949,224,95
20593,0x094A,0,7
20593,0x094B,32,34
20593,0x0B03,234,170
20593,0x0B04,0,10
20593,0x0B22,60,61
20593,0x0B24,121,122
20593,0x0B26,243,244
20593,0x0B28,230,232
20593,0x0B82,60,61
20593,0x0B84,121,122
20593,0x0B86,243,244
20593,0x0B88,230,232
20593,0x0F99,243,244
20593,0x0F9D,243,244
20593,0x0FD1,243,244
20593,0x0FF0,243,244
20593,0x1000,128,192
20593,0x1026,6,4
20593,0x1033,84,82
20593,0x1066,3,1
20593,0x1077,15,13
20593,0x16D0,157,2
20593,0x16D1,24,25
20593,0x16D3,63,132
20593,0x16D4,100,97
20593,0x16D6,37,55
20593,0x16D9,158,164
20593,0x16E6,252,250
20593,0x16F5,6,4
20593,0x16F8,16,14
20593,0x1710,233,109
20593,0x1711,87,90
20593,0x1713,128,230
20593,0x1719,45,53
20593,0x1726,203,201
20593,0x1735,194,192
20593,0x1738,34,32
20593,0x1750,61,193
20593,0x1751,60,62
20593,0x1766,225,223
20593,0x1775,111,109
20593,0x1778,1,15
20593,0x1779,0,6
20593,0x177A,126,129
20593,0x1790,20,203
20593,0x1791,37,38
20593,0x1793,205,52
20593,0x1794,72,71
20593,0x1796,212,222
20593,0x1799,35,57
20593,0x17A6,247,245
20593,0x17B5,133,131
20593,0x17B8,23,21
20593,0x17F8,15,13
20593,0x1810,228,76
20593,0x1811,219,216
20593,0x1813,30,181
20593,0x1814,76,80
20593,0x1819,5,99
20593,0x1826,226,224
20593,0x1835,163,161
20593,0x1838,8,6
20593,0x1850,108,212
20593,0x1851,3,255
20593,0x1852,1,0
20593,0x1866,248,246
20593,0x1875,185,183
20593,0x1878,12,10
20593,0x1B10,7,53
20593,0x1B11,52,55
20593,0x1B13,97,3
20593,0x1B14,98,99
20593,0x1B24,184,182
20593,0x1B27,4,2
20593,0x1B2C,56,61
20593,0x1B30,1,2
20595,0x0020,51,54
20595,0x0026,34,36
20595,0x0028,34,36
20595,0x0049,1,3
20595,0x0051,1,3
20595,0x0069,89,91
20595,0x006B,19,21
20595,0x007B,244,245
20595,0x00AD,234,236
20595,0x00B7,19,17
20595,0x00CD,233,236
20595,0x00CE,226,232
20595,0x00CF,182,192
20595,0x00D0,136,150
20595,0x0176,144,165
20595,0x0178,53,180
20595,0x01FE,157,171
20595,0x02F6,143,72
20595,0x02FB,1,2
20595,0x02FD,41,39
20595,0x0303,192,0
20595,0x0304,0,1
20595,0x0306,228,223
20595,0x030B,192,0
20595,0x030C,0,1
20595,0x030E,230,225
20595,0x0315,100,140
20595,0x031D,110,150
20595,0x0325,120,160
20595,0x032D,130,170
20595,0x0335,208,12
20595,0x0336,144,145
20595,0x033D,228,32
20595,0x033E,144,145
20595,0x0345,248,52
20595,0x0346,144,145
20595,0x0874,86,222
20595,0x0875,1,42
20595,0x0876,222,86
20595,0x0877,42,1
20595,0x0894,14,22
20595,0x0895,58,91
20595,0x0896,22,14
20595,0x0897,91,58
20595,0x0901,104,112
20595,0x0902,2,38
20595,0x0903,32,34
20595,0x0905,104,112
20595,0x0906,0,36
20595,0x0907,32,34
20595,0x0909,112,96
20595,0x090A,36,34
20595,0x090D,112,96
20595,0x090E,34,32
20595,0x0910,96,25
20595,0x0911,96,86
20595,0x0912,36,6
20595,0x0913,162,41
20595,0x0914,80,9
20595,0x0915,96,86
20595,0x0916,32,4
20595,0x0917,34,41
20595,0x0918,25,92
20595,0x0919,89,58
20595,0x091A,6,2
20595,0x091C,9,76
20595,0x091D,89,58
20595,0x091E,4,0
20595,0x0920,90,65
20595,0x0921,57,56
20595,0x0924,74,49
20595,0x0925,57,56
20595,0x0928,62,40
20595,0x0929,56,61
20595,0x092C,46,24
20595,0x092D,56,61
20595,0x0930,38,196
20595,0x0931,63,78
20595,0x0933,41,103
20595,0x0934,22,212
20595,0x0935,63,78
20595,0x0937,41,103
20595,0x0938,200,236
20595,0x0939,72,56
20595,0x093C,216,252
20595,0x093D,72,56
20595,0x0940,239,54
20595,0x0941,56,95
20595,0x0942,2,7
20595,0x0943,103,36
20595,0x0944,255,96
20595,0x0945,56,224
20595,0x0946,0,2
20595,0x0947,103,32
20595,0x0948,51,80
20595,0x0949,95,224
20595,0x094A,7,0
20595,0x094B,34,32
20595,0x0B04,10,0
20595,0x0B26,244,245
20595,0x0B28,232,234
20595,0x0B86,244,245
20595,0x0B88,232,234
20595,0x0E83,8,6
20595,0x0F99,244,245
20595,0x0F9D,244,245
20595,0x0FD1,244,245
20595,0x0FF0,244,245
20595,0x1000,192,128
20595,0x1026,4,2
20595,0x1033,82,80
20595,0x1064,97,99
20595,0x1066,1,3
20595,0x106C,127,110
20595,0x1077,13,11
20595,0x16D0,2,139
20595,0x16D3,132,213
20595,0x16D4,97,94
20595,0x16D6,55,73
20595,0x16D9,164,170
20595,0x16E6,250,248
20595,0x16F5,4,2
20595,0x16F8,14,12
20595,0x1710,109,241
20595,0x1711,90,92
20595,0x1713,230,92
20595,0x1714,65,66
20595,0x1719,53,61
20595,0x1726,201,199
20595,0x1735,192,190
20595,0x1738,32,30
20595,0x1750,193,69
20595,0x1751,62,65
20595,0x1766,223,221
20595,0x1775,109,107
20595,0x1778,15,13
20595,0x1790,203,150
20595,0x1791,38,40
20595,0x1793,52,199
20595,0x1794,71,69
20595,0x1796,222,232
20595,0x1799,57,79
20595,0x17A6,245,243
20595,0x17B5,131,129
20595,0x17B8,21,19
20595,0x17F8,13,11
20595,0x1810,76,180
20595,0x1811,216,212
20595,0x1813,181,8
20595,0x1814,80,86
20595,0x1819,99,193
20595,0x1826,224,222
20595,0x1835,161,159
20595,0x1838,6,4
20595,0x1850,212,60
20595,0x1851,255,252
20595,0x1866,246,244
20595,0x1875,183,181
20595,0x1878,10,8
20595,0x1B10,53,99
20595,0x1B11,55,58
20595,0x1B13,3,165
20595,0x1B26,1,2
20595,0x1B27,2,4
20595,0x1B30,2,3
20597,0x0020,54,57
20597,0x0022,95,96
20597,0x0024,7,6
20597,0x0049,3,1
20597,0x0051,3,1
20597,0x0069,91,93
20597,0x006B,21,23
20597,0x006D,0,16
20597,0x007B,245,246
20597,0x00AD,236,238
20597,0x00B7,17,19
20597,0x00CD,236,8
20597,0x00CE,232,238
20597,0x00CF,192,202
20597,0x00D0,150,164
20597,0x00D1,3,0
20597,0x0176,165,144
20597,0x0178,180,53
20597,0x02F6,72,126
20597,0x02FB,2,1
20597,0x02FD,39,41
20597,0x0302,98,96
20597,0x0303,0,128
20597,0x0304,1,0
20597,0x0305,128,0
20597,0x0306,223,170
20597,0x0307,14,15
20597,0x030A,99,97
20597,0x030B,0,128
20597,0x030C,1,0
20597,0x030D,128,0
20597,0x030E,225,172
20597,0x030F,14,15
20597,0x0874,222,86
20597,0x0875,42,1
20597,0x0876,86,222
20597,0x0877,1,42
20597,0x0894,22,14
20597,0x0895,91,58
20597,0x0896,14,22
20597,0x0897,58,91
20597,0x0901,112,104
20597,0x0902,38,2
20597,0x0903,34,32
20597,0x0905,112,104
20597,0x0906,36,0
20597,0x0907,34,32
20597,0x0909,96,112
20597,0x090A,34,38
20597,0x090D,96,112
20597,0x090E,32,36
20597,0x0910,25,96
20597,0x0911,86,96
20597,0x0912,6,34
20597,0x0913,41,34
20597,0x0914,9,80
20597,0x0915,86,96
20597,0x0916,4,32
20597,0x0917,41,34
20597,0x0918,92,26
20597,0x0919,58,84
20597,0x091A,2,6
20597,0x091C,76,10
20597,0x091D,58,84
20597,0x091E,0,4
20597,0x0920,65,95
20597,0x0921,56,58
20597,0x0924,49,79
20597,0x0925,56,58
20597,0x0928,40,67
20597,0x0929,61,56
20597,0x092C,24,51
20597,0x092D,61,56
20597,0x0930,196,42
20597,0x0931,78,60
20597,0x0933,103,41
20597,0x0934,212,26
20597,0x0935,78,60
20597,0x0937,103,41
20597,0x0938,236,193
20597,0x0939,56,84
20597,0x093C,252,209
20597,0x093D,56,84
20597,0x0940,54,232
20597,0x0941,95,56
20597,0x0942,7,2
20597,0x0943,36,103
20597,0x0944,96,248
20597,0x0945,224,56
20597,0x0946,2,0
20597,0x0947,32,103
20597,0x0948,80,57
20597,0x0949,224,96
20597,0x094A,0,6
20597,0x094B,32,36
20597,0x0B04,0,10
20597,0x0B24,122,123
20597,0x0B26,245,246
20597,0x0B28,234,236
20597,0x0B84,122,123
20597,0x0B86,245,246
20597,0x0B88,234,236
20597,0x0F99,245,246
20597,0x0F9D,245,246
20597,0x0FD1,245,246
20597,0x0FF0,245,246
20597,0x1000,128,192
20597,0x1024,255,1
20597,0x1025,6,7
20597,0x1026,2,8
20597,0x1033,80,78
20597,0x1066,3,1
20597,0x1077,11,9
20597,0x16D0,139,56
20597,0x16D1,25,26
20597,0x16D3,213,50
20597,0x16D4,94,92
20597,0x16D6,73,91
20597,0x16D9,170,176
20597,0x16E6,248,246
20597,0x16F5,2,150
20597,0x16F8,12,10
20597,0x1710,241,117
20597,0x1711,92,95
20597,0x1713,92,226
20597,0x1719,61,69
20597,0x1726,199,197
20597,0x1735,190,188
20597,0x1738,30,28
20597,0x1750,69,201
20597,0x1751,65,67
20597,0x1766,221,219
20597,0x1775,107,105
20597,0x1778,13,11
20597,0x1790,150,117
20597,0x1791,40,42
20597,0x1793,199,134
20597,0x1794,69,68
20597,0x1796,232,242
20597,0x1799,79,101
20597,0x17A6,243,241
20597,0x17B5,129,127
20597,0x17B8,19,17
20597,0x17F8,11,9
20597,0x1810,180,28
20597,0x1811,212,209
20597,0x1813,8,23
20597,0x1814,86,92
20597,0x1819,193,31
20597,0x181A,2,3
20597,0x1826,222,220
20597,0x1835,159,157
20597,0x1838,4,2
20597,0x1850,60,164
20597,0x1851,252,248
20597,0x1866,244,242
20597,0x1875,181,179
20597,0x1878,8,6
20597,0x1B10,99,145
20597,0x1B11,58,61
20597,0x1B13,165,71
20597,0x1B14,99,100
20597,0x1B24,182,184
20597,0x1B26,2,1
20597,0x1B2C,61,56
20597,0x1B30,3,1
20599,0x0020,57,60
20599,0x0024,6,7
20599,0x0026,36,34
20599,0x0028,36,34
20599,0x0049,1,3
20599,0x0051,1,3
20599,0x0069,93,95
20599,0x006B,23,25
20599,0x006D,16,0
20599,0x007B,246,247
20599,0x00AD,238,240
20599,0x00B7,19,17
20599,0x00CD,8,11
20599,0x00CE,238,244
20599,0x00CF,202,212
20599,0x00D0,164,178
20599,0x0176,144,165
20599,0x0178,53,180
20599,0x01FE,171,157
20599,0x02F6,126,132
20599,0x02FB,1,2
20599,0x0302,96,98
20599,0x0303,128,0
20599,0x0304,0,1
20599,0x0305,0,128
20599,0x0306,170,224
20599,0x0307,15,14
20599,0x030A,97,99
20599,0x030B,128,0
20599,0x030C,0,1
20599,0x030D,0,128
20599,0x030E,172,226
20599,0x030F,15,14
20599,0x0315,140,100
20599,0x031D,150,110
20599,0x0325,160,120
20599,0x032D,170,130
20599,0x0335,12,72
20599,0x033D,32,92
20599,0x0345,52,112
20599,0x0874,86,222
20599,0x0875,1,42
20599,0x0876,222,86
20599,0x0877,42,1
20599,0x0894,14,22
20599,0x0895,58,91
20599,0x0896,22,14
20599,0x0897,91,58
20599,0x0901,104,112
20599,0x0902,2,38
20599,0x0903,32,34
20599,0x0905,104,112
20599,0x0906,0,36
20599,0x0907,32,34
20599,0x0909,112,96
20599,0x090A,38,34
20599,0x090D,112,96
20599,0x090E,36,32
20599,0x0910,96,27
20599,0x0911,96,81
20599,0x0912,34,6
20599,0x0913,34,41
20599,0x0914,80,11
20599,0x0915,96,81
20599,0x0916,32,4
20599,0x0917,34,41
20599,0x0918,26,97
20599,0x0919,84,59
20599,0x091A,6,2
20599,0x091C,10,81
20599,0x091D,84,59
20599,0x091E,4,0
20599,0x0920,95,70
20599,0x0921,58,56
20599,0x0924,79,54
20599,0x0925,58,56
20599,0x0928,67,44
20599,0x0929,56,59
20599,0x092C,51,28
20599,0x092D,56,59
20599,0x0930,42,189
20599,0x0931,60,90
20599,0x0933,41,103
20599,0x0934,26,205
20599,0x0935,60,90
20599,0x0937,41,103
20599,0x0938,193,229
20599,0x0939,84,56
20599,0x093C,209,245
20599,0x093D,84,56
20599,0x0940,232,60
20599,0x0941,56,96
20599,0x0942,2,7
20599,0x0943,103,34
20599,0x0944,248,96
20599,0x0945,56,224
20599,0x0946,0,2
20599,0x0947,103,32
20599,0x0948,57,80
20599,0x0949,96,224
20599,0x094A,6,0
20599,0x094B,36,32
20599,0x0B04,10,0
20599,0x0B26,246,247
20599,0x0B28,236,238
20599,0x0B86,246,247
20599,0x0B88,236,238
20599,0x0E82,7,6
20599,0x0E83,6,4
20599,0x0F99,246,247
20599,0x0F9D,246,247
20599,0x0FD1,246,247
20599,0x0FF0,246,247
20599,0x1000,192,128
20599,0x1026,8,6
20599,0x1033,78,76
20599,0x1064,99,101
20599,0x1066,1,3
20599,0x1077,9,7
20599,0x16D0,56,9
20599,0x16D1,26,27
20599,0x16D3,50,155
20599,0x16D4,92,89
20599,0x16D6,91,109
20599,0x16D9,176,182
20599,0x16E6,246,244
20599,0x16F5,150,148
20599,0x16F8,10,8
20599,0x1710,117,249
20599,0x1711,95,97
20599,0x1713,226,120
20599,0x1714,66,67
20599,0x1719,69,77
20599,0x1726,197,195
20599,0x1735,188,186
20599,0x1738,28,26
20599,0x1750,201,77
20599,0x1751,67,70
20599,0x1766,219,217
20599,0x1775,105,103
20599,0x1778,11,9
20599,0x1790,117,104
20599,0x1791,42,44
20599,0x1793,134,113
20599,0x1794,68,67
20599,0x1796,242,252
20599,0x1799,101,123
20599,0x17A6,241,239
20599,0x17B5,127,125
20599,0x17B8,17,15
20599,0x17F8,9,7
20599,0x1810,28,132
20599,0x1811,209,205
20599,0x1813,23,162
20599,0x1814,92,98
20599,0x1819,31,61
20599,0x181D,47,239
20599,0x1826,220,218
20599,0x1835,157,155
20599,0x1838,2,53
20599,0x183A,99,103
20599,0x1850,164,12
20599,0x1851,248,245
20599,0x1866,242,240
20599,0x1875,179,177
20599,0x1878,6,4
20599,0x1B10,145,191
20599,0x1B11,61,64
20599,0x1B13,71,233
20599,0x1B24,184,182
20599,0x1B27,4,2
20599,0x1B2C,56,61
20599,0x1B30,1,2
20601,0x0004,58,60
20601,0x0020,60,63
20601,0x0022,96,97
20601,0x0026,34,36
20601,0x0028,34,36
20601,0x0049,3,1
20601,0x0051,3,1
20601,0x0069,95,97
20601,0x006B,25,27
20601,0x007B,247,248
20601,0x00AD,240,242
20601,0x00B7,17,19
20601,0x00CD,11,14
20601,0x00CE,244,250
20601,0x00CF,212,222
20601,0x00D0,178,192
20601,0x0176,165,144
20601,0x0178,180,53
20601,0x02F6,132,126
20601,0x02FB,2,1
20601,0x02FD,41,39
20601,0x0501,157,159
20601,0x0502,82,94
20601,0x0508,15,95
20601,0x0509,84,85
20601,0x050B,4,20
20601,0x0510,94,82
20601,0x0512,24,40
20601,0x0600,0,189
20601,0x0601,0,12
20601,0x0602,0,205
20601,0x0603,0,12
20601,0x0604,0,217
20601,0x0605,0,16
20601,0x0606,0,11
20601,0x0607,0,16
20601,0x0608,83,11
20601,0x0609,63,16
20601,0x060A,37,11
20601,0x060B,63,16
20601,0x060C,59,11
20601,0x060D,63,16
20601,0x060E,75,217
20601,0x060F,63,208
20601,0x0610,0,116
20601,0x0611,0,16
20601,0x0612,0,118
20601,0x0613,0,16
20601,0x0618,188,0
20601,0x0619,12,0
20601,0x061A,204,0
20601,0x061B,12,0
20601,0x061C,95,147
20601,0x061D,16,12
20601,0x061E,11,152
20601,0x061F,16,12
20601,0x0620,11,157
20601,0x0621,16,12
20601,0x0622,11,157
20601,0x0623,16,12
20601,0x0624,11,163
20601,0x0625,16,12
20601,0x0626,95,172
20601,0x0627,144,12
20601,0x0628,116,0
20601,0x0629,16,0
20601,0x062A,117,0
20601,0x062B,16,0
20601,0x0630,0,82
20601,0x0631,0,63
20601,0x0632,0,69
20601,0x0633,0,63
20601,0x0634,146,85
20601,0x0635,12,63
20601,0x0636,151,39
20601,0x0637,12,63
20601,0x0638,156,0
20601,0x0639,12,0
20601,0x063A,156,0
20601,0x063B,12,0
20601,0x0874,222,86
20601,0x0875,42,1
20601,0x0876,86,222
20601,0x0877,1,42
20601,0x0894,22,14
20601,0x0895,91,58
20601,0x0896,14,22
20601,0x0897,58,91
20601,0x0901,112,104
20601,0x0902,38,2
20601,0x0903,34,32
20601,0x0905,112,104
20601,0x0906,36,0
20601,0x0907,34,32
20601,0x0909,96,112
20601,0x090A,34,38
20601,0x090D,96,112
20601,0x090E,32,36
20601,0x0910,27,96
20601,0x0911,81,96
20601,0x0912,6,34
20601,0x0913,41,34
20601,0x0914,11,80
20601,0x0915,81,96
20601,0x0916,4,32
20601,0x0917,41,34
20601,0x0918,97,27
20601,0x0919,59,79
20601,0x091A,2,6
20601,0x091C,81,11
20601,0x091D,59,79
20601,0x091E,0,4
20601,0x0920,70,100
20601,0x0921,56,60
20601,0x0924,54,84
20601,0x0925,56,60
20601,0x0928,44,72
20601,0x0929,59,56
20601,0x092C,28,56
20601,0x092D,59,56
20601,0x0930,189,46
20601,0x0931,90,58
20601,0x0933,103,41
20601,0x0934,205,30
20601,0x0935,90,58
20601,0x0937,103,41
20601,0x0938,229,185
20601,0x0939,56,96
20601,0x093C,245,201
20601,0x093D,56,96
20601,0x0940,60,225
20601,0x0941,96,56
20601,0x0942,7,2
20601,0x0943,34,103
20601,0x0944,96,241
20601,0x0945,224,56
20601,0x0946,2,0
20601,0x0947,32,103
20601,0x0948,80,63
20601,0x0949,224,97
20601,0x094A,0,7
20601,0x094B,32,36
20601,0x0B04,0,10
20601,0x0B22,61,62
20601,0x0B24,123,124
20601,0x0B26,247,248
20601,0x0B28,238,240
20601,0x0B82,61,62
20601,0x0B84,123,124
20601,0x0B86,247,248
20601,0x0B88,238,240
20601,0x0F99,247,248
20601,0x0F9D,247,248
20601,0x0FD1,247,248
20601,0x0FF0,247,248
20601,0x1000,128,192
20601,0x1026,6,4
20601,0x1033,76,74
20601,0x1066,3,1
20601,0x1077,7,5
20601,0x16D0,9,254
20601,0x16D3,155,16
20601,0x16D4,89,87
20601,0x16D6,109,127
20601,0x16D9,182,188
20601,0x16E6,244,242
20601,0x16F5,148,146
20601,0x16F8,8,6
20601,0x1710,249,125
20601,0x1711,97,100
20601,0x1713,120,30
20601,0x1714,67,68
20601,0x1719,77,85
20601,0x1726,195,193
20601,0x1735,186,184
20601,0x1738,26,24
20601,0x1750,77,209
20601,0x1751,70,72
20601,0x1766,217,215
20601,0x1775,103,101
20601,0x1778,9,7
20601,0x1790,104,111
20601,0x1791,44,46
20601,0x1793,113,136
20601,0x1794,67,66
20601,0x1796,252,6
20601,0x1797,0,1
20601,0x1799,123,145
20601,0x17A6,239,237
20601,0x17B5,125,123
20601,0x17B8,15,13
20601,0x17F8,7,5
20601,0x1810,132,236
20601,0x1811,205,201
20601,0x1813,162,233
20601,0x1814,98,104
20601,0x1819,61,27
20601,0x1826,218,216
20601,0x1835,155,153
20601,0x1838,53,51
20601,0x1850,12,116
20601,0x1851,245,241
20601,0x1866,240,238
20601,0x1875,177,175
20601,0x1878,4,2
20601,0x1B10,191,237
20601,0x1B11,64,67
20601,0x1B13,233,139
20601,0x1B14,100,101
20601,0x1B26,1,2
20601,0x1B27,2,4
20601,0x1B30,2,3
20603,0x0020,63,67
20603,0x0022,97,98
20603,0x0024,7,6
20603,0x0049,1,3
20603,0x0051,1,3
20603,0x0069,97,99
20603,0x006B,27,29
20603,0x007B,248,249
20603,0x00AD,242,244
20603,0x00B7,19,17
20603,0x00CD,14,17
20603,0x00CE,250,0
20603,0x00CF,222,233
20603,0x00D0,192,206
20603,0x0176,144,165
20603,0x0178,53,180
20603,0x01FE,157,171
20603,0x02F6,126,192
20603,0x02FB,1,2
20603,0x02FD,39,41
20603,0x0306,224,227
20603,0x030E,226,229
20603,0x0315,100,140
20603,0x031D,110,150
20603,0x0325,120,160
20603,0x032D,130,170
20603,0x0335,72,132
20603,0x033D,92,152
20603,0x0345,112,172
20603,0x0874,86,222
20603,0x0875,1,42
20603,0x0876,222,86
20603,0x0877,42,1
20603,0x0894,14,22
20603,0x0895,58,91
20603,0x0896,22,14
20603,0x0897,91,58
20603,0x0901,104,112
20603,0x0902,2,38
20603,0x0903,32,34
20603,0x0905,104,112
20603,0x0906,0,36
20603,0x0907,32,34
20603,0x0909,112,96
20603,0x090A,38,34
20603,0x090D,112,96
20603,0x090E,36,32
20603,0x0910,96,29
20603,0x0911,96,76
20603,0x0912,34,6
20603,0x0913,34,41
20603,0x0914,80,13
20603,0x0915,96,76
20603,0x0916,32,4
20603,0x0917,34,41
20603,0x0918,27,103
20603,0x0919,79,60
20603,0x091A,6,2
20603,0x091C,11,87
20603,0x091D,79,60
20603,0x091E,4,0
20603,0x0920,100,75
20603,0x0921,60,56
20603,0x0924,84,59
20603,0x0925,60,56
20603,0x0928,72,48
20603,0x0929,56,57
20603,0x092C,56,32
20603,0x092D,56,57
20603,0x0930,46,182
20603,0x0931,58,102
20603,0x0933,41,103
20603,0x0934,30,198
20603,0x0935,58,102
20603,0x0937,41,103
20603,0x0938,185,221
20603,0x0939,96,56
20603,0x093C,201,237
20603,0x093D,96,56
20603,0x0940,225,67
20603,0x0941,56,98
20603,0x0942,2,6
20603,0x0943,103,36
20603,0x0944,241,96
20603,0x0945,56,224
20603,0x0946,0,2
20603,0x0947,103,32
20603,0x0948,63,80
20603,0x0949,97,224
20603,0x094A,7,0
20603,0x094B,36,32
20603,0x0B04,10,0
20603,0x0B26,248,249
20603,0x0B28,240,242
20603,0x0B86,248,249
20603,0x0B88,240,242
20603,0x0E83,4,2
20603,0x0F99,248,249
20603,0x0F9D,248,249
20603,0x0FD1,248,249
20603,0x0FF0,248,249
20603,0x1000,192,128
20603,0x1026,4,2
20603,0x1033,74,72
20603,0x1064,101,103
20603,0x1066,1,254
20603,0x1077,5,3
20603,0x16D0,254,23
20603,0x16D1,27,29
20603,0x16D3,16,145
20603,0x16D4,87,84
20603,0x16D6,127,145
20603,0x16D9,188,194
20603,0x16E6,242,240
20603,0x16F5,146,144
20603,0x16F8,6,4
20603,0x1710,125,1
20603,0x1711,100,103
20603,0x1713,30,212
20603,0x1719,85,93
20603,0x1726,193,191
20603,0x1735,184,182
20603,0x1738,24,22
20603,0x1750,209,85
20603,0x1751,72,75
20603,0x1766,215,213
20603,0x1775,101,99
20603,0x1778,7,5
20603,0x1790,111,138
20603,0x1791,46,48
20603,0x1793,136,203
20603,0x1794,66,65
20603,0x1796,6,16
20603,0x1799,145,167
20603,0x17A6,237,235
20603,0x17B5,123,121
20603,0x17B8,13,11
20603,0x17F8,5,3
20603,0x1810,236,84
20603,0x1811,201,198
20603,0x1813,233,236
20603,0x1814,104,110
20603,0x1819,27,249
20603,0x181A,3,2
20603,0x1826,216,214
20603,0x1835,153,151
20603,0x1838,51,49
20603,0x1850,116,220
20603,0x1851,241,237
20603,0x1853,0,47
20603,0x1859,0,47
20603,0x185D,0,47
20603,0x1866,238,236
20603,0x1875,175,173
20603,0x1878,2,18
20603,0x1879,6,2
20603,0x187A,95,99
20603,0x1B10,237,27
20603,0x1B11,67,71
20603,0x1B13,139,45
20603,0x1B14,101,102
20603,0x1B24,182,184
20603,0x1B26,2,1
20603,0x1B2C,61,56
20603,0x1B30,3,1
20605,0x0020,67,70
20605,0x0024,6,7
20605,0x0026,36,34
20605,0x0028,36,34
20605,0x0049,3,1
20605,0x0051,3,1
20605,0x0069,99,101
20605,0x006B,29,31
20605,0x006D,0,16
20605,0x007B,249,250
20605,0x00AD,244,246
20605,0x00B7,17,19
20605,0x00CD,17,20
20605,0x00CE,0,6
20605,0x00CF,233,243
20605,0x00D0,206,220
20605,0x0176,165,144
20605,0x0178,180,53
20605,0x02F6,192,126
20605,0x02FB,2,1
20605,0x0302,98,96
20605,0x0303,0,128
20605,0x0304,1,0
20605,0x0306,227,170
20605,0x0307,14,15
20605,0x030A,99,97
20605,0x030B,0,128
20605,0x030C,1,0
20605,0x030E,229,172
20605,0x030F,14,15
20605,0x0874,222,86
20605,0x0875,42,1
20605,0x0876,86,222
20605,0x0877,1,42
20605,0x0894,22,14
20605,0x0895,91,58
20605,0x0896,14,22
20605,0x0897,58,91
20605,0x0901,112,104
20605,0x0902,38,2
20605,0x0903,34,32
20605,0x0905,112,104
20605,0x0906,36,0
20605,0x0907,34,32
20605,0x0909,96,112
20605,0x090A,34,38
20605,0x090D,96,112
20605,0x090E,32,36
20605,0x0910,29,96
20605,0x0911,76,96
20605,0x0912,6,34
20605,0x0913,41,34
20605,0x0914,13,80
20605,0x0915,76,96
20605,0x0916,4,32
20605,0x0917,41,34
20605,0x0918,103,30
20605,0x0919,60,74
20605,0x091A,2,6
20605,0x091C,87,14
20605,0x091D,60,74
20605,0x091E,0,4
20605,0x0920,75,105
20605,0x0921,56,61
20605,0x0924,59,89
20605,0x0925,56,61
20605,0x0928,48,77
20605,0x0929,57,56
20605,0x092C,32,61
20605,0x092D,57,56
20605,0x0930,182,50
20605,0x0931,102,57
20605,0x0933,103,41
20605,0x0934,198,34
20605,0x0935,102,57
20605,0x0937,103,41
20605,0x0938,221,178
20605,0x0939,56,108
20605,0x093C,237,194
20605,0x093D,56,108
20605,0x0940,67,218
20605,0x0941,98,57
20605,0x0942,6,2
20605,0x0943,36,103
20605,0x0944,96,234
20605,0x0945,224,57
20605,0x0946,2,0
20605,0x0947,32,103
20605,0x0948,80,70
20605,0x0949,224,98
20605,0x094A,0,7
20605,0x094B,32,34
20605,0x0B04,0,10
20605,0x0B24,124,125
20605,0x0B26,249,250
20605,0x0B28,242,244
20605,0x0B84,124,125
20605,0x0B86,249,250
20605,0x0B88,242,244
20605,0x0F99,249,250
20605,0x0F9D,249,250
20605,0x0FD1,249,250
20605,0x0FF0,249,250
20605,0x1000,128,192
20605,0x1024,1,3
20605,0x1026,2,8
20605,0x1033,72,70
20605,0x1066,254,252
20605,0x1077,3,1
20605,0x16D0,23,84
20605,0x16D1,29,30
20605,0x16D3,145,30
20605,0x16D4,84,82
20605,0x16D6,145,163
20605,0x16D9,194,200
20605,0x16E6,240,238
20605,0x16F5,144,142
20605,0x16F8,4,2
20605,0x1710,1,133
20605,0x1711,103,105
20605,0x1713,212,154
20605,0x1714,68,69
20605,0x1719,93,101
20605,0x1726,191,189
20605,0x1735,182,180
20605,0x1738,22,20
20605,0x1750,85,217
20605,0x1751,75,77
20605,0x1766,213,211
20605,0x1775,99,97
20605,0x1778,5,3
20605,0x1790,138,185
20605,0x1791,48,50
20605,0x1793,203,58
20605,0x1796,16,26
20605,0x1799,167,189
20605,0x17A6,235,233
20605,0x17B5,121,119
20605,0x17B8,11,9
20605,0x17F8,3,1
20605,0x1810,84,188
20605,0x1811,198,194
20605,0x1813,236,171
20605,0x1814,110,116
20605,0x1819,249,215
20605,0x1826,214,212
20605,0x1835,151,149
20605,0x1838,49,47
20605,0x1850,220,68
20605,0x1851,237,234
20605,0x1853,47,26
20605,0x1854,64,65
20605,0x1859,47,141
20605,0x1866,236,234
20605,0x1875,173,171
20605,0x1878,18,16
20605,0x1B10,27,73
20605,0x1B11,71,74
20605,0x1B13,45,207
20605,0x1B24,184,182
20605,0x1B27,4,2
20605,0x1B2C,56,61
20605,0x1B30,1,2
20607,0x0020,70,73
20607,0x0022,98,99
20607,0x0026,34,36
20607,0x0028,34,36
20607,0x0049,1,3
20607,0x0051,1,11
20607,0x0069,101,103
20607,0x006B,31,33
20607,0x006D,16,0
20607,0x007B,250,251
20607,0x00AD,246,248
20607,0x00B7,19,17
20607,0x00CA,6,7
20607,0x00CD,20,23
20607,0x00CE,6,12
20607,0x00CF,243,253
20607,0x00D0,220,234
20607,0x0172,52,36
20607,0x0173,173,52
20607,0x0176,144,165
20607,0x0178,53,180
20607,0x01FE,171,157
20607,0x023E,67,91
20607,0x02F6,126,252
20607,0x02FB,1,2
20607,0x0302,96,98
20607,0x0303,128,64
20607,0x0304,0,1
20607,0x0306,170,212
20607,0x0307,15,14
20607,0x030A,97,99
20607,0x030B,128,64
20607,0x030C,0,1
20607,0x030E,172,214
20607,0x030F,15,14
20607,0x0315,140,100
20607,0x031D,150,110
20607,0x0325,160,120
20607,0x032D,170,130
20607,0x0335,132,192
20607,0x033D,152,212
20607,0x0345,172,232
20607,0x0874,86,222
20607,0x0875,1,42
20607,0x0876,222,86
20607,0x0877,42,1
20607,0x0894,14,22
20607,0x0895,58,91
20607,0x0896,22,14
20607,0x0897,91,58
20607,0x0900,96,82
20607,0x0902,2,34
20607,0x0903,32,34
20607,0x0904,80,66
20607,0x0906,0,32
20607,0x0907,32,34
20607,0x0908,96,31
20607,0x0909,112,71
20607,0x090A,38,2
20607,0x090B,34,41
20607,0x090C,80,15
20607,0x090D,112,71
20607,0x090E,36,0
20607,0x090F,34,41
20607,0x0910,96,108
20607,0x0911,96,62
20607,0x0912,34,2
20607,0x0913,34,41
20607,0x0914,80,92
20607,0x0915,96,62
20607,0x0916,32,0
20607,0x0917,34,41
20607,0x0918,30,80
20607,0x0919,74,56
20607,0x091A,6,2
20607,0x091C,14,64
20607,0x091D,74,56
20607,0x091E,4,0
20607,0x0920,105,52
20607,0x0921,61,56
20607,0x0924,89,36
20607,0x0925,61,56
20607,0x0928,77,175
20607,0x0929,56,114
20607,0x092B,41,103
20607,0x092C,61,191
20607,0x092D,56,114
20607,0x092F,41,103
20607,0x0930,50,214
20607,0x0931,57,58
20607,0x0933,41,103
20607,0x0934,34,230
20607,0x0935,57,58
20607,0x0937,41,103
20607,0x0938,178,254
20607,0x0939,108,56
20607,0x093C,194,14
20607,0x093D,108,56
20607,0x0940,218,73
20607,0x0941,57,99
20607,0x0942,2,7
20607,0x0943,103,36
20607,0x0945,57,224
20607,0x0949,98,224
20607,0x0B03,170,234
20607,0x0B04,10,0
20607,0x0B26,250,251
20607,0x0B28,244,246
20607,0x0B86,250,251
20607,0x0B88,244,246
20607,0x0E82,6,5
20607,0x0F99,250,251
20607,0x0F9D,250,251
20607,0x0FD1,250,251
20607,0x0FF0,250,251
20607,0x1000,192,128
20607,0x1026,8,6
20607,0x1033,70,68
20607,0x1041,161,188
20607,0x1062,91,84
20607,0x1064,103,86
20607,0x1066,252,1
20607,0x106C,110,45
20607,0x1077,1,0
20607,0x16D0,84,177
20607,0x16D1,30,31
20607,0x16D3,30,191
20607,0x16D4,82,79
20607,0x16D6,163,177
20607,0x16D9,200,214
20607,0x16DC,9,5
20607,0x16DD,3,11
20607,0x16E2,13,65
20607,0x16E3,12,7
20607,0x16E4,25,67
20607,0x16E5,12,7
20607,0x16E6,238,254
20607,0x16ED,43,12
20607,0x16F5,142,140
20607,0x16F8,2,30
20607,0x16FA,121,126
20607,0x1710,133,9
20607,0x1711,105,108
20607,0x1713,154,112
20607,0x1714,69,70
20607,0x1719,101,109
20607,0x1726,189,187
20607,0x1735,180,178
20607,0x1738,20,18
20607,0x1750,217,93
20607,0x1751,77,80
20607,0x1766,211,209
20607,0x1775,97,95
20607,0x1778,3,1
20607,0x1790,185,252
20607,0x1791,50,52
20607,0x1793,58,213
20607,0x1794,65,64
20607,0x1796,26,36
20607,0x1799,189,211
20607,0x17A6,233,231
20607,0x17B5,119,117
20607,0x17B8,9,7
20607,0x17F1,2,1
20607,0x17F8,1,21
20607,0x1810,188,36
20607,0x1811,194,191
20607,0x1813,171,38
20607,0x1814,116,122
20607,0x1819,215,181
20607,0x1826,212,210
20607,0x1835,149,147
20607,0x1838,47,45
20607,0x1850,68,172
20607,0x1851,234,230
20607,0x1853,26,193
20607,0x1854,65,66
20607,0x1859,141,235
20607,0x1866,234,232
20607,0x1875,171,169
20607,0x1878,16,14
20607,0x1880,0,200
20607,0x1881,0,74
20607,0x1882,0,176
20607,0x1883,0,2
20607,0x1884,0,54
20607,0x1885,0,177
20607,0x1886,0,2
20607,0x1888,0,3
20607,0x188A,0,2
20607,0x188B,0,3
20607,0x188C,0,9
20607,0x1890,0,52
20607,0x1891,0,14
20607,0x1892,0,1
20607,0x1894,0,64
20607,0x1896,0,52
20607,0x1897,0,254
20607,0x1898,0,255
20607,0x189E,0,9
20607,0x189F,0,12
20607,0x18A0,0,154
20607,0x18A1,0,2
20607,0x18A2,0,220
20607,0x18A3,0,8
20607,0x18A4,0,222
20607,0x18A5,0,8
20607,0x18A6,0,254
20607,0x18A7,0,6
20607,0x18A9,0,1
20607,0x18AA,0,238
20607,0x18AB,0,4
20607,0x18AC,0,124
20607,0x18AD,0,12
20607,0x18AF,0,6
20607,0x18B0,0,128
20607,0x18B5,0,191
20607,0x18B6,0,110
20607,0x18B8,0,18
20607,0x18B9,0,6
20607,0x18BA,0,95
20607,0x18BB,0,193
20607,0x1B10,73,119
20607,0x1B11,74,77
20607,0x1B13,207,113
20607,0x1B14,102,103
20607,0x1B26,1,2
20607,0x1B27,2,4
20607,0x1B30,2,3
20609,0x0004,60,62
20609,0x0020,73,76
20609,0x0022,99,100
20609,0x0024,7,6
20609,0x0049,3,1
20609,0x0051,11,9
20609,0x0069,103,105
20609,0x006B,33,35
20609,0x007B,251,252
20609,0x00AD,248,250
20609,0x00B7,17,18
20609,0x00CD,23,26
20609,0x00CE,12,18
20609,0x00CF,253,7
20609,0x00D0,234,249
20609,0x0172,36,52
20609,0x0173,52,173
20609,0x0176,165,144
20609,0x0178,180,53
20609,0x02F6,252,44
20609,0x02FB,2,1
20609,0x0502,94,82
20609,0x0600,189,0
20609,0x0601,12,0
20609,0x0602,205,0
20609,0x0603,12,0
20609,0x0604,217,0
20609,0x0605,16,0
20609,0x0606,11,0
20609,0x0607,16,0
20609,0x0608,11,0
20609,0x0609,16,0
20609,0x060A,11,70
20609,0x060B,16,63
20609,0x060C,11,86
20609,0x060D,16,63
20609,0x060E,217,40
20609,0x060F,208,63
20609,0x0610,116,0
20609,0x0611,16,0
20609,0x0612,118,0
20609,0x0613,16,0
20609,0x0874,222,86
20609,0x0875,42,1
20609,0x0876,86,222
20609,0x0877,1,42
20609,0x0894,22,14
20609,0x0895,91,58
20609,0x0896,14,22
20609,0x0897,58,91
20609,0x0900,82,96
20609,0x0902,34,2
20609,0x0903,34,32
20609,0x0904,66,80
20609,0x0906,32,0
20609,0x0907,34,32
20609,0x0908,31,74
20609,0x0909,71,104
20609,0x090A,2,36
20609,0x090B,41,34
20609,0x090C,15,33
20609,0x090D,71,69
20609,0x090E,0,2
20609,0x0910,108,17
20609,0x0911,62,69
20609,0x0912,2,0
20609,0x0914,92,110
20609,0x0915,62,63
20609,0x0916,0,2
20609,0x0918,80,94
20609,0x0919,56,63
20609,0x091A,2,0
20609,0x091C,64,82
20609,0x091E,0,2
20609,0x0920,52,66
20609,0x0922,2,0
20609,0x0924,36,55
20609,0x0926,0,2
20609,0x0928,175,39
20609,0x0929,114,56
20609,0x092A,2,0
20609,0x092B,103,41
20609,0x092C,191,171
20609,0x092D,114,119
20609,0x092E,0,2
20609,0x0930,214,187
20609,0x0931,58,119
20609,0x0932,2,0
20609,0x0934,230,211
20609,0x0935,58,61
20609,0x0936,0,2
20609,0x0938,254,227
20609,0x0939,56,61
20609,0x093A,2,0
20609,0x093C,14,250
20609,0x093E,0,2
20609,0x0940,73,10
20609,0x0941,99,56
20609,0x0942,7,0
20609,0x0943,36,103
20609,0x0944,234,76
20609,0x0945,224,100
20609,0x0946,0,6
20609,0x0947,103,36
20609,0x0B03,234,170
20609,0x0B04,0,3
20609,0x0B22,62,63
20609,0x0B24,125,126
20609,0x0B26,251,252
20609,0x0B28,246,248
20609,0x0B82,62,63
20609,0x0B84,125,126
20609,0x0B86,251,252
20609,0x0B88,246,248
20609,0x0F99,251,252
20609,0x0F9D,251,252
20609,0x0FD1,251,252
20609,0x0FF0,251,252
20609,0x1000,128,192
20609,0x1026,6,4
20609,0x1033,68,66
20609,0x1064,86,88
20609,0x106C,45,40
20609,0x16D0,177,34
20609,0x16D1,31,33
20609,0x16D3,191,140
20609,0x16D4,79,77
20609,0x16D6,177,187
20609,0x16D9,214,236
20609,0x16E6,254,252
20609,0x16F5,140,138
20609,0x16F8,30,28
20609,0x1710,9,141
20609,0x1711,108,110
20609,0x1713,112,86
20609,0x1714,70,71
20609,0x1719,109,117
20609,0x1726,187,185
20609,0x1735,178,176
20609,0x1738,18,16
20609,0x1750,93,225
20609,0x1751,80,82
20609,0x1753,174,228
20609,0x1759,21,29
20609,0x175D,11,4
20609,0x1766,209,207
20609,0x1775,95,93
20609,0x1778,1,38
20609,0x1779,6,2
20609,0x177A,129,133
20609,0x1790,252,83
20609,0x1791,52,55
20609,0x1793,213,156
20609,0x1796,36,46
20609,0x1799,211,233
20609,0x17A6,231,229
20609,0x17B5,117,115
20609,0x17B8,7,5
20609,0x17F8,21,19
20609,0x1810,36,140
20609,0x1811,191,187
20609,0x1813,38,93
20609,0x1814,122,127
20609,0x1819,181,147
20609,0x1826,210,208
20609,0x1835,147,145
20609,0x1838,45,43
20609,0x1850,172,20
20609,0x1851,230,227
20609,0x1853,193,36
20609,0x1854,66,69
20609,0x1859,235,73
20609,0x185A,0,1
20609,0x1866,232,230
20609,0x1875,169,167
20609,0x1878,14,12
20609,0x1890,52,156
20609,0x1891,14,10
20609,0x18A6,254,252
20609,0x18B5,191,189
20609,0x18B8,18,16
20609,0x1B10,119,165
20609,0x1B11,77,80
20609,0x1B13,113,19
20609,0x1B14,103,104
20609,0x1B24,182,184
20609,0x1B26,2,1
20609,0x1B2C,61,56
20609,0x1B30,3,1
20611,0x0020,76,79
20611,0x0024,6,7
20611,0x0026,36,34
20611,0x0028,36,34
20611,0x0049,1,3
20611,0x0051,9,7
20611,0x0069,105,107
20611,0x006B,35,37
20611,0x007B,252,253
20611,0x00AD,250,252
20611,0x00B7,18,17
20611,0x00CD,26,29
20611,0x00CE,18,24
20611,0x00CF,7,17
20611,0x00D0,249,7
20611,0x0176,144,165
20611,0x0178,53,180
20611,0x01FE,157,171
20611,0x02F6,44,24
20611,0x0301,0,41
20611,0x0302,98,76
20611,0x0303,64,10
20611,0x0304,1,0
20611,0x0305,128,140
20611,0x0306,212,148
20611,0x0307,14,1
20611,0x0309,0,73
20611,0x030A,99,76
20611,0x030B,64,10
20611,0x030C,1,0
20611,0x030D,128,150
20611,0x030E,214,148
20611,0x030F,14,1
20611,0x0311,41,105
20611,0x0315,100,160
20611,0x0319,73,137
20611,0x031D,110,170
20611,0x0874,86,222
20611,0x0875,1,42
20611,0x0876,222,86
20611,0x0877,42,1
20611,0x0894,14,22
20611,0x0895,58,91
20611,0x0896,22,14
20611,0x0897,91,58
20611,0x0900,96,82
20611,0x0902,2,40
20611,0x0903,32,34
20611,0x0904,80,66
20611,0x0906,0,38
20611,0x0907,32,34
20611,0x0908,74,34
20611,0x0909,104,67
20611,0x090A,36,2
20611,0x090B,34,41
20611,0x090C,33,18
20611,0x090D,69,67
20611,0x090E,2,0
20611,0x0910,17,113
20611,0x0911,69,64
20611,0x0912,0,2
20611,0x0914,110,97
20611,0x0915,63,64
20611,0x0916,2,0
20611,0x0918,94,85
20611,0x0919,63,57
20611,0x091A,0,2
20611,0x091C,82,69
20611,0x091D,56,57
20611,0x091E,2,0
20611,0x0920,66,57
20611,0x0922,0,2
20611,0x0924,55,41
20611,0x0926,2,0
20611,0x0928,39,167
20611,0x0929,56,124
20611,0x092A,0,2
20611,0x092B,41,103
20611,0x092C,171,183
20611,0x092D,119,124
20611,0x092E,2,0
20611,0x0930,187,207
20611,0x0931,119,64
20611,0x0932,0,2
20611,0x0934,211,223
20611,0x0935,61,64
20611,0x0936,2,0
20611,0x0938,227,247
20611,0x0939,61,56
20611,0x093A,0,2
20611,0x093C,250,7
20611,0x093E,2,0
20611,0x0940,10,79
20611,0x0941,56,100
20611,0x0942,0,7
20611,0x0943,103,34
20611,0x0944,76,96
20611,0x0945,100,224
20611,0x0946,6,2
20611,0x0947,36,32
20611,0x0948,70,80
20611,0x094A,7,0
20611,0x094B,34,32
20611,0x0B03,170,234
20611,0x0B04,3,0
20611,0x0B26,252,253
20611,0x0B28,248,250
20611,0x0B86,252,253
20611,0x0B88,248,250
20611,0x0F99,252,253
20611,0x0F9D,252,253
20611,0x0FD1,252,253
20611,0x0FF0,252,253
20611,0x1000,192,128
20611,0x1026,4,2
20611,0x1033,66,64
20611,0x1064,88,90
20611,0x106C,40,31
20611,0x16D0,34,167
20611,0x16D1,33,34
20611,0x16D3,140,133
20611,0x16D4,77,75
20611,0x16D6,187,197
20611,0x16D9,236,2
20611,0x16DA,254,255
20611,0x16E6,252,250
20611,0x16F5,138,136
20611,0x16F8,28,26
20611,0x1710,141,17
20611,0x1711,110,113
20611,0x1713,86,76
20611,0x1714,71,72
20611,0x1719,117,125
20611,0x1726,185,183
20611,0x1735,176,174
20611,0x1738,16,14
20611,0x1750,225,101
20611,0x1751,82,85
20611,0x1753,228,42
20611,0x1754,64,65
20611,0x1759,29,37
20611,0x1766,207,205
20611,0x1775,93,91
20611,0x1778,38,36
20611,0x1790,83,190
20611,0x1791,55,57
20611,0x1793,156,143
20611,0x1796,46,56
20611,0x1799,233,255
20611,0x17A6,229,227
20611,0x17B5,115,113
20611,0x17B8,5,3
20611,0x17F8,19,17
20611,0x1810,140,244
20611,0x1811,187,183
20611,0x1813,93,80
20611,0x1814,127,132
20611,0x1819,147,113
20611,0x1826,208,206
20611,0x1835,145,143
20611,0x1838,43,41
20611,0x1850,20,124
20611,0x1851,227,223
20611,0x1853,36,67
20611,0x1854,69,72
20611,0x1859,73,167
20611,0x1866,230,228
20611,0x1875,167,165
20611,0x1878,12,10
20611,0x1890,156,4
20611,0x1891,10,7
20611,0x18A6,252,250
20611,0x18B5,189,187
20611,0x18B8,16,14
20611,0x1B10,165,211
20611,0x1B11,80,83
20611,0x1B13,19,181
20611,0x1B24,184,182
20611,0x1B27,4,2
20611,0x1B2C,56,61
20611,0x1B30,1,2
20613,0x0020,79,83
20613,0x0022,100,101
20613,0x0026,34,36
20613,0x0028,34,36
20613,0x0049,3,1
20613,0x0051,7,5
20613,0x0069,107,109
20613,0x006B,37,39
20613,0x006D,0,16
20613,0x007B,253,254
20613,0x00AD,252,254
20613,0x00B7,17,19
20613,0x00CD,29,32
20613,0x00CE,24,30
20613,0x00CF,17,27
20613,0x00D0,7,21
20613,0x0176,165,144
20613,0x0178,180,53
20613,0x02F6,24,53
20613,0x0301,41,0
20613,0x0302,76,96
20613,0x0303,10,128
20613,0x0305,140,0
20613,0x0306,148,171
20613,0x0307,1,15
20613,0x0309,73,0
20613,0x030A,76,97
20613,0x030B,10,128
20613,0x030D,150,0
20613,0x030E,148,173
20613,0x030F,1,15
20613,0x0874,222,86
20613,0x0875,42,1
20613,0x0876,86,222
20613,0x0877,1,42
20613,0x0894,22,14
20613,0x0895,91,58
20613,0x0896,14,22
20613,0x0897,58,91
20613,0x0900,82,96
20613,0x0902,40,2
20613,0x0903,34,32
20613,0x0904,66,80
20613,0x0906,38,0
20613,0x0907,34,32
20613,0x0908,34,82
20613,0x0909,67,104
20613,0x090A,2,34
20613,0x090B,41,34
20613,0x090C,18,66
20613,0x090D,67,104
20613,0x090E,0,32
20613,0x090F,41,34
20613,0x0910,113,36
20613,0x0911,64,65
20613,0x0914,97,20
20613,0x0915,64,65
20613,0x0918,85,115
20613,0x0919,57,65
20613,0x091C,69,99
20613,0x091D,57,65
20613,0x0920,57,87
20613,0x0921,56,57
20613,0x0924,41,71
20613,0x0925,56,57
20613,0x0928,167,60
20613,0x0929,124,56
20613,0x092B,103,41
20613,0x092C,183,44
20613,0x092D,124,56
20613,0x092F,103,41
20613,0x0930,207,164
20613,0x0931,64,128
20613,0x0934,223,180
20613,0x0935,64,128
20613,0x0938,247,203
20613,0x0939,56,68
20613,0x093C,7,219
20613,0x093D,56,68
20613,0x0940,79,243
20613,0x0941,100,56
20613,0x0942,7,2
20613,0x0943,34,103
20613,0x0944,96,3
20613,0x0945,224,56
20613,0x0946,2,0
20613,0x0947,32,103
20613,0x0948,80,83
20613,0x0949,224,101
20613,0x094A,0,7
20613,0x094B,32,36
20613,0x0B03,234,170
20613,0x0B04,0,14
20613,0x0B24,126,127
20613,0x0B26,253,254
20613,0x0B28,250,252
20613,0x0B84,126,127
20613,0x0B86,253,254
20613,0x0B88,250,252
20613,0x0F99,253,254
20613,0x0F9D,253,254
20613,0x0FD1,253,254
20613,0x0FF0,253,254
20613,0x1000,128,192
20613,0x1024,3,5
20613,0x1026,2,8
20613,0x1033,64,62
20613,0x1064,90,86
20613,0x106C,31,45
20613,0x16D0,167,64
20613,0x16D1,34,36
20613,0x16D3,133,170
20613,0x16D4,75,73
20613,0x16D6,197,207
20613,0x16D9,2,24
20613,0x16E6,250,248
20613,0x16F5,136,134
20613,0x16F8,26,24
20613,0x1710,17,149
20613,0x1711,113,115
20613,0x1713,76,82
20613,0x1714,72,73
20613,0x1719,125,133
20613,0x1726,183,181
20613,0x1735,174,172
20613,0x1738,14,12
20613,0x1750,101,233
20613,0x1751,85,87
20613,0x1753,42,128
20613,0x1759,37,45
20613,0x1766,205,203
20613,0x1775,91,89
20613,0x1778,36,34
20613,0x1790,190,61
20613,0x1791,57,60
20613,0x1793,143,174
20613,0x1796,56,66
20613,0x1799,255,21
20613,0x179A,255,0
20613,0x179B,255,0
20613,0x17A6,227,225
20613,0x17B5,113,111
20613,0x17B8,3,1
20613,0x17F8,17,15
20613,0x1810,244,92
20613,0x1811,183,180
20613,0x1813,80,255
20613,0x1814,132,136
20613,0x1819,113,79
20613,0x1826,206,204
20613,0x1835,143,141
20613,0x1838,41,39
20613,0x1850,124,228
20613,0x1851,223,219
20613,0x1853,67,30
20613,0x1854,72,76
20613,0x1859,167,5
20613,0x185A,1,2
20613,0x1866,228,226
20613,0x1875,165,163
20613,0x1878,10,8
20613,0x1890,4,108
20613,0x1891,7,3
20613,0x18A6,250,248
20613,0x18B5,187,185
20613,0x18B8,14,12
20613,0x1B10,211,1
20613,0x1B11,83,87
20613,0x1B13,181,87
20613,0x1B14,104,105
20613,0x1B26,1,2
20613,0x1B27,2,4
20613,0x1B30,2,3
20615,0x0020,83,86
20615,0x0024,7,6
20615,0x0049,1,3
20615,0x0051,5,3
20615,0x0069,109,111
20615,0x006B,39,41
20615,0x006D,16,0
20615,0x007B,254,255
20615,0x00AD,254,0
20615,0x00B7,19,16
20615,0x00CD,32,143
20615,0x00CE,30,108
20615,0x00CF,27,72
20615,0x00D0,21,35
20615,0x0176,144,165
20615,0x0178,53,180
20615,0x017D,52,116
20615,0x01FE,171,157
20615,0x02F6,53,24
20615,0x0301,0,41
20615,0x0302,96,76
20615,0x0303,128,10
20615,0x0305,0,100
20615,0x0306,171,148
20615,0x0307,15,1
20615,0x0309,0,73
20615,0x030A,97,76
20615,0x030B,128,10
20615,0x030D,0,110
20615,0x030E,173,148
20615,0x030F,15,1
20615,0x0315,160,120
20615,0x031D,170,130
20615,0x0874,86,222
20615,0x0875,1,42
20615,0x0876,222,86
20615,0x0877,42,1
20615,0x0894,14,22
20615,0x0895,58,91
20615,0x0896,22,14
20615,0x0897,91,58
20615,0x0900,96,74
20615,0x0902,2,36
20615,0x0903,32,34
20615,0x0904,80,37
20615,0x0905,104,63
20615,0x0906,0,2
20615,0x0907,32,41
20615,0x0908,82,21
20615,0x0909,104,63
20615,0x090A,34,0
20615,0x090B,34,41
20615,0x090C,66,118
20615,0x090D,104,66
20615,0x090E,32,2
20615,0x090F,34,41
20615,0x0910,36,102
20615,0x0911,65,66
20615,0x0912,2,0
20615,0x0914,20,90
20615,0x0915,65,57
20615,0x0916,0,2
20615,0x0918,115,74
20615,0x0919,65,57
20615,0x091A,2,0
20615,0x091C,99,62
20615,0x091D,65,56
20615,0x091E,0,2
20615,0x0920,87,46
20615,0x0921,57,56
20615,0x0922,2,0
20615,0x0924,71,160
20615,0x0925,57,133
20615,0x0926,0,2
20615,0x0927,41,103
20615,0x0928,60,176
20615,0x0929,56,133
20615,0x092A,2,0
20615,0x092B,41,103
20615,0x092C,44,200
20615,0x092D,56,72
20615,0x092E,0,2
20615,0x092F,41,103
20615,0x0930,164,216
20615,0x0931,128,72
20615,0x0932,2,0
20615,0x0934,180,239
20615,0x0935,128,56
20615,0x0936,0,2
20615,0x0938,203,255
20615,0x0939,68,56
20615,0x093A,2,0
20615,0x093C,219,86
20615,0x093D,68,101
20615,0x093E,0,6
20615,0x093F,103,36
20615,0x0940,243,96
20615,0x0941,56,224
20615,0x0943,103,32
20615,0x0944,3,80
20615,0x0945,56,224
20615,0x0947,103,32
20615,0x0949,101,224
20615,0x0B03,170,42
20615,0x0B04,14,0
20615,0x0B26,254,255
20615,0x0B28,252,254
20615,0x0B86,254,255
20615,0x0B88,252,254
20615,0x0E82,5,4
20615,0x0F99,254,255
20615,0x0F9D,254,255
20615,0x0FD1,254,255
20615,0x0FF0,254,255
20615,0x1000,192,128
20615,0x1026,8,6
20615,0x1033,62,60
20615,0x1064,86,88
20615,0x106C,45,40
20615,0x16D0,64,237
20615,0x16D1,36,37
20615,0x16D3,170,251
20615,0x16D4,73,71
20615,0x16D6,207,217
20615,0x16D9,24,46
20615,0x16E6,248,246
20615,0x16F5,134,132
20615,0x16F8,24,22
20615,0x1710,149,25
20615,0x1711,115,118
20615,0x1713,82,104
20615,0x1714,73,74
20615,0x1719,133,141
20615,0x1726,181,179
20615,0x1735,172,170
20615,0x1738,12,10
20615,0x1750,233,109
20615,0x1751,87,90
20615,0x1753,128,230
20615,0x1759,45,53
20615,0x1766,203,201
20615,0x1775,89,87
20615,0x1778,34,32
20615,0x1790,61,193
20615,0x1791,60,62
20615,0x17A6,225,223
20615,0x17B5,111,109
20615,0x17B8,1,15
20615,0x17B9,0,6
20615,0x17BA,126,129
20615,0x17F8,15,13
20615,0x1810,92,196
20615,0x1811,180,176
20615,0x1813,255,106
20615,0x1814,136,141
20615,0x1819,79,45
20615,0x1826,204,202
20615,0x1835,141,139
20615,0x1838,39,37
20615,0x1850,228,76
20615,0x1851,219,216
20615,0x1853,30,181
20615,0x1854,76,80
20615,0x1859,5,99
20615,0x1866,226,224
20615,0x1875,163,161
20615,0x1878,8,6
20615,0x1890,108,212
20615,0x1891,3,255
20615,0x1892,1,0
20615,0x18A6,248,246
20615,0x18B5,185,183
20615,0x18B8,12,10
20615,0x1B10,1,47
20615,0x1B11,87,90
20615,0x1B13,87,249
20615,0x1B24,182,184
20615,0x1B26,2,1
20615,0x1B2C,61,56
20615,0x1B30,3,1
20617,0x0004,62,0
20617,0x0020,86,89
20617,0x0022,101,102
20617,0x0024,6,7
20617,0x0026,36,34
20617,0x0028,36,34
20617,0x0049,3,1
20617,0x0051,3,1
20617,0x0069,111,113
20617,0x006B,41,43
20617,0x007B,255,0
20617,0x007C,0,1
20617,0x00AD,0,2
20617,0x00B7,16,19
20617,0x00CD,143,146
20617,0x00CE,108,114
20617,0x00CF,72,82
20617,0x00D0,35,49
20617,0x0176,165,144
20617,0x0178,180,52
20617,0x017D,116,52
20617,0x02F6,24,39
20617,0x02FD,41,39
20617,0x0501,159,200
20617,0x0502,82,93
20617,0x0503,20,8
20617,0x0508,95,80
20617,0x0509,85,94
20617,0x050A,20,4
20617,0x050B,20,8
20617,0x050F,158,16
20617,0x0510,82,84
20617,0x0512,40,12
20617,0x0516,94,128
20617,0x0517,85,90
20617,0x0519,44,32
20617,0x051D,156,64
20617,0x051E,82,81
20617,0x0520,64,52
20617,0x0524,152,128
20617,0x0525,82,86
20617,0x0600,0,76
20617,0x0601,0,8
20617,0x0602,0,24
20617,0x0603,0,8
20617,0x0604,0,40
20617,0x0605,0,8
20617,0x0606,0,56
20617,0x0607,0,8
20617,0x0608,0,116
20617,0x0609,0,16
20617,0x060A,70,117
20617,0x060B,63,16
20617,0x060C,86,0
20617,0x060D,63,0
20617,0x060E,40,0
20617,0x060F,63,0
20617,0x0614,0,172
20617,0x0615,0,26
20617,0x0616,0,188
20617,0x0617,0,26
20617,0x0618,0,112
20617,0x0619,0,24
20617,0x061A,0,107
20617,0x061B,0,88
20617,0x061C,147,0
20617,0x061D,12,0
20617,0x061E,152,0
20617,0x061F,12,0
20617,0x0620,157,188
20617,0x0622,157,204
20617,0x0624,163,95
20617,0x0625,12,16
20617,0x0626,172,153
20617,0x0627,12,17
20617,0x0628,0,11
20617,0x0629,0,16
20617,0x062A,0,11
20617,0x062B,0,16
20617,0x062C,0,11
20617,0x062D,0,16
20617,0x062E,0,95
20617,0x062F,0,208
20617,0x0630,82,116
20617,0x0631,63,16
20617,0x0632,69,117
20617,0x0633,63,16
20617,0x0634,85,0
20617,0x0635,63,0
20617,0x0636,39,0
20617,0x0637,63,0
20617,0x063C,162,148
20617,0x063E,172,153
20617,0x0640,0,158
20617,0x0641,0,12
20617,0x0642,0,158
20617,0x0643,0,12
20617,0x0644,0,164
20617,0x0645,0,12
20617,0x0646,0,172
20617,0x0647,0,12
20617,0x0648,82,0
20617,0x0649,63,0
20617,0x064A,36,0
20617,0x064B,63,0
20617,0x064C,58,0
20617,0x064D,63,0
20617,0x064E,74,0
20617,0x064F,63,0
20617,0x0654,58,0
20617,0x0655,63,0
20617,0x0656,74,0
20617,0x0657,63,0
20617,0x0874,222,86
20617,0x0875,42,1
20617,0x0876,86,222
20617,0x0877,1,42
20617,0x0894,22,14
20617,0x0895,91,58
20617,0x0896,14,22
20617,0x0897,58,91
20617,0x0900,74,96
20617,0x0902,36,2
20617,0x0903,34,32
20617,0x0904,37,80
20617,0x0905,63,104
20617,0x0906,2,0
20617,0x0907,41,32
20617,0x0908,21,82
20617,0x0909,63,104
20617,0x090A,0,40
20617,0x090B,41,34
20617,0x090C,118,66
20617,0x090D,66,104
20617,0x090E,2,38
20617,0x090F,41,34
20617,0x0910,102,39
20617,0x0911,66,62
20617,0x0912,0,2
20617,0x0914,90,23
20617,0x0915,57,62
20617,0x0916,2,0
20617,0x0918,74,120
20617,0x0919,57,67
20617,0x091A,0,2
20617,0x091C,62,104
20617,0x091D,56,67
20617,0x091E,2,0
20617,0x0920,46,92
20617,0x0921,56,58
20617,0x0922,0,2
20617,0x0924,160,76
20617,0x0925,133,58
20617,0x0926,2,0
20617,0x0927,103,41
20617,0x0928,176,65
20617,0x0929,133,56
20617,0x092A,0,2
20617,0x092B,103,41
20617,0x092C,200,49
20617,0x092D,72,56
20617,0x092E,2,0
20617,0x092F,103,41
20617,0x0930,216,157
20617,0x0931,72,137
20617,0x0932,0,2
20617,0x0934,239,173
20617,0x0935,56,137
20617,0x0936,2,0
20617,0x0938,255,196
20617,0x0939,56,78
20617,0x093A,0,2
20617,0x093C,86,212
20617,0x093D,101,78
20617,0x093E,6,0
20617,0x093F,36,103
20617,0x0940,96,236
20617,0x0941,224,56
20617,0x0943,32,103
20617,0x0944,80,252
20617,0x0945,224,56
20617,0x0947,32,103
20617,0x0948,83,89
20617,0x0949,224,102
20617,0x094B,36,34
20617,0x0B03,42,170
20617,0x0B04,0,10
20617,0x0B22,63,64
20617,0x0B24,127,128
20617,0x0B26,255,0
20617,0x0B27,0,1
20617,0x0B28,254,0
20617,0x0B29,1,2
20617,0x0B82,63,64
20617,0x0B84,127,128
20617,0x0B86,255,0
20617,0x0B87,0,1
20617,0x0B88,254,0
20617,0x0B89,1,2
20617,0x0F99,255,0
20617,0x0F9A,0,1
20617,0x0F9D,255,0
20617,0x0F9E,0,1
20617,0x0FD1,255,0
20617,0x0FD2,0,1
20617,0x0FF0,255,0
20617,0x0FF1,0,1
20617,0x1000,128,192
20617,0x1026,6,4
20617,0x1033,60,58
20617,0x1064,88,90
20617,0x106C,40,31
20617,0x16D0,237,174
20617,0x16D1,37,39
20617,0x16D3,251,120
20617,0x16D4,71,70
20617,0x16D6,217,227
20617,0x16D9,46,68
20617,0x16E6,246,244
20617,0x16F5,132,130
20617,0x16F8,22,20
20617,0x1710,25,157
20617,0x1711,118,120
20617,0x1713,104,142
20617,0x1714,74,75
20617,0x1719,141,149
20617,0x1726,179,177
20617,0x1735,170,168
20617,0x1738,10,8
20617,0x1750,109,241
20617,0x1751,90,92
20617,0x1753,230,92
20617,0x1754,65,66
20617,0x1759,53,61
20617,0x1766,201,199
20617,0x1775,87,85
20617,0x1778,32,30
20617,0x1790,193,69
20617,0x1791,62,65
20617,0x17A6,223,221
20617,0x17B5,109,107
20617,0x17B8,15,13
20617,0x17F8,13,11
20617,0x1810,196,44
20617,0x1811,176,173
20617,0x1813,106,145
20617,0x1814,141,145
20617,0x1819,45,11
20617,0x1826,202,200
20617,0x1835,139,137
20617,0x1838,37,35
20617,0x1850,76,180
20617,0x1851,216,212
20617,0x1853,181,8
20617,0x1854,80,86
20617,0x1859,99,193
20617,0x1866,224,222
20617,0x1875,161,159
20617,0x1878,6,4
20617,0x1890,212,60
20617,0x1891,255,252
20617,0x18A6,246,244
20617,0x18B5,183,181
20617,0x18B8,10,8
20617,0x1B10,47,93
20617,0x1B11,90,93
20617,0x1B13,249,155
20617,0x1B14,105,106
20617,0x1B24,184,182
20617,0x1B27,4,2
20617,0x1B2C,56,61
20617,0x1B30,1,2
20619,0x0020,89,92
20619,0x0022,102,103
20619,0x0026,34,36
20619,0x0028,34,36
20619,0x0049,1,3
20619,0x0051,1,5
20619,0x0069,113,115
20619,0x006B,43,45
20619,0x007B,0,1
20619,0x00AD,2,4
20619,0x00B7,19,17
20619,0x00CD,146,149
20619,0x00CE,114,120
20619,0x00CF,82,92
20619,0x00D0,49,63
20619,0x0176,144,165
20619,0x0178,52,180
20619,0x01FE,157,171
20619,0x023D,37,52
20619,0x023E,91,111
20619,0x02F6,39,32
20619,0x02FB,1,2
20619,0x02FD,39,41
20619,0x0305,100,140
20619,0x030D,110,150
20619,0x0315,120,160
20619,0x031D,130,170
20619,0x0321,105,38
20619,0x0322,76,79
20619,0x0323,10,20
20619,0x0325,120,56
20619,0x0326,148,146
20619,0x0329,137,70
20619,0x032A,76,79
20619,0x032B,10,20
20619,0x032D,130,76
20619,0x032E,148,146
20619,0x0331,38,102
20619,0x0335,192,96
20619,0x0336,145,146
20619,0x071A,165,94
20619,0x071B,28,115
20619,0x071C,60,30
20619,0x071D,1,0
20619,0x071E,62,8
20619,0x071F,2,0
20619,0x0874,86,222
20619,0x0875,1,42
20619,0x0876,222,86
20619,0x0877,42,1
20619,0x0894,14,22
20619,0x0895,58,91
20619,0x0896,22,14
20619,0x0897,91,58
20619,0x0900,96,82
20619,0x0902,2,34
20619,0x0903,32,34
20619,0x0904,80,66
20619,0x0906,0,32
20619,0x0907,32,34
20619,0x0908,82,41
20619,0x0909,104,61
20619,0x090A,40,2
20619,0x090B,34,41
20619,0x090C,66,25
20619,0x090D,104,61
20619,0x090E,38,0
20619,0x090F,34,41
20619,0x0910,39,123
20619,0x0911,62,68
20619,0x0914,23,107
20619,0x0915,62,68
20619,0x0918,120,95
20619,0x0919,67,58
20619,0x091C,104,79
20619,0x091D,67,58
20619,0x0920,92,67
20619,0x0921,58,56
20619,0x0924,76,51
20619,0x0925,58,56
20619,0x0928,65,153
20619,0x0929,56,141
20619,0x092B,41,103
20619,0x092C,49,169
20619,0x092D,56,141
20619,0x092F,41,103
20619,0x0930,157,193
20619,0x0931,137,84
20619,0x0934,173,209
20619,0x0935,137,84
20619,0x0938,196,232
20619,0x0939,78,56
20619,0x093C,212,248
20619,0x093D,78,56
20619,0x0940,236,92
20619,0x0941,56,103
20619,0x0942,2,7
20619,0x0943,103,36
20619,0x0944,252,96
20619,0x0945,56,224
20619,0x0946,0,2
20619,0x0947,103,32
20619,0x0948,89,80
20619,0x0949,102,224
20619,0x094A,7,0
20619,0x094B,34,32
20619,0x0B04,10,0
20619,0x0B26,0,1
20619,0x0B28,0,2
20619,0x0B86,0,1
20619,0x0B88,0,2
20619,0x0F99,0,1
20619,0x0F9D,0,1
20619,0x0FD1,0,1
20619,0x0FF0,0,1
20619,0x1000,192,128
20619,0x1026,4,2
20619,0x1033,58,56
20619,0x1064,90,86
20619,0x106C,31,45
20619,0x16D0,174,131
20619,0x16D1,39,41
20619,0x16D3,120,33
20619,0x16D4,70,69
20619,0x16D6,227,237
20619,0x16D9,68,90
20619,0x16E6,244,242
20619,0x16F5,130,128
20619,0x16F8,20,18
20619,0x1710,157,33
20619,0x1711,120,123
20619,0x1713,142,196
20619,0x1714,75,76
20619,0x1719,149,157
20619,0x1726,177,175
20619,0x1735,168,166
20619,0x1738,8,6
20619,0x1750,241,117
20619,0x1751,92,95
20619,0x1753,92,226
20619,0x1759,61,69
20619,0x1766,199,197
20619,0x1775,85,83
20619,0x1778,30,28
20619,0x1790,69,201
20619,0x1791,65,67
20619,0x17A6,221,219
20619,0x17B5,107,105
20619,0x17B8,13,11
20619,0x17F8,11,9
20619,0x1810,44,148
20619,0x1811,173,169
20619,0x1813,145,116
20619,0x1814,145,149
20619,0x1819,11,233
20619,0x181A,2,1
20619,0x1826,200,198
20619,0x1835,137,135
20619,0x1838,35,33
20619,0x1850,180,28
20619,0x1851,212,209
20619,0x1853,8,23
20619,0x1854,86,92
20619,0x1859,193,31
20619,0x185A,2,3
20619,0x1866,222,220
20619,0x1875,159,157
20619,0x1878,4,2
20619,0x1890,60,164
20619,0x1891,252,248
20619,0x18A6,244,242
20619,0x18B5,181,179
20619,0x18B8,8,6
20619,0x1B10,93,139
20619,0x1B11,93,96
20619,0x1B13,155,61
20619,0x1B14,106,107
20619,0x1B26,1,2
20619,0x1B27,2,4
20619,0x1B30,2,3
20621,0x0020,92,95
20621,0x0024,7,6
20621,0x0049,3,1
20621,0x0051,5,3
20621,0x0069,115,117
20621,0x006B,45,47
20621,0x006D,0,16
20621,0x007B,1,2
20621,0x00AD,4,6
20621,0x00B7,17,18
20621,0x00CD,149,152
20621,0x00CE,120,126
20621,0x00CF,92,102
20621,0x00D0,63,77
20621,0x0176,165,144
20621,0x0178,180,52
20621,0x02F6,32,44
20621,0x02FB,2,1
20621,0x0301,41,0
20621,0x0302,76,96
20621,0x0303,10,128
20621,0x0305,140,128
20621,0x0306,148,170
20621,0x0307,1,15
20621,0x0309,73,0
20621,0x030A,76,97
20621,0x030B,10,128
20621,0x030D,150,128
20621,0x030E,148,172
20621,0x030F,1,15
20621,0x0874,222,86
20621,0x0875,42,1
20621,0x0876,86,222
20621,0x0877,1,42
20621,0x0894,22,14
20621,0x0895,91,58
20621,0x0896,14,22
20621,0x0897,58,91
20621,0x0900,82,96
20621,0x0902,34,2
20621,0x0903,34,32
20621,0x0904,66,80
20621,0x0906,32,0
20621,0x0907,34,32
20621,0x0908,41,74
20621,0x0909,61,104
20621,0x090A,2,36
20621,0x090B,41,34
20621,0x090C,25,43
20621,0x090D,61,59
20621,0x090E,0,2
20621,0x0910,123,27
20621,0x0911,68,59
20621,0x0912,2,0
20621,0x0914,107,125
20621,0x0915,68,70
20621,0x0916,0,2
20621,0x0918,95,109
20621,0x0919,58,70
20621,0x091A,2,0
20621,0x091C,79,97
20621,0x091D,58,59
20621,0x091E,0,2
20621,0x0920,67,81
20621,0x0921,56,59
20621,0x0922,2,0
20621,0x0924,51,70
20621,0x0926,0,2
20621,0x0928,153,54
20621,0x0929,141,56
20621,0x092A,2,0
20621,0x092B,103,41
20621,0x092C,169,149
20621,0x092D,141,145
20621,0x092E,0,2
20621,0x0930,193,165
20621,0x0931,84,145
20621,0x0932,2,0
20621,0x0934,209,189
20621,0x0935,84,90
20621,0x0936,0,2
20621,0x0938,232,205
20621,0x0939,56,90
20621,0x093A,2,0
20621,0x093C,248,229
20621,0x093E,0,2
20621,0x0940,92,245
20621,0x0941,103,56
20621,0x0942,7,0
20621,0x0943,36,103
20621,0x0944,96,95
20621,0x0945,224,103
20621,0x0946,2,6
20621,0x0947,32,36
20621,0x0B04,0,2
20621,0x0B24,128,129
20621,0x0B26,1,2
20621,0x0B28,2,4
20621,0x0B84,128,129
20621,0x0B86,1,2
20621,0x0B88,2,4
20621,0x0F99,1,2
20621,0x0F9D,1,2
20621,0x0FD1,1,2
20621,0x0FF0,1,2
20621,0x1000,128,192
20621,0x1024,5,7
20621,0x1026,2,8
20621,0x1033,56,54
20621,0x1064,86,88
20621,0x106C,45,40
20621,0x16D0,131,108
20621,0x16D1,41,43
20621,0x16D3,33,246
20621,0x16D4,69,67
20621,0x16D6,237,247
20621,0x16D9,90,112
20621,0x16E6,242,240
20621,0x16F5,128,126
20621,0x16F8,18,16
20621,0x1710,33,165
20621,0x1711,123,125
20621,0x1713,196,10
20621,0x1714,76,78
20621,0x1719,157,165
20621,0x1726,175,173
20621,0x1735,166,164
20621,0x1738,6,4
20621,0x1750,117,249
20621,0x1751,95,97
20621,0x1753,226,120
20621,0x1754,66,67
20621,0x1759,69,77
20621,0x1766,197,195
20621,0x1775,83,81
20621,0x1778,28,26
20621,0x1790,201,77
20621,0x1791,67,70
20621,0x17A6,219,217
20621,0x17B5,105,103
20621,0x17B8,11,9
20621,0x17F8,9,7
20621,0x1810,148,252
20621,0x1811,169,165
20621,0x1813,116,19
20621,0x1814,149,153
20621,0x1819,233,199
20621,0x1826,198,196
20621,0x1835,135,133
20621,0x1838,33,31
20621,0x1850,28,132
20621,0x1851,209,205
20621,0x1853,23,162
20621,0x1854,92,98
20621,0x1859,31,61
20621,0x185D,47,239
20621,0x1866,220,218
20621,0x1875,157,155
20621,0x1878,2,53
20621,0x187A,99,103
20621,0x1890,164,12
20621,0x1891,248,245
20621,0x18A6,242,240
20621,0x18B5,179,177
20621,0x18B8,6,4
20621,0x1B10,139,185
20621,0x1B11,96,99
20621,0x1B13,61,223
20621,0x1B24,182,184
20621,0x1B26,2,1
20621,0x1B2C,61,56
20621,0x1B30,3,1
20623,0x0020,95,98
20623,0x0022,103,104
20623,0x0024,6,7
20623,0x0026,36,34
20623,0x0028,36,34
20623,0x0049,1,3
20623,0x0051,3,1
20623,0x0069,117,119
20623,0x006B,47,49
20623,0x006D,16,0
20623,0x007B,2,3
20623,0x00AD,6,8
20623,0x00B7,18,17
20623,0x00CD,152,155
20623,0x00CE,126,132
20623,0x00CF,102,112
20623,0x00D0,77,91
20623,0x0176,144,165
20623,0x0178,52,180
20623,0x01FE,171,157
20623,0x02F6,44,24
20623,0x02FD,41,39
20623,0x0301,0,41
20623,0x0302,96,76
20623,0x0303,128,10
20623,0x0305,128,100
20623,0x0306,170,148
20623,0x0307,15,1
20623,0x0309,0,73
20623,0x030A,97,76
20623,0x030B,128,10
20623,0x030D,128,110
20623,0x030E,172,148
20623,0x030F,15,1
20623,0x0315,160,120
20623,0x031D,170,130
20623,0x0874,86,222
20623,0x0875,1,42
20623,0x0876,222,86
20623,0x0877,42,1
20623,0x0894,14,22
20623,0x0895,58,91
20623,0x0896,22,14
20623,0x0897,91,58
20623,0x0900,96,82
20623,0x0902,2,40
20623,0x0903,32,34
20623,0x0904,80,66
20623,0x0906,0,38
20623,0x0907,32,34
20623,0x0908,74,45
20623,0x0909,104,58
20623,0x090A,36,2
20623,0x090B,34,41
20623,0x090C,43,29
20623,0x090D,59,58
20623,0x090E,2,0
20623,0x0910,27,128
20623,0x0911,59,71
20623,0x0912,0,2
20623,0x0914,125,112
20623,0x0915,70,71
20623,0x0916,2,0
20623,0x0918,109,100
20623,0x0919,70,60
20623,0x091A,0,2
20623,0x091C,97,84
20623,0x091D,59,60
20623,0x091E,2,0
20623,0x0920,81,72
20623,0x0921,59,56
20623,0x0922,0,2
20623,0x0924,70,56
20623,0x0926,2,0
20623,0x0928,54,146
20623,0x0929,56,148
20623,0x092A,0,2
20623,0x092B,41,103
20623,0x092C,149,162
20623,0x092D,145,148
20623,0x092E,2,0
20623,0x0930,165,185
20623,0x0931,145,96
20623,0x0932,0,2
20623,0x0934,189,201
20623,0x0935,90,96
20623,0x0936,2,0
20623,0x0938,205,225
20623,0x0939,90,56
20623,0x093A,0,2
20623,0x093C,229,241
20623,0x093E,2,0
20623,0x0940,245,98
20623,0x0941,56,104
20623,0x0942,0,7
20623,0x0943,103,34
20623,0x0944,95,96
20623,0x0945,103,224
20623,0x0946,6,2
20623,0x0947,36,32
20623,0x0B04,2,0
20623,0x0B26,2,3
20623,0x0B28,4,6
20623,0x0B86,2,3
20623,0x0B88,4,6
20623,0x0E82,4,3
20623,0x0F99,2,3
20623,0x0F9D,2,3
20623,0x0FD1,2,3
20623,0x0FF0,2,3
20623,0x1000,192,128
20623,0x1026,8,6
20623,0x1033,54,52
20623,0x1064,88,90
20623,0x106C,40,31
20623,0x16D0,108,105
20623,0x16D1,43,45
20623,0x16D3,246,247
20623,0x16D4,67,66
20623,0x16D6,247,1
20623,0x16D7,0,1
20623,0x16D9,112,134
20623,0x16E6,240,238
20623,0x16F5,126,124
20623,0x16F8,16,14
20623,0x1710,165,41
20623,0x1711,125,128
20623,0x1713,10,96
20623,0x1714,78,79
20623,0x1719,165,173
20623,0x1726,173,171
20623,0x1735,164,162
20623,0x1738,4,2
20623,0x1750,249,125
20623,0x1751,97,100
20623,0x1753,120,30
20623,0x1754,67,68
20623,0x1759,77,85
20623,0x1766,195,193
20623,0x1775,81,79
20623,0x1778,26,24
20623,0x1790,77,209
20623,0x1791,70,72
20623,0x17A6,217,215
20623,0x17B5,103,101
20623,0x17B8,9,7
20623,0x17F8,7,5
20623,0x1810,252,100
20623,0x1811,165,162
20623,0x1813,19,110
20623,0x1814,153,156
20623,0x1819,199,165
20623,0x1826,196,194
20623,0x1835,133,131
20623,0x1838,31,29
20623,0x1850,132,236
20623,0x1851,205,201
20623,0x1853,162,233
20623,0x1854,98,104
20623,0x1859,61,27
20623,0x1866,218,216
20623,0x1875,155,153
20623,0x1878,53,51
20623,0x1890,12,116
20623,0x1891,245,241
20623,0x18A6,240,238
20623,0x18B5,177,175
20623,0x18B8,4,2
20623,0x1B10,185,231
20623,0x1B11,99,102
20623,0x1B13,223,129
20623,0x1B14,107,108
20623,0x1B24,184,182
20623,0x1B27,4,2
20623,0x1B2C,56,61
20623,0x1B30,1,2
20625,0x0004,0,2
20625,0x0020,98,102
20625,0x0022,104,105
20625,0x0026,34,36
20625,0x0028,34,36
20625,0x0049,3,1
20625,0x0051,1,5
20625,0x0069,119,121
20625,0x006B,49,51
20625,0x007B,3,4
20625,0x00AD,8,10
20625,0x00B7,17,19
20625,0x00CD,155,158
20625,0x00CE,132,138
20625,0x00CF,112,122
20625,0x00D0,91,105
20625,0x0176,165,144
20625,0x0178,180,52
20625,0x023E,111,123
20625,0x02F6,24,32
20625,0x02FB,1,2
20625,0x02FD,39,41
20625,0x0501,200,129
20625,0x0502,93,86
20625,0x0503,8,20
20625,0x0600,76,0
20625,0x0601,8,0
20625,0x0602,24,0
20625,0x0603,8,0
20625,0x0604,40,0
20625,0x0605,8,0
20625,0x0606,56,0
20625,0x0607,8,0
20625,0x0608,116,0
20625,0x0609,16,0
20625,0x060A,117,0
20625,0x060B,16,0
20625,0x071A,94,90
20625,0x071B,115,107
20625,0x071C,30,10
20625,0x071E,8,0
20625,0x0874,222,86
20625,0x0875,42,1
20625,0x0876,86,222
20625,0x0877,1,42
20625,0x0894,22,14
20625,0x0895,91,58
20625,0x0896,14,22
20625,0x0897,58,91
20625,0x0900,82,96
20625,0x0902,40,2
20625,0x0903,34,32
20625,0x0904,66,80
20625,0x0906,38,0
20625,0x0907,34,32
20625,0x0908,45,82
20625,0x0909,58,104
20625,0x090A,2,34
20625,0x090B,41,34
20625,0x090C,29,66
20625,0x090D,58,104
20625,0x090E,0,32
20625,0x090F,41,34
20625,0x0910,128,47
20625,0x0911,71,58
20625,0x0914,112,31
20625,0x0915,71,58
20625,0x0918,100,130
20625,0x0919,60,72
20625,0x091C,84,114
20625,0x091D,60,72
20625,0x0920,72,103
20625,0x0921,56,60
20625,0x0924,56,87
20625,0x0925,56,60
20625,0x0928,146,75
20625,0x0929,148,56
20625,0x092B,103,41
20625,0x092C,162,59
20625,0x092D,148,56
20625,0x092F,103,41
20625,0x0930,185,142
20625,0x0931,96,151
20625,0x0934,201,158
20625,0x0935,96,151
20625,0x0938,225,182
20625,0x0939,56,102
20625,0x093C,241,198
20625,0x093D,56,102
20625,0x0940,98,221
20625,0x0941,104,56
20625,0x0942,7,2
20625,0x0943,34,103
20625,0x0944,96,237
20625,0x0945,224,56
20625,0x0946,2,0
20625,0x0947,32,103
20625,0x0948,80,102
20625,0x0949,224,105
20625,0x094A,0,7
20625,0x094B,32,36
20625,0x0B04,0,10
20625,0x0B22,64,65
20625,0x0B24,129,130
20625,0x0B26,3,4
20625,0x0B28,6,8
20625,0x0B82,64,65
20625,0x0B84,129,130
20625,0x0B86,3,4
20625,0x0B88,6,8
20625,0x0F99,3,4
20625,0x0F9D,3,4
20625,0x0FD1,3,4
20625,0x0FF0,3,4
20625,0x1000,128,192
20625,0x1026,6,4
20625,0x1033,52,50
20625,0x1064,90,86
20625,0x106C,31,45
20625,0x16D0,105,122
20625,0x16D1,45,47
20625,0x16D3,247,36
20625,0x16D6,1,11
20625,0x16D9,134,156
20625,0x16E6,238,236
20625,0x16F5,124,122
20625,0x16F8,14,12
20625,0x1710,41,176
20625,0x1711,128,130
20625,0x1713,96,191
20625,0x1714,79,80
20625,0x1716,66,69
20625,0x1719,173,174
20625,0x171C,5,3
20625,0x171D,4,253
20625,0x1726,171,169
20625,0x1735,162,160
20625,0x1738,2,38
20625,0x1739,2,0
20625,0x173A,133,138
20625,0x1750,125,1
20625,0x1751,100,103
20625,0x1753,30,212
20625,0x1759,85,93
20625,0x1766,193,191
20625,0x1775,79,77
20625,0x1778,24,22
20625,0x1790,209,85
20625,0x1791,72,75
20625,0x17A6,215,213
20625,0x17B5,101,99
20625,0x17B8,7,5
20625,0x17F8,5,3
20625,0x1810,100,204
20625,0x1811,162,158
20625,0x1813,110,133
20625,0x1814,156,159
20625,0x1819,165,131
20625,0x1826,194,192
20625,0x1835,131,129
20625,0x1838,29,27
20625,0x1850,236,84
20625,0x1851,201,198
20625,0x1853,233,236
20625,0x1854,104,110
20625,0x1859,27,249
20625,0x185A,3,2
20625,0x1866,216,214
20625,0x1875,153,151
20625,0x1878,51,49
20625,0x1890,116,220
20625,0x1891,241,237
20625,0x1893,0,47
20625,0x1899,0,47
20625,0x189D,0,47
20625,0x18A6,238,236
20625,0x18B5,175,173
20625,0x18B8,2,18
20625,0x18B9,6,2
20625,0x18BA,95,99
20625,0x1B10,231,21
20625,0x1B11,102,106
20625,0x1B13,129,35
20625,0x1B14,108,109
20625,0x1B26,1,2
20625,0x1B27,2,4
20625,0x1B30,2,3
20627,0x0020,102,105
20627,0x0024,7,6
20627,0x0049,1,3
20627,0x0051,5,3
20627,0x0069,121,123
20627,0x006B,51,53
20627,0x007B,4,5
20627,0x00AD,10,12
20627,0x00B7,19,16
20627,0x00CD,158,161
20627,0x00CE,138,144
20627,0x00CF,122,132
20627,0x00D0,105,119
20627,0x0176,144,165
20627,0x0178,52,180
20627,0x01FE,157,171
20627,0x02F6,32,24
20627,0x02FB,2,1
20627,0x0305,100,140
20627,0x030D,110,150
20627,0x0315,120,160
20627,0x031D,130,170
20627,0x0874,86,222
20627,0x0875,1,42
20627,0x0876,222,86
20627,0x0877,42,1
20627,0x0894,14,22
20627,0x0895,58,91
20627,0x0896,22,14
20627,0x0897,91,58
20627,0x0900,96,74
20627,0x0902,2,36
20627,0x0903,32,34
20627,0x0904,80,49
20627,0x0905,104,57
20627,0x0906,0,2
20627,0x0907,32,41
20627,0x0908,82,33
20627,0x0909,104,57
20627,0x090A,34,0
20627,0x090B,34,41
20627,0x090C,66,133
20627,0x090D,104,74
20627,0x090E,32,2
20627,0x090F,34,41
20627,0x0910,47,117
20627,0x0911,58,74
20627,0x0912,2,0
20627,0x0914,31,105
20627,0x0915,58,61
20627,0x0916,0,2
20627,0x0918,130,89
20627,0x0919,72,61
20627,0x091A,2,0
20627,0x091C,114,77
20627,0x091D,72,56
20627,0x091E,0,2
20627,0x0920,103,61
20627,0x0921,60,56
20627,0x0922,2,0
20627,0x0924,87,139
20627,0x0925,60,154
20627,0x0926,0,2
20627,0x0927,41,103
20627,0x0928,75,155
20627,0x0929,56,154
20627,0x092A,2,0
20627,0x092B,41,103
20627,0x092C,59,178
20627,0x092D,56,108
20627,0x092E,0,2
20627,0x092F,41,103
20627,0x0930,142,194
20627,0x0931,151,108
20627,0x0932,2,0
20627,0x0934,158,218
20627,0x0935,151,57
20627,0x0936,0,2
20627,0x0938,182,234
20627,0x0939,102,57
20627,0x093A,2,0
20627,0x093C,198,105
20627,0x093D,102,105
20627,0x093E,0,6
20627,0x093F,103,36
20627,0x0940,221,96
20627,0x0941,56,224
20627,0x0943,103,32
20627,0x0944,237,80
20627,0x0945,56,224
20627,0x0947,103,32
20627,0x0949,105,224
20627,0x0B03,170,42
20627,0x0B04,10,0
20627,0x0B26,4,5
20627,0x0B28,8,10
20627,0x0B86,4,5
20627,0x0B88,8,10
20627,0x0F99,4,5
20627,0x0F9D,4,5
20627,0x0FD1,4,5
20627,0x0FF0,4,5
20627,0x1000,192,128
20627,0x1026,4,2
20627,0x1033,50,48
20627,0x1064,86,88
20627,0x106C,45,40
20627,0x16D0,122,159
20627,0x16D1,47,49
20627,0x16D3,36,125
20627,0x16D4,66,65
20627,0x16D6,11,21
20627,0x16D9,156,178
20627,0x16E6,236,234
20627,0x16F5,122,120
20627,0x16F8,12,10
20627,0x1710,176,67
20627,0x1711,130,133
20627,0x1713,191,18
20627,0x1714,80,82
20627,0x1716,69,75
20627,0x1719,174,168
20627,0x1726,169,167
20627,0x1735,160,158
20627,0x1738,38,36
20627,0x1750,1,133
20627,0x1751,103,105
20627,0x1753,212,154
20627,0x1754,68,69
20627,0x1759,93,101
20627,0x1766,191,189
20627,0x1775,77,75
20627,0x1778,22,20
20627,0x1790,85,217
20627,0x1791,75,77
20627,0x17A6,213,211
20627,0x17B5,99,97
20627,0x17B8,5,3
20627,0x17F8,3,1
20627,0x1810,204,52
20627,0x1811,158,155
20627,0x1813,133,88
20627,0x1814,159,162
20627,0x1819,131,97
20627,0x1826,192,190
20627,0x1835,129,127
20627,0x1838,27,25
20627,0x1850,84,188
20627,0x1851,198,194
20627,0x1853,236,171
20627,0x1854,110,116
20627,0x1859,249,215
20627,0x1866,214,212
20627,0x1875,151,149
20627,0x1878,49,47
20627,0x1890,220,68
20627,0x1891,237,234
20627,0x1893,47,26
20627,0x1894,64,65
20627,0x1899,47,141
20627,0x18A6,236,234
20627,0x18B5,173,171
20627,0x18B8,18,16
20627,0x1B10,21,67
20627,0x1B11,106,109
20627,0x1B13,35,197
20627,0x1B24,182,184
20627,0x1B26,2,1
20627,0x1B2C,61,56
20627,0x1B30,3,1
20629,0x0020,105,108
20629,0x0022,105,106
20629,0x0024,6,7
20629,0x0026,36,34
20629,0x0028,36,34
20629,0x0049,3,1
20629,0x0051,3,1
20629,0x0069,123,125
20629,0x006B,53,55
20629,0x006D,0,16
20629,0x007B,5,6
20629,0x00AD,12,14
20629,0x00B7,16,19
20629,0x00CA,7,8
20629,0x00CD,161,164
20629,0x00CE,144,150
20629,0x00CF,132,142
20629,0x00D0,119,133
20629,0x0176,165,144
20629,0x0178,180,52
20629,0x017D,52,116
20629,0x02F6,24,39
20629,0x0301,41,0
20629,0x0302,76,96
20629,0x0303,10,128
20629,0x0305,140,0
20629,0x0306,148,170
20629,0x0307,1,15
20629,0x0309,73,0
20629,0x030A,76,97
20629,0x030B,10,128
20629,0x030D,150,0
20629,0x030E,148,172
20629,0x030F,1,15
20629,0x0874,222,86
20629,0x0875,42,1
20629,0x0876,86,222
20629,0x0877,1,42
20629,0x0894,22,14
20629,0x0895,91,58
20629,0x0896,14,22
20629,0x0897,58,91
20629,0x0900,74,96
20629,0x0902,36,2
20629,0x0903,34,32
20629,0x0904,49,80
20629,0x0905,57,104
20629,0x0906,2,0
20629,0x0907,41,32
20629,0x0908,33,82
20629,0x0909,57,104
20629,0x090A,0,40
20629,0x090B,41,34
20629,0x090C,133,66
20629,0x090D,74,104
20629,0x090E,2,38
20629,0x090F,41,34
20629,0x0910,117,51
20629,0x0911,74,57
20629,0x0912,0,2
20629,0x0914,105,35
20629,0x0915,61,57
20629,0x0916,2,0
20629,0x0918,89,135
20629,0x0919,61,75
20629,0x091A,0,2
20629,0x091C,77,119
20629,0x091D,56,75
20629,0x091E,2,0
20629,0x0920,61,108
20629,0x0921,56,62
20629,0x0922,0,2
20629,0x0924,139,92
20629,0x0925,154,62
20629,0x0926,2,0
20629,0x0927,103,41
20629,0x0928,155,80
20629,0x0929,154,56
20629,0x092A,0,2
20629,0x092B,103,41
20629,0x092C,178,64
20629,0x092D,108,56
20629,0x092E,2,0
20629,0x092F,103,41
20629,0x0930,194,135
20629,0x0931,108,156
20629,0x0932,0,2
20629,0x0934,218,151
20629,0x0935,57,156
20629,0x0936,2,0
20629,0x0938,234,175
20629,0x0939,57,114
20629,0x093A,0,2
20629,0x093C,105,191
20629,0x093D,105,114
20629,0x093E,6,0
20629,0x093F,36,103
20629,0x0940,96,214
20629,0x0941,224,58
20629,0x0943,32,103
20629,0x0944,80,230
20629,0x0945,224,58
20629,0x0947,32,103
20629,0x0948,102,108
20629,0x0949,224,106
20629,0x094B,36,34
20629,0x0B03,42,170
20629,0x0B04,0,10
20629,0x0B24,130,131
20629,0x0B26,5,6
20629,0x0B28,10,12
20629,0x0B84,130,131
20629,0x0B86,5,6
20629,0x0B88,10,12
20629,0x0F99,5,6
20629,0x0F9D,5,6
20629,0x0FD1,5,6
20629,0x0FF0,5,6
20629,0x1000,128,192
20629,0x1024,7,9
20629,0x1026,2,8
20629,0x1033,48,46
20629,0x1064,88,90
20629,0x106C,40,31
20629,0x16D0,159,216
20629,0x16D1,49,51
20629,0x16D3,125,2
20629,0x16D6,21,31
20629,0x16D9,178,200
20629,0x16E6,234,232
20629,0x16F5,120,118
20629,0x16F8,10,8
20629,0x1710,67,226
20629,0x1711,133,135
20629,0x1713,18,89
20629,0x1714,82,83
20629,0x1716,75,81
20629,0x1719,168,162
20629,0x1726,167,165
20629,0x1735,158,156
20629,0x1738,36,34
20629,0x1750,133,9
20629,0x1751,105,108
20629,0x1753,154,112
20629,0x1754,69,70
20629,0x1759,101,109
20629,0x1766,189,187
20629,0x1775,75,73
20629,0x1778,20,18
20629,0x1790,217,93
20629,0x1791,77,80
20629,0x17A6,211,209
20629,0x17B5,97,95
20629,0x17B8,3,1
20629,0x17C0,128,136
20629,0x17C1,165,74
20629,0x17C2,175,176
20629,0x17C4,0,54
20629,0x17C5,0,177
20629,0x17C6,0,2
20629,0x17C8,0,3
20629,0x17CA,0,2
20629,0x17CB,0,3
20629,0x17CC,0,9
20629,0x17D1,0,16
20629,0x17D2,0,1
20629,0x17D4,0,64
20629,0x17D6,0,52
20629,0x17D7,0,254
20629,0x17D8,0,255
20629,0x17DE,0,9
20629,0x17DF,0,12
20629,0x17E0,0,154
20629,0x17E1,0,2
20629,0x17E7,0,6
20629,0x17E9,0,1
20629,0x17EA,0,238
20629,0x17EB,0,4
20629,0x17F1,1,0
20629,0x17F5,0,192
20629,0x17F6,0,110
20629,0x17F8,1,0
20629,0x17FA,0,92
20629,0x17FB,0,193
20629,0x1810,52,156
20629,0x1811,155,151
20629,0x1813,88,231
20629,0x1814,162,164
20629,0x1819,97,63
20629,0x1826,190,188
20629,0x1835,127,125
20629,0x1838,25,23
20629,0x1850,188,36
20629,0x1851,194,191
20629,0x1853,171,38
20629,0x1854,116,122
20629,0x1859,215,181
20629,0x1866,212,210
20629,0x1875,149,147
20629,0x1878,47,45
20629,0x1890,68,172
20629,0x1891,234,230
20629,0x1893,26,193
20629,0x1894,65,66
20629,0x1899,141,235
20629,0x18A6,234,232
20629,0x18B5,171,169
20629,0x18B8,16,14
20629,0x1B10,67,113
20629,0x1B11,109,112
20629,0x1B13,197,103
20629,0x1B14,109,110
20629,0x1B24,184,182
20629,0x1B27,4,2
20629,0x1B2C,56,61
20629,0x1B30,1,2
20631,0x0020,108,111
20631,0x0022,106,107
20631,0x0026,34,36
20631,0x0028,34,36
20631,0x0049,1,3
20631,0x0051,1,11
20631,0x0069,125,127
20631,0x006B,55,57
20631,0x006D,16,0
20631,0x007B,6,7
20631,0x00AD,14,16
20631,0x00CD,164,167
20631,0x00CE,150,156
20631,0x00CF,142,152
20631,0x00D0,133,147
20631,0x0176,144,165
20631,0x0178,52,180
20631,0x017D,116,52
20631,0x01FE,171,157
20631,0x023D,52,36
20631,0x023E,123,91
20631,0x02F6,39,56
20631,0x02FB,1,2
20631,0x02FD,41,39
20631,0x0301,0,41
20631,0x0302,96,76
20631,0x0303,128,10
20631,0x0305,0,100
20631,0x0306,170,148
20631,0x0307,15,1
20631,0x0309,0,73
20631,0x030A,97,76
20631,0x030B,128,10
20631,0x030D,0,110
20631,0x030E,172,148
20631,0x030F,15,1
20631,0x0315,160,120
20631,0x031D,170,130
20631,0x0325,56,252
20631,0x0326,146,145
20631,0x032D,76,16
20631,0x0335,96,36
20631,0x071A,90,165
20631,0x071B,107,28
20631,0x071C,10,60
20631,0x071D,0,1
20631,0x071E,0,62
20631,0x071F,0,2
20631,0x0874,86,222
20631,0x0875,1,42
20631,0x0876,222,86
20631,0x0877,42,1
20631,0x0894,14,22
20631,0x0895,58,91
20631,0x0896,22,14
20631,0x0897,91,58
20631,0x0900,96,82
20631,0x0902,2,34
20631,0x0903,32,34
20631,0x0904,80,66
20631,0x0906,0,32
20631,0x0907,32,34
20631,0x0908,82,54
20631,0x0909,104,56
20631,0x090A,40,2
20631,0x090B,34,41
20631,0x090C,66,38
20631,0x090D,104,56
20631,0x090E,38,0
20631,0x090F,34,41
20631,0x0910,51,138
20631,0x0911,57,76
20631,0x0914,35,122
20631,0x0915,57,76
20631,0x0918,135,110
20631,0x0919,75,63
20631,0x091C,119,94
20631,0x091D,75,63
20631,0x0920,108,82
20631,0x0921,62,56
20631,0x0924,92,66
20631,0x0925,62,56
20631,0x0928,80,252
20631,0x092B,41,103
20631,0x092C,64,12
20631,0x092F,41,103
20631,0x0930,135,132
20631,0x0931,156,159
20631,0x0934,151,148
20631,0x0935,156,159
20631,0x0938,175,171
20631,0x0939,114,119
20631,0x093C,191,187
20631,0x093D,114,119
20631,0x0940,214,211
20631,0x0941,58,61
20631,0x0944,230,227
20631,0x0945,58,61
20631,0x0948,108,111
20631,0x0949,106,107
20631,0x094B,34,36
20631,0x094C,143,96
20631,0x094E,122,2
20631,0x094F,61,32
20631,0x0950,135,80
20631,0x0952,120,0
20631,0x0953,189,32
20631,0x0B02,170,234
20631,0x0B26,6,7
20631,0x0B28,12,14
20631,0x0B86,6,7
20631,0x0B88,12,14
20631,0x0E82,3,2
20631,0x0F99,6,7
20631,0x0F9D,6,7
20631,0x0FD1,6,7
20631,0x0FF0,6,7
20631,0x1000,192,128
20631,0x1026,8,6
20631,0x1033,46,44
20631,0x1064,90,86
20631,0x106C,31,45
20631,0x16D0,216,37
20631,0x16D1,51,54
20631,0x16D3,2,179
20631,0x16D4,65,64
20631,0x16D6,31,41
20631,0x16D9,200,222
20631,0x16E6,232,230
20631,0x16F5,118,116
20631,0x16F8,8,6
20631,0x1710,226,141
20631,0x1711,135,138
20631,0x1713,89,148
20631,0x1714,83,84
20631,0x1716,81,87
20631,0x1719,162,156
20631,0x1726,165,163
20631,0x1735,156,154
20631,0x1738,34,32
20631,0x1750,9,141
20631,0x1751,108,110
20631,0x1753,112,86
20631,0x1754,70,71
20631,0x1759,109,117
20631,0x1766,187,185
20631,0x1775,73,71
20631,0x1778,18,16
20631,0x1790,93,225
20631,0x1791,80,82
20631,0x1793,174,228
20631,0x1799,21,29
20631,0x179D,11,4
20631,0x17A6,209,207
20631,0x17B5,95,93
20631,0x17B8,1,38
20631,0x17B9,6,2
20631,0x17BA,129,133
20631,0x17C0,136,200
20631,0x17D0,0,104
20631,0x17D1,16,12
20631,0x17E2,0,220
20631,0x17E3,0,8
20631,0x17E4,0,222
20631,0x17E5,0,8
20631,0x17E6,0,253
20631,0x17EC,0,124
20631,0x17ED,0,12
20631,0x17F5,192,190
20631,0x17F8,0,17
20631,0x17F9,0,6
20631,0x17FA,92,95
20631,0x1810,156,4
20631,0x1811,151,148
20631,0x1813,231,50
20631,0x1814,164,167
20631,0x1819,63,29
20631,0x1826,188,186
20631,0x1835,125,123
20631,0x1838,23,21
20631,0x1850,36,140
20631,0x1851,191,187
20631,0x1853,38,93
20631,0x1854,122,127
20631,0x1859,181,147
20631,0x1866,210,208
20631,0x1875,147,145
20631,0x1878,45,43
20631,0x1890,172,20
20631,0x1891,230,227
20631,0x1893,193,36
20631,0x1894,66,69
20631,0x1899,235,73
20631,0x189A,0,1
20631,0x18A6,232,230
20631,0x18B5,169,167
20631,0x18B8,14,12
20631,0x1B10,113,159
20631,0x1B11,112,115
20631,0x1B13,103,9
20631,0x1B14,110,111
20631,0x1B26,1,2
20631,0x1B27,2,4
20631,0x1B30,2,3
20633,0x0004,2,4
20633,0x0020,111,114
20633,0x0024,7,6
20633,0x0049,3,1
20633,0x0051,11,9
20633,0x0069,127,129
20633,0x006B,57,59
20633,0x007B,7,8
20633,0x00AD,16,18
20633,0x00B7,19,20
20633,0x00CD,167,170
20633,0x00CE,156,162
20633,0x00CF,152,162
20633,0x00D0,147,161
20633,0x0176,165,144
20633,0x0178,180,52
20633,0x02F6,56,44
20633,0x02FB,2,1
20633,0x02FD,39,41
20633,0x0502,86,90
20633,0x0508,80,65
20633,0x0509,94,81
20633,0x050A,4,20
20633,0x050B,8,20
20633,0x050F,16,130
20633,0x0510,84,86
20633,0x0512,12,40
20633,0x0600,0,189
20633,0x0601,0,12
20633,0x0602,0,205
20633,0x0603,0,12
20633,0x0604,0,217
20633,0x0605,0,16
20633,0x0606,0,154
20633,0x0607,0,17
20633,0x0608,0,11
20633,0x0609,0,16
20633,0x060A,0,11
20633,0x060B,0,16
20633,0x060C,0,11
20633,0x060D,0,16
20633,0x060E,0,217
20633,0x060F,0,144
20633,0x0610,0,116
20633,0x0611,0,16
20633,0x0612,0,118
20633,0x0613,0,16
20633,0x0614,172,0
20633,0x0615,26,0
20633,0x0616,188,0
20633,0x0617,26,0
20633,0x0618,112,0
20633,0x0619,24,0
20633,0x061A,107,0
20633,0x061B,88,0
20633,0x0620,188,0
20633,0x0621,12,0
20633,0x0622,204,185
20633,0x0624,95,165
20633,0x0625,16,12
20633,0x0626,153,172
20633,0x0627,17,12
20633,0x0628,11,0
20633,0x0629,16,0
20633,0x062A,11,0
20633,0x062B,16,0
20633,0x062C,11,0
20633,0x062D,16,0
20633,0x062E,95,0
20633,0x062F,208,0
20633,0x0630,116,0
20633,0x0631,16,0
20633,0x0632,117,0
20633,0x0633,16,0
20633,0x0874,222,86
20633,0x0875,42,1
20633,0x0876,86,222
20633,0x0877,1,42
20633,0x0894,22,14
20633,0x0895,91,58
20633,0x0896,14,22
20633,0x0897,58,91
20633,0x0900,82,96
20633,0x0902,34,2
20633,0x0903,34,32
20633,0x0904,66,80
20633,0x0906,32,0
20633,0x0907,34,32
20633,0x0908,54,74
20633,0x0909,56,104
20633,0x090A,2,36
20633,0x090B,41,34
20633,0x090C,38,56
20633,0x090E,0,2
20633,0x0910,138,40
20633,0x0911,76,56
20633,0x0912,2,0
20633,0x0914,122,141
20633,0x0915,76,77
20633,0x0916,0,2
20633,0x0918,110,125
20633,0x0919,63,77
20633,0x091A,2,0
20633,0x091C,94,113
20633,0x091D,63,64
20633,0x091E,0,2
20633,0x0920,82,97
20633,0x0921,56,64
20633,0x0922,2,0
20633,0x0924,66,85
20633,0x0925,56,57
20633,0x0926,0,2
20633,0x0928,252,69
20633,0x0929,56,57
20633,0x092A,2,0
20633,0x092B,103,41
20633,0x092C,12,248
20633,0x092E,0,2
20633,0x0930,132,8
20633,0x0931,159,56
20633,0x0932,2,0
20633,0x0934,148,128
20633,0x0935,159,161
20633,0x0936,0,2
20633,0x0938,171,144
20633,0x0939,119,161
20633,0x093A,2,0
20633,0x093C,187,167
20633,0x093D,119,124
20633,0x093E,0,2
20633,0x0940,211,183
20633,0x0941,61,124
20633,0x0942,2,0
20633,0x0944,227,207
20633,0x0945,61,64
20633,0x0946,0,2
20633,0x0948,111,223
20633,0x0949,107,64
20633,0x094A,7,0
20633,0x094B,36,103
20633,0x094C,96,114
20633,0x094D,224,107
20633,0x094E,2,6
20633,0x094F,32,36
20633,0x0B02,234,170
20633,0x0B03,170,171
20633,0x0B04,10,42
20633,0x0B22,65,66
20633,0x0B24,131,132
20633,0x0B26,7,8
20633,0x0B28,14,16
20633,0x0B82,65,66
20633,0x0B84,131,132
20633,0x0B86,7,8
20633,0x0B88,14,16
20633,0x0F99,7,8
20633,0x0F9D,7,8
20633,0x0FD1,7,8
20633,0x0FF0,7,8
20633,0x1000,128,192
20633,0x1026,6,4
20633,0x1033,44,42
20633,0x1064,86,88
20633,0x106C,45,40
20633,0x16D0,37,134
20633,0x16D1,54,56
20633,0x16D3,179,144
20633,0x16D6,41,51
20633,0x16D9,222,244
20633,0x16E6,230,228
20633,0x16F5,116,114
20633,0x16F8,6,4
20633,0x1710,141,68
20633,0x1711,138,141
20633,0x1713,148,195
20633,0x1714,84,85
20633,0x1716,87,93
20633,0x1719,156,150
20633,0x1726,163,161
20633,0x1735,154,152
20633,0x1738,32,30
20633,0x1750,141,17
20633,0x1751,110,113
20633,0x1753,86,76
20633,0x1754,71,72
20633,0x1759,117,125
20633,0x1766,185,183
20633,0x1775,71,69
20633,0x1778,16,14
20633,0x1790,225,101
20633,0x1791,82,85
20633,0x1793,228,42
20633,0x1794,64,65
20633,0x1799,29,37
20633,0x17A6,207,205
20633,0x17B5,93,91
20633,0x17B8,38,36
20633,0x17D0,104,208
20633,0x17D1,12,8
20633,0x17E6,253,251
20633,0x17F5,190,188
20633,0x17F8,17,15
20633,0x1810,4,108
20633,0x1811,148,144
20633,0x1813,50,57
20633,0x1814,167,169
20633,0x1819,29,251
20633,0x181A,1,0
20633,0x1826,186,184
20633,0x1835,123,121
20633,0x1838,21,19
20633,0x1850,140,244
20633,0x1851,187,183
20633,0x1853,93,80
20633,0x1854,127,132
20633,0x1859,147,113
20633,0x1866,208,206
20633,0x1875,145,143
20633,0x1878,43,41
20633,0x1890,20,124
20633,0x1891,227,223
20633,0x1893,36,67
20633,0x1894,69,72
20633,0x1899,73,167
20633,0x18A6,230,228
20633,0x18B5,167,165
20633,0x18B8,12,10
20633,0x1B10,159,205
20633,0x1B11,115,118
20633,0x1B13,9,171
20633,0x1B24,182,184
20633,0x1B26,2,1
20633,0x1B2C,61,56
20633,0x1B30,3,1
20635,0x0020,114,117
20635,0x0022,107,108
20635,0x0024,6,7
20635,0x0026,36,34
20635,0x0028,36,34
20635,0x0049,1,3
20635,0x0051,9,7
20635,0x0069,129,131
20635,0x006B,59,61
20635,0x007B,8,9
20635,0x0098,0,1
20635,0x009B,0,1
20635,0x009D,0,1
20635,0x00AD,18,20
20635,0x00B7,20,19
20635,0x00CD,170,173
20635,0x00CE,162,168
20635,0x00CF,162,172
20635,0x00D0,161,175
20635,0x00FA,0,1
20635,0x00FB,0,1
20635,0x0176,144,165
20635,0x0178,52,180
20635,0x01FE,157,171
20635,0x02F6,44,24
20635,0x02FD,41,39
20635,0x0305,100,140
20635,0x030D,110,150
20635,0x0315,120,160
20635,0x031D,130,170
20635,0x0874,86,222
20635,0x0875,1,42
20635,0x0876,222,86
20635,0x0877,42,1
20635,0x0894,14,22
20635,0x0895,58,91
20635,0x0896,22,14
20635,0x0897,91,58
20635,0x0900,96,87
20635,0x0902,2,40
20635,0x0903,32,34
20635,0x0904,80,71
20635,0x0906,0,38
20635,0x0907,32,34
20635,0x0908,74,58
20635,0x0909,104,56
20635,0x090A,36,2
20635,0x090B,34,41
20635,0x090C,56,42
20635,0x090E,2,0
20635,0x0910,40,144
20635,0x0911,56,78
20635,0x0912,0,2
20635,0x0914,141,128
20635,0x0915,77,78
20635,0x0916,2,0
20635,0x0918,125,115
20635,0x0919,77,65
20635,0x091A,0,2
20635,0x091C,113,99
20635,0x091D,64,65
20635,0x091E,2,0
20635,0x0920,97,87
20635,0x0921,64,57
20635,0x0922,0,2
20635,0x0924,85,71
20635,0x0926,2,0
20635,0x0928,69,245
20635,0x0929,57,56
20635,0x092A,0,2
20635,0x092B,41,103
20635,0x092C,248,5
20635,0x092E,2,0
20635,0x0930,8,124
20635,0x0931,56,162
20635,0x0932,0,2
20635,0x0934,128,140
20635,0x0935,161,162
20635,0x0936,2,0
20635,0x0938,144,164
20635,0x0939,161,128
20635,0x093A,0,2
20635,0x093C,167,180
20635,0x093D,124,128
20635,0x093E,2,0
20635,0x0940,183,203
20635,0x0941,124,68
20635,0x0942,0,2
20635,0x0944,207,219
20635,0x0945,64,68
20635,0x0946,2,0
20635,0x0948,223,117
20635,0x0949,64,108
20635,0x094A,0,7
20635,0x094B,103,34
20635,0x094C,114,99
20635,0x094D,107,224
20635,0x094E,6,2
20635,0x094F,36,32
20635,0x0950,80,83
20635,0x0B02,170,234
20635,0x0B03,171,170
20635,0x0B04,42,10
20635,0x0B26,8,9
20635,0x0B28,16,18
20635,0x0B86,8,9
20635,0x0B88,16,18
20635,0x0F99,8,9
20635,0x0F9D,8,9
20635,0x0FD1,8,9
20635,0x0FF0,8,9
20635,0x1000,192,128
20635,0x100D,255,8
20635,0x1011,96,101
20635,0x1026,4,2
20635,0x1033,42,40
20635,0x1051,96,101
20635,0x1064,88,90
20635,0x106C,40,31
20635,0x16D0,134,251
20635,0x16D1,56,58
20635,0x16D3,144,153
20635,0x16D6,51,61
20635,0x16D9,244,10
20635,0x16DA,255,0
20635,0x16DB,255,0
20635,0x16E6,228,226
20635,0x16F5,114,112
20635,0x16F8,4,2
20635,0x1710,68,7
20635,0x1711,141,144
20635,0x1713,195,230
20635,0x1714,85,86
20635,0x1716,93,99
20635,0x1719,150,144
20635,0x1726,161,159
20635,0x1735,152,150
20635,0x1738,30,28
20635,0x1750,17,149
20635,0x1751,113,115
20635,0x1753,76,82
20635,0x1754,72,73
20635,0x1759,125,133
20635,0x1766,183,181
20635,0x1775,69,67
20635,0x1778,14,12
20635,0x1790,101,233
20635,0x1791,85,87
20635,0x1793,42,128
20635,0x1799,37,45
20635,0x17A6,205,203
20635,0x17B5,91,89
20635,0x17B8,36,34
20635,0x17D0,208,56
20635,0x17D1,8,5
20635,0x17E6,251,249
20635,0x17F5,188,186
20635,0x17F8,15,13
20635,0x1810,108,212
20635,0x1811,144,140
20635,0x1813,57,252
20635,0x1814,169,170
20635,0x1819,251,217
20635,0x1826,184,182
20635,0x1835,121,119
20635,0x1838,19,17
20635,0x1850,244,92
20635,0x1851,183,180
20635,0x1853,80,255
20635,0x1854,132,136
20635,0x1859,113,79
20635,0x1866,206,204
20635,0x1875,143,141
20635,0x1878,41,39
20635,0x1890,124,228
20635,0x1891,223,219
20635,0x1893,67,30
20635,0x1894,72,76
20635,0x1899,167,5
20635,0x189A,1,2
20635,0x18A6,228,226
20635,0x18B5,165,163
20635,0x18B8,10,8
20635,0x1B10,205,251
20635,0x1B11,118,121
20635,0x1B13,171,77
20635,0x1B14,111,112
20635,0x1B24,184,182
20635,0x1B27,4,2
20635,0x1B2C,56,61
20635,0x1B30,1,2
20637,0x0020,117,121
20637,0x0026,34,36
20637,0x0028,34,36
20637,0x0049,3,1
20637,0x0051,7,5
20637,0x0069,131,133
20637,0x006B,61,63
20637,0x006D,0,16
20637,0x007B,9,10
20637,0x00AD,20,22
20637,0x00B7,19,21
20637,0x00CD,173,176
20637,0x00CE,168,174
20637,0x00CF,172,182
20637,0x00D0,175,189
20637,0x0176,165,144
20637,0x0178,180,52
20637,0x02F6,24,53
20637,0x02FD,39,41
20637,0x0301,41,0
20637,0x0302,76,96
20637,0x0303,10,128
20637,0x0305,140,128
20637,0x0306,148,170
20637,0x0307,1,15
20637,0x0309,73,0
20637,0x030A,76,97
20637,0x030B,10,128
20637,0x030D,150,128
20637,0x030E,148,172
20637,0x030F,1,15
20637,0x0874,222,86
20637,0x0875,42,1
20637,0x0876,86,222
20637,0x0877,1,42
20637,0x0894,22,14
20637,0x0895,91,58
20637,0x0896,14,22
20637,0x0897,58,91
20637,0x0900,87,106
20637,0x0902,40,2
20637,0x0903,34,32
20637,0x0904,71,90
20637,0x0906,38,0
20637,0x0907,34,32
20637,0x0908,58,92
20637,0x0909,56,104
20637,0x090A,2,34
20637,0x090B,41,34
20637,0x090C,42,76
20637,0x090D,56,104
20637,0x090E,0,32
20637,0x090F,41,34
20637,0x0910,144,61
20637,0x0911,78,56
20637,0x0914,128,45
20637,0x0915,78,56
20637,0x0918,115,146
20637,0x0919,65,79
20637,0x091C,99,130
20637,0x091D,65,79
20637,0x0920,87,118
20637,0x0921,57,66
20637,0x0924,71,102
20637,0x0925,57,66
20637,0x0928,245,90
20637,0x0929,56,57
20637,0x092B,103,41
20637,0x092C,5,74
20637,0x092D,56,57
20637,0x092F,103,41
20637,0x0930,124,241
20637,0x0931,162,56
20637,0x0934,140,1
20637,0x0935,162,56
20637,0x0938,164,121
20637,0x0939,128,164
20637,0x093C,180,137
20637,0x093D,128,164
20637,0x0940,203,160
20637,0x0941,68,133
20637,0x0944,219,176
20637,0x0945,68,133
20637,0x0948,117,200
20637,0x0949,108,72
20637,0x094A,7,2
20637,0x094B,34,103
20637,0x094C,99,216
20637,0x094D,224,72
20637,0x094E,2,0
20637,0x094F,32,103
20637,0x0950,83,121
20637,0x0951,224,108
20637,0x0952,0,7
20637,0x0953,32,36
20637,0x0B02,234,170
20637,0x0B03,170,174
20637,0x0B04,10,170
20637,0x0B24,132,133
20637,0x0B26,9,10
20637,0x0B28,18,20
20637,0x0B84,132,133
20637,0x0B86,9,10
20637,0x0B88,18,20
20637,0x0F99,9,10
20637,0x0F9D,9,10
20637,0x0FD1,9,10
20637,0x0FF0,9,10
20637,0x1000,128,192
20637,0x1011,101,106
20637,0x1024,9,11
20637,0x1026,2,255
20637,0x1033,40,38
20637,0x1051,101,106
20637,0x1064,90,86
20637,0x106C,31,45
20637,0x16D0,251,127
20637,0x16D1,58,61
20637,0x16D3,153,174
20637,0x16D6,61,66
20637,0x16D9,10,21
20637,0x16E6,226,224
20637,0x16F5,112,110
20637,0x16F8,2,16
20637,0x16F9,0,6
20637,0x16FA,126,129
20637,0x1710,7,214
20637,0x1711,144,146
20637,0x1713,230,253
20637,0x1714,86,87
20637,0x1716,99,105
20637,0x1719,144,138
20637,0x1726,159,157
20637,0x1735,150,148
20637,0x1738,28,26
20637,0x1750,149,25
20637,0x1751,115,118
20637,0x1753,82,104
20637,0x1754,73,74
20637,0x1759,133,141
20637,0x1766,181,179
20637,0x1775,67,65
20637,0x1778,12,10
20637,0x1790,233,109
20637,0x1791,87,90
20637,0x1793,128,230
20637,0x1799,45,53
20637,0x17A6,203,201
20637,0x17B5,89,87
20637,0x17B8,34,32
20637,0x17D0,56,160
20637,0x17D1,5,1
20637,0x17E6,249,247
20637,0x17F5,186,184
20637,0x17F8,13,11
20637,0x1810,212,60
20637,0x1811,140,137
20637,0x1813,252,123
20637,0x1814,170,172
20637,0x1819,217,183
20637,0x1826,182,180
20637,0x1835,119,117
20637,0x1838,17,15
20637,0x1850,92,196
20637,0x1851,180,176
20637,0x1853,255,106
20637,0x1854,136,141
20637,0x1859,79,45
20637,0x1866,204,202
20637,0x1875,141,139
20637,0x1878,39,37
20637,0x1890,228,76
20637,0x1891,219,216
20637,0x1893,30,181
20637,0x1894,76,80
20637,0x1899,5,99
20637,0x18A6,226,224
20637,0x18B5,163,161
20637,0x18B8,8,6
20637,0x1B10,251,41
20637,0x1B11,121,125
20637,0x1B13,77,239
20637,0x1B26,1,2
20637,0x1B27,2,4
20637,0x1B30,2,3
20639,0x0020,121,124
20639,0x0022,108,109
20639,0x0024,7,6
20639,0x0049,1,3
20639,0x0051,5,3
20639,0x0069,133,135
20639,0x006B,63,65
20639,0x006D,16,0
20639,0x007B,10,11
20639,0x00AD,22,24
20639,0x00B7,21,18
20639,0x00CD,176,179
20639,0x00CE,174,180
20639,0x00CF,182,192
20639,0x00D0,189,203
20639,0x0176,144,165
20639,0x0178,52,180
20639,0x01FE,171,157
20639,0x02F6,53,40
20639,0x0311,105,41
20639,0x0315,160,100
20639,0x0319,137,73
20639,0x031D,170,110
20639,0x0321,38,105
20639,0x0322,79,76
20639,0x0323,20,10
20639,0x0325,252,120
20639,0x0326,145,148
20639,0x0329,70,137
20639,0x032A,79,76
20639,0x032B,20,10
20639,0x032D,16,130
20639,0x032E,146,148
20639,0x0874,86,222
20639,0x0875,1,42
20639,0x0876,222,86
20639,0x0877,42,1
20639,0x0894,14,22
20639,0x0895,58,91
20639,0x0896,22,14
20639,0x0897,91,58
20639,0x0900,106,89
20639,0x0902,2,36
20639,0x0903,32,34
20639,0x0904,90,64
20639,0x0905,104,56
20639,0x0906,0,2
20639,0x0907,32,41
20639,0x0908,92,48
20639,0x0909,104,56
20639,0x090A,34,0
20639,0x090B,34,41
20639,0x090C,76,149
20639,0x090D,104,81
20639,0x090E,32,2
20639,0x090F,34,41
20639,0x0910,61,133
20639,0x0911,56,81
20639,0x0912,2,0
20639,0x0914,45,120
20639,0x0915,56,67
20639,0x0916,0,2
20639,0x0918,146,104
20639,0x0919,79,67
20639,0x091A,2,0
20639,0x091C,130,92
20639,0x091D,79,58
20639,0x091E,0,2
20639,0x0920,118,76
20639,0x0921,66,58
20639,0x0922,2,0
20639,0x0924,102,238
20639,0x0925,66,56
20639,0x0926,0,2
20639,0x0927,41,103
20639,0x0928,90,254
20639,0x0929,57,56
20639,0x092A,2,0
20639,0x092B,41,103
20639,0x092C,74,117
20639,0x092D,57,165
20639,0x092E,0,2
20639,0x092F,41,103
20639,0x0930,241,133
20639,0x0931,56,165
20639,0x0932,2,0
20639,0x0934,1,157
20639,0x0935,56,137
20639,0x0936,0,2
20639,0x0938,121,173
20639,0x0939,164,137
20639,0x093A,2,0
20639,0x093C,137,196
20639,0x093D,164,78
20639,0x093E,0,2
20639,0x0940,160,212
20639,0x0941,133,78
20639,0x0942,2,0
20639,0x0944,176,124
20639,0x0945,133,109
20639,0x0946,0,6
20639,0x0947,103,36
20639,0x0948,200,109
20639,0x0949,72,224
20639,0x094B,103,32
20639,0x094C,216,93
20639,0x094D,72,224
20639,0x094F,103,32
20639,0x0951,108,224
20639,0x0B03,174,170
20639,0x0B04,170,2
20639,0x0B26,10,11
20639,0x0B28,20,22
20639,0x0B86,10,11
20639,0x0B88,20,22
20639,0x0E82,2,1
20639,0x0F99,10,11
20639,0x0F9D,10,11
20639,0x0FD1,10,11
20639,0x0FF0,10,11
20639,0x1000,192,128
20639,0x1011,106,111
20639,0x1022,251,62
20639,0x1023,6,7
20639,0x1024,11,64
20639,0x1026,255,9
20639,0x1030,4,2
20639,0x1033,38,36
20639,0x1034,180,179
20639,0x1051,106,111
20639,0x1064,86,88
20639,0x106C,45,40
20639,0x16D0,127,3
20639,0x16D1,61,64
20639,0x16E6,224,222
20639,0x16F5,110,108
20639,0x16F8,16,14
20639,0x1710,214,177
20639,0x1711,146,149
20639,0x1713,253,8
20639,0x1714,87,89
20639,0x1716,105,111
20639,0x1719,138,132
20639,0x1726,157,155
20639,0x1735,148,146
20639,0x1738,26,24
20639,0x1750,25,157
20639,0x1751,118,120
20639,0x1753,104,142
20639,0x1754,74,75
20639,0x1759,141,149
20639,0x1766,179,177
20639,0x1775,65,63
20639,0x1778,10,8
20639,0x1790,109,241
20639,0x1791,90,92
20639,0x1793,230,92
20639,0x1794,65,66
20639,0x1799,53,61
20639,0x17A6,201,199
20639,0x17B5,87,85
20639,0x17B8,32,30
20639,0x17D0,160,8
20639,0x17D1,1,254
20639,0x17D2,1,0
20639,0x17E6,247,245
20639,0x17F5,184,182
20639,0x17F8,11,9
20639,0x1810,60,164
20639,0x1811,137,133
20639,0x1813,123,182
20639,0x1814,172,173
20639,0x1819,183,149
20639,0x1826,180,178
20639,0x1835,117,115
20639,0x1838,15,13
20639,0x1850,196,44
20639,0x1851,176,173
20639,0x1853,106,145
20639,0x1854,141,145
20639,0x1859,45,11
20639,0x1866,202,200
20639,0x1875,139,137
20639,0x1878,37,35
20639,0x1890,76,180
20639,0x1891,216,212
20639,0x1893,181,8
20639,0x1894,80,86
20639,0x1899,99,193
20639,0x18A6,224,222
20639,0x18B5,161,159
20639,0x18B8,6,4
20639,0x1B10,41,87
20639,0x1B11,125,128
20639,0x1B13,239,145
20639,0x1B14,112,113
20639,0x1B24,182,184
20639,0x1B26,2,1
20639,0x1B2C,61,56
20639,0x1B30,3,1
20641,0x0004,4,6
20641,0x0020,124,127
20641,0x0022,109,110
20641,0x0024,6,7
20641,0x0026,36,34
20641,0x0028,36,34
20641,0x0049,3,1
20641,0x0051,3,1
20641,0x0069,135,137
20641,0x006B,65,67
20641,0x007B,11,12
20641,0x00AD,24,26
20641,0x00B7,18,21
20641,0x00CD,179,182
20641,0x00CE,180,186
20641,0x00CF,192,202
20641,0x00D0,203,217
20641,0x0176,165,144
20641,0x0178,180,52
20641,0x02F6,40,39
20641,0x02FD,41,39
20641,0x0501,129,131
20641,0x0502,90,86
20641,0x0600,189,0
20641,0x0601,12,0
20641,0x0602,205,0
20641,0x0603,12,0
20641,0x0604,217,0
20641,0x0605,16,0
20641,0x0606,154,0
20641,0x0607,17,0
20641,0x0608,11,0
20641,0x0609,16,0
20641,0x060A,11,0
20641,0x060B,16,0
20641,0x060C,11,0
20641,0x060D,16,0
20641,0x060E,217,0
20641,0x060F,144,0
20641,0x0610,116,0
20641,0x0611,16,0
20641,0x0612,118,0
20641,0x0613,16,0
20641,0x0874,222,86
20641,0x0875,42,1
20641,0x0876,86,222
20641,0x0877,1,42
20641,0x0894,22,14
20641,0x0895,91,58
20641,0x0896,14,22
20641,0x0897,58,91
20641,0x0900,89,116
20641,0x0902,36,2
20641,0x0903,34,32
20641,0x0904,64,100
20641,0x0905,56,104
20641,0x0906,2,0
20641,0x0907,41,32
20641,0x0908,48,102
20641,0x0909,56,104
20641,0x090A,0,40
20641,0x090B,41,34
20641,0x090C,149,86
20641,0x090D,81,104
20641,0x090E,2,38
20641,0x090F,41,34
20641,0x0910,133,66
20641,0x0911,81,56
20641,0x0912,0,2
20641,0x0914,120,50
20641,0x0915,67,56
20641,0x0916,2,0
20641,0x0918,104,152
20641,0x0919,67,82
20641,0x091A,0,2
20641,0x091C,92,136
20641,0x091D,58,82
20641,0x091E,2,0
20641,0x0920,76,123
20641,0x0921,58,68
20641,0x0922,0,2
20641,0x0924,238,107
20641,0x0925,56,68
20641,0x0926,2,0
20641,0x0927,103,41
20641,0x0928,254,95
20641,0x0929,56,58
20641,0x092A,0,2
20641,0x092B,103,41
20641,0x092C,117,79
20641,0x092D,165,58
20641,0x092E,2,0
20641,0x092F,103,41
20641,0x0930,133,234
20641,0x0931,165,56
20641,0x0932,0,2
20641,0x0934,157,250
20641,0x0935,137,56
20641,0x0936,2,0
20641,0x0938,173,114
20641,0x0939,137,166
20641,0x093A,0,2
20641,0x093C,196,130
20641,0x093D,78,166
20641,0x093E,2,0
20641,0x0940,212,153
20641,0x0941,78,141
20641,0x0942,0,2
20641,0x0944,124,169
20641,0x0945,109,141
20641,0x0946,6,0
20641,0x0947,36,103
20641,0x0948,109,193
20641,0x0949,224,84
20641,0x094B,32,103
20641,0x094C,93,209
20641,0x094D,224,84
20641,0x094F,32,103
20641,0x0950,121,127
20641,0x0951,224,110
20641,0x0953,36,34
20641,0x0B04,2,170
20641,0x0B22,66,67
20641,0x0B24,133,134
20641,0x0B26,11,12
20641,0x0B28,22,24
20641,0x0B82,66,67
20641,0x0B84,133,134
20641,0x0B86,11,12
20641,0x0B88,22,24
20641,0x0F99,11,12
20641,0x0F9D,11,12
20641,0x0FD1,11,12
20641,0x0FF0,11,12
20641,0x1000,128,192
20641,0x1011,111,116
20641,0x1033,36,34
20641,0x1034,179,177
20641,0x1051,111,116
20641,0x1064,88,90
20641,0x106C,40,31
20641,0x16D0,3,135
20641,0x16D1,64,66
20641,0x16E6,222,220
20641,0x16F5,108,106
20641,0x16F8,14,12
20641,0x1710,177,152
20641,0x1711,149,152
20641,0x1713,8,7
20641,0x1714,89,90
20641,0x1716,111,117
20641,0x1719,132,126
20641,0x1726,155,153
20641,0x1735,146,144
20641,0x1738,24,22
20641,0x1750,157,33
20641,0x1751,120,123
20641,0x1753,142,196
20641,0x1754,75,76
20641,0x1759,149,157
20641,0x1766,177,175
20641,0x1775,63,61
20641,0x1778,8,6
20641,0x1790,241,117
20641,0x1791,92,95
20641,0x1793,92,226
20641,0x1799,61,69
20641,0x17A6,199,197
20641,0x17B5,85,83
20641,0x17B8,30,28
20641,0x17D0,8,112
20641,0x17D1,254,250
20641,0x17E6,245,243
20641,0x17F5,182,180
20641,0x17F8,9,7
20641,0x1810,164,12
20641,0x1811,133,130
20641,0x1813,182,173
20641,0x1814,173,174
20641,0x1819,149,115
20641,0x1826,178,176
20641,0x1835,115,113
20641,0x1838,13,11
20641,0x1850,44,148
20641,0x1851,173,169
20641,0x1853,145,116
20641,0x1854,145,149
20641,0x1859,11,233
20641,0x185A,2,1
20641,0x1866,200,198
20641,0x1875,137,135
20641,0x1878,35,33
20641,0x1890,180,28
20641,0x1891,212,209
20641,0x1893,8,23
20641,0x1894,86,92
20641,0x1899,193,31
20641,0x189A,2,3
20641,0x18A6,222,220
20641,0x18B5,159,157
20641,0x18B8,4,2
20641,0x1B10,87,133
20641,0x1B11,128,131
20641,0x1B13,145,51
20641,0x1B14,113,114
20641,0x1B24,184,182
20641,0x1B27,4,2
20641,0x1B2C,56,61
20641,0x1B30,1,2
20643,0x0020,127,130
20643,0x0026,34,36
20643,0x0028,34,36
20643,0x0049,1,3
20643,0x0051,1,5
20643,0x0069,137,139
20643,0x006B,67,69
20643,0x007B,12,13
20643,0x00AD,26,28
20643,0x00B7,21,19
20643,0x00CD,182,185
20643,0x00CE,186,192
20643,0x00CF,202,212
20643,0x00D0,217,231
20643,0x0176,144,165
20643,0x0178,52,180
20643,0x01FE,157,171
20643,0x023D,36,52
20643,0x023E,91,111
20643,0x02F6,39,32
20643,0x02FB,1,2
20643,0x0301,0,41
20643,0x0302,96,76
20643,0x0303,128,10
20643,0x0305,128,140
20643,0x0306,170,148
20643,0x0307,15,1
20643,0x0309,0,73
20643,0x030A,97,76
20643,0x030B,128,10
20643,0x030D,128,150
20643,0x030E,172,148
20643,0x030F,15,1
20643,0x0311,41,105
20643,0x0315,100,160
20643,0x0319,73,137
20643,0x031D,110,170
20643,0x0321,105,38
20643,0x0322,76,79
20643,0x0323,10,20
20643,0x0325,120,56
20643,0x0326,148,146
20643,0x0329,137,70
20643,0x032A,76,79
20643,0x032B,10,20
20643,0x032D,130,76
20643,0x032E,148,146
20643,0x0335,36,96
20643,0x071A,165,94
20643,0x071B,28,115
20643,0x071C,60,30
20643,0x071D,1,0
20643,0x071E,62,8
20643,0x071F,2,0
20643,0x0874,86,222
20643,0x0875,1,42
20643,0x0876,222,86
20643,0x0877,42,1
20643,0x0894,14,22
20643,0x0895,58,91
20643,0x0896,22,14
20643,0x0897,91,58
20643,0x0900,116,107
20643,0x0902,2,34
20643,0x0903,32,34
20643,0x0904,100,91
20643,0x0906,0,32
20643,0x0907,32,34
20643,0x0908,102,69
20643,0x0909,104,56
20643,0x090A,40,2
20643,0x090B,34,41
20643,0x090C,86,53
20643,0x090D,104,56
20643,0x090E,38,0
20643,0x090F,34,41
20643,0x0910,66,155
20643,0x0911,56,82
20643,0x0914,50,139
20643,0x0915,56,82
20643,0x0918,152,125
20643,0x0919,82,70
20643,0x091C,136,109
20643,0x091D,82,70
20643,0x0920,123,97
20643,0x0921,68,59
20643,0x0924,107,81
20643,0x0925,68,59
20643,0x0928,95,230
20643,0x0929,58,56
20643,0x092B,41,103
20643,0x092C,79,246
20643,0x092D,58,56
20643,0x092F,41,103
20643,0x0930,234,110
20643,0x0931,56,167
20643,0x0934,250,126
20643,0x0935,56,167
20643,0x0938,114,149
20643,0x0939,166,145
20643,0x093C,130,165
20643,0x093D,166,145
20643,0x0940,153,189
20643,0x0941,141,90
20643,0x0944,169,205
20643,0x0945,141,90
20643,0x0948,193,130
20643,0x0949,84,110
20643,0x094A,2,7
20643,0x094B,103,36
20643,0x094C,209,119
20643,0x094D,84,224
20643,0x094E,0,2
20643,0x094F,103,32
20643,0x0950,127,103
20643,0x0951,110,224
20643,0x0952,7,0
20643,0x0953,34,32
20643,0x0B04,170,10
20643,0x0B26,12,13
20643,0x0B28,24,26
20643,0x0B86,12,13
20643,0x0B88,24,26
20643,0x0F99,12,13
20643,0x0F9D,12,13
20643,0x0FD1,12,13
20643,0x0FF0,12,13
20643,0x1000,192,128
20643,0x1011,116,121
20643,0x1027,0,6
20643,0x1033,34,32
20643,0x1034,177,175
20643,0x1051,116,121
20643,0x1064,90,86
20643,0x106C,31,45
20643,0x16D0,135,11
20643,0x16D1,66,69
20643,0x16E6,220,218
20643,0x16F5,106,104
20643,0x16F8,12,10
20643,0x1710,152,139
20643,0x1711,152,155
20643,0x1713,7,250
20643,0x1716,117,123
20643,0x1719,126,120
20643,0x1726,153,151
20643,0x1735,144,142
20643,0x1738,22,20
20643,0x1750,33,165
20643,0x1751,123,125
20643,0x1753,196,10
20643,0x1754,76,78
20643,0x1759,157,165
20643,0x1766,175,173
20643,0x1775,61,59
20643,0x1778,6,4
20643,0x1790,117,249
20643,0x1791,95,97
20643,0x1793,226,120
20643,0x1794,66,67
20643,0x1799,69,77
20643,0x17A6,197,195
20643,0x17B5,83,81
20643,0x17B8,28,26
20643,0x17D0,112,216
20643,0x17D1,250,246
20643,0x17E6,243,241
20643,0x17F5,180,178
20643,0x17F8,7,5
20643,0x1810,12,116
20643,0x1811,130,126
20643,0x1813,173,96
20643,0x1814,174,175
20643,0x1819,115,81
20643,0x1826,176,174
20643,0x1835,113,111
20643,0x1838,11,9
20643,0x1850,148,252
20643,0x1851,169,165
20643,0x1853,116,19
20643,0x1854,149,153
20643,0x1859,233,199
20643,0x1866,198,196
20643,0x1875,135,133
20643,0x1878,33,31
20643,0x1890,28,132
20643,0x1891,209,205
20643,0x1893,23,162
20643,0x1894,92,98
20643,0x1899,31,61
20643,0x189D,47,239
20643,0x18A6,220,218
20643,0x18B5,157,155
20643,0x18B8,2,53
20643,0x18BA,99,103
20643,0x1B10,133,179
20643,0x1B11,131,134
20643,0x1B13,51,213
20643,0x1B26,1,2
20643,0x1B27,2,4
20643,0x1B30,2,3
20645,0x0020,130,133
20645,0x0022,110,111
20645,0x0024,7,6
20645,0x0049,3,1
20645,0x0051,5,3
20645,0x0069,139,141
20645,0x006B,69,71
20645,0x007B,13,14
20645,0x00AD,28,30
20645,0x00B7,19,20
20645,0x00CD,185,188
20645,0x00CE,192,198
20645,0x00CF,212,222
20645,0x00D0,231,245
20645,0x0176,165,144
20645,0x0178,180,52
20645,0x02F6,32,44
20645,0x02FB,2,1
20645,0x0874,222,86
20645,0x0875,42,1
20645,0x0876,86,222
20645,0x0877,1,42
20645,0x0894,22,14
20645,0x0895,91,58
20645,0x0896,14,22
20645,0x0897,58,91
20645,0x0900,107,126
20645,0x0902,34,2
20645,0x0903,34,38
20645,0x0904,91,110
20645,0x0906,32,0
20645,0x0907,34,38
20645,0x0908,69,104
20645,0x0909,56,104
20645,0x090A,2,36
20645,0x090B,41,34
20645,0x090C,53,71
20645,0x090E,0,2
20645,0x0910,155,55
20645,0x0911,82,56
20645,0x0912,2,0
20645,0x0914,139,158
20645,0x0915,82,83
20645,0x0916,0,2
20645,0x0918,125,142
20645,0x0919,70,83
20645,0x091A,2,0
20645,0x091C,109,128
20645,0x091D,70,71
20645,0x091E,0,2
20645,0x0920,97,112
20645,0x0921,59,71
20645,0x0922,2,0
20645,0x0924,81,100
20645,0x0925,59,60
20645,0x0926,0,2
20645,0x0928,230,84
20645,0x0929,56,60
20645,0x092A,2,0
20645,0x092B,103,41
20645,0x092C,246,227
20645,0x092E,0,2
20645,0x0930,110,243
20645,0x0931,167,56
20645,0x0932,2,0
20645,0x0934,126,106
20645,0x0936,0,2
20645,0x0938,149,122
20645,0x0939,145,167
20645,0x093A,2,0
20645,0x093C,165,146
20645,0x093D,145,148
20645,0x093E,0,2
20645,0x0940,189,162
20645,0x0941,90,148
20645,0x0942,2,0
20645,0x0944,205,185
20645,0x0945,90,96
20645,0x0946,0,2
20645,0x0948,130,201
20645,0x0949,110,96
20645,0x094A,7,0
20645,0x094B,36,103
20645,0x094C,119,133
20645,0x094D,224,111
20645,0x094E,2,6
20645,0x094F,32,36
20645,0x0B04,10,42
20645,0x0B24,134,135
20645,0x0B26,13,14
20645,0x0B28,26,28
20645,0x0B84,134,135
20645,0x0B86,13,14
20645,0x0B88,26,28
20645,0x0F99,13,14
20645,0x0F9D,13,14
20645,0x0FD1,13,14
20645,0x0FF0,13,14
20645,0x1000,128,192
20645,0x1011,121,126
20645,0x1033,32,30
20645,0x1034,175,173
20645,0x1051,121,126
20645,0x1064,86,88
20645,0x106C,45,40
20645,0x16D0,11,143
20645,0x16D1,69,71
20645,0x16E6,218,216
20645,0x16F5,104,102
20645,0x16F8,10,8
20645,0x1710,139,138
20645,0x1711,155,158
20645,0x1713,250,225
20645,0x1714,90,91
20645,0x1716,123,129
20645,0x1719,120,114
20645,0x1726,151,149
20645,0x1735,142,140
20645,0x1738,20,18
20645,0x1750,165,41
20645,0x1751,125,128
20645,0x1753,10,96
20645,0x1754,78,79
20645,0x1759,165,173
20645,0x1766,173,171
20645,0x1775,59,57
20645,0x1778,4,2
20645,0x1790,249,125
20645,0x1791,97,100
20645,0x1793,120,30
20645,0x1794,67,68
20645,0x1799,77,85
20645,0x17A6,195,193
20645,0x17B5,81,79
20645,0x17B8,26,24
20645,0x17D0,216,64
20645,0x17D1,246,243
20645,0x17E6,241,239
20645,0x17F5,178,176
20645,0x17F8,5,3
20645,0x1810,116,220
20645,0x1811,126,122
20645,0x1813,96,207
20645,0x1819,81,47
20645,0x1826,174,172
20645,0x1835,111,109
20645,0x1838,9,7
20645,0x1850,252,100
20645,0x1851,165,162
20645,0x1853,19,110
20645,0x1854,153,156
20645,0x1859,199,165
20645,0x1866,196,194
20645,0x1875,133,131
20645,0x1878,31,29
20645,0x1890,132,236
20645,0x1891,205,201
20645,0x1893,162,233
20645,0x1894,98,104
20645,0x1899,61,27
20645,0x18A6,218,216
20645,0x18B5,155,153
20645,0x18B8,53,51
20645,0x1B10,179,225
20645,0x1B11,134,137
20645,0x1B13,213,119
20645,0x1B14,114,115
20645,0x1B24,182,184
20645,0x1B26,2,1
20645,0x1B2C,61,56
20645,0x1B30,3,1
20647,0x0020,133,137
20647,0x0022,111,112
20647,0x0024,6,7
20647,0x0026,36,34
20647,0x0028,36,34
20647,0x0049,1,11
20647,0x0051,3,1
20647,0x0069,141,143
20647,0x006B,71,73
20647,0x0071,120,122
20647,0x0072,120,122
20647,0x007B,14,15
20647,0x00AD,30,32
20647,0x00B7,20,19
20647,0x00CD,188,191
20647,0x00CE,198,204
20647,0x00CF,222,232
20647,0x00D0,245,3
20647,0x0176,144,165
20647,0x0178,52,180
20647,0x017D,52,53
20647,0x01FD,36,52
20647,0x01FE,171,207
20647,0x02F6,44,255
20647,0x0305,140,60
20647,0x030D,150,70
20647,0x0315,160,80
20647,0x031D,170,90
20647,0x0874,86,222
20647,0x0875,1,42
20647,0x0876,222,86
20647,0x0877,42,1
20647,0x0894,14,22
20647,0x0895,58,91
20647,0x0896,22,14
20647,0x0897,91,58
20647,0x0900,126,117
20647,0x0902,2,40
20647,0x0903,38,34
20647,0x0904,110,101
20647,0x0906,0,38
20647,0x0907,38,34
20647,0x0908,104,74
20647,0x0909,104,56
20647,0x090A,36,2
20647,0x090B,34,41
20647,0x090C,71,58
20647,0x090E,2,0
20647,0x0910,55,161
20647,0x0911,56,84
20647,0x0912,0,2
20647,0x0914,158,145
20647,0x0915,83,84
20647,0x0916,2,0
20647,0x0918,142,130
20647,0x0919,83,72
20647,0x091A,0,2
20647,0x091C,128,114
20647,0x091D,71,72
20647,0x091E,2,0
20647,0x0920,112,103
20647,0x0921,71,60
20647,0x0922,0,2
20647,0x0924,100,87
20647,0x0926,2,0
20647,0x0928,84,223
20647,0x0929,60,56
20647,0x092A,0,2
20647,0x092B,41,103
20647,0x092C,227,239
20647,0x092E,2,0
20647,0x0930,243,103
20647,0x0931,56,167
20647,0x0932,0,2
20647,0x0934,106,119
20647,0x0936,2,0
20647,0x0938,122,142
20647,0x0939,167,151
20647,0x093A,0,2
20647,0x093C,146,158
20647,0x093D,148,151
20647,0x093E,2,0
20647,0x0940,162,182
20647,0x0941,148,102
20647,0x0942,0,2
20647,0x0944,185,198
20647,0x0945,96,102
20647,0x0946,2,0
20647,0x0948,201,137
20647,0x0949,96,112
20647,0x094A,0,7
20647,0x094B,103,34
20647,0x094C,133,129
20647,0x094D,111,224
20647,0x094E,6,2
20647,0x094F,36,38
20647,0x0950,103,113
20647,0x0953,32,38
20647,0x0B04,42,10
20647,0x0B26,14,15
20647,0x0B28,28,30
20647,0x0B86,14,15
20647,0x0B88,28,30
20647,0x0C58,4,36
20647,0x0E82,1,0
20647,0x0F99,14,15
20647,0x0F9D,14,15
20647,0x0FD1,14,15
20647,0x0FF0,14,15
20647,0x1000,192,128
20647,0x1011,126,131
20647,0x1033,30,28
20647,0x1034,173,171
20647,0x1051,126,131
20647,0x1064,88,90
20647,0x106C,40,31
20647,0x16D0,143,19
20647,0x16D1,71,74
20647,0x16E6,216,214
20647,0x16F5,102,100
20647,0x16F8,8,6
20647,0x1710,138,149
20647,0x1711,158,161
20647,0x1713,225,188
20647,0x1714,91,92
20647,0x1716,129,135
20647,0x1719,114,108
20647,0x1726,149,147
20647,0x1735,140,138
20647,0x1738,18,16
20647,0x1750,41,176
20647,0x1751,128,130
20647,0x1753,96,191
20647,0x1754,79,80
20647,0x1756,66,69
20647,0x1759,173,174
20647,0x175C,5,3
20647,0x175D,4,253
20647,0x1766,171,169
20647,0x1775,57,55
20647,0x1778,2,38
20647,0x1779,2,0
20647,0x177A,133,138
20647,0x1790,125,1
20647,0x1791,100,103
20647,0x1793,30,212
20647,0x1799,85,93
20647,0x17A6,193,191
20647,0x17B5,79,77
20647,0x17B8,24,22
20647,0x17D0,64,168
20647,0x17D1,243,239
20647,0x17E6,239,237
20647,0x17F5,176,174
20647,0x17F8,3,1
20647,0x1810,220,68
20647,0x1811,122,119
20647,0x1813,207,250
20647,0x1819,47,13
20647,0x1826,172,170
20647,0x1835,109,107
20647,0x1838,7,5
20647,0x1850,100,204
20647,0x1851,162,158
20647,0x1853,110,133
20647,0x1854,156,159
20647,0x1859,165,131
20647,0x1866,194,192
20647,0x1875,131,129
20647,0x1878,29,27
20647,0x1890,236,84
20647,0x1891,201,198
20647,0x1893,233,236
20647,0x1894,104,110
20647,0x1899,27,249
20647,0x189A,3,2
20647,0x18A6,216,214
20647,0x18B5,153,151
20647,0x18B8,51,49
20647,0x1B10,225,15
20647,0x1B11,137,141
20647,0x1B13,119,25
20647,0x1B14,115,116
20647,0x1B24,184,182
20647,0x1B27,4,2
20647,0x1B2C,56,61
20647,0x1B30,1,2
20647,0xFFFF,125,126
20649,0x0004,6,8
20649,0x0020,137,140
20649,0x0026,34,36
20649,0x0028,34,36
20649,0x0049,11,9
20649,0x0051,1,5
20649,0x0069,143,145
20649,0x006B,73,75
20649,0x007B,15,16
20649,0x00AD,32,34
20649,0x00B7,19,21
20649,0x00CD,191,194
20649,0x00CE,204,210
20649,0x00CF,232,242
20649,0x00D0,3,17
20649,0x0176,165,144
20649,0x0178,180,52
20649,0x017D,53,52
20649,0x023E,111,123
20649,0x02F6,255,32
20649,0x02FB,1,2
20649,0x0501,131,81
20649,0x0502,86,94
20649,0x0503,20,4
20649,0x0508,65,17
20649,0x0509,81,84
20649,0x050B,20,4
20649,0x0510,86,90
20649,0x0512,40,24
20649,0x0516,128,66
20649,0x0517,90,81
20649,0x0519,32,44
20649,0x051D,64,132
20649,0x051E,81,86
20649,0x0520,52,64
20649,0x0600,0,116
20649,0x0601,0,16
20649,0x0602,0,118
20649,0x0603,0,16
20649,0x060E,0,189
20649,0x060F,0,26
20649,0x0610,0,113
20649,0x0611,0,24
20649,0x0612,0,106
20649,0x0613,0,88
20649,0x0618,0,190
20649,0x0619,0,12
20649,0x061A,0,206
20649,0x061B,0,12
20649,0x061C,0,95
20649,0x061D,0,80
20649,0x061E,0,11
20649,0x061F,0,16
20649,0x0620,0,11
20649,0x0621,0,16
20649,0x0622,185,11
20649,0x0623,12,16
20649,0x0624,165,28
20649,0x0625,12,17
20649,0x0626,172,44
20649,0x0627,12,17
20649,0x0628,0,116
20649,0x0629,0,16
20649,0x062A,0,117
20649,0x062B,0,16
20649,0x0632,0,181
20649,0x0633,0,12
20649,0x0634,0,197
20649,0x0635,0,12
20649,0x0636,0,197
20649,0x0637,0,12
20649,0x0638,0,197
20649,0x0639,0,12
20649,0x063A,0,197
20649,0x063B,0,12
20649,0x063C,148,197
20649,0x063E,153,173
20649,0x0640,158,0
20649,0x0641,12,0
20649,0x0642,158,0
20649,0x0643,12,0
20649,0x0644,164,0
20649,0x0645,12,0
20649,0x0646,172,0
20649,0x0647,12,0
20649,0x071A,94,90
20649,0x071B,115,107
20649,0x071C,30,10
20649,0x071E,8,0
20649,0x0874,222,86
20649,0x0875,42,1
20649,0x0876,86,222
20649,0x0877,1,42
20649,0x0894,22,14
20649,0x0895,91,58
20649,0x0896,14,22
20649,0x0897,58,91
20649,0x0900,117,136
20649,0x0902,40,2
20649,0x0903,34,38
20649,0x0904,101,120
20649,0x0906,38,0
20649,0x0907,34,38
20649,0x0908,74,122
20649,0x0909,56,104
20649,0x090A,2,34
20649,0x090B,41,34
20649,0x090C,58,106
20649,0x090D,56,104
20649,0x090E,0,32
20649,0x090F,41,34
20649,0x0910,161,76
20649,0x0911,84,56
20649,0x0914,145,60
20649,0x0915,84,56
20649,0x0918,130,164
20649,0x0919,72,85
20649,0x091C,114,148
20649,0x091D,72,85
20649,0x0920,103,133
20649,0x0921,60,74
20649,0x0924,87,117
20649,0x0925,60,74
20649,0x0928,223,105
20649,0x0929,56,61
20649,0x092B,103,41
20649,0x092C,239,89
20649,0x092D,56,61
20649,0x092F,103,41
20649,0x0930,103,220
20649,0x0931,167,56
20649,0x0934,119,236
20649,0x0935,167,56
20649,0x0938,142,99
20649,0x0939,151,167
20649,0x093C,158,115
20649,0x093D,151,167
20649,0x0940,182,139
20649,0x0941,102,154
20649,0x0944,198,155
20649,0x0945,102,154
20649,0x0948,137,178
20649,0x0949,112,108
20649,0x094A,7,2
20649,0x094B,34,103
20649,0x094C,129,194
20649,0x094D,224,108
20649,0x094E,2,0
20649,0x094F,38,103
20649,0x0950,113,140
20649,0x0951,224,112
20649,0x0952,0,7
20649,0x0953,38,36
20649,0x0B04,10,170
20649,0x0B22,67,68
20649,0x0B24,135,136
20649,0x0B26,15,16
20649,0x0B28,30,32
20649,0x0B82,67,68
20649,0x0B84,135,136
20649,0x0B86,15,16
20649,0x0B88,30,32
20649,0x0F99,15,16
20649,0x0F9D,15,16
20649,0x0FD1,15,16
20649,0x0FF0,15,16
20649,0x1000,128,192
20649,0x1011,131,136
20649,0x1033,28,26
20649,0x1034,171,169
20649,0x1051,131,136
20649,0x1064,90,86
20649,0x106C,31,45
20649,0x16D0,19,151
20649,0x16D1,74,76
20649,0x16E6,214,212
20649,0x16F5,100,98
20649,0x16F8,6,4
20649,0x1710,149,172
20649,0x1711,161,164
20649,0x1713,188,139
20649,0x1714,92,93
20649,0x1716,135,141
20649,0x1719,108,102
20649,0x1726,147,145
20649,0x1735,138,136
20649,0x1738,16,14
20649,0x1750,176,67
20649,0x1751,130,133
20649,0x1753,191,18
20649,0x1754,80,82
20649,0x1756,69,75
20649,0x1759,174,168
20649,0x1766,169,167
20649,0x1775,55,53
20649,0x1778,38,36
20649,0x1790,1,133
20649,0x1791,103,105
20649,0x1793,212,154
20649,0x1794,68,69
20649,0x1799,93,101
20649,0x17A6,191,189
20649,0x17B5,77,75
20649,0x17B8,22,20
20649,0x17D0,168,16
20649,0x17D1,239,236
20649,0x17D3,0,141
20649,0x17D9,0,94
20649,0x17DD,0,47
20649,0x17E6,237,235
20649,0x17F5,174,172
20649,0x17F8,1,17
20649,0x17F9,6,2
20649,0x17FA,95,99
20649,0x1810,68,172
20649,0x1811,119,115
20649,0x1813,250,225
20649,0x1819,13,235
20649,0x181A,0,255
20649,0x181B,0,255
20649,0x1826,170,168
20649,0x1835,107,105
20649,0x1838,5,3
20649,0x1850,204,52
20649,0x1851,158,155
20649,0x1853,133,88
20649,0x1854,159,162
20649,0x1859,131,97
20649,0x1866,192,190
20649,0x1875,129,127
20649,0x1878,27,25
20649,0x1890,84,188
20649,0x1891,198,194
20649,0x1893,236,171
20649,0x1894,110,116
20649,0x1899,249,215
20649,0x18A6,214,212
20649,0x18B5,151,149
20649,0x18B8,49,47
20649,0x1B10,15,61
20649,0x1B11,141,144
20649,0x1B13,25,187
20649,0x1B26,1,2
20649,0x1B27,2,4
20649,0x1B30,2,3
20651,0x0020,140,143
20651,0x0022,112,113
20651,0x0024,7,6
20651,0x0049,9,7
20651,0x0051,5,3
20651,0x0069,145,147
20651,0x006B,75,77
20651,0x007B,16,17
20651,0x00AD,34,36
20651,0x00B7,21,18
20651,0x00CD,194,197
20651,0x00CE,210,216
20651,0x00CF,242,252
20651,0x00D0,17,31
20651,0x0176,144,165
20651,0x0178,52,180
20651,0x02F6,32,155
20651,0x02FB,2,1
20651,0x0874,86,222
20651,0x0875,1,42
20651,0x0876,222,86
20651,0x0877,42,1
20651,0x0894,14,22
20651,0x0895,58,91
20651,0x0896,22,14
20651,0x0897,91,58
20651,0x0900,136,119
20651,0x0902,2,36
20651,0x0903,38,34
20651,0x0904,120,79
20651,0x0905,104,56
20651,0x0906,0,2
20651,0x0907,38,41
20651,0x0908,122,63
20651,0x0909,104,56
20651,0x090A,34,0
20651,0x090B,34,41
20651,0x090C,106,167
20651,0x090D,104,86
20651,0x090E,32,2
20651,0x090F,34,41
20651,0x0910,76,151
20651,0x0911,56,86
20651,0x0912,2,0
20651,0x0914,60,135
20651,0x0915,56,75
20651,0x0916,0,2
20651,0x0918,164,119
20651,0x0919,85,75
20651,0x091A,2,0
20651,0x091C,148,108
20651,0x091D,85,62
20651,0x091E,0,2
20651,0x0920,133,92
20651,0x0921,74,62
20651,0x0922,2,0
20651,0x0924,117,216
20651,0x0925,74,57
20651,0x0926,0,2
20651,0x0927,41,103
20651,0x0928,105,232
20651,0x0929,61,57
20651,0x092A,2,0
20651,0x092B,41,103
20651,0x092C,89,96
20651,0x092D,61,167
20651,0x092E,0,2
20651,0x092F,41,103
20651,0x0930,220,112
20651,0x0931,56,167
20651,0x0932,2,0
20651,0x0934,236,135
20651,0x0935,56,156
20651,0x0936,0,2
20651,0x0938,99,151
20651,0x0939,167,156
20651,0x093A,2,0
20651,0x093C,115,175
20651,0x093D,167,114
20651,0x093E,0,2
20651,0x0940,139,191
20651,0x0941,154,114
20651,0x0942,2,0
20651,0x0944,155,143
20651,0x0945,154,113
20651,0x0946,0,6
20651,0x0947,103,36
20651,0x0948,178,139
20651,0x0949,108,224
20651,0x094B,103,38
20651,0x094C,194,123
20651,0x094D,108,224
20651,0x094F,103,38
20651,0x0951,112,224
20651,0x0B04,170,2
20651,0x0B26,16,17
20651,0x0B28,32,34
20651,0x0B86,16,17
20651,0x0B88,32,34
20651,0x0F99,16,17
20651,0x0F9D,16,17
20651,0x0FD1,16,17
20651,0x0FF0,16,17
20651,0x1000,192,128
20651,0x1011,136,141
20651,0x1033,26,24
20651,0x1034,169,167
20651,0x1051,136,141
20651,0x1064,86,88
20651,0x106C,45,40
20651,0x16D0,151,27
20651,0x16D1,76,79
20651,0x16E6,212,210
20651,0x16F5,98,96
20651,0x16F8,4,2
20651,0x1710,172,207
20651,0x1711,164,167
20651,0x1713,139,78
20651,0x1714,93,94
20651,0x1716,141,147
20651,0x1719,102,96
20651,0x1726,145,143
20651,0x1735,136,134
20651,0x1738,14,12
20651,0x1750,67,226
20651,0x1751,133,135
20651,0x1753,18,89
20651,0x1754,82,83
20651,0x1756,75,81
20651,0x1759,168,162
20651,0x1766,167,165
20651,0x1775,53,51
20651,0x1778,36,34
20651,0x1790,133,9
20651,0x1791,105,108
20651,0x1793,154,112
20651,0x1794,69,70
20651,0x1799,101,109
20651,0x17A6,189,187
20651,0x17B5,75,73
20651,0x17B8,20,18
20651,0x17D0,16,120
20651,0x17D1,236,232
20651,0x17D3,141,214
20651,0x17D4,64,65
20651,0x17D9,94,188
20651,0x17E6,235,233
20651,0x17F5,172,170
20651,0x17F8,17,15
20651,0x1810,172,20
20651,0x1811,115,112
20651,0x1813,225,132
20651,0x1819,235,201
20651,0x1826,168,166
20651,0x1835,105,103
20651,0x1838,3,1
20651,0x1850,52,156
20651,0x1851,155,151
20651,0x1853,88,231
20651,0x1854,162,164
20651,0x1859,97,63
20651,0x1866,190,188
20651,0x1875,127,125
20651,0x1878,25,23
20651,0x1890,188,36
20651,0x1891,194,191
20651,0x1893,171,38
20651,0x1894,116,122
20651,0x1899,215,181
20651,0x18A6,212,210
20651,0x18B5,149,147
20651,0x18B8,47,45
20651,0x1B10,61,107
20651,0x1B11,144,147
20651,0x1B13,187,93
20651,0x1B14,116,117
20651,0x1B24,182,184
20651,0x1B26,2,1
20651,0x1B2C,61,56
20651,0x1B30,3,1
20653,0x0020,143,146
20653,0x0024,6,7
20653,0x0026,36,34
20653,0x0028,36,34
20653,0x0049,7,5
20653,0x0051,3,1
20653,0x0069,147,149
20653,0x006B,77,79
20653,0x007B,17,18
20653,0x00AD,36,38
20653,0x00B7,18,21
20653,0x00CD,197,200
20653,0x00CE,216,222
20653,0x00CF,252,6
20653,0x00D0,31,46
20653,0x0176,165,144
20653,0x0178,180,52
20653,0x02F6,155,39
20653,0x02FD,39,41
20653,0x0874,222,86
20653,0x0875,42,1
20653,0x0876,86,222
20653,0x0877,1,42
20653,0x0894,22,14
20653,0x0895,91,58
20653,0x0896,14,22
20653,0x0897,58,91
20653,0x0900,119,146
20653,0x0902,36,2
20653,0x0903,34,38
20653,0x0904,79,130
20653,0x0905,56,104
20653,0x0906,2,0
20653,0x0907,41,38
20653,0x0908,63,132
20653,0x0909,56,104
20653,0x090A,0,40
20653,0x090B,41,34
20653,0x090C,167,116
20653,0x090D,86,104
20653,0x090E,2,38
20653,0x090F,41,34
20653,0x0910,151,81
20653,0x0911,86,56
20653,0x0912,0,2
20653,0x0914,135,65
20653,0x0915,75,56
20653,0x0916,2,0
20653,0x0918,119,170
20653,0x0919,75,87
20653,0x091A,0,2
20653,0x091C,108,154
20653,0x091D,62,87
20653,0x091E,2,0
20653,0x0920,92,138
20653,0x0921,62,76
20653,0x0922,0,2
20653,0x0924,216,122
20653,0x0925,57,76
20653,0x0926,2,0
20653,0x0927,103,41
20653,0x0928,232,110
20653,0x0929,57,63
20653,0x092A,0,2
20653,0x092B,103,41
20653,0x092C,96,94
20653,0x092D,167,63
20653,0x092E,2,0
20653,0x092F,103,41
20653,0x0930,112,212
20653,0x0931,167,59
20653,0x0932,0,2
20653,0x0934,135,228
20653,0x0935,156,59
20653,0x0936,2,0
20653,0x0938,151,92
20653,0x0939,156,167
20653,0x093A,0,2
20653,0x093C,175,108
20653,0x093D,114,167
20653,0x093E,2,0
20653,0x0940,191,132
20653,0x0941,114,159
20653,0x0942,0,2
20653,0x0944,143,148
20653,0x0945,113,159
20653,0x0946,6,0
20653,0x0947,36,103
20653,0x0948,139,171
20653,0x0949,224,119
20653,0x094B,38,103
20653,0x094C,123,187
20653,0x094D,224,119
20653,0x094F,38,103
20653,0x0950,140,146
20653,0x0951,224,113
20653,0x0953,36,34
20653,0x0B04,2,170
20653,0x0B24,136,137
20653,0x0B26,17,18
20653,0x0B28,34,36
20653,0x0B84,136,137
20653,0x0B86,17,18
20653,0x0B88,34,36
20653,0x0F99,17,18
20653,0x0F9D,17,18
20653,0x0FD1,17,18
20653,0x0FF0,17,18
20653,0x1000,128,192
20653,0x1011,141,146
20653,0x1033,24,22
20653,0x1034,167,165
20653,0x1051,141,146
20653,0x1064,88,90
20653,0x106C,40,31
20653,0x16D0,27,159
20653,0x16D1,79,81
20653,0x16D3,174,199
20653,0x16D9,21,25
20653,0x16DD,11,4
20653,0x16E6,210,208
20653,0x16F5,96,94
20653,0x16F8,2,39
20653,0x16F9,6,2
20653,0x16FA,129,133
20653,0x1710,207,254
20653,0x1711,167,170
20653,0x1713,78,5
20653,0x1714,94,95
20653,0x1716,147,153
20653,0x1719,96,90
20653,0x1726,143,141
20653,0x1735,134,132
20653,0x1738,12,10
20653,0x1750,226,141
20653,0x1751,135,138
20653,0x1753,89,148
20653,0x1754,83,84
20653,0x1756,81,87
20653,0x1759,162,156
20653,0x1766,165,163
20653,0x1775,51,49
20653,0x1778,34,32
20653,0x1790,9,141
20653,0x1791,108,110
20653,0x1793,112,86
20653,0x1794,70,71
20653,0x1799,109,117
20653,0x17A6,187,185
20653,0x17B5,73,71
20653,0x17B8,18,16
20653,0x17D0,120,224
20653,0x17D1,232,228
20653,0x17D3,214,219
20653,0x17D4,65,67
20653,0x17D9,188,26
20653,0x17DA,0,1
20653,0x17E6,233,231
20653,0x17F5,170,168
20653,0x17F8,15,13
20653,0x1810,20,124
20653,0x1811,112,108
20653,0x1826,166,164
20653,0x1835,103,101
20653,0x1838,1,17
20653,0x1839,2,6
20653,0x183A,103,106
20653,0x1850,156,4
20653,0x1851,151,148
20653,0x1853,231,50
20653,0x1854,164,167
20653,0x1859,63,29
20653,0x1866,188,186
20653,0x1875,125,123
20653,0x1878,23,21
20653,0x1890,36,140
20653,0x1891,191,187
20653,0x1893,38,93
20653,0x1894,122,127
20653,0x1899,181,147
20653,0x18A6,210,208
20653,0x18B5,147,145
20653,0x18B8,45,43
20653,0x1B10,107,153
20653,0x1B11,147,150
20653,0x1B13,93,255
20653,0x1B24,184,182
20653,0x1B27,4,2
20653,0x1B2C,56,61
20653,0x1B30,1,2
20655,0x0020,146,149
20655,0x0022,113,114
20655,0x0026,34,36
20655,0x0028,34,36
20655,0x0049,5,3
20655,0x0051,1,11
20655,0x0069,149,151
20655,0x006B,79,81
20655,0x007B,18,19
20655,0x00AD,38,40
20655,0x00B7,21,19
20655,0x00CD,200,203
20655,0x00CE,222,228
20655,0x00CF,6,16
20655,0x00D0,46,60
20655,0x0176,144,165
20655,0x0178,52,180
20655,0x023D,52,36
20655,0x023E,123,91
20655,0x02F6,39,56
20655,0x02FB,1,2
20655,0x0301,41,38
20655,0x0302,76,79
20655,0x0303,10,20
20655,0x0305,60,252
20655,0x0306,148,145
20655,0x0309,73,70
20655,0x030A,76,79
20655,0x030B,10,20
20655,0x030D,70,16
20655,0x030E,148,146
20655,0x0311,105,102
20655,0x0312,76,79
20655,0x0313,10,20
20655,0x0315,80,36
20655,0x0316,148,146
20655,0x071A,90,165
20655,0x071B,107,28
20655,0x071C,10,60
20655,0x071D,0,1
20655,0x071E,0,62
20655,0x071F,0,2
20655,0x0874,86,222
20655,0x0875,1,42
20655,0x0876,222,86
20655,0x0877,42,1
20655,0x0894,14,22
20655,0x0895,58,91
20655,0x0896,22,14
20655,0x0897,91,58
20655,0x0900,146,137
20655,0x0902,2,34
20655,0x0903,38,34
20655,0x0904,130,121
20655,0x0906,0,32
20655,0x0907,38,34
20655,0x0908,132,84
20655,0x0909,104,57
20655,0x090A,40,2
20655,0x090B,34,41
20655,0x090C,116,68
20655,0x090D,104,57
20655,0x090E,38,0
20655,0x090F,34,41
20655,0x0910,81,174
20655,0x0911,56,87
20655,0x0914,65,158
20655,0x0915,56,87
20655,0x0918,170,141
20655,0x0919,87,77
20655,0x091C,154,125
20655,0x091D,87,77
20655,0x0920,138,113
20655,0x0921,76,64
20655,0x0924,122,97
20655,0x0925,76,64
20655,0x0928,110,209
20655,0x0929,63,62
20655,0x092B,41,103
20655,0x092C,94,225
20655,0x092D,63,62
20655,0x092F,41,103
20655,0x0930,212,88
20655,0x0931,59,167
20655,0x0934,228,104
20655,0x0935,59,167
20655,0x0938,92,128
20655,0x0939,167,161
20655,0x093C,108,144
20655,0x093D,167,161
20655,0x0940,132,167
20655,0x0941,159,124
20655,0x0944,148,183
20655,0x0945,159,124
20655,0x0948,171,149
20655,0x0949,119,114
20655,0x094A,2,7
20655,0x094B,103,36
20655,0x094C,187,149
20655,0x094D,119,224
20655,0x094E,0,2
20655,0x094F,103,38
20655,0x0950,146,133
20655,0x0951,113,224
20655,0x0952,7,0
20655,0x0953,34,38
20655,0x0B04,170,10
20655,0x0B26,18,19
20655,0x0B28,36,38
20655,0x0B86,18,19
20655,0x0B88,36,38
20655,0x0F99,18,19
20655,0x0F9D,18,19
20655,0x0FD1,18,19
20655,0x0FF0,18,19
20655,0x1000,192,128
20655,0x1011,146,151
20655,0x1027,6,0
20655,0x1033,22,20
20655,0x1034,165,163
20655,0x1051,146,151
20655,0x1064,90,86
20655,0x106C,31,45
20655,0x16D0,159,35
20655,0x16D1,81,84
20655,0x16D3,199,5
20655,0x16D4,64,65
20655,0x16D9,25,33
20655,0x16E6,208,206
20655,0x16F5,94,92
20655,0x16F8,39,37
20655,0x1710,254,57
20655,0x1711,170,174
20655,0x1713,5,176
20655,0x1716,153,159
20655,0x1719,90,84
20655,0x1726,141,139
20655,0x1735,132,130
20655,0x1738,10,8
20655,0x1750,141,68
20655,0x1751,138,141
20655,0x1753,148,195
20655,0x1754,84,85
20655,0x1756,87,93
20655,0x1759,156,150
20655,0x1766,163,161
20655,0x1775,49,47
20655,0x1778,32,30
20655,0x1790,141,17
20655,0x1791,110,113
20655,0x1793,86,76
20655,0x1794,71,72
20655,0x1799,117,125
20655,0x17A6,185,183
20655,0x17B5,71,69
20655,0x17B8,16,14
20655,0x17D0,224,72
20655,0x17D1,228,225
20655,0x17D3,219,156
20655,0x17D4,67,70
20655,0x17D9,26,120
20655,0x17E6,231,229
20655,0x17F5,168,166
20655,0x17F8,13,11
20655,0x1810,124,228
20655,0x1811,108,104
20655,0x1826,164,162
20655,0x1835,101,99
20655,0x1838,17,15
20655,0x1850,4,108
20655,0x1851,148,144
20655,0x1853,50,57
20655,0x1854,167,169
20655,0x1859,29,251
20655,0x185A,1,0
20655,0x1866,186,184
20655,0x1875,123,121
20655,0x1878,21,19
20655,0x1890,140,244
20655,0x1891,187,183
20655,0x1893,93,80
20655,0x1894,127,132
20655,0x1899,147,113
20655,0x18A6,208,206
20655,0x18B5,145,143
20655,0x18B8,43,41
20655,0x1B10,153,199
20655,0x1B11,150,153
20655,0x1B13,255,161
20655,0x1B14,117,118
20655,0x1B26,1,2
20655,0x1B27,2,4
20655,0x1B30,2,3
20657,0x0004,8,10
20657,0x0020,149,152
20657,0x0022,114,115
20657,0x0024,7,6
20657,0x0049,3,1
20657,0x0051,11,9
20657,0x0069,151,153
20657,0x006B,81,83
20657,0x007B,19,20
20657,0x00AD,40,42
20657,0x00B7,19,20
20657,0x00CD,203,206
20657,0x00CE,228,234
20657,0x00CF,16,26
20657,0x00D0,60,74
20657,0x0176,165,144
20657,0x0178,180,52
20657,0x02F6,56,44
20657,0x02FB,2,1
20657,0x02FD,41,39
20657,0x0501,81,133
20657,0x0502,94,86
20657,0x0503,4,20
20657,0x0600,116,0
20657,0x0601,16,0
20657,0x0602,118,0
20657,0x0603,16,0
20657,0x060E,189,0
20657,0x060F,26,0
20657,0x0610,113,0
20657,0x0611,24,0
20657,0x0612,106,0
20657,0x0613,88,0
20657,0x0874,222,86
20657,0x0875,42,1
20657,0x0876,86,222
20657,0x0877,1,42
20657,0x0894,22,14
20657,0x0895,91,58
20657,0x0896,14,22
20657,0x0897,58,91
20657,0x0900,137,156
20657,0x0902,34,2
20657,0x0903,34,32
20657,0x0904,121,140
20657,0x0906,32,0
20657,0x0907,34,32
20657,0x0908,84,134
20657,0x0909,57,104
20657,0x090A,2,36
20657,0x090B,41,34
20657,0x090C,68,86
20657,0x090E,0,2
20657,0x0910,174,70
20657,0x0911,87,57
20657,0x0912,2,0
20657,0x0914,158,177
20657,0x0915,87,88
20657,0x0916,0,2
20657,0x0918,141,161
20657,0x0919,77,88
20657,0x091A,2,0
20657,0x091C,125,144
20657,0x091D,77,78
20657,0x091E,0,2
20657,0x0920,113,128
20657,0x0921,64,78
20657,0x0922,2,0
20657,0x0924,97,115
20657,0x0925,64,65
20657,0x0926,0,2
20657,0x0928,209,99
20657,0x0929,62,65
20657,0x092A,2,0
20657,0x092B,103,41
20657,0x092C,225,205
20657,0x092D,62,66
20657,0x092E,0,2
20657,0x0930,88,221
20657,0x0931,167,66
20657,0x0932,2,0
20657,0x0934,104,85
20657,0x0936,0,2
20657,0x0938,128,101
20657,0x0939,161,167
20657,0x093A,2,0
20657,0x093C,144,124
20657,0x093D,161,162
20657,0x093E,0,2
20657,0x0940,167,140
20657,0x0941,124,162
20657,0x0942,2,0
20657,0x0944,183,164
20657,0x0945,124,128
20657,0x0946,0,2
20657,0x0948,149,180
20657,0x0949,114,128
20657,0x094A,7,0
20657,0x094B,36,103
20657,0x094C,149,152
20657,0x094D,224,115
20657,0x094E,2,6
20657,0x094F,38,36
20657,0x0B04,10,42
20657,0x0B22,68,69
20657,0x0B24,137,138
20657,0x0B26,19,20
20657,0x0B28,38,40
20657,0x0B82,68,69
20657,0x0B84,137,138
20657,0x0B86,19,20
20657,0x0B88,38,40
20657,0x0F99,19,20
20657,0x0F9D,19,20
20657,0x0FD1,19,20
20657,0x0FF0,19,20
20657,0x1000,128,192
20657,0x1011,151,156
20657,0x1033,20,18
20657,0x1034,163,161
20657,0x1051,151,156
20657,0x1064,86,88
20657,0x106C,45,40
20657,0x16D0,35,167
20657,0x16D1,84,86
20657,0x16D3,5,83
20657,0x16D9,33,41
20657,0x16E6,206,204
20657,0x16F5,92,90
20657,0x16F8,37,35
20657,0x1710,57,128
20657,0x1711,174,177
20657,0x1713,176,79
20657,0x1714,95,96
20657,0x1716,159,165
20657,0x1719,84,78
20657,0x1726,139,137
20657,0x1735,130,128
20657,0x1738,8,6
20657,0x1750,68,7
20657,0x1751,141,144
20657,0x1753,195,230
20657,0x1754,85,86
20657,0x1756,93,99
20657,0x1759,150,144
20657,0x1766,161,159
20657,0x1775,47,45
20657,0x1778,30,28
20657,0x1790,17,149
20657,0x1791,113,115
20657,0x1793,76,82
20657,0x1794,72,73
20657,0x1799,125,133
20657,0x17A6,183,181
20657,0x17B5,69,67
20657,0x17B8,14,12
20657,0x17D0,72,176
20657,0x17D1,225,221
20657,0x17D3,156,25
20657,0x17D4,70,74
20657,0x17D9,120,214
20657,0x17E6,229,227
20657,0x17F5,166,164
20657,0x17F8,11,9
20657,0x1810,228,76
20657,0x1811,104,101
20657,0x1826,162,160
20657,0x1835,99,97
20657,0x1838,15,13
20657,0x1850,108,212
20657,0x1851,144,140
20657,0x1853,57,252
20657,0x1854,169,170
20657,0x1859,251,217
20657,0x1866,184,182
20657,0x1875,121,119
20657,0x1878,19,17
20657,0x1890,244,92
20657,0x1891,183,180
20657,0x1893,80,255
20657,0x1894,132,136
20657,0x1899,113,79
20657,0x18A6,206,204
20657,0x18B5,143,141
20657,0x18B8,41,39
20657,0x1B10,199,245
20657,0x1B11,153,156
20657,0x1B13,161,67
20657,0x1B14,118,119
20657,0x1B24,182,184
20657,0x1B26,2,1
20657,0x1B2C,61,56
20657,0x1B30,3,1
20659,0x0020,152,156
20659,0x0024,6,7
20659,0x0026,36,34
20659,0x0028,36,34
20659,0x0049,1,11
20659,0x0051,9,7
20659,0x0069,153,155
20659,0x006B,83,85
20659,0x007B,20,21
20659,0x00AD,42,44
20659,0x00B7,20,19
20659,0x00CD,206,209
20659,0x00CE,234,240
20659,0x00CF,26,36
20659,0x00D0,74,88
20659,0x0176,144,165
20659,0x0178,52,180
20659,0x01FE,207,215
20659,0x02F6,44,255
20659,0x02FD,39,41
20659,0x072C,220,92
20659,0x072D,74,9
20659,0x072E,222,30
20659,0x072F,123,10
20659,0x0734,16,142
20659,0x0735,74,8
20659,0x0736,222,88
20659,0x0737,123,9
20659,0x073C,149,150
20659,0x073D,17,8
20659,0x073E,220,92
20659,0x073F,74,9
20659,0x0874,86,222
20659,0x0875,1,42
20659,0x0876,222,86
20659,0x0877,42,1
20659,0x0894,14,22
20659,0x0895,58,91
20659,0x0896,22,14
20659,0x0897,91,58
20659,0x0900,156,147
20659,0x0902,2,40
20659,0x0903,32,34
20659,0x0904,140,131
20659,0x0906,0,38
20659,0x0907,32,34
20659,0x0908,134,89
20659,0x0909,104,57
20659,0x090A,36,2
20659,0x090B,34,41
20659,0x090C,86,73
20659,0x090E,2,0
20659,0x0910,70,180
20659,0x0911,57,88
20659,0x0912,0,2
20659,0x0914,177,164
20659,0x0916,2,0
20659,0x0918,161,146
20659,0x0919,88,79
20659,0x091A,0,2
20659,0x091C,144,130
20659,0x091D,78,79
20659,0x091E,2,0
20659,0x0920,128,118
20659,0x0921,78,66
20659,0x0922,0,2
20659,0x0924,115,102
20659,0x0925,65,66
20659,0x0926,2,0
20659,0x0928,99,202
20659,0x0929,65,70
20659,0x092A,0,2
20659,0x092B,41,103
20659,0x092C,205,218
20659,0x092D,66,70
20659,0x092E,2,0
20659,0x0930,221,81
20659,0x0931,66,167
20659,0x0932,0,2
20659,0x0934,85,97
20659,0x0936,2,0
20659,0x0938,101,121
20659,0x0939,167,164
20659,0x093A,0,2
20659,0x093C,124,137
20659,0x093D,162,164
20659,0x093E,2,0
20659,0x0940,140,160
20659,0x0941,162,133
20659,0x0942,0,2
20659,0x0944,164,176
20659,0x0945,128,133
20659,0x0946,2,0
20659,0x0948,180,156
20659,0x0949,128,115
20659,0x094A,0,7
20659,0x094B,103,34
20659,0x094C,152,159
20659,0x094D,115,224
20659,0x094E,6,2
20659,0x094F,36,32
20659,0x0950,133,143
20659,0x0953,38,32
20659,0x0B04,42,10
20659,0x0B26,20,21
20659,0x0B28,40,42
20659,0x0B86,20,21
20659,0x0B88,40,42
20659,0x0F99,20,21
20659,0x0F9D,20,21
20659,0x0FD1,20,21
20659,0x0FF0,20,21
20659,0x1000,192,128
20659,0x1011,156,161
20659,0x1027,0,6
20659,0x1033,18,16
20659,0x1034,161,159
20659,0x1051,156,161
20659,0x1064,88,90
20659,0x106C,40,31
20659,0x16D0,167,43
20659,0x16D1,86,89
20659,0x16D3,83,177
20659,0x16D9,41,49
20659,0x16E6,204,202
20659,0x16F5,90,88
20659,0x16F8,35,33
20659,0x1710,128,211
20659,0x1711,177,180
20659,0x1713,79,226
20659,0x1716,165,171
20659,0x1719,78,72
20659,0x1726,137,135
20659,0x1735,128,126
20659,0x1738,6,4
20659,0x1750,7,214
20659,0x1751,144,146
20659,0x1753,230,253
20659,0x1754,86,87
20659,0x1756,99,105
20659,0x1759,144,138
20659,0x1766,159,157
20659,0x1775,45,43
20659,0x1778,28,26
20659,0x1790,149,25
20659,0x1791,115,118
20659,0x1793,82,104
20659,0x1794,73,74
20659,0x1799,133,141
20659,0x17A6,181,179
20659,0x17B5,67,65
20659,0x17B8,12,10
20659,0x17D0,176,24
20659,0x17D1,221,218
20659,0x17D3,25,82
20659,0x17D4,74,78
20659,0x17D9,214,52
20659,0x17DA,1,2
20659,0x17E6,227,225
20659,0x17F5,164,162
20659,0x17F8,9,7
20659,0x1810,76,180
20659,0x1811,101,97
20659,0x1826,160,158
20659,0x1835,97,95
20659,0x1838,13,11
20659,0x1850,212,60
20659,0x1851,140,137
20659,0x1853,252,123
20659,0x1854,170,172
20659,0x1859,217,183
20659,0x1866,182,180
20659,0x1875,119,117
20659,0x1878,17,15
20659,0x1890,92,196
20659,0x1891,180,176
20659,0x1893,255,106
20659,0x1894,136,141
20659,0x1899,79,45
20659,0x18A6,204,202
20659,0x18B5,141,139
20659,0x18B8,39,37
20659,0x1B10,245,35
20659,0x1B11,156,160
20659,0x1B13,67,229
20659,0x1B24,184,182
20659,0x1B27,4,2
20659,0x1B2C,56,61
20659,0x1B30,1,2
20661,0x0020,156,159
20661,0x0022,115,116
20661,0x0026,34,36
20661,0x0028,34,36
20661,0x0049,11,9
20661,0x0051,7,5
20661,0x0069,155,157
20661,0x006B,85,87
20661,0x007B,21,22
20661,0x00AD,44,46
20661,0x00B7,19,21
20661,0x00CD,209,212
20661,0x00CE,240,246
20661,0x00CF,36,46
20661,0x00D0,88,102
20661,0x0176,165,144
20661,0x0178,180,52
20661,0x02F6,255,53
20661,0x0874,222,86
20661,0x0875,42,1
20661,0x0876,86,222
20661,0x0877,1,42
20661,0x0894,22,14
20661,0x0895,91,58
20661,0x0896,14,22
20661,0x0897,58,91
20661,0x0900,147,166
20661,0x0902,40,2
20661,0x0903,34,38
20661,0x0904,131,150
20661,0x0906,38,0
20661,0x0907,34,38
20661,0x0908,89,152
20661,0x0909,57,104
20661,0x090A,2,34
20661,0x090B,41,34
20661,0x090C,73,136
20661,0x090D,57,104
20661,0x090E,0,32
20661,0x090F,41,34
20661,0x0910,180,91
20661,0x0911,88,58
20661,0x0914,164,75
20661,0x0915,88,58
20661,0x0918,146,184
20661,0x0919,79,89
20661,0x091C,130,168
20661,0x091D,79,89
20661,0x0920,118,149
20661,0x0921,66,81
20661,0x0924,102,133
20661,0x0925,66,81
20661,0x0928,202,120
20661,0x0929,70,67
20661,0x092B,103,41
20661,0x092C,218,104
20661,0x092D,70,67
20661,0x092F,103,41
20661,0x0930,81,198
20661,0x0931,167,75
20661,0x0934,97,214
20661,0x0935,167,75
20661,0x0938,121,78
20661,0x0939,164,167
20661,0x093C,137,94
20661,0x093D,164,167
20661,0x0940,160,117
20661,0x0941,133,165
20661,0x0944,176,133
20661,0x0945,133,165
20661,0x0948,156,157
20661,0x0949,115,137
20661,0x094A,7,2
20661,0x094B,34,103
20661,0x094C,159,173
20661,0x094D,224,137
20661,0x094E,2,0
20661,0x094F,32,103
20661,0x0950,143,159
20661,0x0951,224,116
20661,0x0952,0,7
20661,0x0953,32,36
20661,0x0B04,10,170
20661,0x0B24,138,139
20661,0x0B26,21,22
20661,0x0B28,42,44
20661,0x0B84,138,139
20661,0x0B86,21,22
20661,0x0B88,42,44
20661,0x0F99,21,22
20661,0x0F9D,21,22
20661,0x0FD1,21,22
20661,0x0FF0,21,22
20661,0x1000,128,192
20661,0x1011,161,166
20661,0x1033,16,14
20661,0x1034,159,157
20661,0x1051,161,166
20661,0x1064,90,86
20661,0x106C,31,45
20661,0x16D0,43,175
20661,0x16D1,89,91
20661,0x16D3,177,31
20661,0x16D4,65,66
20661,0x16D9,49,57
20661,0x16E6,202,200
20661,0x16F5,88,86
20661,0x16F8,33,31
20661,0x1710,211,50
20661,0x1711,180,184
20661,0x1713,226,105
20661,0x1714,96,97
20661,0x1716,171,177
20661,0x1719,72,66
20661,0x1726,135,133
20661,0x1735,126,124
20661,0x1738,4,2
20661,0x1750,214,177
20661,0x1751,146,149
20661,0x1753,253,8
20661,0x1754,87,89
20661,0x1756,105,111
20661,0x1759,138,132
20661,0x1766,157,155
20661,0x1775,43,41
20661,0x1778,26,24
20661,0x1790,25,157
20661,0x1791,118,120
20661,0x1793,104,142
20661,0x1794,74,75
20661,0x1799,141,149
20661,0x17A6,179,177
20661,0x17B5,65,63
20661,0x17B8,10,8
20661,0x17D0,24,128
20661,0x17D1,218,214
20661,0x17D3,82,71
20661,0x17D4,78,83
20661,0x17D9,52,146
20661,0x17E6,225,223
20661,0x17F5,162,160
20661,0x17F8,7,5
20661,0x1810,180,28
20661,0x1811,97,94
20661,0x1826,158,156
20661,0x1835,95,93
20661,0x1838,11,9
20661,0x1850,60,164
20661,0x1851,137,133
20661,0x1853,123,182
20661,0x1854,172,173
20661,0x1859,183,149
20661,0x1866,180,178
20661,0x1875,117,115
20661,0x1878,15,13
20661,0x1890,196,44
20661,0x1891,176,173
20661,0x1893,106,145
20661,0x1894,141,145
20661,0x1899,45,11
20661,0x18A6,202,200
20661,0x18B5,139,137
20661,0x18B8,37,35
20661,0x1B10,35,81
20661,0x1B11,160,163
20661,0x1B13,229,135
20661,0x1B14,119,120
20661,0x1B26,1,2
20661,0x1B27,2,4
20661,0x1B30,2,3
20663,0x0020,159,162
20663,0x0022,116,117
20663,0x0024,7,6
20663,0x0049,9,7
20663,0x0051,5,3
20663,0x0069,157,159
20663,0x006B,87,89
20663,0x007B,22,23
20663,0x00AD,46,48
20663,0x00B7,21,18
20663,0x00CD,212,215
20663,0x00CE,246,252
20663,0x00CF,46,56
20663,0x00D0,102,116
20663,0x0176,144,165
20663,0x0178,52,180
20663,0x02F6,53,155
20663,0x02FD,41,39
20663,0x0874,86,222
20663,0x0875,1,42
20663,0x0876,222,86
20663,0x0877,42,1
20663,0x0894,14,22
20663,0x0895,58,91
20663,0x0896,22,14
20663,0x0897,91,58
20663,0x0900,166,149
20663,0x0902,2,36
20663,0x0903,38,34
20663,0x0904,150,94
20663,0x0905,104,58
20663,0x0906,0,2
20663,0x0907,38,41
20663,0x0908,152,78
20663,0x0909,104,58
20663,0x090A,34,0
20663,0x090B,34,41
20663,0x090C,136,187
20663,0x090D,104,89
20663,0x090E,32,2
20663,0x090F,34,41
20663,0x0910,91,171
20663,0x0911,58,89
20663,0x0912,2,0
20663,0x0914,75,152
20663,0x0915,58,82
20663,0x0916,0,2
20663,0x0918,184,136
20663,0x0919,89,82
20663,0x091A,2,0
20663,0x091C,168,123
20663,0x091D,89,68
20663,0x091E,0,2
20663,0x0920,149,107
20663,0x0921,81,68
20663,0x0922,2,0
20663,0x0924,133,194
20663,0x0925,81,80
20663,0x0926,0,2
20663,0x0927,41,103
20663,0x0928,120,210
20663,0x0929,67,80
20663,0x092A,2,0
20663,0x092B,41,103
20663,0x092C,104,74
20663,0x092D,67,167
20663,0x092E,0,2
20663,0x092F,41,103
20663,0x0930,198,90
20663,0x0931,75,167
20663,0x0932,2,0
20663,0x0934,214,114
20663,0x0935,75,166
20663,0x0936,0,2
20663,0x0938,78,130
20663,0x0939,167,166
20663,0x093A,2,0
20663,0x093C,94,153
20663,0x093D,167,141
20663,0x093E,0,2
20663,0x0940,117,169
20663,0x0941,165,141
20663,0x0942,2,0
20663,0x0944,133,162
20663,0x0945,165,117
20663,0x0946,0,6
20663,0x0947,103,36
20663,0x0948,157,169
20663,0x0949,137,224
20663,0x094B,103,38
20663,0x094C,173,153
20663,0x094D,137,224
20663,0x094F,103,38
20663,0x0951,116,224
20663,0x0B04,170,2
20663,0x0B26,22,23
20663,0x0B28,44,46
20663,0x0B86,22,23
20663,0x0B88,44,46
20663,0x0F99,22,23
20663,0x0F9D,22,23
20663,0x0FD1,22,23
20663,0x0FF0,22,23
20663,0x1000,192,128
20663,0x1011,166,171
20663,0x1033,14,12
20663,0x1034,157,155
20663,0x1051,166,171
20663,0x1064,86,88
20663,0x106C,45,40
20663,0x16D0,175,51
20663,0x16D1,91,94
20663,0x16D3,31,157
20663,0x16D9,57,65
20663,0x16E6,200,198
20663,0x16F5,86,84
20663,0x16F8,31,29
20663,0x1710,50,154
20663,0x1711,184,187
20663,0x1713,105,168
20663,0x1716,177,180
20663,0x1719,66,63
20663,0x1726,133,131
20663,0x1735,124,122
20663,0x1738,2,50
20663,0x1739,0,6
20663,0x173A,138,141
20663,0x1750,177,152
20663,0x1751,149,152
20663,0x1753,8,7
20663,0x1754,89,90
20663,0x1756,111,117
20663,0x1759,132,126
20663,0x1766,155,153
20663,0x1775,41,39
20663,0x1778,24,22
20663,0x1790,157,33
20663,0x1791,120,123
20663,0x1793,142,196
20663,0x1794,75,76
20663,0x1799,149,157
20663,0x17A6,177,175
20663,0x17B5,63,61
20663,0x17B8,8,6
20663,0x17D0,128,232
20663,0x17D1,214,210
20663,0x17D3,71,248
20663,0x17D4,83,88
20663,0x17D9,146,240
20663,0x17E6,223,221
20663,0x17F5,160,158
20663,0x17F8,5,3
20663,0x1810,28,132
20663,0x1811,94,90
20663,0x1826,156,154
20663,0x1835,93,91
20663,0x1838,9,7
20663,0x1850,164,12
20663,0x1851,133,130
20663,0x1853,182,173
20663,0x1854,173,174
20663,0x1859,149,115
20663,0x1866,178,176
20663,0x1875,115,113
20663,0x1878,13,11
20663,0x1890,44,148
20663,0x1891,173,169
20663,0x1893,145,116
20663,0x1894,145,149
20663,0x1899,11,233
20663,0x189A,2,1
20663,0x18A6,200,198
20663,0x18B5,137,135
20663,0x18B8,35,33
20663,0x1B10,81,127
20663,0x1B11,163,166
20663,0x1B13,135,41
20663,0x1B14,120,121
20663,0x1B24,182,184
20663,0x1B26,2,1
20663,0x1B2C,61,56
20663,0x1B30,3,1
20665,0x0004,10,12
20665,0x0020,162,165
20665,0x0024,6,7
20665,0x0026,36,34
20665,0x0028,36,34
20665,0x0049,7,5
20665,0x0051,3,1
20665,0x0069,159,161
20665,0x006B,89,91
20665,0x007B,23,24
20665,0x0098,1,2
20665,0x009B,1,2
20665,0x009D,1,2
20665,0x00AD,48,50
20665,0x00B7,18,21
20665,0x00CD,215,218
20665,0x00CE,252,2
20665,0x00CF,56,67
20665,0x00D0,116,130
20665,0x00FA,1,2
20665,0x00FB,1,2
20665,0x0176,165,144
20665,0x0178,180,52
20665,0x017D,52,116
20665,0x02F6,155,39
20665,0x0501,133,131
20665,0x0502,86,90
20665,0x0508,17,67
20665,0x0509,84,81
20665,0x050B,4,20
20665,0x050F,130,134
20665,0x0510,90,86
20665,0x0512,24,40
20665,0x0600,0,118
20665,0x0601,0,16
20665,0x0602,0,120
20665,0x0603,0,16
20665,0x0604,0,217
20665,0x0605,0,80
20665,0x0606,0,154
20665,0x0607,0,17
20665,0x0608,0,11
20665,0x0609,0,16
20665,0x060A,0,11
20665,0x060B,0,16
20665,0x060C,0,29
20665,0x060D,0,17
20665,0x060E,0,45
20665,0x060F,0,17
20665,0x0610,0,116
20665,0x0611,0,16
20665,0x0612,0,118
20665,0x0613,0,16
20665,0x0618,190,0
20665,0x0619,12,0
20665,0x061A,206,0
20665,0x061B,12,0
20665,0x061C,95,0
20665,0x061D,80,0
20665,0x061E,11,0
20665,0x061F,16,0
20665,0x0620,11,0
20665,0x0621,16,0
20665,0x0622,11,0
20665,0x0623,16,0
20665,0x0624,28,0
20665,0x0625,17,0
20665,0x0626,44,0
20665,0x0627,17,0
20665,0x0628,116,0
20665,0x0629,16,0
20665,0x062A,117,0
20665,0x062B,16,0
20665,0x0632,181,0
20665,0x0633,12,0
20665,0x0634,197,0
20665,0x0635,12,0
20665,0x0636,197,0
20665,0x0637,12,0
20665,0x0638,197,0
20665,0x0639,12,0
20665,0x063A,197,0
20665,0x063B,12,0
20665,0x0874,222,86
20665,0x0875,42,1
20665,0x0876,86,222
20665,0x0877,1,42
20665,0x0894,22,14
20665,0x0895,91,58
20665,0x0896,14,22
20665,0x0897,58,91
20665,0x0900,149,166
20665,0x0902,36,2
20665,0x0903,34,38
20665,0x0904,94,150
20665,0x0905,58,104
20665,0x0906,2,0
20665,0x0907,41,38
20665,0x0908,78,152
20665,0x0909,58,104
20665,0x090A,0,40
20665,0x090B,41,34
20665,0x090C,187,136
20665,0x090D,89,104
20665,0x090E,2,38
20665,0x090F,41,34
20665,0x0910,171,96
20665,0x0911,89,59
20665,0x0912,0,2
20665,0x0914,152,80
20665,0x0915,82,59
20665,0x0916,2,0
20665,0x0918,136,191
20665,0x0919,82,89
20665,0x091A,0,2
20665,0x091C,123,175
20665,0x091D,68,89
20665,0x091E,2,0
20665,0x0920,107,155
20665,0x0921,68,82
20665,0x0922,0,2
20665,0x0924,194,139
20665,0x0925,80,82
20665,0x0926,2,0
20665,0x0927,103,41
20665,0x0928,210,125
20665,0x0929,80,70
20665,0x092A,0,2
20665,0x092B,103,41
20665,0x092C,74,109
20665,0x092D,167,70
20665,0x092E,2,0
20665,0x092F,103,41
20665,0x0930,90,191
20665,0x0931,167,87
20665,0x0932,0,2
20665,0x0934,114,207
20665,0x0935,166,87
20665,0x0936,2,0
20665,0x0938,130,70
20665,0x0939,166,167
20665,0x093A,0,2
20665,0x093C,153,86
20665,0x093D,141,167
20665,0x093E,2,0
20665,0x0940,169,110
20665,0x0941,141,167
20665,0x0942,0,2
20665,0x0944,162,126
20665,0x0945,117,167
20665,0x0946,6,0
20665,0x0947,36,103
20665,0x0948,169,149
20665,0x0949,224,145
20665,0x094B,38,103
20665,0x094C,153,165
20665,0x094D,224,145
20665,0x094F,38,103
20665,0x0950,159,165
20665,0x0951,224,117
20665,0x0953,36,34
20665,0x0B04,2,170
20665,0x0B22,69,70
20665,0x0B24,139,140
20665,0x0B26,23,24
20665,0x0B28,46,48
20665,0x0B82,69,70
20665,0x0B84,139,140
20665,0x0B86,23,24
20665,0x0B88,46,48
20665,0x0F99,23,24
20665,0x0F9D,23,24
20665,0x0FD1,23,24
20665,0x0FF0,23,24
20665,0x1000,128,192
20665,0x100D,8,24
20665,0x1011,171,166
20665,0x1033,12,10
20665,0x1034,155,153
20665,0x1051,171,166
20665,0x1064,88,90
20665,0x106C,40,31
20665,0x16D0,51,183
20665,0x16D1,94,96
20665,0x16D3,157,43
20665,0x16D4,66,67
20665,0x16D9,65,73
20665,0x16E6,198,196
20665,0x16F5,84,82
20665,0x16F8,29,27
20665,0x1710,154,2
20665,0x1711,187,191
20665,0x1726,131,129
20665,0x1735,122,120
20665,0x1738,50,48
20665,0x1750,152,139
20665,0x1751,152,155
20665,0x1753,7,250
20665,0x1756,117,123
20665,0x1759,126,120
20665,0x1766,153,151
20665,0x1775,39,37
20665,0x1778,22,20
20665,0x1790,33,165
20665,0x1791,123,125
20665,0x1793,196,10
20665,0x1794,76,78
20665,0x1799,157,165
20665,0x17A6,175,173
20665,0x17B5,61,59
20665,0x17B8,6,4
20665,0x17D0,232,80
20665,0x17D1,210,207
20665,0x17D3,248,101
20665,0x17D4,88,95
20665,0x17D9,240,78
20665,0x17DA,2,3
20665,0x17E6,221,219
20665,0x17F5,158,156
20665,0x17F8,3,1
20665,0x1810,132,236
20665,0x1811,90,86
20665,0x1826,154,152
20665,0x1835,91,89
20665,0x1838,7,5
20665,0x1850,12,116
20665,0x1851,130,126
20665,0x1853,173,96
20665,0x1854,174,175
20665,0x1859,115,81
20665,0x1866,176,174
20665,0x1875,113,111
20665,0x1878,11,9
20665,0x1890,148,252
20665,0x1891,169,165
20665,0x1893,116,19
20665,0x1894,149,153
20665,0x1899,233,199
20665,0x18A6,198,196
20665,0x18B5,135,133
20665,0x18B8,33,31
20665,0x1B10,127,173
20665,0x1B11,166,169
20665,0x1B13,41,203
20665,0x1B24,184,182
20665,0x1B27,4,2
20665,0x1B2C,56,61
20665,0x1B30,1,2
20667,0x0020,165,168
20667,0x0022,117,118
20667,0x0026,34,36
20667,0x0028,34,36
20667,0x0049,5,3
20667,0x0051,1,5
20667,0x0069,161,163
20667,0x006B,91,93
20667,0x007B,24,25
20667,0x00AD,50,52
20667,0x00B7,21,19
20667,0x00CD,218,221
20667,0x00CE,2,8
20667,0x00CF,67,77
20667,0x00D0,130,144
20667,0x0176,144,165
20667,0x0178,52,180
20667,0x017D,116,52
20667,0x023D,36,52
20667,0x023E,91,111
20667,0x02F6,39,32
20667,0x02FB,1,2
20667,0x02FD,39,41
20667,0x0305,252,56
20667,0x0306,145,146
20667,0x030D,16,76
20667,0x0315,36,96
20667,0x071A,165,94
20667,0x071B,28,115
20667,0x071C,60,30
20667,0x071D,1,0
20667,0x071E,62,8
20667,0x071F,2,0
20667,0x0874,86,222
20667,0x0875,1,42
20667,0x0876,222,86
20667,0x0877,42,1
20667,0x0894,14,22
20667,0x0895,58,91
20667,0x0896,22,14
20667,0x0897,91,58
20667,0x0900,166,147
20667,0x0902,2,34
20667,0x0903,38,34
20667,0x0904,150,131
20667,0x0906,0,32
20667,0x0907,38,34
20667,0x0908,152,99
20667,0x0909,104,59
20667,0x090A,40,2
20667,0x090B,34,41
20667,0x090C,136,83
20667,0x090D,104,59
20667,0x090E,38,0
20667,0x090F,34,41
20667,0x0910,96,194
20667,0x0911,59,89
20667,0x0914,80,178
20667,0x0915,59,89
20667,0x0918,191,158
20667,0x0919,89,83
20667,0x091C,175,142
20667,0x091D,89,83
20667,0x0920,155,128
20667,0x0921,82,71
20667,0x0924,139,112
20667,0x0925,82,71
20667,0x0928,125,187
20667,0x0929,70,93
20667,0x092B,41,103
20667,0x092C,109,203
20667,0x092D,70,93
20667,0x092F,41,103
20667,0x0930,191,67
20667,0x0931,87,167
20667,0x0934,207,83
20667,0x0935,87,167
20667,0x0938,70,106
20667,0x093C,86,122
20667,0x0940,110,146
20667,0x0941,167,148
20667,0x0944,126,162
20667,0x0945,167,148
20667,0x0948,149,168
20667,0x0949,145,118
20667,0x094A,2,7
20667,0x094B,103,36
20667,0x094C,165,164
20667,0x094D,145,224
20667,0x094E,0,2
20667,0x094F,103,38
20667,0x0950,165,148
20667,0x0951,117,224
20667,0x0952,7,0
20667,0x0953,34,38
20667,0x0B04,170,10
20667,0x0B26,24,25
20667,0x0B28,48,50
20667,0x0B86,24,25
20667,0x0B88,48,50
20667,0x0F99,24,25
20667,0x0F9D,24,25
20667,0x0FD1,24,25
20667,0x0FF0,24,25
20667,0x1000,192,128
20667,0x1011,166,161
20667,0x1033,10,8
20667,0x1034,153,151
20667,0x1051,166,161
20667,0x1064,90,86
20667,0x106C,31,45
20667,0x16D0,183,59
20667,0x16D1,96,99
20667,0x16D3,43,201
20667,0x16D9,73,81
20667,0x16E6,196,194
20667,0x16F5,82,80
20667,0x16F8,27,25
20667,0x1710,2,106
20667,0x1711,191,194
20667,0x1726,129,127
20667,0x1735,120,118
20667,0x1738,48,46
20667,0x1750,139,138
20667,0x1751,155,158
20667,0x1753,250,225
20667,0x1754,90,91
20667,0x1756,123,129
20667,0x1759,120,114
20667,0x1766,151,149
20667,0x1775,37,35
20667,0x1778,20,18
20667,0x1790,165,41
20667,0x1791,125,128
20667,0x1793,10,96
20667,0x1794,78,79
20667,0x1799,165,173
20667,0x17A6,173,171
20667,0x17B5,59,57
20667,0x17B8,4,2
20667,0x17D0,80,184
20667,0x17D1,207,203
20667,0x17D3,101,206
20667,0x17D4,95,101
20667,0x17D9,78,44
20667,0x17DD,47,239
20667,0x17E6,219,217
20667,0x17F5,156,154
20667,0x17F8,1,52
20667,0x17FA,99,103
20667,0x1810,236,84
20667,0x1811,86,83
20667,0x1826,152,150
20667,0x1835,89,87
20667,0x1838,5,3
20667,0x1850,116,220
20667,0x1851,126,122
20667,0x1853,96,207
20667,0x1859,81,47
20667,0x1866,174,172
20667,0x1875,111,109
20667,0x1878,9,7
20667,0x1890,252,100
20667,0x1891,165,162
20667,0x1893,19,110
20667,0x1894,153,156
20667,0x1899,199,165
20667,0x18A6,196,194
20667,0x18B5,133,131
20667,0x18B8,31,29
20667,0x1B10,173,219
20667,0x1B11,169,172
20667,0x1B13,203,109
20667,0x1B14,121,122
20667,0x1B26,1,2
20667,0x1B27,2,4
20667,0x1B30,2,3
20669,0x0020,168,172
20669,0x0022,118,119
20669,0x0024,7,6
20669,0x0049,3,1
20669,0x0051,5,3
20669,0x0069,163,165
20669,0x006B,93,95
20669,0x007B,25,26
20669,0x00AD,52,54
20669,0x00B7,19,20
20669,0x00CD,221,224
20669,0x00CE,8,14
20669,0x00CF,77,87
20669,0x00D0,144,158
20669,0x0176,165,144
20669,0x0178,180,52
20669,0x02F6,32,44
20669,0x02FB,2,1
20669,0x02FD,41,39
20669,0x0874,222,86
20669,0x0875,42,1
20669,0x0876,86,222
20669,0x0877,1,42
20669,0x0894,22,14
20669,0x0895,91,58
20669,0x0896,14,22
20669,0x0897,58,91
20669,0x0900,147,156
20669,0x0902,34,2
20669,0x0903,34,38
20669,0x0904,131,140
20669,0x0906,32,0
20669,0x0907,34,38
20669,0x0908,99,134
20669,0x0909,59,104
20669,0x090A,2,36
20669,0x090B,41,34
20669,0x090C,83,101
20669,0x090D,59,60
20669,0x090E,0,2
20669,0x0910,194,85
20669,0x0911,89,60
20669,0x0912,2,0
20669,0x0914,178,197
20669,0x0916,0,2
20669,0x0918,158,181
20669,0x0919,83,89
20669,0x091A,2,0
20669,0x091C,142,161
20669,0x091D,83,84
20669,0x091E,0,2
20669,0x0920,128,145
20669,0x0921,71,84
20669,0x0922,2,0
20669,0x0924,112,130
20669,0x0925,71,72
20669,0x0926,0,2
20669,0x0928,187,114
20669,0x0929,93,72
20669,0x092A,2,0
20669,0x092B,103,41
20669,0x092C,203,184
20669,0x092D,93,99
20669,0x092E,0,2
20669,0x0930,67,200
20669,0x0931,167,99
20669,0x0932,2,0
20669,0x0934,83,63
20669,0x0936,0,2
20669,0x0938,106,79
20669,0x093A,2,0
20669,0x093C,122,103
20669,0x093E,0,2
20669,0x0940,146,119
20669,0x0941,148,167
20669,0x0942,2,0
20669,0x0944,162,142
20669,0x0945,148,151
20669,0x0946,0,2
20669,0x0948,168,158
20669,0x0949,118,151
20669,0x094A,7,0
20669,0x094B,36,103
20669,0x094C,164,172
20669,0x094D,224,119
20669,0x094E,2,6
20669,0x094F,38,36
20669,0x0B04,10,42
20669,0x0B24,140,141
20669,0x0B26,25,26
20669,0x0B28,50,52
20669,0x0B84,140,141
20669,0x0B86,25,26
20669,0x0B88,50,52
20669,0x0F99,25,26
20669,0x0F9D,25,26
20669,0x0FD1,25,26
20669,0x0FF0,25,26
20669,0x1000,128,192
20669,0x1011,161,156
20669,0x1033,8,6
20669,0x1034,151,149
20669,0x1051,161,156
20669,0x1064,86,88
20669,0x106C,45,40
20669,0x16D0,59,191
20669,0x16D1,99,101
20669,0x16D3,201,119
20669,0x16D4,67,68
20669,0x16D9,81,89
20669,0x16E6,194,192
20669,0x16F5,80,78
20669,0x16F8,25,23
20669,0x1710,106,210
20669,0x1711,194,197
20669,0x1726,127,125
20669,0x1735,118,116
20669,0x1738,46,44
20669,0x1750,138,149
20669,0x1751,158,161
20669,0x1753,225,188
20669,0x1754,91,92
20669,0x1756,129,135
20669,0x1759,114,108
20669,0x1766,149,147
20669,0x1775,35,33
20669,0x1778,18,16
20669,0x1790,41,176
20669,0x1791,128,130
20669,0x1793,96,191
20669,0x1794,79,80
20669,0x1796,66,69
20669,0x1799,173,174
20669,0x179C,5,3
20669,0x179D,4,253
20669,0x17A6,171,169
20669,0x17B5,57,55
20669,0x17B8,2,38
20669,0x17B9,2,0
20669,0x17BA,133,138
20669,0x17D0,184,32
20669,0x17D1,203,200
20669,0x17D3,206,243
20669,0x17D4,101,107
20669,0x17D9,44,10
20669,0x17E6,217,215
20669,0x17F5,154,152
20669,0x17F8,52,50
20669,0x1810,84,188
20669,0x1811,83,79
20669,0x1826,150,148
20669,0x1835,87,85
20669,0x1838,3,1
20669,0x1850,220,68
20669,0x1851,122,119
20669,0x1853,207,250
20669,0x1859,47,13
20669,0x1866,172,170
20669,0x1875,109,107
20669,0x1878,7,5
20669,0x1890,100,204
20669,0x1891,162,158
20669,0x1893,110,133
20669,0x1894,156,159
20669,0x1899,165,131
20669,0x18A6,194,192
20669,0x18B5,131,129
20669,0x18B8,29,27
20669,0x1B10,219,9
20669,0x1B11,172,176
20669,0x1B13,109,15
20669,0x1B14,122,123
20669,0x1B24,182,184
20669,0x1B26,2,1
20669,0x1B2C,61,56
20669,0x1B30,3,1
20671,0x0020,172,175
20671,0x0024,6,7
20671,0x0026,36,34
20671,0x0028,36,34
20671,0x0049,1,11
20671,0x0051,3,1
20671,0x0069,165,167
20671,0x006B,95,97
20671,0x0071,122,124
20671,0x0072,122,124
20671,0x007B,26,27
20671,0x00AD,54,56
20671,0x00B7,20,19
20671,0x00CD,224,227
20671,0x00CE,14,20
20671,0x00CF,87,97
20671,0x00D0,158,172
20671,0x0176,144,165
20671,0x0178,52,180
20671,0x01FE,215,207
20671,0x02F6,44,255
20671,0x02FD,39,41
20671,0x072C,92,220
20671,0x072D,9,74
20671,0x072E,30,222
20671,0x072F,10,123
20671,0x0734,142,16
20671,0x0735,8,74
20671,0x0736,88,222
20671,0x0737,9,123
20671,0x073C,150,149
20671,0x073D,8,17
20671,0x073E,92,220
20671,0x073F,9,74
20671,0x0874,86,222
20671,0x0875,1,42
20671,0x0876,222,86
20671,0x0877,42,1
20671,0x0894,14,22
20671,0x0895,58,91
20671,0x0896,22,14
20671,0x0897,91,58
20671,0x0900,156,137
20671,0x0902,2,40
20671,0x0903,38,34
20671,0x0904,140,121
20671,0x0906,0,38
20671,0x0907,38,34
20671,0x0908,134,104
20671,0x0909,104,61
20671,0x090A,36,2
20671,0x090B,34,41
20671,0x090C,101,88
20671,0x090D,60,61
20671,0x090E,2,0
20671,0x0910,85,201
20671,0x0911,60,89
20671,0x0912,0,2
20671,0x0914,197,185
20671,0x0916,2,0
20671,0x0918,181,164
20671,0x0919,89,85
20671,0x091A,0,2
20671,0x091C,161,148
20671,0x091D,84,85
20671,0x091E,2,0
20671,0x0920,145,133
20671,0x0921,84,74
20671,0x0922,0,2
20671,0x0924,130,117
20671,0x0925,72,74
20671,0x0926,2,0
20671,0x0928,114,180
20671,0x0929,72,105
20671,0x092A,0,2
20671,0x092B,41,103
20671,0x092C,184,196
20671,0x092D,99,105
20671,0x092E,2,0
20671,0x0930,200,60
20671,0x0931,99,167
20671,0x0932,0,6
20671,0x0934,63,76
20671,0x0936,2,4
20671,0x0938,79,99
20671,0x093A,0,2
20671,0x093C,103,115
20671,0x093E,2,0
20671,0x0940,119,139
20671,0x0941,167,154
20671,0x0942,0,2
20671,0x0944,142,155
20671,0x0945,151,154
20671,0x0946,2,0
20671,0x0948,158,175
20671,0x0949,151,119
20671,0x094A,0,7
20671,0x094B,103,34
20671,0x094C,172,154
20671,0x094D,119,224
20671,0x094E,6,2
20671,0x094F,36,38
20671,0x0950,148,138
20671,0x0B04,42,10
20671,0x0B26,26,27
20671,0x0B28,52,54
20671,0x0B86,26,27
20671,0x0B88,52,54
20671,0x0C5A,41,36
20671,0x0C5B,157,0
20671,0x0F99,26,27
20671,0x0F9D,26,27
20671,0x0FD1,26,27
20671,0x0FF0,26,27
20671,0x1000,192,128
20671,0x1011,156,151
20671,0x1027,6,0
20671,0x1033,6,4
20671,0x1034,149,147
20671,0x1051,156,151
20671,0x1064,88,90
20671,0x106C,40,31
20671,0x16D0,191,67
20671,0x16D1,101,104
20671,0x16D3,119,53
20671,0x16D4,68,69
20671,0x16D9,89,97
20671,0x16E6,192,190
20671,0x16F5,78,76
20671,0x16F8,23,21
20671,0x1710,210,58
20671,0x1711,197,201
20671,0x1726,125,123
20671,0x1735,116,114
20671,0x1738,44,42
20671,0x1750,149,172
20671,0x1751,161,164
20671,0x1753,188,139
20671,0x1754,92,93
20671,0x1756,135,141
20671,0x1759,108,102
20671,0x1766,147,145
20671,0x1775,33,31
20671,0x1778,16,14
20671,0x1790,176,67
20671,0x1791,130,133
20671,0x1793,191,18
20671,0x1794,80,82
20671,0x1796,69,75
20671,0x1799,174,168
20671,0x17A6,169,167
20671,0x17B5,55,53
20671,0x17B8,38,36
20671,0x17D0,32,136
20671,0x17D1,200,196
20671,0x17D3,243,212
20671,0x17D4,107,113
20671,0x17D9,10,232
20671,0x17DA,3,2
20671,0x17E6,215,213
20671,0x17F5,152,150
20671,0x17F8,50,48
20671,0x1810,188,60
20671,0x1811,79,76
20671,0x1813,132,7
20671,0x1816,52,68
20671,0x1819,201,191
20671,0x181C,0,8
20671,0x181D,239,251
20671,0x1822,220,217
20671,0x1824,222,219
20671,0x1826,148,253
20671,0x182C,124,111
20671,0x182D,12,43
20671,0x1835,85,83
20671,0x1838,1,45
20671,0x1839,6,0
20671,0x183A,106,111
20671,0x1850,68,172
20671,0x1851,119,115
20671,0x1853,250,225
20671,0x1859,13,235
20671,0x185A,0,255
20671,0x185B,0,255
20671,0x1866,170,168
20671,0x1875,107,105
20671,0x1878,5,3
20671,0x1890,204,52
20671,0x1891,158,155
20671,0x1893,133,88
20671,0x1894,159,162
20671,0x1899,131,97
20671,0x18A6,192,190
20671,0x18B5,129,127
20671,0x18B8,27,25
20671,0x1B10,9,55
20671,0x1B11,176,179
20671,0x1B13,15,177
20671,0x1B24,184,182
20671,0x1B27,4,2
20671,0x1B2C,56,61
20671,0x1B30,1,2
20671,0xFFFF,126,127
20673,0x0004,12,14
20673,0x0020,175,178
20673,0x0022,119,120
20673,0x0026,34,36
20673,0x0028,34,36
20673,0x0049,11,9
20673,0x0051,1,5
20673,0x0069,167,169
20673,0x006B,97,99
20673,0x007B,27,28
20673,0x00AD,56,58
20673,0x00B7,19,21
20673,0x00CD,227,230
20673,0x00CE,20,26
20673,0x00CF,97,107
20673,0x00D0,172,186
20673,0x0176,165,144
20673,0x0178,180,52
20673,0x023E,111,123
20673,0x02F6,255,32
20673,0x02FB,1,2
20673,0x0501,131,135
20673,0x0502,90,86
20673,0x0600,118,0
20673,0x0601,16,0
20673,0x0602,120,0
20673,0x0603,16,0
20673,0x0604,217,0
20673,0x0605,80,0
20673,0x0606,154,0
20673,0x0607,17,0
20673,0x0608,11,0
20673,0x0609,16,0
20673,0x060A,11,0
20673,0x060B,16,0
20673,0x060C,29,0
20673,0x060D,17,0
20673,0x060E,45,0
20673,0x060F,17,0
20673,0x0610,116,0
20673,0x0611,16,0
20673,0x0612,118,0
20673,0x0613,16,0
20673,0x071A,94,90
20673,0x071B,115,107
20673,0x071C,30,10
20673,0x071E,8,0
20673,0x0874,222,86
20673,0x0875,42,1
20673,0x0876,86,222
20673,0x0877,1,42
20673,0x0894,22,14
20673,0x0895,91,58
20673,0x0896,14,22
20673,0x0897,58,91
20673,0x0900,137,146
20673,0x0902,40,2
20673,0x0903,34,32
20673,0x0904,121,130
20673,0x0906,38,0
20673,0x0907,34,32
20673,0x0908,104,132
20673,0x0909,61,104
20673,0x090A,2,34
20673,0x090B,41,34
20673,0x090C,88,116
20673,0x090D,61,104
20673,0x090E,0,32
20673,0x090F,41,34
20673,0x0910,201,106
20673,0x0911,89,62
20673,0x0914,185,90
20673,0x0915,89,62
20673,0x0918,164,204
20673,0x0919,85,89
20673,0x091C,148,188
20673,0x091D,85,89
20673,0x0920,133,167
20673,0x0921,74,86
20673,0x0924,117,151
20673,0x0925,74,86
20673,0x0928,180,135
20673,0x0929,105,75
20673,0x092B,103,41
20673,0x092C,196,119
20673,0x092D,105,75
20673,0x092F,103,41
20673,0x0930,60,176
20673,0x0931,167,111
20673,0x0932,6,2
20673,0x0934,76,192
20673,0x0935,167,111
20673,0x0936,4,0
20673,0x0938,99,56
20673,0x0939,167,166
20673,0x093A,2,6
20673,0x093C,115,72
20673,0x093D,167,166
20673,0x093E,0,4
20673,0x0940,139,96
20673,0x0941,154,167
20673,0x0944,155,112
20673,0x0945,154,167
20673,0x0948,175,135
20673,0x0949,119,156
20673,0x094A,7,2
20673,0x094B,34,103
20673,0x094C,154,151
20673,0x094D,224,156
20673,0x094E,2,0
20673,0x094F,38,103
20673,0x0950,138,178
20673,0x0951,224,120
20673,0x0952,0,7
20673,0x0953,38,36
20673,0x0B04,10,170
20673,0x0B22,70,71
20673,0x0B24,141,142
20673,0x0B26,27,28
20673,0x0B28,54,56
20673,0x0B82,70,71
20673,0x0B84,141,142
20673,0x0B86,27,28
20673,0x0B88,54,56
20673,0x0F99,27,28
20673,0x0F9D,27,28
20673,0x0FD1,27,28
20673,0x0FF0,27,28
20673,0x1000,128,192
20673,0x1011,151,146
20673,0x1033,4,2
20673,0x1034,147,145
20673,0x1051,151,146
20673,0x1064,90,86
20673,0x106C,31,45
20673,0x16D0,67,199
20673,0x16D1,104,106
20673,0x16D3,53,3
20673,0x16D4,69,70
20673,0x16D9,97,105
20673,0x16E6,190,188
20673,0x16F5,76,74
20673,0x16F8,21,19
20673,0x1710,58,162
20673,0x1711,201,204
20673,0x1726,123,121
20673,0x1735,114,112
20673,0x1738,42,40
20673,0x1750,172,207
20673,0x1751,164,167
20673,0x1753,139,78
20673,0x1754,93,94
20673,0x1756,141,147
20673,0x1759,102,96
20673,0x1766,145,143
20673,0x1775,31,29
20673,0x1778,14,12
20673,0x1790,67,226
20673,0x1791,133,135
20673,0x1793,18,89
20673,0x1794,82,83
20673,0x1796,75,81
20673,0x1799,168,162
20673,0x17A6,167,165
20673,0x17B5,53,51
20673,0x17B8,36,34
20673,0x17D0,136,240
20673,0x17D1,196,192
20673,0x17D3,212,113
20673,0x17D4,113,119
20673,0x17D9,232,198
20673,0x17E6,213,211
20673,0x17F5,150,148
20673,0x17F8,48,46
20673,0x1810,60,220
20673,0x1811,76,72
20673,0x1813,7,118
20673,0x1814,175,174
20673,0x1816,68,84
20673,0x1819,191,181
20673,0x1826,253,251
20673,0x1835,83,81
20673,0x1838,45,43
20673,0x1850,172,20
20673,0x1851,115,112
20673,0x1853,225,132
20673,0x1859,235,201
20673,0x1866,168,166
20673,0x1875,105,103
20673,0x1878,3,1
20673,0x1890,52,156
20673,0x1891,155,151
20673,0x1893,88,231
20673,0x1894,162,164
20673,0x1899,97,63
20673,0x18A6,190,188
20673,0x18B5,127,125
20673,0x18B8,25,23
20673,0x1B10,55,101
20673,0x1B11,179,182
20673,0x1B13,177,83
20673,0x1B14,123,124
20673,0x1B26,1,2
20673,0x1B27,2,4
20673,0x1B30,2,3
20675,0x0020,178,181
20675,0x0024,7,6
20675,0x0049,9,7
20675,0x0051,5,3
20675,0x0069,169,171
20675,0x006B,99,101
20675,0x007B,28,29
20675,0x00AD,58,60
20675,0x00B7,21,18
20675,0x00CD,230,233
20675,0x00CE,26,32
20675,0x00CF,107,117
20675,0x00D0,186,200
20675,0x0176,144,165
20675,0x0178,52,180
20675,0x02F6,32,155
20675,0x02FB,2,1
20675,0x0874,86,222
20675,0x0875,1,42
20675,0x0876,222,86
20675,0x0877,42,1
20675,0x0894,14,22
20675,0x0895,58,91
20675,0x0896,22,14
20675,0x0897,91,58
20675,0x0900,146,119
20675,0x0902,2,36
20675,0x0903,32,34
20675,0x0904,130,109
20675,0x0905,104,62
20675,0x0906,0,2
20675,0x0907,32,41
20675,0x0908,132,93
20675,0x0909,104,62
20675,0x090A,34,0
20675,0x090B,34,41
20675,0x090C,116,208
20675,0x090D,104,89
20675,0x090E,32,2
20675,0x090F,34,41
20675,0x0910,106,192
20675,0x0911,62,89
20675,0x0912,2,0
20675,0x0914,90,170
20675,0x0915,62,87
20675,0x0916,0,2
20675,0x0918,204,154
20675,0x0919,89,87
20675,0x091A,2,0
20675,0x091C,188,138
20675,0x091D,89,76
20675,0x091E,0,2
20675,0x0920,167,122
20675,0x0921,86,76
20675,0x0922,2,0
20675,0x0924,151,173
20675,0x0925,86,116
20675,0x0926,0,2
20675,0x0927,41,103
20675,0x0928,135,189
20675,0x0929,75,116
20675,0x092A,2,0
20675,0x092B,41,103
20675,0x092C,119,53
20675,0x092D,75,165
20675,0x092E,0,6
20675,0x092F,41,103
20675,0x0930,176,69
20675,0x0931,111,165
20675,0x0932,2,4
20675,0x0934,192,92
20675,0x0935,111,167
20675,0x0936,0,2
20675,0x0938,56,108
20675,0x0939,166,167
20675,0x093A,6,0
20675,0x093C,72,132
20675,0x093D,166,159
20675,0x093E,4,2
20675,0x0940,96,148
20675,0x0941,167,159
20675,0x0942,2,0
20675,0x0944,112,181
20675,0x0945,167,120
20675,0x0946,0,6
20675,0x0947,103,36
20675,0x0948,135,144
20675,0x0949,156,224
20675,0x094B,103,32
20675,0x094C,151,128
20675,0x094D,156,224
20675,0x094F,103,32
20675,0x0951,120,224
20675,0x0B04,170,2
20675,0x0B26,28,29
20675,0x0B28,56,58
20675,0x0B86,28,29
20675,0x0B88,56,58
20675,0x0F99,28,29
20675,0x0F9D,28,29
20675,0x0FD1,28,29
20675,0x0FF0,28,29
20675,0x1000,192,128
20675,0x1011,146,141
20675,0x1027,0,6
20675,0x1033,2,0
20675,0x1034,145,143
20675,0x1051,146,141
20675,0x1064,86,88
20675,0x106C,45,40
20675,0x16D0,199,75
20675,0x16D1,106,109
20675,0x16D3,3,225
20675,0x16D9,105,113
20675,0x16E6,188,186
20675,0x16F5,74,72
20675,0x16F8,19,17
20675,0x1710,162,10
20675,0x1711,204,208
20675,0x1726,121,119
20675,0x1735,112,110
20675,0x1738,40,38
20675,0x1750,207,254
20675,0x1751,167,170
20675,0x1753,78,5
20675,0x1754,94,95
20675,0x1756,147,153
20675,0x1759,96,90
20675,0x1766,143,141
20675,0x1775,29,27
20675,0x1778,12,10
20675,0x1790,226,141
20675,0x1791,135,138
20675,0x1793,89,148
20675,0x1794,83,84
20675,0x1796,81,87
20675,0x1799,162,156
20675,0x17A6,165,163
20675,0x17B5,51,49
20675,0x17B8,34,32
20675,0x17D0,240,88
20675,0x17D1,192,189
20675,0x17D3,113,202
20675,0x17D4,119,124
20675,0x17D9,198,164
20675,0x17E6,211,209
20675,0x17F5,148,146
20675,0x17F8,46,44
20675,0x1810,220,156
20675,0x1811,72,69
20675,0x1813,118,209
20675,0x1814,174,173
20675,0x1816,84,100
20675,0x1819,181,171
20675,0x1826,251,249
20675,0x1835,81,79
20675,0x1838,43,41
20675,0x1850,20,124
20675,0x1851,112,108
20675,0x1866,166,164
20675,0x1875,103,101
20675,0x1878,1,17
20675,0x1879,2,6
20675,0x187A,103,106
20675,0x1890,156,4
20675,0x1891,151,148
20675,0x1893,231,50
20675,0x1894,164,167
20675,0x1899,63,29
20675,0x18A6,188,186
20675,0x18B5,125,123
20675,0x18B8,23,21
20675,0x1B10,101,147
20675,0x1B11,182,185
20675,0x1B13,83,245
20675,0x1B24,182,184
20675,0x1B26,2,1
20675,0x1B2C,61,56
20675,0x1B30,3,1
20677,0x0020,181,184
20677,0x0022,120,121
20677,0x0024,6,7
20677,0x0026,36,34
20677,0x0028,36,34
20677,0x0049,7,5
20677,0x0051,3,1
20677,0x0069,171,173
20677,0x006B,101,103
20677,0x007B,29,30
20677,0x00AD,60,62
20677,0x00B7,18,21
20677,0x00CD,233,236
20677,0x00CE,32,38
20677,0x00CF,117,127
20677,0x00D0,200,214
20677,0x0176,165,144
20677,0x0178,180,52
20677,0x02FD,41,39
20677,0x0874,222,86
20677,0x0875,42,1
20677,0x0876,86,222
20677,0x0877,1,42
20677,0x0894,22,14
20677,0x0895,91,58
20677,0x0896,14,22
20677,0x0897,58,91
20677,0x0900,119,136
20677,0x0902,36,2
20677,0x0903,34,38
20677,0x0904,109,120
20677,0x0905,62,104
20677,0x0906,2,0
20677,0x0907,41,38
20677,0x0908,93,122
20677,0x0909,62,104
20677,0x090A,0,40
20677,0x090B,41,34
20677,0x090C,208,106
20677,0x090D,89,104
20677,0x090E,2,38
20677,0x090F,41,34
20677,0x0910,192,111
20677,0x0911,89,63
20677,0x0912,0,2
20677,0x0914,170,95
20677,0x0915,87,63
20677,0x0916,2,0
20677,0x0918,154,211
20677,0x0919,87,89
20677,0x091A,0,2
20677,0x091C,138,195
20677,0x091D,76,89
20677,0x091E,2,0
20677,0x0920,122,174
20677,0x0921,76,87
20677,0x0922,0,2
20677,0x0924,173,158
20677,0x0925,116,87
20677,0x0926,2,0
20677,0x0927,103,41
20677,0x0928,189,141
20677,0x0929,116,77
20677,0x092A,0,2
20677,0x092B,103,41
20677,0x092C,53,125
20677,0x092D,165,77
20677,0x092E,6,0
20677,0x092F,103,41
20677,0x0930,69,169
20677,0x0931,165,121
20677,0x0932,4,2
20677,0x0934,92,185
20677,0x0935,167,121
20677,0x0936,2,0
20677,0x0938,108,50
20677,0x0939,167,165
20677,0x093A,0,6
20677,0x093C,132,66
20677,0x093D,159,165
20677,0x093E,2,4
20677,0x0940,148,88
20677,0x0941,159,167
20677,0x0942,0,2
20677,0x0944,181,104
20677,0x0945,120,167
20677,0x0946,6,0
20677,0x0947,36,103
20677,0x0948,144,128
20677,0x0949,224,161
20677,0x094B,32,103
20677,0x094C,128,144
20677,0x094D,224,161
20677,0x094F,32,103
20677,0x0950,178,184
20677,0x0951,224,121
20677,0x0953,36,34
20677,0x0B04,2,170
20677,0x0B24,142,143
20677,0x0B26,29,30
20677,0x0B28,58,60
20677,0x0B84,142,143
20677,0x0B86,29,30
20677,0x0B88,58,60
20677,0x0F99,29,30
20677,0x0F9D,29,30
20677,0x0FD1,29,30
20677,0x0FF0,29,30
20677,0x1000,128,200
20677,0x1011,141,136
20677,0x1034,143,141
20677,0x1051,141,136
20677,0x1064,88,90
20677,0x106C,40,31
20677,0x16D0,75,207
20677,0x16D1,109,111
20677,0x16D3,225,207
20677,0x16D4,70,71
20677,0x16D9,113,121
20677,0x16E6,186,184
20677,0x16F5,72,70
20677,0x16F8,17,15
20677,0x1710,10,114
20677,0x1711,208,211
20677,0x1726,119,117
20677,0x1735,110,108
20677,0x1738,38,36
20677,0x1750,254,57
20677,0x1751,170,174
20677,0x1753,5,176
20677,0x1756,153,159
20677,0x1759,90,84
20677,0x1766,141,139
20677,0x1775,27,25
20677,0x1778,10,8
20677,0x1790,141,68
20677,0x1791,138,141
20677,0x1793,148,195
20677,0x1794,84,85
20677,0x1796,87,93
20677,0x1799,156,150
20677,0x17A6,163,161
20677,0x17B5,49,47
20677,0x17B8,32,30
20677,0x17D0,88,192
20677,0x17D1,189,185
20677,0x17D3,202,223
20677,0x17D4,124,129
20677,0x17D9,164,130
20677,0x17E6,209,207
20677,0x17F5,146,144
20677,0x17F8,44,42
20677,0x1810,156,124
20677,0x1811,69,66
20677,0x1813,209,24
20677,0x1816,100,116
20677,0x1819,171,161
20677,0x1826,249,247
20677,0x1835,79,77
20677,0x1838,41,39
20677,0x1850,124,228
20677,0x1851,108,104
20677,0x1866,164,162
20677,0x1875,101,99
20677,0x1878,17,15
20677,0x1890,4,108
20677,0x1891,148,144
20677,0x1893,50,57
20677,0x1894,167,169
20677,0x1899,29,251
20677,0x189A,1,0
20677,0x18A6,186,184
20677,0x18B5,123,121
20677,0x18B8,21,19
20677,0x1B10,147,193
20677,0x1B11,185,188
20677,0x1B13,245,151
20677,0x1B14,124,125
20677,0x1B24,184,182
20677,0x1B27,4,2
20677,0x1B2C,56,61
20677,0x1B30,1,2
20679,0x0020,184,187
20679,0x0022,121,122
20679,0x0026,34,36
20679,0x0028,34,36
20679,0x0049,5,3
20679,0x0051,1,11
20679,0x0069,173,175
20679,0x006B,103,105
20679,0x007B,30,31
20679,0x00AD,62,64
20679,0x00CD,236,239
20679,0x00CE,38,44
20679,0x00CF,127,137
20679,0x00D0,214,228
20679,0x0176,144,165
20679,0x0178,52,180
20679,0x023D,52,36
20679,0x023E,123,91
20679,0x02F6,155,56
20679,0x02FB,1,2
20679,0x0305,56,252
20679,0x0306,146,145
20679,0x030D,76,16
20679,0x0315,96,36
20679,0x071A,90,165
20679,0x071B,107,28
20679,0x071C,10,60
20679,0x071D,0,1
20679,0x071E,0,62
20679,0x071F,0,2
20679,0x0874,86,222
20679,0x0875,1,42
20679,0x0876,222,86
20679,0x0877,42,1
20679,0x0894,14,22
20679,0x0895,58,91
20679,0x0896,22,14
20679,0x0897,91,58
20679,0x0900,136,131
20679,0x0904,120,115
20679,0x0908,122,117
20679,0x090A,40,34
20679,0x090C,106,101
20679,0x090E,38,32
20679,0x0910,111,114
20679,0x0911,63,64
20679,0x0914,95,98
20679,0x0915,63,64
20679,0x0918,211,214
20679,0x091C,195,198
20679,0x0920,174,177
20679,0x0921,87,88
20679,0x0924,158,161
20679,0x0925,87,88
20679,0x0928,141,144
20679,0x0929,77,78
20679,0x092C,125,128
20679,0x092D,77,78
20679,0x0930,169,166
20679,0x0931,121,126
20679,0x0934,185,182
20679,0x0935,121,126
20679,0x0938,50,47
20679,0x0939,165,164
20679,0x093C,66,63
20679,0x093D,165,164
20679,0x0940,88,85
20679,0x0944,104,101
20679,0x0948,128,124
20679,0x0949,161,162
20679,0x094C,144,140
20679,0x094D,161,162
20679,0x0950,184,187
20679,0x0951,121,122
20679,0x0953,34,36
20679,0x0B26,30,31
20679,0x0B28,60,62
20679,0x0B86,30,31
20679,0x0B88,60,62
20679,0x0F99,30,31
20679,0x0F9D,30,31
20679,0x0FD1,30,31
20679,0x0FF0,30,31
20679,0x1011,136,131
20679,0x1034,141,139
20679,0x1051,136,131
20679,0x1064,90,86
20679,0x106C,31,45
20679,0x16D0,207,83
20679,0x16D1,111,114
20679,0x16D3,207,205
20679,0x16D4,71,72
20679,0x16D9,121,129
20679,0x16E6,184,182
20679,0x16F5,70,68
20679,0x16F8,15,13
20679,0x1710,114,218
20679,0x1711,211,214
20679,0x1726,117,115
20679,0x1735,108,106
20679,0x1738,36,34
20679,0x1750,57,128
20679,0x1751,174,177
20679,0x1753,176,79
20679,0x1754,95,96
20679,0x1756,159,165
20679,0x1759,84,78
20679,0x1766,139,137
20679,0x1775,25,23
20679,0x1778,8,6
20679,0x1790,68,7
20679,0x1791,141,144
20679,0x1793,195,230
20679,0x1794,85,86
20679,0x1796,93,99
20679,0x1799,150,144
20679,0x17A6,161,159
20679,0x17B5,47,45
20679,0x17B8,30,28
20679,0x17D0,192,40
20679,0x17D1,185,182
20679,0x17D3,223,176
20679,0x17D4,129,134
20679,0x17D9,130,96
20679,0x17E6,207,205
20679,0x17F5,144,142
20679,0x17F8,42,40
20679,0x1811,66,63
20679,0x1813,24,75
20679,0x1814,173,172
20679,0x1816,116,132
20679,0x1819,161,151
20679,0x1826,247,245
20679,0x1835,77,75
20679,0x1838,39,37
20679,0x1850,228,76
20679,0x1851,104,101
20679,0x1866,162,160
20679,0x1875,99,97
20679,0x1878,15,13
20679,0x1890,108,212
20679,0x1891,144,140
20679,0x1893,57,252
20679,0x1894,169,170
20679,0x1899,251,217
20679,0x18A6,184,182
20679,0x18B5,121,119
20679,0x18B8,19,17
20679,0x1B10,193,239
20679,0x1B11,188,191
20679,0x1B13,151,57
20679,0x1B14,125,126
20679,0x1B26,1,2
20679,0x1B27,2,4
20679,0x1B30,2,3
20681,0x0004,14,16
20681,0x0020,187,191
20681,0x0024,7,6
20681,0x0049,3,1
20681,0x0051,11,9
20681,0x0069,175,177
20681,0x006B,105,107
20681,0x007B,31,32
20681,0x00AD,64,66
20681,0x00B7,21,20
20681,0x00CD,239,242
20681,0x00CE,44,50
20681,0x00CF,137,147
20681,0x00D0,228,242
20681,0x0176,165,144
20681,0x0178,180,52
20681,0x02F6,56,155
20681,0x02FB,2,1
20681,0x02FD,39,41
20681,0x0501,135,201
20681,0x0502,86,93
20681,0x0503,20,8
20681,0x0508,67,82
20681,0x0509,81,94
20681,0x050A,20,4
20681,0x050B,20,8
20681,0x050F,134,18
20681,0x0510,86,84
20681,0x0512,40,12
20681,0x0516,66,132
20681,0x0517,81,90
20681,0x0519,44,32
20681,0x051D,132,68
20681,0x051E,86,81
20681,0x0520,64,52
20681,0x0524,128,136
20681,0x0600,0,77
20681,0x0601,0,8
20681,0x0602,0,25
20681,0x0603,0,8
20681,0x0604,0,41
20681,0x0605,0,8
20681,0x0606,0,57
20681,0x0607,0,8
20681,0x0608,0,116
20681,0x0609,0,16
20681,0x060A,0,117
20681,0x060B,0,16
20681,0x0616,0,190
20681,0x0617,0,26
20681,0x0618,0,114
20681,0x0619,0,24
20681,0x061A,0,105
20681,0x061B,0,88
20681,0x0620,0,232
20681,0x0621,0,12
20681,0x0622,0,119
20681,0x0623,0,12
20681,0x0624,0,95
20681,0x0625,0,16
20681,0x0626,0,153
20681,0x0627,0,17
20681,0x0628,0,11
20681,0x0629,0,16
20681,0x062A,0,11
20681,0x062B,0,16
20681,0x062C,0,30
20681,0x062D,0,17
20681,0x062E,0,46
20681,0x062F,0,17
20681,0x0630,0,116
20681,0x0631,0,16
20681,0x0632,0,117
20681,0x0633,0,16
20681,0x063C,197,0
20681,0x063D,12,0
20681,0x063E,173,0
20681,0x063F,12,0
20681,0x0642,0,184
20681,0x0643,0,12
20681,0x0644,0,200
20681,0x0645,0,12
20681,0x0646,0,216
20681,0x0647,0,12
20681,0x0874,222,86
20681,0x0875,42,1
20681,0x0876,86,222
20681,0x0877,1,42
20681,0x0894,22,14
20681,0x0895,91,58
20681,0x0896,14,22
20681,0x0897,58,91
20681,0x0900,131,126
20681,0x0904,115,110
20681,0x0908,117,104
20681,0x090A,34,36
20681,0x090C,101,116
20681,0x090D,104,65
20681,0x090E,32,2
20681,0x090F,34,41
20681,0x0910,114,100
20681,0x0911,64,65
20681,0x0912,2,0
20681,0x0914,98,218
20681,0x0915,64,89
20681,0x0916,0,2
20681,0x0918,214,202
20681,0x091A,2,0
20681,0x091C,198,180
20681,0x091D,89,88
20681,0x091E,0,2
20681,0x0920,177,164
20681,0x0922,2,0
20681,0x0924,161,146
20681,0x0925,88,79
20681,0x0926,0,2
20681,0x0928,144,130
20681,0x0929,78,79
20681,0x092A,2,0
20681,0x092C,128,162
20681,0x092D,78,131
20681,0x092E,0,2
20681,0x092F,41,103
20681,0x0930,166,178
20681,0x0931,126,131
20681,0x0932,2,0
20681,0x0934,182,44
20681,0x0935,126,163
20681,0x0936,0,6
20681,0x0938,47,60
20681,0x0939,164,163
20681,0x093A,6,4
20681,0x093C,63,81
20681,0x093D,164,167
20681,0x093E,4,2
20681,0x0940,85,97
20681,0x0942,2,0
20681,0x0944,101,121
20681,0x0945,167,164
20681,0x0946,0,2
20681,0x0948,124,137
20681,0x0949,162,164
20681,0x094A,2,0
20681,0x094C,140,191
20681,0x094D,162,122
20681,0x094E,0,6
20681,0x094F,103,36
20681,0x0951,122,224
20681,0x0B04,170,42
20681,0x0B22,71,72
20681,0x0B24,143,144
20681,0x0B26,31,32
20681,0x0B28,62,64
20681,0x0B82,71,72
20681,0x0B84,143,144
20681,0x0B86,31,32
20681,0x0B88,62,64
20681,0x0F99,31,32
20681,0x0F9D,31,32
20681,0x0FD1,31,32
20681,0x0FF0,31,32
20681,0x1011,131,126
20681,0x1034,139,137
20681,0x1051,131,126
20681,0x1064,86,88
20681,0x106C,45,40
20681,0x16D0,83,215
20681,0x16D1,114,116
20681,0x16D3,205,219
20681,0x16D4,72,73
20681,0x16D9,129,137
20681,0x16E6,182,180
20681,0x16F5,68,66
20681,0x16F8,13,11
20681,0x1710,218,66
20681,0x1711,214,218
20681,0x1726,115,113
20681,0x1735,106,104
20681,0x1738,34,32
20681,0x1750,128,211
20681,0x1751,177,180
20681,0x1753,79,226
20681,0x1756,165,171
20681,0x1759,78,72
20681,0x1766,137,135
20681,0x1775,23,21
20681,0x1778,6,4
20681,0x1790,7,214
20681,0x1791,144,146
20681,0x1793,230,253
20681,0x1794,86,87
20681,0x1796,99,105
20681,0x1799,144,138
20681,0x17A6,159,157
20681,0x17B5,45,43
20681,0x17B8,28,26
20681,0x17D0,40,144
20681,0x17D1,182,178
20681,0x17D3,176,61
20681,0x17D4,134,139
20681,0x17D9,96,62
20681,0x17E6,205,203
20681,0x17F5,142,140
20681,0x17F8,40,38
20681,0x1810,124,156
20681,0x1811,63,60
20681,0x1813,75,106
20681,0x1814,172,171
20681,0x1816,132,148
20681,0x1819,151,141
20681,0x1826,245,243
20681,0x1835,75,73
20681,0x1838,37,35
20681,0x1850,76,180
20681,0x1851,101,97
20681,0x1866,160,158
20681,0x1875,97,95
20681,0x1878,13,11
20681,0x1890,212,60
20681,0x1891,140,137
20681,0x1893,252,123
20681,0x1894,170,172
20681,0x1899,217,183
20681,0x18A6,182,180
20681,0x18B5,119,117
20681,0x18B8,17,15
20681,0x1B10,239,29
20681,0x1B11,191,195
20681,0x1B13,57,219
20681,0x1B24,182,184
20681,0x1B26,2,1
20681,0x1B2C,61,56
20681,0x1B30,3,1
20683,0x0020,191,194
20683,0x0022,122,123
20683,0x0024,6,7
20683,0x0026,36,34
20683,0x0028,36,34
20683,0x0049,1,11
20683,0x0051,9,7
20683,0x0069,177,179
20683,0x006B,107,109
20683,0x007B,32,33
20683,0x00AD,66,68
20683,0x00B7,20,21
20683,0x00CD,242,245
20683,0x00CE,50,56
20683,0x00CF,147,157
20683,0x00D0,242,0
20683,0x0176,144,165
20683,0x0178,52,180
20683,0x017D,52,53
20683,0x01FE,207,215
20683,0x02F6,155,255
20683,0x072C,220,92
20683,0x072D,74,9
20683,0x072E,222,30
20683,0x072F,123,10
20683,0x0734,16,142
20683,0x0735,74,8
20683,0x0736,222,88
20683,0x0737,123,9
20683,0x073C,149,150
20683,0x073D,17,8
20683,0x073E,220,92
20683,0x073F,74,9
20683,0x0874,86,222
20683,0x0875,1,42
20683,0x0876,222,86
20683,0x0877,42,1
20683,0x0894,14,22
20683,0x0895,58,91
20683,0x0896,22,14
20683,0x0897,91,58
20683,0x0900,126,121
20683,0x0904,110,105
20683,0x0908,104,107
20683,0x090A,36,40
20683,0x090C,116,91
20683,0x090D,65,104
20683,0x090E,2,38
20683,0x090F,41,34
20683,0x0910,100,119
20683,0x0911,65,66
20683,0x0912,0,2
20683,0x0914,218,103
20683,0x0915,89,66
20683,0x0916,2,0
20683,0x0918,202,221
20683,0x091A,0,2
20683,0x091C,180,205
20683,0x091D,88,89
20683,0x091E,2,0
20683,0x0920,164,184
20683,0x0921,88,89
20683,0x0922,0,2
20683,0x0924,146,168
20683,0x0925,79,89
20683,0x0926,2,0
20683,0x0928,130,149
20683,0x0929,79,81
20683,0x092A,0,2
20683,0x092C,162,133
20683,0x092D,131,81
20683,0x092E,2,0
20683,0x092F,103,41
20683,0x0930,178,158
20683,0x0931,131,135
20683,0x0932,0,2
20683,0x0934,44,174
20683,0x0935,163,135
20683,0x0936,6,0
20683,0x0938,60,41
20683,0x0939,163,162
20683,0x093A,4,6
20683,0x093C,81,57
20683,0x093D,167,162
20683,0x093E,2,4
20683,0x0940,97,78
20683,0x0942,0,2
20683,0x0944,121,94
20683,0x0945,164,167
20683,0x0946,2,0
20683,0x0948,137,117
20683,0x0949,164,165
20683,0x094A,0,2
20683,0x094C,191,133
20683,0x094D,122,165
20683,0x094E,6,0
20683,0x094F,36,103
20683,0x0950,187,194
20683,0x0951,224,123
20683,0x0953,36,34
20683,0x0B04,42,170
20683,0x0B26,32,33
20683,0x0B28,64,66
20683,0x0B86,32,33
20683,0x0B88,64,66
20683,0x0F99,32,33
20683,0x0F9D,32,33
20683,0x0FD1,32,33
20683,0x0FF0,32,33
20683,0x1011,126,121
20683,0x1034,137,135
20683,0x1051,126,121
20683,0x1064,88,90
20683,0x106C,40,31
20683,0x16D0,215,91
20683,0x16D1,116,119
20683,0x16D3,219,249
20683,0x16D4,73,74
20683,0x16D9,137,145
20683,0x16E6,180,178
20683,0x16F5,66,64
20683,0x16F8,11,9
20683,0x1710,66,170
20683,0x1711,218,221
20683,0x1726,113,111
20683,0x1735,104,102
20683,0x1738,32,30
20683,0x1750,211,50
20683,0x1751,180,184
20683,0x1753,226,105
20683,0x1754,96,97
20683,0x1756,171,177
20683,0x1759,72,66
20683,0x1766,135,133
20683,0x1775,21,19
20683,0x1778,4,2
20683,0x1790,214,177
20683,0x1791,146,149
20683,0x1793,253,8
20683,0x1794,87,89
20683,0x1796,105,111
20683,0x1799,138,132
20683,0x17A6,157,155
20683,0x17B5,43,41
20683,0x17B8,26,24
20683,0x17D0,144,248
20683,0x17D1,178,174
20683,0x17D3,61,134
20683,0x17D4,139,143
20683,0x17D9,62,28
20683,0x17E6,203,201
20683,0x17F5,140,138
20683,0x17F8,38,36
20683,0x1810,156,220
20683,0x1811,60,57
20683,0x1813,106,117
20683,0x1814,171,170
20683,0x1816,148,164
20683,0x1819,141,131
20683,0x1826,243,241
20683,0x1835,73,71
20683,0x1838,35,33
20683,0x1850,180,28
20683,0x1851,97,94
20683,0x1866,158,156
20683,0x1875,95,93
20683,0x1878,11,9
20683,0x1890,60,164
20683,0x1891,137,133
20683,0x1893,123,182
20683,0x1894,172,173
20683,0x1899,183,149
20683,0x18A6,180,178
20683,0x18B5,117,115
20683,0x18B8,15,13
20683,0x1B10,29,75
20683,0x1B11,195,198
20683,0x1B13,219,125
20683,0x1B14,126,127
20683,0x1B24,184,182
20683,0x1B27,4,2
20683,0x1B2C,56,61
20683,0x1B30,1,2
20685,0x0020,194,197
20685,0x0022,123,124
20685,0x0026,34,36
20685,0x0028,34,36
20685,0x0049,11,9
20685,0x0051,7,5
20685,0x0069,179,181
20685,0x006B,109,111
20685,0x007B,33,34
20685,0x00AD,68,70
20685,0x00CD,245,248
20685,0x00CE,56,62
20685,0x00CF,157,167
20685,0x00D0,0,14
20685,0x0176,165,144
20685,0x0178,180,52
20685,0x017D,53,52
20685,0x02F6,255,155
20685,0x02FD,41,39
20685,0x0874,222,86
20685,0x0875,42,1
20685,0x0876,86,222
20685,0x0877,1,42
20685,0x0894,22,14
20685,0x0895,91,58
20685,0x0896,14,22
20685,0x0897,58,91
20685,0x0900,121,116
20685,0x0904,105,100
20685,0x0908,107,102
20685,0x090A,40,34
20685,0x090C,91,86
20685,0x090E,38,32
20685,0x0910,119,121
20685,0x0911,66,68
20685,0x0914,103,105
20685,0x0915,66,68
20685,0x0918,221,225
20685,0x091C,205,209
20685,0x0920,184,187
20685,0x0924,168,171
20685,0x0928,149,152
20685,0x0929,81,82
20685,0x092C,133,136
20685,0x092D,81,82
20685,0x0930,158,155
20685,0x0931,135,139
20685,0x0934,174,171
20685,0x0935,135,139
20685,0x0938,41,39
20685,0x0939,162,161
20685,0x093C,57,55
20685,0x093D,162,161
20685,0x0940,78,74
20685,0x0944,94,90
20685,0x0948,117,114
20685,0x0949,165,166
20685,0x094C,133,130
20685,0x094D,165,166
20685,0x0950,194,197
20685,0x0951,123,124
20685,0x0953,34,36
20685,0x0B24,144,145
20685,0x0B26,33,34
20685,0x0B28,66,68
20685,0x0B84,144,145
20685,0x0B86,33,34
20685,0x0B88,66,68
20685,0x0F99,33,34
20685,0x0F9D,33,34
20685,0x0FD1,33,34
20685,0x0FF0,33,34
20685,0x1011,121,116
20685,0x1034,135,133
20685,0x1051,121,116
20685,0x1064,90,86
20685,0x106C,31,45
20685,0x16D0,91,223
20685,0x16D1,119,121
20685,0x16D3,249,39
20685,0x16D4,74,76
20685,0x16D9,145,153
20685,0x16E6,178,176
20685,0x16F5,64,62
20685,0x16F8,9,7
20685,0x1710,170,18
20685,0x1711,221,225
20685,0x1726,111,109
20685,0x1735,102,100
20685,0x1738,30,28
20685,0x1750,50,154
20685,0x1751,184,187
20685,0x1753,105,168
20685,0x1756,177,180
20685,0x1759,66,63
20685,0x1766,133,131
20685,0x1775,19,17
20685,0x1778,2,50
20685,0x1779,0,6
20685,0x177A,138,141
20685,0x1790,177,152
20685,0x1791,149,152
20685,0x1793,8,7
20685,0x1794,89,90
20685,0x1796,111,117
20685,0x1799,132,126
20685,0x17A6,155,153
20685,0x17B5,41,39
20685,0x17B8,24,22
20685,0x17D0,248,96
20685,0x17D1,174,171
20685,0x17D3,134,139
20685,0x17D4,143,147
20685,0x17D9,28,250
20685,0x17DA,2,1
20685,0x17E6,201,199
20685,0x17F5,138,136
20685,0x17F8,36,34
20685,0x1810,220,60
20685,0x1811,57,55
20685,0x1813,117,108
20685,0x1814,170,169
20685,0x1816,164,180
20685,0x1819,131,121
20685,0x1826,241,239
20685,0x1835,71,69
20685,0x1838,33,31
20685,0x1850,28,132
20685,0x1851,94,90
20685,0x1866,156,154
20685,0x1875,93,91
20685,0x1878,9,7
20685,0x1890,164,12
20685,0x1891,133,130
20685,0x1893,182,173
20685,0x1894,173,174
20685,0x1899,149,115
20685,0x18A6,178,176
20685,0x18B5,115,113
20685,0x18B8,13,11
20685,0x1B10,75,121
20685,0x1B11,198,201
20685,0x1B13,125,31
20685,0x1B14,127,128
20685,0x1B26,1,2
20685,0x1B27,2,4
20685,0x1B30,2,3
20687,0x0020,197,200
20687,0x0024,7,6
20687,0x0049,9,7
20687,0x0051,5,3
20687,0x0069,181,183
20687,0x006B,111,113
20687,0x007B,34,35
20687,0x00AD,70,72
20687,0x00B7,21,20
20687,0x00CD,248,251
20687,0x00CE,62,68
20687,0x00CF,167,177
20687,0x00D0,14,28
20687,0x0176,144,165
20687,0x0178,52,180
20687,0x02FD,39,41
20687,0x0874,86,222
20687,0x0875,1,42
20687,0x0876,222,86
20687,0x0877,42,1
20687,0x0894,14,22
20687,0x0895,58,91
20687,0x0896,22,14
20687,0x0897,91,58
20687,0x0900,116,111
20687,0x0903,38,32
20687,0x0904,100,95
20687,0x0907,38,32
20687,0x0908,102,89
20687,0x090A,34,36
20687,0x090C,86,124
20687,0x090D,104,69
20687,0x090E,32,2
20687,0x090F,34,41
20687,0x0910,121,108
20687,0x0911,68,69
20687,0x0912,2,0
20687,0x0914,105,228
20687,0x0915,68,89
20687,0x0916,0,2
20687,0x0918,225,212
20687,0x091A,2,0
20687,0x091C,209,191
20687,0x091E,0,2
20687,0x0920,187,175
20687,0x0922,2,0
20687,0x0924,171,155
20687,0x0925,89,82
20687,0x0926,0,2
20687,0x0928,152,139
20687,0x092A,2,0
20687,0x092C,136,151
20687,0x092D,82,143
20687,0x092E,0,2
20687,0x092F,41,103
20687,0x0930,155,167
20687,0x0931,139,143
20687,0x0932,2,0
20687,0x0934,171,36
20687,0x0935,139,160
20687,0x0936,0,6
20687,0x0938,39,52
20687,0x0939,161,160
20687,0x093A,6,4
20687,0x093C,55,70
20687,0x093D,161,167
20687,0x093E,4,2
20687,0x0940,74,86
20687,0x0942,2,0
20687,0x0944,90,110
20687,0x0946,0,2
20687,0x0948,114,126
20687,0x0949,166,167
20687,0x094A,2,0
20687,0x094C,130,200
20687,0x094D,166,124
20687,0x094E,0,6
20687,0x094F,103,36
20687,0x0951,124,224
20687,0x0B04,170,42
20687,0x0B26,34,35
20687,0x0B28,68,70
20687,0x0B86,34,35
20687,0x0B88,68,70
20687,0x0F99,34,35
20687,0x0F9D,34,35
20687,0x0FD1,34,35
20687,0x0FF0,34,35
20687,0x1011,116,111
20687,0x1027,6,0
20687,0x1034,133,131
20687,0x1051,116,111
20687,0x1064,86,88
20687,0x106C,45,40
20687,0x16D0,223,99
20687,0x16D1,121,124
20687,0x16D3,39,101
20687,0x16D4,76,77
20687,0x16D9,153,161
20687,0x16E6,176,174
20687,0x16F5,62,60
20687,0x16F8,7,5
20687,0x1710,18,122
20687,0x1711,225,228
20687,0x1726,109,107
20687,0x1735,100,98
20687,0x1738,28,26
20687,0x1750,154,2
20687,0x1751,187,191
20687,0x1766,131,129
20687,0x1775,17,15
20687,0x1778,50,48
20687,0x1790,152,139
20687,0x1791,152,155
20687,0x1793,7,250
20687,0x1796,117,123
20687,0x1799,126,120
20687,0x17A6,153,151
20687,0x17B5,39,37
20687,0x17B8,22,20
20687,0x17D0,96,200
20687,0x17D1,171,167
20687,0x17D3,139,76
20687,0x17D4,147,151
20687,0x17D9,250,216
20687,0x17E6,199,197
20687,0x17F5,136,134
20687,0x17F8,34,32
20687,0x1810,60,188
20687,0x1811,55,52
20687,0x1813,108,79
20687,0x1814,169,168
20687,0x1816,180,196
20687,0x1819,121,111
20687,0x1826,239,237
20687,0x1835,69,67
20687,0x1838,31,29
20687,0x1850,132,236
20687,0x1851,90,86
20687,0x1866,154,152
20687,0x1875,91,89
20687,0x1878,7,5
20687,0x1890,12,116
20687,0x1891,130,126
20687,0x1893,173,96
20687,0x1894,174,175
20687,0x1899,115,81
20687,0x18A6,176,174
20687,0x18B5,113,111
20687,0x18B8,11,9
20687,0x1B10,121,167
20687,0x1B11,201,204
20687,0x1B13,31,193
20687,0x1B24,182,184
20687,0x1B26,2,1
20687,0x1B2C,61,56
20687,0x1B30,3,1
20689,0x0004,16,18
20689,0x0020,200,203
20689,0x0022,124,125
20689,0x0024,6,7
20689,0x0026,36,34
20689,0x0028,36,34
20689,0x0049,7,5
20689,0x0051,3,1
20689,0x0069,183,185
20689,0x006B,113,115
20689,0x007B,35,36
20689,0x00AD,72,74
20689,0x00B7,20,21
20689,0x00CD,251,254
20689,0x00CE,68,74
20689,0x00CF,177,187
20689,0x00D0,28,42
20689,0x0176,165,144
20689,0x0178,180,52
20689,0x0501,201,137
20689,0x0502,93,86
20689,0x0503,8,20
20689,0x0600,77,0
20689,0x0601,8,0
20689,0x0602,25,0
20689,0x0603,8,0
20689,0x0604,41,0
20689,0x0605,8,0
20689,0x0606,57,0
20689,0x0607,8,0
20689,0x0608,116,0
20689,0x0609,16,0
20689,0x060A,117,0
20689,0x060B,16,0
20689,0x0874,222,86
20689,0x0875,42,1
20689,0x0876,86,222
20689,0x0877,1,42
20689,0x0894,22,14
20689,0x0895,91,58
20689,0x0896,14,22
20689,0x0897,58,91
20689,0x0900,111,106
20689,0x0904,95,90
20689,0x0908,89,92
20689,0x090A,36,40
20689,0x090C,124,76
20689,0x090D,69,104
20689,0x090E,2,38
20689,0x090F,41,34
20689,0x0910,108,126
20689,0x0911,69,70
20689,0x0912,0,2
20689,0x0914,228,110
20689,0x0915,89,70
20689,0x0916,2,0
20689,0x0918,212,231
20689,0x091A,0,2
20689,0x091C,191,215
20689,0x091E,2,0
20689,0x0920,175,194
20689,0x0922,0,2
20689,0x0924,155,178
20689,0x0925,82,89
20689,0x0926,2,0
20689,0x0928,139,158
20689,0x0929,82,83
20689,0x092A,0,2
20689,0x092C,151,142
20689,0x092D,143,83
20689,0x092E,2,0
20689,0x092F,103,41
20689,0x0930,167,148
20689,0x0931,143,146
20689,0x0932,0,2
20689,0x0934,36,164
20689,0x0935,160,146
20689,0x0936,6,0
20689,0x0938,52,34
20689,0x0939,160,159
20689,0x093A,4,6
20689,0x093C,70,50
20689,0x093D,167,159
20689,0x093E,2,4
20689,0x0940,86,67
20689,0x0942,0,2
20689,0x0944,110,83
20689,0x0946,2,0
20689,0x0948,126,106
20689,0x094A,0,2
20689,0x094C,200,122
20689,0x094D,124,167
20689,0x094E,6,0
20689,0x094F,36,103
20689,0x0950,197,203
20689,0x0951,224,125
20689,0x0953,36,34
20689,0x0B04,42,170
20689,0x0B22,72,73
20689,0x0B24,145,146
20689,0x0B26,35,36
20689,0x0B28,70,72
20689,0x0B82,72,73
20689,0x0B84,145,146
20689,0x0B86,35,36
20689,0x0B88,70,72
20689,0x0F99,35,36
20689,0x0F9D,35,36
20689,0x0FD1,35,36
20689,0x0FF0,35,36
20689,0x1011,111,106
20689,0x1034,131,129
20689,0x1051,111,106
20689,0x1064,88,90
20689,0x106C,40,31
20689,0x16D0,99,231
20689,0x16D1,124,126
20689,0x16D3,101,179
20689,0x16D4,77,78
20689,0x16D9,161,169
20689,0x16E6,174,172
20689,0x16F5,60,58
20689,0x16F8,5,3
20689,0x1710,122,226
20689,0x1711,228,231
20689,0x1726,107,105
20689,0x1735,98,96
20689,0x1738,26,24
20689,0x1750,2,106
20689,0x1751,191,194
20689,0x1766,129,127
20689,0x1775,15,13
20689,0x1778,48,46
20689,0x1790,139,138
20689,0x1791,155,158
20689,0x1793,250,225
20689,0x1794,90,91
20689,0x1796,123,129
20689,0x1799,120,114
20689,0x17A6,151,149
20689,0x17B5,37,35
20689,0x17B8,20,18
20689,0x17D0,200,48
20689,0x17D1,167,164
20689,0x17D3,76,201
20689,0x17D4,151,154
20689,0x17D9,216,182
20689,0x17E6,197,195
20689,0x17F5,134,132
20689,0x17F8,32,30
20689,0x1810,188,92
20689,0x1811,52,50
20689,0x1813,79,30
20689,0x1814,168,167
20689,0x1816,196,212
20689,0x1819,111,101
20689,0x1826,237,235
20689,0x1835,67,65
20689,0x1838,29,27
20689,0x1850,236,84
20689,0x1851,86,83
20689,0x1866,152,150
20689,0x1875,89,87
20689,0x1878,5,3
20689,0x1890,116,220
20689,0x1891,126,122
20689,0x1893,96,207
20689,0x1899,81,47
20689,0x18A6,174,172
20689,0x18B5,111,109
20689,0x18B8,9,7
20689,0x1B10,167,213
20689,0x1B11,204,207
20689,0x1B13,193,99
20689,0x1B14,128,129
20689,0x1B24,184,182
20689,0x1B27,4,2
20689,0x1B2C,56,61
20689,0x1B30,1,2
20691,0x0020,203,207
20691,0x0022,125,126
20691,0x0026,34,36
20691,0x0028,34,36
20691,0x0049,5,3
20691,0x0051,1,5
20691,0x0069,185,187
20691,0x006B,115,117
20691,0x007B,36,37
20691,0x00AD,74,76
20691,0x00CD,254,1
20691,0x00CE,74,81
20691,0x00CF,187,197
20691,0x00D0,42,56
20691,0x0176,144,165
20691,0x0178,52,180
20691,0x023D,36,52
20691,0x023E,91,111
20691,0x02F6,155,32
20691,0x02FB,1,2
20691,0x02FD,41,39
20691,0x0305,252,56
20691,0x0306,145,146
20691,0x030D,16,76
20691,0x0315,36,96
20691,0x071A,165,94
20691,0x071B,28,115
20691,0x071C,60,30
20691,0x071D,1,0
20691,0x071E,62,8
20691,0x071F,2,0
20691,0x0874,86,222
20691,0x0875,1,42
20691,0x0876,222,86
20691,0x0877,42,1
20691,0x0894,14,22
20691,0x0895,58,91
20691,0x0896,22,14
20691,0x0897,91,58
20691,0x0900,106,101
20691,0x0903,32,38
20691,0x0904,90,85
20691,0x0907,32,38
20691,0x0908,92,87
20691,0x090A,40,34
20691,0x090C,76,71
20691,0x090E,38,32
20691,0x0910,126,129
20691,0x0911,70,72
20691,0x0914,110,113
20691,0x0915,70,72
20691,0x0918,231,235
20691,0x091C,215,219
20691,0x0920,194,197
20691,0x0924,178,181
20691,0x0928,158,161
20691,0x0929,83,84
20691,0x092C,142,145
20691,0x092D,83,84
20691,0x0930,148,144
20691,0x0931,146,150
20691,0x0934,164,160
20691,0x0935,146,150
20691,0x0938,34,32
20691,0x0939,159,157
20691,0x093C,50,48
20691,0x093D,159,157
20691,0x0940,67,63
20691,0x0944,83,79
20691,0x0948,106,103
20691,0x094C,122,119
20691,0x0950,203,207
20691,0x0951,125,126
20691,0x0953,34,36
20691,0x0B26,36,37
20691,0x0B28,72,74
20691,0x0B86,36,37
20691,0x0B88,72,74
20691,0x0F99,36,37
20691,0x0F9D,36,37
20691,0x0FD1,36,37
20691,0x0FF0,36,37
20691,0x1011,106,101
20691,0x1027,0,6
20691,0x1034,129,127
20691,0x1051,106,101
20691,0x1064,90,86
20691,0x106C,31,45
20691,0x16D0,231,107
20691,0x16D1,126,129
20691,0x16D3,179,17
20691,0x16D4,78,80
20691,0x16D9,169,177
20691,0x16E6,172,170
20691,0x16F5,58,56
20691,0x16F8,3,1
20691,0x1710,226,74
20691,0x1711,231,235
20691,0x1726,105,103
20691,0x1735,96,94
20691,0x1738,24,22
20691,0x1750,106,210
20691,0x1751,194,197
20691,0x1766,127,125
20691,0x1775,13,11
20691,0x1778,46,44
20691,0x1790,138,149
20691,0x1791,158,161
20691,0x1793,225,188
20691,0x1794,91,92
20691,0x1796,129,135
20691,0x1799,114,108
20691,0x17A6,149,147
20691,0x17B5,35,33
20691,0x17B8,18,16
20691,0x17D0,48,152
20691,0x17D1,164,160
20691,0x17D3,201,2
20691,0x17D4,154,158
20691,0x17D9,182,148
20691,0x17E6,195,193
20691,0x17F5,132,130
20691,0x17F8,30,28
20691,0x1810,92,28
20691,0x1811,50,48
20691,0x1813,30,217
20691,0x1814,167,165
20691,0x1816,212,228
20691,0x1819,101,91
20691,0x1826,235,233
20691,0x1835,65,63
20691,0x1838,27,25
20691,0x1850,84,188
20691,0x1851,83,79
20691,0x1866,150,148
20691,0x1875,87,85
20691,0x1878,3,1
20691,0x1890,220,68
20691,0x1891,122,119
20691,0x1893,207,250
20691,0x1899,47,13
20691,0x18A6,172,170
20691,0x18B5,109,107
20691,0x18B8,7,5
20691,0x1B10,213,3
20691,0x1B11,207,211
20691,0x1B13,99,5
20691,0x1B14,129,130
20691,0x1B26,1,2
20691,0x1B27,2,4
20691,0x1B30,2,3
20693,0x0020,207,210
20693,0x0024,7,6
20693,0x0049,3,1
20693,0x0051,5,3
20693,0x0069,187,189
20693,0x006B,117,119
20693,0x007B,37,38
20693,0x00AD,76,78
20693,0x00B7,21,20
20693,0x00CD,1,4
20693,0x00CE,81,87
20693,0x00CF,197,207
20693,0x00D0,56,70
20693,0x0176,165,144
20693,0x0178,180,52
20693,0x02F6,32,155
20693,0x02FB,2,1
20693,0x0874,222,86
20693,0x0875,42,1
20693,0x0876,86,222
20693,0x0877,1,42
20693,0x0894,22,14
20693,0x0895,91,58
20693,0x0896,14,22
20693,0x0897,58,91
20693,0x0900,101,96
20693,0x0904,85,80
20693,0x0908,87,74
20693,0x090A,34,36
20693,0x090C,71,131
20693,0x090D,104,73
20693,0x090E,32,2
20693,0x090F,34,41
20693,0x0910,129,115
20693,0x0911,72,73
20693,0x0912,2,0
20693,0x0914,113,238
20693,0x0915,72,89
20693,0x0916,0,2
20693,0x0918,235,222
20693,0x091A,2,0
20693,0x091C,219,201
20693,0x091E,0,2
20693,0x0920,197,185
20693,0x0922,2,0
20693,0x0924,181,164
20693,0x0925,89,85
20693,0x0926,0,2
20693,0x0928,161,148
20693,0x0929,84,85
20693,0x092A,2,0
20693,0x092C,145,141
20693,0x092D,84,152
20693,0x092E,0,2
20693,0x092F,41,103
20693,0x0930,144,157
20693,0x0931,150,152
20693,0x0932,2,0
20693,0x0934,160,29
20693,0x0935,150,156
20693,0x0936,0,6
20693,0x0938,32,45
20693,0x0939,157,156
20693,0x093A,6,4
20693,0x093C,48,60
20693,0x093D,157,167
20693,0x093E,4,6
20693,0x0940,63,76
20693,0x0942,2,4
20693,0x0944,79,99
20693,0x0946,0,2
20693,0x0948,103,115
20693,0x094A,2,0
20693,0x094C,119,210
20693,0x094D,167,126
20693,0x094E,0,6
20693,0x094F,103,36
20693,0x0951,126,224
20693,0x0B04,170,42
20693,0x0B24,146,147
20693,0x0B26,37,38
20693,0x0B28,74,76
20693,0x0B84,146,147
20693,0x0B86,37,38
20693,0x0B88,74,76
20693,0x0F99,37,38
20693,0x0F9D,37,38
20693,0x0FD1,37,38
20693,0x0FF0,37,38
20693,0x1011,101,96
20693,0x1034,127,125
20693,0x1051,101,96
20693,0x1064,86,88
20693,0x106C,45,40
20693,0x16D0,107,248
20693,0x16D1,129,131
20693,0x16D3,17,106
20693,0x16D4,80,81
20693,0x16D6,66,72
20693,0x16D9,177,171
20693,0x16DC,5,3
20693,0x16DD,4,253
20693,0x16E6,170,168
20693,0x16F5,56,54
20693,0x16F8,1,37
20693,0x16F9,2,0
20693,0x16FA,133,138
20693,0x1710,74,178
20693,0x1711,235,238
20693,0x1726,103,101
20693,0x1735,94,92
20693,0x1738,22,20
20693,0x1750,210,58
20693,0x1751,197,201
20693,0x1766,125,123
20693,0x1775,11,9
20693,0x1778,44,42
20693,0x1790,149,172
20693,0x1791,161,164
20693,0x1793,188,139
20693,0x1794,92,93
20693,0x1796,135,141
20693,0x1799,108,102
20693,0x17A6,147,145
20693,0x17B5,33,31
20693,0x17B8,16,14
20693,0x17D0,152,0
20693,0x17D1,160,157
20693,0x17D3,2,247
20693,0x17D4,158,160
20693,0x17D9,148,114
20693,0x17E6,193,191
20693,0x17F5,130,128
20693,0x17F8,28,26
20693,0x1810,28,252
20693,0x1811,48,45
20693,0x1813,217,128
20693,0x1814,165,164
20693,0x1816,228,244
20693,0x1819,91,81
20693,0x1826,233,231
20693,0x1835,63,61
20693,0x1838,25,23
20693,0x1850,188,60
20693,0x1851,79,76
20693,0x1853,132,7
20693,0x1856,52,68
20693,0x1859,201,191
20693,0x185C,0,8
20693,0x185D,239,251
20693,0x1862,220,217
20693,0x1864,222,219
20693,0x1866,148,253
20693,0x186C,124,111
20693,0x186D,12,43
20693,0x1875,85,83
20693,0x1878,1,45
20693,0x1879,6,0
20693,0x187A,106,111
20693,0x1890,68,172
20693,0x1891,119,115
20693,0x1893,250,225
20693,0x1899,13,235
20693,0x189A,0,255
20693,0x189B,0,255
20693,0x18A6,170,168
20693,0x18B5,107,105
20693,0x18B8,5,3
20693,0x1B10,3,49
20693,0x1B11,211,214
20693,0x1B13,5,167
20693,0x1B24,182,184
20693,0x1B26,2,1
20693,0x1B2C,61,56
20693,0x1B30,3,1
20695,0x0020,210,213
20695,0x0022,126,127
20695,0x0024,6,7
20695,0x0025,1,2
20695,0x0026,36,34
20695,0x0028,36,34
20695,0x0049,1,11
20695,0x0051,3,1
20695,0x0069,189,191
20695,0x006B,119,121
20695,0x0071,124,126
20695,0x0072,124,126
20695,0x007B,38,39
20695,0x0098,2,1
20695,0x009B,2,1
20695,0x009D,2,1
20695,0x00AD,78,80
20695,0x00B7,20,21
20695,0x00CD,4,7
20695,0x00CE,87,93
20695,0x00CF,207,217
20695,0x00D0,70,84
20695,0x00FA,2,1
20695,0x00FB,2,1
20695,0x0176,144,165
20695,0x0178,52,180
20695,0x01FE,215,207
20695,0x02F6,155,255
20695,0x072C,92,220
20695,0x072D,9,74
20695,0x072E,30,222
20695,0x072F,10,123
20695,0x0734,142,16
20695,0x0735,8,74
20695,0x0736,88,222
20695,0x0737,9,123
20695,0x073C,150,149
20695,0x073D,8,17
20695,0x073E,92,220
20695,0x073F,9,74
20695,0x0874,86,222
20695,0x0875,1,42
20695,0x0876,222,86
20695,0x0877,42,1
20695,0x0894,14,22
20695,0x0895,58,91
20695,0x0896,22,14
20695,0x0897,91,58
20695,0x0900,96,101
20695,0x0904,80,85
20695,0x0908,74,87
20695,0x090A,36,40
20695,0x090C,131,71
20695,0x090D,73,104
20695,0x090E,2,38
20695,0x090F,41,34
20695,0x0910,115,134
20695,0x0911,73,74
20695,0x0912,0,2
20695,0x0914,238,118
20695,0x0915,89,74
20695,0x0916,2,0
20695,0x0918,222,242
20695,0x091A,0,2
20695,0x091C,201,226
20695,0x091E,2,0
20695,0x0920,185,204
20695,0x0922,0,2
20695,0x0924,164,188
20695,0x0925,85,89
20695,0x0926,2,0
20695,0x0928,148,167
20695,0x0929,85,86
20695,0x092A,0,2
20695,0x092C,141,151
20695,0x092D,152,86
20695,0x092E,2,0
20695,0x092F,103,41
20695,0x0930,157,137
20695,0x0931,152,155
20695,0x0932,0,2
20695,0x0934,29,153
20695,0x0935,156,155
20695,0x0936,6,0
20695,0x0938,45,27
20695,0x0939,156,155
20695,0x093A,4,6
20695,0x093C,60,43
20695,0x093D,167,155
20695,0x093E,6,4
20695,0x0940,76,56
20695,0x0941,167,166
20695,0x0942,4,6
20695,0x0944,99,72
20695,0x0945,167,166
20695,0x0946,2,4
20695,0x0948,115,96
20695,0x094A,0,2
20695,0x094C,210,112
20695,0x094D,126,167
20695,0x094E,6,0
20695,0x094F,36,103
20695,0x0950,207,213
20695,0x0951,224,127
20695,0x0953,36,34
20695,0x0B04,42,170
20695,0x0B26,38,39
20695,0x0B28,76,78
20695,0x0B86,38,39
20695,0x0B88,76,78
20695,0x0F99,38,39
20695,0x0F9D,38,39
20695,0x0FD1,38,39
20695,0x0FF0,38,39
20695,0x100D,24,8
20695,0x1011,96,101
20695,0x1034,125,123
20695,0x1051,96,101
20695,0x1064,88,90
20695,0x106C,40,31
20695,0x16D0,248,145
20695,0x16D1,131,134
20695,0x16D3,106,183
20695,0x16D4,81,82
20695,0x16D6,72,78
20695,0x16D9,171,165
20695,0x16E6,168,166
20695,0x16F5,54,52
20695,0x16F8,37,35
20695,0x1710,178,26
20695,0x1711,238,242
20695,0x1726,101,99
20695,0x1735,92,90
20695,0x1738,20,18
20695,0x1750,58,162
20695,0x1751,201,204
20695,0x1766,123,121
20695,0x1775,9,7
20695,0x1778,42,40
20695,0x1790,172,207
20695,0x1791,164,167
20695,0x1793,139,78
20695,0x1794,93,94
20695,0x1796,141,147
20695,0x1799,102,96
20695,0x17A6,145,143
20695,0x17B5,31,29
20695,0x17B8,14,12
20695,0x17D0,0,104
20695,0x17D1,157,153
20695,0x17D3,247,168
20695,0x17D4,160,163
20695,0x17D9,114,80
20695,0x17E6,191,189
20695,0x17F5,128,126
20695,0x17F8,26,24
20695,0x1811,45,43
20695,0x1813,128,19
20695,0x1814,164,163
20695,0x1816,244,4
20695,0x1817,254,255
20695,0x1819,81,71
20695,0x1826,231,229
20695,0x1835,61,59
20695,0x1838,23,21
20695,0x1850,60,220
20695,0x1851,76,72
20695,0x1853,7,118
20695,0x1854,175,174
20695,0x1856,68,84
20695,0x1859,191,181
20695,0x1866,253,251
20695,0x1875,83,81
20695,0x1878,45,43
20695,0x1890,172,20
20695,0x1891,115,112
20695,0x1893,225,132
20695,0x1899,235,201
20695,0x18A6,168,166
20695,0x18B5,105,103
20695,0x18B8,3,1
20695,0x1B10,49,95
20695,0x1B11,214,217
20695,0x1B13,167,73
20695,0x1B14,130,131
20695,0x1B24,184,182
20695,0x1B27,4,2
20695,0x1B2C,56,61
20695,0x1B30,1,2
20695,0xFFFF,127,128
20697,0x0004,18,20
20697,0x0020,213,216
20697,0x0025,2,1
20697,0x0026,34,36
20697,0x0028,34,36
20697,0x0049,11,9
20697,0x0051,1,5
20697,0x0069,191,193
20697,0x006B,121,123
20697,0x007B,39,40
20697,0x00AD,80,82
20697,0x00CD,7,10
20697,0x00CE,93,99
20697,0x00CF,217,227
20697,0x00D0,84,98
20697,0x0172,52,54
20697,0x0176,165,144
20697,0x0178,180,52
20697,0x023E,111,123
20697,0x02F6,255,32
20697,0x02FB,1,2
20697,0x02FD,39,41
20697,0x0501,137,133
20697,0x0502,86,90
20697,0x0508,82,69
20697,0x0509,94,81
20697,0x050A,4,20
20697,0x050B,8,20
20697,0x050F,18,138
20697,0x0510,84,86
20697,0x0512,12,40
20697,0x0600,0,231
20697,0x0601,0,12
20697,0x0602,0,120
20697,0x0603,0,12
20697,0x0604,0,217
20697,0x0605,0,16
20697,0x0606,0,154
20697,0x0607,0,17
20697,0x0608,0,11
20697,0x0609,0,16
20697,0x060A,0,11
20697,0x060B,0,16
20697,0x060C,0,31
20697,0x060D,0,17
20697,0x060E,0,47
20697,0x060F,0,17
20697,0x0610,0,116
20697,0x0611,0,16
20697,0x0612,0,118
20697,0x0613,0,16
20697,0x0616,190,0
20697,0x0617,26,0
20697,0x0618,114,0
20697,0x0619,24,0
20697,0x061A,105,0
20697,0x061B,88,0
20697,0x0620,232,167
20697,0x0622,119,169
20697,0x0624,95,168
20697,0x0625,16,12
20697,0x0626,153,183
20697,0x0627,17,12
20697,0x0628,11,0
20697,0x0629,16,0
20697,0x062A,11,0
20697,0x062B,16,0
20697,0x062C,30,0
20697,0x062D,17,0
20697,0x062E,46,0
20697,0x062F,17,0
20697,0x0630,116,0
20697,0x0631,16,0
20697,0x0632,117,0
20697,0x0633,16,0
20697,0x071A,94,90
20697,0x071B,115,107
20697,0x071C,30,10
20697,0x071E,8,0
20697,0x0874,222,86
20697,0x0875,42,1
20697,0x0876,86,222
20697,0x0877,1,42
20697,0x0894,22,14
20697,0x0895,91,58
20697,0x0896,14,22
20697,0x0897,58,91
20697,0x0900,101,106
20697,0x0904,85,90
20697,0x0908,87,92
20697,0x090A,40,34
20697,0x090C,71,76
20697,0x090E,38,32
20697,0x0910,134,137
20697,0x0911,74,75
20697,0x0914,118,121
20697,0x0915,74,75
20697,0x0918,242,245
20697,0x091C,226,229
20697,0x0920,204,208
20697,0x0924,188,192
20697,0x0928,167,170
20697,0x0929,86,87
20697,0x092C,151,154
20697,0x092D,86,87
20697,0x0930,137,133
20697,0x0931,155,158
20697,0x0934,153,149
20697,0x0935,155,158
20697,0x0938,27,26
20697,0x0939,155,153
20697,0x093C,43,42
20697,0x093D,155,153
20697,0x0940,56,53
20697,0x0941,166,165
20697,0x0944,72,69
20697,0x0945,166,165
20697,0x0948,96,92
20697,0x094C,112,108
20697,0x0950,213,216
20697,0x0953,34,36
20697,0x0B22,73,74
20697,0x0B24,147,148
20697,0x0B26,39,40
20697,0x0B28,78,80
20697,0x0B82,73,74
20697,0x0B84,147,148
20697,0x0B86,39,40
20697,0x0B88,78,80
20697,0x0F99,39,40
20697,0x0F9D,39,40
20697,0x0FD1,39,40
20697,0x0FF0,39,40
20697,0x1011,101,106
20697,0x1034,123,121
20697,0x1051,101,106
20697,0x1064,90,86
20697,0x106C,31,45
20697,0x16D0,145,54
20697,0x16D1,134,137
20697,0x16D3,183,248
20697,0x16D4,82,83
20697,0x16D6,78,84
20697,0x16D9,165,159
20697,0x16E6,166,164
20697,0x16F5,52,50
20697,0x16F8,35,33
20697,0x1710,26,130
20697,0x1711,242,245
20697,0x1726,99,97
20697,0x1735,90,88
20697,0x1738,18,16
20697,0x1750,162,10
20697,0x1751,204,208
20697,0x1766,121,119
20697,0x1775,7,5
20697,0x1778,40,38
20697,0x1790,207,254
20697,0x1791,167,170
20697,0x1793,78,5
20697,0x1794,94,95
20697,0x1796,147,153
20697,0x1799,96,90
20697,0x17A6,143,141
20697,0x17B5,29,27
20697,0x17B8,12,10
20697,0x17D0,104,208
20697,0x17D1,153,149
20697,0x17D3,168,21
20697,0x17D4,163,166
20697,0x17D9,80,46
20697,0x17E6,189,187
20697,0x17F5,126,124
20697,0x17F8,24,22
20697,0x1810,252,28
20697,0x1811,43,42
20697,0x1813,19,146
20697,0x1814,163,161
20697,0x1816,4,20
20697,0x1819,71,61
20697,0x1826,229,227
20697,0x1835,59,57
20697,0x1838,21,19
20697,0x1850,220,156
20697,0x1851,72,69
20697,0x1853,118,209
20697,0x1854,174,173
20697,0x1856,84,100
20697,0x1859,181,171
20697,0x1866,251,249
20697,0x1875,81,79
20697,0x1878,43,41
20697,0x1890,20,124
20697,0x1891,112,108
20697,0x18A6,166,164
20697,0x18B5,103,101
20697,0x18B8,1,17
20697,0x18B9,2,6
20697,0x18BA,103,106
20697,0x1B10,95,141
20697,0x1B11,217,220
20697,0x1B13,73,235
20697,0x1B26,1,2
20697,0x1B27,2,4
20697,0x1B30,2,3
20699,0x0020,216,219
20699,0x0022,127,128
20699,0x0024,7,6
20699,0x0025,1,2
20699,0x0049,9,7
20699,0x0051,5,3
20699,0x0069,193,195
20699,0x006B,123,125
20699,0x007B,40,41
20699,0x00AD,82,84
20699,0x00B7,21,20
20699,0x00CD,10,13
20699,0x00CE,99,105
20699,0x00CF,227,237
20699,0x00D0,98,112
20699,0x0176,144,165
20699,0x0178,52,180
20699,0x02F6,32,155
20699,0x02FB,2,1
20699,0x02FD,41,39
20699,0x0874,86,222
20699,0x0875,1,42
20699,0x0876,222,86
20699,0x0877,42,1
20699,0x0894,14,22
20699,0x0895,58,91
20699,0x0896,22,14
20699,0x0897,91,58
20699,0x0900,106,111
20699,0x0904,90,95
20699,0x0908,92,89
20699,0x090A,34,36
20699,0x090C,76,139
20699,0x090D,104,77
20699,0x090E,32,2
20699,0x090F,34,41
20699,0x0910,137,123
20699,0x0911,75,77
20699,0x0912,2,0
20699,0x0914,121,248
20699,0x0915,75,89
20699,0x0916,0,2
20699,0x0918,245,232
20699,0x091A,2,0
20699,0x091C,229,211
20699,0x091E,0,2
20699,0x0920,208,195
20699,0x0922,2,0
20699,0x0924,192,174
20699,0x0925,89,87
20699,0x0926,0,2
20699,0x0928,170,158
20699,0x092A,2,0
20699,0x092C,154,130
20699,0x092D,87,160
20699,0x092E,0,2
20699,0x092F,41,103
20699,0x0930,133,146
20699,0x0931,158,160
20699,0x0932,2,0
20699,0x0934,149,24
20699,0x0935,158,151
20699,0x0936,0,6
20699,0x0938,26,40
20699,0x0939,153,151
20699,0x093A,6,4
20699,0x093C,42,50
20699,0x093D,153,165
20699,0x093E,4,6
20699,0x0940,53,66
20699,0x0942,6,4
20699,0x0944,69,88
20699,0x0945,165,167
20699,0x0946,4,2
20699,0x0948,92,104
20699,0x094A,2,0
20699,0x094C,108,219
20699,0x094D,167,128
20699,0x094E,0,6
20699,0x094F,103,36
20699,0x0951,127,224
20699,0x0B04,170,42
20699,0x0B26,40,41
20699,0x0B28,80,82
20699,0x0B86,40,41
20699,0x0B88,80,82
20699,0x0F99,40,41
20699,0x0F9D,40,41
20699,0x0FD1,40,41
20699,0x0FF0,40,41
20699,0x1011,106,111
20699,0x1034,121,119
20699,0x1051,106,111
20699,0x1064,86,88
20699,0x106C,45,40
20699,0x16D0,54,231
20699,0x16D1,137,139
20699,0x16D3,248,45
20699,0x16D4,83,85
20699,0x16D6,84,90
20699,0x16D9,159,153
20699,0x16E6,164,162
20699,0x16F5,50,48
20699,0x16F8,33,31
20699,0x1710,130,234
20699,0x1711,245,248
20699,0x1726,97,95
20699,0x1735,88,86
20699,0x1738,16,14
20699,0x1750,10,114
20699,0x1751,208,211
20699,0x1766,119,117
20699,0x1775,5,3
20699,0x1778,38,36
20699,0x1790,254,57
20699,0x1791,170,174
20699,0x1793,5,176
20699,0x1796,153,159
20699,0x1799,90,84
20699,0x17A6,141,139
20699,0x17B5,27,25
20699,0x17B8,10,8
20699,0x17D0,208,56
20699,0x17D1,149,146
20699,0x17D3,21,62
20699,0x17D4,166,168
20699,0x17D9,46,12
20699,0x17E6,187,185
20699,0x17F5,124,122
20699,0x17F8,22,20
20699,0x1810,28,92
20699,0x1811,42,40
20699,0x1813,146,253
20699,0x1814,161,159
20699,0x1816,20,36
20699,0x1819,61,51
20699,0x1826,227,225
20699,0x1835,57,55
20699,0x1838,19,17
20699,0x1850,156,124
20699,0x1851,69,66
20699,0x1853,209,24
20699,0x1856,100,116
20699,0x1859,171,161
20699,0x1866,249,247
20699,0x1875,79,77
20699,0x1878,41,39
20699,0x1890,124,228
20699,0x1891,108,104
20699,0x18A6,164,162
20699,0x18B5,101,99
20699,0x18B8,17,15
20699,0x1B10,141,187
20699,0x1B11,220,223
20699,0x1B13,235,141
20699,0x1B14,131,132
20699,0x1B24,182,184
20699,0x1B26,2,1
20699,0x1B2C,61,56
20699,0x1B30,3,1
20701,0x0020,219,222
20701,0x0022,128,129
20701,0x0024,6,7
20701,0x0025,2,1
20701,0x0026,36,34
20701,0x0028,36,34
20701,0x0049,7,5
20701,0x0051,3,1
20701,0x0069,195,197
20701,0x006B,125,127
20701,0x007B,41,42
20701,0x00AD,84,86
20701,0x00B7,20,21
20701,0x00CD,13,16
20701,0x00CE,105,111
20701,0x00CF,237,247
20701,0x00D0,112,126
20701,0x0176,165,144
20701,0x0178,180,244
20701,0x0874,222,86
20701,0x0875,42,1
20701,0x0876,86,222
20701,0x0877,1,42
20701,0x0894,22,14
20701,0x0895,91,58
20701,0x0896,14,22
20701,0x0897,58,91
20701,0x0900,111,116
20701,0x0904,95,100
20701,0x0908,89,102
20701,0x090A,36,40
20701,0x090C,139,86
20701,0x090D,77,104
20701,0x090E,2,38
20701,0x090F,41,34
20701,0x0910,123,142
20701,0x0911,77,78
20701,0x0912,0,2
20701,0x0914,248,126
20701,0x0915,89,78
20701,0x0916,2,0
20701,0x0918,232,252
20701,0x091A,0,2
20701,0x091C,211,236
20701,0x091E,2,0
20701,0x0920,195,214
20701,0x0922,0,2
20701,0x0924,174,198
20701,0x0925,87,89
20701,0x0926,2,0
20701,0x0928,158,177
20701,0x0929,87,88
20701,0x092A,0,2
20701,0x092C,130,161
20701,0x092D,160,88
20701,0x092E,2,0
20701,0x092F,103,41
20701,0x0930,146,126
20701,0x0931,160,162
20701,0x0932,0,2
20701,0x0934,24,142
20701,0x0935,151,162
20701,0x0936,6,0
20701,0x0938,40,22
20701,0x0939,151,150
20701,0x093A,4,6
20701,0x093C,50,38
20701,0x093D,165,150
20701,0x093E,6,4
20701,0x0940,66,47
20701,0x0941,165,164
20701,0x0942,4,6
20701,0x0944,88,63
20701,0x0945,167,164
20701,0x0946,2,4
20701,0x0948,104,85
20701,0x094A,0,2
20701,0x094C,219,101
20701,0x094D,128,167
20701,0x094E,6,0
20701,0x094F,36,103
20701,0x0950,216,222
20701,0x0951,224,129
20701,0x0953,36,34
20701,0x0B04,42,170
20701,0x0B24,148,149
20701,0x0B26,41,42
20701,0x0B28,82,84
20701,0x0B84,148,149
20701,0x0B86,41,42
20701,0x0B88,82,84
20701,0x0F99,41,42
20701,0x0F9D,41,42
20701,0x0FD1,41,42
20701,0x0FF0,41,42
20701,0x1011,111,116
20701,0x1034,119,117
20701,0x1051,111,116
20701,0x1064,88,90
20701,0x106C,40,31
20701,0x16D0,231,164
20701,0x16D1,139,142
20701,0x16D3,45,86
20701,0x16D4,85,86
20701,0x16D6,90,96
20701,0x16D9,153,147
20701,0x16E6,162,160
20701,0x16F5,48,46
20701,0x16F8,31,29
20701,0x1710,234,82
20701,0x1711,248,252
20701,0x1726,95,93
20701,0x1735,86,84
20701,0x1738,14,12
20701,0x1750,114,218
20701,0x1751,211,214
20701,0x1766,117,115
20701,0x1775,3,1
20701,0x1778,36,34
20701,0x1790,57,128
20701,0x1791,174,177
20701,0x1793,176,79
20701,0x1794,95,96
20701,0x1796,159,165
20701,0x1799,84,78
20701,0x17A6,139,137
20701,0x17B5,25,23
20701,0x17B8,8,6
20701,0x17D0,56,160
20701,0x17D1,146,142
20701,0x17D3,62,35
20701,0x17D4,168,170
20701,0x17D9,12,234
20701,0x17DA,1,0
20701,0x17E6,185,183
20701,0x17F5,122,120
20701,0x17F8,20,18
20701,0x1810,92,188
20701,0x1811,40,38
20701,0x1813,253,84
20701,0x1814,159,158
20701,0x1816,36,52
20701,0x1819,51,41
20701,0x1826,225,223
20701,0x1835,55,53
20701,0x1838,17,15
20701,0x1851,66,63
20701,0x1853,24,75
20701,0x1854,173,172
20701,0x1856,116,132
20701,0x1859,161,151
20701,0x1866,247,245
20701,0x1875,77,75
20701,0x1878,39,37
20701,0x1890,228,76
20701,0x1891,104,101
20701,0x18A6,162,160
20701,0x18B5,99,97
20701,0x18B8,15,13
20701,0x1B10,187,233
20701,0x1B11,223,226
20701,0x1B13,141,47
20701,0x1B14,132,133
20701,0x1B24,184,182
20701,0x1B27,4,2
20701,0x1B2C,56,61
20701,0x1B30,1,2
20703,0x0020,222,226
20703,0x0025,1,2
20703,0x0026,34,36
20703,0x0028,34,36
20703,0x0049,5,3
20703,0x0051,1,11
20703,0x0069,197,199
20703,0x006B,127,129
20703,0x007B,42,43
20703,0x00AD,86,88
20703,0x00CD,16,19
20703,0x00CE,111,75
20703,0x00CF,247,1
20703,0x00D0,126,141
20703,0x00D1,0,1
20703,0x0176,144,165
20703,0x0178,244,180
20703,0x023D,52,36
20703,0x023E,123,91
20703,0x02F6,155,56
20703,0x02FB,1,2
20703,0x02FD,39,41
20703,0x0305,56,252
20703,0x0306,146,145
20703,0x030D,76,16
20703,0x0315,96,36
20703,0x071A,90,165
20703,0x071B,107,28
20703,0x071C,10,60
20703,0x071D,0,1
20703,0x071E,0,62
20703,0x071F,0,2
20703,0x0874,86,222
20703,0x0875,1,42
20703,0x0876,222,86
20703,0x0877,42,1
20703,0x0894,14,22
20703,0x0895,58,91
20703,0x0896,22,14
20703,0x0897,91,58
20703,0x0900,116,121
20703,0x0903,38,32
20703,0x0904,100,105
20703,0x0907,38,32
20703,0x0908,102,107
20703,0x090A,40,34
20703,0x090C,86,91
20703,0x090E,38,32
20703,0x0910,142,145
20703,0x0911,78,79
20703,0x0914,126,129
20703,0x0915,78,79
20703,0x0918,252,255
20703,0x091C,236,239
20703,0x0920,214,218
20703,0x0924,198,202
20703,0x0928,177,180
20703,0x092C,161,164
20703,0x0930,126,123
20703,0x0931,162,163
20703,0x0934,142,139
20703,0x0935,162,163
20703,0x0938,22,21
20703,0x0939,150,148
20703,0x093C,38,37
20703,0x093D,150,148
20703,0x0940,47,44
20703,0x0941,164,163
20703,0x0944,63,60
20703,0x0945,164,163
20703,0x0948,85,81
20703,0x094C,101,97
20703,0x0950,222,226
20703,0x0953,34,36
20703,0x0B26,42,43
20703,0x0B28,84,86
20703,0x0B86,42,43
20703,0x0B88,84,86
20703,0x0F99,42,43
20703,0x0F9D,42,43
20703,0x0FD1,42,43
20703,0x0FF0,42,43
20703,0x1011,116,121
20703,0x1027,6,0
20703,0x1034,117,115
20703,0x1051,116,121
20703,0x1064,90,86
20703,0x106C,31,45
20703,0x16D0,164,109
20703,0x16D1,142,145
20703,0x16D3,86,115
20703,0x16D4,86,87
20703,0x16D6,96,102
20703,0x16D9,147,141
20703,0x16E6,160,158
20703,0x16F5,46,44
20703,0x16F8,29,27
20703,0x1710,82,186
20703,0x1711,252,255
20703,0x1726,93,91
20703,0x1735,84,82
20703,0x1738,12,10
20703,0x1750,218,66
20703,0x1751,214,218
20703,0x1766,115,113
20703,0x1775,1,79
20703,0x1778,34,32
20703,0x1790,128,211
20703,0x1791,177,180
20703,0x1793,79,226
20703,0x1796,165,171
20703,0x1799,78,72
20703,0x17A6,137,135
20703,0x17B5,23,21
20703,0x17B8,6,4
20703,0x17D0,160,8
20703,0x17D1,142,139
20703,0x17D3,35,196
20703,0x17D4,170,171
20703,0x17D9,234,200
20703,0x17E6,183,181
20703,0x17F5,120,118
20703,0x17F8,18,16
20703,0x1810,188,60
20703,0x1811,38,37
20703,0x1813,84,151
20703,0x1814,158,156
20703,0x1816,52,68
20703,0x1819,41,31
20703,0x1826,223,221
20703,0x1835,53,51
20703,0x1838,15,13
20703,0x1850,124,156
20703,0x1851,63,60
20703,0x1853,75,106
20703,0x1854,172,171
20703,0x1856,132,148
20703,0x1859,151,141
20703,0x1866,245,243
20703,0x1875,75,73
20703,0x1878,37,35
20703,0x1890,76,180
20703,0x1891,101,97
20703,0x18A6,160,158
20703,0x18B5,97,95
20703,0x18B8,13,11
20703,0x1B10,233,23
20703,0x1B11,226,230
20703,0x1B13,47,209
20703,0x1B26,1,2
20703,0x1B27,2,4
20703,0x1B30,2,3
20705,0x0004,20,22
20705,0x0020,226,229
20705,0x0022,129,130
20705,0x0024,7,6
20705,0x0025,2,1
20705,0x0049,3,1
20705,0x0051,11,9
20705,0x0069,199,201
20705,0x006B,129,131
20705,0x007B,43,44
20705,0x00AD,88,90
20705,0x00B7,21,20
20705,0x00CD,19,22
20705,0x00CE,75,81
20705,0x00CF,1,11
20705,0x00D0,141,155
20705,0x0176,165,144
20705,0x0178,180,244
20705,0x02F6,56,155
20705,0x02FB,2,1
20705,0x0501,133,139
20705,0x0502,90,86
20705,0x0600,231,0
20705,0x0601,12,0
20705,0x0602,120,0
20705,0x0603,12,0
20705,0x0604,217,0
20705,0x0605,16,0
20705,0x0606,154,0
20705,0x0607,17,0
20705,0x0608,11,0
20705,0x0609,16,0
20705,0x060A,11,71
20705,0x060B,16,63
20705,0x060C,31,87
20705,0x060D,17,63
20705,0x060E,47,41
20705,0x060F,17,63
20705,0x0610,116,0
20705,0x0611,16,0
20705,0x0612,118,0
20705,0x0613,16,0
20705,0x0874,222,86
20705,0x0875,42,1
20705,0x0876,86,222
20705,0x0877,1,42
20705,0x0894,22,14
20705,0x0895,91,58
20705,0x0896,14,22
20705,0x0897,58,91
20705,0x0900,121,126
20705,0x0904,105,110
20705,0x0908,107,104
20705,0x090A,34,36
20705,0x090C,91,148
20705,0x090D,104,80
20705,0x090E,32,2
20705,0x090F,34,41
20705,0x0910,145,132
20705,0x0911,79,80
20705,0x0912,2,0
20705,0x0914,129,3
20705,0x0915,79,89
20705,0x0916,0,2
20705,0x0918,255,243
20705,0x091A,2,0
20705,0x091C,239,221
20705,0x091E,0,2
20705,0x0920,218,205
20705,0x0922,2,0
20705,0x0924,202,184
20705,0x0926,0,2
20705,0x0928,180,168
20705,0x0929,88,89
20705,0x092A,2,0
20705,0x092C,164,119
20705,0x092D,88,165
20705,0x092E,0,2
20705,0x092F,41,103
20705,0x0930,123,135
20705,0x0931,163,165
20705,0x0932,2,0
20705,0x0934,139,19
20705,0x0935,163,146
20705,0x0936,0,6
20705,0x0938,21,35
20705,0x0939,148,146
20705,0x093A,6,4
20705,0x093C,37,41
20705,0x093D,148,162
20705,0x093E,4,6
20705,0x0940,44,57
20705,0x0941,163,162
20705,0x0942,6,4
20705,0x0944,60,78
20705,0x0945,163,167
20705,0x0946,4,2
20705,0x0948,81,94
20705,0x094A,2,0
20705,0x094C,97,229
20705,0x094D,167,130
20705,0x094E,0,6
20705,0x094F,103,36
20705,0x0951,129,224
20705,0x0B01,170,174
20705,0x0B04,170,42
20705,0x0B22,74,75
20705,0x0B24,149,150
20705,0x0B26,43,44
20705,0x0B28,86,88
20705,0x0B82,74,75
20705,0x0B84,149,150
20705,0x0B86,43,44
20705,0x0B88,86,88
20705,0x0F99,43,44
20705,0x0F9D,43,44
20705,0x0FD1,43,44
20705,0x0FF0,43,44
20705,0x1011,121,126
20705,0x1034,115,113
20705,0x1051,121,126
20705,0x1064,86,88
20705,0x106C,45,40
20705,0x16D0,109,66
20705,0x16D1,145,148
20705,0x16D3,115,132
20705,0x16D4,87,88
20705,0x16D6,102,108
20705,0x16D9,141,135
20705,0x16E6,158,156
20705,0x16F5,44,42
20705,0x16F8,27,25
20705,0x1710,186,34
20705,0x1711,255,3
20705,0x1712,0,1
20705,0x1726,91,89
20705,0x1735,82,80
20705,0x1738,10,8
20705,0x1750,66,170
20705,0x1751,218,221
20705,0x1766,113,111
20705,0x1775,79,77
20705,0x1778,32,30
20705,0x1790,211,50
20705,0x1791,180,184
20705,0x1793,226,105
20705,0x1794,96,97
20705,0x1796,171,177
20705,0x1799,72,66
20705,0x17A6,135,133
20705,0x17B5,21,19
20705,0x17B8,4,2
20705,0x17D0,8,112
20705,0x17D1,139,135
20705,0x17D3,196,33
20705,0x17D4,171,173
20705,0x17D9,200,166
20705,0x17E6,181,179
20705,0x17F5,118,116
20705,0x17F8,16,14
20705,0x1810,60,220
20705,0x1811,37,35
20705,0x1813,151,198
20705,0x1814,156,154
20705,0x1816,68,84
20705,0x1819,31,21
20705,0x1826,221,219
20705,0x1835,51,49
20705,0x1838,13,11
20705,0x1850,156,220
20705,0x1851,60,57
20705,0x1853,106,117
20705,0x1854,171,170
20705,0x1856,148,164
20705,0x1859,141,131
20705,0x1866,243,241
20705,0x1875,73,71
20705,0x1878,35,33
20705,0x1890,180,28
20705,0x1891,97,94
20705,0x18A6,158,156
20705,0x18B5,95,93
20705,0x18B8,11,9
20705,0x1B10,23,69
20705,0x1B11,230,233
20705,0x1B13,209,115
20705,0x1B14,133,134
20705,0x1B24,182,184
20705,0x1B26,2,1
20705,0x1B2C,61,56
20705,0x1B30,3,1
20707,0x0020,229,232
20707,0x0022,130,131
20707,0x0024,6,7
20707,0x0025,1,2
20707,0x0026,36,34
20707,0x0028,36,34
20707,0x0049,1,11
20707,0x0051,9,7
20707,0x0069,201,203
20707,0x006B,131,133
20707,0x007B,44,45
20707,0x00AD,90,92
20707,0x00B7,20,21
20707,0x00CD,22,25
20707,0x00CE,81,87
20707,0x00CF,11,21
20707,0x00D0,155,169
20707,0x0176,144,165
20707,0x0178,244,180
20707,0x01FE,207,215
20707,0x02F6,155,255
20707,0x02FD,41,39
20707,0x072C,220,92
20707,0x072D,74,9
20707,0x072E,222,30
20707,0x072F,123,10
20707,0x0734,16,142
20707,0x0735,74,8
20707,0x0736,222,88
20707,0x0737,123,9
20707,0x073C,149,150
20707,0x073D,17,8
20707,0x073E,220,92
20707,0x073F,74,9
20707,0x0874,86,222
20707,0x0875,1,42
20707,0x0876,222,86
20707,0x0877,42,1
20707,0x0894,14,22
20707,0x0895,58,91
20707,0x0896,22,14
20707,0x0897,91,58
20707,0x0900,126,131
20707,0x0903,32,38
20707,0x0904,110,115
20707,0x0907,32,38
20707,0x0908,104,117
20707,0x090A,36,40
20707,0x090C,148,101
20707,0x090D,80,104
20707,0x090E,2,38
20707,0x090F,41,34
20707,0x0910,132,151
20707,0x0911,80,81
20707,0x0912,0,2
20707,0x0914,3,135
20707,0x0915,89,81
20707,0x0916,2,0
20707,0x0918,243,6
20707,0x091A,0,2
20707,0x091C,221,246
20707,0x091E,2,0
20707,0x0920,205,225
20707,0x0922,0,2
20707,0x0924,184,209
20707,0x0926,2,0
20707,0x0928,168,187
20707,0x092A,0,2
20707,0x092C,119,171
20707,0x092D,165,89
20707,0x092E,2,0
20707,0x092F,103,41
20707,0x0930,135,115
20707,0x0931,165,166
20707,0x0932,0,2
20707,0x0934,19,131
20707,0x0935,146,166
20707,0x0936,6,0
20707,0x0938,35,18
20707,0x0939,146,144
20707,0x093A,4,6
20707,0x093C,41,34
20707,0x093D,162,144
20707,0x093E,6,4
20707,0x0940,57,39
20707,0x0941,162,161
20707,0x0942,4,6
20707,0x0944,78,55
20707,0x0945,167,161
20707,0x0946,2,4
20707,0x0948,94,74
20707,0x094A,0,2
20707,0x094C,229,90
20707,0x094D,130,167
20707,0x094E,6,0
20707,0x094F,36,103
20707,0x0950,226,232
20707,0x0951,224,131
20707,0x0953,36,34
20707,0x0B01,174,186
20707,0x0B04,42,170
20707,0x0B26,44,45
20707,0x0B28,88,90
20707,0x0B86,44,45
20707,0x0B88,88,90
20707,0x0F99,44,45
20707,0x0F9D,44,45
20707,0x0FD1,44,45
20707,0x0FF0,44,45
20707,0x1011,126,131
20707,0x1027,0,6
20707,0x1034,113,111
20707,0x1051,126,131
20707,0x1064,88,90
20707,0x106C,40,31
20707,0x16D0,66,35
20707,0x16D1,148,151
20707,0x16D3,132,137
20707,0x16D4,88,89
20707,0x16D6,108,114
20707,0x16D9,135,129
20707,0x16E6,156,154
20707,0x16F5,42,40
20707,0x16F8,25,23
20707,0x1710,34,138
20707,0x1711,3,6
20707,0x1726,89,87
20707,0x1735,80,78
20707,0x1738,8,6
20707,0x1750,170,18
20707,0x1751,221,225
20707,0x1766,111,109
20707,0x1775,77,75
20707,0x1778,30,28
20707,0x1790,50,154
20707,0x1791,184,187
20707,0x1793,105,168
20707,0x1796,177,180
20707,0x1799,66,63
20707,0x17A6,133,131
20707,0x17B5,19,17
20707,0x17B8,2,50
20707,0x17B9,0,6
20707,0x17BA,138,141
20707,0x17D0,112,216
20707,0x17D1,135,131
20707,0x17D3,33,58
20707,0x17D4,173,174
20707,0x17D9,166,132
20707,0x17E6,179,177
20707,0x17F5,116,114
20707,0x17F8,14,12
20707,0x1810,220,156
20707,0x1811,35,34
20707,0x1813,198,225
20707,0x1814,154,152
20707,0x1816,84,100
20707,0x1819,21,11
20707,0x1826,219,217
20707,0x1835,49,47
20707,0x1838,11,9
20707,0x1850,220,60
20707,0x1851,57,55
20707,0x1853,117,108
20707,0x1854,170,169
20707,0x1856,164,180
20707,0x1859,131,121
20707,0x1866,241,239
20707,0x1875,71,69
20707,0x1878,33,31
20707,0x1890,28,132
20707,0x1891,94,90
20707,0x18A6,156,154
20707,0x18B5,93,91
20707,0x18B8,9,7
20707,0x1B10,69,115
20707,0x1B11,233,236
20707,0x1B13,115,21
20707,0x1B14,134,135
20707,0x1B24,184,182
20707,0x1B27,4,2
20707,0x1B2C,56,61
20707,0x1B30,1,2
20709,0x0020,232,235
20709,0x0025,2,1
20709,0x0026,34,36
20709,0x0028,34,36
20709,0x0049,11,9
20709,0x0051,7,5
20709,0x0069,203,205
20709,0x006B,133,135
20709,0x007B,45,46
20709,0x00AD,92,94
20709,0x00B7,21,25
20709,0x00B8,16,0
20709,0x00B9,1,0
20709,0x00BA,64,184
20709,0x00BF,120,128
20709,0x00C2,7,8
20709,0x00CD,25,28
20709,0x00CE,87,93
20709,0x00CF,21,31
20709,0x00D0,169,183
20709,0x00D1,1,2
20709,0x0173,173,36
20709,0x0174,178,50
20709,0x0176,165,144
20709,0x0178,180,244
20709,0x02F6,255,155
20709,0x02FD,39,41
20709,0x0874,222,86
20709,0x0875,42,1
20709,0x0876,86,222
20709,0x0877,1,42
20709,0x0894,22,14
20709,0x0895,91,58
20709,0x0896,14,22
20709,0x0897,58,91
20709,0x0900,131,5
20709,0x0901,104,169
20709,0x0902,2,142
20709,0x0903,38,45
20709,0x0904,115,245
20709,0x0905,104,169
20709,0x0906,0,140
20709,0x0907,38,45
20709,0x0908,117,136
20709,0x090A,40,2
20709,0x090B,34,38
20709,0x090C,101,120
20709,0x090E,38,0
20709,0x090F,34,38
20709,0x0910,151,122
20709,0x0911,81,104
20709,0x0912,2,34
20709,0x0913,41,34
20709,0x0914,135,106
20709,0x0915,81,104
20709,0x0916,0,32
20709,0x0917,41,34
20709,0x0918,6,154
20709,0x0919,89,82
20709,0x091C,246,138
20709,0x091D,89,82
20709,0x0920,225,9
20709,0x0924,209,249
20709,0x0928,187,228
20709,0x092C,171,212
20709,0x0930,115,191
20709,0x0931,166,89
20709,0x0933,103,41
20709,0x0934,131,175
20709,0x0935,166,89
20709,0x0937,103,41
20709,0x0938,18,112
20709,0x0939,144,167
20709,0x093A,6,2
20709,0x093C,34,128
20709,0x093D,144,167
20709,0x093E,4,0
20709,0x0940,39,17
20709,0x0941,161,142
20709,0x0944,55,33
20709,0x0945,161,142
20709,0x0948,74,36
20709,0x0949,167,160
20709,0x094A,2,6
20709,0x094C,90,52
20709,0x094D,167,160
20709,0x094E,0,4
20709,0x0950,232,70
20709,0x0951,131,167
20709,0x0952,7,2
20709,0x0953,34,103
20709,0x0954,143,86
20709,0x0955,224,167
20709,0x0956,121,0
20709,0x0957,61,103
20709,0x0958,135,16
20709,0x0959,224,176
20709,0x095A,120,130
20709,0x095B,61,45
20709,0x095C,143,0
20709,0x095D,224,176
20709,0x095E,121,128
20709,0x095F,189,45
20709,0x0960,135,235
20709,0x0961,224,131
20709,0x0962,104,7
20709,0x0963,61,36
20709,0x0B00,170,171
20709,0x0B01,186,170
20709,0x0B02,170,171
20709,0x0B05,0,250
20709,0x0B24,150,151
20709,0x0B26,45,46
20709,0x0B28,90,92
20709,0x0B84,150,151
20709,0x0B86,45,46
20709,0x0B88,90,92
20709,0x0F99,45,46
20709,0x0F9D,45,46
20709,0x0FD1,45,46
20709,0x0FF0,45,46
20709,0x1011,131,136
20709,0x1034,111,109
20709,0x1051,131,136
20709,0x1064,90,86
20709,0x106C,31,45
20709,0x16D0,35,16
20709,0x16D1,151,154
20709,0x16D3,137,130
20709,0x16D4,89,90
20709,0x16D6,114,120
20709,0x16D9,129,123
20709,0x16E6,154,152
20709,0x16F5,40,38
20709,0x16F8,23,21
20709,0x1710,138,242
20709,0x1711,6,9
20709,0x1726,87,85
20709,0x1735,78,76
20709,0x1738,6,4
20709,0x1750,18,122
20709,0x1751,225,228
20709,0x1766,109,107
20709,0x1775,75,73
20709,0x1778,28,26
20709,0x1790,154,2
20709,0x1791,187,191
20709,0x17A6,131,129
20709,0x17B5,17,15
20709,0x17B8,50,48
20709,0x17D0,216,64
20709,0x17D1,131,128
20709,0x17D3,58,15
20709,0x17D4,174,175
20709,0x17D9,132,98
20709,0x17E6,177,175
20709,0x17F5,114,112
20709,0x17F8,12,10
20709,0x1810,156,124
20709,0x1811,34,33
20709,0x1813,225,232
20709,0x1814,152,150
20709,0x1816,100,116
20709,0x1819,11,1
20709,0x1826,217,215
20709,0x1835,47,45
20709,0x1838,9,7
20709,0x1850,60,188
20709,0x1851,55,52
20709,0x1853,108,79
20709,0x1854,169,168
20709,0x1856,180,196
20709,0x1859,121,111
20709,0x1866,239,237
20709,0x1875,69,67
20709,0x1878,31,29
20709,0x1890,132,236
20709,0x1891,90,86
20709,0x18A6,154,152
20709,0x18B5,91,89
20709,0x18B8,7,5
20709,0x18C0,0,200
20709,0x18C1,0,240
20709,0x18C2,0,144
20709,0x18C3,0,2
20709,0x18C4,0,74
20709,0x18C5,0,147
20709,0x18C6,0,2
20709,0x18C8,0,5
20709,0x18CA,0,2
20709,0x18CB,0,3
20709,0x18CC,0,9
20709,0x18D1,0,16
20709,0x18D2,0,1
20709,0x18D4,0,184
20709,0x18D7,0,255
20709,0x18D8,0,255
20709,0x18DE,0,12
20709,0x18DF,0,8
20709,0x18E0,0,170
20709,0x18E1,0,3
20709,0x18E2,0,245
20709,0x18E3,0,9
20709,0x18E4,0,247
20709,0x18E5,0,9
20709,0x18E6,0,3
20709,0x18E7,0,12
20709,0x18E8,0,128
20709,0x18E9,0,1
20709,0x18EA,0,168
20709,0x18EB,0,6
20709,0x18EC,0,147
20709,0x18ED,0,12
20709,0x18F3,0,25
20709,0x18F8,0,128
20709,0x1900,0,224
20709,0x1901,0,116
20709,0x1902,0,146
20709,0x1903,0,2
20709,0x1908,0,5
20709,0x190A,0,2
20709,0x190B,0,3
20709,0x190C,0,9
20709,0x1911,0,16
20709,0x1912,0,1
20709,0x1914,0,176
20709,0x191E,0,12
20709,0x191F,0,8
20709,0x1920,0,170
20709,0x1921,0,3
20709,0x1922,0,223
20709,0x1923,0,8
20709,0x1924,0,225
20709,0x1925,0,8
20709,0x1926,0,255
20709,0x1927,0,12
20709,0x1928,0,128
20709,0x1929,0,1
20709,0x192A,0,168
20709,0x192B,0,6
20709,0x192C,0,221
20709,0x192D,0,52
20709,0x1935,0,64
20709,0x1939,0,120
20709,0x1B10,115,161
20709,0x1B11,236,239
20709,0x1B13,21,183
20709,0x1B26,1,2
20709,0x1B27,2,4
20709,0x1B30,2,3
20711,0x0020,235,238
20711,0x0022,131,132
20711,0x0024,7,6
20711,0x0025,1,2
20711,0x0049,9,7
20711,0x0051,5,3
20711,0x0069,205,207
20711,0x006B,135,137
20711,0x007B,46,47
20711,0x00AD,94,96
20711,0x00B7,25,24
20711,0x00CD,28,31
20711,0x00CE,93,99
20711,0x00CF,31,41
20711,0x00D0,183,197
20711,0x0173,36,173
20711,0x0174,50,178
20711,0x0176,144,165
20711,0x0178,244,180
20711,0x02FD,41,39
20711,0x0874,86,222
20711,0x0875,1,42
20711,0x0876,222,86
20711,0x0877,42,1
20711,0x0894,14,22
20711,0x0895,58,91
20711,0x0896,22,14
20711,0x0897,91,58
20711,0x0900,5,3
20711,0x0904,245,243
20711,0x0908,136,141
20711,0x090C,120,125
20711,0x0910,122,119
20711,0x0912,34,36
20711,0x0914,106,157
20711,0x0915,104,83
20711,0x0916,32,2
20711,0x0917,34,41
20711,0x0918,154,141
20711,0x0919,82,83
20711,0x091A,2,0
20711,0x091C,138,13
20711,0x091D,82,89
20711,0x091E,0,2
20711,0x0920,9,253
20711,0x0922,2,0
20711,0x0924,249,231
20711,0x0926,0,2
20711,0x0928,228,215
20711,0x092A,2,0
20711,0x092C,212,194
20711,0x092E,0,2
20711,0x0930,191,178
20711,0x0932,2,0
20711,0x0934,175,108
20711,0x0935,89,167
20711,0x0936,0,2
20711,0x0937,41,103
20711,0x0938,112,124
20711,0x093A,2,0
20711,0x093C,128,16
20711,0x093D,167,140
20711,0x093E,0,6
20711,0x0940,17,32
20711,0x0941,142,140
20711,0x0942,6,4
20711,0x0944,33,34
20711,0x0945,142,159
20711,0x0946,4,6
20711,0x0948,36,50
20711,0x0949,160,159
20711,0x094A,6,4
20711,0x094C,52,67
20711,0x094D,160,167
20711,0x094E,4,2
20711,0x0950,70,83
20711,0x0952,2,0
20711,0x0954,86,14
20711,0x0955,167,176
20711,0x0956,0,130
20711,0x0957,103,45
20711,0x0958,16,254
20711,0x095A,130,128
20711,0x095C,0,238
20711,0x095D,176,132
20711,0x095E,128,6
20711,0x095F,45,36
20711,0x0961,131,224
20711,0x0B01,170,234
20711,0x0B02,171,170
20711,0x0B05,250,46
20711,0x0B26,46,47
20711,0x0B28,92,94
20711,0x0B86,46,47
20711,0x0B88,92,94
20711,0x0F99,46,47
20711,0x0F9D,46,47
20711,0x0FD1,46,47
20711,0x0FF0,46,47
20711,0x1011,136,141
20711,0x1034,109,107
20711,0x1051,136,141
20711,0x1064,86,88
20711,0x106C,45,40
20711,0x16D0,16,9
20711,0x16D1,154,157
20711,0x16D3,130,111
20711,0x16D4,90,91
20711,0x16D6,120,126
20711,0x16D9,123,117
20711,0x16E6,152,150
20711,0x16F5,38,36
20711,0x16F8,21,19
20711,0x1710,242,90
20711,0x1711,9,13
20711,0x1726,85,83
20711,0x1735,76,74
20711,0x1738,4,2
20711,0x1750,122,226
20711,0x1751,228,231
20711,0x1766,107,105
20711,0x1775,73,71
20711,0x1778,26,24
20711,0x1790,2,106
20711,0x1791,191,194
20711,0x17A6,129,127
20711,0x17B5,15,13
20711,0x17B8,48,46
20711,0x17D0,64,168
20711,0x17D1,128,124
20711,0x17D3,15,160
20711,0x17D9,98,64
20711,0x17E6,175,173
20711,0x17F5,112,110
20711,0x17F8,10,8
20711,0x1811,33,32
20711,0x1813,232,219
20711,0x1814,150,148
20711,0x1816,116,132
20711,0x1819,1,247
20711,0x181A,255,254
20711,0x1826,215,213
20711,0x1835,45,43
20711,0x1838,7,5
20711,0x1850,188,92
20711,0x1851,52,50
20711,0x1853,79,30
20711,0x1854,168,167
20711,0x1856,196,212
20711,0x1859,111,101
20711,0x1866,237,235
20711,0x1875,67,65
20711,0x1878,29,27
20711,0x1890,236,84
20711,0x1891,86,83
20711,0x18A6,152,150
20711,0x18B5,89,87
20711,0x18B8,5,3
20711,0x18D1,16,14
20711,0x18E6,3,1
20711,0x18F8,128,126
20711,0x1911,16,14
20711,0x1935,64,62
20711,0x1939,120,118
20711,0x1B10,161,207
20711,0x1B11,239,242
20711,0x1B13,183,89
20711,0x1B14,135,136
20711,0x1B24,182,184
20711,0x1B26,2,1
20711,0x1B2C,61,56
20711,0x1B30,3,1
20713,0x0004,22,24
20713,0x0020,238,241
20713,0x0024,6,7
20713,0x0026,36,34
20713,0x0028,36,34
20713,0x0049,7,5
20713,0x0051,3,1
20713,0x0069,207,209
20713,0x006B,137,139
20713,0x007B,47,48
20713,0x00AD,96,98
20713,0x00B7,24,23
20713,0x00CA,8,7
20713,0x00CD,31,34
20713,0x00CE,99,105
20713,0x00CF,41,51
20713,0x00D0,197,211
20713,0x0176,165,144
20713,0x0178,180,244
20713,0x02FD,39,41
20713,0x0501,139,83
20713,0x0502,86,94
20713,0x0503,20,4
20713,0x0508,69,19
20713,0x0509,81,84
20713,0x050B,20,4
20713,0x050F,138,134
20713,0x0510,86,90
20713,0x0512,40,24
20713,0x0516,132,70
20713,0x0517,90,81
20713,0x0519,32,44
20713,0x051D,68,140
20713,0x051E,81,86
20713,0x0520,52,64
20713,0x0600,0,116
20713,0x0601,0,16
20713,0x0602,0,118
20713,0x0603,0,16
20713,0x060A,71,0
20713,0x060B,63,0
20713,0x060C,87,0
20713,0x060D,63,0
20713,0x060E,41,0
20713,0x060F,63,0
20713,0x0610,0,115
20713,0x0611,0,24
20713,0x0618,0,9
20713,0x0619,0,13
20713,0x061A,0,191
20713,0x061B,0,12
20713,0x061C,0,95
20713,0x061D,0,16
20713,0x061E,0,153
20713,0x061F,0,17
20713,0x0620,167,11
20713,0x0621,12,16
20713,0x0622,169,11
20713,0x0623,12,16
20713,0x0624,168,29
20713,0x0625,12,17
20713,0x0626,183,45
20713,0x0627,12,17
20713,0x0628,0,116
20713,0x0629,0,16
20713,0x062A,0,117
20713,0x062B,0,16
20713,0x063C,0,233
20713,0x063D,0,12
20713,0x063E,0,249
20713,0x063F,0,12
20713,0x0642,184,0
20713,0x0643,12,0
20713,0x0644,200,0
20713,0x0645,12,0
20713,0x0646,216,0
20713,0x0647,12,0
20713,0x0648,0,82
20713,0x0649,0,63
20713,0x064A,0,36
20713,0x064B,0,63
20713,0x064C,0,58
20713,0x064D,0,63
20713,0x064E,0,74
20713,0x064F,0,63
20713,0x0874,222,86
20713,0x0875,42,1
20713,0x0876,86,222
20713,0x0877,1,42
20713,0x0894,22,14
20713,0x0895,91,58
20713,0x0896,14,22
20713,0x0897,58,91
20713,0x0900,3,1
20713,0x0904,243,241
20713,0x0908,141,146
20713,0x090C,125,130
20713,0x0910,119,132
20713,0x0912,36,40
20713,0x0914,157,116
20713,0x0915,83,104
20713,0x0916,2,38
20713,0x0917,41,34
20713,0x0918,141,160
20713,0x0919,83,84
20713,0x091A,0,2
20713,0x091C,13,144
20713,0x091D,89,84
20713,0x091E,2,0
20713,0x0920,253,235
20713,0x0922,0,2
20713,0x0924,231,219
20713,0x0926,2,0
20713,0x0928,215,197
20713,0x092A,0,2
20713,0x092C,194,181
20713,0x092E,2,0
20713,0x0930,178,105
20713,0x0931,89,167
20713,0x0932,0,2
20713,0x0933,41,103
20713,0x0934,108,121
20713,0x0936,2,0
20713,0x0938,124,15
20713,0x0939,167,138
20713,0x093A,0,6
20713,0x093C,16,31
20713,0x093D,140,138
20713,0x093E,6,4
20713,0x0941,140,157
20713,0x0942,4,6
20713,0x0944,34,48
20713,0x0945,159,157
20713,0x0946,6,4
20713,0x0948,50,63
20713,0x0949,159,167
20713,0x094A,4,2
20713,0x094C,67,79
20713,0x094E,2,0
20713,0x0950,83,12
20713,0x0951,167,176
20713,0x0952,0,134
20713,0x0953,103,45
20713,0x0954,14,252
20713,0x0956,130,132
20713,0x0958,254,241
20713,0x0959,176,132
20713,0x095A,128,7
20713,0x095B,45,34
20713,0x095C,238,144
20713,0x095D,132,224
20713,0x095E,6,2
20713,0x095F,36,38
20713,0x0960,235,128
20713,0x0962,7,0
20713,0x0963,36,38
20713,0x0B01,234,170
20713,0x0B05,46,11
20713,0x0B22,75,76
20713,0x0B24,151,152
20713,0x0B26,47,48
20713,0x0B28,94,96
20713,0x0B82,75,76
20713,0x0B84,151,152
20713,0x0B86,47,48
20713,0x0B88,94,96
20713,0x0F99,47,48
20713,0x0F9D,47,48
20713,0x0FD1,47,48
20713,0x0FF0,47,48
20713,0x1011,141,146
20713,0x1034,107,105
20713,0x1051,141,146
20713,0x1064,88,90
20713,0x106C,40,31
20713,0x16D0,9,14
20713,0x16D1,157,160
20713,0x16D3,111,80
20713,0x16D4,91,92
20713,0x16D6,126,132
20713,0x16D9,117,111
20713,0x16E6,150,148
20713,0x16F5,36,34
20713,0x16F8,19,17
20713,0x1700,200,0
20713,0x1710,90,14
20713,0x1711,13,15
20713,0x1726,83,82
20713,0x1735,74,72
20713,0x1738,2,0
20713,0x1750,226,74
20713,0x1751,231,235
20713,0x1766,105,103
20713,0x1775,71,69
20713,0x1778,24,22
20713,0x1790,106,210
20713,0x1791,194,197
20713,0x17A6,127,125
20713,0x17B5,13,11
20713,0x17B8,46,44
20713,0x17D0,168,16
20713,0x17D1,124,121
20713,0x17D3,160,237
20713,0x17D9,64,30
20713,0x17E6,173,171
20713,0x17F5,110,108
20713,0x17F8,8,6
20713,0x1810,124,156
20713,0x1811,32,31
20713,0x1813,219,186
20713,0x1814,148,146
20713,0x1816,132,148
20713,0x1819,247,237
20713,0x1826,213,211
20713,0x1835,43,41
20713,0x1838,5,3
20713,0x1850,92,28
20713,0x1851,50,48
20713,0x1853,30,217
20713,0x1854,167,165
20713,0x1856,212,228
20713,0x1859,101,91
20713,0x1866,235,233
20713,0x1875,65,63
20713,0x1878,27,25
20713,0x1890,84,188
20713,0x1891,83,79
20713,0x18A6,150,148
20713,0x18B5,87,85
20713,0x18B8,3,1
20713,0x18D1,14,12
20713,0x18E4,247,249
20713,0x18E6,1,2
20713,0x18ED,12,43
20713,0x18F8,126,124
20713,0x1911,14,12
20713,0x1935,62,60
20713,0x1939,118,116
20713,0x1B10,207,253
20713,0x1B11,242,245
20713,0x1B13,89,251
20713,0x1B24,184,182
20713,0x1B27,4,2
20713,0x1B2C,56,61
20713,0x1B30,1,2
20715,0x0020,241,245
20715,0x0022,132,133
20715,0x0026,34,36
20715,0x0028,34,36
20715,0x0049,5,3
20715,0x0051,1,5
20715,0x0069,209,211
20715,0x006B,139,141
20715,0x007B,48,49
20715,0x00AD,98,100
20715,0x00CD,34,37
20715,0x00CE,105,111
20715,0x00CF,51,61
20715,0x00D0,211,225
20715,0x0176,144,165
20715,0x0178,244,180
20715,0x023D,36,52
20715,0x023E,91,111
20715,0x02F6,155,32
20715,0x02FB,1,2
20715,0x0305,252,56
20715,0x0306,145,146
20715,0x030D,16,76
20715,0x0315,36,96
20715,0x071A,165,94
20715,0x071B,28,115
20715,0x071C,60,30
20715,0x071D,1,0
20715,0x071E,62,8
20715,0x071F,2,0
20715,0x0874,86,222
20715,0x0875,1,42
20715,0x0876,222,86
20715,0x0877,42,1
20715,0x0894,14,22
20715,0x0895,58,91
20715,0x0896,22,14
20715,0x0897,91,58
20715,0x0900,1,255
20715,0x0904,241,239
20715,0x0908,146,151
20715,0x090C,130,135
20715,0x0910,132,137
20715,0x0912,40,34
20715,0x0914,116,121
20715,0x0916,38,32
20715,0x0918,160,163
20715,0x0919,84,85
20715,0x091C,144,147
20715,0x091D,84,85
20715,0x0920,235,238
20715,0x0924,219,222
20715,0x0928,197,201
20715,0x092C,181,185
20715,0x0930,105,101
20715,0x0934,121,117
20715,0x0938,15,14
20715,0x0939,138,136
20715,0x093C,31,30
20715,0x093D,138,136
20715,0x0940,32,29
20715,0x0941,157,156
20715,0x0944,48,45
20715,0x0945,157,156
20715,0x0948,63,60
20715,0x094A,2,6
20715,0x094C,79,76
20715,0x094E,0,4
20715,0x0950,12,10
20715,0x0952,134,138
20715,0x0954,252,250
20715,0x0956,132,136
20715,0x0958,241,245
20715,0x0959,132,133
20715,0x095B,34,36
20715,0x0B00,171,170
20715,0x0B26,48,49
20715,0x0B28,96,98
20715,0x0B86,48,49
20715,0x0B88,96,98
20715,0x0F99,48,49
20715,0x0F9D,48,49
20715,0x0FD1,48,49
20715,0x0FF0,48,49
20715,0x1011,146,151
20715,0x1034,105,103
20715,0x1051,146,151
20715,0x1064,90,86
20715,0x106C,31,45
20715,0x16D0,14,31
20715,0x16D1,160,163
20715,0x16D3,80,37
20715,0x16D4,92,93
20715,0x16D6,132,138
20715,0x16D9,111,105
20715,0x16E6,148,146
20715,0x16F5,34,32
20715,0x16F8,17,15
20715,0x1750,74,178
20715,0x1751,235,238
20715,0x1766,103,101
20715,0x1775,69,67
20715,0x1778,22,20
20715,0x1790,210,58
20715,0x1791,197,201
20715,0x17A6,125,123
20715,0x17B5,11,9
20715,0x17B8,44,42
20715,0x17D0,16,120
20715,0x17D1,121,117
20715,0x17D3,237,246
20715,0x17D9,30,252
20715,0x17DA,0,255
20715,0x17DB,0,255
20715,0x17E6,171,169
20715,0x17F5,108,106
20715,0x17F8,6,4
20715,0x1810,156,220
20715,0x1811,31,30
20715,0x1813,186,133
20715,0x1814,146,144
20715,0x1816,148,164
20715,0x1819,237,227
20715,0x1826,211,209
20715,0x1835,41,39
20715,0x1838,3,1
20715,0x1850,28,252
20715,0x1851,48,45
20715,0x1853,217,128
20715,0x1854,165,164
20715,0x1856,228,244
20715,0x1859,91,81
20715,0x1866,233,231
20715,0x1875,63,61
20715,0x1878,25,23
20715,0x1890,188,60
20715,0x1891,79,76
20715,0x1893,132,7
20715,0x1896,52,68
20715,0x1899,201,191
20715,0x189C,0,8
20715,0x189D,239,251
20715,0x18A2,220,217
20715,0x18A4,222,219
20715,0x18A6,148,253
20715,0x18AC,124,111
20715,0x18AD,12,43
20715,0x18B5,85,83
20715,0x18B8,1,45
20715,0x18B9,6,0
20715,0x18BA,106,111
20715,0x18D1,12,10
20715,0x18E4,249,251
20715,0x18E6,2,3
20715,0x18EC,147,138
20715,0x18F8,124,122
20715,0x1911,12,10
20715,0x1935,60,58
20715,0x1939,116,114
20715,0x1B10,253,43
20715,0x1B11,245,249
20715,0x1B13,251,157
20715,0x1B14,136,137
20715,0x1B26,1,2
20715,0x1B27,2,4
20715,0x1B30,2,3
20717,0x0020,245,248
20717,0x0022,133,134
20717,0x0024,7,6
20717,0x0049,3,1
20717,0x0051,5,3
20717,0x0069,211,213
20717,0x006B,141,143
20717,0x007B,49,50
20717,0x00AD,100,102
20717,0x00B7,23,22
20717,0x00CD,37,40
20717,0x00CE,111,117
20717,0x00CF,61,71
20717,0x00D0,225,239
20717,0x0176,165,144
20717,0x0178,180,244
20717,0x02F6,32,155
20717,0x02FB,2,1
20717,0x02FD,41,39
20717,0x0874,222,86
20717,0x0875,42,1
20717,0x0876,86,222
20717,0x0877,1,42
20717,0x0894,22,14
20717,0x0895,91,58
20717,0x0896,14,22
20717,0x0897,58,91
20717,0x0900,255,253
20717,0x0904,239,237
20717,0x0908,151,156
20717,0x090C,135,140
20717,0x0910,137,134
20717,0x0912,34,36
20717,0x0914,121,166
20717,0x0915,104,85
20717,0x0916,32,2
20717,0x0917,34,41
20717,0x0918,163,150
20717,0x091A,2,0
20717,0x091C,147,242
20717,0x091D,85,89
20717,0x091E,0,2
20717,0x0920,238,226
20717,0x0922,2,0
20717,0x0924,222,204
20717,0x0926,0,2
20717,0x0928,201,188
20717,0x092A,2,0
20717,0x092C,185,97
20717,0x092D,89,167
20717,0x092E,0,2
20717,0x092F,41,103
20717,0x0930,101,113
20717,0x0932,2,0
20717,0x0934,117,14
20717,0x0935,167,134
20717,0x0936,0,6
20717,0x0938,14,30
20717,0x0939,136,134
20717,0x093A,6,4
20717,0x093C,30,27
20717,0x093D,136,155
20717,0x093E,4,6
20717,0x0940,29,43
20717,0x0941,156,155
20717,0x0942,6,4
20717,0x0944,45,56
20717,0x0945,156,166
20717,0x0946,4,6
20717,0x0948,60,72
20717,0x0949,167,166
20717,0x094A,6,4
20717,0x094C,76,8
20717,0x094D,167,176
20717,0x094E,4,138
20717,0x094F,103,45
20717,0x0950,10,248
20717,0x0952,138,136
20717,0x0954,250,248
20717,0x0955,176,134
20717,0x0956,136,6
20717,0x0957,45,36
20717,0x0959,133,224
20717,0x0B04,170,234
20717,0x0B05,11,2
20717,0x0B24,152,153
20717,0x0B26,49,50
20717,0x0B28,98,100
20717,0x0B84,152,153
20717,0x0B86,49,50
20717,0x0B88,98,100
20717,0x0F99,49,50
20717,0x0F9D,49,50
20717,0x0FD1,49,50
20717,0x0FF0,49,50
20717,0x1011,151,156
20717,0x1034,103,101
20717,0x1051,151,156
20717,0x1064,86,88
20717,0x106C,45,40
20717,0x16D0,31,60
20717,0x16D1,163,166
20717,0x16D3,37,238
20717,0x16D6,138,144
20717,0x16D9,105,99
20717,0x16E6,146,144
20717,0x16F5,32,30
20717,0x16F8,15,13
20717,0x1750,178,26
20717,0x1751,238,242
20717,0x1766,101,99
20717,0x1775,67,65
20717,0x1778,20,18
20717,0x1790,58,162
20717,0x1791,201,204
20717,0x17A6,123,121
20717,0x17B5,9,7
20717,0x17B8,42,40
20717,0x17D0,120,224
20717,0x17D1,117,113
20717,0x17D3,246,187
20717,0x17D9,252,218
20717,0x17E6,169,167
20717,0x17F5,106,104
20717,0x17F8,4,2
20717,0x1810,220,42
20717,0x1813,133,63
20717,0x1814,144,142
20717,0x1816,164,168
20717,0x1819,227,219
20717,0x181C,8,2
20717,0x181D,251,252
20717,0x1822,217,13
20717,0x1823,8,12
20717,0x1824,219,15
20717,0x1825,8,12
20717,0x1826,209,4
20717,0x1835,39,37
20717,0x1838,1,23
20717,0x183A,111,116
20717,0x1851,45,43
20717,0x1853,128,19
20717,0x1854,164,163
20717,0x1856,244,4
20717,0x1857,254,255
20717,0x1859,81,71
20717,0x1866,231,229
20717,0x1875,61,59
20717,0x1878,23,21
20717,0x1890,60,220
20717,0x1891,76,72
20717,0x1893,7,118
20717,0x1894,175,174
20717,0x1896,68,84
20717,0x1899,191,181
20717,0x18A6,253,251
20717,0x18B5,83,81
20717,0x18B8,45,43
20717,0x18D1,10,8
20717,0x18E6,3,1
20717,0x18F8,122,120
20717,0x1911,10,8
20717,0x1935,58,56
20717,0x1939,114,112
20717,0x1B10,43,89
20717,0x1B11,249,252
20717,0x1B13,157,63
20717,0x1B14,137,138
20717,0x1B24,182,184
20717,0x1B26,2,1
20717,0x1B2C,61,56
20717,0x1B30,3,1
20719,0x0020,248,251
20719,0x0024,6,7
20719,0x0026,36,34
20719,0x0028,36,34
20719,0x0049,1,11
20719,0x0051,3,1
20719,0x0069,213,215
20719,0x006B,143,145
20719,0x0071,126,0
20719,0x0072,126,0
20719,0x007B,50,51
20719,0x00AD,102,104
20719,0x00B7,22,23
20719,0x00CD,40,43
20719,0x00CE,117,123
20719,0x00CF,71,81
20719,0x00D0,239,253
20719,0x0176,144,165
20719,0x0178,244,180
20719,0x01FE,215,207
20719,0x02F6,155,255
20719,0x02FD,39,41
20719,0x072C,92,220
20719,0x072D,9,74
20719,0x072E,30,222
20719,0x072F,10,123
20719,0x0734,142,16
20719,0x0735,8,74
20719,0x0736,88,222
20719,0x0737,9,123
20719,0x073C,150,149
20719,0x073D,8,17
20719,0x073E,92,220
20719,0x073F,9,74
20719,0x0874,86,222
20719,0x0875,1,42
20719,0x0876,222,86
20719,0x0877,42,1
20719,0x0894,14,22
20719,0x0895,58,91
20719,0x0896,22,14
20719,0x0897,91,58
20719,0x0900,253,251
20719,0x0904,237,235
20719,0x0908,156,161
20719,0x090B,38,32
20719,0x090C,140,145
20719,0x090F,38,32
20719,0x0910,134,147
20719,0x0912,36,40
20719,0x0914,166,131
20719,0x0915,85,104
20719,0x0916,2,38
20719,0x0917,41,34
20719,0x0918,150,169
20719,0x0919,85,86
20719,0x091A,0,2
20719,0x091C,242,153
20719,0x091D,89,86
20719,0x091E,2,0
20719,0x0920,226,245
20719,0x0922,0,2
20719,0x0924,204,229
20719,0x0926,2,0
20719,0x0928,188,208
20719,0x092A,0,2
20719,0x092C,97,192
20719,0x092D,167,89
20719,0x092E,2,0
20719,0x092F,103,41
20719,0x0930,113,94
20719,0x0932,0,2
20719,0x0934,14,110
20719,0x0935,134,167
20719,0x0936,6,0
20719,0x0938,30,13
20719,0x0939,134,131
20719,0x093A,4,6
20719,0x093C,27,29
20719,0x093D,155,131
20719,0x093E,6,4
20719,0x0940,43,26
20719,0x0941,155,153
20719,0x0942,4,6
20719,0x0944,56,42
20719,0x0945,166,153
20719,0x0946,6,4
20719,0x0948,72,53
20719,0x0949,166,165
20719,0x094A,4,6
20719,0x094C,8,69
20719,0x094D,176,165
20719,0x094E,138,4
20719,0x094F,45,103
20719,0x0950,248,6
20719,0x0952,136,130
20719,0x0954,248,246
20719,0x0955,134,176
20719,0x0956,6,128
20719,0x0957,36,45
20719,0x0958,245,251
20719,0x0959,224,134
20719,0x095B,36,34
20719,0x0B04,234,170
20719,0x0B05,2,11
20719,0x0B26,50,51
20719,0x0B28,100,102
20719,0x0B86,50,51
20719,0x0B88,100,102
20719,0x0F99,50,51
20719,0x0F9D,50,51
20719,0x0FD1,50,51
20719,0x0FF0,50,51
20719,0x1011,156,161
20719,0x1027,6,0
20719,0x1034,101,99
20719,0x1051,156,161
20719,0x1064,88,90
20719,0x106C,40,31
20719,0x16D0,60,101
20719,0x16D1,166,169
20719,0x16D3,238,171
20719,0x16D4,93,94
20719,0x16D6,144,150
20719,0x16D9,99,93
20719,0x16E6,144,142
20719,0x16F5,30,28
20719,0x16F8,13,11
20719,0x1750,26,130
20719,0x1751,242,245
20719,0x1766,99,97
20719,0x1775,65,63
20719,0x1778,18,16
20719,0x1790,162,10
20719,0x1791,204,208
20719,0x17A6,121,119
20719,0x17B5,7,5
20719,0x17B8,40,38
20719,0x17D0,224,72
20719,0x17D1,113,110
20719,0x17D3,187,132
20719,0x17D9,218,201
20719,0x17E6,167,165
20719,0x17F5,104,102
20719,0x17F8,2,18
20719,0x17F9,2,6
20719,0x17FA,103,106
20719,0x1810,42,128
20719,0x1811,30,29
20719,0x1813,63,233
20719,0x1814,142,139
20719,0x1816,168,172
20719,0x1819,219,211
20719,0x1826,4,2
20719,0x1835,37,35
20719,0x1838,23,21
20719,0x1850,252,28
20719,0x1851,43,42
20719,0x1853,19,146
20719,0x1854,163,161
20719,0x1856,4,20
20719,0x1859,71,61
20719,0x1866,229,227
20719,0x1875,59,57
20719,0x1878,21,19
20719,0x1890,220,156
20719,0x1891,72,69
20719,0x1893,118,209
20719,0x1894,174,173
20719,0x1896,84,100
20719,0x1899,181,171
20719,0x18A6,251,249
20719,0x18B5,81,79
20719,0x18B8,43,41
20719,0x18D1,8,6
20719,0x18E4,251,247
20719,0x18E6,1,2
20719,0x18EC,138,147
20719,0x18ED,43,12
20719,0x18F8,120,118
20719,0x1911,8,6
20719,0x1935,56,54
20719,0x1939,112,110
20719,0x1B10,89,135
20719,0x1B11,252,255
20719,0x1B13,63,225
20719,0x1B24,184,182
20719,0x1B27,4,2
20719,0x1B2C,56,61
20719,0x1B30,1,2
20719,0xFFFF,128,129
20721,0x0004,24,26
20721,0x0020,251,254
20721,0x0022,134,135
20721,0x0026,34,36
20721,0x0028,34,36
20721,0x0049,11,9
20721,0x0051,1,5
20721,0x0069,215,217
20721,0x006B,145,147
20721,0x007B,51,52
20721,0x00AD,104,106
20721,0x00CD,43,46
20721,0x00CE,123,129
20721,0x00CF,81,91
20721,0x00D0,253,11
20721,0x0176,165,144
20721,0x0178,180,244
20721,0x023E,111,123
20721,0x02F6,255,32
20721,0x02FB,1,2
20721,0x02FD,41,39
20721,0x0501,83,141
20721,0x0502,94,86
20721,0x0503,4,20
20721,0x0600,116,0
20721,0x0601,16,0
20721,0x0602,118,0
20721,0x0603,16,0
20721,0x0604,0,62
20721,0x0605,0,63
20721,0x0606,0,63
20721,0x0607,0,63
20721,0x0608,0,84
20721,0x0609,0,63
20721,0x060A,0,38
20721,0x060B,0,63
20721,0x060C,0,60
20721,0x060D,0,63
20721,0x060E,0,76
20721,0x060F,0,63
20721,0x0610,115,88
20721,0x0611,24,63
20721,0x0612,0,88
20721,0x0613,0,63
20721,0x071A,94,90
20721,0x071B,115,107
20721,0x071C,30,10
20721,0x071E,8,0
20721,0x0874,222,86
20721,0x0875,42,1
20721,0x0876,86,222
20721,0x0877,1,42
20721,0x0894,22,14
20721,0x0895,91,58
20721,0x0896,14,22
20721,0x0897,58,91
20721,0x0900,251,249
20721,0x0904,235,233
20721,0x0908,161,166
20721,0x090C,145,150
20721,0x0910,147,152
20721,0x0912,40,34
20721,0x0914,131,136
20721,0x0916,38,32
20721,0x0918,169,172
20721,0x0919,86,87
20721,0x091C,153,156
20721,0x091D,86,87
20721,0x0920,245,248
20721,0x0924,229,232
20721,0x0928,208,211
20721,0x092C,192,195
20721,0x0930,94,90
20721,0x0934,110,106
20721,0x0938,13,12
20721,0x0939,131,129
20721,0x093A,6,10
20721,0x093C,29,28
20721,0x093D,131,129
20721,0x093E,4,8
20721,0x0940,26,24
20721,0x0941,153,151
20721,0x0944,42,40
20721,0x0945,153,151
20721,0x0948,53,50
20721,0x094C,69,66
20721,0x0950,6,4
20721,0x0952,130,134
20721,0x0954,246,244
20721,0x0956,128,132
20721,0x0958,251,254
20721,0x0959,134,135
20721,0x095B,34,36
20721,0x0B22,76,77
20721,0x0B24,153,154
20721,0x0B26,51,52
20721,0x0B28,102,104
20721,0x0B82,76,77
20721,0x0B84,153,154
20721,0x0B86,51,52
20721,0x0B88,102,104
20721,0x0F99,51,52
20721,0x0F9D,51,52
20721,0x0FD1,51,52
20721,0x0FF0,51,52
20721,0x1011,161,166
20721,0x1034,99,97
20721,0x1051,161,166
20721,0x1064,90,86
20721,0x106C,31,45
20721,0x16D0,101,154
20721,0x16D1,169,172
20721,0x16D3,171,92
20721,0x16D4,94,95
20721,0x16D6,150,156
20721,0x16D9,93,87
20721,0x16E6,142,140
20721,0x16F5,28,26
20721,0x16F8,11,9
20721,0x1750,130,234
20721,0x1751,245,248
20721,0x1766,97,95
20721,0x1775,63,61
20721,0x1778,16,14
20721,0x1790,10,114
20721,0x1791,208,211
20721,0x17A6,119,117
20721,0x17B5,5,3
20721,0x17B8,38,36
20721,0x17D0,72,176
20721,0x17D1,110,106
20721,0x17E6,165,163
20721,0x17F5,102,100
20721,0x17F8,18,16
20721,0x1810,128,222
20721,0x1811,29,28
20721,0x1813,233,131
20721,0x1814,139,137
20721,0x1816,172,176
20721,0x1819,211,203
20721,0x1824,15,17
20721,0x1826,2,6
20721,0x182C,111,102
20721,0x1835,35,33
20721,0x1838,21,19
20721,0x1850,28,92
20721,0x1851,42,40
20721,0x1853,146,253
20721,0x1854,161,159
20721,0x1856,20,36
20721,0x1859,61,51
20721,0x1866,227,225
20721,0x1875,57,55
20721,0x1878,19,17
20721,0x1890,156,124
20721,0x1891,69,66
20721,0x1893,209,24
20721,0x1896,100,116
20721,0x1899,171,161
20721,0x18A6,249,247
20721,0x18B5,79,77
20721,0x18B8,41,39
20721,0x18D1,6,4
20721,0x18E4,247,249
20721,0x18E6,2,3
20721,0x18ED,12,43
20721,0x18F8,118,116
20721,0x1911,6,4
20721,0x1935,54,52
20721,0x1939,110,108
20721,0x1B10,135,181
20721,0x1B11,255,2
20721,0x1B12,0,1
20721,0x1B13,225,131
20721,0x1B14,138,139
20721,0x1B26,1,2
20721,0x1B27,2,4
20721,0x1B30,2,3
20723,0x0020,254,1
20723,0x0022,135,136
20723,0x0024,7,6
20723,0x002A,0,4
20723,0x0049,9,7
20723,0x0051,5,3
20723,0x0069,217,219
20723,0x006B,147,149
20723,0x007B,52,53
20723,0x00AD,106,108
20723,0x00B7,23,22
20723,0x00CD,46,49
20723,0x00CE,129,135
20723,0x00CF,91,101
20723,0x00D0,11,25
20723,0x0176,144,165
20723,0x0178,244,180
20723,0x02F6,32,155
20723,0x02FB,2,1
20723,0x0874,86,222
20723,0x0875,1,42
20723,0x0876,222,86
20723,0x0877,42,1
20723,0x0894,14,22
20723,0x0895,58,91
20723,0x0896,22,14
20723,0x0897,91,58
20723,0x0900,249,247
20723,0x0904,233,231
20723,0x0908,166,171
20723,0x090B,32,38
20723,0x090C,150,155
20723,0x090F,32,38
20723,0x0910,152,149
20723,0x0912,34,36
20723,0x0914,136,175
20723,0x0915,104,88
20723,0x0916,32,2
20723,0x0917,34,41
20723,0x0918,172,159
20723,0x0919,87,88
20723,0x091A,2,0
20723,0x091C,156,252
20723,0x091D,87,89
20723,0x091E,0,2
20723,0x0920,248,236
20723,0x0922,2,0
20723,0x0924,232,214
20723,0x0926,0,2
20723,0x0928,211,198
20723,0x092A,2,0
20723,0x092C,195,87
20723,0x092D,89,167
20723,0x092E,0,2
20723,0x092F,41,103
20723,0x0930,90,103
20723,0x0932,2,0
20723,0x0934,106,12
20723,0x0935,167,127
20723,0x0936,0,10
20723,0x0938,12,28
20723,0x0939,129,127
20723,0x093A,10,8
20723,0x093C,28,22
20723,0x093D,129,150
20723,0x093E,8,6
20723,0x0940,24,38
20723,0x0941,151,150
20723,0x0942,6,4
20723,0x0944,40,47
20723,0x0945,151,164
20723,0x0946,4,6
20723,0x0948,50,63
20723,0x0949,165,164
20723,0x094A,6,4
20723,0x094C,66,2
20723,0x094D,165,176
20723,0x094E,4,134
20723,0x094F,103,45
20723,0x0950,4,242
20723,0x0952,134,132
20723,0x0954,244,1
20723,0x0955,176,136
20723,0x0956,132,6
20723,0x0957,45,36
20723,0x0959,135,224
20723,0x0B04,170,234
20723,0x0B05,11,6
20723,0x0B26,52,53
20723,0x0B28,104,106
20723,0x0B86,52,53
20723,0x0B88,104,106
20723,0x0F99,52,53
20723,0x0F9D,52,53
20723,0x0FD1,52,53
20723,0x0FF0,52,53
20723,0x1011,166,171
20723,0x1027,0,6
20723,0x1034,97,95
20723,0x1051,166,171
20723,0x1064,86,88
20723,0x106C,45,40
20723,0x16D0,154,219
20723,0x16D1,172,175
20723,0x16D3,92,1
20723,0x16D4,95,96
20723,0x16D6,156,162
20723,0x16D9,87,81
20723,0x16E6,140,138
20723,0x16F5,26,24
20723,0x16F8,9,7
20723,0x1750,234,82
20723,0x1751,248,252
20723,0x1766,95,93
20723,0x1775,61,59
20723,0x1778,14,12
20723,0x1790,114,218
20723,0x1791,211,214
20723,0x17A6,117,115
20723,0x17B5,3,1
20723,0x17B8,36,34
20723,0x17D0,176,24
20723,0x17D1,106,103
20723,0x17E6,163,161
20723,0x17F5,100,98
20723,0x17F8,16,14
20723,0x1810,222,68
20723,0x1813,131,13
20723,0x1814,137,135
20723,0x1816,176,180
20723,0x1819,203,195
20723,0x1826,6,4
20723,0x1835,33,31
20723,0x1838,19,17
20723,0x1850,92,188
20723,0x1851,40,38
20723,0x1853,253,84
20723,0x1854,159,158
20723,0x1856,36,52
20723,0x1859,51,41
20723,0x1866,225,223
20723,0x1875,55,53
20723,0x1878,17,15
20723,0x1891,66,63
20723,0x1893,24,75
20723,0x1894,173,172
20723,0x1896,116,132
20723,0x1899,161,151
20723,0x18A6,247,245
20723,0x18B5,77,75
20723,0x18B8,39,37
20723,0x18D1,4,2
20723,0x18E6,3,1
20723,0x18F8,116,114
20723,0x1911,4,2
20723,0x1935,52,50
20723,0x1939,108,106
20723,0x1B10,181,227
20723,0x1B11,2,5
20723,0x1B13,131,37
20723,0x1B14,139,140
20723,0x1B24,182,184
20723,0x1B26,2,1
20723,0x1B2C,61,56
20723,0x1B30,3,1
20725,0x0020,1,5
20725,0x0024,6,7
20725,0x0026,36,34
20725,0x0028,36,34
20725,0x002A,4,16
20725,0x0049,7,5
20725,0x0051,3,1
20725,0x0069,219,221
20725,0x006B,149,151
20725,0x007B,53,54
20725,0x0098,1,2
20725,0x009B,1,2
20725,0x009D,1,2
20725,0x00AD,108,110
20725,0x00B7,22,23
20725,0x00CD,49,52
20725,0x00CE,135,141
20725,0x00CF,101,111
20725,0x00D0,25,253
20725,0x00D1,2,3
20725,0x00FA,1,2
20725,0x00FB,1,2
20725,0x0176,165,144
20725,0x0178,180,244
20725,0x02FD,39,41
20725,0x0874,222,86
20725,0x0875,42,1
20725,0x0876,86,222
20725,0x0877,1,42
20725,0x0894,22,14
20725,0x0895,91,58
20725,0x0896,14,22
20725,0x0897,58,91
20725,0x0900,247,245
20725,0x0904,231,229
20725,0x0908,171,166
20725,0x090C,155,150
20725,0x0910,149,152
20725,0x0912,36,40
20725,0x0914,175,136
20725,0x0915,88,104
20725,0x0916,2,38
20725,0x0917,41,34
20725,0x0918,159,179
20725,0x091A,0,2
20725,0x091C,252,163
20725,0x091D,89,88
20725,0x091E,2,0
20725,0x0920,236,255
20725,0x0922,0,2
20725,0x0924,214,239
20725,0x0926,2,0
20725,0x0928,198,218
20725,0x092A,0,2
20725,0x092C,87,202
20725,0x092D,167,89
20725,0x092E,2,0
20725,0x092F,103,41
20725,0x0930,103,83
20725,0x0932,0,2
20725,0x0934,12,99
20725,0x0935,127,167
20725,0x0936,10,0
20725,0x0938,28,11
20725,0x0939,127,124
20725,0x093A,8,10
20725,0x093C,22,27
20725,0x093D,150,124
20725,0x093E,6,8
20725,0x0940,38,21
20725,0x0941,150,148
20725,0x0942,4,6
20725,0x0944,47,37
20725,0x0945,164,148
20725,0x0946,6,4
20725,0x0948,63,44
20725,0x0949,164,163
20725,0x094A,4,6
20725,0x094C,2,60
20725,0x094D,176,163
20725,0x094E,134,4
20725,0x094F,45,103
20725,0x0950,242,0
20725,0x0952,132,138
20725,0x0954,1,240
20725,0x0955,136,176
20725,0x0956,6,136
20725,0x0957,36,45
20725,0x0958,254,5
20725,0x0959,224,136
20725,0x095B,36,34
20725,0x0B04,234,170
20725,0x0B05,6,27
20725,0x0B24,154,155
20725,0x0B26,53,54
20725,0x0B28,106,108
20725,0x0B84,154,155
20725,0x0B86,53,54
20725,0x0B88,106,108
20725,0x0F99,53,54
20725,0x0F9D,53,54
20725,0x0FD1,53,54
20725,0x0FF0,53,54
20725,0x100D,8,24
20725,0x1011,171,166
20725,0x1034,95,93
20725,0x1051,171,166
20725,0x1064,88,90
20725,0x106C,40,31
20725,0x16D0,219,40
20725,0x16D1,175,179
20725,0x16D3,1,154
20725,0x16D6,162,168
20725,0x16D9,81,75
20725,0x16E6,138,136
20725,0x16F5,24,22
20725,0x16F8,7,5
20725,0x1750,82,186
20725,0x1751,252,255
20725,0x1766,93,91
20725,0x1775,59,57
20725,0x1778,12,10
20725,0x1790,218,66
20725,0x1791,214,218
20725,0x17A6,115,113
20725,0x17B5,1,79
20725,0x17B8,34,32
20725,0x17D0,24,128
20725,0x17D1,103,99
20725,0x17E6,161,159
20725,0x17F5,98,96
20725,0x17F8,14,12
20725,0x1810,68,178
20725,0x1811,28,27
20725,0x1813,13,135
20725,0x1814,135,132
20725,0x1816,180,184
20725,0x1819,195,187
20725,0x1826,4,2
20725,0x1835,31,29
20725,0x1838,17,15
20725,0x1850,188,60
20725,0x1851,38,37
20725,0x1853,84,151
20725,0x1854,158,156
20725,0x1856,52,68
20725,0x1859,41,31
20725,0x1866,223,221
20725,0x1875,53,51
20725,0x1878,15,13
20725,0x1890,124,156
20725,0x1891,63,60
20725,0x1893,75,106
20725,0x1894,172,171
20725,0x1896,132,148
20725,0x1899,151,141
20725,0x18A6,245,243
20725,0x18B5,75,73
20725,0x18B8,37,35
20725,0x18D1,2,0
20725,0x18E4,249,251
20725,0x18E6,1,2
20725,0x18EC,147,138
20725,0x18F8,114,112
20725,0x1911,2,0
20725,0x1935,50,48
20725,0x1939,106,104
20725,0x1B10,227,17
20725,0x1B11,5,9
20725,0x1B13,37,199
20725,0x1B24,184,182
20725,0x1B27,4,2
20725,0x1B2C,56,61
20725,0x1B30,1,2
20727,0x0020,5,8
20727,0x0022,136,137
20727,0x0026,34,36
20727,0x0028,34,36
20727,0x0049,5,3
20727,0x0051,1,11
20727,0x0069,221,223
20727,0x006B,151,153
20727,0x007B,54,55
20727,0x00AD,110,112
20727,0x00CD,52,55
20727,0x00CE,141,147
20727,0x00CF,111,121
20727,0x00D0,253,11
20727,0x0176,144,165
20727,0x0178,244,180
20727,0x023D,52,36
20727,0x023E,123,91
20727,0x02F6,155,56
20727,0x02FB,1,2
20727,0x0305,56,252
20727,0x0306,146,145
20727,0x030D,76,16
20727,0x0315,96,36
20727,0x071A,90,165
20727,0x071B,107,28
20727,0x071C,10,60
20727,0x071D,0,1
20727,0x071E,0,62
20727,0x071F,0,2
20727,0x0874,86,222
20727,0x0875,1,42
20727,0x0876,222,86
20727,0x0877,42,1
20727,0x0894,14,22
20727,0x0895,58,91
20727,0x0896,22,14
20727,0x0897,91,58
20727,0x0900,245,243
20727,0x0904,229,227
20727,0x0908,166,161
20727,0x090C,150,145
20727,0x0910,152,147
20727,0x0912,40,34
20727,0x0914,136,131
20727,0x0916,38,32
20727,0x0918,179,182
20727,0x0919,88,89
20727,0x091C,163,166
20727,0x091D,88,89
20727,0x0920,255,3
20727,0x0924,239,243
20727,0x0928,218,221
20727,0x092C,202,205
20727,0x0930,83,79
20727,0x0934,99,95
20727,0x0939,124,121
20727,0x093A,10,14
20727,0x093D,124,121
20727,0x093E,8,12
20727,0x0940,21,19
20727,0x0941,148,146
20727,0x0944,37,35
20727,0x0945,148,146
20727,0x0948,44,41
20727,0x0949,163,162
20727,0x094C,60,57
20727,0x094D,163,162
20727,0x0950,0,254
20727,0x0952,138,130
20727,0x0954,240,238
20727,0x0956,136,128
20727,0x0958,5,8
20727,0x0959,136,137
20727,0x095B,34,36
20727,0x0B02,170,171
20727,0x0B05,27,26
20727,0x0B26,54,55
20727,0x0B28,108,110
20727,0x0B86,54,55
20727,0x0B88,108,110
20727,0x0F99,54,55
20727,0x0F9D,54,55
20727,0x0FD1,54,55
20727,0x0FF0,54,55
20727,0x1011,166,161
20727,0x1034,93,91
20727,0x1051,166,161
20727,0x1064,90,86
20727,0x106C,31,45
20727,0x16D0,40,129
20727,0x16D1,179,182
20727,0x16D3,154,39
20727,0x16D4,96,97
20727,0x16D6,168,174
20727,0x16D9,75,69
20727,0x16E6,136,134
20727,0x16F5,22,20
20727,0x16F8,5,3
20727,0x1750,186,34
20727,0x1751,255,3
20727,0x1752,0,1
20727,0x1766,91,89
20727,0x1775,57,55
20727,0x1778,10,8
20727,0x1790,66,170
20727,0x1791,218,221
20727,0x17A6,113,111
20727,0x17B5,79,77
20727,0x17B8,32,30
20727,0x17D0,128,232
20727,0x17D1,99,95
20727,0x17E6,159,157
20727,0x17F5,96,94
20727,0x17F8,12,10
20727,0x1810,178,40
20727,0x1813,135,241
20727,0x1814,132,129
20727,0x1816,184,188
20727,0x1819,187,179
20727,0x1824,17,19
20727,0x1826,2,6
20727,0x182C,102,93
20727,0x1835,29,27
20727,0x1838,15,13
20727,0x1850,60,220
20727,0x1851,37,35
20727,0x1853,151,198
20727,0x1854,156,154
20727,0x1856,68,84
20727,0x1859,31,21
20727,0x1866,221,219
20727,0x1875,51,49
20727,0x1878,13,11
20727,0x1890,156,220
20727,0x1891,60,57
20727,0x1893,106,117
20727,0x1894,171,170
20727,0x1896,148,164
20727,0x1899,141,131
20727,0x18A6,243,241
20727,0x18B5,73,71
20727,0x18B8,35,33
20727,0x18D1,0,254
20727,0x18D2,1,0
20727,0x18E4,251,247
20727,0x18E6,2,3
20727,0x18EC,138,147
20727,0x18ED,43,12
20727,0x18F8,112,110
20727,0x1911,0,254
20727,0x1912,1,0
20727,0x1935,48,46
20727,0x1939,104,102
20727,0x1B10,17,63
20727,0x1B11,9,12
20727,0x1B13,199,105
20727,0x1B14,140,141
20727,0x1B26,1,2
20727,0x1B27,2,4
20727,0x1B30,2,3
20729,0x0004,26,28
20729,0x0020,8,11
20729,0x0022,137,138
20729,0x0024,7,6
20729,0x002A,16,4
20729,0x0049,3,1
20729,0x0051,11,9
20729,0x0069,223,225
20729,0x006B,153,155
20729,0x007B,55,56
20729,0x00AD,112,114
20729,0x00B7,23,22
20729,0x00CD,55,58
20729,0x00CE,147,153
20729,0x00CF,121,131
20729,0x00D0,11,25
20729,0x0176,165,144
20729,0x0178,180,244
20729,0x02F6,56,155
20729,0x02FB,2,1
20729,0x02FD,41,39
20729,0x0501,141,135
20729,0x0502,86,90
20729,0x0508,19,71
20729,0x0509,84,81
20729,0x050B,4,20
20729,0x050F,134,142
20729,0x0510,90,86
20729,0x0512,24,40
20729,0x0600,0,10
20729,0x0601,0,13
20729,0x0602,0,207
20729,0x0603,0,12
20729,0x0604,62,217
20729,0x0605,63,16
20729,0x0606,63,154
20729,0x0607,63,17
20729,0x0608,84,11
20729,0x0609,63,16
20729,0x060A,38,11
20729,0x060B,63,16
20729,0x060C,60,30
20729,0x060D,63,17
20729,0x060E,76,46
20729,0x060F,63,17
20729,0x0610,88,116
20729,0x0611,63,16
20729,0x0612,88,118
20729,0x0613,63,16
20729,0x0616,0,21
20729,0x0617,0,13
20729,0x0618,9,0
20729,0x0619,13,0
20729,0x061A,191,0
20729,0x061B,12,0
20729,0x061C,95,16
20729,0x061D,16,13
20729,0x061E,153,32
20729,0x061F,17,13
20729,0x0620,11,3
20729,0x0621,16,13
20729,0x0622,11,218
20729,0x0623,16,12
20729,0x0624,29,234
20729,0x0625,17,12
20729,0x0626,45,250
20729,0x0627,17,12
20729,0x0628,116,0
20729,0x0629,16,0
20729,0x062A,117,0
20729,0x062B,16,0
20729,0x062C,0,48
20729,0x062D,0,63
20729,0x062E,0,64
20729,0x062F,0,63
20729,0x0630,0,80
20729,0x0631,0,63
20729,0x0632,0,34
20729,0x0633,0,63
20729,0x0634,0,56
20729,0x0635,0,63
20729,0x0636,0,72
20729,0x0637,0,63
20729,0x0638,0,56
20729,0x0639,0,63
20729,0x063A,0,72
20729,0x063B,0,63
20729,0x0874,222,86
20729,0x0875,42,1
20729,0x0876,86,222
20729,0x0877,1,42
20729,0x0894,22,14
20729,0x0895,91,58
20729,0x0896,14,22
20729,0x0897,58,91
20729,0x0900,243,241
20729,0x0904,227,225
20729,0x0908,161,156
20729,0x090C,145,140
20729,0x0910,147,134
20729,0x0912,34,36
20729,0x0914,131,185
20729,0x0915,104,89
20729,0x0916,32,2
20729,0x0917,34,41
20729,0x0918,182,169
20729,0x091A,2,0
20729,0x091C,166,6
20729,0x091E,0,2
20729,0x0920,3,246
20729,0x0922,2,0
20729,0x0924,243,225
20729,0x0926,0,2
20729,0x0928,221,209
20729,0x092A,2,0
20729,0x092C,205,76
20729,0x092D,89,167
20729,0x092E,0,2
20729,0x092F,41,103
20729,0x0930,79,92
20729,0x0932,2,0
20729,0x0934,95,10
20729,0x0935,167,119
20729,0x0936,0,14
20729,0x0938,11,26
20729,0x0939,121,119
20729,0x093A,14,12
20729,0x093C,27,18
20729,0x093D,121,144
20729,0x093E,12,6
20729,0x0940,19,34
20729,0x0941,146,144
20729,0x0942,6,4
20729,0x0944,35,39
20729,0x0945,146,161
20729,0x0946,4,6
20729,0x0948,41,55
20729,0x0949,162,161
20729,0x094A,6,4
20729,0x094C,57,252
20729,0x094D,162,176
20729,0x094E,4,130
20729,0x094F,103,45
20729,0x0950,254,236
20729,0x0952,130,128
20729,0x0954,238,11
20729,0x0955,176,138
20729,0x0956,128,6
20729,0x0957,45,36
20729,0x0959,137,224
20729,0x0B01,170,234
20729,0x0B02,171,170
20729,0x0B05,26,6
20729,0x0B22,77,78
20729,0x0B24,155,156
20729,0x0B26,55,56
20729,0x0B28,110,112
20729,0x0B82,77,78
20729,0x0B84,155,156
20729,0x0B86,55,56
20729,0x0B88,110,112
20729,0x0F99,55,56
20729,0x0F9D,55,56
20729,0x0FD1,55,56
20729,0x0FF0,55,56
20729,0x1011,161,156
20729,0x1034,91,89
20729,0x1051,161,156
20729,0x1064,86,88
20729,0x106C,45,40
20729,0x16D0,129,230
20729,0x16D1,182,185
20729,0x16D3,39,168
20729,0x16D6,174,180
20729,0x16D9,69,63
20729,0x16E6,134,132
20729,0x16F5,20,18
20729,0x16F8,3,1
20729,0x1750,34,138
20729,0x1751,3,6
20729,0x1766,89,87
20729,0x1775,55,53
20729,0x1778,8,6
20729,0x1790,170,18
20729,0x1791,221,225
20729,0x17A6,111,109
20729,0x17B5,77,75
20729,0x17B8,30,28
20729,0x17D0,232,80
20729,0x17D1,95,92
20729,0x17E6,157,155
20729,0x17F5,94,92
20729,0x17F8,10,8
20729,0x1810,40,166
20729,0x1811,27,26
20729,0x1813,241,75
20729,0x1814,129,127
20729,0x1816,188,192
20729,0x1819,179,171
20729,0x1826,6,4
20729,0x1835,27,25
20729,0x1838,13,11
20729,0x1850,220,156
20729,0x1851,35,34
20729,0x1853,198,225
20729,0x1854,154,152
20729,0x1856,84,100
20729,0x1859,21,11
20729,0x1866,219,217
20729,0x1875,49,47
20729,0x1878,11,9
20729,0x1890,220,60
20729,0x1891,57,55
20729,0x1893,117,108
20729,0x1894,170,169
20729,0x1896,164,180
20729,0x1899,131,121
20729,0x18A6,241,239
20729,0x18B5,71,69
20729,0x18B8,33,31
20729,0x18D1,254,252
20729,0x18E6,3,1
20729,0x18F8,110,108
20729,0x1911,254,252
20729,0x1935,46,44
20729,0x1939,102,100
20729,0x1B10,63,109
20729,0x1B11,12,15
20729,0x1B13,105,11
20729,0x1B14,141,142
20729,0x1B24,182,184
20729,0x1B26,2,1
20729,0x1B2C,61,56
20729,0x1B30,3,1
20731,0x0020,11,14
20731,0x0024,6,7
20731,0x0026,36,34
20731,0x0028,36,34
20731,0x002A,4,16
20731,0x0049,1,11
20731,0x0051,9,7
20731,0x0069,225,227
20731,0x006B,155,157
20731,0x007B,56,57
20731,0x00AD,114,116
20731,0x00B7,22,23
20731,0x00CD,58,61
20731,0x00CE,153,159
20731,0x00CF,131,141
20731,0x00D0,25,39
20731,0x0176,144,165
20731,0x0178,244,180
20731,0x01FE,207,215
20731,0x02F6,155,255
20731,0x02FD,39,41
20731,0x072C,220,92
20731,0x072D,74,9
20731,0x072E,222,30
20731,0x072F,123,10
20731,0x0734,16,142
20731,0x0735,74,8
20731,0x0736,222,88
20731,0x0737,123,9
20731,0x073C,149,150
20731,0x073D,17,8
20731,0x073E,220,92
20731,0x073F,74,9
20731,0x0874,86,222
20731,0x0875,1,42
20731,0x0876,222,86
20731,0x0877,42,1
20731,0x0894,14,22
20731,0x0895,58,91
20731,0x0896,22,14
20731,0x0897,91,58
20731,0x0900,241,239
20731,0x0904,225,223
20731,0x0908,156,151
20731,0x090C,140,135
20731,0x0910,134,137
20731,0x0912,36,40
20731,0x0914,185,121
20731,0x0915,89,104
20731,0x0916,2,38
20731,0x0917,41,34
20731,0x0918,169,189
20731,0x091A,0,2
20731,0x091C,6,173
20731,0x091E,2,0
20731,0x0920,246,9
20731,0x0922,0,2
20731,0x0924,225,249
20731,0x0926,2,0
20731,0x0928,209,228
20731,0x092A,0,2
20731,0x092C,76,212
20731,0x092D,167,89
20731,0x092E,2,0
20731,0x092F,103,41
20731,0x0930,92,72
20731,0x0932,0,2
20731,0x0934,10,88
20731,0x0935,119,167
20731,0x0936,14,0
20731,0x0938,26,10
20731,0x0939,119,116
20731,0x093A,12,14
20731,0x093C,18,26
20731,0x093D,144,116
20731,0x093E,6,12
20731,0x0940,34,17
20731,0x0941,144,142
20731,0x0942,4,6
20731,0x0944,39,33
20731,0x0945,161,142
20731,0x0946,6,4
20731,0x0948,55,36
20731,0x0949,161,160
20731,0x094A,4,6
20731,0x094C,252,52
20731,0x094D,176,160
20731,0x094E,130,4
20731,0x094F,45,103
20731,0x0950,236,250
20731,0x0952,128,134
20731,0x0954,11,234
20731,0x0955,138,176
20731,0x0956,6,132
20731,0x0957,36,45
20731,0x0958,8,14
20731,0x0959,224,138
20731,0x095B,36,34
20731,0x0B01,234,170
20731,0x0B02,170,171
20731,0x0B05,6,26
20731,0x0B26,56,57
20731,0x0B28,112,114
20731,0x0B86,56,57
20731,0x0B88,112,114
20731,0x0F99,56,57
20731,0x0F9D,56,57
20731,0x0FD1,56,57
20731,0x0FF0,56,57
20731,0x1011,156,151
20731,0x1034,89,87
20731,0x1051,156,151
20731,0x1064,88,90
20731,0x106C,40,31
20731,0x16D0,230,78
20731,0x16D1,185,189
20731,0x16E6,132,130
20731,0x16F5,18,16
20731,0x16F8,1,49
20731,0x16F9,0,6
20731,0x16FA,138,141
20731,0x1750,138,242
20731,0x1751,6,9
20731,0x1766,87,85
20731,0x1775,53,51
20731,0x1778,6,4
20731,0x1790,18,122
20731,0x1791,225,228
20731,0x17A6,109,107
20731,0x17B5,75,73
20731,0x17B8,28,26
20731,0x17D0,80,184
20731,0x17D1,92,88
20731,0x17E6,155,153
20731,0x17F5,92,90
20731,0x17F8,8,6
20731,0x1810,166,44
20731,0x1813,75,149
20731,0x1814,127,124
20731,0x1816,192,196
20731,0x1819,171,163
20731,0x1826,4,2
20731,0x1835,25,23
20731,0x1838,11,9
20731,0x1850,156,124
20731,0x1851,34,33
20731,0x1853,225,232
20731,0x1854,152,150
20731,0x1856,100,116
20731,0x1859,11,1
20731,0x1866,217,215
20731,0x1875,47,45
20731,0x1878,9,7
20731,0x1890,60,188
20731,0x1891,55,52
20731,0x1893,108,79
20731,0x1894,169,168
20731,0x1896,180,196
20731,0x1899,121,111
20731,0x18A6,239,237
20731,0x18B5,69,67
20731,0x18B8,31,29
20731,0x18D1,252,250
20731,0x18E4,247,249
20731,0x18E6,1,2
20731,0x18ED,12,43
20731,0x18F8,108,106
20731,0x1911,252,250
20731,0x1935,44,42
20731,0x1939,100,98
20731,0x1B10,109,155
20731,0x1B11,15,18
20731,0x1B13,11,173
20731,0x1B24,184,182
20731,0x1B27,4,2
20731,0x1B2C,56,61
20731,0x1B30,1,2
20733,0x0020,14,17
20733,0x0022,138,139
20733,0x0026,34,36
20733,0x0028,34,36
20733,0x0049,11,9
20733,0x0051,7,5
20733,0x0069,227,229
20733,0x006B,157,159
20733,0x007B,57,58
20733,0x00AD,116,118
20733,0x00CD,61,64
20733,0x00CE,159,165
20733,0x00CF,141,151
20733,0x00D0,39,53
20733,0x0176,165,144
20733,0x0178,180,244
20733,0x02F6,255,155
20733,0x0874,222,86
20733,0x0875,42,1
20733,0x0876,86,222
20733,0x0877,1,42
20733,0x0894,22,14
20733,0x0895,91,58
20733,0x0896,14,22
20733,0x0897,58,91
20733,0x0900,239,237
20733,0x0904,223,221
20733,0x0908,151,146
20733,0x090C,135,130
20733,0x0910,137,132
20733,0x0912,40,34
20733,0x0914,121,116
20733,0x0916,38,32
20733,0x0918,189,192
20733,0x091C,173,176
20733,0x0920,9,13
20733,0x0924,249,253
20733,0x0928,228,231
20733,0x092C,212,215
20733,0x0930,72,69
20733,0x0934,88,85
20733,0x0938,10,25
20733,0x0939,116,113
20733,0x093B,103,39
20733,0x093C,26,9
20733,0x093D,116,113
20733,0x093F,103,39
20733,0x0940,17,16
20733,0x0941,142,140
20733,0x0944,33,32
20733,0x0945,142,140
20733,0x0948,36,34
20733,0x0949,160,159
20733,0x094C,52,50
20733,0x094D,160,159
20733,0x0950,250,248
20733,0x0952,134,138
20733,0x0954,234,232
20733,0x0956,132,136
20733,0x0958,14,17
20733,0x0959,138,139
20733,0x095B,34,36
20733,0x0B24,156,157
20733,0x0B26,57,58
20733,0x0B28,114,116
20733,0x0B84,156,157
20733,0x0B86,57,58
20733,0x0B88,114,116
20733,0x0F99,57,58
20733,0x0F9D,57,58
20733,0x0FD1,57,58
20733,0x0FF0,57,58
20733,0x1011,151,146
20733,0x1034,87,85
20733,0x1051,151,146
20733,0x1064,90,86
20733,0x106C,31,45
20733,0x16D0,78,182
20733,0x16D1,189,192
20733,0x16E6,130,128
20733,0x16F5,16,14
20733,0x16F8,49,47
20733,0x1750,242,90
20733,0x1751,9,13
20733,0x1766,85,83
20733,0x1775,51,49
20733,0x1778,4,2
20733,0x1790,122,226
20733,0x1791,228,231
20733,0x17A6,107,105
20733,0x17B5,73,71
20733,0x17B8,26,24
20733,0x17D0,184,32
20733,0x17D1,88,85
20733,0x17E6,153,151
20733,0x17F5,90,88
20733,0x17F8,6,4
20733,0x1810,44,186
20733,0x1811,26,25
20733,0x1813,149,207
20733,0x1814,124,121
20733,0x1816,196,200
20733,0x1819,163,155
20733,0x1824,19,21
20733,0x1826,2,6
20733,0x182C,93,129
20733,0x1835,23,21
20733,0x1838,9,7
20733,0x1851,33,32
20733,0x1853,232,219
20733,0x1854,150,148
20733,0x1856,116,132
20733,0x1859,1,247
20733,0x185A,255,254
20733,0x1866,215,213
20733,0x1875,45,43
20733,0x1878,7,5
20733,0x1890,188,92
20733,0x1891,52,50
20733,0x1893,79,30
20733,0x1894,168,167
20733,0x1896,196,212
20733,0x1899,111,101
20733,0x18A6,237,235
20733,0x18B5,67,65
20733,0x18B8,29,27
20733,0x18D1,250,248
20733,0x18E4,249,251
20733,0x18E6,2,3
20733,0x18EC,147,138
20733,0x18F8,106,104
20733,0x1911,250,248
20733,0x1935,42,40
20733,0x1939,98,96
20733,0x1B10,155,201
20733,0x1B11,18,21
20733,0x1B13,173,79
20733,0x1B14,142,143
20733,0x1B26,1,2
20733,0x1B27,2,4
20733,0x1B30,2,3
20735,0x0020,17,20
20735,0x0024,7,6
20735,0x002A,16,64
20735,0x0049,9,7
20735,0x0051,5,3
20735,0x0069,229,231
20735,0x006B,159,161
20735,0x007B,58,59
20735,0x00AD,118,120
20735,0x00B7,23,20
20735,0x00CA,7,6
20735,0x00CD,64,67
20735,0x00CE,165,171
20735,0x00CF,151,161
20735,0x00D0,53,67
20735,0x0176,144,165
20735,0x0178,244,180
20735,0x0874,86,222
20735,0x0875,1,42
20735,0x0876,222,86
20735,0x0877,42,1
20735,0x0894,14,22
20735,0x0895,58,91
20735,0x0896,22,14
20735,0x0897,91,58
20735,0x0900,237,235
20735,0x0904,221,219
20735,0x0908,146,141
20735,0x090B,38,32
20735,0x090C,130,125
20735,0x090F,38,32
20735,0x0910,132,119
20735,0x0912,34,36
20735,0x0914,116,196
20735,0x0915,104,89
20735,0x0916,32,2
20735,0x0917,34,41
20735,0x0918,192,180
20735,0x091A,2,0
20735,0x091C,176,235
20735,0x091E,0,2
20735,0x0920,13,219
20735,0x0922,2,0
20735,0x0924,253,65
20735,0x0925,89,167
20735,0x0926,0,2
20735,0x0927,41,103
20735,0x0928,231,81
20735,0x0929,89,167
20735,0x092A,2,0
20735,0x092B,41,103
20735,0x092C,215,25
20735,0x092D,89,110
20735,0x092E,0,14
20735,0x092F,41,39
20735,0x0930,69,9
20735,0x0931,167,110
20735,0x0932,2,12
20735,0x0933,103,39
20735,0x0934,85,15
20735,0x0935,167,138
20735,0x0936,0,6
20735,0x0938,25,31
20735,0x0939,113,138
20735,0x093A,14,4
20735,0x093B,39,103
20735,0x093C,9,32
20735,0x093D,113,157
20735,0x093E,12,6
20735,0x093F,39,103
20735,0x0940,16,48
20735,0x0941,140,157
20735,0x0942,6,4
20735,0x0944,32,246
20735,0x0945,140,176
20735,0x0946,4,138
20735,0x0947,103,45
20735,0x0948,34,230
20735,0x0949,159,176
20735,0x094A,6,136
20735,0x094B,103,45
20735,0x094C,50,20
20735,0x094D,159,139
20735,0x094E,4,6
20735,0x094F,103,36
20735,0x0950,248,144
20735,0x0951,176,224
20735,0x0952,138,2
20735,0x0953,45,38
20735,0x0954,232,128
20735,0x0955,176,224
20735,0x0956,136,0
20735,0x0957,45,38
20735,0x0959,139,224
20735,0x0B02,171,170
20735,0x0B04,170,106
20735,0x0B05,26,0
20735,0x0B26,58,59
20735,0x0B28,116,118
20735,0x0B86,58,59
20735,0x0B88,116,118
20735,0x0F99,58,59
20735,0x0F9D,58,59
20735,0x0FD1,58,59
20735,0x0FF0,58,59
20735,0x1011,146,141
20735,0x1027,6,0
20735,0x1034,85,83
20735,0x1051,146,141
20735,0x1064,86,88
20735,0x106C,45,40
20735,0x16D0,182,30
20735,0x16D1,192,196
20735,0x16E6,128,126
20735,0x16F5,14,12
20735,0x16F8,47,45
20735,0x1740,200,0
20735,0x1750,90,14
20735,0x1751,13,15
20735,0x1766,83,82
20735,0x1775,49,47
20735,0x1778,2,0
20735,0x1790,226,74
20735,0x1791,231,235
20735,0x17A6,105,103
20735,0x17B5,71,69
20735,0x17B8,24,22
20735,0x17D0,32,136
20735,0x17D1,85,81
20735,0x17E6,151,149
20735,0x17F5,88,86
20735,0x17F8,4,2
20735,0x1810,186,80
20735,0x1813,207,249
20735,0x1814,121,118
20735,0x1816,200,204
20735,0x1819,155,147
20735,0x1826,6,4
20735,0x1835,21,19
20735,0x1838,7,5
20735,0x1850,124,156
20735,0x1851,32,31
20735,0x1853,219,186
20735,0x1854,148,146
20735,0x1856,132,148
20735,0x1859,247,237
20735,0x1866,213,211
20735,0x1875,43,41
20735,0x1878,5,3
20735,0x1890,92,28
20735,0x1891,50,48
20735,0x1893,30,217
20735,0x1894,167,165
20735,0x1896,212,228
20735,0x1899,101,91
20735,0x18A6,235,233
20735,0x18B5,65,63
20735,0x18B8,27,25
20735,0x18D1,248,246
20735,0x18E6,3,1
20735,0x18F8,104,102
20735,0x1911,248,246
20735,0x1935,40,38
20735,0x1939,96,94
20735,0x1B10,201,247
20735,0x1B11,21,24
20735,0x1B13,79,241
20735,0x1B24,182,184
20735,0x1B26,2,1
20735,0x1B2C,61,56
20735,0x1B30,3,1
20737,0x0004,28,30
20737,0x0020,20,24
20737,0x0022,139,140
20737,0x0024,6,7
20737,0x0026,36,34
20737,0x0028,36,34
20737,0x002A,64,1
20737,0x0049,7,5
20737,0x0051,3,1
20737,0x0069,231,233
20737,0x006B,161,163
20737,0x007B,59,60
20737,0x00AD,120,122
20737,0x00B7,20,21
20737,0x00CD,67,70
20737,0x00CE,171,177
20737,0x00CF,161,171
20737,0x00D0,67,81
20737,0x0176,165,144
20737,0x0178,180,244
20737,0x02FD,41,39
20737,0x0501,135,143
20737,0x0502,90,86
20737,0x0600,10,0
20737,0x0601,13,0
20737,0x0602,207,0
20737,0x0603,12,0
20737,0x0604,217,49
20737,0x0605,16,63
20737,0x0606,154,65
20737,0x0607,17,63
20737,0x0608,11,81
20737,0x0609,16,63
20737,0x060A,11,35
20737,0x060B,16,63
20737,0x060C,30,57
20737,0x060D,17,63
20737,0x060E,46,73
20737,0x060F,17,63
20737,0x0610,116,57
20737,0x0611,16,63
20737,0x0612,118,73
20737,0x0613,16,63
20737,0x0874,222,86
20737,0x0875,42,1
20737,0x0876,86,222
20737,0x0877,1,42
20737,0x0894,22,14
20737,0x0895,91,58
20737,0x0896,14,22
20737,0x0897,58,91
20737,0x0900,235,233
20737,0x0904,219,217
20737,0x0908,141,136
20737,0x090C,125,120
20737,0x0910,119,122
20737,0x0912,36,40
20737,0x0914,196,106
20737,0x0915,89,104
20737,0x0916,2,38
20737,0x0917,41,34
20737,0x0918,180,199
20737,0x091A,0,2
20737,0x091C,235,183
20737,0x091E,2,0
20737,0x0920,219,238
20737,0x0922,0,2
20737,0x0924,65,222
20737,0x0925,167,89
20737,0x0926,2,0
20737,0x0927,103,41
20737,0x0928,81,61
20737,0x092A,0,6
20737,0x092C,25,77
20737,0x092D,110,167
20737,0x092E,14,4
20737,0x092F,39,103
20737,0x0930,9,24
20737,0x0931,110,108
20737,0x0932,12,14
20737,0x0934,15,8
20737,0x0935,138,108
20737,0x0936,6,12
20737,0x0937,103,39
20737,0x0938,31,14
20737,0x0939,138,136
20737,0x093A,4,6
20737,0x093C,32,30
20737,0x093D,157,136
20737,0x093E,6,4
20737,0x0940,48,29
20737,0x0941,157,156
20737,0x0942,4,6
20737,0x0944,246,45
20737,0x0945,176,156
20737,0x0946,138,4
20737,0x0947,45,103
20737,0x0948,230,244
20737,0x094A,136,130
20737,0x094C,20,228
20737,0x094D,139,176
20737,0x094E,6,128
20737,0x094F,36,45
20737,0x0950,144,24
20737,0x0951,224,140
20737,0x0952,2,7
20737,0x0953,38,34
20737,0x0B04,106,170
20737,0x0B05,0,1
20737,0x0B22,78,79
20737,0x0B24,157,158
20737,0x0B26,59,60
20737,0x0B28,118,120
20737,0x0B82,78,79
20737,0x0B84,157,158
20737,0x0B86,59,60
20737,0x0B88,118,120
20737,0x0F99,59,60
20737,0x0F9D,59,60
20737,0x0FD1,59,60
20737,0x0FF0,59,60
20737,0x1011,141,136
20737,0x1034,83,81
20737,0x1051,141,136
20737,0x1064,88,90
20737,0x106C,40,31
20737,0x16D0,30,134
20737,0x16D1,196,199
20737,0x16E6,126,124
20737,0x16F5,12,10
20737,0x16F8,45,43
20737,0x1790,74,178
20737,0x1791,235,238
20737,0x17A6,103,101
20737,0x17B5,69,67
20737,0x17B8,22,20
20737,0x17D0,136,248
20737,0x17D1,81,77
20737,0x17D3,132,72
20737,0x17D6,52,60
20737,0x17D9,201,196
20737,0x17DC,0,8
20737,0x17DD,239,251
20737,0x17E2,220,217
20737,0x17E4,222,219
20737,0x17E6,149,254
20737,0x17EC,124,111
20737,0x17ED,12,43
20737,0x17F5,86,84
20737,0x17F8,2,46
20737,0x17F9,6,0
20737,0x17FA,106,111
20737,0x1810,80,238
20737,0x1811,25,24
20737,0x1813,249,19
20737,0x1814,118,116
20737,0x1816,204,208
20737,0x1819,147,139
20737,0x1826,4,2
20737,0x1835,19,17
20737,0x1838,5,3
20737,0x1850,156,220
20737,0x1851,31,30
20737,0x1853,186,133
20737,0x1854,146,144
20737,0x1856,148,164
20737,0x1859,237,227
20737,0x1866,211,209
20737,0x1875,41,39
20737,0x1878,3,1
20737,0x1890,28,252
20737,0x1891,48,45
20737,0x1893,217,128
20737,0x1894,165,164
20737,0x1896,228,244
20737,0x1899,91,81
20737,0x18A6,233,231
20737,0x18B5,63,61
20737,0x18B8,25,23
20737,0x18D1,246,244
20737,0x18E4,251,247
20737,0x18E6,1,2
20737,0x18EC,138,147
20737,0x18ED,43,12
20737,0x18F8,102,100
20737,0x1911,246,244
20737,0x1935,38,36
20737,0x1939,94,92
20737,0x1B10,247,37
20737,0x1B11,24,28
20737,0x1B13,241,147
20737,0x1B14,143,144
20737,0x1B24,184,182
20737,0x1B27,4,2
20737,0x1B2C,56,61
20737,0x1B30,1,2
20739,0x0020,24,27
20739,0x0022,140,141
20739,0x0026,34,36
20739,0x0028,34,36
20739,0x0049,5,3
20739,0x0051,1,5
20739,0x0069,233,235
20739,0x006B,163,165
20739,0x007B,60,61
20739,0x00AD,122,124
20739,0x00CD,70,73
20739,0x00CE,177,183
20739,0x00CF,171,181
20739,0x00D0,81,95
20739,0x0176,144,165
20739,0x0178,244,180
20739,0x023D,36,52
20739,0x023E,91,111
20739,0x02F6,155,32
20739,0x02FB,1,2
20739,0x02FD,39,41
20739,0x0305,252,56
20739,0x0306,145,146
20739,0x030D,16,76
20739,0x0315,36,96
20739,0x071A,165,94
20739,0x071B,28,115
20739,0x071C,60,30
20739,0x071D,1,0
20739,0x071E,62,8
20739,0x071F,2,0
20739,0x0874,86,222
20739,0x0875,1,42
20739,0x0876,222,86
20739,0x0877,42,1
20739,0x0894,14,22
20739,0x0895,58,91
20739,0x0896,22,14
20739,0x0897,91,58
20739,0x0900,233,231
20739,0x0904,217,215
20739,0x0908,136,131
20739,0x090B,32,38
20739,0x090C,120,115
20739,0x090F,32,38
20739,0x0910,122,117
20739,0x0912,40,34
20739,0x0914,106,101
20739,0x0916,38,32
20739,0x0918,199,202
20739,0x091C,183,186
20739,0x0920,238,242
20739,0x0924,222,226
20739,0x0928,61,58
20739,0x0929,167,166
20739,0x092C,77,74
20739,0x092D,167,166
20739,0x0931,108,105
20739,0x0932,14,10
20739,0x0935,108,105
20739,0x0936,12,8
20739,0x0939,136,134
20739,0x093D,136,134
20739,0x0940,29,27
20739,0x0941,156,155
20739,0x0944,45,43
20739,0x0945,156,155
20739,0x0948,244,242
20739,0x094A,130,134
20739,0x094C,228,226
20739,0x094E,128,132
20739,0x0950,24,27
20739,0x0951,140,141
20739,0x0953,34,36
20739,0x0B26,60,61
20739,0x0B28,120,122
20739,0x0B86,60,61
20739,0x0B88,120,122
20739,0x0F99,60,61
20739,0x0F9D,60,61
20739,0x0FD1,60,61
20739,0x0FF0,60,61
20739,0x1011,136,131
20739,0x1027,0,6
20739,0x1034,81,79
20739,0x1051,136,131
20739,0x1064,90,86
20739,0x106C,31,45
20739,0x16D0,134,238
20739,0x16D1,199,202
20739,0x16E6,124,122
20739,0x16F5,10,8
20739,0x16F8,43,41
20739,0x1790,178,26
20739,0x1791,238,242
20739,0x17A6,101,99
20739,0x17B5,67,65
20739,0x17B8,20,18
20739,0x17D0,248,136
20739,0x17D1,77,74
20739,0x17D3,72,193
20739,0x17D4,175,174
20739,0x17D6,60,76
20739,0x17D9,196,186
20739,0x17E6,254,252
20739,0x17F5,84,82
20739,0x17F8,46,44
20739,0x1810,238,148
20739,0x1813,19,29
20739,0x1814,116,113
20739,0x1816,208,212
20739,0x1819,139,131
20739,0x1824,21,23
20739,0x1826,2,6
20739,0x182C,129,138
20739,0x1835,17,15
20739,0x1838,3,1
20739,0x1850,220,42
20739,0x1853,133,63
20739,0x1854,144,142
20739,0x1856,164,168
20739,0x1859,227,219
20739,0x185C,8,2
20739,0x185D,251,252
20739,0x1862,217,13
20739,0x1863,8,12
20739,0x1864,219,15
20739,0x1865,8,12
20739,0x1866,209,4
20739,0x1875,39,37
20739,0x1878,1,23
20739,0x187A,111,116
20739,0x1891,45,43
20739,0x1893,128,19
20739,0x1894,164,163
20739,0x1896,244,4
20739,0x1897,254,255
20739,0x1899,81,71
20739,0x18A6,231,229
20739,0x18B5,61,59
20739,0x18B8,23,21
20739,0x18D1,244,242
20739,0x18E4,247,249
20739,0x18E6,2,3
20739,0x18ED,12,43
20739,0x18F8,100,98
20739,0x1911,244,242
20739,0x1935,36,34
20739,0x1939,92,90
20739,0x1B10,37,83
20739,0x1B11,28,31
20739,0x1B13,147,53
20739,0x1B14,144,145
20739,0x1B26,1,2
20739,0x1B27,2,4
20739,0x1B30,2,3
20741,0x0020,27,30
20741,0x0024,7,6
20741,0x002A,1,64
20741,0x0049,3,1
20741,0x0051,5,3
20741,0x0069,235,237
20741,0x006B,165,167
20741,0x007B,61,62
20741,0x00AD,124,126
20741,0x00B7,21,24
20741,0x00BA,184,196
20741,0x00BF,128,136
20741,0x00C2,8,9
20741,0x00CD,73,76
20741,0x00CE,183,189
20741,0x00CF,181,191
20741,0x00D0,95,109
20741,0x00D1,3,0
20741,0x0176,165,144
20741,0x0178,180,244
20741,0x02F6,32,155
20741,0x02FB,2,1
20741,0x0874,222,86
20741,0x0875,42,1
20741,0x0876,86,222
20741,0x0877,1,42
20741,0x0894,22,14
20741,0x0895,91,58
20741,0x0896,14,22
20741,0x0897,58,91
20741,0x0900,231,5
20741,0x0901,169,181
20741,0x0904,215,245
20741,0x0905,169,181
20741,0x0908,131,229
20741,0x0909,104,169
20741,0x090A,2,142
20741,0x090B,38,45
20741,0x090C,115,213
20741,0x090D,104,169
20741,0x090E,0,140
20741,0x090F,38,45
20741,0x0910,117,126
20741,0x0912,34,2
20741,0x0913,34,38
20741,0x0914,101,110
20741,0x0916,32,0
20741,0x0917,34,38
20741,0x0918,202,104
20741,0x0919,89,104
20741,0x091A,2,36
20741,0x091B,41,34
20741,0x091C,186,206
20741,0x091E,0,2
20741,0x0920,242,190
20741,0x0922,2,0
20741,0x0924,226,16
20741,0x0925,89,188
20741,0x0926,0,130
20741,0x0927,41,45
20741,0x0928,58,0
20741,0x0929,166,188
20741,0x092A,6,128
20741,0x092B,103,45
20741,0x092C,74,245
20741,0x092D,166,89
20741,0x092E,4,2
20741,0x092F,103,41
20741,0x0930,24,229
20741,0x0931,105,89
20741,0x0932,10,0
20741,0x0933,39,41
20741,0x0934,8,55
20741,0x0935,105,166
20741,0x0936,8,6
20741,0x0937,39,103
20741,0x0938,14,71
20741,0x0939,134,166
20741,0x093A,6,4
20741,0x093C,30,24
20741,0x093D,134,102
20741,0x093E,4,10
20741,0x093F,103,39
20741,0x0940,27,8
20741,0x0941,155,102
20741,0x0942,6,8
20741,0x0943,103,39
20741,0x0944,43,13
20741,0x0945,155,131
20741,0x0946,4,6
20741,0x0948,242,29
20741,0x0949,176,131
20741,0x094A,134,4
20741,0x094B,45,103
20741,0x094C,226,26
20741,0x094D,176,153
20741,0x094E,132,6
20741,0x094F,45,103
20741,0x0950,27,42
20741,0x0951,141,153
20741,0x0952,7,4
20741,0x0953,36,103
20741,0x0954,128,240
20741,0x0955,224,176
20741,0x0956,0,134
20741,0x0957,38,45
20741,0x0958,17,224
20741,0x0959,224,176
20741,0x095A,7,132
20741,0x095B,36,45
20741,0x095C,144,30
20741,0x095D,224,141
20741,0x095E,2,6
20741,0x095F,38,36
20741,0x0B00,170,171
20741,0x0B02,170,190
20741,0x0B05,1,106
20741,0x0B24,158,159
20741,0x0B26,61,62
20741,0x0B28,122,124
20741,0x0B84,158,159
20741,0x0B86,61,62
20741,0x0B88,122,124
20741,0x0F99,61,62
20741,0x0F9D,61,62
20741,0x0FD1,61,62
20741,0x0FF0,61,62
20741,0x1011,131,126
20741,0x1034,79,77
20741,0x1051,131,126
20741,0x1064,86,88
20741,0x106C,45,40
20741,0x16D0,238,86
20741,0x16D1,202,206
20741,0x16E6,122,120
20741,0x16F5,8,6
20741,0x16F8,41,39
20741,0x1700,0,200
20741,0x1701,74,240
20741,0x1702,176,144
20741,0x1704,54,74
20741,0x1705,177,147
20741,0x1708,3,5
20741,0x1710,14,0
20741,0x1711,15,16
20741,0x1713,168,0
20741,0x1714,97,196
20741,0x1716,180,0
20741,0x1717,1,255
20741,0x1718,0,255
20741,0x171E,9,12
20741,0x171F,12,8
20741,0x1720,154,170
20741,0x1721,2,3
20741,0x1722,65,245
20741,0x1723,7,9
20741,0x1724,67,247
20741,0x1725,7,9
20741,0x1726,82,3
20741,0x1727,8,12
20741,0x1728,0,128
20741,0x172A,238,168
20741,0x172B,4,6
20741,0x1732,0,64
20741,0x1733,0,23
20741,0x1738,0,128
20741,0x1739,6,0
20741,0x1740,0,224
20741,0x1741,74,116
20741,0x1742,176,146
20741,0x1748,3,5
20741,0x1750,14,0
20741,0x1751,15,16
20741,0x1753,168,0
20741,0x1754,97,188
20741,0x175E,9,12
20741,0x175F,12,8
20741,0x1760,154,170
20741,0x1761,2,3
20741,0x1762,65,223
20741,0x1763,7,8
20741,0x1764,67,225
20741,0x1765,7,8
20741,0x1766,82,255
20741,0x1767,8,12
20741,0x1768,0,128
20741,0x176A,238,168
20741,0x176B,4,6
20741,0x176C,147,221
20741,0x176D,12,52
20741,0x1775,47,64
20741,0x1776,110,0
20741,0x1779,6,120
20741,0x1790,26,130
20741,0x1791,242,245
20741,0x17A6,99,97
20741,0x17B5,65,63
20741,0x17B8,18,16
20741,0x17D0,136,56
20741,0x17D1,74,71
20741,0x17D3,193,38
20741,0x17D6,76,92
20741,0x17D9,186,176
20741,0x17E6,252,250
20741,0x17F5,82,80
20741,0x17F8,44,42
20741,0x1810,148,87
20741,0x1813,29,44
20741,0x1814,113,110
20741,0x1816,212,230
20741,0x1819,131,137
20741,0x181C,2,9
20741,0x181D,252,3
20741,0x1826,6,4
20741,0x1835,15,13
20741,0x1838,1,23
20741,0x183A,116,121
20741,0x1850,42,128
20741,0x1851,30,29
20741,0x1853,63,233
20741,0x1854,142,139
20741,0x1856,168,172
20741,0x1859,219,211
20741,0x1866,4,2
20741,0x1875,37,35
20741,0x1878,23,21
20741,0x1890,252,28
20741,0x1891,43,42
20741,0x1893,19,146
20741,0x1894,163,161
20741,0x1896,4,20
20741,0x1899,71,61
20741,0x18A6,229,227
20741,0x18B5,59,57
20741,0x18B8,21,19
20741,0x18D1,242,240
20741,0x18E6,3,1
20741,0x18F8,98,96
20741,0x1911,242,240
20741,0x1935,34,32
20741,0x1939,90,88
20741,0x1B10,83,129
20741,0x1B11,31,34
20741,0x1B13,53,215
20741,0x1B24,182,184
20741,0x1B26,2,1
20741,0x1B2C,61,56
20741,0x1B30,3,1
20743,0x0020,30,222
20743,0x0022,141,176
20743,0x0024,6,136
20743,0x0026,36,45
20743,0x0028,36,44
20743,0x002A,64,128
20743,0x0049,1,11
20743,0x0051,3,1
20743,0x0069,237,239
20743,0x006B,167,169
20743,0x0071,0,2
20743,0x0072,0,2
20743,0x007B,62,63
20743,0x00AD,126,128
20743,0x00CD,76,79
20743,0x00CE,189,195
20743,0x00CF,191,201
20743,0x00D0,109,123
20743,0x0176,144,165
20743,0x0178,244,4
20743,0x01B9,0,192
20743,0x01BA,27,24
20743,0x01FE,215,207
20743,0x02F6,155,255
20743,0x02FD,41,39
20743,0x072C,92,220
20743,0x072D,9,74
20743,0x072E,30,222
20743,0x072F,10,123
20743,0x0734,142,16
20743,0x0735,8,74
20743,0x0736,88,222
20743,0x0737,9,123
20743,0x073C,150,149
20743,0x073D,8,17
20743,0x073E,92,220
20743,0x073F,9,74
20743,0x0874,86,222
20743,0x0875,1,42
20743,0x0876,222,86
20743,0x0877,42,1
20743,0x0894,14,22
20743,0x0895,58,91
20743,0x0896,22,14
20743,0x0897,91,58
20743,0x0900,5,3
20743,0x0904,245,243
20743,0x0908,229,227
20743,0x090C,213,211
20743,0x0910,126,121
20743,0x0914,110,105
20743,0x0918,104,107
20743,0x091A,36,40
20743,0x091C,206,91
20743,0x091D,89,104
20743,0x091E,2,38
20743,0x091F,41,34
20743,0x0920,190,209
20743,0x0922,0,2
20743,0x0924,16,193
20743,0x0925,188,89
20743,0x0926,130,0
20743,0x0927,45,41
20743,0x0928,0,14
20743,0x092A,128,130
20743,0x092C,245,254
20743,0x092D,89,188
20743,0x092E,2,128
20743,0x092F,41,45
20743,0x0930,229,248
20743,0x0932,0,2
20743,0x0934,55,232
20743,0x0935,166,89
20743,0x0936,6,0
20743,0x0937,103,41
20743,0x0938,71,52
20743,0x0939,166,165
20743,0x093A,4,6
20743,0x093C,24,68
20743,0x093D,102,165
20743,0x093E,10,4
20743,0x093F,39,103
20743,0x0940,8,24
20743,0x0941,102,99
20743,0x0942,8,10
20743,0x0944,13,8
20743,0x0945,131,99
20743,0x0946,6,8
20743,0x0947,103,39
20743,0x0948,29,12
20743,0x0949,131,129
20743,0x094A,4,10
20743,0x094C,26,28
20743,0x094D,153,129
20743,0x094E,6,8
20743,0x0950,42,24
20743,0x0951,153,151
20743,0x0952,4,6
20743,0x0954,240,40
20743,0x0955,176,151
20743,0x0956,134,4
20743,0x0957,45,103
20743,0x0958,224,238
20743,0x095A,132,138
20743,0x095C,30,222
20743,0x095D,141,176
20743,0x095E,6,136
20743,0x095F,36,45
20743,0x0960,128,108
20743,0x0B02,190,186
20743,0x0B05,106,170
20743,0x0B26,62,63
20743,0x0B28,124,126
20743,0x0B86,62,63
20743,0x0B88,124,126
20743,0x0BE0,240,36
20743,0x0F99,62,63
20743,0x0F9D,62,63
20743,0x0FD1,62,63
20743,0x0FF0,62,63
20743,0x1011,126,121
20743,0x1034,77,75
20743,0x1051,126,121
20743,0x1064,88,90
20743,0x106C,40,31
20743,0x16D0,86,190
20743,0x16D1,206,209
20743,0x16E6,120,118
20743,0x16F5,6,4
20743,0x16F8,39,37
20743,0x1711,16,14
20743,0x1726,3,1
20743,0x1738,128,126
20743,0x1751,16,14
20743,0x1775,64,62
20743,0x1779,120,118
20743,0x1790,130,234
20743,0x1791,245,248
20743,0x17A6,97,95
20743,0x17B5,63,61
20743,0x17B8,16,14
20743,0x17D0,56,8
20743,0x17D1,71,68
20743,0x17D3,38,119
20743,0x17D4,174,173
20743,0x17D6,92,108
20743,0x17D9,176,166
20743,0x17E6,250,248
20743,0x17F5,80,78
20743,0x17F8,42,40
20743,0x1810,87,62
20743,0x1813,44,71
20743,0x1814,110,107
20743,0x1816,230,248
20743,0x1819,137,143
20743,0x1826,4,2
20743,0x1835,13,11
20743,0x1838,23,21
20743,0x1850,128,222
20743,0x1851,29,28
20743,0x1853,233,131
20743,0x1854,139,137
20743,0x1856,172,176
20743,0x1859,211,203
20743,0x1864,15,17
20743,0x1866,2,6
20743,0x186C,111,102
20743,0x1875,35,33
20743,0x1878,21,19
20743,0x1890,28,92
20743,0x1891,42,40
20743,0x1893,146,253
20743,0x1894,161,159
20743,0x1896,20,36
20743,0x1899,61,51
20743,0x18A6,227,225
20743,0x18B5,57,55
20743,0x18B8,19,17
20743,0x18D1,240,238
20743,0x18E4,249,251
20743,0x18E6,1,2
20743,0x18EC,147,138
20743,0x18F8,96,94
20743,0x1911,240,238
20743,0x1935,32,30
20743,0x1939,88,86
20743,0x1B00,204,0
20743,0x1B10,129,175
20743,0x1B11,34,37
20743,0x1B13,215,121
20743,0x1B14,145,146
20743,0x1B24,184,182
20743,0x1B26,1,2
20743,0x1B27,4,2
20743,0x1B2C,56,61
20743,0x1B30,1,2
20743,0xFFFF,129,130
20745,0x0000,127,116
20745,0x0001,249,146
20745,0x0002,4,2
20745,0x0004,30,32
20745,0x0020,222,220
20745,0x0024,136,128
20745,0x0049,11,9
20745,0x0051,1,5
20745,0x0069,239,241
20745,0x006B,169,171
20745,0x007B,63,64
20745,0x00AD,128,130
20745,0x00CD,79,82
20745,0x00CE,195,201
20745,0x00CF,201,211
20745,0x00D0,123,137
20745,0x0175,52,36
20745,0x0176,165,177
20745,0x0177,249,145
20745,0x0178,4,36
20745,0x023E,111,123
20745,0x02F6,255,32
20745,0x02FB,1,2
20745,0x02FD,39,41
20745,0x0501,143,202
20745,0x0502,86,93
20745,0x0503,20,8
20745,0x0508,71,84
20745,0x0509,81,94
20745,0x050A,20,4
20745,0x050B,20,8
20745,0x050F,142,20
20745,0x0510,86,84
20745,0x0512,40,12
20745,0x0516,70,136
20745,0x0517,81,90
20745,0x0519,44,32
20745,0x051D,140,72
20745,0x051E,86,81
20745,0x0520,64,52
20745,0x0524,136,144
20745,0x0600,0,78
20745,0x0601,0,8
20745,0x0602,0,26
20745,0x0603,0,8
20745,0x0604,49,42
20745,0x0605,63,8
20745,0x0606,65,58
20745,0x0607,63,8
20745,0x0608,81,192
20745,0x0609,63,22
20745,0x060A,35,194
20745,0x060B,63,22
20745,0x060C,57,0
20745,0x060D,63,0
20745,0x060E,73,0
20745,0x060F,63,0
20745,0x0610,57,0
20745,0x0611,63,0
20745,0x0612,73,0
20745,0x0613,63,0
20745,0x0616,21,0
20745,0x0617,13,0
20745,0x061C,16,149
20745,0x061D,13,90
20745,0x061E,32,165
20745,0x061F,13,90
20745,0x0620,3,11
20745,0x0622,218,207
20745,0x0624,234,95
20745,0x0625,12,80
20745,0x0626,250,11
20745,0x0627,12,16
20745,0x0628,0,11
20745,0x0629,0,16
20745,0x062A,0,11
20745,0x062B,0,16
20745,0x062C,48,31
20745,0x062D,63,17
20745,0x062E,64,47
20745,0x062F,63,17
20745,0x0630,80,116
20745,0x0631,63,16
20745,0x0632,34,117
20745,0x0633,63,16
20745,0x0634,56,20
20745,0x0635,63,13
20745,0x0636,72,22
20745,0x0637,63,13
20745,0x0638,56,24
20745,0x0639,63,13
20745,0x063A,72,25
20745,0x063B,63,13
20745,0x063C,233,17
20745,0x063D,12,13
20745,0x063E,249,33
20745,0x063F,12,13
20745,0x0640,0,4
20745,0x0641,0,13
20745,0x0642,0,219
20745,0x0643,0,12
20745,0x0644,0,235
20745,0x0645,0,12
20745,0x0646,0,251
20745,0x0647,0,12
20745,0x0648,82,0
20745,0x0649,63,0
20745,0x064A,36,0
20745,0x064B,63,0
20745,0x064C,58,0
20745,0x064D,63,0
20745,0x064E,74,0
20745,0x064F,63,0
20745,0x0650,0,82
20745,0x0651,0,63
20745,0x0652,0,36
20745,0x0653,0,63
20745,0x0654,0,58
20745,0x0655,0,63
20745,0x0656,0,74
20745,0x0657,0,63
20745,0x071A,94,90
20745,0x071B,115,107
20745,0x071C,30,10
20745,0x071E,8,0
20745,0x0874,222,86
20745,0x0875,42,1
20745,0x0876,86,222
20745,0x0877,1,42
20745,0x0894,22,14
20745,0x0895,91,58
20745,0x0896,14,22
20745,0x0897,58,91
20745,0x0900,3,1
20745,0x0904,243,241
20745,0x0908,227,225
20745,0x090C,211,209
20745,0x0910,121,116
20745,0x0914,105,100
20745,0x0918,107,102
20745,0x091A,40,34
20745,0x091C,91,86
20745,0x091E,38,32
20745,0x0920,209,213
20745,0x0924,193,197
20745,0x0928,14,12
20745,0x092A,130,134
20745,0x092C,254,252
20745,0x092E,128,132
20745,0x0930,248,252
20745,0x0934,232,236
20745,0x0938,52,48
20745,0x0939,165,164
20745,0x093C,68,64
20745,0x093D,165,164
20745,0x0941,99,96
20745,0x0942,10,6
20745,0x0945,99,96
20745,0x0946,8,4
20745,0x0949,129,127
20745,0x094D,129,127
20745,0x0950,24,22
20745,0x0951,151,150
20745,0x0954,40,38
20745,0x0955,151,150
20745,0x0958,238,236
20745,0x095A,138,130
20745,0x095C,222,220
20745,0x095E,136,128
20745,0x0B22,79,80
20745,0x0B24,159,160
20745,0x0B26,63,64
20745,0x0B28,126,128
20745,0x0B82,79,80
20745,0x0B84,159,160
20745,0x0B86,63,64
20745,0x0B88,126,128
20745,0x0F99,63,64
20745,0x0F9D,63,64
20745,0x0FD1,63,64
20745,0x0FF0,63,64
20745,0x1011,121,116
20745,0x1034,75,73
20745,0x1051,121,116
20745,0x1064,90,86
20745,0x106C,31,45
20745,0x16D0,190,38
20745,0x16D1,209,213
20745,0x16E6,118,116
20745,0x16F5,4,2
20745,0x16F8,37,35
20745,0x1711,14,12
20745,0x1724,247,249
20745,0x1726,1,2
20745,0x172D,12,43
20745,0x1738,126,124
20745,0x1751,14,12
20745,0x1775,62,60
20745,0x1779,118,116
20745,0x1790,234,82
20745,0x1791,248,252
20745,0x17A6,95,93
20745,0x17B5,61,59
20745,0x17B8,14,12
20745,0x17D0,8,248
20745,0x17D1,68,64
20745,0x17D3,119,180
20745,0x17D4,173,172
20745,0x17D6,108,124
20745,0x17D9,166,156
20745,0x17E6,248,246
20745,0x17F5,78,76
20745,0x17F8,40,38
20745,0x1810,62,73
20745,0x1813,71,110
20745,0x1814,107,104
20745,0x1816,248,10
20745,0x1817,255,0
20745,0x1818,255,0
20745,0x1819,143,149
20745,0x1824,23,25
20745,0x1826,2,255
20745,0x182C,138,147
20745,0x1835,11,9
20745,0x1838,21,19
20745,0x1850,222,68
20745,0x1853,131,13
20745,0x1854,137,135
20745,0x1856,176,180
20745,0x1859,203,195
20745,0x1866,6,4
20745,0x1875,33,31
20745,0x1878,19,17
20745,0x1890,92,188
20745,0x1891,40,38
20745,0x1893,253,84
20745,0x1894,159,158
20745,0x1896,36,52
20745,0x1899,51,41
20745,0x18A6,225,223
20745,0x18B5,55,53
20745,0x18B8,17,15
20745,0x18D1,238,236
20745,0x18E4,251,247
20745,0x18E6,2,3
20745,0x18EC,138,147
20745,0x18ED,43,12
20745,0x18F8,94,92
20745,0x1911,238,236
20745,0x1935,30,28
20745,0x1939,86,84
20747,0x0000,116,85
20747,0x0001,146,249
20747,0x0002,2,4
20747,0x0020,220,210
20747,0x0022,176,93
20747,0x0024,128,7
20747,0x0026,45,34
20747,0x0028,44,34
20747,0x002A,128,0
20747,0x002C,112,206
20747,0x0049,9,7
20747,0x0051,5,3
20747,0x0069,241,243
20747,0x006B,171,173
20747,0x007B,64,65
20747,0x00AD,130,132
20747,0x00CD,82,85
20747,0x00CE,201,165
20747,0x00CF,211,221
20747,0x00D0,137,151
20747,0x00D1,0,1
20747,0x016C,19,15
20747,0x016E,128,192
20747,0x016F,20,22
20747,0x0170,139,36
20747,0x0171,227,192
20747,0x0175,36,54
20747,0x0176,177,90
20747,0x0177,145,249
20747,0x0178,36,54
20747,0x01BA,24,26
20747,0x02F6,32,155
20747,0x02FB,2,1
20747,0x0874,86,222
20747,0x0875,1,42
20747,0x0876,222,86
20747,0x0877,42,1
20747,0x0894,14,22
20747,0x0895,58,91
20747,0x0896,22,14
20747,0x0897,91,58
20747,0x0900,1,255
20747,0x0904,241,239
20747,0x0908,225,223
20747,0x090C,209,207
20747,0x0910,116,111
20747,0x0914,100,95
20747,0x0918,102,89
20747,0x091A,34,36
20747,0x091C,86,216
20747,0x091D,104,89
20747,0x091E,32,2
20747,0x091F,34,41
20747,0x0920,213,200
20747,0x0922,2,0
20747,0x0924,197,10
20747,0x0925,89,188
20747,0x0926,0,138
20747,0x0927,41,45
20747,0x0928,12,250
20747,0x092A,134,136
20747,0x092C,252,255
20747,0x092D,188,89
20747,0x092E,132,2
20747,0x092F,45,41
20747,0x0930,252,239
20747,0x0932,2,0
20747,0x0934,236,46
20747,0x0935,89,163
20747,0x0936,0,6
20747,0x0937,41,103
20747,0x0938,48,62
20747,0x0939,164,163
20747,0x093A,6,4
20747,0x093C,64,24
20747,0x093D,164,93
20747,0x093E,4,6
20747,0x093F,103,39
20747,0x0940,24,8
20747,0x0941,96,93
20747,0x0942,6,4
20747,0x0944,8,11
20747,0x0945,96,124
20747,0x0946,4,10
20747,0x0947,39,103
20747,0x0948,12,27
20747,0x0949,127,124
20747,0x094A,10,8
20747,0x094C,28,21
20747,0x094D,127,148
20747,0x094E,8,6
20747,0x0950,22,37
20747,0x0951,150,148
20747,0x0952,6,4
20747,0x0954,38,234
20747,0x0955,150,176
20747,0x0956,4,130
20747,0x0957,103,45
20747,0x0958,236,218
20747,0x095A,130,128
20747,0x095C,220,210
20747,0x095D,176,93
20747,0x095E,128,7
20747,0x095F,45,34
20747,0x0B00,171,170
20747,0x0B02,186,174
20747,0x0B05,170,42
20747,0x0B26,64,65
20747,0x0B28,128,130
20747,0x0B86,64,65
20747,0x0B88,128,130
20747,0x0F99,64,65
20747,0x0F9D,64,65
20747,0x0FD1,64,65
20747,0x0FF0,64,65
20747,0x1011,116,111
20747,0x1034,73,71
20747,0x1051,116,111
20747,0x1064,86,88
20747,0x106C,45,40
20747,0x16D0,38,142
20747,0x16D1,213,216
20747,0x16E6,116,114
20747,0x16F5,2,80
20747,0x16F8,35,33
20747,0x1711,12,10
20747,0x1724,249,251
20747,0x1726,2,3
20747,0x172C,147,138
20747,0x1738,124,122
20747,0x1751,12,10
20747,0x1775,60,58
20747,0x1779,116,114
20747,0x1790,82,186
20747,0x1791,252,255
20747,0x17A6,93,91
20747,0x17B5,59,57
20747,0x17B8,12,10
20747,0x17D0,248,8
20747,0x17D1,64,62
20747,0x17D3,180,221
20747,0x17D4,172,171
20747,0x17D6,124,140
20747,0x17D9,156,146
20747,0x17E6,246,244
20747,0x17F5,76,74
20747,0x17F8,38,36
20747,0x1810,73,120
20747,0x1813,110,161
20747,0x1814,104,101
20747,0x1816,10,28
20747,0x1819,149,155
20747,0x1826,255,253
20747,0x1835,9,7
20747,0x1838,19,17
20747,0x1850,68,178
20747,0x1851,28,27
20747,0x1853,13,135
20747,0x1854,135,132
20747,0x1856,180,184
20747,0x1859,195,187
20747,0x1866,4,2
20747,0x1875,31,29
20747,0x1878,17,15
20747,0x1890,188,60
20747,0x1891,38,37
20747,0x1893,84,151
20747,0x1894,158,156
20747,0x1896,52,68
20747,0x1899,41,31
20747,0x18A6,223,221
20747,0x18B5,53,51
20747,0x18B8,15,13
20747,0x18D1,236,234
20747,0x18E6,3,1
20747,0x18F8,92,90
20747,0x1911,236,234
20747,0x1935,28,26
20747,0x1939,84,82
20747,0x1AC0,0,204
20747,0x1AC1,195,127
20747,0x1AC8,247,1
20747,0x1ACD,9,23
20747,0x1AD0,21,0
20747,0x1AD1,106,214
20747,0x1AD3,35,0
20747,0x1AD4,109,97
20747,0x1AE2,177,180
20747,0x1AE4,179,182
20747,0x1AE6,1,2
20747,0x1AE7,4,2
20747,0x1AEC,171,61
20747,0x1AED,33,36
20749,0x0000,85,127
20749,0x0020,210,206
20749,0x0024,7,6
20749,0x002C,206,112
20749,0x0049,7,5
20749,0x0051,3,1
20749,0x0069,243,245
20749,0x006B,173,175
20749,0x007B,65,66
20749,0x00AD,132,134
20749,0x00B7,24,25
20749,0x00CD,85,88
20749,0x00CE,165,171
20749,0x00CF,221,231
20749,0x00D0,151,165
20749,0x0175,54,52
20749,0x0176,90,144
20749,0x0178,54,180
20749,0x0874,222,86
20749,0x0875,42,1
20749,0x0876,86,222
20749,0x0877,1,42
20749,0x0894,22,14
20749,0x0895,91,58
20749,0x0896,14,22
20749,0x0897,58,91
20749,0x0900,255,253
20749,0x0904,239,237
20749,0x0908,223,221
20749,0x090C,207,205
20749,0x0910,111,106
20749,0x0914,95,90
20749,0x0918,89,92
20749,0x091A,36,40
20749,0x091C,216,76
20749,0x091D,89,104
20749,0x091E,2,38
20749,0x091F,41,34
20749,0x0920,200,219
20749,0x0922,0,2
20749,0x0924,10,203
20749,0x0925,188,89
20749,0x0926,138,0
20749,0x0927,45,41
20749,0x0928,250,8
20749,0x092A,136,138
20749,0x092C,255,248
20749,0x092D,89,188
20749,0x092E,2,136
20749,0x092F,41,45
20749,0x0930,239,3
20749,0x0932,0,2
20749,0x0934,46,243
20749,0x0935,163,89
20749,0x0936,6,0
20749,0x0937,103,41
20749,0x0938,62,43
20749,0x0939,163,162
20749,0x093A,4,6
20749,0x093C,24,59
20749,0x093D,93,162
20749,0x093E,6,4
20749,0x093F,39,103
20749,0x0940,8,24
20749,0x0941,93,90
20749,0x0942,4,6
20749,0x0944,11,8
20749,0x0945,124,90
20749,0x0946,10,4
20749,0x0947,103,39
20749,0x0948,27,11
20749,0x0949,124,121
20749,0x094A,8,14
20749,0x094C,21,27
20749,0x094D,148,121
20749,0x094E,6,12
20749,0x0950,37,19
20749,0x0951,148,146
20749,0x0952,4,6
20749,0x0954,234,35
20749,0x0955,176,146
20749,0x0956,130,4
20749,0x0957,45,103
20749,0x0958,218,232
20749,0x095A,128,134
20749,0x095C,210,216
20749,0x095D,93,176
20749,0x095E,7,132
20749,0x095F,34,45
20749,0x0960,108,206
20749,0x0961,224,93
20749,0x0962,0,6
20749,0x0963,38,34
20749,0x0B02,174,186
20749,0x0B03,170,171
20749,0x0B05,42,170
20749,0x0B24,160,161
20749,0x0B26,65,66
20749,0x0B28,130,132
20749,0x0B84,160,161
20749,0x0B86,65,66
20749,0x0B88,130,132
20749,0x0F99,65,66
20749,0x0F9D,65,66
20749,0x0FD1,65,66
20749,0x0FF0,65,66
20749,0x1011,111,106
20749,0x1034,71,69
20749,0x1051,111,106
20749,0x1064,88,90
20749,0x106C,40,31
20749,0x16D0,142,246
20749,0x16D1,216,219
20749,0x16E6,114,112
20749,0x16F5,80,78
20749,0x16F8,33,31
20749,0x1711,10,8
20749,0x1726,3,1
20749,0x1738,122,120
20749,0x1751,10,8
20749,0x1775,58,56
20749,0x1779,114,112
20749,0x1790,186,34
20749,0x1791,255,3
20749,0x1792,0,1
20749,0x17A6,91,89
20749,0x17B5,57,55
20749,0x17B8,10,8
20749,0x17D0,8,56
20749,0x17D1,62,59
20749,0x17D3,221,242
20749,0x17D4,171,170
20749,0x17D6,140,156
20749,0x17D9,146,136
20749,0x17E6,244,242
20749,0x17F5,74,72
20749,0x17F8,36,34
20749,0x1810,120,203
20749,0x1813,161,224
20749,0x1814,101,98
20749,0x1816,28,46
20749,0x1819,155,161
20749,0x1826,253,251
20749,0x1835,7,5
20749,0x1838,17,15
20749,0x1850,178,40
20749,0x1853,135,241
20749,0x1854,132,129
20749,0x1856,184,188
20749,0x1859,187,179
20749,0x1864,17,19
20749,0x1866,2,6
20749,0x186C,102,93
20749,0x1875,29,27
20749,0x1878,15,13
20749,0x1890,60,220
20749,0x1891,37,35
20749,0x1893,151,198
20749,0x1894,156,154
20749,0x1896,68,84
20749,0x1899,31,21
20749,0x18A6,221,219
20749,0x18B5,51,49
20749,0x18B8,13,11
20749,0x18D1,234,232
20749,0x18E4,247,249
20749,0x18E6,1,2
20749,0x18ED,12,43
20749,0x18F8,90,88
20749,0x1911,234,232
20749,0x1935,26,24
20749,0x1939,82,80
20749,0x1AD0,0,210
20749,0x1AD1,214,210
20749,0x1AD3,0,162
20749,0x1AE4,182,184
20749,0x1AE6,2,1
20749,0x1AEC,61,56
20749,0x1AF0,3,1
20751,0x0020,206,203
20751,0x0022,93,94
20751,0x0024,6,7
20751,0x0026,34,36
20751,0x0028,34,36
20751,0x0049,5,3
20751,0x0051,1,11
20751,0x0069,245,247
20751,0x006B,175,177
20751,0x007B,66,67
20751,0x00AD,134,136
20751,0x00CD,88,91
20751,0x00CE,171,177
20751,0x00CF,231,241
20751,0x00D0,165,179
20751,0x023D,52,36
20751,0x023E,123,91
20751,0x02F6,155,56
20751,0x02FB,1,2
20751,0x02FD,41,39
20751,0x0305,56,252
20751,0x0306,146,145
20751,0x030D,76,16
20751,0x0315,96,36
20751,0x071A,90,165
20751,0x071B,107,28
20751,0x071C,10,60
20751,0x071D,0,1
20751,0x071E,0,62
20751,0x071F,0,2
20751,0x0874,86,222
20751,0x0875,1,42
20751,0x0876,222,86
20751,0x0877,42,1
20751,0x0894,14,22
20751,0x0895,58,91
20751,0x0896,22,14
20751,0x0897,91,58
20751,0x0900,253,251
20751,0x0904,237,235
20751,0x0908,221,219
20751,0x090C,205,203
20751,0x0910,106,101
20751,0x0913,38,32
20751,0x0914,90,85
20751,0x0917,38,32
20751,0x0918,92,87
20751,0x091A,40,34
20751,0x091C,76,71
20751,0x091E,38,32
20751,0x0920,219,223
20751,0x0924,203,207
20751,0x0928,8,6
20751,0x092A,138,130
20751,0x092C,248,246
20751,0x092E,136,128
20751,0x0930,3,6
20751,0x0934,243,246
20751,0x0938,43,40
20751,0x0939,162,161
20751,0x093C,59,56
20751,0x093D,162,161
20751,0x0940,24,25
20751,0x0941,90,88
20751,0x0944,8,9
20751,0x0945,90,88
20751,0x0948,11,10
20751,0x0949,121,119
20751,0x094C,27,26
20751,0x094D,121,119
20751,0x0950,19,18
20751,0x0951,146,144
20751,0x0954,35,34
20751,0x0955,146,144
20751,0x0958,232,230
20751,0x095A,134,138
20751,0x095C,216,214
20751,0x095E,132,136
20751,0x0960,206,203
20751,0x0961,93,94
20751,0x0962,6,7
20751,0x0963,34,36
20751,0x0B26,66,67
20751,0x0B28,132,134
20751,0x0B86,66,67
20751,0x0B88,132,134
20751,0x0F99,66,67
20751,0x0F9D,66,67
20751,0x0FD1,66,67
20751,0x0FF0,66,67
20751,0x1011,106,101
20751,0x1027,6,0
20751,0x1034,69,67
20751,0x1051,106,101
20751,0x1064,90,86
20751,0x106C,31,45
20751,0x16D0,246,94
20751,0x16D1,219,223
20751,0x16E6,112,110
20751,0x16F5,78,76
20751,0x16F8,31,29
20751,0x1711,8,6
20751,0x1724,251,247
20751,0x1726,1,2
20751,0x172C,138,147
20751,0x172D,43,12
20751,0x1738,120,118
20751,0x1751,8,6
20751,0x1775,56,54
20751,0x1779,112,110
20751,0x1790,34,138
20751,0x1791,3,6
20751,0x17A6,89,87
20751,0x17B5,55,53
20751,0x17B8,8,6
20751,0x17D0,56,136
20751,0x17D1,59,56
20751,0x17D3,242,243
20751,0x17D4,170,169
20751,0x17D6,156,172
20751,0x17D9,136,126
20751,0x17E6,242,240
20751,0x17F5,72,70
20751,0x17F8,34,32
20751,0x1810,203,66
20751,0x1811,24,25
20751,0x1813,224,43
20751,0x1814,98,96
20751,0x1816,46,64
20751,0x1819,161,167
20751,0x1826,251,249
20751,0x1835,5,3
20751,0x1838,15,13
20751,0x1850,40,166
20751,0x1851,27,26
20751,0x1853,241,75
20751,0x1854,129,127
20751,0x1856,188,192
20751,0x1859,179,171
20751,0x1866,6,4
20751,0x1875,27,25
20751,0x1878,13,11
20751,0x1890,220,156
20751,0x1891,35,34
20751,0x1893,198,225
20751,0x1894,154,152
20751,0x1896,84,100
20751,0x1899,21,11
20751,0x18A6,219,217
20751,0x18B5,49,47
20751,0x18B8,11,9
20751,0x18D1,232,230
20751,0x18E4,249,251
20751,0x18E6,2,3
20751,0x18EC,147,138
20751,0x18F8,88,86
20751,0x1911,232,230
20751,0x1935,24,22
20751,0x1939,80,78
20751,0x1AD0,210,164
20751,0x1AD1,210,207
20751,0x1AD3,162,68
20751,0x1AD4,97,98
20751,0x1AE4,184,182
20751,0x1AE7,2,4
20751,0x1AEC,56,61
20751,0x1AF0,1,2
20753,0x0004,32,34
20753,0x0020,203,200
20753,0x0026,36,34
20753,0x0028,36,34
20753,0x0049,3,1
20753,0x0051,11,9
20753,0x0069,247,249
20753,0x006B,177,179
20753,0x007B,67,68
20753,0x00AD,136,138
20753,0x00B7,25,24
20753,0x00CD,91,94
20753,0x00CE,177,183
20753,0x00CF,241,251
20753,0x00D0,179,193
20753,0x02F6,56,155
20753,0x02FB,2,1
20753,0x02FD,39,41
20753,0x0501,202,145
20753,0x0502,93,86
20753,0x0503,8,20
20753,0x0600,78,0
20753,0x0601,8,0
20753,0x0602,26,0
20753,0x0603,8,0
20753,0x0604,42,0
20753,0x0605,8,0
20753,0x0606,58,0
20753,0x0607,8,0
20753,0x0608,192,83
20753,0x0609,22,63
20753,0x060A,194,37
20753,0x060B,22,63
20753,0x060C,0,59
20753,0x060D,0,63
20753,0x060E,0,75
20753,0x060F,0,63
20753,0x0874,222,86
20753,0x0875,42,1
20753,0x0876,86,222
20753,0x0877,1,42
20753,0x0894,22,14
20753,0x0895,91,58
20753,0x0896,14,22
20753,0x0897,58,91
20753,0x0900,251,249
20753,0x0904,235,233
20753,0x0908,219,217
20753,0x090C,203,201
20753,0x0910,101,96
20753,0x0914,85,80
20753,0x0918,87,74
20753,0x091A,34,36
20753,0x091C,71,226
20753,0x091D,104,89
20753,0x091E,32,2
20753,0x091F,34,41
20753,0x0920,223,210
20753,0x0922,2,0
20753,0x0924,207,4
20753,0x0925,89,188
20753,0x0926,0,134
20753,0x0927,41,45
20753,0x0928,6,244
20753,0x092A,130,132
20753,0x092C,246,9
20753,0x092D,188,89
20753,0x092E,128,2
20753,0x092F,45,41
20753,0x0930,6,249
20753,0x0932,2,0
20753,0x0934,246,37
20753,0x0935,89,160
20753,0x0936,0,6
20753,0x0937,41,103
20753,0x0938,40,53
20753,0x0939,161,160
20753,0x093A,6,4
20753,0x093C,56,25
20753,0x093D,161,85
20753,0x093E,4,6
20753,0x093F,103,39
20753,0x0940,25,9
20753,0x0941,88,85
20753,0x0942,6,4
20753,0x0944,9,10
20753,0x0945,88,116
20753,0x0946,4,14
20753,0x0947,39,103
20753,0x0948,10,26
20753,0x0949,119,116
20753,0x094A,14,12
20753,0x094C,26,17
20753,0x094D,119,142
20753,0x094E,12,6
20753,0x0950,18,33
20753,0x0951,144,142
20753,0x0952,6,4
20753,0x0954,34,228
20753,0x0955,144,176
20753,0x0956,4,138
20753,0x0957,103,45
20753,0x0958,230,212
20753,0x095A,138,136
20753,0x095C,214,200
20753,0x095D,176,94
20753,0x095E,136,7
20753,0x095F,45,34
20753,0x0961,94,224
20753,0x0B02,186,238
20753,0x0B03,171,170
20753,0x0B05,170,42
20753,0x0B22,80,81
20753,0x0B24,161,162
20753,0x0B26,67,68
20753,0x0B28,134,136
20753,0x0B82,80,81
20753,0x0B84,161,162
20753,0x0B86,67,68
20753,0x0B88,134,136
20753,0x0F99,67,68
20753,0x0F9D,67,68
20753,0x0FD1,67,68
20753,0x0FF0,67,68
20753,0x1011,101,96
20753,0x1034,67,65
20753,0x1051,101,96
20753,0x1064,86,88
20753,0x106C,45,40
20753,0x16D0,94,198
20753,0x16D1,223,226
20753,0x16E6,110,108
20753,0x16F5,76,74
20753,0x16F8,29,27
20753,0x1711,6,4
20753,0x1724,247,249
20753,0x1726,2,3
20753,0x172D,12,43
20753,0x1738,118,116
20753,0x1751,6,4
20753,0x1775,54,52
20753,0x1779,110,108
20753,0x1790,138,242
20753,0x1791,6,9
20753,0x17A6,87,85
20753,0x17B5,53,51
20753,0x17B8,6,4
20753,0x17D0,136,248
20753,0x17D1,56,53
20753,0x17D3,243,224
20753,0x17D4,169,168
20753,0x17D6,172,188
20753,0x17D9,126,116
20753,0x17E6,240,238
20753,0x17F5,70,68
20753,0x17F8,32,30
20753,0x1810,66,221
20753,0x1813,43,130
20753,0x1814,96,93
20753,0x1816,64,82
20753,0x1819,167,173
20753,0x1826,249,247
20753,0x1835,3,1
20753,0x1838,13,11
20753,0x1850,166,44
20753,0x1853,75,149
20753,0x1854,127,124
20753,0x1856,192,196
20753,0x1859,171,163
20753,0x1866,4,2
20753,0x1875,25,23
20753,0x1878,11,9
20753,0x1890,156,124
20753,0x1891,34,33
20753,0x1893,225,232
20753,0x1894,152,150
20753,0x1896,100,116
20753,0x1899,11,1
20753,0x18A6,217,215
20753,0x18B5,47,45
20753,0x18B8,9,7
20753,0x18D1,230,228
20753,0x18E6,3,1
20753,0x18F8,86,84
20753,0x1911,230,228
20753,0x1935,22,20
20753,0x1939,78,76
20753,0x1AD0,164,118
20753,0x1AD1,207,204
20753,0x1AD3,68,230
20753,0x1AE6,1,2
20753,0x1AE7,4,2
20753,0x1AF0,2,3
20755,0x0020,200,197
20755,0x0022,94,95
20755,0x0024,7,6
20755,0x0049,1,11
20755,0x0051,9,7
20755,0x0069,249,251
20755,0x006B,179,181
20755,0x007B,68,69
20755,0x0098,2,1
20755,0x009B,2,1
20755,0x009D,2,1
20755,0x00AD,138,140
20755,0x00B7,24,25
20755,0x00CD,94,97
20755,0x00CE,183,189
20755,0x00CF,251,30
20755,0x00D0,193,207
20755,0x00D1,1,2
20755,0x00FA,2,1
20755,0x00FB,2,1
20755,0x01FE,207,215
20755,0x02F6,155,255
20755,0x072C,220,92
20755,0x072D,74,9
20755,0x072E,222,30
20755,0x072F,123,10
20755,0x0734,16,142
20755,0x0735,74,8
20755,0x0736,222,88
20755,0x0737,123,9
20755,0x073C,149,150
20755,0x073D,17,8
20755,0x073E,220,92
20755,0x073F,74,9
20755,0x0874,86,222
20755,0x0875,1,42
20755,0x0876,222,86
20755,0x0877,42,1
20755,0x0894,14,22
20755,0x0895,58,91
20755,0x0896,22,14
20755,0x0897,91,58
20755,0x0900,249,247
20755,0x0904,233,231
20755,0x0908,217,215
20755,0x090C,201,199
20755,0x0910,96,101
20755,0x0913,32,38
20755,0x0914,80,85
20755,0x0917,32,38
20755,0x0918,74,87
20755,0x091A,36,40
20755,0x091C,226,71
20755,0x091D,89,104
20755,0x091E,2,38
20755,0x091F,41,34
20755,0x0920,210,230
20755,0x0922,0,2
20755,0x0924,4,214
20755,0x0925,188,89
20755,0x0926,134,0
20755,0x0927,45,41
20755,0x0928,244,2
20755,0x092A,132,134
20755,0x092C,9,242
20755,0x092D,89,188
20755,0x092E,2,132
20755,0x092F,41,45
20755,0x0930,249,13
20755,0x0932,0,2
20755,0x0934,37,253
20755,0x0935,160,89
20755,0x0936,6,0
20755,0x0937,103,41
20755,0x0938,53,35
20755,0x0939,160,159
20755,0x093A,4,6
20755,0x093C,25,51
20755,0x093D,85,159
20755,0x093E,6,4
20755,0x093F,39,103
20755,0x0940,9,26
20755,0x0941,85,82
20755,0x0942,4,6
20755,0x0945,116,82
20755,0x0946,14,4
20755,0x0947,103,39
20755,0x0948,26,25
20755,0x0949,116,113
20755,0x094A,12,14
20755,0x094B,103,39
20755,0x094C,17,9
20755,0x094D,142,113
20755,0x094E,6,12
20755,0x094F,103,39
20755,0x0950,33,16
20755,0x0951,142,140
20755,0x0952,4,6
20755,0x0954,228,32
20755,0x0955,176,140
20755,0x0956,138,4
20755,0x0957,45,103
20755,0x0958,212,226
20755,0x095A,136,130
20755,0x095C,200,210
20755,0x095D,94,176
20755,0x095E,7,128
20755,0x095F,34,45
20755,0x0960,203,197
20755,0x0961,224,95
20755,0x0962,7,6
20755,0x0963,36,34
20755,0x0B02,238,186
20755,0x0B03,170,171
20755,0x0B05,42,170
20755,0x0B26,68,69
20755,0x0B28,136,138
20755,0x0B86,68,69
20755,0x0B88,136,138
20755,0x0F99,68,69
20755,0x0F9D,68,69
20755,0x0FD1,68,69
20755,0x0FF0,68,69
20755,0x100D,24,8
20755,0x1011,96,101
20755,0x1027,0,6
20755,0x1034,65,63
20755,0x1051,96,101
20755,0x1064,88,90
20755,0x106C,40,31
20755,0x16D0,198,46
20755,0x16D1,226,230
20755,0x16E6,108,106
20755,0x16F5,74,72
20755,0x16F8,27,25
20755,0x1711,4,2
20755,0x1726,3,1
20755,0x1738,116,114
20755,0x1751,4,2
20755,0x1775,52,50
20755,0x1779,108,106
20755,0x1790,242,90
20755,0x1791,9,13
20755,0x17A6,85,83
20755,0x17B5,51,49
20755,0x17B8,4,2
20755,0x17D0,248,136
20755,0x17D1,53,51
20755,0x17D3,224,185
20755,0x17D4,168,167
20755,0x17D6,188,204
20755,0x17D9,116,106
20755,0x17E6,238,236
20755,0x17F5,68,66
20755,0x17F8,30,28
20755,0x1810,221,156
20755,0x1811,25,26
20755,0x1813,130,229
20755,0x1814,93,90
20755,0x1816,82,100
20755,0x1819,173,179
20755,0x1826,247,245
20755,0x1835,1,254
20755,0x1838,11,9
20755,0x1850,44,186
20755,0x1851,26,25
20755,0x1853,149,207
20755,0x1854,124,121
20755,0x1856,196,200
20755,0x1859,163,155
20755,0x1864,19,21
20755,0x1866,2,6
20755,0x186C,93,129
20755,0x1875,23,21
20755,0x1878,9,7
20755,0x1891,33,32
20755,0x1893,232,219
20755,0x1894,150,148
20755,0x1896,116,132
20755,0x1899,1,247
20755,0x189A,255,254
20755,0x18A6,215,213
20755,0x18B5,45,43
20755,0x18B8,7,5
20755,0x18D1,228,226
20755,0x18E4,251,247
20755,0x18E6,1,2
20755,0x18EC,138,147
20755,0x18ED,43,12
20755,0x18F8,84,82
20755,0x1911,228,226
20755,0x1935,20,18
20755,0x1939,76,74
20755,0x1AD0,118,72
20755,0x1AD1,204,201
20755,0x1AD3,230,136
20755,0x1AD4,98,99
20755,0x1AE4,182,184
20755,0x1AE6,2,1
20755,0x1AEC,61,56
20755,0x1AF0,3,1
20757,0x0020,197,194
20757,0x0022,95,96
20757,0x0024,6,7
20757,0x0026,34,36
20757,0x0028,34,36
20757,0x0049,11,9
20757,0x0051,7,5
20757,0x0069,251,253
20757,0x006B,181,183
20757,0x007B,69,70
20757,0x00AD,140,142
20757,0x00B7,25,23
20757,0x00CA,6,5
20757,0x00CD,97,100
20757,0x00CE,189,195
20757,0x00CF,30,40
20757,0x00D0,207,221
20757,0x02F6,255,155
20757,0x02FD,41,39
20757,0x0874,222,86
20757,0x0875,42,1
20757,0x0876,86,222
20757,0x0877,1,42
20757,0x0894,22,14
20757,0x0895,91,58
20757,0x0896,14,22
20757,0x0897,58,91
20757,0x0900,247,245
20757,0x0904,231,229
20757,0x0908,215,213
20757,0x090C,199,197
20757,0x0910,101,106
20757,0x0914,85,90
20757,0x0918,87,92
20757,0x091A,40,34
20757,0x091C,71,76
20757,0x091E,38,32
20757,0x0920,230,233
20757,0x0924,214,217
20757,0x0928,2,0
20757,0x092A,134,138
20757,0x092C,242,240
20757,0x092E,132,136
20757,0x0930,13,33
20757,0x0931,89,158
20757,0x0932,2,6
20757,0x0933,41,103
20757,0x0934,253,49
20757,0x0935,89,158
20757,0x0936,0,4
20757,0x0937,41,103
20757,0x0938,35,27
20757,0x0939,159,80
20757,0x093B,103,39
20757,0x093C,51,11
20757,0x093D,159,80
20757,0x093F,103,39
20757,0x0940,26,25
20757,0x0941,82,110
20757,0x0942,6,14
20757,0x0944,10,9
20757,0x0945,82,110
20757,0x0946,4,12
20757,0x0948,25,15
20757,0x0949,113,138
20757,0x094A,14,6
20757,0x094B,39,103
20757,0x094C,9,31
20757,0x094D,113,138
20757,0x094E,12,4
20757,0x094F,39,103
20757,0x0950,16,224
20757,0x0951,140,176
20757,0x0952,6,134
20757,0x0953,103,45
20757,0x0954,32,208
20757,0x0955,140,176
20757,0x0956,4,132
20757,0x0957,103,45
20757,0x0958,226,194
20757,0x0959,176,96
20757,0x095A,130,7
20757,0x095B,45,36
20757,0x095C,210,104
20757,0x095D,176,224
20757,0x095E,128,2
20757,0x095F,45,38
20757,0x0960,197,88
20757,0x0961,95,224
20757,0x0962,6,0
20757,0x0963,34,38
20757,0x0B03,171,170
20757,0x0B05,170,10
20757,0x0B24,162,163
20757,0x0B26,69,70
20757,0x0B28,138,140
20757,0x0B84,162,163
20757,0x0B86,69,70
20757,0x0B88,138,140
20757,0x0F99,69,70
20757,0x0F9D,69,70
20757,0x0FD1,69,70
20757,0x0FF0,69,70
20757,0x1011,101,106
20757,0x1034,63,61
20757,0x1051,101,106
20757,0x1064,90,86
20757,0x106C,31,45
20757,0x16D0,46,150
20757,0x16D1,230,233
20757,0x16E6,106,104
20757,0x16F5,72,70
20757,0x16F8,25,23
20757,0x1711,2,0
20757,0x1724,249,251
20757,0x1726,1,2
20757,0x172C,147,138
20757,0x1738,114,112
20757,0x1751,2,0
20757,0x1775,50,48
20757,0x1779,106,104
20757,0x1780,200,0
20757,0x1790,90,14
20757,0x1791,13,15
20757,0x17A6,83,82
20757,0x17B5,49,47
20757,0x17B8,2,0
20757,0x17D0,136,56
20757,0x17D1,51,49
20757,0x17D3,185,126
20757,0x17D4,167,166
20757,0x17D6,204,220
20757,0x17D9,106,96
20757,0x17E6,236,234
20757,0x17F5,66,64
20757,0x17F8,28,26
20757,0x1810,156,127
20757,0x1811,26,27
20757,0x1813,229,84
20757,0x1814,90,88
20757,0x1816,100,118
20757,0x1819,179,185
20757,0x1826,245,243
20757,0x1835,254,252
20757,0x1838,9,7
20757,0x1850,186,80
20757,0x1853,207,249
20757,0x1854,121,118
20757,0x1856,200,204
20757,0x1859,155,147
20757,0x1866,6,4
20757,0x1875,21,19
20757,0x1878,7,5
20757,0x1890,124,156
20757,0x1891,32,31
20757,0x1893,219,186
20757,0x1894,148,146
20757,0x1896,132,148
20757,0x1899,247,237
20757,0x18A6,213,211
20757,0x18B5,43,41
20757,0x18B8,5,3
20757,0x18D1,226,224
20757,0x18E4,247,249
20757,0x18E6,2,3
20757,0x18ED,12,43
20757,0x18F8,82,80
20757,0x1911,226,224
20757,0x1935,18,16
20757,0x1939,74,72
20757,0x1AD0,72,26
20757,0x1AD1,201,198
20757,0x1AD3,136,42
20757,0x1AD4,99,100
20757,0x1AE4,184,182
20757,0x1AE7,2,4
20757,0x1AEC,56,61
20757,0x1AF0,1,2
20759,0x0020,194,190
20759,0x0026,36,34
20759,0x0028,36,34
20759,0x0049,9,7
20759,0x0051,5,3
20759,0x0069,253,255
20759,0x006B,183,185
20759,0x007B,70,71
20759,0x00AD,142,144
20759,0x00B7,23,22
20759,0x00CD,100,103
20759,0x00CE,195,201
20759,0x00CF,40,50
20759,0x00D0,221,235
20759,0x0874,86,222
20759,0x0875,1,42
20759,0x0876,222,86
20759,0x0877,42,1
20759,0x0894,14,22
20759,0x0895,58,91
20759,0x0896,22,14
20759,0x0897,91,58
20759,0x0900,245,243
20759,0x0904,229,227
20759,0x0908,213,211
20759,0x090C,197,195
20759,0x0910,106,111
20759,0x0914,90,95
20759,0x0918,92,89
20759,0x091A,34,36
20759,0x091C,76,236
20759,0x091D,104,89
20759,0x091E,32,2
20759,0x091F,34,41
20759,0x0920,233,220
20759,0x0922,2,0
20759,0x0924,217,254
20759,0x0925,89,188
20759,0x0926,0,130
20759,0x0927,41,45
20759,0x0928,0,238
20759,0x092A,138,128
20759,0x092C,240,31
20759,0x092D,188,157
20759,0x092E,136,6
20759,0x092F,45,103
20759,0x0930,33,47
20759,0x0931,158,157
20759,0x0932,6,4
20759,0x0934,49,28
20759,0x0935,158,77
20759,0x0936,4,6
20759,0x0937,103,39
20759,0x0938,27,12
20759,0x0939,80,77
20759,0x093A,6,4
20759,0x093C,11,24
20759,0x093D,80,108
20759,0x093E,4,14
20759,0x0940,25,8
20759,0x0941,110,108
20759,0x0942,14,12
20759,0x0944,9,14
20759,0x0945,110,136
20759,0x0946,12,6
20759,0x0947,39,103
20759,0x0948,15,30
20759,0x0949,138,136
20759,0x094A,6,4
20759,0x094C,31,222
20759,0x094D,138,176
20759,0x094E,4,134
20759,0x094F,103,45
20759,0x0950,224,206
20759,0x0952,134,132
20759,0x0954,208,190
20759,0x0955,176,96
20759,0x0956,132,7
20759,0x0957,45,34
20759,0x0959,96,224
20759,0x0B02,186,170
20759,0x0B05,10,2
20759,0x0B26,70,71
20759,0x0B28,140,142
20759,0x0B86,70,71
20759,0x0B88,140,142
20759,0x0F99,70,71
20759,0x0F9D,70,71
20759,0x0FD1,70,71
20759,0x0FF0,70,71
20759,0x1011,106,111
20759,0x1034,61,59
20759,0x1051,106,111
20759,0x1064,86,88
20759,0x106C,45,40
20759,0x16D0,150,254
20759,0x16D1,233,236
20759,0x16E6,104,102
20759,0x16F5,70,68
20759,0x16F8,23,21
20759,0x1711,0,254
20759,0x1712,1,0
20759,0x1724,251,247
20759,0x1726,2,3
20759,0x172C,138,147
20759,0x172D,43,12
20759,0x1738,112,110
20759,0x1751,0,254
20759,0x1752,1,0
20759,0x1775,48,46
20759,0x1779,104,102
20759,0x17D0,56,8
20759,0x17D1,49,47
20759,0x17D3,126,47
20759,0x17D4,166,165
20759,0x17D6,220,236
20759,0x17D9,96,86
20759,0x17E6,234,232
20759,0x17F5,64,62
20759,0x17F8,26,24
20759,0x1810,127,134
20759,0x1811,27,28
20759,0x1813,84,207
20759,0x1814,88,85
20759,0x1816,118,136
20759,0x1819,185,191
20759,0x1826,243,241
20759,0x1835,252,250
20759,0x1838,7,5
20759,0x1850,80,238
20759,0x1851,25,24
20759,0x1853,249,19
20759,0x1854,118,116
20759,0x1856,204,208
20759,0x1859,147,139
20759,0x1866,4,2
20759,0x1875,19,17
20759,0x1878,5,3
20759,0x1890,156,220
20759,0x1891,31,30
20759,0x1893,186,133
20759,0x1894,146,144
20759,0x1896,148,164
20759,0x1899,237,227
20759,0x18A6,211,209
20759,0x18B5,41,39
20759,0x18B8,3,1
20759,0x18D1,224,222
20759,0x18E6,3,1
20759,0x18F8,80,78
20759,0x1911,224,222
20759,0x1935,16,14
20759,0x1939,72,70
20759,0x1AD0,26,236
20759,0x1AD1,198,194
20759,0x1AD3,42,204
20759,0x1AE6,1,2
20759,0x1AE7,4,2
20759,0x1AF0,2,3
20761,0x0004,34,36
20761,0x0020,190,187
20761,0x0022,96,97
20761,0x0024,7,6
20761,0x0049,7,5
20761,0x0051,3,1
20761,0x0069,255,1
20761,0x006B,185,187
20761,0x007B,71,72
20761,0x00AD,144,146
20761,0x00B7,22,23
20761,0x00CD,103,106
20761,0x00CE,201,207
20761,0x00CF,50,60
20761,0x00D0,235,249
20761,0x0501,145,137
20761,0x0502,86,90
20761,0x0508,84,73
20761,0x0509,94,81
20761,0x050A,4,20
20761,0x050B,8,20
20761,0x050F,20,146
20761,0x0510,84,86
20761,0x0512,12,40
20761,0x0600,0,12
20761,0x0601,0,13
20761,0x0602,0,207
20761,0x0603,0,12
20761,0x0604,0,217
20761,0x0605,0,80
20761,0x0606,0,154
20761,0x0607,0,17
20761,0x0608,83,11
20761,0x0609,63,16
20761,0x060A,37,11
20761,0x060B,63,16
20761,0x060C,59,29
20761,0x060D,63,17
20761,0x060E,75,45
20761,0x060F,63,17
20761,0x0610,0,116
20761,0x0611,0,16
20761,0x0612,0,118
20761,0x0613,0,16
20761,0x0616,0,23
20761,0x0617,0,13
20761,0x061A,0,26
20761,0x061B,0,13
20761,0x061C,149,18
20761,0x061D,90,13
20761,0x061E,165,34
20761,0x061F,90,13
20761,0x0620,11,5
20761,0x0622,207,220
20761,0x0624,95,236
20761,0x0625,80,12
20761,0x0626,11,252
20761,0x0627,16,12
20761,0x0628,11,0
20761,0x0629,16,0
20761,0x062A,11,0
20761,0x062B,16,0
20761,0x062C,31,0
20761,0x062D,17,0
20761,0x062E,47,0
20761,0x062F,17,0
20761,0x0630,116,82
20761,0x0631,16,63
20761,0x0632,117,36
20761,0x0633,16,63
20761,0x0634,20,58
20761,0x0635,13,63
20761,0x0636,22,74
20761,0x0637,13,63
20761,0x0638,24,0
20761,0x0639,13,0
20761,0x063A,25,0
20761,0x063B,13,0
20761,0x0874,222,86
20761,0x0875,42,1
20761,0x0876,86,222
20761,0x0877,1,42
20761,0x0894,22,14
20761,0x0895,91,58
20761,0x0896,14,22
20761,0x0897,58,91
20761,0x0900,243,241
20761,0x0904,227,225
20761,0x0908,211,209
20761,0x090C,195,193
20761,0x0910,111,116
20761,0x0914,95,100
20761,0x0918,89,102
20761,0x091A,36,40
20761,0x091C,236,86
20761,0x091D,89,104
20761,0x091E,2,38
20761,0x091F,41,34
20761,0x0920,220,240
20761,0x0922,0,2
20761,0x0924,254,224
20761,0x0925,188,89
20761,0x0926,130,0
20761,0x0927,45,41
20761,0x0928,238,252
20761,0x092A,128,130
20761,0x092C,31,236
20761,0x092D,157,188
20761,0x092E,6,128
20761,0x092F,103,45
20761,0x0930,47,28
20761,0x0931,157,155
20761,0x0932,4,6
20761,0x0934,28,44
20761,0x0935,77,155
20761,0x0936,6,4
20761,0x0937,39,103
20761,0x0938,12,29
20761,0x0939,77,75
20761,0x093A,4,6
20761,0x093C,24,13
20761,0x093D,108,75
20761,0x093E,14,4
20761,0x0940,8,24
20761,0x0941,108,105
20761,0x0942,12,10
20761,0x0944,14,8
20761,0x0945,136,105
20761,0x0946,6,8
20761,0x0947,103,39
20761,0x0948,30,14
20761,0x0949,136,134
20761,0x094A,4,6
20761,0x094C,222,30
20761,0x094D,176,134
20761,0x094E,134,4
20761,0x094F,45,103
20761,0x0950,206,220
20761,0x0952,132,138
20761,0x0954,190,204
20761,0x0955,96,176
20761,0x0956,7,136
20761,0x0957,34,45
20761,0x0958,194,187
20761,0x0959,224,97
20761,0x095A,7,6
20761,0x095B,36,34
20761,0x0B05,2,10
20761,0x0B22,81,82
20761,0x0B24,163,164
20761,0x0B26,71,72
20761,0x0B28,142,144
20761,0x0B82,81,82
20761,0x0B84,163,164
20761,0x0B86,71,72
20761,0x0B88,142,144
20761,0x0F99,71,72
20761,0x0F9D,71,72
20761,0x0FD1,71,72
20761,0x0FF0,71,72
20761,0x1011,111,116
20761,0x1034,59,57
20761,0x1051,111,116
20761,0x1064,88,90
20761,0x106C,40,31
20761,0x16D0,254,102
20761,0x16D1,236,240
20761,0x16E6,102,100
20761,0x16F5,68,66
20761,0x16F8,21,19
20761,0x1711,254,252
20761,0x1726,3,1
20761,0x1738,110,108
20761,0x1751,254,252
20761,0x1775,46,44
20761,0x1779,102,100
20761,0x17D0,8,248
20761,0x17D1,47,44
20761,0x17D3,47,204
20761,0x17D4,165,163
20761,0x17D6,236,252
20761,0x17D9,86,76
20761,0x17E6,232,230
20761,0x17F5,62,60
20761,0x17F8,24,22
20761,0x1810,134,177
20761,0x1811,28,29
20761,0x1813,207,86
20761,0x1814,85,83
20761,0x1816,136,154
20761,0x1819,191,197
20761,0x1826,241,239
20761,0x1835,250,248
20761,0x1838,5,3
20761,0x1850,238,148
20761,0x1853,19,29
20761,0x1854,116,113
20761,0x1856,208,212
20761,0x1859,139,131
20761,0x1864,21,23
20761,0x1866,2,6
20761,0x186C,129,138
20761,0x1875,17,15
20761,0x1878,3,1
20761,0x1890,220,42
20761,0x1893,133,63
20761,0x1894,144,142
20761,0x1896,164,168
20761,0x1899,227,219
20761,0x189C,8,2
20761,0x189D,251,252
20761,0x18A2,217,13
20761,0x18A3,8,12
20761,0x18A4,219,15
20761,0x18A5,8,12
20761,0x18A6,209,4
20761,0x18B5,39,37
20761,0x18B8,1,23
20761,0x18BA,111,116
20761,0x18D1,222,220
20761,0x18E4,249,251
20761,0x18E6,1,2
20761,0x18EC,147,138
20761,0x18F8,78,76
20761,0x1911,222,220
20761,0x1935,14,12
20761,0x1939,70,68
20761,0x1AD0,236,190
20761,0x1AD1,194,191
20761,0x1AD3,204,110
20761,0x1AD4,100,101
20761,0x1AE4,182,184
20761,0x1AE6,2,1
20761,0x1AEC,61,56
20761,0x1AF0,3,1
20763,0x0020,187,184
20763,0x0022,97,98
20763,0x0024,6,7
20763,0x0026,34,36
20763,0x0028,34,36
20763,0x0049,5,3
20763,0x0051,1,5
20763,0x0069,1,3
20763,0x006B,187,189
20763,0x007B,72,73
20763,0x00AD,146,148
20763,0x00CD,106,109
20763,0x00CE,207,213
20763,0x00CF,60,70
20763,0x00D0,249,7
20763,0x023D,36,52
20763,0x023E,91,111
20763,0x02F6,155,32
20763,0x02FB,1,2
20763,0x02FD,39,41
20763,0x0305,252,56
20763,0x0306,145,146
20763,0x030D,16,76
20763,0x0315,36,96
20763,0x071A,165,94
20763,0x071B,28,115
20763,0x071C,60,30
20763,0x071D,1,0
20763,0x071E,62,8
20763,0x071F,2,0
20763,0x0874,86,222
20763,0x0875,1,42
20763,0x0876,222,86
20763,0x0877,42,1
20763,0x0894,14,22
20763,0x0895,58,91
20763,0x0896,22,14
20763,0x0897,91,58
20763,0x0900,241,239
20763,0x0904,225,223
20763,0x0908,209,207
20763,0x090C,193,191
20763,0x0910,116,121
20763,0x0914,100,105
20763,0x0918,102,107
20763,0x091A,40,34
20763,0x091C,86,91
20763,0x091E,38,32
20763,0x0920,240,243
20763,0x0924,224,227
20763,0x0928,252,250
20763,0x092A,130,134
20763,0x092C,236,234
20763,0x092E,128,132
20763,0x0930,28,27
20763,0x0931,155,154
20763,0x0934,44,43
20763,0x0935,155,154
20763,0x0938,29,31
20763,0x0939,75,72
20763,0x093C,13,15
20763,0x093D,75,72
20763,0x0941,105,102
20763,0x0945,105,102
20763,0x0948,14,13
20763,0x0949,134,131
20763,0x094C,30,29
20763,0x094D,134,131
20763,0x0950,220,218
20763,0x0952,138,130
20763,0x0954,204,202
20763,0x0956,136,128
20763,0x0958,187,184
20763,0x0959,97,98
20763,0x095A,6,7
20763,0x095B,34,36
20763,0x0B26,72,73
20763,0x0B28,144,146
20763,0x0B86,72,73
20763,0x0B88,144,146
20763,0x0F99,72,73
20763,0x0F9D,72,73
20763,0x0FD1,72,73
20763,0x0FF0,72,73
20763,0x1011,116,121
20763,0x1034,57,55
20763,0x1051,116,121
20763,0x1064,90,86
20763,0x106C,31,45
20763,0x16D0,102,206
20763,0x16D1,240,243
20763,0x16E6,100,98
20763,0x16F5,66,64
20763,0x16F8,19,17
20763,0x1711,252,250
20763,0x1724,247,249
20763,0x1726,1,2
20763,0x172D,12,43
20763,0x1738,108,106
20763,0x1751,252,250
20763,0x1775,44,42
20763,0x1779,100,98
20763,0x17D0,248,8
20763,0x17D1,44,43
20763,0x17D3,204,85
20763,0x17D4,163,162
20763,0x17D6,252,12
20763,0x17D7,254,255
20763,0x17D9,76,66
20763,0x17E6,230,228
20763,0x17F5,60,58
20763,0x17F8,22,20
20763,0x1810,177,0
20763,0x1811,29,31
20763,0x1813,86,233
20763,0x1814,83,80
20763,0x1816,154,172
20763,0x1819,197,203
20763,0x1826,239,237
20763,0x1835,248,246
20763,0x1838,3,1
20763,0x1850,148,87
20763,0x1853,29,44
20763,0x1854,113,110
20763,0x1856,212,230
20763,0x1859,131,137
20763,0x185C,2,9
20763,0x185D,252,3
20763,0x1866,6,4
20763,0x1875,15,13
20763,0x1878,1,23
20763,0x187A,116,121
20763,0x1890,42,128
20763,0x1891,30,29
20763,0x1893,63,233
20763,0x1894,142,139
20763,0x1896,168,172
20763,0x1899,219,211
20763,0x18A6,4,2
20763,0x18B5,37,35
20763,0x18B8,23,21
20763,0x18D1,220,218
20763,0x18E4,251,247
20763,0x18E6,2,3
20763,0x18EC,138,147
20763,0x18ED,43,12
20763,0x18F8,76,74
20763,0x1911,220,218
20763,0x1935,12,10
20763,0x1939,68,66
20763,0x1AD0,190,144
20763,0x1AD1,191,188
20763,0x1AD3,110,16
20763,0x1AD4,101,102
20763,0x1AE4,184,182
20763,0x1AE7,2,4
20763,0x1AEC,56,61
20763,0x1AF0,1,2
20765,0x0020,184,181
20765,0x0026,36,34
20765,0x0028,36,34
20765,0x0049,3,1
20765,0x0051,5,3
20765,0x0069,3,5
20765,0x006B,189,191
20765,0x007B,73,74
20765,0x00AD,148,150
20765,0x00B7,23,22
20765,0x00CD,109,112
20765,0x00CE,213,219
20765,0x00CF,70,80
20765,0x00D0,7,21
20765,0x02F6,32,155
20765,0x02FB,2,1
20765,0x02FD,41,39
20765,0x0874,222,86
20765,0x0875,42,1
20765,0x0876,86,222
20765,0x0877,1,42
20765,0x0894,22,14
20765,0x0895,91,58
20765,0x0896,14,22
20765,0x0897,58,91
20765,0x0900,239,237
20765,0x0904,223,221
20765,0x0908,207,205
20765,0x090C,191,189
20765,0x0910,121,126
20765,0x0914,105,110
20765,0x0918,107,104
20765,0x091A,34,36
20765,0x091C,91,247
20765,0x091D,104,89
20765,0x091E,32,2
20765,0x091F,34,41
20765,0x0920,243,231
20765,0x0922,2,0
20765,0x0924,227,248
20765,0x0925,89,188
20765,0x0926,0,138
20765,0x0927,41,45
20765,0x0928,250,232
20765,0x092A,134,136
20765,0x092C,234,25
20765,0x092D,188,152
20765,0x092E,132,6
20765,0x092F,45,103
20765,0x0930,27,41
20765,0x0931,154,152
20765,0x0932,6,4
20765,0x0934,43,32
20765,0x0935,154,70
20765,0x0936,4,2
20765,0x0937,103,39
20765,0x0938,31,16
20765,0x0939,72,70
20765,0x093A,6,0
20765,0x093C,15,24
20765,0x093D,72,99
20765,0x093E,4,10
20765,0x0940,24,8
20765,0x0941,102,99
20765,0x0942,10,8
20765,0x0944,8,12
20765,0x0945,102,129
20765,0x0946,8,10
20765,0x0947,39,103
20765,0x0948,13,28
20765,0x0949,131,129
20765,0x094A,6,8
20765,0x094C,29,216
20765,0x094D,131,176
20765,0x094E,4,130
20765,0x094F,103,45
20765,0x0950,218,200
20765,0x0952,130,128
20765,0x0954,202,181
20765,0x0955,176,98
20765,0x0956,128,7
20765,0x0957,45,34
20765,0x0959,98,224
20765,0x0B05,10,2
20765,0x0B24,164,165
20765,0x0B26,73,74
20765,0x0B28,146,148
20765,0x0B84,164,165
20765,0x0B86,73,74
20765,0x0B88,146,148
20765,0x0F99,73,74
20765,0x0F9D,73,74
20765,0x0FD1,73,74
20765,0x0FF0,73,74
20765,0x1011,121,126
20765,0x1034,55,53
20765,0x1051,121,126
20765,0x1064,86,88
20765,0x106C,45,40
20765,0x16D0,206,54
20765,0x16D1,243,247
20765,0x16E6,98,96
20765,0x16F5,64,62
20765,0x16F8,17,15
20765,0x1711,250,248
20765,0x1724,249,251
20765,0x1726,2,3
20765,0x172C,147,138
20765,0x1738,106,104
20765,0x1751,250,248
20765,0x1775,42,40
20765,0x1779,98,96
20765,0x17D0,8,56
20765,0x17D1,43,41
20765,0x17D3,85,202
20765,0x17D4,162,160
20765,0x17D6,12,28
20765,0x17D9,66,56
20765,0x17E6,228,226
20765,0x17F5,58,56
20765,0x17F8,20,18
20765,0x1810,0,103
20765,0x1811,31,32
20765,0x1813,233,160
20765,0x1814,80,78
20765,0x1816,172,182
20765,0x1819,203,225
20765,0x181C,9,5
20765,0x181D,3,11
20765,0x1822,13,65
20765,0x1823,12,7
20765,0x1824,25,67
20765,0x1825,12,7
20765,0x1826,237,253
20765,0x182D,43,12
20765,0x1835,246,244
20765,0x1838,1,29
20765,0x183A,121,126
20765,0x1850,87,62
20765,0x1853,44,71
20765,0x1854,110,107
20765,0x1856,230,248
20765,0x1859,137,143
20765,0x1866,4,2
20765,0x1875,13,11
20765,0x1878,23,21
20765,0x1890,128,222
20765,0x1891,29,28
20765,0x1893,233,131
20765,0x1894,139,137
20765,0x1896,172,176
20765,0x1899,211,203
20765,0x18A4,15,17
20765,0x18A6,2,6
20765,0x18AC,111,102
20765,0x18B5,35,33
20765,0x18B8,21,19
20765,0x18D1,218,216
20765,0x18E6,3,1
20765,0x18F8,74,72
20765,0x1911,218,216
20765,0x1935,10,8
20765,0x1939,66,64
20765,0x1AD0,144,98
20765,0x1AD1,188,185
20765,0x1AD3,16,178
20765,0x1AE6,1,2
20765,0x1AE7,4,2
20765,0x1AF0,2,3
20767,0x0020,181,178
20767,0x0022,98,99
20767,0x0024,7,6
20767,0x0049,1,11
20767,0x0051,3,1
20767,0x0069,5,7
20767,0x006B,191,193
20767,0x0071,2,4
20767,0x0072,2,4
20767,0x007B,74,75
20767,0x00AD,150,152
20767,0x00B7,22,23
20767,0x00CD,112,115
20767,0x00CE,219,225
20767,0x00CF,80,90
20767,0x00D0,21,35
20767,0x01FE,215,207
20767,0x02F6,155,255
20767,0x02FD,39,41
20767,0x072C,92,220
20767,0x072D,9,74
20767,0x072E,30,222
20767,0x072F,10,123
20767,0x0734,142,16
20767,0x0735,8,74
20767,0x0736,88,222
20767,0x0737,9,123
20767,0x073C,150,149
20767,0x073D,8,17
20767,0x073E,92,220
20767,0x073F,9,74
20767,0x0874,86,222
20767,0x0875,1,42
20767,0x0876,222,86
20767,0x0877,42,1
20767,0x0894,14,22
20767,0x0895,58,91
20767,0x0896,22,14
20767,0x0897,91,58
20767,0x0900,237,235
20767,0x0904,221,219
20767,0x0908,205,203
20767,0x090C,189,187
20767,0x0910,126,131
20767,0x0913,38,32
20767,0x0914,110,115
20767,0x0917,38,32
20767,0x0918,104,117
20767,0x091A,36,40
20767,0x091C,247,101
20767,0x091D,89,104
20767,0x091E,2,38
20767,0x091F,41,34
20767,0x0920,231,250
20767,0x0922,0,2
20767,0x0924,248,234
20767,0x0925,188,89
20767,0x0926,138,0
20767,0x0927,45,41
20767,0x0928,232,246
20767,0x092A,136,138
20767,0x092C,25,230
20767,0x092D,152,188
20767,0x092E,6,136
20767,0x092F,103,45
20767,0x0930,41,23
20767,0x0931,152,151
20767,0x0932,4,6
20767,0x0934,32,39
20767,0x0935,70,151
20767,0x0936,2,4
20767,0x0937,39,103
20767,0x0938,16,33
20767,0x0939,70,68
20767,0x093A,0,2
20767,0x093C,24,17
20767,0x093D,99,68
20767,0x093E,10,0
20767,0x0940,8,24
20767,0x0941,99,96
20767,0x0942,8,6
20767,0x0944,12,8
20767,0x0945,129,96
20767,0x0946,10,4
20767,0x0947,103,39
20767,0x0948,28,12
20767,0x0949,129,127
20767,0x094A,8,10
20767,0x094C,216,28
20767,0x094D,176,127
20767,0x094E,130,8
20767,0x094F,45,103
20767,0x0950,200,214
20767,0x0952,128,134
20767,0x0954,181,198
20767,0x0955,98,176
20767,0x0956,7,132
20767,0x0957,34,45
20767,0x0958,184,178
20767,0x0959,224,99
20767,0x095A,7,6
20767,0x095B,36,34
20767,0x0B05,2,10
20767,0x0B26,74,75
20767,0x0B28,148,150
20767,0x0B86,74,75
20767,0x0B88,148,150
20767,0x0BE2,42,36
20767,0x0BE3,230,0
20767,0x0F99,74,75
20767,0x0F9D,74,75
20767,0x0FD1,74,75
20767,0x0FF0,74,75
20767,0x1011,126,131
20767,0x1027,6,0
20767,0x1034,53,51
20767,0x1051,126,131
20767,0x1064,88,90
20767,0x106C,40,31
20767,0x16D0,54,158
20767,0x16D1,247,250
20767,0x16E6,96,94
20767,0x16F5,62,60
20767,0x16F8,15,13
20767,0x1711,248,246
20767,0x1726,3,1
20767,0x1738,104,102
20767,0x1751,248,246
20767,0x1775,40,38
20767,0x1779,96,94
20767,0x17D0,56,136
20767,0x17D1,41,39
20767,0x17D3,202,43
20767,0x17D4,160,159
20767,0x17D6,28,44
20767,0x17D9,56,46
20767,0x17E6,226,224
20767,0x17F5,56,54
20767,0x17F8,18,16
20767,0x1810,103,226
20767,0x1811,32,33
20767,0x1813,160,131
20767,0x1814,78,76
20767,0x1816,182,192
20767,0x1819,225,247
20767,0x1826,253,251
20767,0x1835,244,242
20767,0x1838,29,27
20767,0x1850,62,73
20767,0x1853,71,110
20767,0x1854,107,104
20767,0x1856,248,10
20767,0x1857,255,0
20767,0x1858,255,0
20767,0x1859,143,149
20767,0x1864,23,25
20767,0x1866,2,255
20767,0x186C,138,147
20767,0x1875,11,9
20767,0x1878,21,19
20767,0x1890,222,68
20767,0x1893,131,13
20767,0x1894,137,135
20767,0x1896,176,180
20767,0x1899,203,195
20767,0x18A6,6,4
20767,0x18B5,33,31
20767,0x18B8,19,17
20767,0x18D1,216,214
20767,0x18E4,247,249
20767,0x18E6,1,2
20767,0x18ED,12,43
20767,0x18F8,72,70
20767,0x1911,216,214
20767,0x1935,8,6
20767,0x1939,64,62
20767,0x1AD0,98,52
20767,0x1AD1,185,182
20767,0x1AD3,178,84
20767,0x1AD4,102,103
20767,0x1AE4,182,184
20767,0x1AE6,2,1
20767,0x1AEC,61,56
20767,0x1AF0,3,1
20767,0xFFFF,130,131
20769,0x0004,36,38
20769,0x0020,178,175
20769,0x0024,6,7
20769,0x0026,34,36
20769,0x0028,34,36
20769,0x0049,11,9
20769,0x0051,1,5
20769,0x0069,7,9
20769,0x006B,193,195
20769,0x007B,75,76
20769,0x00AD,152,154
20769,0x00CD,115,118
20769,0x00CE,225,231
20769,0x00CF,90,100
20769,0x00D0,35,49
20769,0x023E,111,123
20769,0x02F6,255,32
20769,0x02FB,1,2
20769,0x02FD,41,39
20769,0x0501,137,147
20769,0x0502,90,86
20769,0x0600,12,0
20769,0x0601,13,0
20769,0x0602,207,0
20769,0x0603,12,0
20769,0x0604,217,0
20769,0x0605,80,0
20769,0x0606,154,0
20769,0x0607,17,0
20769,0x0608,11,83
20769,0x0609,16,63
20769,0x060A,11,37
20769,0x060B,16,63
20769,0x060C,29,59
20769,0x060D,17,63
20769,0x060E,45,75
20769,0x060F,17,63
20769,0x0610,116,0
20769,0x0611,16,0
20769,0x0612,118,0
20769,0x0613,16,0
20769,0x071A,94,90
20769,0x071B,115,107
20769,0x071C,30,10
20769,0x071E,8,0
20769,0x0874,222,86
20769,0x0875,42,1
20769,0x0876,86,222
20769,0x0877,1,42
20769,0x0894,22,14
20769,0x0895,91,58
20769,0x0896,14,22
20769,0x0897,58,91
20769,0x0900,235,233
20769,0x0904,219,217
20769,0x0908,203,201
20769,0x090C,187,185
20769,0x0910,131,136
20769,0x0914,115,120
20769,0x0918,117,122
20769,0x091A,40,34
20769,0x091C,101,106
20769,0x091E,38,32
20769,0x0920,250,254
20769,0x0924,234,238
20769,0x0928,246,244
20769,0x092A,138,130
20769,0x092C,230,228
20769,0x092E,136,128
20769,0x0930,23,21
20769,0x0931,151,149
20769,0x0934,39,37
20769,0x0935,151,149
20769,0x0938,33,35
20769,0x0939,68,66
20769,0x093C,17,19
20769,0x093D,68,66
20769,0x0941,96,93
20769,0x0945,96,93
20769,0x0948,12,11
20769,0x0949,127,124
20769,0x094C,28,27
20769,0x094D,127,124
20769,0x0950,214,212
20769,0x0952,134,138
20769,0x0954,198,196
20769,0x0956,132,136
20769,0x0958,178,175
20769,0x095A,6,7
20769,0x095B,34,36
20769,0x0B22,82,83
20769,0x0B24,165,166
20769,0x0B26,75,76
20769,0x0B28,150,152
20769,0x0B82,82,83
20769,0x0B84,165,166
20769,0x0B86,75,76
20769,0x0B88,150,152
20769,0x0F99,75,76
20769,0x0F9D,75,76
20769,0x0FD1,75,76
20769,0x0FF0,75,76
20769,0x1011,131,136
20769,0x1034,51,49
20769,0x1051,131,136
20769,0x1064,90,86
20769,0x106C,31,45
20769,0x16D0,158,6
20769,0x16D1,250,254
20769,0x16E6,94,92
20769,0x16F5,60,58
20769,0x16F8,13,11
20769,0x1711,246,244
20769,0x1724,251,247
20769,0x1726,1,2
20769,0x172C,138,147
20769,0x172D,43,12
20769,0x1738,102,100
20769,0x1751,246,244
20769,0x1775,38,36
20769,0x1779,94,92
20769,0x17D0,136,248
20769,0x17D1,39,37
20769,0x17D3,43,120
20769,0x17D4,159,157
20769,0x17D6,44,60
20769,0x17D9,46,36
20769,0x17E6,224,222
20769,0x17F5,54,52
20769,0x17F8,16,14
20769,0x1810,226,113
20769,0x1811,33,35
20769,0x1813,131,146
20769,0x1814,76,74
20769,0x1816,192,202
20769,0x1819,247,13
20769,0x181A,254,255
20769,0x1826,251,249
20769,0x1835,242,240
20769,0x1838,27,25
20769,0x1850,73,120
20769,0x1853,110,161
20769,0x1854,104,101
20769,0x1856,10,28
20769,0x1859,149,155
20769,0x1866,255,253
20769,0x1875,9,7
20769,0x1878,19,17
20769,0x1890,68,178
20769,0x1891,28,27
20769,0x1893,13,135
20769,0x1894,135,132
20769,0x1896,180,184
20769,0x1899,195,187
20769,0x18A6,4,2
20769,0x18B5,31,29
20769,0x18B8,17,15
20769,0x18D1,214,212
20769,0x18E4,249,251
20769,0x18E6,2,3
20769,0x18EC,147,138
20769,0x18F8,70,68
20769,0x1911,214,212
20769,0x1935,6,4
20769,0x1939,62,60
20769,0x1AD0,52,6
20769,0x1AD1,182,179
20769,0x1AD3,84,246
20769,0x1AE4,184,182
20769,0x1AE7,2,4
20769,0x1AEC,56,61
20769,0x1AF0,1,2
20771,0x0020,175,171
20771,0x0022,99,100
20771,0x0026,36,34
20771,0x0028,36,34
20771,0x0049,9,7
20771,0x0051,5,3
20771,0x0069,9,11
20771,0x006B,195,197
20771,0x007B,76,77
20771,0x00AD,154,156
20771,0x00B7,23,22
20771,0x00CD,118,121
20771,0x00CE,231,237
20771,0x00CF,100,110
20771,0x00D0,49,63
20771,0x02F6,32,155
20771,0x02FB,2,1
20771,0x0874,86,222
20771,0x0875,1,42
20771,0x0876,222,86
20771,0x0877,42,1
20771,0x0894,14,22
20771,0x0895,58,91
20771,0x0896,22,14
20771,0x0897,91,58
20771,0x0900,233,231
20771,0x0904,217,215
20771,0x0908,201,199
20771,0x090C,185,183
20771,0x0910,136,141
20771,0x0913,32,38
20771,0x0914,120,125
20771,0x0917,32,38
20771,0x0918,122,119
20771,0x091A,34,36
20771,0x091C,106,1
20771,0x091D,104,89
20771,0x091E,32,2
20771,0x091F,34,41
20771,0x0920,254,241
20771,0x0922,2,0
20771,0x0924,238,242
20771,0x0925,89,188
20771,0x0926,0,134
20771,0x0927,41,45
20771,0x0928,244,226
20771,0x092A,130,132
20771,0x092C,228,20
20771,0x092D,188,147
20771,0x092E,128,6
20771,0x092F,45,103
20771,0x0930,21,36
20771,0x0931,149,147
20771,0x0932,6,4
20771,0x0935,149,64
20771,0x0936,4,2
20771,0x0937,103,39
20771,0x0938,35,21
20771,0x0939,66,64
20771,0x093A,2,0
20771,0x093C,19,24
20771,0x093D,66,90
20771,0x093E,0,6
20771,0x0940,24,8
20771,0x0941,93,90
20771,0x0942,6,4
20771,0x0944,8,11
20771,0x0945,93,121
20771,0x0946,4,14
20771,0x0947,39,103
20771,0x0948,11,27
20771,0x0949,124,121
20771,0x094A,10,12
20771,0x094C,27,210
20771,0x094D,124,176
20771,0x094E,8,138
20771,0x094F,103,45
20771,0x0950,212,194
20771,0x0952,138,136
20771,0x0954,196,171
20771,0x0955,176,100
20771,0x0956,136,7
20771,0x0957,45,34
20771,0x0959,99,224
20771,0x0B01,170,234
20771,0x0B05,10,2
20771,0x0B26,76,77
20771,0x0B28,152,154
20771,0x0B86,76,77
20771,0x0B88,152,154
20771,0x0F99,76,77
20771,0x0F9D,76,77
20771,0x0FD1,76,77
20771,0x0FF0,76,77
20771,0x1011,136,141
20771,0x1027,0,6
20771,0x1034,49,47
20771,0x1051,136,141
20771,0x1064,86,88
20771,0x106C,45,40
20771,0x16D0,6,110
20771,0x16D1,254,1
20771,0x16D2,0,1
20771,0x16E6,92,90
20771,0x16F5,58,56
20771,0x16F8,11,9
20771,0x1711,244,242
20771,0x1724,247,249
20771,0x1726,2,3
20771,0x172D,12,43
20771,0x1738,100,98
20771,0x1751,244,242
20771,0x1775,36,34
20771,0x1779,92,90
20771,0x17D0,248,136
20771,0x17D1,37,36
20771,0x17D3,120,177
20771,0x17D4,157,155
20771,0x17D6,60,76
20771,0x17D9,36,26
20771,0x17E6,222,220
20771,0x17F5,52,50
20771,0x17F8,14,12
20771,0x1810,113,20
20771,0x1811,35,37
20771,0x1813,146,205
20771,0x1814,74,72
20771,0x1816,202,212
20771,0x1819,13,35
20771,0x1826,249,247
20771,0x1835,240,238
20771,0x1838,25,23
20771,0x1850,120,203
20771,0x1853,161,224
20771,0x1854,101,98
20771,0x1856,28,46
20771,0x1859,155,161
20771,0x1866,253,251
20771,0x1875,7,5
20771,0x1878,17,15
20771,0x1890,178,40
20771,0x1893,135,241
20771,0x1894,132,129
20771,0x1896,184,188
20771,0x1899,187,179
20771,0x18A4,17,19
20771,0x18A6,2,6
20771,0x18AC,102,93
20771,0x18B5,29,27
20771,0x18B8,15,13
20771,0x18D1,212,210
20771,0x18E6,3,1
20771,0x18F8,68,66
20771,0x1911,212,210
20771,0x1935,4,2
20771,0x1939,60,58
20771,0x1AD0,6,216
20771,0x1AD1,179,175
20771,0x1AD3,246,152
20771,0x1AD4,103,104
20771,0x1AE6,1,2
20771,0x1AE7,4,2
20771,0x1AF0,2,3
20773,0x0020,171,168
20773,0x0022,100,101
20773,0x0024,7,6
20773,0x0025,2,0
20773,0x0029,0,1
20773,0x002B,0,2
20773,0x002C,112,128
20773,0x0049,7,5
20773,0x0051,3,1
20773,0x0069,11,13
20773,0x006B,197,199
20773,0x007B,77,78
20773,0x00AD,156,158
20773,0x00B7,22,23
20773,0x00CD,121,124
20773,0x00CE,237,243
20773,0x00CF,110,120
20773,0x00D0,63,77
20773,0x0173,173,0
20773,0x0174,178,25
20773,0x0874,222,86
20773,0x0875,42,1
20773,0x0876,86,222
20773,0x0877,1,42
20773,0x0894,22,14
20773,0x0895,91,58
20773,0x0896,14,22
20773,0x0897,58,91
20773,0x0900,231,229
20773,0x0904,215,213
20773,0x0908,199,198
20773,0x090A,142,162
20773,0x090C,183,182
20773,0x090E,140,160
20773,0x0910,141,146
20773,0x0914,125,130
20773,0x0918,119,132
20773,0x091A,36,40
20773,0x091C,1,116
20773,0x091D,89,104
20773,0x091E,2,38
20773,0x091F,41,34
20773,0x0920,241,4
20773,0x0922,0,2
20773,0x0924,242,244
20773,0x0925,188,89
20773,0x0926,134,0
20773,0x0927,45,41
20773,0x0928,226,240
20773,0x092A,132,134
20773,0x092C,20,224
20773,0x092D,147,188
20773,0x092E,6,132
20773,0x092F,103,45
20773,0x0930,36,19
20773,0x0931,147,145
20773,0x0932,4,6
20773,0x0934,37,35
20773,0x0935,64,145
20773,0x0936,2,4
20773,0x0937,39,103
20773,0x0938,21,38
20773,0x0939,64,63
20773,0x093A,0,2
20773,0x093C,24,22
20773,0x093D,90,63
20773,0x093E,6,0
20773,0x0940,8,25
20773,0x0941,90,88
20773,0x0942,4,6
20773,0x0944,11,9
20773,0x0945,121,88
20773,0x0946,14,4
20773,0x0947,103,39
20773,0x0948,27,10
20773,0x0949,121,119
20773,0x094A,12,14
20773,0x094C,210,26
20773,0x094D,176,119
20773,0x094E,138,12
20773,0x094F,45,103
20773,0x0950,194,208
20773,0x0952,136,130
20773,0x0954,171,192
20773,0x0955,100,176
20773,0x0956,7,128
20773,0x0957,34,45
20773,0x0958,175,168
20773,0x0959,224,101
20773,0x095A,7,6
20773,0x095B,36,34
20773,0x0B01,234,170
20773,0x0B02,170,171
20773,0x0B05,2,10
20773,0x0B24,166,167
20773,0x0B26,77,78
20773,0x0B28,154,156
20773,0x0B84,166,167
20773,0x0B86,77,78
20773,0x0B88,154,156
20773,0x0F99,77,78
20773,0x0F9D,77,78
20773,0x0FD1,77,78
20773,0x0FF0,77,78
20773,0x1011,141,146
20773,0x1034,47,45
20773,0x1051,141,146
20773,0x1064,88,90
20773,0x106C,40,31
20773,0x16D0,110,214
20773,0x16D1,1,4
20773,0x16E6,90,88
20773,0x16F5,56,54
20773,0x16F8,9,7
20773,0x1711,242,240
20773,0x1726,3,1
20773,0x1738,98,96
20773,0x1751,242,240
20773,0x1775,34,32
20773,0x1779,90,88
20773,0x17D0,136,56
20773,0x17D1,36,35
20773,0x17D3,177,214
20773,0x17D4,155,153
20773,0x17D6,76,92
20773,0x17D9,26,16
20773,0x17E6,220,218
20773,0x17F5,50,48
20773,0x17F8,12,10
20773,0x1810,20,203
20773,0x1811,37,38
20773,0x1813,205,52
20773,0x1814,72,71
20773,0x1816,212,222
20773,0x1819,35,57
20773,0x1826,247,245
20773,0x1835,238,236
20773,0x1838,23,21
20773,0x1850,203,66
20773,0x1851,24,25
20773,0x1853,224,43
20773,0x1854,98,96
20773,0x1856,46,64
20773,0x1859,161,167
20773,0x1866,251,249
20773,0x1875,5,3
20773,0x1878,15,13
20773,0x1890,40,166
20773,0x1891,27,26
20773,0x1893,241,75
20773,0x1894,129,127
20773,0x1896,188,192
20773,0x1899,179,171
20773,0x18A6,6,4
20773,0x18B5,27,25
20773,0x18B8,13,11
20773,0x18D1,210,208
20773,0x18E4,251,247
20773,0x18E6,1,2
20773,0x18EC,138,147
20773,0x18ED,43,12
20773,0x18F8,66,64
20773,0x190D,0,1
20773,0x1911,210,208
20773,0x1922,223,196
20773,0x1924,225,198
20773,0x192C,221,212
20773,0x1935,2,16
20773,0x1939,58,56
20773,0x1AD0,216,170
20773,0x1AD1,175,172
20773,0x1AD3,152,58
20773,0x1AD4,104,105
20773,0x1AE4,182,184
20773,0x1AE6,2,1
20773,0x1AEC,61,56
20773,0x1AF0,3,1
20775,0x0020,168,165
20775,0x0024,6,7
20775,0x0025,0,2
20775,0x0026,34,36
20775,0x0028,34,36
20775,0x0029,1,0
20775,0x002B,2,0
20775,0x002C,128,112
20775,0x0049,5,3
20775,0x0051,1,11
20775,0x0069,13,15
20775,0x006B,199,201
20775,0x007B,78,79
20775,0x00AD,158,160
20775,0x00CD,124,127
20775,0x00CE,243,249
20775,0x00CF,120,130
20775,0x00D0,77,91
20775,0x0173,0,173
20775,0x0174,25,178
20775,0x023D,52,36
20775,0x023E,123,91
20775,0x02F6,155,56
20775,0x02FB,1,2
20775,0x02FD,39,41
20775,0x0305,56,252
20775,0x0306,146,145
20775,0x030D,76,16
20775,0x0315,96,36
20775,0x071A,90,165
20775,0x071B,107,28
20775,0x071C,10,60
20775,0x071D,0,1
20775,0x071E,0,62
20775,0x071F,0,2
20775,0x0874,86,222
20775,0x0875,1,42
20775,0x0876,222,86
20775,0x0877,42,1
20775,0x0894,14,22
20775,0x0895,58,91
20775,0x0896,22,14
20775,0x0897,91,58
20775,0x0900,229,227
20775,0x0904,213,211
20775,0x0908,198,196
20775,0x090C,182,180
20775,0x0910,146,151
20775,0x0914,130,135
20775,0x0918,132,137
20775,0x091A,40,34
20775,0x091C,116,121
20775,0x091E,38,32
20775,0x0920,4,8
20775,0x0924,244,248
20775,0x0928,240,238
20775,0x092A,134,138
20775,0x092C,224,222
20775,0x092E,132,136
20775,0x0930,19,18
20775,0x0931,145,143
20775,0x0934,35,34
20775,0x0935,145,143
20775,0x0938,38,40
20775,0x0939,63,61
20775,0x093C,22,24
20775,0x093D,63,61
20775,0x0941,88,85
20775,0x0945,88,85
20775,0x0949,119,116
20775,0x094D,119,116
20775,0x0950,208,206
20775,0x0952,130,134
20775,0x0954,192,190
20775,0x0956,128,132
20775,0x0958,168,165
20775,0x095A,6,7
20775,0x095B,34,36
20775,0x0B26,78,79
20775,0x0B28,156,158
20775,0x0B86,78,79
20775,0x0B88,156,158
20775,0x0F99,78,79
20775,0x0F9D,78,79
20775,0x0FD1,78,79
20775,0x0FF0,78,79
20775,0x1011,146,151
20775,0x1034,45,43
20775,0x1051,146,151
20775,0x1064,90,86
20775,0x106C,31,45
20775,0x16D0,214,62
20775,0x16D1,4,8
20775,0x16E6,88,86
20775,0x16F5,54,52
20775,0x16F8,7,5
20775,0x1711,240,238
20775,0x1724,249,251
20775,0x1726,1,2
20775,0x172C,147,138
20775,0x1738,96,94
20775,0x1751,240,238
20775,0x1775,32,30
20775,0x1779,88,86
20775,0x17D0,56,8
20775,0x17D1,35,34
20775,0x17D3,214,231
20775,0x17D4,153,151
20775,0x17D6,92,108
20775,0x17D9,16,6
20775,0x17E6,218,216
20775,0x17F5,48,46
20775,0x17F8,10,8
20775,0x1810,203,150
20775,0x1811,38,40
20775,0x1813,52,199
20775,0x1814,71,69
20775,0x1816,222,232
20775,0x1819,57,79
20775,0x1826,245,243
20775,0x1835,236,234
20775,0x1838,21,19
20775,0x1850,66,221
20775,0x1853,43,130
20775,0x1854,96,93
20775,0x1856,64,82
20775,0x1859,167,173
20775,0x1866,249,247
20775,0x1875,3,1
20775,0x1878,13,11
20775,0x1890,166,44
20775,0x1893,75,149
20775,0x1894,127,124
20775,0x1896,192,196
20775,0x1899,171,163
20775,0x18A6,4,2
20775,0x18B5,25,23
20775,0x18B8,11,9
20775,0x18D1,208,206
20775,0x18E4,247,249
20775,0x18E6,2,3
20775,0x18ED,12,43
20775,0x18F8,64,62
20775,0x1911,208,206
20775,0x1935,16,14
20775,0x1939,56,54
20775,0x1AD0,170,124
20775,0x1AD1,172,169
20775,0x1AD3,58,220
20775,0x1AE4,184,182
20775,0x1AE7,2,4
20775,0x1AEC,56,61
20775,0x1AF0,1,2
20777,0x0004,38,40
20777,0x0020,165,162
20777,0x0022,101,102
20777,0x0026,36,34
20777,0x0028,36,34
20777,0x0049,3,1
20777,0x0051,11,9
20777,0x0069,15,17
20777,0x006B,201,203
20777,0x007B,79,80
20777,0x00AD,160,162
20777,0x00B7,23,22
20777,0x00CD,127,130
20777,0x00CE,249,255
20777,0x00CF,130,140
20777,0x00D0,91,130
20777,0x00D1,2,3
20777,0x017D,52,116
20777,0x02F6,56,155
20777,0x02FB,2,1
20777,0x02FD,41,39
20777,0x0501,147,85
20777,0x0502,86,94
20777,0x0503,20,4
20777,0x0508,73,21
20777,0x0509,81,84
20777,0x050B,20,4
20777,0x050F,146,138
20777,0x0510,86,90
20777,0x0512,40,24
20777,0x0516,136,74
20777,0x0517,90,81
20777,0x0519,32,44
20777,0x051D,72,148
20777,0x051E,81,86
20777,0x0520,52,64
20777,0x0600,0,192
20777,0x0601,0,22
20777,0x0602,0,211
20777,0x0603,0,22
20777,0x0608,83,0
20777,0x0609,63,0
20777,0x060A,37,0
20777,0x060B,63,0
20777,0x060C,59,0
20777,0x060D,63,0
20777,0x060E,75,0
20777,0x060F,63,0
20777,0x0614,0,148
20777,0x0615,0,90
20777,0x0616,23,164
20777,0x0617,13,90
20777,0x0618,0,13
20777,0x0619,0,13
20777,0x061A,26,207
20777,0x061B,13,12
20777,0x061C,18,95
20777,0x061D,13,80
20777,0x061E,34,153
20777,0x061F,13,17
20777,0x0620,5,11
20777,0x0621,13,16
20777,0x0622,220,11
20777,0x0623,12,16
20777,0x0624,236,38
20777,0x0625,12,17
20777,0x0626,252,40
20777,0x0627,12,17
20777,0x0628,0,116
20777,0x0629,0,16
20777,0x062A,0,117
20777,0x062B,0,16
20777,0x0630,82,0
20777,0x0631,63,0
20777,0x0632,36,27
20777,0x0633,63,13
20777,0x0634,58,19
20777,0x0635,63,13
20777,0x0636,74,35
20777,0x0637,63,13
20777,0x0638,0,6
20777,0x0639,0,13
20777,0x063A,0,221
20777,0x063B,0,12
20777,0x063C,17,237
20777,0x063D,13,12
20777,0x063E,33,253
20777,0x063F,13,12
20777,0x0640,4,0
20777,0x0641,13,0
20777,0x0642,219,0
20777,0x0643,12,0
20777,0x0644,235,0
20777,0x0645,12,0
20777,0x0646,251,0
20777,0x0647,12,0
20777,0x0648,0,82
20777,0x0649,0,63
20777,0x064A,0,36
20777,0x064B,0,63
20777,0x064C,0,58
20777,0x064D,0,63
20777,0x0650,82,0
20777,0x0651,63,0
20777,0x0652,36,0
20777,0x0653,63,0
20777,0x0874,222,86
20777,0x0875,42,1
20777,0x0876,86,222
20777,0x0877,1,42
20777,0x0894,22,14
20777,0x0895,91,58
20777,0x0896,14,22
20777,0x0897,58,91
20777,0x0900,227,225
20777,0x0904,211,209
20777,0x0908,196,194
20777,0x090C,180,178
20777,0x0910,151,156
20777,0x0914,135,140
20777,0x0918,137,134
20777,0x091A,34,36
20777,0x091C,121,11
20777,0x091D,104,89
20777,0x091E,32,2
20777,0x091F,34,41
20777,0x0920,8,251
20777,0x0922,2,0
20777,0x0924,248,236
20777,0x0925,89,188
20777,0x0926,0,130
20777,0x0927,41,45
20777,0x0928,238,220
20777,0x092A,138,128
20777,0x092C,222,16
20777,0x092D,188,141
20777,0x092E,136,6
20777,0x092F,45,103
20777,0x0930,18,32
20777,0x0931,143,141
20777,0x0932,6,4
20777,0x0934,34,42
20777,0x0935,143,60
20777,0x0936,4,2
20777,0x0937,103,39
20777,0x0938,40,26
20777,0x0939,61,60
20777,0x093A,2,0
20777,0x093C,24,26
20777,0x093D,61,82
20777,0x093E,0,6
20777,0x0940,25,10
20777,0x0941,85,82
20777,0x0942,6,4
20777,0x0944,9,25
20777,0x0945,85,113
20777,0x0946,4,14
20777,0x0948,10,9
20777,0x0949,116,113
20777,0x094A,14,12
20777,0x094B,103,39
20777,0x094C,26,204
20777,0x094D,116,176
20777,0x094E,12,134
20777,0x094F,103,45
20777,0x0950,206,188
20777,0x0952,134,132
20777,0x0954,190,162
20777,0x0955,176,102
20777,0x0956,132,7
20777,0x0957,45,34
20777,0x0959,101,224
20777,0x0B01,170,234
20777,0x0B02,171,170
20777,0x0B05,10,2
20777,0x0B22,83,84
20777,0x0B24,167,168
20777,0x0B26,79,80
20777,0x0B28,158,160
20777,0x0B82,83,84
20777,0x0B84,167,168
20777,0x0B86,79,80
20777,0x0B88,158,160
20777,0x0F99,79,80
20777,0x0F9D,79,80
20777,0x0FD1,79,80
20777,0x0FF0,79,80
20777,0x1011,151,156
20777,0x1034,43,41
20777,0x1051,151,156
20777,0x1064,86,88
20777,0x106C,45,40
20777,0x16D0,62,166
20777,0x16D1,8,11
20777,0x16E6,86,84
20777,0x16F5,52,50
20777,0x16F8,5,3
20777,0x1711,238,236
20777,0x1724,251,247
20777,0x1726,2,3
20777,0x172C,138,147
20777,0x172D,43,12
20777,0x1738,94,92
20777,0x1751,238,236
20777,0x1775,30,28
20777,0x1779,86,84
20777,0x17D0,8,248
20777,0x17D1,34,32
20777,0x17D3,231,228
20777,0x17D4,151,149
20777,0x17D6,108,124
20777,0x17D9,6,252
20777,0x17DA,255,254
20777,0x17E6,216,214
20777,0x17F5,46,44
20777,0x17F8,8,6
20777,0x1810,150,117
20777,0x1811,40,42
20777,0x1813,199,134
20777,0x1814,69,68
20777,0x1816,232,242
20777,0x1819,79,101
20777,0x1826,243,241
20777,0x1835,234,232
20777,0x1838,19,17
20777,0x1850,221,156
20777,0x1851,25,26
20777,0x1853,130,229
20777,0x1854,93,90
20777,0x1856,82,100
20777,0x1859,173,179
20777,0x1866,247,245
20777,0x1875,1,149
20777,0x1878,11,9
20777,0x1890,44,186
20777,0x1891,26,25
20777,0x1893,149,207
20777,0x1894,124,121
20777,0x1896,196,200
20777,0x1899,163,155
20777,0x18A4,19,21
20777,0x18A6,2,6
20777,0x18AC,93,129
20777,0x18B5,23,21
20777,0x18B8,9,7
20777,0x18D1,206,204
20777,0x18E6,3,1
20777,0x18F8,62,60
20777,0x1911,206,204
20777,0x1935,14,12
20777,0x1939,54,52
20777,0x1AD0,124,78
20777,0x1AD1,169,166
20777,0x1AD3,220,126
20777,0x1AD4,105,106
20777,0x1AE6,1,2
20777,0x1AE7,4,2
20777,0x1AF0,2,3
20779,0x0020,162,159
20779,0x0022,102,103
20779,0x0024,7,6
20779,0x0049,1,11
20779,0x0051,9,7
20779,0x0069,17,19
20779,0x006B,203,205
20779,0x007B,80,81
20779,0x00AD,162,164
20779,0x00B7,22,23
20779,0x00CD,130,133
20779,0x00CE,255,5
20779,0x00CF,140,151
20779,0x00D0,130,144
20779,0x017D,116,52
20779,0x01FE,207,215
20779,0x02F6,155,255
20779,0x072C,220,92
20779,0x072D,74,9
20779,0x072E,222,30
20779,0x072F,123,10
20779,0x0734,16,142
20779,0x0735,74,8
20779,0x0736,222,88
20779,0x0737,123,9
20779,0x073C,149,150
20779,0x073D,17,8
20779,0x073E,220,92
20779,0x073F,74,9
20779,0x0874,86,222
20779,0x0875,1,42
20779,0x0876,222,86
20779,0x0877,42,1
20779,0x0894,14,22
20779,0x0895,58,91
20779,0x0896,22,14
20779,0x0897,91,58
20779,0x0900,225,223
20779,0x0904,209,207
20779,0x0908,194,192
20779,0x090C,178,176
20779,0x0910,156,161
20779,0x0914,140,145
20779,0x0918,134,147
20779,0x091A,36,40
20779,0x091C,11,131
20779,0x091D,89,104
20779,0x091E,2,38
20779,0x091F,41,34
20779,0x0920,251,15
20779,0x0922,0,2
20779,0x0924,236,255
20779,0x0925,188,89
20779,0x0926,130,0
20779,0x0927,45,41
20779,0x0928,220,234
20779,0x092A,128,130
20779,0x092C,16,218
20779,0x092D,141,188
20779,0x092E,6,128
20779,0x092F,103,45
20779,0x0930,32,16
20779,0x0931,141,139
20779,0x0932,4,6
20779,0x0934,42,32
20779,0x0935,60,139
20779,0x0936,2,4
20779,0x0937,39,103
20779,0x0938,26,44
20779,0x0939,60,59
20779,0x093A,0,2
20779,0x093C,26,28
20779,0x093D,82,59
20779,0x093E,6,0
20779,0x0940,10,27
20779,0x0941,82,80
20779,0x0942,4,6
20779,0x0944,25,11
20779,0x0945,113,80
20779,0x0946,14,4
20779,0x0948,9,25
20779,0x0949,113,110
20779,0x094A,12,14
20779,0x094C,204,9
20779,0x094D,176,110
20779,0x094E,134,12
20779,0x094F,45,39
20779,0x0950,188,202
20779,0x0952,132,138
20779,0x0954,162,186
20779,0x0955,102,176
20779,0x0956,7,136
20779,0x0957,34,45
20779,0x0958,165,159
20779,0x0959,224,103
20779,0x095A,7,6
20779,0x095B,36,34
20779,0x0B01,234,170
20779,0x0B02,170,171
20779,0x0B05,2,10
20779,0x0B26,80,81
20779,0x0B28,160,162
20779,0x0B86,80,81
20779,0x0B88,160,162
20779,0x0F99,80,81
20779,0x0F9D,80,81
20779,0x0FD1,80,81
20779,0x0FF0,80,81
20779,0x1011,156,161
20779,0x1034,41,39
20779,0x1051,156,161
20779,0x1064,88,90
20779,0x106C,40,31
20779,0x16D0,166,14
20779,0x16D1,11,15
20779,0x16E6,84,82
20779,0x16F5,50,48
20779,0x16F8,3,1
20779,0x1711,236,234
20779,0x1726,3,1
20779,0x1738,92,90
20779,0x1751,236,234
20779,0x1775,28,26
20779,0x1779,84,82
20779,0x17D0,248,8
20779,0x17D3,228,205
20779,0x17D4,149,147
20779,0x17D6,124,140
20779,0x17D9,252,242
20779,0x17E6,214,212
20779,0x17F5,44,42
20779,0x17F8,6,4
20779,0x1810,117,104
20779,0x1811,42,44
20779,0x1813,134,113
20779,0x1814,68,67
20779,0x1816,242,252
20779,0x1819,101,123
20779,0x1826,241,239
20779,0x1835,232,230
20779,0x1838,17,15
20779,0x1850,156,127
20779,0x1851,26,27
20779,0x1853,229,84
20779,0x1854,90,88
20779,0x1856,100,118
20779,0x1859,179,185
20779,0x1866,245,243
20779,0x1875,149,147
20779,0x1878,9,7
20779,0x1890,186,80
20779,0x1893,207,249
20779,0x1894,121,118
20779,0x1896,200,204
20779,0x1899,155,147
20779,0x18A6,6,4
20779,0x18B5,21,19
20779,0x18B8,7,5
20779,0x18D1,204,202
20779,0x18E4,249,251
20779,0x18E6,1,2
20779,0x18EC,147,138
20779,0x18F8,60,58
20779,0x1911,204,202
20779,0x1935,12,10
20779,0x1939,52,50
20779,0x1AD0,78,32
20779,0x1AD1,166,163
20779,0x1AD3,126,32
20779,0x1AD4,106,107
20779,0x1AE4,182,184
20779,0x1AE6,2,1
20779,0x1AEC,61,56
20779,0x1AF0,3,1
20781,0x0020,159,155
20781,0x0024,6,7
20781,0x0026,34,36
20781,0x0028,34,36
20781,0x0049,11,9
20781,0x0051,7,5
20781,0x0069,19,21
20781,0x006B,205,207
20781,0x007B,81,82
20781,0x00AD,164,166
20781,0x00B7,23,21
20781,0x00CA,5,4
20781,0x00CD,133,136
20781,0x00CE,5,11
20781,0x00CF,151,161
20781,0x00D0,144,158
20781,0x02F6,255,155
20781,0x02FD,39,41
20781,0x0874,222,86
20781,0x0875,42,1
20781,0x0876,86,222
20781,0x0877,1,42
20781,0x0894,22,14
20781,0x0895,91,58
20781,0x0896,14,22
20781,0x0897,58,91
20781,0x0900,223,221
20781,0x0904,207,205
20781,0x0908,192,190
20781,0x090C,176,174
20781,0x0910,161,166
20781,0x0914,145,150
20781,0x0918,147,152
20781,0x091A,40,34
20781,0x091C,131,136
20781,0x091E,38,32
20781,0x0920,15,232
20781,0x0921,89,188
20781,0x0922,2,134
20781,0x0923,41,45
20781,0x0924,255,216
20781,0x0925,89,188
20781,0x0926,0,132
20781,0x0927,41,45
20781,0x0928,234,15
20781,0x0929,188,137
20781,0x092A,130,6
20781,0x092B,45,103
20781,0x092C,218,31
20781,0x092D,188,137
20781,0x092E,128,4
20781,0x092F,45,103
20781,0x0930,16,46
20781,0x0931,139,58
20781,0x0932,6,2
20781,0x0933,103,39
20781,0x0934,32,30
20781,0x0935,139,58
20781,0x0936,4,0
20781,0x0937,103,39
20781,0x0938,44,28
20781,0x0939,59,77
20781,0x093A,2,6
20781,0x093C,28,12
20781,0x093D,59,77
20781,0x093E,0,4
20781,0x0940,27,24
20781,0x0941,80,108
20781,0x0942,6,14
20781,0x0944,11,8
20781,0x0945,80,108
20781,0x0946,4,12
20781,0x0948,25,200
20781,0x0949,110,176
20781,0x094A,14,130
20781,0x094B,39,45
20781,0x094C,9,184
20781,0x094D,110,176
20781,0x094E,12,128
20781,0x094F,39,45
20781,0x0950,202,155
20781,0x0951,176,103
20781,0x0952,138,7
20781,0x0953,45,36
20781,0x0955,176,224
20781,0x0959,103,224
20781,0x0B02,171,170
20781,0x0B05,10,0
20781,0x0B24,168,169
20781,0x0B26,81,82
20781,0x0B28,162,164
20781,0x0B84,168,169
20781,0x0B86,81,82
20781,0x0B88,162,164
20781,0x0F99,81,82
20781,0x0F9D,81,82
20781,0x0FD1,81,82
20781,0x0FF0,81,82
20781,0x1011,161,166
20781,0x1034,39,37
20781,0x1051,161,166
20781,0x1064,90,86
20781,0x106C,31,45
20781,0x16C0,200,0
20781,0x16F5,48,47
20781,0x16F8,1,0
20781,0x1711,234,232
20781,0x1724,247,249
20781,0x1726,1,2
20781,0x172D,12,43
20781,0x1738,90,88
20781,0x1751,234,232
20781,0x1775,26,24
20781,0x1779,82,80
20781,0x17D0,8,56
20781,0x17D1,32,31
20781,0x17D3,205,162
20781,0x17D4,147,145
20781,0x17D6,140,156
20781,0x17D9,242,232
20781,0x17E6,212,210
20781,0x17F5,42,40
20781,0x17F8,4,2
20781,0x1810,104,111
20781,0x1811,44,46
20781,0x1813,113,136
20781,0x1814,67,66
20781,0x1816,252,6
20781,0x1817,0,1
20781,0x1819,123,145
20781,0x1826,239,237
20781,0x1835,230,228
20781,0x1838,15,13
20781,0x1850,127,134
20781,0x1851,27,28
20781,0x1853,84,207
20781,0x1854,88,85
20781,0x1856,118,136
20781,0x1859,185,191
20781,0x1866,243,241
20781,0x1875,147,145
20781,0x1878,7,5
20781,0x1890,80,238
20781,0x1891,25,24
20781,0x1893,249,19
20781,0x1894,118,116
20781,0x1896,204,208
20781,0x1899,147,139
20781,0x18A6,4,2
20781,0x18B5,19,17
20781,0x18B8,5,3
20781,0x18D1,202,200
20781,0x18E4,251,247
20781,0x18E6,2,3
20781,0x18EC,138,147
20781,0x18ED,43,12
20781,0x18F8,58,56
20781,0x1911,202,200
20781,0x1935,10,8
20781,0x1939,50,48
20781,0x1AD0,32,242
20781,0x1AD1,163,159
20781,0x1AD3,32,194
20781,0x1AE4,184,182
20781,0x1AE7,2,4
20781,0x1AEC,56,61
20781,0x1AF0,1,2
20783,0x0020,155,152
20783,0x0022,103,104
20783,0x0026,36,34
20783,0x0028,36,34
20783,0x0049,9,7
20783,0x0051,5,3
20783,0x0069,21,23
20783,0x006B,207,209
20783,0x007B,82,83
20783,0x00AD,166,168
20783,0x00B7,21,20
20783,0x00CD,136,139
20783,0x00CE,11,17
20783,0x00CF,161,171
20783,0x00D0,158,172
20783,0x0874,86,222
20783,0x0875,1,42
20783,0x0876,222,86
20783,0x0877,42,1
20783,0x0894,14,22
20783,0x0895,58,91
20783,0x0896,22,14
20783,0x0897,91,58
20783,0x0900,221,219
20783,0x0904,205,203
20783,0x0908,190,188
20783,0x090C,174,172
20783,0x0910,166,171
20783,0x0913,38,32
20783,0x0914,150,155
20783,0x0917,38,32
20783,0x0918,152,149
20783,0x091A,34,36
20783,0x091C,136,230
20783,0x091D,104,188
20783,0x091E,32,138
20783,0x091F,34,45
20783,0x0920,232,214
20783,0x0922,134,136
20783,0x0924,216,14
20783,0x0925,188,135
20783,0x0926,132,6
20783,0x0927,45,103
20783,0x0928,15,30
20783,0x0929,137,135
20783,0x092A,6,4
20783,0x092C,31,48
20783,0x092D,137,57
20783,0x092E,4,2
20783,0x092F,103,39
20783,0x0930,46,32
20783,0x0931,58,57
20783,0x0932,2,0
20783,0x0934,30,29
20783,0x0935,58,75
20783,0x0936,0,6
20783,0x0938,28,13
20783,0x0939,77,75
20783,0x093A,6,4
20783,0x093C,12,24
20783,0x093D,77,105
20783,0x093E,4,10
20783,0x0940,24,8
20783,0x0941,108,105
20783,0x0942,14,8
20783,0x0944,8,198
20783,0x0945,108,176
20783,0x0946,12,130
20783,0x0947,39,45
20783,0x0948,200,182
20783,0x094A,130,128
20783,0x094C,184,152
20783,0x094D,176,104
20783,0x094E,128,7
20783,0x094F,45,34
20783,0x0951,103,224
20783,0x0B04,170,42
20783,0x0B26,82,83
20783,0x0B28,164,166
20783,0x0B86,82,83
20783,0x0B88,164,166
20783,0x0F99,82,83
20783,0x0F9D,82,83
20783,0x0FD1,82,83
20783,0x0FF0,82,83
20783,0x1011,166,171
20783,0x1027,6,0
20783,0x1034,37,35
20783,0x1051,166,171
20783,0x1064,86,88
20783,0x106C,45,40
20783,0x1711,232,230
20783,0x1724,249,251
20783,0x1726,2,3
20783,0x172C,147,138
20783,0x1738,88,86
20783,0x1751,232,230
20783,0x1775,24,22
20783,0x1779,80,78
20783,0x17D0,56,130
20783,0x17D1,31,30
20783,0x17D3,162,100
20783,0x17D4,145,143
20783,0x17D6,156,166
20783,0x17D9,232,223
20783,0x17DC,8,2
20783,0x17DD,251,252
20783,0x17E2,217,13
20783,0x17E3,8,12
20783,0x17E4,219,15
20783,0x17E5,8,12
20783,0x17E6,210,5
20783,0x17F5,40,38
20783,0x17F8,2,24
20783,0x17FA,111,116
20783,0x1810,111,138
20783,0x1811,46,48
20783,0x1813,136,203
20783,0x1814,66,65
20783,0x1816,6,16
20783,0x1819,145,167
20783,0x1826,237,235
20783,0x1835,228,226
20783,0x1838,13,11
20783,0x1850,134,177
20783,0x1851,28,29
20783,0x1853,207,86
20783,0x1854,85,83
20783,0x1856,136,154
20783,0x1859,191,197
20783,0x1866,241,239
20783,0x1875,145,143
20783,0x1878,5,3
20783,0x1890,238,148
20783,0x1893,19,29
20783,0x1894,116,113
20783,0x1896,208,212
20783,0x1899,139,131
20783,0x18A4,21,23
20783,0x18A6,2,6
20783,0x18AC,129,138
20783,0x18B5,17,15
20783,0x18B8,3,1
20783,0x18D1,200,198
20783,0x18E6,3,1
20783,0x18F8,56,54
20783,0x1911,200,198
20783,0x1935,8,6
20783,0x1939,48,46
20783,0x1AD0,242,196
20783,0x1AD1,159,156
20783,0x1AD3,194,100
20783,0x1AD4,107,108
20783,0x1AE6,1,2
20783,0x1AE7,4,2
20783,0x1AF0,2,3
20785,0x0004,40,42
20785,0x0020,152,149
20785,0x0022,104,105
20785,0x0024,7,6
20785,0x0049,7,5
20785,0x0051,3,1
20785,0x0069,23,25
20785,0x006B,209,211
20785,0x007B,83,84
20785,0x0098,1,2
20785,0x009B,1,2
20785,0x009D,1,2
20785,0x00AD,168,170
20785,0x00B7,20,21
20785,0x00CD,139,142
20785,0x00CE,17,23
20785,0x00CF,171,181
20785,0x00D0,172,186
20785,0x00FA,1,2
20785,0x00FB,1,2
20785,0x02FD,41,39
20785,0x0501,85,149
20785,0x0502,94,86
20785,0x0503,4,20
20785,0x0600,192,0
20785,0x0601,22,0
20785,0x0602,211,0
20785,0x0603,22,0
20785,0x0608,0,83
20785,0x0609,0,63
20785,0x060A,0,37
20785,0x060B,0,63
20785,0x060C,0,59
20785,0x060D,0,63
20785,0x060E,0,50
20785,0x060F,0,63
20785,0x0874,222,86
20785,0x0875,42,1
20785,0x0876,86,222
20785,0x0877,1,42
20785,0x0894,22,14
20785,0x0895,91,58
20785,0x0896,14,22
20785,0x0897,58,91
20785,0x0900,219,217
20785,0x0904,203,201
20785,0x0908,188,186
20785,0x090C,172,170
20785,0x0910,171,166
20785,0x0914,155,150
20785,0x0918,149,152
20785,0x091A,36,40
20785,0x091C,230,136
20785,0x091D,188,104
20785,0x091E,138,38
20785,0x091F,45,34
20785,0x0920,214,228
20785,0x0922,136,138
20785,0x0924,14,212
20785,0x0925,135,188
20785,0x0926,6,136
20785,0x0927,103,45
20785,0x0928,30,13
20785,0x0929,135,133
20785,0x092A,4,6
20785,0x092C,48,29
20785,0x092D,57,133
20785,0x092E,2,4
20785,0x092F,39,103
20785,0x0930,32,50
20785,0x0932,0,2
20785,0x0934,29,34
20785,0x0935,75,57
20785,0x0936,6,0
20785,0x0938,13,31
20785,0x0939,75,72
20785,0x093A,4,6
20785,0x093C,24,15
20785,0x093D,105,72
20785,0x093E,10,4
20785,0x0940,8,24
20785,0x0941,105,102
20785,0x0942,8,10
20785,0x0944,198,8
20785,0x0945,176,102
20785,0x0946,130,8
20785,0x0947,45,39
20785,0x0948,182,196
20785,0x094A,128,134
20785,0x094C,152,180
20785,0x094D,104,176
20785,0x094E,7,132
20785,0x094F,34,45
20785,0x0950,155,149
20785,0x0951,224,105
20785,0x0952,7,6
20785,0x0953,36,34
20785,0x0B04,42,170
20785,0x0B22,84,85
20785,0x0B24,169,170
20785,0x0B26,83,84
20785,0x0B28,166,168
20785,0x0B82,84,85
20785,0x0B84,169,170
20785,0x0B86,83,84
20785,0x0B88,166,168
20785,0x0F99,83,84
20785,0x0F9D,83,84
20785,0x0FD1,83,84
20785,0x0FF0,83,84
20785,0x100D,8,24
20785,0x1011,171,166
20785,0x1034,35,33
20785,0x1051,171,166
20785,0x1064,88,90
20785,0x106C,40,31
20785,0x1711,230,228
20785,0x1726,3,1
20785,0x1738,86,84
20785,0x1751,230,228
20785,0x1775,22,20
20785,0x1779,78,76
20785,0x17D0,130,212
20785,0x17D1,30,29
20785,0x17D3,100,22
20785,0x17D4,143,141
20785,0x17D6,166,170
20785,0x17D9,223,215
20785,0x17E6,5,3
20785,0x17F5,38,36
20785,0x17F8,24,22
20785,0x1810,138,185
20785,0x1811,48,50
20785,0x1813,203,58
20785,0x1816,16,26
20785,0x1819,167,189
20785,0x1826,235,233
20785,0x1835,226,224
20785,0x1838,11,9
20785,0x1850,177,0
20785,0x1851,29,31
20785,0x1853,86,233
20785,0x1854,83,80
20785,0x1856,154,172
20785,0x1859,197,203
20785,0x1866,239,237
20785,0x1875,143,141
20785,0x1878,3,1
20785,0x1890,148,87
20785,0x1893,29,44
20785,0x1894,113,110
20785,0x1896,212,230
20785,0x1899,131,137
20785,0x189C,2,9
20785,0x189D,252,3
20785,0x18A6,6,4
20785,0x18B5,15,13
20785,0x18B8,1,23
20785,0x18BA,116,121
20785,0x18D1,198,196
20785,0x18E4,247,249
20785,0x18E6,1,2
20785,0x18ED,12,43
20785,0x18F8,54,52
20785,0x1911,198,196
20785,0x1935,6,4
20785,0x1939,46,44
20785,0x1AD0,196,150
20785,0x1AD1,156,153
20785,0x1AD3,100,6
20785,0x1AD4,108,109
20785,0x1AE4,182,184
20785,0x1AE6,2,1
20785,0x1AEC,61,56
20785,0x1AF0,3,1
20787,0x0020,149,146
20787,0x0024,6,7
20787,0x0026,34,36
20787,0x0028,34,36
20787,0x0049,5,3
20787,0x0051,1,5
20787,0x0069,25,27
20787,0x006B,211,213
20787,0x007B,84,85
20787,0x00AD,170,172
20787,0x00CD,142,145
20787,0x00CE,23,29
20787,0x00CF,181,191
20787,0x00D0,186,200
20787,0x023D,36,52
20787,0x023E,91,111
20787,0x02F6,155,32
20787,0x02FB,1,2
20787,0x02FD,39,41
20787,0x0305,252,56
20787,0x0306,145,146
20787,0x030D,16,76
20787,0x0315,36,96
20787,0x071A,165,94
20787,0x071B,28,115
20787,0x071C,60,30
20787,0x071D,1,0
20787,0x071E,62,8
20787,0x071F,2,0
20787,0x0874,86,222
20787,0x0875,1,42
20787,0x0876,222,86
20787,0x0877,42,1
20787,0x0894,14,22
20787,0x0895,58,91
20787,0x0896,22,14
20787,0x0897,91,58
20787,0x0900,217,215
20787,0x0904,201,199
20787,0x0908,186,184
20787,0x090C,170,168
20787,0x0910,166,161
20787,0x0913,32,38
20787,0x0914,150,145
20787,0x0917,32,38
20787,0x0918,152,147
20787,0x091A,40,34
20787,0x091C,136,131
20787,0x091E,38,32
20787,0x0920,228,226
20787,0x0922,138,130
20787,0x0924,212,210
20787,0x0926,136,128
20787,0x0929,133,130
20787,0x092D,133,130
20787,0x0930,50,52
20787,0x0931,57,56
20787,0x0934,34,36
20787,0x0935,57,56
20787,0x0938,31,32
20787,0x0939,72,70
20787,0x093A,6,2
20787,0x093C,15,16
20787,0x093D,72,70
20787,0x093E,4,0
20787,0x0941,102,99
20787,0x0945,102,99
20787,0x0948,196,194
20787,0x094A,134,138
20787,0x094C,180,178
20787,0x094E,132,136
20787,0x0950,149,146
20787,0x0952,6,7
20787,0x0953,34,36
20787,0x0B26,84,85
20787,0x0B28,168,170
20787,0x0B86,84,85
20787,0x0B88,168,170
20787,0x0F99,84,85
20787,0x0F9D,84,85
20787,0x0FD1,84,85
20787,0x0FF0,84,85
20787,0x1011,166,161
20787,0x1027,0,6
20787,0x1034,33,31
20787,0x1051,166,161
20787,0x1064,90,86
20787,0x106C,31,45
20787,0x1711,228,226
20787,0x1724,251,247
20787,0x1726,1,2
20787,0x172C,138,147
20787,0x172D,43,12
20787,0x1738,84,82
20787,0x1751,228,226
20787,0x1775,20,18
20787,0x1779,76,74
20787,0x17D0,212,46
20787,0x17D3,22,184
20787,0x17D4,141,138
20787,0x17D6,170,174
20787,0x17D9,215,207
20787,0x17E6,3,1
20787,0x17F5,36,34
20787,0x17F8,22,20
20787,0x1810,185,252
20787,0x1811,50,52
20787,0x1813,58,213
20787,0x1814,65,64
20787,0x1816,26,36
20787,0x1819,189,211
20787,0x1826,233,231
20787,0x1835,224,222
20787,0x1838,9,7
20787,0x1850,0,103
20787,0x1851,31,32
20787,0x1853,233,160
20787,0x1854,80,78
20787,0x1856,172,182
20787,0x1859,203,225
20787,0x185C,9,5
20787,0x185D,3,11
20787,0x1862,13,65
20787,0x1863,12,7
20787,0x1864,25,67
20787,0x1865,12,7
20787,0x1866,237,253
20787,0x186D,43,12
20787,0x1875,141,139
20787,0x1878,1,29
20787,0x187A,121,126
20787,0x1890,87,62
20787,0x1893,44,71
20787,0x1894,110,107
20787,0x1896,230,248
20787,0x1899,137,143
20787,0x18A6,4,2
20787,0x18B5,13,11
20787,0x18B8,23,21
20787,0x18D1,196,194
20787,0x18E4,249,251
20787,0x18E6,2,3
20787,0x18EC,147,138
20787,0x18F8,52,50
20787,0x1911,196,194
20787,0x1935,4,2
20787,0x1939,44,42
20787,0x1AD0,150,104
20787,0x1AD1,153,150
20787,0x1AD3,6,168
20787,0x1AE4,184,182
20787,0x1AE7,2,4
20787,0x1AEC,56,61
20787,0x1AF0,1,2
20789,0x0000,127,195
20789,0x0024,7,23
20789,0x0025,2,0
20789,0x002B,0,1
20789,0x002C,112,128
20789,0x0030,0,32
20789,0x0031,0,60
20789,0x0034,58,60
20789,0x004A,134,218
20789,0x004C,252,250
20789,0x0050,32,0
20789,0x0052,22,16
20789,0x0069,27,29
20789,0x006B,213,215
20789,0x0071,4,6
20789,0x0072,4,8
20789,0x007B,85,86
20789,0x00AA,0,136
20789,0x00AB,0,1
20789,0x00AD,172,174
20789,0x00B7,21,23
20789,0x00CD,145,148
20789,0x00CE,29,35
20789,0x00CF,191,201
20789,0x00D0,200,214
20789,0x013D,21,53
20789,0x013E,239,195
20789,0x016F,22,20
20789,0x0170,36,213
20789,0x0171,192,227
20789,0x0173,173,0
20789,0x0174,178,25
20789,0x0176,144,156
20789,0x0177,249,146
20789,0x0178,180,52
20789,0x01FC,107,239
20789,0x01FD,52,201
20789,0x01FE,215,12
20789,0x01FF,201,143
20789,0x023D,52,202
20789,0x023E,111,18
20789,0x02F6,32,56
20789,0x02FB,2,146
20789,0x02FD,41,39
20789,0x0301,38,0
20789,0x0302,79,98
20789,0x0303,20,64
20789,0x0305,56,0
20789,0x0306,146,222
20789,0x0307,1,15
20789,0x0309,70,0
20789,0x030A,79,99
20789,0x030B,20,64
20789,0x030D,76,0
20789,0x030E,146,224
20789,0x030F,1,15
20789,0x0311,102,41
20789,0x0312,79,76
20789,0x0313,20,10
20789,0x0315,96,180
20789,0x0316,146,148
20789,0x0319,137,73
20789,0x031D,90,190
20789,0x0321,38,105
20789,0x0322,79,76
20789,0x0323,20,10
20789,0x0325,56,200
20789,0x0326,146,148
20789,0x0329,70,137
20789,0x032A,79,76
20789,0x032B,20,10
20789,0x032D,76,210
20789,0x032E,146,148
20789,0x0331,102,38
20789,0x0335,96,252
20789,0x0336,146,145
20789,0x033D,212,16
20789,0x033E,145,146
20789,0x0345,232,36
20789,0x0346,145,146
20789,0x071A,94,165
20789,0x071B,115,28
20789,0x071C,30,60
20789,0x071D,0,1
20789,0x071E,8,62
20789,0x071F,0,2
20789,0x072C,92,220
20789,0x072D,9,74
20789,0x072E,30,222
20789,0x072F,10,123
20789,0x0734,142,16
20789,0x0735,8,74
20789,0x0736,88,222
20789,0x0737,9,123
20789,0x073C,150,149
20789,0x073D,8,17
20789,0x073E,92,220
20789,0x073F,9,74
20789,0x0874,222,86
20789,0x0875,42,1
20789,0x0876,86,222
20789,0x0877,1,42
20789,0x0894,22,14
20789,0x0895,91,58
20789,0x0896,14,22
20789,0x0897,58,91
20789,0x0900,215,213
20789,0x0904,199,197
20789,0x0908,184,167
20789,0x0909,169,161
20789,0x090A,162,164
20789,0x090C,168,183
20789,0x090E,160,166
20789,0x0918,147,161
20789,0x0919,104,112
20789,0x091A,34,32
20789,0x091B,34,226
20789,0x091C,131,161
20789,0x091D,104,96
20789,0x091F,34,98
20789,0x0920,226,145
20789,0x0921,188,112
20789,0x0922,130,32
20789,0x0923,45,162
20789,0x0924,210,145
20789,0x0925,188,96
20789,0x0926,128,32
20789,0x0927,45,34
20789,0x0928,13,224
20789,0x0929,130,188
20789,0x092A,6,134
20789,0x092B,103,45
20789,0x092C,29,208
20789,0x092D,130,188
20789,0x092E,4,132
20789,0x092F,103,45
20789,0x0930,52,12
20789,0x0931,56,128
20789,0x0932,2,10
20789,0x0933,39,103
20789,0x0934,36,28
20789,0x0935,56,128
20789,0x0936,0,8
20789,0x0937,39,103
20789,0x0938,32,55
20789,0x0939,70,56
20789,0x093C,16,39
20789,0x093D,70,56
20789,0x0940,24,33
20789,0x0941,99,68
20789,0x0942,10,2
20789,0x0944,8,17
20789,0x0945,99,68
20789,0x0946,8,0
20789,0x0948,194,24
20789,0x0949,176,96
20789,0x094A,138,6
20789,0x094B,45,39
20789,0x094C,178,8
20789,0x094D,176,96
20789,0x094E,136,4
20789,0x094F,45,39
20789,0x0950,146,192
20789,0x0951,105,176
20789,0x0952,7,138
20789,0x0953,36,45
20789,0x0954,186,176
20789,0x0955,224,176
20789,0x0958,159,146
20789,0x0959,224,105
20789,0x095A,6,23
20789,0x095B,34,36
20789,0x0B05,0,10
20789,0x0B24,170,171
20789,0x0B26,85,86
20789,0x0B28,170,172
20789,0x0B84,170,171
20789,0x0B86,85,86
20789,0x0B88,170,172
20789,0x0BE6,240,42
20789,0x0BE7,0,33
20789,0x0F99,85,86
20789,0x0F9D,85,86
20789,0x0FD1,85,86
20789,0x0FF0,85,86
20789,0x1000,200,208
20789,0x1001,150,211
20789,0x1002,223,224
20789,0x1008,7,0
20789,0x1030,2,4
20789,0x1037,0,3
20789,0x1040,192,208
20789,0x1041,188,74
20789,0x1042,248,249
20789,0x105E,10,0
20789,0x105F,2,0
20789,0x1060,48,64
20789,0x1062,84,142
20789,0x1064,86,144
20789,0x1066,1,7
20789,0x106A,140,200
20789,0x106C,45,101
20789,0x106D,33,35
20789,0x106E,148,50
20789,0x106F,178,179
20789,0x1076,0,41
20789,0x1711,226,224
20789,0x1724,247,249
20789,0x1726,2,3
20789,0x172D,12,43
20789,0x1738,82,80
20789,0x1751,226,224
20789,0x1775,18,16
20789,0x1779,74,72
20789,0x17D0,46,144
20789,0x17D1,29,28
20789,0x17D3,184,74
20789,0x17D4,138,136
20789,0x17D6,174,178
20789,0x17D9,207,199
20789,0x17E4,15,17
20789,0x17E6,1,5
20789,0x17EC,111,102
20789,0x17F5,34,32
20789,0x17F8,20,18
20789,0x1810,252,83
20789,0x1811,52,55
20789,0x1813,213,156
20789,0x1816,36,46
20789,0x1819,211,233
20789,0x1826,231,229
20789,0x1835,222,220
20789,0x1838,7,5
20789,0x1850,103,226
20789,0x1851,32,33
20789,0x1853,160,131
20789,0x1854,78,76
20789,0x1856,182,192
20789,0x1859,225,247
20789,0x1866,253,251
20789,0x1875,139,137
20789,0x1878,29,27
20789,0x1890,62,73
20789,0x1893,71,110
20789,0x1894,107,104
20789,0x1896,248,10
20789,0x1897,255,0
20789,0x1898,255,0
20789,0x1899,143,149
20789,0x18A4,23,25
20789,0x18A6,2,255
20789,0x18AC,138,147
20789,0x18B5,11,9
20789,0x18B8,21,19
20789,0x18D1,194,192
20789,0x18E6,3,1
20789,0x18F8,50,48
20789,0x190D,1,2
20789,0x1911,194,192
20789,0x1922,196,220
20789,0x1924,198,222
20789,0x192C,212,203
20789,0x1935,2,16
20789,0x1939,42,40
20789,0x1AC0,204,192
20789,0x1AC1,127,195
20789,0x1AC8,1,247
20789,0x1AE2,180,177
20789,0x1AE4,182,179
20789,0x1AEC,61,171
20789,0x1AED,36,33
20789,0x1AF1,0,3
20789,0xFFFF,131,132
20791,0x0025,0,2
20791,0x002B,1,0
20791,0x0031,60,58
20791,0x0049,3,1
20791,0x0069,29,31
20791,0x006B,215,217
20791,0x0071,6,8
20791,0x007B,86,87
20791,0x00AD,174,176
20791,0x00CD,148,151
20791,0x00CE,35,41
20791,0x00CF,201,211
20791,0x00D0,214,228
20791,0x0173,0,173
20791,0x0174,25,178
20791,0x0175,52,36
20791,0x0176,156,177
20791,0x0177,146,145
20791,0x0178,52,36
20791,0x02F6,56,155
20791,0x02FB,146,1
20791,0x02FD,39,41
20791,0x0874,86,222
20791,0x0875,1,42
20791,0x0876,222,86
20791,0x0877,42,1
20791,0x0894,14,22
20791,0x0895,58,91
20791,0x0896,22,14
20791,0x0897,91,58
20791,0x0900,213,211
20791,0x0904,197,195
20791,0x0908,167,165
20791,0x090C,183,181
20791,0x0910,161,160
20791,0x0914,145,144
20791,0x0918,161,160
20791,0x091C,161,160
20791,0x0920,145,144
20791,0x0924,145,144
20791,0x0928,224,222
20791,0x092C,208,206
20791,0x0930,12,11
20791,0x0931,128,125
20791,0x0934,28,27
20791,0x0935,128,125
20791,0x0938,55,57
20791,0x093C,39,41
20791,0x0940,33,35
20791,0x0941,68,66
20791,0x0944,17,19
20791,0x0945,68,66
20791,0x0949,96,93
20791,0x094D,96,93
20791,0x0950,192,190
20791,0x0952,138,130
20791,0x0954,176,174
20791,0x0956,136,128
20791,0x0B26,86,87
20791,0x0B28,172,174
20791,0x0B86,86,87
20791,0x0B88,172,174
20791,0x0F99,86,87
20791,0x0F9D,86,87
20791,0x0FD1,86,87
20791,0x0FF0,86,87
20791,0x1011,161,160
20791,0x1037,3,1
20791,0x1051,161,160
20791,0x1066,7,5
20791,0x1076,41,39
20791,0x1711,224,222
20791,0x1726,3,1
20791,0x1738,80,78
20791,0x1751,224,222
20791,0x1775,16,14
20791,0x1779,72,70
20791,0x17D0,144,250
20791,0x17D1,28,27
20791,0x17D3,74,204
20791,0x17D4,136,133
20791,0x17D6,178,182
20791,0x17D9,199,191
20791,0x17E6,5,3
20791,0x17F5,32,30
20791,0x17F8,18,16
20791,0x1810,83,190
20791,0x1811,55,57
20791,0x1813,156,143
20791,0x1816,46,56
20791,0x1819,233,255
20791,0x1826,229,227
20791,0x1835,220,218
20791,0x1838,5,3
20791,0x1850,226,113
20791,0x1851,33,35
20791,0x1853,131,146
20791,0x1854,76,74
20791,0x1856,192,202
20791,0x1859,247,13
20791,0x185A,254,255
20791,0x1866,251,249
20791,0x1875,137,135
20791,0x1878,27,25
20791,0x1890,73,120
20791,0x1893,110,161
20791,0x1894,104,101
20791,0x1896,10,28
20791,0x1899,149,155
20791,0x18A6,255,253
20791,0x18B5,9,7
20791,0x18B8,19,17
20791,0x18D1,192,190
20791,0x18E4,251,247
20791,0x18E6,1,2
20791,0x18EC,138,147
20791,0x18ED,43,12
20791,0x18F8,48,46
20791,0x1911,192,190
20791,0x1935,16,14
20791,0x1939,40,38
20791,0x1AF1,3,1
20791,0xFFFF,132,133
20793,0x0000,195,116
20793,0x0001,249,146
20793,0x0002,4,2
20793,0x0004,42,44
20793,0x0020,146,172
20793,0x0022,105,176
20793,0x0024,23,132
20793,0x0026,36,45
20793,0x0028,36,44
20793,0x002A,0,128
20793,0x0031,58,56
20793,0x0049,1,3
20793,0x0069,31,33
20793,0x006B,217,219
20793,0x006D,0,16
20793,0x007B,87,88
20793,0x00AD,176,178
20793,0x00B7,23,24
20793,0x00B8,0,16
20793,0x00B9,0,1
20793,0x00BA,196,104
20793,0x00BF,136,144
20793,0x00C2,9,10
20793,0x00CA,4,5
20793,0x00CD,151,154
20793,0x00CE,41,47
20793,0x00CF,211,221
20793,0x00D0,228,242
20793,0x01BA,26,24
20793,0x01FE,12,14
20793,0x02F6,155,24
20793,0x0302,98,96
20793,0x0303,64,192
20793,0x0305,0,32
20793,0x0306,222,229
20793,0x030A,99,97
20793,0x030B,64,96
20793,0x030D,0,224
20793,0x030E,224,229
20793,0x0311,41,105
20793,0x0315,180,240
20793,0x0319,73,137
20793,0x031D,190,250
20793,0x0501,149,139
20793,0x0502,86,90
20793,0x0508,21,75
20793,0x0509,84,81
20793,0x050B,4,20
20793,0x050F,138,150
20793,0x0510,90,86
20793,0x0512,24,40
20793,0x0600,0,14
20793,0x0601,0,13
20793,0x0602,0,207
20793,0x0603,0,12
20793,0x0604,0,217
20793,0x0605,0,80
20793,0x0606,0,154
20793,0x0607,0,17
20793,0x0608,83,11
20793,0x0609,63,16
20793,0x060A,37,11
20793,0x060B,63,16
20793,0x060C,59,38
20793,0x060D,63,17
20793,0x060E,50,41
20793,0x060F,63,17
20793,0x0610,0,116
20793,0x0611,0,16
20793,0x0612,0,118
20793,0x0613,0,16
20793,0x0614,148,0
20793,0x0615,90,0
20793,0x0616,164,0
20793,0x0617,90,0
20793,0x0618,13,0
20793,0x0619,13,0
20793,0x061A,207,0
20793,0x061B,12,0
20793,0x061C,95,0
20793,0x061D,80,0
20793,0x061E,153,0
20793,0x061F,17,0
20793,0x0620,11,0
20793,0x0621,16,0
20793,0x0622,11,222
20793,0x0623,16,12
20793,0x0624,38,238
20793,0x0625,17,12
20793,0x0626,40,254
20793,0x0627,17,12
20793,0x0628,116,0
20793,0x0629,16,0
20793,0x062A,117,0
20793,0x062B,16,0
20793,0x0630,0,82
20793,0x0631,0,63
20793,0x0632,27,36
20793,0x0633,13,63
20793,0x0634,19,58
20793,0x0635,13,63
20793,0x0636,35,74
20793,0x0637,13,63
20793,0x0638,6,0
20793,0x0639,13,0
20793,0x063A,221,0
20793,0x063B,12,0
20793,0x0874,222,86
20793,0x0875,42,1
20793,0x0876,86,222
20793,0x0877,1,42
20793,0x0894,22,14
20793,0x0895,91,58
20793,0x0896,14,22
20793,0x0897,58,91
20793,0x0900,211,209
20793,0x0904,195,193
20793,0x0908,165,163
20793,0x090C,181,179
20793,0x0910,160,159
20793,0x0911,104,112
20793,0x0912,2,32
20793,0x0913,38,226
20793,0x0914,144,159
20793,0x0915,104,96
20793,0x0916,0,32
20793,0x0917,38,98
20793,0x0918,160,143
20793,0x091B,226,162
20793,0x091C,160,143
20793,0x091F,98,34
20793,0x0920,144,155
20793,0x0921,112,108
20793,0x0922,32,3
20793,0x0923,162,32
20793,0x0924,144,155
20793,0x0925,96,108
20793,0x0926,32,16
20793,0x0927,34,32
20793,0x0928,222,155
20793,0x0929,188,108
20793,0x092A,134,3
20793,0x092B,45,32
20793,0x092C,206,155
20793,0x092D,188,108
20793,0x092E,132,16
20793,0x092F,45,32
20793,0x0930,11,220
20793,0x0931,125,188
20793,0x0932,10,138
20793,0x0933,103,45
20793,0x0934,27,204
20793,0x0935,125,188
20793,0x0936,8,136
20793,0x0937,103,45
20793,0x0938,57,11
20793,0x0939,56,123
20793,0x093A,2,10
20793,0x093B,39,103
20793,0x093C,41,27
20793,0x093D,56,123
20793,0x093E,0,8
20793,0x093F,39,103
20793,0x0940,35,60
20793,0x0941,66,56
20793,0x0944,19,44
20793,0x0945,66,56
20793,0x0948,24,37
20793,0x0949,93,64
20793,0x094A,6,2
20793,0x094C,8,21
20793,0x094D,93,64
20793,0x094E,4,0
20793,0x0950,190,24
20793,0x0951,176,90
20793,0x0952,130,6
20793,0x0953,45,39
20793,0x0954,174,8
20793,0x0955,176,90
20793,0x0956,128,4
20793,0x0957,45,39
20793,0x0958,146,188
20793,0x0959,105,176
20793,0x095A,23,134
20793,0x095B,36,45
20793,0x095C,104,172
20793,0x095D,224,176
20793,0x095E,2,132
20793,0x095F,38,45
20793,0x0B02,170,0
20793,0x0B05,10,170
20793,0x0B22,85,86
20793,0x0B24,171,172
20793,0x0B26,87,88
20793,0x0B28,174,176
20793,0x0B82,85,86
20793,0x0B84,171,172
20793,0x0B86,87,88
20793,0x0B88,174,176
20793,0x0F99,87,88
20793,0x0F9D,87,88
20793,0x0FD1,87,88
20793,0x0FF0,87,88
20793,0x1000,208,128
20793,0x1001,211,57
20793,0x1002,224,225
20793,0x1011,160,159
20793,0x1020,150,64
20793,0x1021,0,2
20793,0x1022,62,142
20793,0x1023,7,10
20793,0x1024,64,144
20793,0x1025,7,10
20793,0x1026,9,8
20793,0x102A,150,200
20793,0x102B,0,3
20793,0x102C,147,101
20793,0x102D,12,35
20793,0x102E,244,38
20793,0x102F,175,179
20793,0x1037,1,0
20793,0x103A,2,0
20793,0x1051,160,159
20793,0x1066,5,3
20793,0x1076,39,37
20793,0x1080,0,208
20793,0x1081,0,155
20793,0x1082,0,225
20793,0x1083,0,4
20793,0x1091,0,159
20793,0x1094,0,112
20793,0x1097,0,1
20793,0x1099,0,160
20793,0x109A,0,255
20793,0x109B,0,255
20793,0x109C,0,246
20793,0x10A0,0,64
20793,0x10A1,0,2
20793,0x10A2,0,111
20793,0x10A3,0,10
20793,0x10A4,0,113
20793,0x10A5,0,10
20793,0x10A6,0,4
20793,0x10AA,0,200
20793,0x10AB,0,3
20793,0x10AC,0,196
20793,0x10AD,0,33
20793,0x10B7,0,71
20793,0x10BA,0,4
20793,0x10C0,0,208
20793,0x10C1,0,155
20793,0x10C2,0,225
20793,0x10C3,0,4
20793,0x10D1,0,159
20793,0x10D4,0,112
20793,0x10D9,0,208
20793,0x10DA,0,255
20793,0x10DB,0,255
20793,0x10DC,0,254
20793,0x10E0,0,64
20793,0x10E1,0,2
20793,0x10E2,0,104
20793,0x10E3,0,10
20793,0x10E4,0,106
20793,0x10E5,0,10
20793,0x10E6,0,3
20793,0x10EA,0,200
20793,0x10EB,0,3
20793,0x10EC,0,176
20793,0x10ED,0,33
20793,0x10F7,0,82
20793,0x10FA,0,3
20793,0x1100,0,208
20793,0x1101,0,155
20793,0x1102,0,225
20793,0x1103,0,4
20793,0x1111,0,159
20793,0x1114,0,112
20793,0x1116,0,255
20793,0x1117,0,255
20793,0x1118,0,255
20793,0x111C,0,255
20793,0x1120,0,64
20793,0x1121,0,2
20793,0x1122,0,111
20793,0x1123,0,10
20793,0x1124,0,113
20793,0x1125,0,10
20793,0x1126,0,4
20793,0x112A,0,200
20793,0x112B,0,3
20793,0x112C,0,196
20793,0x112D,0,33
20793,0x1137,0,82
20793,0x113A,0,2
20793,0x1140,0,208
20793,0x1141,0,155
20793,0x1142,0,225
20793,0x1143,0,4
20793,0x1151,0,159
20793,0x1154,0,112
20793,0x1156,0,240
20793,0x1159,0,64
20793,0x115C,0,250
20793,0x1160,0,64
20793,0x1161,0,2
20793,0x1162,0,104
20793,0x1163,0,10
20793,0x1164,0,106
20793,0x1165,0,10
20793,0x1166,0,3
20793,0x116A,0,200
20793,0x116B,0,3
20793,0x116C,0,176
20793,0x116D,0,33
20793,0x1177,0,82
20793,0x117A,0,1
20793,0x16C0,0,136
20793,0x16D0,14,0
20793,0x16D1,15,16
20793,0x16D3,168,0
20793,0x16D4,97,104
20793,0x16D6,180,52
20793,0x16D7,1,254
20793,0x16D8,0,255
20793,0x16D9,63,0
20793,0x16EF,5,0
20793,0x16F0,0,1
20793,0x16F5,47,192
20793,0x16FA,141,145
20793,0x1711,222,220
20793,0x1724,249,251
20793,0x1726,1,2
20793,0x172C,147,138
20793,0x1738,78,76
20793,0x1751,222,220
20793,0x1775,14,12
20793,0x1779,70,68
20793,0x17D0,250,108
20793,0x17D3,204,62
20793,0x17D4,133,131
20793,0x17D6,182,186
20793,0x17D9,191,183
20793,0x17E6,3,1
20793,0x17F5,30,28
20793,0x17F8,16,14
20793,0x1810,190,61
20793,0x1811,57,60
20793,0x1813,143,174
20793,0x1816,56,66
20793,0x1819,255,21
20793,0x181A,255,0
20793,0x181B,255,0
20793,0x1826,227,225
20793,0x1835,218,216
20793,0x1838,3,1
20793,0x1850,113,20
20793,0x1851,35,37
20793,0x1853,146,205
20793,0x1854,74,72
20793,0x1856,202,212
20793,0x1859,13,35
20793,0x1866,249,247
20793,0x1875,135,133
20793,0x1878,25,23
20793,0x1890,120,203
20793,0x1893,161,224
20793,0x1894,101,98
20793,0x1896,28,46
20793,0x1899,155,161
20793,0x18A6,253,251
20793,0x18B5,7,5
20793,0x18B8,17,15
20793,0x18D1,190,188
20793,0x18E4,247,249
20793,0x18E6,2,3
20793,0x18ED,12,43
20793,0x18F8,46,44
20793,0x1911,190,188
20793,0x1935,14,12
20793,0x1939,38,36
20793,0x1AC0,192,0
20793,0x1AF1,1,0
20795,0x0020,172,170
20795,0x002A,128,32
20795,0x0031,56,54
20795,0x0049,3,1
20795,0x0069,33,35
20795,0x006B,219,221
20795,0x006D,16,0
20795,0x007B,88,89
20795,0x00AD,178,180
20795,0x00B7,24,27
20795,0x00CD,154,157
20795,0x00CE,47,53
20795,0x00CF,221,231
20795,0x00D0,242,0
20795,0x017D,52,53
20795,0x02F6,24,215
20795,0x02FD,41,39
20795,0x0874,86,222
20795,0x0875,1,42
20795,0x0876,222,86
20795,0x0877,42,1
20795,0x0894,14,22
20795,0x0895,58,91
20795,0x0896,22,14
20795,0x0897,91,58
20795,0x0900,209,207
20795,0x0904,193,191
20795,0x0908,163,161
20795,0x090C,179,177
20795,0x0910,159,158
20795,0x0911,112,108
20795,0x0912,32,0
20795,0x0913,226,98
20795,0x0914,159,158
20795,0x0915,96,112
20795,0x0917,98,226
20795,0x0918,143,158
20795,0x0919,112,96
20795,0x091B,162,98
20795,0x091C,143,142
20795,0x091D,96,112
20795,0x091F,34,162
20795,0x0920,155,142
20795,0x0921,108,96
20795,0x0922,3,32
20795,0x0923,32,34
20795,0x0925,108,107
20795,0x0926,16,3
20795,0x0928,155,153
20795,0x0929,108,107
20795,0x092A,3,16
20795,0x092C,155,153
20795,0x092E,16,3
20795,0x0930,220,155
20795,0x0931,188,108
20795,0x0932,138,16
20795,0x0933,45,32
20795,0x0934,204,252
20795,0x0935,188,96
20795,0x0936,136,2
20795,0x0937,45,105
20795,0x0938,11,12
20795,0x0939,123,96
20795,0x093A,10,0
20795,0x093B,103,105
20795,0x093C,27,218
20795,0x093D,123,188
20795,0x093E,8,130
20795,0x093F,103,45
20795,0x0940,60,202
20795,0x0941,56,188
20795,0x0942,2,128
20795,0x0943,39,45
20795,0x0944,44,10
20795,0x0945,56,120
20795,0x0946,0,14
20795,0x0947,39,103
20795,0x0948,37,26
20795,0x0949,64,120
20795,0x094A,2,12
20795,0x094B,39,103
20795,0x094C,21,62
20795,0x094D,64,56
20795,0x094E,0,2
20795,0x0950,24,46
20795,0x0951,90,56
20795,0x0952,6,0
20795,0x0954,8,38
20795,0x0955,90,63
20795,0x0956,4,2
20795,0x0958,188,22
20795,0x0959,176,63
20795,0x095A,134,0
20795,0x095B,45,39
20795,0x095C,172,25
20795,0x095D,176,88
20795,0x095E,132,6
20795,0x095F,45,39
20795,0x0960,88,9
20795,0x0961,224,88
20795,0x0962,0,4
20795,0x0963,38,39
20795,0x0964,159,186
20795,0x0965,224,176
20795,0x0966,124,134
20795,0x0967,61,45
20795,0x0968,151,170
20795,0x0969,224,176
20795,0x096A,123,132
20795,0x096B,61,45
20795,0x0B01,170,168
20795,0x0B02,0,2
20795,0x0B03,170,184
20795,0x0B06,0,42
20795,0x0B26,88,89
20795,0x0B28,176,178
20795,0x0B86,88,89
20795,0x0B88,176,178
20795,0x0F99,88,89
20795,0x0F9D,88,89
20795,0x0FD1,88,89
20795,0x0FF0,88,89
20795,0x1000,128,208
20795,0x1001,57,155
20795,0x100A,10,0
20795,0x1010,128,0
20795,0x1011,159,162
20795,0x1013,0,40
20795,0x1016,144,216
20795,0x1017,1,2
20795,0x1019,0,40
20795,0x101C,0,216
20795,0x101E,10,0
20795,0x101F,2,0
20795,0x1022,142,120
20795,0x1024,144,122
20795,0x1026,8,2
20795,0x1027,6,2
20795,0x102C,101,211
20795,0x102D,35,33
20795,0x1030,4,0
20795,0x1037,0,51
20795,0x1051,159,158
20795,0x1066,3,1
20795,0x1076,37,35
20795,0x1090,0,246
20795,0x1093,0,64
20795,0x1094,112,111
20795,0x1096,0,236
20795,0x1097,1,0
20795,0x10A6,4,2
20795,0x10B7,71,69
20795,0x10D0,0,254
20795,0x10D1,159,157
20795,0x10D3,0,160
20795,0x10D4,112,111
20795,0x10D6,0,252
20795,0x10D7,0,255
20795,0x10D8,0,255
20795,0x10E6,3,1
20795,0x10F7,82,80
20795,0x1110,0,253
20795,0x1111,159,157
20795,0x1116,255,253
20795,0x1126,4,2
20795,0x1137,82,80
20795,0x1150,0,218
20795,0x1153,0,128
20795,0x1156,240,228
20795,0x1166,3,1
20795,0x1177,82,80
20795,0x16C0,136,200
20795,0x16D0,0,104
20795,0x16D1,16,12
20795,0x16E2,65,220
20795,0x16E3,7,8
20795,0x16E4,67,222
20795,0x16E5,7,8
20795,0x16E6,82,253
20795,0x16EC,147,124
20795,0x16F5,192,190
20795,0x16F8,0,61
20795,0x16FA,145,148
20795,0x1711,220,218
20795,0x1724,251,247
20795,0x1726,2,3
20795,0x172C,138,147
20795,0x172D,43,12
20795,0x1738,76,74
20795,0x1751,220,218
20795,0x1775,12,10
20795,0x1779,68,66
20795,0x17D0,108,230
20795,0x17D1,27,26
20795,0x17D3,62,160
20795,0x17D4,131,128
20795,0x17D6,186,190
20795,0x17D9,183,175
20795,0x17E4,17,19
20795,0x17E6,1,5
20795,0x17EC,102,93
20795,0x17F5,28,26
20795,0x17F8,14,12
20795,0x1810,61,193
20795,0x1811,60,62
20795,0x1826,225,223
20795,0x1835,216,214
20795,0x1838,1,15
20795,0x1839,0,6
20795,0x183A,126,129
20795,0x1850,20,203
20795,0x1851,37,38
20795,0x1853,205,52
20795,0x1854,72,71
20795,0x1856,212,222
20795,0x1859,35,57
20795,0x1866,247,245
20795,0x1875,133,131
20795,0x1878,23,21
20795,0x1890,203,66
20795,0x1891,24,25
20795,0x1893,224,43
20795,0x1894,98,96
20795,0x1896,46,64
20795,0x1899,161,167
20795,0x18A6,251,249
20795,0x18B5,5,3
20795,0x18B8,15,13
20795,0x18D1,188,186
20795,0x18E6,3,1
20795,0x18F8,44,42
20795,0x1911,188,186
20795,0x1935,12,10
20795,0x1939,36,34
20797,0x0020,170,168
20797,0x0024,132,136
20797,0x0031,54,52
20797,0x0049,1,3
20797,0x0069,35,37
20797,0x006B,221,223
20797,0x007B,89,90
20797,0x00AD,180,182
20797,0x00CD,157,160
20797,0x00CE,53,59
20797,0x00CF,231,241
20797,0x00D0,0,14
20797,0x017D,53,52
20797,0x01FE,14,16
20797,0x02F6,215,40
20797,0x02FD,39,41
20797,0x0302,96,98
20797,0x0303,192,128
20797,0x0305,32,64
20797,0x0306,229,222
20797,0x030A,97,99
20797,0x030B,96,128
20797,0x030D,224,64
20797,0x030E,229,224
20797,0x0311,105,41
20797,0x0315,240,4
20797,0x0316,148,149
20797,0x0319,137,73
20797,0x031D,250,14
20797,0x031E,148,149
20797,0x0325,200,24
20797,0x0326,148,149
20797,0x032D,210,34
20797,0x032E,148,149
20797,0x0874,222,86
20797,0x0875,42,1
20797,0x0876,86,222
20797,0x0877,1,42
20797,0x0894,22,14
20797,0x0895,91,58
20797,0x0896,14,22
20797,0x0897,58,91
20797,0x0900,207,205
20797,0x0904,191,189
20797,0x0908,161,159
20797,0x090C,177,175
20797,0x0910,158,162
20797,0x0912,0,1
20797,0x0914,158,159
20797,0x0916,32,34
20797,0x0917,226,162
20797,0x0918,158,143
20797,0x0919,96,112
20797,0x091B,98,162
20797,0x091C,142,159
20797,0x091D,112,96
20797,0x091E,32,34
20797,0x091F,162,34
20797,0x0920,142,143
20797,0x0924,155,156
20797,0x0925,107,106
20797,0x0926,3,4
20797,0x0928,153,152
20797,0x092A,16,17
20797,0x092C,153,152
20797,0x092E,3,4
20797,0x0930,155,156
20797,0x0931,108,109
20797,0x0932,16,17
20797,0x0934,252,248
20797,0x0938,12,8
20797,0x093C,218,216
20797,0x0940,202,200
20797,0x0945,120,117
20797,0x0949,120,117
20797,0x094C,62,65
20797,0x0950,46,49
20797,0x0954,38,40
20797,0x0955,63,61
20797,0x0958,22,24
20797,0x0959,63,61
20797,0x095D,88,85
20797,0x0961,88,85
20797,0x0964,186,184
20797,0x0966,134,138
20797,0x0968,170,168
20797,0x096A,132,136
20797,0x0B24,172,173
20797,0x0B26,89,90
20797,0x0B28,178,180
20797,0x0B84,172,173
20797,0x0B86,89,90
20797,0x0B88,178,180
20797,0x0F99,89,90
20797,0x0F9D,89,90
20797,0x0FD1,89,90
20797,0x0FF0,89,90
20797,0x1010,0,136
20797,0x1011,162,166
20797,0x1013,40,120
20797,0x1016,216,136
20797,0x1024,122,124
20797,0x1026,2,3
20797,0x102C,211,206
20797,0x1037,51,49
20797,0x1051,158,157
20797,0x1064,144,146
20797,0x1066,1,7
20797,0x106C,101,84
20797,0x1076,35,33
20797,0x1090,246,196
20797,0x1091,159,160
20797,0x1093,64,128
20797,0x1094,111,110
20797,0x1096,236,216
20797,0x10A4,113,115
20797,0x10A6,2,4
20797,0x10AC,196,191
20797,0x10B7,69,67
20797,0x10D0,254,244
20797,0x10D1,157,156
20797,0x10D3,160,64
20797,0x10D6,252,248
20797,0x10E4,106,108
20797,0x10E6,1,2
20797,0x10EC,176,171
20797,0x10F7,80,78
20797,0x1110,253,246
20797,0x1111,157,156
20797,0x1116,253,251
20797,0x1124,113,115
20797,0x1126,2,4
20797,0x112C,196,191
20797,0x1137,80,78
20797,0x1150,218,156
20797,0x1151,159,160
20797,0x1153,128,0
20797,0x1154,112,113
20797,0x1156,228,216
20797,0x1164,106,108
20797,0x1166,1,2
20797,0x116C,176,171
20797,0x1177,80,78
20797,0x16D0,104,208
20797,0x16D1,12,8
20797,0x16E6,253,251
20797,0x16F5,190,188
20797,0x16F8,61,59
20797,0x1711,218,216
20797,0x1726,3,1
20797,0x1738,74,72
20797,0x1751,218,216
20797,0x1775,10,8
20797,0x1779,66,64
20797,0x17D0,230,104
20797,0x17D3,160,242
20797,0x17D4,128,125
20797,0x17D6,190,194
20797,0x17D9,175,167
20797,0x17E6,5,3
20797,0x17F5,26,24
20797,0x17F8,12,10
20797,0x1810,193,69
20797,0x1811,62,65
20797,0x1826,223,221
20797,0x1835,214,212
20797,0x1838,15,13
20797,0x1850,203,150
20797,0x1851,38,40
20797,0x1853,52,199
20797,0x1854,71,69
20797,0x1856,222,232
20797,0x1859,57,79
20797,0x1866,245,243
20797,0x1875,131,129
20797,0x1878,21,19
20797,0x1890,66,221
20797,0x1893,43,130
20797,0x1894,96,93
20797,0x1896,64,82
20797,0x1899,167,173
20797,0x18A6,249,247
20797,0x18B5,3,1
20797,0x18B8,13,11
20797,0x18D1,186,184
20797,0x18E4,249,251
20797,0x18E6,1,2
20797,0x18EC,147,138
20797,0x18F8,42,40
20797,0x1911,186,184
20797,0x1935,10,8
20797,0x1939,34,32
20799,0x0020,168,166
20799,0x0024,136,128
20799,0x0031,52,50
20799,0x0049,3,1
20799,0x0069,37,39
20799,0x006B,223,225
20799,0x007B,90,91
20799,0x00AD,182,184
20799,0x00CD,160,188
20799,0x00CE,59,65
20799,0x00CF,241,251
20799,0x00D0,14,28
20799,0x00D1,3,0
20799,0x02F6,40,210
20799,0x02FD,41,39
20799,0x0874,86,222
20799,0x0875,1,42
20799,0x0876,222,86
20799,0x0877,42,1
20799,0x0894,14,22
20799,0x0895,58,91
20799,0x0896,22,14
20799,0x0897,91,58
20799,0x0900,205,203
20799,0x0904,189,187
20799,0x0908,159,157
20799,0x090C,175,173
20799,0x0910,162,166
20799,0x0914,159,158
20799,0x0918,143,142
20799,0x091C,159,158
20799,0x0920,143,142
20799,0x0924,156,157
20799,0x0925,106,105
20799,0x0928,152,151
20799,0x0929,107,106
20799,0x092A,17,18
20799,0x092C,152,151
20799,0x0930,156,157
20799,0x0932,17,18
20799,0x0934,248,245
20799,0x0938,8,5
20799,0x093C,216,214
20799,0x093E,130,134
20799,0x0940,200,198
20799,0x0942,128,132
20799,0x0944,10,9
20799,0x0945,117,115
20799,0x0948,26,25
20799,0x0949,117,115
20799,0x094C,65,67
20799,0x0950,49,51
20799,0x0954,40,42
20799,0x0955,61,60
20799,0x0958,24,26
20799,0x0959,61,60
20799,0x095C,25,26
20799,0x095D,85,82
20799,0x0960,9,10
20799,0x0961,85,82
20799,0x0964,184,182
20799,0x0966,138,130
20799,0x0968,168,166
20799,0x096A,136,128
20799,0x0B26,90,91
20799,0x0B28,180,182
20799,0x0B86,90,91
20799,0x0B88,180,182
20799,0x0F99,90,91
20799,0x0F9D,90,91
20799,0x0FD1,90,91
20799,0x0FF0,90,91
20799,0x1010,136,112
20799,0x1011,166,170
20799,0x1013,120,200
20799,0x1016,136,56
20799,0x1026,3,1
20799,0x1037,49,47
20799,0x1051,157,156
20799,0x1066,7,5
20799,0x1076,33,31
20799,0x1090,196,106
20799,0x1091,160,161
20799,0x1093,128,192
20799,0x1094,110,109
20799,0x1096,216,196
20799,0x10A6,4,2
20799,0x10B7,67,65
20799,0x10D0,244,226
20799,0x10D1,156,155
20799,0x10D3,64,224
20799,0x10D4,111,110
20799,0x10D6,248,244
20799,0x10E4,108,110
20799,0x10E6,2,3
20799,0x10EC,171,166
20799,0x10F7,78,76
20799,0x1110,246,235
20799,0x1111,156,155
20799,0x1116,251,249
20799,0x1126,4,2
20799,0x1137,78,76
20799,0x1150,156,70
20799,0x1151,160,161
20799,0x1153,0,128
20799,0x1156,216,204
20799,0x1164,108,110
20799,0x1166,2,3
20799,0x116C,171,166
20799,0x1177,78,76
20799,0x16D0,208,56
20799,0x16D1,8,5
20799,0x16E6,251,249
20799,0x16F5,188,186
20799,0x16F8,59,57
20799,0x1711,216,214
20799,0x1724,247,249
20799,0x1726,1,2
20799,0x172D,12,43
20799,0x1738,72,70
20799,0x1751,216,214
20799,0x1775,8,6
20799,0x1779,64,62
20799,0x17D0,104,242
20799,0x17D1,26,25
20799,0x17D3,242,52
20799,0x17D4,125,123
20799,0x17D6,194,198
20799,0x17D9,167,159
20799,0x17E6,3,1
20799,0x17F5,24,22
20799,0x17F8,10,8
20799,0x1810,69,201
20799,0x1811,65,67
20799,0x1826,221,219
20799,0x1835,212,210
20799,0x1838,13,11
20799,0x1850,150,117
20799,0x1851,40,42
20799,0x1853,199,134
20799,0x1854,69,68
20799,0x1856,232,242
20799,0x1859,79,101
20799,0x1866,243,241
20799,0x1875,129,127
20799,0x1878,19,17
20799,0x1890,221,156
20799,0x1891,25,26
20799,0x1893,130,229
20799,0x1894,93,90
20799,0x1896,82,100
20799,0x1899,173,179
20799,0x18A6,247,245
20799,0x18B5,1,149
20799,0x18B8,11,9
20799,0x18D1,184,182
20799,0x18E4,251,247
20799,0x18E6,2,3
20799,0x18EC,138,147
20799,0x18ED,43,12
20799,0x18F8,40,38
20799,0x1911,184,182
20799,0x1935,8,6
20799,0x1939,32,30
20801,0x0004,44,46
20801,0x0020,166,164
20801,0x0031,50,48
20801,0x0049,1,3
20801,0x0069,39,41
20801,0x006B,225,227
20801,0x007B,91,92
20801,0x00AD,184,186
20801,0x00CD,188,191
20801,0x00CE,65,71
20801,0x00CF,251,5
20801,0x00D0,28,43
20801,0x01FC,239,6
20801,0x01FD,201,202
20801,0x01FE,16,0
20801,0x01FF,143,0
20801,0x02F6,210,40
20801,0x0301,0,8
20801,0x0302,98,76
20801,0x0303,128,14
20801,0x0305,64,92
20801,0x0306,222,151
20801,0x0307,15,1
20801,0x0309,0,40
20801,0x030A,99,76
20801,0x030B,128,14
20801,0x030D,64,106
20801,0x030E,224,151
20801,0x030F,15,1
20801,0x0311,41,72
20801,0x0313,10,14
20801,0x0315,4,120
20801,0x0316,149,151
20801,0x0319,73,104
20801,0x031B,10,14
20801,0x031D,14,134
20801,0x031E,149,151
20801,0x0321,105,136
20801,0x0323,10,14
20801,0x0325,24,148
20801,0x0326,149,151
20801,0x0329,137,168
20801,0x032B,10,14
20801,0x032D,34,162
20801,0x032E,149,151
20801,0x0330,1,0
20801,0x0501,139,151
20801,0x0502,90,86
20801,0x0600,14,0
20801,0x0601,13,0
20801,0x0602,207,0
20801,0x0603,12,0
20801,0x0604,217,0
20801,0x0605,80,0
20801,0x0606,154,67
20801,0x0607,17,63
20801,0x0608,11,68
20801,0x0609,16,63
20801,0x060A,11,37
20801,0x060B,16,63
20801,0x060C,38,59
20801,0x060D,17,63
20801,0x060E,41,75
20801,0x060F,17,63
20801,0x0610,116,0
20801,0x0611,16,0
20801,0x0612,118,0
20801,0x0613,16,0
20801,0x0874,222,86
20801,0x0875,42,1
20801,0x0876,86,222
20801,0x0877,1,42
20801,0x0894,22,14
20801,0x0895,91,58
20801,0x0896,14,22
20801,0x0897,58,91
20801,0x0900,203,201
20801,0x0904,187,185
20801,0x0908,157,155
20801,0x090C,173,171
20801,0x0910,166,169
20801,0x0911,108,109
20801,0x0912,1,2
20801,0x0914,158,157
20801,0x0918,142,141
20801,0x091C,158,157
20801,0x0920,142,141
20801,0x0926,4,5
20801,0x0928,151,150
20801,0x092C,151,150
20801,0x092E,4,5
20801,0x0931,109,110
20801,0x0934,245,241
20801,0x0938,5,1
20801,0x093C,214,212
20801,0x093E,134,138
20801,0x0940,198,196
20801,0x0942,132,136
20801,0x0944,9,25
20801,0x0945,115,112
20801,0x0947,103,39
20801,0x0948,25,9
20801,0x0949,115,112
20801,0x094B,103,39
20801,0x094C,67,70
20801,0x0950,51,54
20801,0x0954,42,44
20801,0x0955,60,59
20801,0x0958,26,28
20801,0x0959,60,59
20801,0x095C,26,27
20801,0x095D,82,80
20801,0x0960,10,11
20801,0x0961,82,80
20801,0x0964,182,180
20801,0x0968,166,164
20801,0x0B22,86,87
20801,0x0B24,173,174
20801,0x0B26,91,92
20801,0x0B28,182,184
20801,0x0B82,86,87
20801,0x0B84,173,174
20801,0x0B86,91,92
20801,0x0B88,182,184
20801,0x0F99,91,92
20801,0x0F9D,91,92
20801,0x0FD1,91,92
20801,0x0FF0,91,92
20801,0x1010,112,184
20801,0x1011,170,173
20801,0x1013,200,24
20801,0x1014,112,113
20801,0x1016,56,232
20801,0x1017,2,1
20801,0x1024,124,126
20801,0x1026,1,2
20801,0x102C,206,201
20801,0x1037,47,45
20801,0x1051,156,155
20801,0x1066,5,3
20801,0x1076,31,29
20801,0x1090,106,232
20801,0x1093,192,0
20801,0x1096,196,176
20801,0x10A4,115,117
20801,0x10A6,2,4
20801,0x10AC,191,186
20801,0x10B7,65,63
20801,0x10D0,226,200
20801,0x10D1,155,154
20801,0x10D3,224,128
20801,0x10D6,244,240
20801,0x10E6,3,1
20801,0x10F7,76,74
20801,0x1110,235,220
20801,0x1111,155,154
20801,0x1116,249,247
20801,0x1124,115,117
20801,0x1126,2,4
20801,0x112C,191,186
20801,0x1137,76,74
20801,0x1150,70,216
20801,0x1153,128,0
20801,0x1154,113,114
20801,0x1156,204,192
20801,0x1166,3,1
20801,0x1177,76,74
20801,0x16D0,56,160
20801,0x16D1,5,1
20801,0x16E6,249,247
20801,0x16F5,186,184
20801,0x16F8,57,55
20801,0x1711,214,212
20801,0x1724,249,251
20801,0x1726,2,3
20801,0x172C,147,138
20801,0x1738,70,68
20801,0x1751,214,212
20801,0x1775,6,4
20801,0x1779,62,60
20801,0x17D0,242,132
20801,0x17D3,52,102
20801,0x17D4,123,120
20801,0x17D6,198,202
20801,0x17D9,159,151
20801,0x17E4,19,21
20801,0x17E6,1,5
20801,0x17EC,93,129
20801,0x17F5,22,20
20801,0x17F8,8,6
20801,0x1810,201,77
20801,0x1811,67,70
20801,0x1826,219,217
20801,0x1835,210,208
20801,0x1838,11,9
20801,0x1850,117,104
20801,0x1851,42,44
20801,0x1853,134,113
20801,0x1854,68,67
20801,0x1856,242,252
20801,0x1859,101,123
20801,0x1866,241,239
20801,0x1875,127,125
20801,0x1878,17,15
20801,0x1890,156,127
20801,0x1891,26,27
20801,0x1893,229,84
20801,0x1894,90,88
20801,0x1896,100,118
20801,0x1899,179,185
20801,0x18A6,245,243
20801,0x18B5,149,147
20801,0x18B8,9,7
20801,0x18D1,182,180
20801,0x18E6,3,1
20801,0x18F8,38,36
20801,0x1911,182,180
20801,0x1935,6,4
20801,0x1939,30,28
20803,0x0020,164,162
20803,0x0024,128,132
20803,0x0031,48,46
20803,0x0049,3,1
20803,0x0069,41,43
20803,0x006B,227,229
20803,0x007B,92,93
20803,0x00AD,186,188
20803,0x00CD,191,194
20803,0x00CE,71,77
20803,0x00CF,5,15
20803,0x00D0,43,57
20803,0x02F6,40,205
20803,0x0874,86,222
20803,0x0875,1,42
20803,0x0876,222,86
20803,0x0877,42,1
20803,0x0894,14,22
20803,0x0895,58,91
20803,0x0896,22,14
20803,0x0897,91,58
20803,0x0900,201,199
20803,0x0904,185,183
20803,0x0908,155,153
20803,0x090C,171,169
20803,0x0910,169,172
20803,0x0912,2,0
20803,0x0914,157,156
20803,0x0918,141,140
20803,0x091C,157,156
20803,0x0920,141,140
20803,0x0924,157,158
20803,0x0925,105,104
20803,0x0928,150,149
20803,0x092A,18,16
20803,0x092C,150,149
20803,0x0930,157,158
20803,0x0932,18,16
20803,0x0934,241,238
20803,0x0938,1,254
20803,0x093C,212,210
20803,0x0940,196,194
20803,0x0945,112,109
20803,0x0949,112,109
20803,0x094C,70,72
20803,0x0950,54,56
20803,0x0954,44,46
20803,0x0955,59,58
20803,0x0958,28,30
20803,0x0959,59,58
20803,0x095C,27,28
20803,0x095D,80,77
20803,0x0960,11,12
20803,0x0961,80,77
20803,0x0964,180,178
20803,0x0966,130,134
20803,0x0968,164,162
20803,0x096A,128,132
20803,0x0B03,184,168
20803,0x0B26,92,93
20803,0x0B28,184,186
20803,0x0B86,92,93
20803,0x0B88,184,186
20803,0x0F99,92,93
20803,0x0F9D,92,93
20803,0x0FD1,92,93
20803,0x0FF0,92,93
20803,0x1010,184,96
20803,0x1011,173,176
20803,0x1013,24,104
20803,0x1016,232,152
20803,0x1024,126,122
20803,0x1026,2,3
20803,0x102C,201,211
20803,0x1037,45,43
20803,0x1051,155,154
20803,0x1066,3,1
20803,0x1076,29,27
20803,0x1090,232,62
20803,0x1091,161,162
20803,0x1093,0,64
20803,0x1094,109,108
20803,0x1096,176,156
20803,0x10A6,4,2
20803,0x10B7,63,61
20803,0x10D0,200,166
20803,0x10D1,154,153
20803,0x10D3,128,32
20803,0x10D6,240,236
20803,0x10E4,110,106
20803,0x10E6,1,2
20803,0x10EC,166,176
20803,0x10F7,74,72
20803,0x1110,220,201
20803,0x1111,154,153
20803,0x1116,247,245
20803,0x1126,4,2
20803,0x1137,74,72
20803,0x1150,216,82
20803,0x1151,161,162
20803,0x1153,0,128
20803,0x1156,192,180
20803,0x1164,110,106
20803,0x1166,1,2
20803,0x116C,166,176
20803,0x1177,74,72
20803,0x16D0,160,8
20803,0x16D1,1,254
20803,0x16D2,1,0
20803,0x16E6,247,245
20803,0x16F5,184,182
20803,0x16F8,55,53
20803,0x1711,212,210
20803,0x1726,3,1
20803,0x1738,68,66
20803,0x1751,212,210
20803,0x1775,4,2
20803,0x1779,60,58
20803,0x17D0,132,30
20803,0x17D3,102,136
20803,0x17D4,120,117
20803,0x17D6,202,206
20803,0x17D9,151,143
20803,0x17E6,5,3
20803,0x17F5,20,18
20803,0x17F8,6,4
20803,0x1810,77,209
20803,0x1811,70,72
20803,0x1826,217,215
20803,0x1835,208,206
20803,0x1838,9,7
20803,0x1850,104,111
20803,0x1851,44,46
20803,0x1853,113,136
20803,0x1854,67,66
20803,0x1856,252,6
20803,0x1857,0,1
20803,0x1859,123,145
20803,0x1866,239,237
20803,0x1875,125,123
20803,0x1878,15,13
20803,0x1890,127,134
20803,0x1891,27,28
20803,0x1893,84,207
20803,0x1894,88,85
20803,0x1896,118,136
20803,0x1899,185,191
20803,0x18A6,243,241
20803,0x18B5,147,145
20803,0x18B8,7,5
20803,0x18D1,180,178
20803,0x18E4,247,249
20803,0x18E6,1,2
20803,0x18ED,12,43
20803,0x18F8,36,34
20803,0x1911,180,178
20803,0x1935,4,2
20803,0x1939,28,26
20805,0x0020,162,160
20805,0x0024,132,136
20805,0x0025,2,0
20805,0x002C,128,126
20805,0x0031,46,44
20805,0x0049,1,3
20805,0x0069,43,45
20805,0x006B,229,231
20805,0x007B,93,94
20805,0x00AD,188,190
20805,0x00B7,27,31
20805,0x00CD,194,197
20805,0x00CE,77,83
20805,0x00CF,15,25
20805,0x00D0,57,71
20805,0x0173,173,0
20805,0x0174,178,25
20805,0x0175,36,52
20805,0x0176,177,156
20805,0x0177,145,146
20805,0x0178,36,52
20805,0x01FE,0,2
20805,0x02F6,205,56
20805,0x0301,8,0
20805,0x0302,76,98
20805,0x0303,14,160
20805,0x0305,92,192
20805,0x0306,151,222
20805,0x0307,1,15
20805,0x0309,40,0
20805,0x030A,76,99
20805,0x030B,14,160
20805,0x030D,106,192
20805,0x030E,151,224
20805,0x030F,1,15
20805,0x0311,72,8
20805,0x0315,120,176
20805,0x0319,104,40
20805,0x031D,134,190
20805,0x0321,136,72
20805,0x0325,148,204
20805,0x0329,168,104
20805,0x032D,162,218
20805,0x0330,0,1
20805,0x0331,38,136
20805,0x0332,79,76
20805,0x0333,20,14
20805,0x0335,252,232
20805,0x0336,145,151
20805,0x0339,70,168
20805,0x033A,79,76
20805,0x033B,20,14
20805,0x033D,16,246
20805,0x033E,146,151
20805,0x0340,1,0
20805,0x0874,222,86
20805,0x0875,42,1
20805,0x0876,86,222
20805,0x0877,1,42
20805,0x0894,22,14
20805,0x0895,91,58
20805,0x0896,14,22
20805,0x0897,58,91
20805,0x0900,199,198
20805,0x0902,142,162
20805,0x0904,183,182
20805,0x0906,140,160
20805,0x0908,153,168
20805,0x0909,161,169
20805,0x090A,164,170
20805,0x090C,169,160
20805,0x090D,169,153
20805,0x090E,166,168
20805,0x0910,172,174
20805,0x0914,156,157
20805,0x0915,112,128
20805,0x0916,34,52
20805,0x0918,140,149
20805,0x0919,112,128
20805,0x091A,32,36
20805,0x091C,156,157
20805,0x091D,96,88
20805,0x091E,34,52
20805,0x0920,140,149
20805,0x0921,96,88
20805,0x0922,32,36
20805,0x0924,158,157
20805,0x0925,104,112
20805,0x0926,5,34
20805,0x0927,32,162
20805,0x0928,149,141
20805,0x0929,106,112
20805,0x092A,16,32
20805,0x092B,32,162
20805,0x092C,149,157
20805,0x092D,108,96
20805,0x092E,5,34
20805,0x092F,32,34
20805,0x0930,158,141
20805,0x0931,110,96
20805,0x0932,16,32
20805,0x0933,32,34
20805,0x0934,238,158
20805,0x0935,96,103
20805,0x0936,2,4
20805,0x0937,105,160
20805,0x0938,254,148
20805,0x0939,96,105
20805,0x093A,0,17
20805,0x093B,105,32
20805,0x093C,210,148
20805,0x093D,188,108
20805,0x093E,138,4
20805,0x093F,45,160
20805,0x0940,194,158
20805,0x0941,188,111
20805,0x0942,136,17
20805,0x0943,45,32
20805,0x0944,25,234
20805,0x0945,109,96
20805,0x0946,14,2
20805,0x0947,39,105
20805,0x0948,9,250
20805,0x0949,109,96
20805,0x094A,12,0
20805,0x094B,39,105
20805,0x094C,72,208
20805,0x094D,56,188
20805,0x094E,2,130
20805,0x094F,39,45
20805,0x0950,56,192
20805,0x0951,56,188
20805,0x0952,0,128
20805,0x0953,39,45
20805,0x0954,46,24
20805,0x0955,58,106
20805,0x0956,2,14
20805,0x0958,30,8
20805,0x0959,58,106
20805,0x095A,0,12
20805,0x095C,28,75
20805,0x095D,77,56
20805,0x095E,6,2
20805,0x0960,12,59
20805,0x0961,77,56
20805,0x0962,4,0
20805,0x0964,178,48
20805,0x0965,176,57
20805,0x0966,134,2
20805,0x0967,45,39
20805,0x0968,162,32
20805,0x0969,176,57
20805,0x096A,132,0
20805,0x096B,45,39
20805,0x096C,159,29
20805,0x096D,224,75
20805,0x096E,29,6
20805,0x096F,189,39
20805,0x0970,151,13
20805,0x0971,224,75
20805,0x0972,28,4
20805,0x0973,189,39
20805,0x0974,151,176
20805,0x0975,224,176
20805,0x0976,12,138
20805,0x0977,61,45
20805,0x0978,199,160
20805,0x0979,224,176
20805,0x097A,130,136
20805,0x097B,61,45
20805,0x0B01,168,0
20805,0x0B02,2,168
20805,0x0B03,168,2
20805,0x0B04,170,168
20805,0x0B06,42,170
20805,0x0B07,0,42
20805,0x0B24,174,175
20805,0x0B26,93,94
20805,0x0B28,186,188
20805,0x0B84,174,175
20805,0x0B86,93,94
20805,0x0B88,186,188
20805,0x0F99,93,94
20805,0x0F9D,93,94
20805,0x0FD1,93,94
20805,0x0FF0,93,94
20805,0x1010,96,104
20805,0x1011,176,178
20805,0x1013,104,184
20805,0x1016,152,72
20805,0x1026,3,1
20805,0x1037,43,41
20805,0x1051,154,153
20805,0x1064,146,148
20805,0x1066,1,6
20805,0x106C,84,51
20805,0x1076,27,25
20805,0x1090,62,108
20805,0x1093,64,128
20805,0x1094,108,107
20805,0x1096,156,136
20805,0x10A4,117,119
20805,0x10A6,2,4
20805,0x10AC,186,181
20805,0x10B7,61,59
20805,0x10D0,166,124
20805,0x10D1,153,152
20805,0x10D3,32,192
20805,0x10D4,110,109
20805,0x10D6,236,232
20805,0x10E4,106,108
20805,0x10E6,2,3
20805,0x10EC,176,171
20805,0x10F7,72,70
20805,0x1110,201,178
20805,0x1111,153,152
20805,0x1116,245,243
20805,0x1124,117,119
20805,0x1126,2,4
20805,0x112C,186,181
20805,0x1137,72,70
20805,0x1150,82,180
20805,0x1153,128,0
20805,0x1154,114,115
20805,0x1156,180,168
20805,0x1164,106,108
20805,0x1166,2,3
20805,0x116C,176,171
20805,0x1177,72,70
20805,0x16D0,8,112
20805,0x16D1,254,250
20805,0x16E6,245,243
20805,0x16F5,182,180
20805,0x16F8,53,51
20805,0x1711,210,208
20805,0x1724,251,247
20805,0x1726,1,2
20805,0x172C,138,147
20805,0x172D,43,12
20805,0x1738,66,64
20805,0x174D,0,1
20805,0x1751,210,208
20805,0x1762,223,196
20805,0x1764,225,198
20805,0x176C,221,212
20805,0x1775,2,16
20805,0x1779,58,56
20805,0x17D0,30,192
20805,0x17D1,25,24
20805,0x17D3,136,154
20805,0x17D4,117,114
20805,0x17D6,206,210
20805,0x17D9,143,135
20805,0x17E6,3,1
20805,0x17F5,18,16
20805,0x17F8,4,2
20805,0x1810,209,85
20805,0x1811,72,75
20805,0x1826,215,213
20805,0x1835,206,204
20805,0x1838,7,5
20805,0x1850,111,138
20805,0x1851,46,48
20805,0x1853,136,203
20805,0x1854,66,65
20805,0x1856,6,16
20805,0x1859,145,167
20805,0x1866,237,235
20805,0x1875,123,121
20805,0x1878,13,11
20805,0x1890,134,177
20805,0x1891,28,29
20805,0x1893,207,86
20805,0x1894,85,83
20805,0x1896,136,154
20805,0x1899,191,197
20805,0x18A6,241,239
20805,0x18B5,145,143
20805,0x18B8,5,3
20805,0x18D1,178,176
20805,0x18E4,249,251
20805,0x18E6,2,3
20805,0x18EC,147,138
20805,0x18F8,34,32
20805,0x190D,2,3
20805,0x1911,178,176
20805,0x1922,220,217
20805,0x1924,222,219
20805,0x192C,203,194
20805,0x1935,2,16
20805,0x1939,26,24
20807,0x0020,160,158
20807,0x0025,0,1
20807,0x0031,44,42
20807,0x0049,3,1
20807,0x0069,45,47
20807,0x006B,231,233
20807,0x007B,94,95
20807,0x00AD,190,192
20807,0x00CD,197,200
20807,0x00CE,83,89
20807,0x00CF,25,35
20807,0x00D0,71,85
20807,0x0173,0,173
20807,0x0174,25,178
20807,0x0175,52,36
20807,0x0176,156,177
20807,0x0177,146,145
20807,0x0178,52,36
20807,0x02F6,56,210
20807,0x0874,86,222
20807,0x0875,1,42
20807,0x0876,222,86
20807,0x0877,42,1
20807,0x0894,14,22
20807,0x0895,58,91
20807,0x0896,22,14
20807,0x0897,91,58
20807,0x0900,198,196
20807,0x0904,182,180
20807,0x0908,168,166
20807,0x090C,160,158
20807,0x0910,174,175
20807,0x0911,109,110
20807,0x0912,0,1
20807,0x0914,157,156
20807,0x0918,149,148
20807,0x091C,157,156
20807,0x0920,149,148
20807,0x0924,157,156
20807,0x0928,141,140
20807,0x092C,157,156
20807,0x0930,141,140
20807,0x0935,103,102
20807,0x0938,148,147
20807,0x093C,148,147
20807,0x0944,234,230
20807,0x0948,250,246
20807,0x094C,208,206
20807,0x094E,130,134
20807,0x0950,192,190
20807,0x0952,128,132
20807,0x0955,106,103
20807,0x0956,14,10
20807,0x0959,106,103
20807,0x095A,12,8
20807,0x095C,75,77
20807,0x0960,59,61
20807,0x0964,48,50
20807,0x0968,32,34
20807,0x096C,29,31
20807,0x096D,75,72
20807,0x0970,13,15
20807,0x0971,75,72
20807,0x0974,176,174
20807,0x0978,160,158
20807,0x0B26,94,95
20807,0x0B28,188,190
20807,0x0B86,94,95
20807,0x0B88,188,190
20807,0x0F99,94,95
20807,0x0F9D,94,95
20807,0x0FD1,94,95
20807,0x0FF0,94,95
20807,0x1010,104,208
20807,0x1011,178,179
20807,0x1013,184,8
20807,0x1014,113,114
20807,0x1016,72,248
20807,0x1017,1,0
20807,0x1024,122,124
20807,0x1026,1,2
20807,0x102C,211,206
20807,0x1037,41,39
20807,0x1051,153,152
20807,0x1066,6,4
20807,0x1076,25,23
20807,0x1090,108,114
20807,0x1093,128,192
20807,0x1094,107,106
20807,0x1096,136,116
20807,0x10A6,4,2
20807,0x10B7,59,57
20807,0x10D0,124,74
20807,0x10D1,152,151
20807,0x10D3,192,96
20807,0x10D6,232,228
20807,0x10E6,3,1
20807,0x10F7,70,68
20807,0x1110,178,151
20807,0x1111,152,151
20807,0x1116,243,241
20807,0x1126,4,2
20807,0x1137,70,68
20807,0x1150,180,254
20807,0x1153,0,128
20807,0x1156,168,156
20807,0x1166,3,1
20807,0x1177,70,68
20807,0x16D0,112,216
20807,0x16D1,250,246
20807,0x16E6,243,241
20807,0x16F5,180,178
20807,0x16F8,51,49
20807,0x1711,208,206
20807,0x1724,247,249
20807,0x1726,2,3
20807,0x172D,12,43
20807,0x1738,64,62
20807,0x1751,208,206
20807,0x1775,16,14
20807,0x1779,56,54
20807,0x17D0,192,113
20807,0x17D3,154,163
20807,0x17D4,114,111
20807,0x17D6,210,221
20807,0x17D9,135,134
20807,0x17DC,2,9
20807,0x17DD,252,3
20807,0x17E4,21,23
20807,0x17E6,1,5
20807,0x17EC,129,138
20807,0x17F5,16,14
20807,0x17F8,2,24
20807,0x17FA,116,121
20807,0x1810,85,217
20807,0x1811,75,77
20807,0x1826,213,211
20807,0x1835,204,202
20807,0x1838,5,3
20807,0x1850,138,185
20807,0x1851,48,50
20807,0x1853,203,58
20807,0x1856,16,26
20807,0x1859,167,189
20807,0x1866,235,233
20807,0x1875,121,119
20807,0x1878,11,9
20807,0x1890,177,0
20807,0x1891,29,31
20807,0x1893,86,233
20807,0x1894,83,80
20807,0x1896,154,172
20807,0x1899,197,203
20807,0x18A6,239,237
20807,0x18B5,143,141
20807,0x18B8,3,1
20807,0x18D1,176,174
20807,0x18E6,3,1
20807,0x18F8,32,30
20807,0x1911,176,174
20807,0x1935,16,14
20807,0x1939,24,22
20809,0x0004,46,48
20809,0x0020,158,156
20809,0x0024,136,128
20809,0x0031,42,40
20809,0x0049,1,3
20809,0x0069,47,49
20809,0x006B,233,235
20809,0x007B,95,96
20809,0x00AD,192,194
20809,0x00CD,200,203
20809,0x00CE,89,95
20809,0x00CF,35,45
20809,0x00D0,85,99
20809,0x01FE,2,4
20809,0x02F6,210,40
20809,0x02FD,39,41
20809,0x0301,0,8
20809,0x0302,98,76
20809,0x0303,160,14
20809,0x0305,192,4
20809,0x0306,222,152
20809,0x0307,15,1
20809,0x0309,0,40
20809,0x030A,99,76
20809,0x030B,160,14
20809,0x030D,192,18
20809,0x030E,224,152
20809,0x030F,15,1
20809,0x0311,8,72
20809,0x0315,176,32
20809,0x0316,151,152
20809,0x0319,40,104
20809,0x031D,190,46
20809,0x031E,151,152
20809,0x0321,72,136
20809,0x0325,204,60
20809,0x0326,151,152
20809,0x0329,104,168
20809,0x032D,218,74
20809,0x032E,151,152
20809,0x0330,1,0
20809,0x0501,151,203
20809,0x0502,86,93
20809,0x0503,20,8
20809,0x0508,75,86
20809,0x0509,81,94
20809,0x050A,20,4
20809,0x050B,20,8
20809,0x050F,150,22
20809,0x0510,86,84
20809,0x0512,40,12
20809,0x0516,74,140
20809,0x0517,81,90
20809,0x0519,44,32
20809,0x051D,148,76
20809,0x051E,86,81
20809,0x0520,64,52
20809,0x0524,144,152
20809,0x0600,0,79
20809,0x0601,0,8
20809,0x0602,0,27
20809,0x0603,0,8
20809,0x0604,0,43
20809,0x0605,0,8
20809,0x0606,67,59
20809,0x0607,63,8
20809,0x0608,68,116
20809,0x0609,63,16
20809,0x060A,37,117
20809,0x060B,63,16
20809,0x060C,59,0
20809,0x060D,63,0
20809,0x060E,75,0
20809,0x060F,63,0
20809,0x0614,0,141
20809,0x0615,0,26
20809,0x061C,0,147
20809,0x061D,0,90
20809,0x061E,0,163
20809,0x061F,0,90
20809,0x0620,0,15
20809,0x0621,0,13
20809,0x0622,222,246
20809,0x0624,238,95
20809,0x0625,12,16
20809,0x0626,254,11
20809,0x0627,12,16
20809,0x0628,0,11
20809,0x0629,0,16
20809,0x062A,0,11
20809,0x062B,0,16
20809,0x062C,0,39
20809,0x062D,0,17
20809,0x062E,0,40
20809,0x062F,0,17
20809,0x0630,82,116
20809,0x0631,63,16
20809,0x0632,36,117
20809,0x0633,63,16
20809,0x0634,58,0
20809,0x0635,63,0
20809,0x0636,74,0
20809,0x0637,63,0
20809,0x063C,237,0
20809,0x063D,12,0
20809,0x063E,253,0
20809,0x063F,12,0
20809,0x0642,0,223
20809,0x0643,0,12
20809,0x0644,0,239
20809,0x0645,0,12
20809,0x0646,0,255
20809,0x0647,0,12
20809,0x0648,82,0
20809,0x0649,63,0
20809,0x064A,36,0
20809,0x064B,63,0
20809,0x064C,58,0
20809,0x064D,63,0
20809,0x0650,0,82
20809,0x0651,0,63
20809,0x0652,0,36
20809,0x0653,0,63
20809,0x0874,222,86
20809,0x0875,42,1
20809,0x0876,86,222
20809,0x0877,1,42
20809,0x0894,22,14
20809,0x0895,91,58
20809,0x0896,14,22
20809,0x0897,58,91
20809,0x0900,196,194
20809,0x0904,180,178
20809,0x0908,166,164
20809,0x090C,158,156
20809,0x0910,175,176
20809,0x0912,1,2
20809,0x0914,156,155
20809,0x0918,148,147
20809,0x091C,156,155
20809,0x0920,148,147
20809,0x0924,156,155
20809,0x0928,140,139
20809,0x092C,156,155
20809,0x0930,140,139
20809,0x0936,4,3
20809,0x0937,160,32
20809,0x0938,147,146
20809,0x093A,17,18
20809,0x093C,147,146
20809,0x093E,4,3
20809,0x093F,160,32
20809,0x0940,158,159
20809,0x0941,111,112
20809,0x0942,17,18
20809,0x0944,230,227
20809,0x0948,246,243
20809,0x094C,206,204
20809,0x0950,190,188
20809,0x0955,103,100
20809,0x0959,103,100
20809,0x095C,77,80
20809,0x0960,61,64
20809,0x0964,50,52
20809,0x0965,57,56
20809,0x0968,34,36
20809,0x0969,57,56
20809,0x096C,31,32
20809,0x096D,72,70
20809,0x096E,6,2
20809,0x0970,15,16
20809,0x0971,72,70
20809,0x0972,4,0
20809,0x0974,174,172
20809,0x0976,138,130
20809,0x0978,158,156
20809,0x097A,136,128
20809,0x0B22,87,88
20809,0x0B24,175,176
20809,0x0B26,95,96
20809,0x0B28,190,192
20809,0x0B82,87,88
20809,0x0B84,175,176
20809,0x0B86,95,96
20809,0x0B88,190,192
20809,0x0F99,95,96
20809,0x0F9D,95,96
20809,0x0FD1,95,96
20809,0x0FF0,95,96
20809,0x1010,208,152
20809,0x1011,179,180
20809,0x1013,8,88
20809,0x1016,248,168
20809,0x1024,124,126
20809,0x1026,2,3
20809,0x102C,206,201
20809,0x1037,39,37
20809,0x1051,152,151
20809,0x1066,4,2
20809,0x1076,23,21
20809,0x1090,114,80
20809,0x1093,192,0
20809,0x1096,116,96
20809,0x10A4,119,113
20809,0x10A6,2,4
20809,0x10AC,181,196
20809,0x10B7,57,55
20809,0x10D0,74,16
20809,0x10D1,151,150
20809,0x10D3,96,0
20809,0x10D6,228,224
20809,0x10E4,108,110
20809,0x10E6,1,2
20809,0x10EC,171,166
20809,0x10F7,68,66
20809,0x1110,151,120
20809,0x1111,151,150
20809,0x1116,241,239
20809,0x1124,119,113
20809,0x1126,2,4
20809,0x112C,181,196
20809,0x1137,68,66
20809,0x1150,254,48
20809,0x1151,162,163
20809,0x1153,128,0
20809,0x1154,115,116
20809,0x1156,156,144
20809,0x1164,108,110
20809,0x1166,1,2
20809,0x116C,171,166
20809,0x1177,68,66
20809,0x16D0,216,64
20809,0x16D1,246,243
20809,0x16E6,241,239
20809,0x16F5,178,176
20809,0x16F8,49,47
20809,0x1711,206,204
20809,0x1726,3,1
20809,0x1738,62,60
20809,0x1751,206,204
20809,0x1775,14,12
20809,0x1779,54,52
20809,0x17D0,113,70
20809,0x17D3,163,184
20809,0x17D4,111,108
20809,0x17D6,221,239
20809,0x17D9,134,140
20809,0x17E6,5,3
20809,0x17F5,14,12
20809,0x17F8,24,22
20809,0x1810,217,93
20809,0x1811,77,80
20809,0x1826,211,209
20809,0x1835,202,200
20809,0x1838,3,1
20809,0x1850,185,252
20809,0x1851,50,52
20809,0x1853,58,213
20809,0x1854,65,64
20809,0x1856,26,36
20809,0x1859,189,211
20809,0x1866,233,231
20809,0x1875,119,117
20809,0x1878,9,7
20809,0x1890,0,103
20809,0x1891,31,32
20809,0x1893,233,160
20809,0x1894,80,78
20809,0x1896,172,182
20809,0x1899,203,225
20809,0x189C,9,5
20809,0x189D,3,11
20809,0x18A2,13,65
20809,0x18A3,12,7
20809,0x18A4,25,67
20809,0x18A5,12,7
20809,0x18A6,237,253
20809,0x18AD,43,12
20809,0x18B5,141,139
20809,0x18B8,1,29
20809,0x18BA,121,126
20809,0x18D1,174,172
20809,0x18E4,251,247
20809,0x18E6,1,2
20809,0x18EC,138,147
20809,0x18ED,43,12
20809,0x18F8,30,28
20809,0x1911,174,172
20809,0x1935,14,12
20809,0x1939,22,20
20811,0x0020,156,154
20811,0x0024,128,132
20811,0x0031,40,38
20811,0x0049,3,1
20811,0x0069,49,51
20811,0x006B,235,237
20811,0x006D,0,16
20811,0x007B,96,97
20811,0x00AD,194,196
20811,0x00CD,203,206
20811,0x00CE,95,101
20811,0x00CF,45,55
20811,0x00D0,99,113
20811,0x02F6,40,205
20811,0x0301,8,0
20811,0x0302,76,98
20811,0x0303,14,160
20811,0x0305,4,96
20811,0x0306,152,223
20811,0x0307,1,15
20811,0x0309,40,0
20811,0x030A,76,99
20811,0x030B,14,160
20811,0x030D,18,96
20811,0x030E,152,225
20811,0x030F,1,15
20811,0x0874,86,222
20811,0x0875,1,42
20811,0x0876,222,86
20811,0x0877,42,1
20811,0x0894,14,22
20811,0x0895,58,91
20811,0x0896,22,14
20811,0x0897,91,58
20811,0x0900,194,192
20811,0x0904,178,176
20811,0x0908,164,162
20811,0x090C,156,154
20811,0x0914,155,144
20811,0x0918,147,136
20811,0x091C,155,136
20811,0x091E,52,36
20811,0x0920,147,144
20811,0x0922,36,52
20811,0x0924,155,152
20811,0x0928,139,136
20811,0x092C,155,152
20811,0x0930,139,136
20811,0x0935,102,101
20811,0x0938,146,144
20811,0x0939,105,104
20811,0x093A,18,16
20811,0x093C,146,145
20811,0x0942,18,16
20811,0x0944,227,223
20811,0x0948,243,239
20811,0x094C,204,202
20811,0x094E,134,138
20811,0x0950,188,186
20811,0x0952,132,136
20811,0x0955,100,97
20811,0x0959,100,97
20811,0x095C,80,82
20811,0x0960,64,66
20811,0x0964,52,55
20811,0x0968,36,39
20811,0x096C,32,33
20811,0x096D,70,68
20811,0x0970,16,17
20811,0x0971,70,68
20811,0x0974,172,170
20811,0x0976,130,134
20811,0x0978,156,154
20811,0x097A,128,132
20811,0x0B26,96,97
20811,0x0B28,192,194
20811,0x0B86,96,97
20811,0x0B88,192,194
20811,0x0F99,96,97
20811,0x0F9D,96,97
20811,0x0FD1,96,97
20811,0x0FF0,96,97
20811,0x1010,152,192
20811,0x1013,88,168
20811,0x1016,168,88
20811,0x1026,3,1
20811,0x1037,37,35
20811,0x1051,151,150
20811,0x1064,148,150
20811,0x1066,2,6
20811,0x106C,51,18
20811,0x1076,21,19
20811,0x1090,80,6
20811,0x1093,0,64
20811,0x1094,106,105
20811,0x1096,96,76
20811,0x10A6,4,2
20811,0x10B7,55,53
20811,0x10D0,16,206
20811,0x10D1,150,148
20811,0x10D3,0,160
20811,0x10D4,109,108
20811,0x10D6,224,220
20811,0x10E4,110,106
20811,0x10E6,2,3
20811,0x10EC,166,176
20811,0x10F7,66,64
20811,0x1110,120,85
20811,0x1111,150,149
20811,0x1116,239,237
20811,0x1126,4,2
20811,0x1137,66,64
20811,0x1150,48,74
20811,0x1153,0,128
20811,0x1156,144,132
20811,0x1164,110,106
20811,0x1166,2,3
20811,0x116C,166,176
20811,0x1177,66,64
20811,0x16D0,64,168
20811,0x16D1,243,239
20811,0x16E6,239,237
20811,0x16F5,176,174
20811,0x16F8,47,45
20811,0x1711,204,202
20811,0x1724,249,251
20811,0x1726,1,2
20811,0x172C,147,138
20811,0x1738,60,58
20811,0x1751,204,202
20811,0x1775,12,10
20811,0x1779,52,50
20811,0x17D0,70,63
20811,0x17D3,184,217
20811,0x17D4,108,105
20811,0x17D6,239,1
20811,0x17D7,255,0
20811,0x17D8,255,0
20811,0x17D9,140,146
20811,0x17E6,3,1
20811,0x17F5,12,10
20811,0x17F8,22,20
20811,0x1810,93,225
20811,0x1811,80,82
20811,0x1813,174,228
20811,0x1819,21,29
20811,0x181D,11,4
20811,0x1826,209,207
20811,0x1835,200,198
20811,0x1838,1,38
20811,0x1839,6,2
20811,0x183A,129,133
20811,0x1850,252,83
20811,0x1851,52,55
20811,0x1853,213,156
20811,0x1856,36,46
20811,0x1859,211,233
20811,0x1866,231,229
20811,0x1875,117,115
20811,0x1878,7,5
20811,0x1890,103,226
20811,0x1891,32,33
20811,0x1893,160,131
20811,0x1894,78,76
20811,0x1896,182,192
20811,0x1899,225,247
20811,0x18A6,253,251
20811,0x18B5,139,137
20811,0x18B8,29,27
20811,0x18D1,172,170
20811,0x18E4,247,249
20811,0x18E6,2,3
20811,0x18ED,12,43
20811,0x18F8,28,26
20811,0x1911,172,170
20811,0x1935,12,10
20811,0x1939,20,18
20813,0x0020,154,152
20813,0x0031,38,36
20813,0x0049,1,3
20813,0x0069,51,53
20813,0x006B,237,239
20813,0x006D,16,0
20813,0x007B,97,98
20813,0x00AD,196,198
20813,0x00CD,206,209
20813,0x00CE,101,107
20813,0x00CF,55,65
20813,0x00D0,113,127
20813,0x01FE,4,6
20813,0x02F6,205,40
20813,0x02FD,41,39
20813,0x0301,0,8
20813,0x0302,98,76
20813,0x0303,160,14
20813,0x0305,96,88
20813,0x0306,223,152
20813,0x0307,15,1
20813,0x0309,0,40
20813,0x030A,99,76
20813,0x030B,160,14
20813,0x030D,96,102
20813,0x030E,225,152
20813,0x030F,15,1
20813,0x0315,32,116
20813,0x031D,46,130
20813,0x0325,60,144
20813,0x032D,74,158
20813,0x0874,222,86
20813,0x0875,42,1
20813,0x0876,86,222
20813,0x0877,1,42
20813,0x0894,22,14
20813,0x0895,91,58
20813,0x0896,14,22
20813,0x0897,58,91
20813,0x0900,192,190
20813,0x0904,176,174
20813,0x0908,162,160
20813,0x090C,154,152
20813,0x0912,2,0
20813,0x0914,144,143
20813,0x0918,136,135
20813,0x091C,136,135
20813,0x0920,144,143
20813,0x0924,152,151
20813,0x0928,136,135
20813,0x092C,152,151
20813,0x0930,136,135
20813,0x0934,158,157
20813,0x0935,101,100
20813,0x0936,3,4
20813,0x0938,144,143
20813,0x093C,145,144
20813,0x093E,3,4
20813,0x0941,112,113
20813,0x0944,223,220
20813,0x0948,239,236
20813,0x094C,202,200
20813,0x094E,138,130
20813,0x0950,186,184
20813,0x0952,136,128
20813,0x0955,97,95
20813,0x0956,10,6
20813,0x0959,97,95
20813,0x095A,8,4
20813,0x095C,82,85
20813,0x095D,56,57
20813,0x0960,66,69
20813,0x0961,56,57
20813,0x0964,55,57
20813,0x0968,39,41
20813,0x096C,33,35
20813,0x096D,68,66
20813,0x0970,17,19
20813,0x0971,68,66
20813,0x0974,170,168
20813,0x0978,154,152
20813,0x0B24,176,177
20813,0x0B26,97,98
20813,0x0B28,194,196
20813,0x0B84,176,177
20813,0x0B86,97,98
20813,0x0B88,194,196
20813,0x0F99,97,98
20813,0x0F9D,97,98
20813,0x0FD1,97,98
20813,0x0FF0,97,98
20813,0x1010,192,72
20813,0x1013,168,248
20813,0x1016,88,8
20813,0x1024,126,122
20813,0x1026,1,2
20813,0x102C,201,211
20813,0x1037,35,33
20813,0x1051,150,149
20813,0x1066,6,4
20813,0x1076,19,17
20813,0x1090,6,148
20813,0x1091,162,161
20813,0x1093,64,128
20813,0x1094,105,104
20813,0x1096,76,56
20813,0x10A4,113,115
20813,0x10A6,2,4
20813,0x10AC,196,191
20813,0x10B7,53,51
20813,0x10D0,206,132
20813,0x10D1,148,147
20813,0x10D3,160,64
20813,0x10D6,220,216
20813,0x10E6,3,1
20813,0x10F7,64,62
20813,0x1110,85,46
20813,0x1111,149,148
20813,0x1116,237,235
20813,0x1124,113,115
20813,0x1126,2,4
20813,0x112C,196,191
20813,0x1137,64,62
20813,0x1150,74,76
20813,0x1153,128,0
20813,0x1154,116,117
20813,0x1156,132,120
20813,0x1166,3,1
20813,0x1177,64,62
20813,0x16D0,168,16
20813,0x16D1,239,236
20813,0x16E6,237,235
20813,0x16F5,174,172
20813,0x16F8,45,43
20813,0x1711,202,200
20813,0x1724,251,247
20813,0x1726,2,3
20813,0x172C,138,147
20813,0x172D,43,12
20813,0x1738,58,56
20813,0x1751,202,200
20813,0x1775,10,8
20813,0x1779,50,48
20813,0x17D0,63,92
20813,0x17D3,217,6
20813,0x17D4,105,103
20813,0x17D6,1,19
20813,0x17D9,146,152
20813,0x17E4,23,25
20813,0x17E6,1,254
20813,0x17EC,138,147
20813,0x17F5,10,8
20813,0x17F8,20,18
20813,0x1810,225,101
20813,0x1811,82,85
20813,0x1813,228,42
20813,0x1814,64,65
20813,0x1819,29,37
20813,0x1826,207,205
20813,0x1835,198,196
20813,0x1838,38,36
20813,0x1850,83,190
20813,0x1851,55,57
20813,0x1853,156,143
20813,0x1856,46,56
20813,0x1859,233,255
20813,0x1866,229,227
20813,0x1875,115,113
20813,0x1878,5,3
20813,0x1890,226,113
20813,0x1891,33,35
20813,0x1893,131,146
20813,0x1894,76,74
20813,0x1896,192,202
20813,0x1899,247,13
20813,0x189A,254,255
20813,0x18A6,251,249
20813,0x18B5,137,135
20813,0x18B8,27,25
20813,0x18D1,170,168
20813,0x18E6,3,1
20813,0x18F8,26,24
20813,0x1911,170,168
20813,0x1935,10,8
20813,0x1939,18,16
20815,0x0020,152,150
20815,0x0024,132,136
20815,0x0031,36,34
20815,0x0049,3,1
20815,0x0069,53,55
20815,0x006B,239,241
20815,0x007B,98,99
20815,0x0098,2,1
20815,0x009B,2,1
20815,0x009D,2,1
20815,0x00AD,198,200
20815,0x00CD,209,212
20815,0x00CE,107,113
20815,0x00CF,65,75
20815,0x00D0,127,141
20815,0x00FA,2,1
20815,0x00FB,2,1
20815,0x02F6,40,215
20815,0x02FD,39,41
20815,0x0874,86,222
20815,0x0875,1,42
20815,0x0876,222,86
20815,0x0877,42,1
20815,0x0894,14,22
20815,0x0895,58,91
20815,0x0896,22,14
20815,0x0897,91,58
20815,0x0900,190,188
20815,0x0904,174,172
20815,0x0908,160,158
20815,0x090C,152,150
20815,0x0910,176,175
20815,0x0911,110,111
20815,0x0912,0,1
20815,0x0914,143,142
20815,0x0918,135,134
20815,0x091C,135,134
20815,0x0920,143,142
20815,0x0924,151,150
20815,0x0928,135,134
20815,0x092C,151,150
20815,0x0930,135,134
20815,0x0934,157,156
20815,0x0935,100,99
20815,0x0938,143,142
20815,0x0939,104,103
20815,0x093A,16,17
20815,0x093C,144,143
20815,0x0942,16,17
20815,0x0944,220,216
20815,0x0948,236,232
20815,0x094C,200,198
20815,0x0950,184,182
20815,0x0955,95,92
20815,0x0959,95,92
20815,0x095C,85,87
20815,0x0960,69,71
20815,0x0964,57,60
20815,0x0968,41,44
20815,0x096C,35,37
20815,0x096D,66,64
20815,0x0970,19,21
20815,0x0971,66,64
20815,0x0974,168,166
20815,0x0976,134,138
20815,0x0978,152,150
20815,0x097A,132,136
20815,0x0B26,98,99
20815,0x0B28,196,198
20815,0x0B86,98,99
20815,0x0B88,196,198
20815,0x0F99,98,99
20815,0x0F9D,98,99
20815,0x0FD1,98,99
20815,0x0FF0,98,99
20815,0x1010,72,48
20815,0x1011,180,179
20815,0x1013,248,72
20815,0x1014,114,115
20815,0x1016,8,184
20815,0x1017,0,255
20815,0x1018,0,255
20815,0x1024,122,124
20815,0x1026,2,3
20815,0x102C,211,206
20815,0x1037,33,31
20815,0x1051,149,148
20815,0x1066,4,2
20815,0x1076,17,15
20815,0x1090,148,250
20815,0x1091,161,160
20815,0x1093,128,192
20815,0x1094,104,103
20815,0x1096,56,36
20815,0x10A6,4,2
20815,0x10B7,51,49
20815,0x10D0,132,50
20815,0x10D1,147,146
20815,0x10D3,64,224
20815,0x10D4,108,107
20815,0x10D6,216,212
20815,0x10E4,106,108
20815,0x10E6,1,2
20815,0x10EC,176,171
20815,0x10F7,62,60
20815,0x1110,46,3
20815,0x1111,148,147
20815,0x1116,235,233
20815,0x1126,4,2
20815,0x1137,62,60
20815,0x1150,76,54
20815,0x1153,0,128
20815,0x1156,120,108
20815,0x1164,106,108
20815,0x1166,1,2
20815,0x116C,176,171
20815,0x1177,62,60
20815,0x16D0,16,120
20815,0x16D1,236,232
20815,0x16E6,235,233
20815,0x16F5,172,170
20815,0x16F8,43,41
20815,0x1711,200,198
20815,0x1726,3,1
20815,0x1738,56,54
20815,0x1751,200,198
20815,0x1775,8,6
20815,0x1779,48,46
20815,0x17D0,92,157
20815,0x17D3,6,63
20815,0x17D4,103,100
20815,0x17D6,19,37
20815,0x17D9,152,158
20815,0x17E6,254,252
20815,0x17F5,8,6
20815,0x17F8,18,16
20815,0x1810,101,233
20815,0x1811,85,87
20815,0x1813,42,128
20815,0x1819,37,45
20815,0x1826,205,203
20815,0x1835,196,194
20815,0x1838,36,34
20815,0x1850,190,61
20815,0x1851,57,60
20815,0x1853,143,174
20815,0x1856,56,66
20815,0x1859,255,21
20815,0x185A,255,0
20815,0x185B,255,0
20815,0x1866,227,225
20815,0x1875,113,111
20815,0x1878,3,1
20815,0x1890,113,20
20815,0x1891,35,37
20815,0x1893,146,205
20815,0x1894,74,72
20815,0x1896,202,212
20815,0x1899,13,35
20815,0x18A6,249,247
20815,0x18B5,135,133
20815,0x18B8,25,23
20815,0x18D1,168,166
20815,0x18E4,249,251
20815,0x18E6,1,2
20815,0x18EC,147,138
20815,0x18F8,24,22
20815,0x1911,168,166
20815,0x1935,8,6
20815,0x1939,16,14
20817,0x0004,48,50
20817,0x0020,150,148
20817,0x0024,136,128
20817,0x002A,32,2
20817,0x0031,34,32
20817,0x0049,1,3
20817,0x0069,55,57
20817,0x006B,241,243
20817,0x006D,0,16
20817,0x007B,99,100
20817,0x00AD,200,202
20817,0x00B7,31,33
20817,0x00CD,212,215
20817,0x00CE,113,119
20817,0x00CF,75,85
20817,0x00D0,141,155
20817,0x01FE,6,8
20817,0x02F6,215,40
20817,0x0301,8,0
20817,0x0302,76,98
20817,0x0303,14,192
20817,0x0305,88,0
20817,0x0306,152,226
20817,0x0307,1,15
20817,0x0309,40,0
20817,0x030A,76,99
20817,0x030B,14,192
20817,0x030D,102,192
20817,0x030E,152,226
20817,0x030F,1,15
20817,0x0315,116,200
20817,0x031D,130,214
20817,0x0325,144,228
20817,0x032D,158,242
20817,0x0501,203,153
20817,0x0502,93,86
20817,0x0503,8,20
20817,0x0600,79,0
20817,0x0601,8,0
20817,0x0602,27,0
20817,0x0603,8,0
20817,0x0604,43,0
20817,0x0605,8,0
20817,0x0606,59,0
20817,0x0607,8,0
20817,0x0608,116,83
20817,0x0609,16,63
20817,0x060A,117,37
20817,0x060B,16,63
20817,0x060C,0,59
20817,0x060D,0,63
20817,0x060E,0,75
20817,0x060F,0,63
20817,0x0874,222,86
20817,0x0875,42,1
20817,0x0876,86,222
20817,0x0877,1,42
20817,0x0894,22,14
20817,0x0895,91,58
20817,0x0896,14,22
20817,0x0897,58,91
20817,0x0900,188,186
20817,0x0904,172,170
20817,0x0908,158,156
20817,0x090C,150,148
20817,0x0910,175,173
20817,0x0914,142,137
20817,0x0915,128,88
20817,0x0916,52,37
20817,0x0917,162,34
20817,0x0918,134,129
20817,0x0919,128,88
20817,0x091A,36,52
20817,0x091B,162,34
20817,0x091C,134,137
20817,0x091D,88,128
20817,0x091E,36,37
20817,0x091F,34,162
20817,0x0920,142,129
20817,0x0921,88,128
20817,0x0923,34,162
20817,0x0924,150,161
20817,0x0925,112,104
20817,0x0926,34,36
20817,0x0927,162,34
20817,0x0928,134,161
20817,0x092A,32,36
20817,0x092C,150,145
20817,0x092D,96,112
20817,0x092F,34,162
20817,0x0930,134,129
20817,0x0931,96,112
20817,0x0933,34,162
20817,0x0934,156,145
20817,0x0935,99,96
20817,0x0936,4,34
20817,0x0937,32,34
20817,0x0938,142,129
20817,0x0939,103,96
20817,0x093A,17,32
20817,0x093B,32,34
20817,0x093C,143,156
20817,0x093D,108,99
20817,0x093E,4,5
20817,0x0940,159,140
20817,0x0941,113,103
20817,0x0942,17,18
20817,0x0944,216,141
20817,0x0945,96,108
20817,0x0946,2,5
20817,0x0947,105,32
20817,0x0948,232,159
20817,0x0949,96,114
20817,0x094A,0,18
20817,0x094B,105,32
20817,0x094C,198,212
20817,0x094D,188,96
20817,0x094E,130,2
20817,0x094F,45,105
20817,0x0950,182,228
20817,0x0951,188,96
20817,0x0952,128,0
20817,0x0953,45,105
20817,0x0954,24,196
20817,0x0955,92,188
20817,0x0956,6,134
20817,0x0957,39,45
20817,0x0958,8,180
20817,0x0959,92,188
20817,0x095A,4,132
20817,0x095B,39,45
20817,0x095C,87,25
20817,0x095D,57,89
20817,0x095E,2,6
20817,0x0960,71,9
20817,0x0961,57,89
20817,0x0962,0,4
20817,0x0964,60,90
20817,0x0965,56,57
20817,0x0968,44,74
20817,0x0969,56,57
20817,0x096C,37,62
20817,0x096D,64,56
20817,0x0970,21,46
20817,0x0971,64,56
20817,0x0974,166,38
20817,0x0975,176,63
20817,0x0976,138,2
20817,0x0977,45,39
20817,0x0978,150,22
20817,0x0979,176,63
20817,0x097A,136,0
20817,0x097B,45,39
20817,0x097C,191,164
20817,0x097D,224,176
20817,0x097E,129,130
20817,0x097F,61,45
20817,0x0980,183,148
20817,0x0981,224,176
20817,0x0982,104,128
20817,0x0983,61,45
20817,0x0B02,168,128
20817,0x0B03,2,42
20817,0x0B04,168,128
20817,0x0B07,42,170
20817,0x0B08,0,2
20817,0x0B22,88,89
20817,0x0B24,177,178
20817,0x0B26,99,100
20817,0x0B28,198,200
20817,0x0B82,88,89
20817,0x0B84,177,178
20817,0x0B86,99,100
20817,0x0B88,198,200
20817,0x0F99,99,100
20817,0x0F9D,99,100
20817,0x0FD1,99,100
20817,0x0FF0,99,100
20817,0x1010,48,120
20817,0x1011,179,177
20817,0x1013,72,152
20817,0x1016,184,104
20817,0x1026,3,1
20817,0x1037,31,29
20817,0x1051,148,147
20817,0x1064,150,152
20817,0x1066,2,5
20817,0x106C,18,233
20817,0x106D,35,34
20817,0x1076,15,13
20817,0x1090,250,56
20817,0x1093,192,0
20817,0x1096,36,16
20817,0x10A4,115,117
20817,0x10A6,2,4
20817,0x10AC,191,186
20817,0x10B7,49,47
20817,0x10D0,50,216
20817,0x10D1,146,144
20817,0x10D3,224,128
20817,0x10D6,212,208
20817,0x10E4,108,110
20817,0x10E6,2,3
20817,0x10EC,171,166
20817,0x10F7,60,58
20817,0x1110,3,212
20817,0x1111,147,145
20817,0x1116,233,231
20817,0x1124,115,117
20817,0x1126,2,4
20817,0x112C,191,186
20817,0x1137,60,58
20817,0x1150,54,8
20817,0x1153,128,0
20817,0x1154,117,118
20817,0x1156,108,96
20817,0x1164,108,110
20817,0x1166,2,3
20817,0x116C,171,166
20817,0x1177,60,58
20817,0x16D0,120,224
20817,0x16D1,232,228
20817,0x16E6,233,231
20817,0x16F5,170,168
20817,0x16F8,41,39
20817,0x1711,198,196
20817,0x1724,247,249
20817,0x1726,1,2
20817,0x172D,12,43
20817,0x1738,54,52
20817,0x1751,198,196
20817,0x1775,6,4
20817,0x1779,46,44
20817,0x17D0,157,2
20817,0x17D1,24,25
20817,0x17D3,63,132
20817,0x17D4,100,97
20817,0x17D6,37,55
20817,0x17D9,158,164
20817,0x17E6,252,250
20817,0x17F5,6,4
20817,0x17F8,16,14
20817,0x1810,233,109
20817,0x1811,87,90
20817,0x1813,128,230
20817,0x1819,45,53
20817,0x1826,203,201
20817,0x1835,194,192
20817,0x1838,34,32
20817,0x1850,61,193
20817,0x1851,60,62
20817,0x1866,225,223
20817,0x1875,111,109
20817,0x1878,1,15
20817,0x1879,0,6
20817,0x187A,126,129
20817,0x1890,20,203
20817,0x1891,37,38
20817,0x1893,205,52
20817,0x1894,72,71
20817,0x1896,212,222
20817,0x1899,35,57
20817,0x18A6,247,245
20817,0x18B5,133,131
20817,0x18B8,23,21
20817,0x18D1,166,164
20817,0x18E4,251,247
20817,0x18E6,2,3
20817,0x18EC,138,147
20817,0x18ED,43,12
20817,0x18F8,22,20
20817,0x1911,166,164
20817,0x1935,6,4
20817,0x1939,14,12
20819,0x0020,148,146
20819,0x0031,32,30
20819,0x0049,3,1
20819,0x0069,57,59
20819,0x006B,243,245
20819,0x006D,16,0
20819,0x007B,100,101
20819,0x00AD,202,204
20819,0x00CD,215,218
20819,0x00CE,119,125
20819,0x00CF,85,95
20819,0x00D0,155,169
20819,0x02F6,40,205
20819,0x02FD,41,39
20819,0x0874,86,222
20819,0x0875,1,42
20819,0x0876,222,86
20819,0x0877,42,1
20819,0x0894,14,22
20819,0x0895,58,91
20819,0x0896,22,14
20819,0x0897,91,58
20819,0x0900,186,184
20819,0x0904,170,168
20819,0x0908,156,154
20819,0x090C,148,146
20819,0x0910,173,171
20819,0x0912,1,2
20819,0x0914,137,136
20819,0x0918,129,128
20819,0x091C,137,136
20819,0x0920,129,128
20819,0x0924,161,160
20819,0x0928,161,160
20819,0x092C,145,144
20819,0x0930,129,128
20819,0x0934,145,144
20819,0x0938,129,128
20819,0x093C,156,155
20819,0x093D,99,98
20819,0x0940,140,139
20819,0x0944,141,140
20819,0x0948,159,158
20819,0x094C,212,209
20819,0x0950,228,225
20819,0x0954,196,194
20819,0x0956,134,138
20819,0x0958,180,178
20819,0x095A,132,136
20819,0x095D,89,86
20819,0x0961,89,86
20819,0x0964,90,92
20819,0x0965,57,58
20819,0x0968,74,76
20819,0x0969,57,58
20819,0x096C,62,65
20819,0x0970,46,49
20819,0x0974,38,40
20819,0x0975,63,61
20819,0x0978,22,24
20819,0x0979,63,61
20819,0x097C,164,162
20819,0x0980,148,146
20819,0x0B26,100,101
20819,0x0B28,200,202
20819,0x0B86,100,101
20819,0x0B88,200,202
20819,0x0F99,100,101
20819,0x0F9D,100,101
20819,0x0FD1,100,101
20819,0x0FF0,100,101
20819,0x1010,120,32
20819,0x1011,177,175
20819,0x1013,152,232
20819,0x1016,104,24
20819,0x1024,124,126
20819,0x1026,1,2
20819,0x102C,206,201
20819,0x1037,29,27
20819,0x1051,147,146
20819,0x1066,5,3
20819,0x1076,13,11
20819,0x1090,56,78
20819,0x1091,160,159
20819,0x1093,0,64
20819,0x1094,103,102
20819,0x1096,16,252
20819,0x1097,0,255
20819,0x1098,0,255
20819,0x10A6,4,2
20819,0x10B7,47,45
20819,0x10D0,216,118
20819,0x10D1,144,143
20819,0x10D3,128,32
20819,0x10D6,208,204
20819,0x10E6,3,1
20819,0x10F7,58,56
20819,0x1110,212,161
20819,0x1111,145,144
20819,0x1116,231,229
20819,0x1126,4,2
20819,0x1137,58,56
20819,0x1150,8,194
20819,0x1151,163,162
20819,0x1153,0,128
20819,0x1156,96,84
20819,0x1166,3,1
20819,0x1177,58,56
20819,0x16D0,224,72
20819,0x16D1,228,225
20819,0x16E6,231,229
20819,0x16F5,168,166
20819,0x16F8,39,37
20819,0x1711,196,194
20819,0x1724,249,251
20819,0x1726,2,3
20819,0x172C,147,138
20819,0x1738,52,50
20819,0x1751,196,194
20819,0x1775,4,2
20819,0x1779,44,42
20819,0x17D0,2,139
20819,0x17D3,132,213
20819,0x17D4,97,94
20819,0x17D6,55,73
20819,0x17D9,164,170
20819,0x17E6,250,248
20819,0x17F5,4,2
20819,0x17F8,14,12
20819,0x1810,109,241
20819,0x1811,90,92
20819,0x1813,230,92
20819,0x1814,65,66
20819,0x1819,53,61
20819,0x1826,201,199
20819,0x1835,192,190
20819,0x1838,32,30
20819,0x1850,193,69
20819,0x1851,62,65
20819,0x1866,223,221
20819,0x1875,109,107
20819,0x1878,15,13
20819,0x1890,203,150
20819,0x1891,38,40
20819,0x1893,52,199
20819,0x1894,71,69
20819,0x1896,222,232
20819,0x1899,57,79
20819,0x18A6,245,243
20819,0x18B5,131,129
20819,0x18B8,21,19
20819,0x18D1,164,162
20819,0x18E6,3,1
20819,0x18F8,20,18
20819,0x1911,164,162
20819,0x1935,4,2
20819,0x1939,12,10
20821,0x0020,146,144
20821,0x0024,128,132
20821,0x0025,1,0
20821,0x002C,126,120
20821,0x0031,30,28
20821,0x0049,1,3
20821,0x0069,59,61
20821,0x006B,245,247
20821,0x007B,101,102
20821,0x00AD,204,206
20821,0x00BF,144,152
20821,0x00C2,10,11
20821,0x00CA,5,6
20821,0x00CD,218,221
20821,0x00CE,125,156
20821,0x00CF,95,105
20821,0x00D0,169,183
20821,0x00D1,0,1
20821,0x0173,173,0
20821,0x0174,178,25
20821,0x0175,36,52
20821,0x0176,177,156
20821,0x0177,145,146
20821,0x0178,36,52
20821,0x01FE,8,10
20821,0x02F6,205,40
20821,0x0301,0,8
20821,0x0302,98,76
20821,0x0303,192,14
20821,0x0306,226,153
20821,0x0307,15,1
20821,0x0309,0,40
20821,0x030A,99,76
20821,0x030B,192,14
20821,0x030D,192,14
20821,0x030E,226,153
20821,0x030F,15,1
20821,0x0315,200,28
20821,0x0316,152,153
20821,0x031D,214,42
20821,0x031E,152,153
20821,0x0325,228,56
20821,0x0326,152,153
20821,0x032D,242,70
20821,0x032E,152,153
20821,0x0874,222,86
20821,0x0875,42,1
20821,0x0876,86,222
20821,0x0877,1,42
20821,0x0894,22,14
20821,0x0895,91,58
20821,0x0896,14,22
20821,0x0897,58,91
20821,0x0900,184,167
20821,0x0901,181,173
20821,0x0902,162,164
20821,0x0904,168,183
20821,0x0906,160,166
20821,0x0908,154,151
20821,0x090A,170,174
20821,0x090C,146,151
20821,0x090E,168,172
20821,0x0910,171,168
20821,0x0911,111,112
20821,0x0912,2,0
20821,0x0914,136,135
20821,0x0918,128,127
20821,0x091C,136,135
20821,0x0920,128,127
20821,0x0924,160,159
20821,0x0928,160,159
20821,0x092C,144,143
20821,0x0930,128,127
20821,0x0934,144,143
20821,0x0938,128,127
20821,0x093C,155,154
20821,0x093D,98,97
20821,0x093E,5,4
20821,0x093F,32,160
20821,0x0940,139,138
20821,0x0941,103,102
20821,0x0942,18,16
20821,0x0944,140,139
20821,0x0946,5,4
20821,0x0947,32,160
20821,0x0949,114,115
20821,0x094A,18,16
20821,0x094C,209,205
20821,0x0950,225,221
20821,0x0954,194,192
20821,0x0958,178,176
20821,0x095C,25,26
20821,0x095D,86,84
20821,0x0960,9,10
20821,0x0961,86,84
20821,0x0964,92,95
20821,0x0968,76,79
20821,0x096C,65,67
20821,0x0970,49,51
20821,0x0974,40,42
20821,0x0975,61,60
20821,0x0978,24,26
20821,0x0979,61,60
20821,0x097C,162,160
20821,0x097E,130,134
20821,0x0980,146,144
20821,0x0982,128,132
20821,0x0B24,178,179
20821,0x0B26,101,102
20821,0x0B28,202,204
20821,0x0B84,178,179
20821,0x0B86,101,102
20821,0x0B88,202,204
20821,0x0F99,101,102
20821,0x0F9D,101,102
20821,0x0FD1,101,102
20821,0x0FF0,101,102
20821,0x1010,32,40
20821,0x1011,175,172
20821,0x1013,232,56
20821,0x1014,115,116
20821,0x1016,24,200
20821,0x1017,255,254
20821,0x1024,126,122
20821,0x1026,2,3
20821,0x102C,201,211
20821,0x1037,27,25
20821,0x1051,146,145
20821,0x1066,3,1
20821,0x1076,11,9
20821,0x1090,78,60
20821,0x1091,159,158
20821,0x1093,64,128
20821,0x1094,102,101
20821,0x1096,252,232
20821,0x10A4,117,119
20821,0x10A6,2,4
20821,0x10AC,186,181
20821,0x10B7,45,43
20821,0x10D0,118,12
20821,0x10D1,143,142
20821,0x10D3,32,192
20821,0x10D4,107,106
20821,0x10D6,204,200
20821,0x10E4,110,106
20821,0x10E6,1,2
20821,0x10EC,166,176
20821,0x10F7,56,54
20821,0x1110,161,106
20821,0x1111,144,143
20821,0x1116,229,227
20821,0x1124,117,119
20821,0x1126,2,4
20821,0x112C,186,181
20821,0x1137,56,54
20821,0x1150,194,100
20821,0x1153,128,0
20821,0x1154,118,119
20821,0x1156,84,72
20821,0x1164,110,106
20821,0x1166,1,2
20821,0x116C,166,176
20821,0x1177,56,54
20821,0x16D0,72,176
20821,0x16D1,225,221
20821,0x16E6,229,227
20821,0x16F5,166,164
20821,0x16F8,37,35
20821,0x1711,194,192
20821,0x1726,3,1
20821,0x1738,50,48
20821,0x174D,1,2
20821,0x1751,194,192
20821,0x1762,196,220
20821,0x1764,198,222
20821,0x176C,212,203
20821,0x1775,2,16
20821,0x1779,42,40
20821,0x1780,0,136
20821,0x1790,14,0
20821,0x1791,15,16
20821,0x1793,168,0
20821,0x1794,97,104
20821,0x1796,180,52
20821,0x1797,1,254
20821,0x1798,0,255
20821,0x1799,63,0
20821,0x17AF,5,0
20821,0x17B0,0,1
20821,0x17B5,47,192
20821,0x17BA,141,145
20821,0x17D0,139,56
20821,0x17D1,25,26
20821,0x17D3,213,50
20821,0x17D4,94,92
20821,0x17D6,73,91
20821,0x17D9,170,176
20821,0x17E6,248,246
20821,0x17F5,2,55
20821,0x17F8,12,10
20821,0x1810,241,117
20821,0x1811,92,95
20821,0x1813,92,226
20821,0x1819,61,69
20821,0x1826,199,197
20821,0x1835,190,188
20821,0x1838,30,28
20821,0x1850,69,201
20821,0x1851,65,67
20821,0x1866,221,219
20821,0x1875,107,105
20821,0x1878,13,11
20821,0x1890,150,117
20821,0x1891,40,42
20821,0x1893,199,134
20821,0x1894,69,68
20821,0x1896,232,242
20821,0x1899,79,101
20821,0x18A6,243,241
20821,0x18B5,129,127
20821,0x18B8,19,17
20821,0x18D1,162,160
20821,0x18E4,247,249
20821,0x18E6,1,2
20821,0x18ED,12,43
20821,0x18F8,18,16
20821,0x190D,3,4
20821,0x1911,162,160
20821,0x1922,217,155
20821,0x1923,8,7
20821,0x1924,219,157
20821,0x1925,8,7
20821,0x192C,194,185
20821,0x1935,2,16
20821,0x1939,10,8
20823,0x0020,144,142
20823,0x0024,132,136
20823,0x0025,0,1
20823,0x0031,28,26
20823,0x0049,3,1
20823,0x0069,61,63
20823,0x006B,247,249
20823,0x007B,102,103
20823,0x00AD,206,208
20823,0x00CD,221,224
20823,0x00CE,156,162
20823,0x00CF,105,115
20823,0x00D0,183,197
20823,0x0173,0,173
20823,0x0174,25,178
20823,0x0175,52,36
20823,0x0176,156,177
20823,0x0177,146,145
20823,0x0178,52,36
20823,0x02F6,40,215
20823,0x02FD,39,41
20823,0x0301,8,0
20823,0x0302,76,98
20823,0x0303,14,128
20823,0x0305,0,96
20823,0x0306,153,227
20823,0x0307,1,15
20823,0x0309,40,0
20823,0x030A,76,99
20823,0x030B,14,96
20823,0x030D,14,224
20823,0x030E,153,227
20823,0x030F,1,15
20823,0x0874,86,222
20823,0x0875,1,42
20823,0x0876,222,86
20823,0x0877,42,1
20823,0x0894,14,22
20823,0x0895,58,91
20823,0x0896,22,14
20823,0x0897,91,58
20823,0x0900,167,165
20823,0x0904,183,181
20823,0x0908,151,149
20823,0x090C,151,149
20823,0x0910,168,164
20823,0x0914,135,154
20823,0x0915,88,112
20823,0x0916,37,50
20823,0x0917,34,162
20823,0x0918,127,154
20823,0x0919,88,104
20823,0x091A,52,50
20823,0x091C,135,146
20823,0x091D,128,112
20823,0x091E,37,35
20823,0x0920,127,138
20823,0x0921,128,112
20823,0x0922,52,34
20823,0x0924,159,138
20823,0x0926,36,34
20823,0x0928,159,146
20823,0x0929,112,104
20823,0x092A,36,35
20823,0x092B,162,34
20823,0x092C,143,122
20823,0x092E,34,32
20823,0x0930,127,122
20823,0x0931,112,96
20823,0x0933,162,34
20823,0x0934,143,153
20823,0x0936,34,4
20823,0x0937,34,160
20823,0x0938,127,136
20823,0x0939,96,102
20823,0x093A,32,17
20823,0x093B,34,32
20823,0x093C,154,138
20823,0x093D,97,108
20823,0x0940,138,157
20823,0x0941,102,115
20823,0x0942,16,17
20823,0x0944,139,202
20823,0x0945,108,96
20823,0x0946,4,2
20823,0x0947,160,105
20823,0x0948,158,218
20823,0x0949,115,96
20823,0x094A,16,0
20823,0x094B,32,105
20823,0x094C,205,190
20823,0x094D,96,188
20823,0x094E,2,130
20823,0x094F,105,45
20823,0x0950,221,174
20823,0x0951,96,188
20823,0x0952,0,128
20823,0x0953,105,45
20823,0x0954,192,252
20823,0x0955,188,96
20823,0x0956,138,2
20823,0x0957,45,105
20823,0x0958,176,12
20823,0x0959,188,96
20823,0x095A,136,0
20823,0x095B,45,105
20823,0x095C,26,27
20823,0x095D,84,81
20823,0x0960,10,11
20823,0x0961,84,81
20823,0x0964,95,97
20823,0x0965,58,59
20823,0x0968,79,81
20823,0x0969,58,59
20823,0x096C,67,70
20823,0x0970,51,54
20823,0x0974,42,44
20823,0x0975,60,59
20823,0x0978,26,28
20823,0x0979,60,59
20823,0x097C,160,158
20823,0x097E,134,138
20823,0x0980,144,142
20823,0x0982,132,136
20823,0x0B03,42,2
20823,0x0B04,128,168
20823,0x0B05,170,186
20823,0x0B26,102,103
20823,0x0B28,204,206
20823,0x0B86,102,103
20823,0x0B88,204,206
20823,0x0F99,102,103
20823,0x0F9D,102,103
20823,0x0FD1,102,103
20823,0x0FF0,102,103
20823,0x1010,40,144
20823,0x1011,172,168
20823,0x1013,56,136
20823,0x1016,200,120
20823,0x1026,3,1
20823,0x1037,25,23
20823,0x1051,145,144
20823,0x1064,152,154
20823,0x1066,1,3
20823,0x106C,233,200
20823,0x1076,9,7
20823,0x1090,60,2
20823,0x1091,158,157
20823,0x1093,128,192
20823,0x1094,101,100
20823,0x1096,232,212
20823,0x10A6,4,2
20823,0x10B7,43,41
20823,0x10D0,12,154
20823,0x10D1,142,140
20823,0x10D3,192,96
20823,0x10D6,200,196
20823,0x10E4,106,108
20823,0x10E6,2,3
20823,0x10EC,176,171
20823,0x10F7,54,52
20823,0x1110,106,47
20823,0x1111,143,142
20823,0x1116,227,225
20823,0x1126,4,2
20823,0x1137,54,52
20823,0x1150,100,238
20823,0x1151,162,161
20823,0x1153,0,128
20823,0x1156,72,60
20823,0x1164,106,108
20823,0x1166,2,3
20823,0x116C,176,171
20823,0x1177,54,52
20823,0x16D0,176,24
20823,0x16D1,221,218
20823,0x16E6,227,225
20823,0x16F5,164,162
20823,0x16F8,35,33
20823,0x1711,192,190
20823,0x1724,251,247
20823,0x1726,1,2
20823,0x172C,138,147
20823,0x172D,43,12
20823,0x1738,48,46
20823,0x1751,192,190
20823,0x1775,16,14
20823,0x1779,40,38
20823,0x1780,136,200
20823,0x1790,0,104
20823,0x1791,16,12
20823,0x17A2,65,220
20823,0x17A3,7,8
20823,0x17A4,67,222
20823,0x17A5,7,8
20823,0x17A6,82,253
20823,0x17AC,147,124
20823,0x17B5,192,190
20823,0x17B8,0,61
20823,0x17BA,145,148
20823,0x17D0,56,9
20823,0x17D1,26,27
20823,0x17D3,50,155
20823,0x17D4,92,89
20823,0x17D6,91,109
20823,0x17D9,176,182
20823,0x17E6,246,244
20823,0x17F5,55,53
20823,0x17F8,10,8
20823,0x1810,117,249
20823,0x1811,95,97
20823,0x1813,226,120
20823,0x1814,66,67
20823,0x1819,69,77
20823,0x1826,197,195
20823,0x1835,188,186
20823,0x1838,28,26
20823,0x1850,201,77
20823,0x1851,67,70
20823,0x1866,219,217
20823,0x1875,105,103
20823,0x1878,11,9
20823,0x1890,117,104
20823,0x1891,42,44
20823,0x1893,134,113
20823,0x1894,68,67
20823,0x1896,242,252
20823,0x1899,101,123
20823,0x18A6,241,239
20823,0x18B5,127,125
20823,0x18B8,17,15
20823,0x18D1,160,158
20823,0x18E4,249,251
20823,0x18E6,2,3
20823,0x18EC,147,138
20823,0x18F8,16,14
20823,0x1911,160,158
20823,0x1935,16,14
20825,0x0004,50,52
20825,0x0020,142,140
20825,0x0031,26,24
20825,0x0049,1,3
20825,0x0069,63,65
20825,0x006B,249,251
20825,0x007B,103,104
20825,0x00AD,208,210
20825,0x00CD,224,227
20825,0x00CE,162,168
20825,0x00CF,115,125
20825,0x00D0,197,211
20825,0x01FE,10,12
20825,0x02F6,215,40
20825,0x0301,0,8
20825,0x0302,98,76
20825,0x0303,128,14
20825,0x0305,96,84
20825,0x0306,227,153
20825,0x0307,15,1
20825,0x0309,0,40
20825,0x030A,99,76
20825,0x030B,96,14
20825,0x030D,224,98
20825,0x030E,227,153
20825,0x030F,15,1
20825,0x0315,28,112
20825,0x031D,42,126
20825,0x0325,56,140
20825,0x032D,70,154
20825,0x0501,153,141
20825,0x0502,86,90
20825,0x0508,86,77
20825,0x0509,94,81
20825,0x050A,4,20
20825,0x050B,8,20
20825,0x050F,22,154
20825,0x0510,84,86
20825,0x0512,12,40
20825,0x0600,0,248
20825,0x0601,0,12
20825,0x0602,0,247
20825,0x0603,0,12
20825,0x0604,0,217
20825,0x0605,0,16
20825,0x0606,0,11
20825,0x0607,0,16
20825,0x0608,83,11
20825,0x0609,63,16
20825,0x060A,37,11
20825,0x060B,63,16
20825,0x060C,59,29
20825,0x060D,63,17
20825,0x060E,75,45
20825,0x060F,63,17
20825,0x0610,0,116
20825,0x0611,0,16
20825,0x0612,0,118
20825,0x0613,0,16
20825,0x0614,141,0
20825,0x0615,26,0
20825,0x061C,147,0
20825,0x061D,90,0
20825,0x061E,163,0
20825,0x061F,90,0
20825,0x0620,15,0
20825,0x0621,13,0
20825,0x0622,246,0
20825,0x0623,12,13
20825,0x0624,95,1
20825,0x0625,16,13
20825,0x0626,11,2
20825,0x0627,16,13
20825,0x0628,11,0
20825,0x0629,16,0
20825,0x062A,11,0
20825,0x062B,16,0
20825,0x062C,39,0
20825,0x062D,17,0
20825,0x062E,40,0
20825,0x062F,17,0
20825,0x0630,116,82
20825,0x0631,16,63
20825,0x0632,117,36
20825,0x0633,16,63
20825,0x0634,0,58
20825,0x0635,0,63
20825,0x0636,0,74
20825,0x0637,0,63
20825,0x0874,222,86
20825,0x0875,42,1
20825,0x0876,86,222
20825,0x0877,1,42
20825,0x0894,22,14
20825,0x0895,91,58
20825,0x0896,14,22
20825,0x0897,58,91
20825,0x0900,165,163
20825,0x0904,181,179
20825,0x0908,149,147
20825,0x090C,149,147
20825,0x0910,164,160
20825,0x0912,0,1
20825,0x0914,154,153
20825,0x0918,154,153
20825,0x091C,146,145
20825,0x0920,138,137
20825,0x0924,138,137
20825,0x0928,146,145
20825,0x092C,122,121
20825,0x0930,122,121
20825,0x0934,153,151
20825,0x0936,4,3
20825,0x0937,160,32
20825,0x0938,136,135
20825,0x093C,138,136
20825,0x093E,4,3
20825,0x093F,160,32
20825,0x0941,115,116
20825,0x0944,202,198
20825,0x0948,218,214
20825,0x094C,190,188
20825,0x094E,130,134
20825,0x0950,174,172
20825,0x0952,128,132
20825,0x0954,252,248
20825,0x0958,12,8
20825,0x095D,81,79
20825,0x0961,81,79
20825,0x0964,97,100
20825,0x0965,59,60
20825,0x0968,81,84
20825,0x0969,59,60
20825,0x096C,70,72
20825,0x0970,54,56
20825,0x0974,44,46
20825,0x0975,59,58
20825,0x0978,28,30
20825,0x0979,59,58
20825,0x097C,158,156
20825,0x0980,142,140
20825,0x0B22,89,90
20825,0x0B24,179,180
20825,0x0B26,103,104
20825,0x0B28,206,208
20825,0x0B82,89,90
20825,0x0B84,179,180
20825,0x0B86,103,104
20825,0x0B88,206,208
20825,0x0F99,103,104
20825,0x0F9D,103,104
20825,0x0FD1,103,104
20825,0x0FF0,103,104
20825,0x1010,144,88
20825,0x1011,168,164
20825,0x1013,136,216
20825,0x1016,120,40
20825,0x1024,122,124
20825,0x1026,1,2
20825,0x102C,211,206
20825,0x1037,23,21
20825,0x1051,144,143
20825,0x1066,3,1
20825,0x1076,7,5
20825,0x1090,2,160
20825,0x1091,157,155
20825,0x1093,192,0
20825,0x1096,212,192
20825,0x10A4,119,113
20825,0x10A6,2,4
20825,0x10AC,181,196
20825,0x10B7,41,39
20825,0x10D0,154,32
20825,0x10D1,140,139
20825,0x10D3,96,0
20825,0x10D6,196,192
20825,0x10E6,3,1
20825,0x10F7,52,50
20825,0x1110,47,240
20825,0x1111,142,140
20825,0x1116,225,223
20825,0x1124,119,113
20825,0x1126,2,4
20825,0x112C,181,196
20825,0x1137,52,50
20825,0x1150,238,96
20825,0x1153,128,0
20825,0x1154,119,120
20825,0x1156,60,48
20825,0x1166,3,1
20825,0x1177,52,50
20825,0x16D0,24,128
20825,0x16D1,218,214
20825,0x16E6,225,223
20825,0x16F5,162,160
20825,0x16F8,33,31
20825,0x1711,190,188
20825,0x1724,247,249
20825,0x1726,2,3
20825,0x172D,12,43
20825,0x1738,46,44
20825,0x1751,190,188
20825,0x1775,14,12
20825,0x1779,38,36
20825,0x1790,104,208
20825,0x1791,12,8
20825,0x17A6,253,251
20825,0x17B5,190,188
20825,0x17B8,61,59
20825,0x17D0,9,254
20825,0x17D3,155,16
20825,0x17D4,89,87
20825,0x17D6,109,127
20825,0x17D9,182,188
20825,0x17E6,244,242
20825,0x17F5,53,51
20825,0x17F8,8,6
20825,0x1810,249,125
20825,0x1811,97,100
20825,0x1813,120,30
20825,0x1814,67,68
20825,0x1819,77,85
20825,0x1826,195,193
20825,0x1835,186,184
20825,0x1838,26,24
20825,0x1850,77,209
20825,0x1851,70,72
20825,0x1866,217,215
20825,0x1875,103,101
20825,0x1878,9,7
20825,0x1890,104,111
20825,0x1891,44,46
20825,0x1893,113,136
20825,0x1894,67,66
20825,0x1896,252,6
20825,0x1897,0,1
20825,0x1899,123,145
20825,0x18A6,239,237
20825,0x18B5,125,123
20825,0x18B8,15,13
20825,0x18D1,158,156
20825,0x18E6,3,1
20825,0x18F8,14,12
20825,0x1911,158,156
20825,0x1935,14,12
20827,0x0020,140,138
20827,0x0024,136,128
20827,0x0031,24,22
20827,0x0049,3,1
20827,0x0069,65,67
20827,0x006B,251,253
20827,0x007B,104,105
20827,0x00AD,210,212
20827,0x00CD,227,230
20827,0x00CE,168,174
20827,0x00CF,125,135
20827,0x00D0,211,225
20827,0x02F6,40,210
20827,0x0301,8,0
20827,0x0302,76,98
20827,0x0303,14,128
20827,0x0305,84,64
20827,0x0306,153,228
20827,0x0307,1,15
20827,0x0309,40,0
20827,0x030A,76,99
20827,0x030B,14,96
20827,0x030D,98,192
20827,0x030E,153,228
20827,0x030F,1,15
20827,0x0874,86,222
20827,0x0875,1,42
20827,0x0876,222,86
20827,0x0877,42,1
20827,0x0894,14,22
20827,0x0895,58,91
20827,0x0896,22,14
20827,0x0897,91,58
20827,0x0900,163,161
20827,0x0904,179,177
20827,0x0908,147,145
20827,0x090C,147,145
20827,0x0910,160,155
20827,0x0911,112,113
20827,0x0912,1,2
20827,0x0914,153,145
20827,0x0918,153,137
20827,0x0919,104,112
20827,0x091A,50,35
20827,0x091B,34,162
20827,0x091C,145,129
20827,0x091E,35,34
20827,0x0920,137,145
20827,0x0921,112,104
20827,0x0922,34,50
20827,0x0923,162,34
20827,0x0926,34,35
20827,0x0928,145,129
20827,0x092A,35,34
20827,0x092C,121,113
20827,0x0930,121,113
20827,0x0934,151,150
20827,0x0935,96,95
20827,0x0938,135,133
20827,0x0939,102,101
20827,0x093A,17,18
20827,0x093C,136,135
20827,0x0940,157,156
20827,0x0942,17,18
20827,0x0944,198,194
20827,0x0948,214,210
20827,0x094C,188,186
20827,0x0950,172,170
20827,0x0954,248,245
20827,0x0958,8,5
20827,0x095C,27,29
20827,0x095D,79,76
20827,0x0960,11,13
20827,0x0961,79,76
20827,0x0964,100,103
20827,0x0968,84,87
20827,0x096C,72,75
20827,0x0970,56,59
20827,0x0974,46,48
20827,0x0975,58,57
20827,0x0978,30,32
20827,0x0979,58,57
20827,0x097C,156,154
20827,0x097E,138,130
20827,0x0980,140,138
20827,0x0982,136,128
20827,0x0B26,104,105
20827,0x0B28,208,210
20827,0x0B86,104,105
20827,0x0B88,208,210
20827,0x0F99,104,105
20827,0x0F9D,104,105
20827,0x0FD1,104,105
20827,0x0FF0,104,105
20827,0x1010,88,128
20827,0x1011,164,159
20827,0x1013,216,40
20827,0x1014,116,117
20827,0x1016,40,216
20827,0x1017,254,253
20827,0x1024,124,126
20827,0x1026,2,3
20827,0x102C,206,201
20827,0x1037,21,19
20827,0x1051,143,142
20827,0x1064,154,156
20827,0x1066,1,3
20827,0x106C,200,167
20827,0x1076,5,3
20827,0x1090,160,22
20827,0x1091,155,154
20827,0x1093,0,64
20827,0x1094,100,99
20827,0x1096,192,172
20827,0x10A6,4,2
20827,0x10B7,39,37
20827,0x10D0,32,158
20827,0x10D1,139,137
20827,0x10D3,0,160
20827,0x10D4,106,105
20827,0x10D6,192,188
20827,0x10E4,108,110
20827,0x10E6,1,2
20827,0x10EC,171,166
20827,0x10F7,50,48
20827,0x1110,240,173
20827,0x1111,140,139
20827,0x1116,223,221
20827,0x1126,4,2
20827,0x1137,50,48
20827,0x1150,96,186
20827,0x1151,161,160
20827,0x1153,0,128
20827,0x1156,48,36
20827,0x1164,108,110
20827,0x1166,1,2
20827,0x116C,171,166
20827,0x1177,50,48
20827,0x16D0,128,232
20827,0x16D1,214,210
20827,0x16E6,223,221
20827,0x16F5,160,158
20827,0x16F8,31,29
20827,0x1711,188,186
20827,0x1726,3,1
20827,0x1738,44,42
20827,0x1751,188,186
20827,0x1775,12,10
20827,0x1779,36,34
20827,0x1790,208,56
20827,0x1791,8,5
20827,0x17A6,251,249
20827,0x17B5,188,186
20827,0x17B8,59,57
20827,0x17D0,254,23
20827,0x17D1,27,29
20827,0x17D3,16,145
20827,0x17D4,87,84
20827,0x17D6,127,145
20827,0x17D9,188,194
20827,0x17E6,242,240
20827,0x17F5,51,49
20827,0x17F8,6,4
20827,0x1810,125,1
20827,0x1811,100,103
20827,0x1813,30,212
20827,0x1819,85,93
20827,0x1826,193,191
20827,0x1835,184,182
20827,0x1838,24,22
20827,0x1850,209,85
20827,0x1851,72,75
20827,0x1866,215,213
20827,0x1875,101,99
20827,0x1878,7,5
20827,0x1890,111,138
20827,0x1891,46,48
20827,0x1893,136,203
20827,0x1894,66,65
20827,0x1896,6,16
20827,0x1899,145,167
20827,0x18A6,237,235
20827,0x18B5,123,121
20827,0x18B8,13,11
20827,0x18D1,156,154
20827,0x18E4,251,247
20827,0x18E6,1,2
20827,0x18EC,138,147
20827,0x18ED,43,12
20827,0x18F8,12,10
20827,0x1911,156,154
20827,0x1935,12,10
20829,0x0020,138,136
20829,0x0024,128,132
20829,0x0031,22,20
20829,0x0049,1,3
20829,0x0069,67,69
20829,0x006B,253,255
20829,0x007B,105,106
20829,0x00AD,212,214
20829,0x00CD,230,233
20829,0x00CE,174,180
20829,0x00CF,135,145
20829,0x00D0,225,239
20829,0x01FE,12,14
20829,0x02F6,210,40
20829,0x02FD,41,39
20829,0x0301,0,8
20829,0x0302,98,76
20829,0x0303,128,14
20829,0x0305,64,168
20829,0x0306,228,153
20829,0x0307,15,1
20829,0x0309,0,40
20829,0x030A,99,76
20829,0x030B,96,14
20829,0x030D,192,182
20829,0x030E,228,153
20829,0x030F,15,1
20829,0x0315,112,196
20829,0x031D,126,210
20829,0x0325,140,224
20829,0x032D,154,238
20829,0x0874,222,86
20829,0x0875,42,1
20829,0x0876,86,222
20829,0x0877,1,42
20829,0x0894,22,14
20829,0x0895,91,58
20829,0x0896,14,22
20829,0x0897,58,91
20829,0x0900,161,159
20829,0x0904,177,175
20829,0x0908,145,143
20829,0x090C,145,143
20829,0x0910,155,150
20829,0x0914,145,144
20829,0x0918,137,136
20829,0x091C,129,128
20829,0x0920,145,144
20829,0x0924,137,136
20829,0x0928,129,128
20829,0x092C,113,112
20829,0x0930,113,112
20829,0x0934,150,148
20829,0x0935,95,94
20829,0x0936,3,4
20829,0x0938,133,132
20829,0x093A,18,16
20829,0x093C,135,134
20829,0x093E,3,4
20829,0x0940,156,155
20829,0x0941,116,117
20829,0x0942,18,16
20829,0x0944,194,191
20829,0x0948,210,207
20829,0x094C,186,184
20829,0x094E,134,138
20829,0x0950,170,168
20829,0x0952,132,136
20829,0x0954,245,241
20829,0x0958,5,1
20829,0x095C,29,30
20829,0x095D,76,74
20829,0x0960,13,14
20829,0x0961,76,74
20829,0x0964,103,105
20829,0x0965,60,61
20829,0x0968,87,89
20829,0x0969,60,61
20829,0x096C,75,77
20829,0x0970,59,61
20829,0x0974,48,50
20829,0x0978,32,34
20829,0x097C,154,152
20829,0x097E,130,134
20829,0x0980,138,136
20829,0x0982,128,132
20829,0x0B24,180,181
20829,0x0B26,105,106
20829,0x0B28,210,212
20829,0x0B84,180,181
20829,0x0B86,105,106
20829,0x0B88,210,212
20829,0x0F99,105,106
20829,0x0F9D,105,106
20829,0x0FD1,105,106
20829,0x0FF0,105,106
20829,0x1010,128,8
20829,0x1011,159,154
20829,0x1013,40,120
20829,0x1016,216,136
20829,0x1026,3,1
20829,0x1037,19,17
20829,0x1051,142,141
20829,0x1066,3,1
20829,0x1076,3,1
20829,0x1090,22,100
20829,0x1091,154,152
20829,0x1093,64,128
20829,0x1094,99,98
20829,0x1096,172,152
20829,0x10A4,113,115
20829,0x10A6,2,4
20829,0x10AC,196,191
20829,0x10B7,37,35
20829,0x10D0,158,20
20829,0x10D1,137,136
20829,0x10D3,160,64
20829,0x10D6,188,184
20829,0x10E4,110,106
20829,0x10E6,2,3
20829,0x10EC,166,176
20829,0x10F7,48,46
20829,0x1110,173,102
20829,0x1111,139,138
20829,0x1116,221,219
20829,0x1124,113,115
20829,0x1126,2,4
20829,0x112C,196,191
20829,0x1137,48,46
20829,0x1150,186,252
20829,0x1151,160,159
20829,0x1153,128,0
20829,0x1154,120,121
20829,0x1156,36,24
20829,0x1164,110,106
20829,0x1166,2,3
20829,0x116C,166,176
20829,0x1177,48,46
20829,0x16D0,232,80
20829,0x16D1,210,207
20829,0x16E6,221,219
20829,0x16F5,158,156
20829,0x16F8,29,27
20829,0x1711,186,184
20829,0x1724,249,251
20829,0x1726,1,2
20829,0x172C,147,138
20829,0x1738,42,40
20829,0x1751,186,184
20829,0x1775,10,8
20829,0x1779,34,32
20829,0x1790,56,160
20829,0x1791,5,1
20829,0x17A6,249,247
20829,0x17B5,186,184
20829,0x17B8,57,55
20829,0x17D0,23,84
20829,0x17D1,29,30
20829,0x17D3,145,30
20829,0x17D4,84,82
20829,0x17D6,145,163
20829,0x17D9,194,200
20829,0x17E6,240,238
20829,0x17F5,49,47
20829,0x17F8,4,2
20829,0x1810,1,133
20829,0x1811,103,105
20829,0x1813,212,154
20829,0x1814,68,69
20829,0x1819,93,101
20829,0x1826,191,189
20829,0x1835,182,180
20829,0x1838,22,20
20829,0x1850,85,217
20829,0x1851,75,77
20829,0x1866,213,211
20829,0x1875,99,97
20829,0x1878,5,3
20829,0x1890,138,185
20829,0x1891,48,50
20829,0x1893,203,58
20829,0x1896,16,26
20829,0x1899,167,189
20829,0x18A6,235,233
20829,0x18B5,121,119
20829,0x18B8,11,9
20829,0x18D1,154,152
20829,0x18E4,247,249
20829,0x18E6,2,3
20829,0x18ED,12,43
20829,0x18F8,10,8
20829,0x1911,154,152
20829,0x1935,10,8
20831,0x0020,136,134
20831,0x0031,20,18
20831,0x0049,3,1
20831,0x0069,69,71
20831,0x006B,255,1
20831,0x007B,106,107
20831,0x00AD,214,216
20831,0x00B7,33,25
20831,0x00CD,233,236
20831,0x00CE,180,186
20831,0x00CF,145,155
20831,0x00D0,239,253
20831,0x02F6,40,215
20831,0x0874,86,222
20831,0x0875,1,42
20831,0x0876,222,86
20831,0x0877,42,1
20831,0x0894,14,22
20831,0x0895,58,91
20831,0x0896,22,14
20831,0x0897,91,58
20831,0x0900,159,157
20831,0x0904,175,173
20831,0x0908,143,141
20831,0x090C,143,141
20831,0x0910,150,143
20831,0x0912,2,0
20831,0x0914,144,146
20831,0x0915,112,93
20831,0x0916,50,4
20831,0x0917,162,32
20831,0x0918,136,130
20831,0x0919,112,100
20831,0x091A,35,16
20831,0x091B,162,32
20831,0x091C,128,133
20831,0x091D,112,108
20831,0x091E,34,4
20831,0x091F,162,32
20831,0x0920,144,155
20831,0x0921,104,117
20831,0x0922,50,16
20831,0x0923,34,32
20831,0x0924,136,187
20831,0x0925,104,96
20831,0x0926,35,2
20831,0x0927,34,105
20831,0x0928,128,203
20831,0x0929,104,96
20831,0x092A,34,0
20831,0x092B,34,105
20831,0x092C,112,182
20831,0x092D,112,188
20831,0x092E,32,130
20831,0x092F,162,45
20831,0x0930,112,166
20831,0x0931,96,188
20831,0x0932,32,128
20831,0x0933,34,45
20831,0x0934,148,238
20831,0x0935,94,96
20831,0x0936,4,2
20831,0x0937,32,105
20831,0x0938,132,254
20831,0x0939,101,96
20831,0x093A,16,0
20831,0x093B,32,105
20831,0x093C,134,31
20831,0x093D,108,71
20831,0x093E,4,2
20831,0x093F,32,39
20831,0x0940,155,15
20831,0x0941,117,71
20831,0x0942,16,0
20831,0x0943,32,39
20831,0x0944,191,108
20831,0x0945,96,62
20831,0x0947,105,39
20831,0x0948,207,92
20831,0x0949,96,62
20831,0x094B,105,39
20831,0x094C,184,80
20831,0x094D,188,56
20831,0x094E,138,2
20831,0x094F,45,39
20831,0x0950,168,64
20831,0x0951,188,56
20831,0x0952,136,0
20831,0x0953,45,39
20831,0x0954,241,52
20831,0x0955,96,56
20831,0x0957,105,39
20831,0x0958,1,36
20831,0x0959,96,56
20831,0x095B,105,39
20831,0x095C,30,150
20831,0x095D,74,176
20831,0x095E,6,134
20831,0x095F,39,45
20831,0x0960,14,134
20831,0x0961,74,176
20831,0x0962,4,132
20831,0x0963,39,45
20831,0x0965,61,224
20831,0x0969,61,224
20831,0x096D,56,224
20831,0x0971,56,224
20831,0x0975,57,224
20831,0x0979,57,224
20831,0x097D,176,224
20831,0x0981,176,224
20831,0x0B02,128,168
20831,0x0B03,2,170
20831,0x0B04,168,170
20831,0x0B05,186,170
20831,0x0B06,170,2
20831,0x0B07,170,0
20831,0x0B08,2,0
20831,0x0B26,106,107
20831,0x0B28,212,214
20831,0x0B86,106,107
20831,0x0B88,212,214
20831,0x0F99,106,107
20831,0x0F9D,106,107
20831,0x0FD1,106,107
20831,0x0FF0,106,107
20831,0x1010,8,240
20831,0x1011,154,147
20831,0x1013,120,200
20831,0x1016,136,56
20831,0x1024,126,122
20831,0x1026,1,2
20831,0x102C,201,211
20831,0x1037,17,15
20831,0x1040,208,0
20831,0x1051,141,140
20831,0x1076,1,0
20831,0x1090,100,138
20831,0x1091,152,150
20831,0x1093,128,192
20831,0x1094,98,97
20831,0x1096,152,132
20831,0x10A6,4,2
20831,0x10B7,35,33
20831,0x10D0,20,130
20831,0x10D1,136,134
20831,0x10D3,64,224
20831,0x10D4,105,104
20831,0x10D6,184,180
20831,0x10E6,3,1
20831,0x10F7,46,44
20831,0x1110,102,27
20831,0x1111,138,137
20831,0x1116,219,217
20831,0x1126,4,2
20831,0x1137,46,44
20831,0x1150,252,38
20831,0x1153,0,128
20831,0x1156,24,12
20831,0x1166,3,1
20831,0x1177,46,44
20831,0x16D0,80,184
20831,0x16D1,207,203
20831,0x16E6,219,217
20831,0x16F5,156,154
20831,0x16F8,27,25
20831,0x1711,184,182
20831,0x1724,251,247
20831,0x1726,2,3
20831,0x172C,138,147
20831,0x172D,43,12
20831,0x1738,40,38
20831,0x1751,184,182
20831,0x1775,8,6
20831,0x1779,32,30
20831,0x1790,160,8
20831,0x1791,1,254
20831,0x1792,1,0
20831,0x17A6,247,245
20831,0x17B5,184,182
20831,0x17B8,55,53
20831,0x17D0,84,177
20831,0x17D1,30,31
20831,0x17D3,30,191
20831,0x17D4,82,79
20831,0x17D6,163,177
20831,0x17D9,200,214
20831,0x17DC,9,5
20831,0x17DD,3,11
20831,0x17E2,13,65
20831,0x17E3,12,7
20831,0x17E4,25,67
20831,0x17E5,12,7
20831,0x17E6,238,254
20831,0x17ED,43,12
20831,0x17F5,47,45
20831,0x17F8,2,30
20831,0x17FA,121,126
20831,0x1810,133,9
20831,0x1811,105,108
20831,0x1813,154,112
20831,0x1814,69,70
20831,0x1819,101,109
20831,0x1826,189,187
20831,0x1835,180,178
20831,0x1838,20,18
20831,0x1850,217,93
20831,0x1851,77,80
20831,0x1866,211,209
20831,0x1875,97,95
20831,0x1878,3,1
20831,0x1890,185,252
20831,0x1891,50,52
20831,0x1893,58,213
20831,0x1894,65,64
20831,0x1896,26,36
20831,0x1899,189,211
20831,0x18A6,233,231
20831,0x18B5,119,117
20831,0x18B8,9,7
20831,0x18D1,152,150
20831,0x18E6,3,1
20831,0x18F8,8,6
20831,0x1911,152,150
20831,0x1935,8,6
20833,0x0004,52,54
20833,0x0020,134,132
20833,0x0024,132,136
20833,0x0031,18,16
20833,0x0049,1,3
20833,0x0069,71,73
20833,0x006B,1,3
20833,0x007B,107,108
20833,0x00AD,216,218
20833,0x00CD,236,239
20833,0x00CE,186,192
20833,0x00CF,155,165
20833,0x00D0,253,11
20833,0x01FE,14,16
20833,0x02F6,215,40
20833,0x02FD,39,41
20833,0x0305,168,252
20833,0x030D,182,10
20833,0x030E,153,154
20833,0x0315,196,24
20833,0x0316,153,154
20833,0x031D,210,38
20833,0x031E,153,154
20833,0x0325,224,52
20833,0x0326,153,154
20833,0x032D,238,66
20833,0x032E,153,154
20833,0x0501,141,155
20833,0x0502,90,86
20833,0x0600,248,0
20833,0x0601,12,0
20833,0x0602,247,0
20833,0x0603,12,0
20833,0x0604,217,0
20833,0x0605,16,0
20833,0x0606,11,0
20833,0x0607,16,0
20833,0x0608,11,83
20833,0x0609,16,63
20833,0x060A,11,37
20833,0x060B,16,63
20833,0x060C,29,59
20833,0x060D,17,63
20833,0x060E,45,75
20833,0x060F,17,63
20833,0x0610,116,0
20833,0x0611,16,0
20833,0x0612,118,0
20833,0x0613,16,0
20833,0x0874,222,86
20833,0x0875,42,1
20833,0x0876,86,222
20833,0x0877,1,42
20833,0x0894,22,14
20833,0x0895,91,58
20833,0x0896,14,22
20833,0x0897,58,91
20833,0x0900,157,155
20833,0x0904,173,171
20833,0x0908,141,139
20833,0x090C,141,139
20833,0x0910,143,137
20833,0x0911,113,114
20833,0x0912,0,1
20833,0x0914,146,144
20833,0x0916,4,5
20833,0x0918,130,128
20833,0x091A,16,17
20833,0x091C,133,131
20833,0x091E,4,5
20833,0x0920,155,154
20833,0x0921,117,118
20833,0x0922,16,17
20833,0x0924,187,184
20833,0x0928,203,200
20833,0x092C,182,180
20833,0x0930,166,164
20833,0x0934,238,234
20833,0x0938,254,250
20833,0x093C,31,33
20833,0x093D,71,69
20833,0x0940,15,17
20833,0x0941,71,69
20833,0x0944,108,110
20833,0x0945,62,63
20833,0x0948,92,94
20833,0x0949,62,63
20833,0x094C,80,82
20833,0x0950,64,66
20833,0x0954,52,55
20833,0x0958,36,39
20833,0x095C,150,148
20833,0x095E,134,138
20833,0x0960,134,132
20833,0x0962,132,136
20833,0x0B22,90,91
20833,0x0B24,181,182
20833,0x0B26,107,108
20833,0x0B28,214,216
20833,0x0B82,90,91
20833,0x0B84,181,182
20833,0x0B86,107,108
20833,0x0B88,214,216
20833,0x0F99,107,108
20833,0x0F9D,107,108
20833,0x0FD1,107,108
20833,0x0FF0,107,108
20833,0x1010,240,56
20833,0x1011,147,141
20833,0x1013,200,24
20833,0x1014,117,118
20833,0x1016,56,232
20833,0x1017,253,252
20833,0x1024,122,124
20833,0x1026,2,3
20833,0x102C,211,206
20833,0x1037,15,13
20833,0x1090,138,136
20833,0x1091,150,148
20833,0x1093,192,0
20833,0x1096,132,112
20833,0x10A4,115,117
20833,0x10A6,2,4
20833,0x10AC,191,186
20833,0x10B7,33,31
20833,0x10D0,130,232
20833,0x10D1,134,132
20833,0x10D3,224,128
20833,0x10D6,180,176
20833,0x10E4,106,108
20833,0x10E6,1,2
20833,0x10EC,176,171
20833,0x10F7,44,42
20833,0x1110,27,204
20833,0x1111,137,135
20833,0x1116,217,215
20833,0x1124,115,117
20833,0x1126,2,4
20833,0x112C,191,186
20833,0x1137,44,42
20833,0x1150,38,56
20833,0x1151,159,158
20833,0x1153,128,0
20833,0x1154,121,122
20833,0x1156,12,0
20833,0x1164,106,108
20833,0x1166,1,2
20833,0x116C,176,171
20833,0x1177,44,42
20833,0x16D0,184,32
20833,0x16D1,203,200
20833,0x16E6,217,215
20833,0x16F5,154,152
20833,0x16F8,25,23
20833,0x1711,182,180
20833,0x1726,3,1
20833,0x1738,38,36
20833,0x1751,182,180
20833,0x1775,6,4
20833,0x1779,30,28
20833,0x1790,8,112
20833,0x1791,254,250
20833,0x17A6,245,243
20833,0x17B5,182,180
20833,0x17B8,53,51
20833,0x17D0,177,34
20833,0x17D1,31,33
20833,0x17D3,191,140
20833,0x17D4,79,77
20833,0x17D6,177,187
20833,0x17D9,214,236
20833,0x17E6,254,252
20833,0x17F5,45,43
20833,0x17F8,30,28
20833,0x1810,9,141
20833,0x1811,108,110
20833,0x1813,112,86
20833,0x1814,70,71
20833,0x1819,109,117
20833,0x1826,187,185
20833,0x1835,178,176
20833,0x1838,18,16
20833,0x1850,93,225
20833,0x1851,80,82
20833,0x1853,174,228
20833,0x1859,21,29
20833,0x185D,11,4
20833,0x1866,209,207
20833,0x1875,95,93
20833,0x1878,1,38
20833,0x1879,6,2
20833,0x187A,129,133
20833,0x1890,252,83
20833,0x1891,52,55
20833,0x1893,213,156
20833,0x1896,36,46
20833,0x1899,211,233
20833,0x18A6,231,229
20833,0x18B5,117,115
20833,0x18B8,7,5
20833,0x18D1,150,148
20833,0x18E4,249,251
20833,0x18E6,1,2
20833,0x18EC,147,138
20833,0x18F8,6,4
20833,0x1911,150,148
20833,0x1935,6,4
20835,0x0020,132,130
20835,0x0024,136,128
20835,0x0031,16,14
20835,0x0049,3,1
20835,0x0069,73,75
20835,0x006B,3,5
20835,0x007B,108,109
20835,0x00AD,218,220
20835,0x00CD,239,242
20835,0x00CE,192,198
20835,0x00CF,165,175
20835,0x00D0,11,25
20835,0x02F6,40,210
20835,0x0874,86,222
20835,0x0875,1,42
20835,0x0876,222,86
20835,0x0877,42,1
20835,0x0894,14,22
20835,0x0895,58,91
20835,0x0896,22,14
20835,0x0897,91,58
20835,0x0900,155,153
20835,0x0904,171,169
20835,0x0908,139,137
20835,0x090C,139,137
20835,0x0910,137,129
20835,0x0914,144,142
20835,0x0915,93,92
20835,0x0918,128,127
20835,0x091A,17,18
20835,0x091C,131,130
20835,0x0920,154,153
20835,0x0922,17,18
20835,0x0924,184,180
20835,0x0928,200,196
20835,0x092C,180,178
20835,0x092E,130,134
20835,0x0930,164,162
20835,0x0932,128,132
20835,0x0934,234,230
20835,0x0938,250,246
20835,0x093C,33,34
20835,0x093D,69,67
20835,0x0940,17,18
20835,0x0941,69,67
20835,0x0944,110,113
20835,0x0945,63,64
20835,0x0948,94,97
20835,0x0949,63,64
20835,0x094C,82,85
20835,0x094D,56,57
20835,0x0950,66,69
20835,0x0951,56,57
20835,0x0954,55,57
20835,0x0958,39,41
20835,0x095C,148,146
20835,0x095E,138,130
20835,0x0960,132,130
20835,0x0962,136,128
20835,0x0B26,108,109
20835,0x0B28,216,218
20835,0x0B86,108,109
20835,0x0B88,216,218
20835,0x0F99,108,109
20835,0x0F9D,108,109
20835,0x0FD1,108,109
20835,0x0FF0,108,109
20835,0x1010,56,224
20835,0x1011,141,133
20835,0x1013,24,104
20835,0x1016,232,152
20835,0x1026,3,1
20835,0x1037,13,11
20835,0x1090,136,94
20835,0x1091,148,146
20835,0x1093,0,64
20835,0x1094,97,96
20835,0x1096,112,92
20835,0x10A6,4,2
20835,0x10B7,31,29
20835,0x10D0,232,70
20835,0x10D1,132,131
20835,0x10D3,128,32
20835,0x10D6,176,172
20835,0x10E4,108,110
20835,0x10E6,2,3
20835,0x10EC,171,166
20835,0x10F7,42,40
20835,0x1110,204,121
20835,0x1111,135,134
20835,0x1116,215,213
20835,0x1126,4,2
20835,0x1137,42,40
20835,0x1150,56,50
20835,0x1151,158,157
20835,0x1153,0,128
20835,0x1156,0,244
20835,0x1157,0,255
20835,0x1158,0,255
20835,0x1164,108,110
20835,0x1166,2,3
20835,0x116C,171,166
20835,0x1177,42,40
20835,0x16D0,32,136
20835,0x16D1,200,196
20835,0x16E6,215,213
20835,0x16F5,152,150
20835,0x16F8,23,21
20835,0x1711,180,178
20835,0x1724,247,249
20835,0x1726,1,2
20835,0x172D,12,43
20835,0x1738,36,34
20835,0x1751,180,178
20835,0x1775,4,2
20835,0x1779,28,26
20835,0x1790,112,216
20835,0x1791,250,246
20835,0x17A6,243,241
20835,0x17B5,180,178
20835,0x17B8,51,49
20835,0x17D0,34,167
20835,0x17D1,33,34
20835,0x17D3,140,133
20835,0x17D4,77,75
20835,0x17D6,187,197
20835,0x17D9,236,2
20835,0x17DA,254,255
20835,0x17E6,252,250
20835,0x17F5,43,41
20835,0x17F8,28,26
20835,0x1810,141,17
20835,0x1811,110,113
20835,0x1813,86,76
20835,0x1814,71,72
20835,0x1819,117,125
20835,0x1826,185,183
20835,0x1835,176,174
20835,0x1838,16,14
20835,0x1850,225,101
20835,0x1851,82,85
20835,0x1853,228,42
20835,0x1854,64,65
20835,0x1859,29,37
20835,0x1866,207,205
20835,0x1875,93,91
20835,0x1878,38,36
20835,0x1890,83,190
20835,0x1891,55,57
20835,0x1893,156,143
20835,0x1896,46,56
20835,0x1899,233,255
20835,0x18A6,229,227
20835,0x18B5,115,113
20835,0x18B8,5,3
20835,0x18D1,148,146
20835,0x18E4,251,247
20835,0x18E6,2,3
20835,0x18EC,138,147
20835,0x18ED,43,12
20835,0x18F8,4,2
20835,0x1911,148,146
20835,0x1935,4,2
20837,0x0020,130,129
20837,0x0025,1,0
20837,0x002C,120,116
20837,0x0031,14,12
20837,0x0048,32,0
20837,0x0049,1,0
20837,0x0069,75,77
20837,0x006B,5,7
20837,0x007B,109,110
20837,0x00AD,220,222
20837,0x00CD,242,245
20837,0x00CE,198,204
20837,0x00CF,175,185
20837,0x00D0,25,39
20837,0x00D1,1,2
20837,0x0173,173,0
20837,0x0174,178,25
20837,0x0175,36,53
20837,0x0176,177,156
20837,0x0177,145,146
20837,0x0178,36,52
20837,0x01FE,16,18
20837,0x02F6,210,18
20837,0x0874,222,86
20837,0x0875,42,1
20837,0x0876,86,222
20837,0x0877,1,42
20837,0x0894,22,14
20837,0x0895,91,58
20837,0x0896,14,22
20837,0x0897,58,91
20837,0x0900,153,151
20837,0x0904,169,167
20837,0x090A,174,170
20837,0x090C,137,129
20837,0x090E,172,168
20837,0x0910,129,121
20837,0x0912,1,2
20837,0x0914,142,140
20837,0x0915,92,91
20837,0x0916,5,4
20837,0x0917,32,160
20837,0x0918,127,125
20837,0x0919,100,99
20837,0x091C,130,129
20837,0x091E,5,4
20837,0x091F,32,160
20837,0x0920,153,152
20837,0x0921,118,119
20837,0x0924,180,176
20837,0x0928,196,192
20837,0x092C,178,176
20837,0x092E,134,138
20837,0x0930,162,160
20837,0x0932,132,136
20837,0x0934,230,227
20837,0x0938,246,243
20837,0x093C,34,36
20837,0x093D,67,65
20837,0x0940,18,20
20837,0x0941,67,65
20837,0x0944,113,115
20837,0x0945,64,65
20837,0x0948,97,99
20837,0x0949,64,65
20837,0x094C,85,87
20837,0x0950,69,71
20837,0x0954,57,60
20837,0x0958,41,44
20837,0x095C,146,145
20837,0x0960,130,129
20837,0x0B24,182,183
20837,0x0B26,109,110
20837,0x0B28,218,220
20837,0x0B84,182,183
20837,0x0B86,109,110
20837,0x0B88,218,220
20837,0x0F99,109,110
20837,0x0F9D,109,110
20837,0x0FD1,109,110
20837,0x0FF0,109,110
20837,0x1010,224,232
20837,0x1011,133,125
20837,0x1013,104,184
20837,0x1016,152,72
20837,0x1024,124,126
20837,0x1026,1,2
20837,0x102C,206,201
20837,0x1037,11,9
20837,0x1090,94,12
20837,0x1091,146,144
20837,0x1093,64,128
20837,0x1094,96,95
20837,0x1096,92,72
20837,0x10A4,117,119
20837,0x10A6,2,4
20837,0x10AC,186,181
20837,0x10B7,29,27
20837,0x10D0,70,156
20837,0x10D1,131,129
20837,0x10D3,32,192
20837,0x10D4,104,103
20837,0x10D6,172,168
20837,0x10E6,3,1
20837,0x10F7,40,38
20837,0x1110,121,34
20837,0x1111,134,133
20837,0x1116,213,211
20837,0x1124,117,119
20837,0x1126,2,4
20837,0x112C,186,181
20837,0x1137,40,38
20837,0x1150,50,20
20837,0x1151,157,156
20837,0x1153,128,0
20837,0x1154,122,123
20837,0x1156,244,232
20837,0x1166,3,1
20837,0x1177,40,38
20837,0x16D0,136,240
20837,0x16D1,196,192
20837,0x16E6,213,211
20837,0x16F5,150,148
20837,0x16F8,21,19
20837,0x1711,178,176
20837,0x1724,249,251
20837,0x1726,2,3
20837,0x172C,147,138
20837,0x1738,34,32
20837,0x1751,178,176
20837,0x1775,2,16
20837,0x1779,26,24
20837,0x1790,216,64
20837,0x1791,246,243
20837,0x17A6,241,239
20837,0x17B5,178,176
20837,0x17B8,49,47
20837,0x17D0,167,64
20837,0x17D1,34,36
20837,0x17D3,133,170
20837,0x17D4,75,73
20837,0x17D6,197,207
20837,0x17D9,2,24
20837,0x17E6,250,248
20837,0x17F5,41,39
20837,0x17F8,26,24
20837,0x1810,17,149
20837,0x1811,113,115
20837,0x1813,76,82
20837,0x1814,72,73
20837,0x1819,125,133
20837,0x1826,183,181
20837,0x1835,174,172
20837,0x1838,14,12
20837,0x1850,101,233
20837,0x1851,85,87
20837,0x1853,42,128
20837,0x1859,37,45
20837,0x1866,205,203
20837,0x1875,91,89
20837,0x1878,36,34
20837,0x1890,190,61
20837,0x1891,57,60
20837,0x1893,143,174
20837,0x1896,56,66
20837,0x1899,255,21
20837,0x189A,255,0
20837,0x189B,255,0
20837,0x18A6,227,225
20837,0x18B5,113,111
20837,0x18B8,3,1
20837,0x18C0,200,216
20837,0x18C1,240,219
20837,0x18C2,144,145
20837,0x18D1,146,145
20837,0x18E6,3,2
20837,0x18F8,2,20
20837,0x190D,4,3
20837,0x1911,146,145
20837,0x1922,155,217
20837,0x1923,7,8
20837,0x1924,157,219
20837,0x1925,7,8
20837,0x192C,185,194
20837,0x1935,2,16
20839,0x0020,129,128
20839,0x0025,0,2
20839,0x0031,12,10
20839,0x0069,77,79
20839,0x006B,7,9
20839,0x007B,110,111
20839,0x00AD,222,224
20839,0x00CD,245,248
20839,0x00CE,204,210
20839,0x00CF,185,195
20839,0x00D0,39,53
20839,0x0172,54,52
20839,0x0173,0,173
20839,0x0174,25,178
20839,0x0175,53,52
20839,0x0176,156,107
20839,0x0177,146,176
20839,0x02F6,18,205
20839,0x02FD,41,39
20839,0x0874,86,222
20839,0x0875,1,42
20839,0x0876,222,86
20839,0x0877,42,1
20839,0x0894,14,22
20839,0x0895,58,91
20839,0x0896,22,14
20839,0x0897,91,58
20839,0x0900,151,149
20839,0x0904,167,165
20839,0x0908,137,136
20839,0x090C,129,128
20839,0x0910,121,113
20839,0x0911,114,115
20839,0x0912,2,0
20839,0x0914,140,137
20839,0x0915,91,90
20839,0x0918,125,123
20839,0x091A,18,16
20839,0x091C,129,127
20839,0x0920,152,150
20839,0x0922,18,16
20839,0x0924,176,173
20839,0x0928,192,189
20839,0x092C,176,174
20839,0x0930,160,158
20839,0x0934,227,223
20839,0x0938,243,239
20839,0x093C,36,37
20839,0x093D,65,63
20839,0x0940,20,21
20839,0x0941,65,63
20839,0x0944,115,118
20839,0x0945,65,66
20839,0x0948,99,102
20839,0x0949,65,66
20839,0x094C,87,90
20839,0x0950,71,74
20839,0x0954,60,62
20839,0x0958,44,46
20839,0x095C,145,144
20839,0x0960,129,128
20839,0x0B26,110,111
20839,0x0B28,220,222
20839,0x0B86,110,111
20839,0x0B88,220,222
20839,0x0F99,110,111
20839,0x0F9D,110,111
20839,0x0FD1,110,111
20839,0x0FF0,110,111
20839,0x1010,232,80
20839,0x1011,125,117
20839,0x1013,184,8
20839,0x1014,118,119
20839,0x1016,72,248
20839,0x1017,252,251
20839,0x1024,126,122
20839,0x1026,2,3
20839,0x102C,201,211
20839,0x1037,9,7
20839,0x1090,12,146
20839,0x1091,144,141
20839,0x1093,128,192
20839,0x1094,95,94
20839,0x1096,72,52
20839,0x10A6,4,2
20839,0x10B7,27,25
20839,0x10D0,156,234
20839,0x10D1,129,127
20839,0x10D3,192,96
20839,0x10D6,168,164
20839,0x10E4,110,106
20839,0x10E6,1,2
20839,0x10EC,166,176
20839,0x10F7,38,36
20839,0x1110,34,199
20839,0x1111,133,131
20839,0x1116,211,209
20839,0x1126,4,2
20839,0x1137,38,36
20839,0x1150,20,222
20839,0x1151,156,154
20839,0x1153,0,128
20839,0x1156,232,220
20839,0x1164,110,106
20839,0x1166,1,2
20839,0x116C,166,176
20839,0x1177,38,36
20839,0x16D0,240,88
20839,0x16D1,192,189
20839,0x16E6,211,209
20839,0x16F5,148,146
20839,0x16F8,19,17
20839,0x1711,176,174
20839,0x1726,3,1
20839,0x1738,32,30
20839,0x1751,176,174
20839,0x1775,16,14
20839,0x1779,24,22
20839,0x1790,64,168
20839,0x1791,243,239
20839,0x17A6,239,237
20839,0x17B5,176,174
20839,0x17B8,47,45
20839,0x17D0,64,237
20839,0x17D1,36,37
20839,0x17D3,170,251
20839,0x17D4,73,71
20839,0x17D6,207,217
20839,0x17D9,24,46
20839,0x17E6,248,246
20839,0x17F5,39,37
20839,0x17F8,24,22
20839,0x1810,149,25
20839,0x1811,115,118
20839,0x1813,82,104
20839,0x1814,73,74
20839,0x1819,133,141
20839,0x1826,181,179
20839,0x1835,172,170
20839,0x1838,12,10
20839,0x1850,233,109
20839,0x1851,87,90
20839,0x1853,128,230
20839,0x1859,45,53
20839,0x1866,203,201
20839,0x1875,89,87
20839,0x1878,34,32
20839,0x1890,61,193
20839,0x1891,60,62
20839,0x18A6,225,223
20839,0x18B5,111,109
20839,0x18B8,1,15
20839,0x18B9,0,6
20839,0x18BA,126,129
20839,0x18D1,145,144
20839,0x18F8,20,18
20839,0x1911,145,144
20839,0x1935,16,14
20839,0x1939,8,6
20841,0x0004,54,56
20841,0x0020,128,127
20841,0x0031,10,8
20841,0x0069,79,81
20841,0x006B,9,11
20841,0x007B,111,112
20841,0x00AD,224,226
20841,0x00CD,248,251
20841,0x00CE,210,216
20841,0x00CF,195,205
20841,0x00D0,53,67
20841,0x02F6,205,215
20841,0x02FD,39,41
20841,0x0501,155,87
20841,0x0502,86,94
20841,0x0503,20,4
20841,0x0508,77,23
20841,0x0509,81,84
20841,0x050B,20,4
20841,0x050F,154,142
20841,0x0510,86,90
20841,0x0512,40,24
20841,0x0516,140,78
20841,0x0517,90,81
20841,0x0519,32,44
20841,0x051D,76,156
20841,0x051E,81,86
20841,0x0520,52,64
20841,0x0600,0,116
20841,0x0601,0,16
20841,0x0602,0,118
20841,0x0603,0,16
20841,0x0608,83,0
20841,0x0609,63,0
20841,0x060A,37,177
20841,0x060B,63,26
20841,0x060C,59,142
20841,0x060D,63,26
20841,0x060E,75,0
20841,0x060F,63,0
20841,0x0614,0,146
20841,0x0615,0,90
20841,0x0616,0,162
20841,0x0617,0,90
20841,0x0618,0,9
20841,0x0619,0,13
20841,0x061A,0,191
20841,0x061B,0,12
20841,0x061C,0,95
20841,0x061D,0,16
20841,0x061E,0,153
20841,0x061F,0,17
20841,0x0620,0,11
20841,0x0621,0,16
20841,0x0622,0,11
20841,0x0623,13,16
20841,0x0624,1,30
20841,0x0625,13,17
20841,0x0626,2,46
20841,0x0627,13,17
20841,0x0628,0,116
20841,0x0629,0,16
20841,0x062A,0,117
20841,0x062B,0,16
20841,0x0630,82,0
20841,0x0631,63,0
20841,0x0632,36,0
20841,0x0633,63,0
20841,0x0634,58,0
20841,0x0635,63,0
20841,0x0636,74,0
20841,0x0637,63,0
20841,0x063C,0,233
20841,0x063D,0,12
20841,0x063E,0,249
20841,0x063F,0,12
20841,0x0642,223,0
20841,0x0643,12,0
20841,0x0644,239,0
20841,0x0645,12,0
20841,0x0646,255,0
20841,0x0647,12,0
20841,0x0648,0,82
20841,0x0649,0,63
20841,0x064A,0,36
20841,0x064B,0,63
20841,0x064C,0,58
20841,0x064D,0,63
20841,0x064E,0,74
20841,0x064F,0,63
20841,0x0650,82,0
20841,0x0651,63,0
20841,0x0652,36,0
20841,0x0653,63,0
20841,0x0874,222,86
20841,0x0875,42,1
20841,0x0876,86,222
20841,0x0877,1,42
20841,0x0894,22,14
20841,0x0895,91,58
20841,0x0896,14,22
20841,0x0897,58,91
20841,0x0900,149,147
20841,0x0904,165,163
20841,0x0908,136,135
20841,0x090C,128,127
20841,0x0910,113,104
20841,0x0914,137,134
20841,0x0916,4,3
20841,0x0917,160,32
20841,0x0918,123,122
20841,0x091A,16,17
20841,0x091C,127,126
20841,0x091E,4,3
20841,0x091F,160,32
20841,0x0920,150,149
20841,0x0921,119,120
20841,0x0922,16,17
20841,0x0924,173,169
20841,0x0928,189,185
20841,0x092C,174,172
20841,0x092E,138,130
20841,0x0930,158,156
20841,0x0932,136,128
20841,0x0934,223,220
20841,0x0938,239,236
20841,0x093C,37,39
20841,0x093D,63,62
20841,0x0940,21,23
20841,0x0941,63,62
20841,0x0944,118,120
20841,0x0945,66,67
20841,0x0948,102,104
20841,0x0949,66,67
20841,0x094C,90,92
20841,0x094D,57,58
20841,0x0950,74,76
20841,0x0951,57,58
20841,0x0954,62,65
20841,0x0958,46,49
20841,0x095C,144,143
20841,0x0960,128,127
20841,0x0B22,91,92
20841,0x0B24,183,184
20841,0x0B26,111,112
20841,0x0B28,222,224
20841,0x0B82,91,92
20841,0x0B84,183,184
20841,0x0B86,111,112
20841,0x0B88,222,224
20841,0x0F99,111,112
20841,0x0F9D,111,112
20841,0x0FD1,111,112
20841,0x0FF0,111,112
20841,0x1010,80,24
20841,0x1011,117,108
20841,0x1013,8,88
20841,0x1016,248,168
20841,0x1026,3,1
20841,0x1037,7,5
20841,0x1090,146,240
20841,0x1091,141,138
20841,0x1093,192,0
20841,0x1096,52,32
20841,0x10A4,119,113
20841,0x10A6,2,4
20841,0x10AC,181,196
20841,0x10B7,25,23
20841,0x10D0,234,48
20841,0x10D1,127,126
20841,0x10D3,96,0
20841,0x10D6,164,160
20841,0x10E4,106,108
20841,0x10E6,2,3
20841,0x10EC,176,171
20841,0x10F7,36,34
20841,0x1110,199,104
20841,0x1111,131,130
20841,0x1116,209,207
20841,0x1124,119,113
20841,0x1126,2,4
20841,0x112C,181,196
20841,0x1137,36,34
20841,0x1150,222,144
20841,0x1151,154,153
20841,0x1153,128,0
20841,0x1154,123,124
20841,0x1156,220,208
20841,0x1164,106,108
20841,0x1166,2,3
20841,0x116C,176,171
20841,0x1177,36,34
20841,0x16D0,88,192
20841,0x16D1,189,185
20841,0x16E6,209,207
20841,0x16F5,146,144
20841,0x16F8,17,15
20841,0x1711,174,172
20841,0x1724,251,247
20841,0x1726,1,2
20841,0x172C,138,147
20841,0x172D,43,12
20841,0x1738,30,28
20841,0x1751,174,172
20841,0x1775,14,12
20841,0x1779,22,20
20841,0x1790,168,16
20841,0x1791,239,236
20841,0x17A6,237,235
20841,0x17B5,174,172
20841,0x17B8,45,43
20841,0x17D0,237,174
20841,0x17D1,37,39
20841,0x17D3,251,120
20841,0x17D4,71,70
20841,0x17D6,217,227
20841,0x17D9,46,68
20841,0x17E6,246,244
20841,0x17F5,37,35
20841,0x17F8,22,20
20841,0x1810,25,157
20841,0x1811,118,120
20841,0x1813,104,142
20841,0x1814,74,75
20841,0x1819,141,149
20841,0x1826,179,177
20841,0x1835,170,168
20841,0x1838,10,8
20841,0x1850,109,241
20841,0x1851,90,92
20841,0x1853,230,92
20841,0x1854,65,66
20841,0x1859,53,61
20841,0x1866,201,199
20841,0x1875,87,85
20841,0x1878,32,30
20841,0x1890,193,69
20841,0x1891,62,65
20841,0x18A6,223,221
20841,0x18B5,109,107
20841,0x18B8,15,13
20841,0x18D1,144,143
20841,0x18F8,18,16
20841,0x1911,144,143
20841,0x1935,14,12
20841,0x1939,6,4
20843,0x0020,127,126
20843,0x0031,8,6
20843,0x0069,81,83
20843,0x006B,11,13
20843,0x007B,112,113
20843,0x00AD,226,228
20843,0x00CD,251,254
20843,0x00CE,216,222
20843,0x00CF,205,215
20843,0x00D0,67,81
20843,0x02F6,215,210
20843,0x02FD,41,39
20843,0x0874,86,222
20843,0x0875,1,42
20843,0x0876,222,86
20843,0x0877,42,1
20843,0x0894,14,22
20843,0x0895,58,91
20843,0x0896,22,14
20843,0x0897,91,58
20843,0x0900,147,145
20843,0x0904,163,161
20843,0x0908,135,134
20843,0x090C,127,126
20843,0x0910,104,94
20843,0x0912,0,1
20843,0x0914,134,132
20843,0x0915,90,89
20843,0x0918,122,120
20843,0x0919,99,98
20843,0x091C,126,125
20843,0x0920,149,148
20843,0x0924,169,166
20843,0x0928,185,182
20843,0x092C,172,170
20843,0x092E,130,134
20843,0x0930,156,154
20843,0x0932,128,132
20843,0x0934,220,216
20843,0x0938,236,232
20843,0x093C,39,41
20843,0x093D,62,61
20843,0x0940,23,25
20843,0x0941,62,61
20843,0x0944,120,123
20843,0x0945,67,68
20843,0x0948,104,107
20843,0x0949,67,68
20843,0x094C,92,95
20843,0x0950,76,79
20843,0x0954,65,67
20843,0x0958,49,51
20843,0x095C,143,142
20843,0x0960,127,126
20843,0x0B26,112,113
20843,0x0B28,224,226
20843,0x0B86,112,113
20843,0x0B88,224,226
20843,0x0F99,112,113
20843,0x0F9D,112,113
20843,0x0FD1,112,113
20843,0x0FF0,112,113
20843,0x1010,24,64
20843,0x1011,108,98
20843,0x1013,88,168
20843,0x1016,168,88
20843,0x1024,122,124
20843,0x1026,1,2
20843,0x102C,211,206
20843,0x1037,5,3
20843,0x1090,240,38
20843,0x1091,138,136
20843,0x1093,0,64
20843,0x1094,94,93
20843,0x1096,32,12
20843,0x10A6,4,2
20843,0x10B7,23,21
20843,0x10D0,48,110
20843,0x10D1,126,124
20843,0x10D3,0,160
20843,0x10D4,103,102
20843,0x10D6,160,156
20843,0x10E6,3,1
20843,0x10F7,34,32
20843,0x1110,104,5
20843,0x1111,130,129
20843,0x1116,207,205
20843,0x1126,4,2
20843,0x1137,34,32
20843,0x1150,144,42
20843,0x1151,153,152
20843,0x1153,0,128
20843,0x1156,208,196
20843,0x1166,3,1
20843,0x1177,34,32
20843,0x16D0,192,40
20843,0x16D1,185,182
20843,0x16E6,207,205
20843,0x16F5,144,142
20843,0x16F8,15,13
20843,0x1711,172,170
20843,0x1724,247,249
20843,0x1726,2,3
20843,0x172D,12,43
20843,0x1738,28,26
20843,0x1751,172,170
20843,0x1775,12,10
20843,0x1779,20,18
20843,0x1790,16,120
20843,0x1791,236,232
20843,0x17A6,235,233
20843,0x17B5,172,170
20843,0x17B8,43,41
20843,0x17D0,174,131
20843,0x17D1,39,41
20843,0x17D3,120,33
20843,0x17D4,70,69
20843,0x17D6,227,237
20843,0x17D9,68,90
20843,0x17E6,244,242
20843,0x17F5,35,33
20843,0x17F8,20,18
20843,0x1810,157,33
20843,0x1811,120,123
20843,0x1813,142,196
20843,0x1814,75,76
20843,0x1819,149,157
20843,0x1826,177,175
20843,0x1835,168,166
20843,0x1838,8,6
20843,0x1850,241,117
20843,0x1851,92,95
20843,0x1853,92,226
20843,0x1859,61,69
20843,0x1866,199,197
20843,0x1875,85,83
20843,0x1878,30,28
20843,0x1890,69,201
20843,0x1891,65,67
20843,0x18A6,221,219
20843,0x18B5,107,105
20843,0x18B8,13,11
20843,0x18D1,143,142
20843,0x18F8,16,14
20843,0x1911,143,142
20843,0x1935,12,10
20843,0x1939,4,2
20845,0x0020,126,125
20845,0x0031,6,4
20845,0x0069,83,85
20845,0x006B,13,15
20845,0x007B,113,114
20845,0x0098,1,2
20845,0x009B,1,2
20845,0x009D,1,2
20845,0x00AD,228,230
20845,0x00CD,254,1
20845,0x00CE,222,229
20845,0x00CF,215,225
20845,0x00D0,81,236
20845,0x00D1,2,3
20845,0x00FA,1,2
20845,0x00FB,1,2
20845,0x0174,178,199
20845,0x0175,52,146
20845,0x0176,107,2
20845,0x0177,176,143
20845,0x0178,52,146
20845,0x0874,222,86
20845,0x0875,42,1
20845,0x0876,86,222
20845,0x0877,1,42
20845,0x0894,22,14
20845,0x0895,91,58
20845,0x0896,14,22
20845,0x0897,58,91
20845,0x0900,145,143
20845,0x0904,161,159
20845,0x0908,134,133
20845,0x090C,126,125
20845,0x0910,94,83
20845,0x0912,1,2
20845,0x0914,132,129
20845,0x0915,89,88
20845,0x0916,3,4
20845,0x0918,120,118
20845,0x091A,17,18
20845,0x091C,125,123
20845,0x091E,3,4
20845,0x0920,148,146
20845,0x0921,120,121
20845,0x0922,17,18
20845,0x0924,166,162
20845,0x0928,182,178
20845,0x092C,170,168
20845,0x0930,154,152
20845,0x0934,216,212
20845,0x0938,232,228
20845,0x093C,41,43
20845,0x093D,61,59
20845,0x0940,25,27
20845,0x0941,61,59
20845,0x0944,123,125
20845,0x0945,68,70
20845,0x0948,107,109
20845,0x0949,68,70
20845,0x094C,95,97
20845,0x094D,58,59
20845,0x0950,79,81
20845,0x0951,58,59
20845,0x0954,67,70
20845,0x0958,51,54
20845,0x095C,142,141
20845,0x0960,126,125
20845,0x0B24,184,185
20845,0x0B26,113,114
20845,0x0B28,226,228
20845,0x0B84,184,185
20845,0x0B86,113,114
20845,0x0B88,226,228
20845,0x0F99,113,114
20845,0x0F9D,113,114
20845,0x0FD1,113,114
20845,0x0FF0,113,114
20845,0x1010,64,200
20845,0x1011,98,87
20845,0x1013,168,248
20845,0x1016,88,8
20845,0x1024,124,126
20845,0x1026,2,3
20845,0x102C,206,201
20845,0x1037,3,1
20845,0x1090,38,52
20845,0x1091,136,133
20845,0x1093,64,128
20845,0x1094,93,92
20845,0x1096,12,248
20845,0x1097,255,254
20845,0x10A4,113,115
20845,0x10A6,2,4
20845,0x10AC,196,191
20845,0x10B7,21,19
20845,0x10D0,110,164
20845,0x10D1,124,122
20845,0x10D3,160,64
20845,0x10D6,156,152
20845,0x10E4,108,110
20845,0x10E6,1,2
20845,0x10EC,171,166
20845,0x10F7,32,30
20845,0x1110,5,158
20845,0x1111,129,127
20845,0x1116,205,203
20845,0x1124,113,115
20845,0x1126,2,4
20845,0x112C,196,191
20845,0x1137,32,30
20845,0x1150,42,172
20845,0x1151,152,150
20845,0x1153,128,0
20845,0x1154,124,125
20845,0x1156,196,184
20845,0x1164,108,110
20845,0x1166,1,2
20845,0x116C,171,166
20845,0x1177,32,30
20845,0x16D0,40,144
20845,0x16D1,182,178
20845,0x16E6,205,203
20845,0x16F5,142,140
20845,0x16F8,13,11
20845,0x1711,170,168
20845,0x1726,3,1
20845,0x1738,26,24
20845,0x1751,170,168
20845,0x1775,10,8
20845,0x1779,18,16
20845,0x1790,120,224
20845,0x1791,232,228
20845,0x17A6,233,231
20845,0x17B5,170,168
20845,0x17B8,41,39
20845,0x17D0,131,108
20845,0x17D1,41,43
20845,0x17D3,33,246
20845,0x17D4,69,67
20845,0x17D6,237,247
20845,0x17D9,90,112
20845,0x17E6,242,240
20845,0x17F5,33,31
20845,0x17F8,18,16
20845,0x1810,33,165
20845,0x1811,123,125
20845,0x1813,196,10
20845,0x1814,76,78
20845,0x1819,157,165
20845,0x1826,175,173
20845,0x1835,166,164
20845,0x1838,6,4
20845,0x1850,117,249
20845,0x1851,95,97
20845,0x1853,226,120
20845,0x1854,66,67
20845,0x1859,69,77
20845,0x1866,197,195
20845,0x1875,83,81
20845,0x1878,28,26
20845,0x1890,201,77
20845,0x1891,67,70
20845,0x18A6,219,217
20845,0x18B5,105,103
20845,0x18B8,11,9
20845,0x18D1,142,141
20845,0x18F8,14,12
20845,0x1911,142,141
20845,0x1935,10,8
20845,0x1939,2,48
20847,0x0020,125,124
20847,0x002A,2,128
20847,0x0031,4,2
20847,0x0069,85,87
20847,0x006B,15,17
20847,0x007B,114,115
20847,0x00AD,230,232
20847,0x00B7,25,24
20847,0x00CD,1,4
20847,0x00CE,229,235
20847,0x00CF,225,235
20847,0x00D0,236,250
20847,0x0174,199,178
20847,0x0175,146,52
20847,0x0176,2,107
20847,0x0177,143,176
20847,0x0178,146,52
20847,0x02F6,210,195
20847,0x02FD,39,41
20847,0x0874,86,222
20847,0x0875,1,42
20847,0x0876,222,86
20847,0x0877,42,1
20847,0x0894,14,22
20847,0x0895,58,91
20847,0x0896,22,14
20847,0x0897,91,58
20847,0x0900,143,141
20847,0x0904,159,157
20847,0x0908,133,132
20847,0x090C,125,124
20847,0x0910,83,126
20847,0x0911,115,87
20847,0x0912,2,4
20847,0x0913,98,32
20847,0x0914,129,116
20847,0x0915,88,97
20847,0x0916,4,16
20847,0x0918,118,122
20847,0x0919,98,108
20847,0x091A,18,4
20847,0x091C,123,145
20847,0x091D,108,121
20847,0x091E,4,16
20847,0x0920,146,158
20847,0x0921,121,96
20847,0x0922,18,2
20847,0x0923,32,105
20847,0x0924,162,174
20847,0x0926,2,0
20847,0x0928,178,166
20847,0x0929,96,188
20847,0x092A,0,138
20847,0x092B,105,45
20847,0x092C,168,150
20847,0x092E,134,136
20847,0x0930,152,209
20847,0x0931,188,96
20847,0x0932,132,2
20847,0x0933,45,105
20847,0x0934,212,225
20847,0x0936,2,0
20847,0x0938,228,45
20847,0x0939,96,58
20847,0x093A,0,2
20847,0x093B,105,39
20847,0x093C,43,29
20847,0x093D,59,58
20847,0x093E,2,0
20847,0x0940,27,128
20847,0x0941,59,71
20847,0x0942,0,2
20847,0x0944,125,112
20847,0x0945,70,71
20847,0x0946,2,0
20847,0x0948,109,100
20847,0x0949,70,60
20847,0x094A,0,2
20847,0x094C,97,84
20847,0x094D,59,60
20847,0x094E,2,0
20847,0x0950,81,72
20847,0x0951,59,56
20847,0x0952,0,2
20847,0x0954,70,56
20847,0x0956,2,0
20847,0x0958,54,140
20847,0x0959,56,176
20847,0x095A,0,130
20847,0x095B,39,45
20847,0x095C,141,124
20847,0x095E,130,128
20847,0x0961,176,224
20847,0x0B02,168,170
20847,0x0B06,2,0
20847,0x0B26,114,115
20847,0x0B28,228,230
20847,0x0B86,114,115
20847,0x0B88,228,230
20847,0x0F99,114,115
20847,0x0F9D,114,115
20847,0x0FD1,114,115
20847,0x0FF0,114,115
20847,0x1000,208,0
20847,0x1010,200,208
20847,0x1011,87,81
20847,0x1013,248,32
20847,0x1014,119,120
20847,0x1016,8,224
20847,0x1017,251,250
20847,0x1037,1,0
20847,0x1090,52,26
20847,0x1091,133,130
20847,0x1093,128,192
20847,0x1094,92,91
20847,0x1096,248,228
20847,0x10A6,4,2
20847,0x10B7,19,17
20847,0x10D0,164,210
20847,0x10D1,122,120
20847,0x10D3,64,224
20847,0x10D4,102,101
20847,0x10D6,152,148
20847,0x10E4,110,106
20847,0x10E6,2,3
20847,0x10EC,166,176
20847,0x10F7,30,28
20847,0x1110,158,51
20847,0x1111,127,126
20847,0x1116,203,201
20847,0x1126,4,2
20847,0x1137,30,28
20847,0x1150,172,22
20847,0x1151,150,149
20847,0x1153,0,128
20847,0x1156,184,172
20847,0x1164,110,106
20847,0x1166,2,3
20847,0x116C,166,176
20847,0x1177,30,28
20847,0x16D0,144,248
20847,0x16D1,178,174
20847,0x16E6,203,201
20847,0x16F5,140,138
20847,0x16F8,11,9
20847,0x1711,168,166
20847,0x1724,249,251
20847,0x1726,1,2
20847,0x172C,147,138
20847,0x1738,24,22
20847,0x1751,168,166
20847,0x1775,8,6
20847,0x1779,16,14
20847,0x1790,224,72
20847,0x1791,228,225
20847,0x17A6,231,229
20847,0x17B5,168,166
20847,0x17B8,39,37
20847,0x17D0,108,105
20847,0x17D1,43,45
20847,0x17D3,246,247
20847,0x17D4,67,66
20847,0x17D6,247,1
20847,0x17D7,0,1
20847,0x17D9,112,134
20847,0x17E6,240,238
20847,0x17F5,31,29
20847,0x17F8,16,14
20847,0x1810,165,41
20847,0x1811,125,128
20847,0x1813,10,96
20847,0x1814,78,79
20847,0x1819,165,173
20847,0x1826,173,171
20847,0x1835,164,162
20847,0x1838,4,2
20847,0x1850,249,125
20847,0x1851,97,100
20847,0x1853,120,30
20847,0x1854,67,68
20847,0x1859,77,85
20847,0x1866,195,193
20847,0x1875,81,79
20847,0x1878,26,24
20847,0x1890,77,209
20847,0x1891,70,72
20847,0x18A6,217,215
20847,0x18B5,103,101
20847,0x18B8,9,7
20847,0x18D1,141,140
20847,0x18F8,12,10
20847,0x1911,141,140
20847,0x1935,8,6
20847,0x1939,48,46
20849,0x0000,116,231
20849,0x0001,146,175
20849,0x0004,56,58
20849,0x0020,124,123
20849,0x0031,2,4
20849,0x0034,60,58
20849,0x0069,87,89
20849,0x006B,17,19
20849,0x0076,15,14
20849,0x007B,115,116
20849,0x00AD,232,234
20849,0x00BF,152,160
20849,0x00C2,11,12
20849,0x00CA,6,7
20849,0x00CD,4,7
20849,0x00CE,235,241
20849,0x00CF,235,245
20849,0x00D0,250,8
20849,0x013D,53,133
20849,0x013E,195,198
20849,0x0176,107,240
20849,0x0177,176,175
20849,0x0178,52,2
20849,0x0501,87,157
20849,0x0502,94,86
20849,0x0503,4,20
20849,0x0600,116,0
20849,0x0601,16,0
20849,0x0602,118,0
20849,0x0603,16,0
20849,0x0608,0,83
20849,0x0609,0,63
20849,0x060A,177,37
20849,0x060B,26,63
20849,0x060C,142,59
20849,0x060D,26,63
20849,0x060E,0,75
20849,0x060F,0,63
20849,0x0874,222,86
20849,0x0875,42,1
20849,0x0876,86,222
20849,0x0877,1,42
20849,0x0894,22,14
20849,0x0895,91,58
20849,0x0896,14,22
20849,0x0897,58,91
20849,0x0900,141,139
20849,0x0904,157,155
20849,0x0908,132,131
20849,0x090C,124,123
20849,0x0910,126,122
20849,0x0912,4,5
20849,0x0914,116,114
20849,0x0918,122,120
20849,0x091A,4,5
20849,0x091C,145,143
20849,0x091D,121,122
20849,0x0920,158,155
20849,0x0924,174,171
20849,0x0928,166,164
20849,0x092A,138,130
20849,0x092C,150,148
20849,0x092E,136,128
20849,0x0930,209,205
20849,0x0934,225,221
20849,0x0938,45,47
20849,0x093C,29,31
20849,0x0940,128,130
20849,0x0941,71,72
20849,0x0944,112,114
20849,0x0945,71,72
20849,0x0948,100,103
20849,0x094C,84,87
20849,0x0950,72,75
20849,0x0954,56,59
20849,0x0958,140,139
20849,0x095C,124,123
20849,0x0B22,92,93
20849,0x0B24,185,186
20849,0x0B26,115,116
20849,0x0B28,230,232
20849,0x0B82,92,93
20849,0x0B84,185,186
20849,0x0B86,115,116
20849,0x0B88,230,232
20849,0x0F99,115,116
20849,0x0F9D,115,116
20849,0x0FD1,115,116
20849,0x0FF0,115,116
20849,0x1090,26,216
20849,0x1091,130,126
20849,0x1093,192,0
20849,0x1096,228,208
20849,0x10A4,115,117
20849,0x10A6,2,4
20849,0x10AC,191,186
20849,0x10B7,17,15
20849,0x10D0,210,248
20849,0x10D1,120,118
20849,0x10D3,224,128
20849,0x10D6,148,144
20849,0x10E6,3,1
20849,0x10F7,28,26
20849,0x1110,51,196
20849,0x1111,126,124
20849,0x1116,201,199
20849,0x1124,115,117
20849,0x1126,2,4
20849,0x112C,191,186
20849,0x1137,28,26
20849,0x1150,22,104
20849,0x1151,149,147
20849,0x1153,128,0
20849,0x1154,125,126
20849,0x1156,172,160
20849,0x1166,3,1
20849,0x1177,28,26
20849,0x16D0,248,96
20849,0x16D1,174,171
20849,0x16E6,201,199
20849,0x16F5,138,136
20849,0x16F8,9,7
20849,0x1711,166,164
20849,0x1724,251,247
20849,0x1726,2,3
20849,0x172C,138,147
20849,0x172D,43,12
20849,0x1738,22,20
20849,0x1751,166,164
20849,0x1775,6,4
20849,0x1779,14,12
20849,0x1790,72,176
20849,0x1791,225,221
20849,0x17A6,229,227
20849,0x17B5,166,164
20849,0x17B8,37,35
20849,0x17D0,105,122
20849,0x17D1,45,47
20849,0x17D3,247,36
20849,0x17D6,1,11
20849,0x17D9,134,156
20849,0x17E6,238,236
20849,0x17F5,29,27
20849,0x17F8,14,12
20849,0x1810,41,176
20849,0x1811,128,130
20849,0x1813,96,191
20849,0x1814,79,80
20849,0x1816,66,69
20849,0x1819,173,174
20849,0x181C,5,3
20849,0x181D,4,253
20849,0x1826,171,169
20849,0x1835,162,160
20849,0x1838,2,38
20849,0x1839,2,0
20849,0x183A,133,138
20849,0x1850,125,1
20849,0x1851,100,103
20849,0x1853,30,212
20849,0x1859,85,93
20849,0x1866,193,191
20849,0x1875,79,77
20849,0x1878,24,22
20849,0x1890,209,85
20849,0x1891,72,75
20849,0x18A6,215,213
20849,0x18B5,101,99
20849,0x18B8,7,5
20849,0x18D1,140,139
20849,0x18F8,10,8
20849,0x1911,140,139
20849,0x1935,6,4
20849,0x1939,46,44
20849,0x1940,0,136
20849,0x1941,0,74
20849,0x1942,0,176
20849,0x1943,0,2
20849,0x1944,0,54
20849,0x1945,0,177
20849,0x1946,0,2
20849,0x1948,0,3
20849,0x194A,0,2
20849,0x194B,0,3
20849,0x194C,0,9
20849,0x1951,0,16
20849,0x1952,0,1
20849,0x1954,0,104
20849,0x1956,0,52
20849,0x1957,0,254
20849,0x1958,0,255
20849,0x195E,0,9
20849,0x195F,0,12
20849,0x1960,0,154
20849,0x1961,0,2
20849,0x1967,0,8
20849,0x1969,0,1
20849,0x196A,0,238
20849,0x196B,0,4
20849,0x1970,0,1
20849,0x1975,0,192
20849,0x1976,0,110
20849,0x197A,0,145
20849,0x197B,0,193
20851,0x0000,231,74
20851,0x0001,175,176
20851,0x0020,123,12
20851,0x0022,176,96
20851,0x0024,128,0
20851,0x0026,45,105
20851,0x0028,44,40
20851,0x002A,128,12
20851,0x0031,4,2
20851,0x0069,89,91
20851,0x006B,19,21
20851,0x007B,116,117
20851,0x00AD,234,236
20851,0x00B7,24,26
20851,0x00CD,7,10
20851,0x00CE,241,247
20851,0x00CF,245,255
20851,0x00D0,8,22
20851,0x0176,240,107
20851,0x0177,175,176
20851,0x0178,2,52
20851,0x01B9,192,64
20851,0x01BA,24,25
20851,0x02F6,195,190
20851,0x02FD,41,39
20851,0x0874,86,222
20851,0x0875,1,42
20851,0x0876,222,86
20851,0x0877,42,1
20851,0x0894,14,22
20851,0x0895,58,91
20851,0x0896,22,14
20851,0x0897,91,58
20851,0x0900,139,137
20851,0x0904,155,153
20851,0x0908,131,130
20851,0x090C,123,122
20851,0x0910,122,119
20851,0x0911,87,86
20851,0x0914,114,113
20851,0x0916,16,17
20851,0x0918,120,119
20851,0x091C,143,141
20851,0x091E,16,17
20851,0x0920,155,151
20851,0x0924,171,167
20851,0x0928,164,162
20851,0x092C,148,146
20851,0x0930,205,202
20851,0x0934,221,218
20851,0x0938,47,49
20851,0x0939,58,57
20851,0x093C,31,33
20851,0x093D,58,57
20851,0x0940,130,133
20851,0x0941,72,74
20851,0x0944,114,117
20851,0x0945,72,74
20851,0x0948,103,105
20851,0x0949,60,61
20851,0x094C,87,89
20851,0x094D,60,61
20851,0x0950,75,77
20851,0x0954,59,61
20851,0x0958,139,138
20851,0x095C,123,122
20851,0x0960,125,252
20851,0x0961,224,96
20851,0x0962,128,2
20851,0x0963,45,105
20851,0x0964,105,12
20851,0x0965,224,96
20851,0x0966,2,0
20851,0x0967,39,105
20851,0x0B06,0,14
20851,0x0B26,116,117
20851,0x0B28,232,234
20851,0x0B86,116,117
20851,0x0B88,232,234
20851,0x0F99,116,117
20851,0x0F9D,116,117
20851,0x0FD1,116,117
20851,0x0FF0,116,117
20851,0x1090,216,110
20851,0x1091,126,123
20851,0x1093,0,64
20851,0x1094,91,90
20851,0x1096,208,188
20851,0x10A6,4,2
20851,0x10B7,15,13
20851,0x10D0,248,22
20851,0x10D1,118,117
20851,0x10D3,128,32
20851,0x10D6,144,140
20851,0x10E4,106,108
20851,0x10E6,1,2
20851,0x10EC,176,171
20851,0x10F7,26,24
20851,0x1110,196,81
20851,0x1111,124,123
20851,0x1116,199,197
20851,0x1126,4,2
20851,0x1137,26,24
20851,0x1150,104,162
20851,0x1151,147,145
20851,0x1153,0,128
20851,0x1156,160,148
20851,0x1164,106,108
20851,0x1166,1,2
20851,0x116C,176,171
20851,0x1177,26,24
20851,0x16D0,96,200
20851,0x16D1,171,167
20851,0x16E6,199,197
20851,0x16F5,136,134
20851,0x16F8,7,5
20851,0x1711,164,162
20851,0x1726,3,1
20851,0x1738,20,18
20851,0x1751,164,162
20851,0x1775,4,2
20851,0x1779,12,10
20851,0x1790,176,24
20851,0x1791,221,218
20851,0x17A6,227,225
20851,0x17B5,164,162
20851,0x17B8,35,33
20851,0x17D0,122,159
20851,0x17D1,47,49
20851,0x17D3,36,125
20851,0x17D4,66,65
20851,0x17D6,11,21
20851,0x17D9,156,178
20851,0x17E6,236,234
20851,0x17F5,27,25
20851,0x17F8,12,10
20851,0x1810,176,67
20851,0x1811,130,133
20851,0x1813,191,18
20851,0x1814,80,82
20851,0x1816,69,75
20851,0x1819,174,168
20851,0x1826,169,167
20851,0x1835,160,158
20851,0x1838,38,36
20851,0x1850,1,133
20851,0x1851,103,105
20851,0x1853,212,154
20851,0x1854,68,69
20851,0x1859,93,101
20851,0x1866,191,189
20851,0x1875,77,75
20851,0x1878,22,20
20851,0x1890,85,217
20851,0x1891,75,77
20851,0x18A6,213,211
20851,0x18B5,99,97
20851,0x18B8,5,3
20851,0x18D1,139,138
20851,0x18F8,8,6
20851,0x1911,139,138
20851,0x1935,4,2
20851,0x1939,44,42
20851,0x1940,136,200
20851,0x1950,0,104
20851,0x1951,16,12
20851,0x1962,0,220
20851,0x1963,0,8
20851,0x1964,0,222
20851,0x1965,0,8
20851,0x1966,0,253
20851,0x196C,0,124
20851,0x196D,0,12
20851,0x1975,192,190
20851,0x1978,0,61
20851,0x1979,0,6
20851,0x197A,145,148
20853,0x0020,12,8
20853,0x0025,2,0
20853,0x0029,0,1
20853,0x002B,0,1
20853,0x002C,116,112
20853,0x0031,2,4
20853,0x0069,91,93
20853,0x006B,21,23
20853,0x0076,14,13
20853,0x007B,117,118
20853,0x00AD,236,238
20853,0x00CD,10,13
20853,0x00CE,247,253
20853,0x00CF,255,9
20853,0x00D0,22,37
20853,0x0171,227,68
20853,0x0173,173,0
20853,0x0174,178,25
20853,0x02FD,39,41
20853,0x0874,222,86
20853,0x0875,42,1
20853,0x0876,86,222
20853,0x0877,1,42
20853,0x0894,22,14
20853,0x0895,91,58
20853,0x0896,14,22
20853,0x0897,58,91
20853,0x0900,137,150
20853,0x0901,173,181
20853,0x0902,164,162
20853,0x0904,153,134
20853,0x0906,166,160
20853,0x0908,130,112
20853,0x0909,169,161
20853,0x090A,170,164
20853,0x090C,122,128
20853,0x090D,153,169
20853,0x090E,168,166
20853,0x0910,119,115
20853,0x0911,86,85
20853,0x0912,5,4
20853,0x0913,32,160
20853,0x0914,113,111
20853,0x0915,97,96
20853,0x0916,17,18
20853,0x0918,119,117
20853,0x091A,5,4
20853,0x091B,32,160
20853,0x091C,141,139
20853,0x091D,122,123
20853,0x091E,17,18
20853,0x0920,151,148
20853,0x0924,167,164
20853,0x0928,162,160
20853,0x092A,130,134
20853,0x092C,146,144
20853,0x092E,128,132
20853,0x0930,202,198
20853,0x0934,218,214
20853,0x0938,49,51
20853,0x093C,33,35
20853,0x0940,133,135
20853,0x0941,74,75
20853,0x0944,117,119
20853,0x0945,74,75
20853,0x0948,105,108
20853,0x0949,61,62
20853,0x094C,89,92
20853,0x094D,61,62
20853,0x0950,77,80
20853,0x0954,61,64
20853,0x0958,138,137
20853,0x095C,122,121
20853,0x0960,252,248
20853,0x0964,12,8
20853,0x0B24,186,187
20853,0x0B26,117,118
20853,0x0B28,234,236
20853,0x0B84,186,187
20853,0x0B86,117,118
20853,0x0B88,234,236
20853,0x0F99,117,118
20853,0x0F9D,117,118
20853,0x0FD1,117,118
20853,0x0FF0,117,118
20853,0x1090,110,220
20853,0x1091,123,119
20853,0x1093,64,128
20853,0x1094,90,89
20853,0x1096,188,168
20853,0x10A4,117,119
20853,0x10A6,2,4
20853,0x10AC,186,181
20853,0x10B7,13,11
20853,0x10D0,22,44
20853,0x10D1,117,115
20853,0x10D3,32,192
20853,0x10D4,101,100
20853,0x10D6,140,136
20853,0x10E4,108,110
20853,0x10E6,2,3
20853,0x10EC,171,166
20853,0x10F7,24,22
20853,0x1110,81,218
20853,0x1111,123,121
20853,0x1116,197,195
20853,0x1124,117,119
20853,0x1126,2,4
20853,0x112C,186,181
20853,0x1137,24,22
20853,0x1150,162,196
20853,0x1151,145,143
20853,0x1153,128,0
20853,0x1154,126,127
20853,0x1156,148,136
20853,0x1164,108,110
20853,0x1166,2,3
20853,0x116C,171,166
20853,0x1177,24,22
20853,0x16D0,200,48
20853,0x16D1,167,164
20853,0x16E6,197,195
20853,0x16F5,134,132
20853,0x16F8,5,3
20853,0x1711,162,160
20853,0x1724,247,249
20853,0x1726,1,2
20853,0x172D,12,43
20853,0x1738,18,16
20853,0x174D,2,1
20853,0x1751,162,160
20853,0x1762,220,196
20853,0x1764,222,198
20853,0x176C,203,212
20853,0x1775,2,16
20853,0x1779,10,8
20853,0x1790,24,128
20853,0x1791,218,214
20853,0x17A6,225,223
20853,0x17B5,162,160
20853,0x17B8,33,31
20853,0x17D0,159,216
20853,0x17D1,49,51
20853,0x17D3,125,2
20853,0x17D6,21,31
20853,0x17D9,178,200
20853,0x17E6,234,232
20853,0x17F5,25,23
20853,0x17F8,10,8
20853,0x1810,67,226
20853,0x1811,133,135
20853,0x1813,18,89
20853,0x1814,82,83
20853,0x1816,75,81
20853,0x1819,168,162
20853,0x1826,167,165
20853,0x1835,158,156
20853,0x1838,36,34
20853,0x1850,133,9
20853,0x1851,105,108
20853,0x1853,154,112
20853,0x1854,69,70
20853,0x1859,101,109
20853,0x1866,189,187
20853,0x1875,75,73
20853,0x1878,20,18
20853,0x1890,217,93
20853,0x1891,77,80
20853,0x18A6,211,209
20853,0x18B5,97,95
20853,0x18B8,3,1
20853,0x18D1,138,137
20853,0x18F8,6,4
20853,0x190D,3,2
20853,0x1911,138,137
20853,0x1922,217,220
20853,0x1924,219,222
20853,0x192C,194,203
20853,0x1935,2,16
20853,0x1939,42,40
20853,0x1950,104,208
20853,0x1951,12,8
20853,0x1966,253,251
20853,0x1975,190,188
20853,0x1978,61,59
20855,0x0020,8,5
20855,0x0025,0,2
20855,0x002B,1,0
20855,0x0031,4,2
20855,0x0069,93,95
20855,0x006B,23,25
20855,0x007B,118,119
20855,0x00AD,238,240
20855,0x00CD,13,16
20855,0x00CE,253,3
20855,0x00CF,9,20
20855,0x00D0,37,51
20855,0x0173,0,173
20855,0x0174,25,178
20855,0x02F6,190,185
20855,0x0874,86,222
20855,0x0875,1,42
20855,0x0876,222,86
20855,0x0877,42,1
20855,0x0894,14,22
20855,0x0895,58,91
20855,0x0896,22,14
20855,0x0897,91,58
20855,0x0900,150,148
20855,0x0904,134,132
20855,0x0908,112,111
20855,0x090C,128,127
20855,0x0910,115,112
20855,0x0911,85,84
20855,0x0914,111,109
20855,0x0918,117,116
20855,0x091C,139,137
20855,0x0920,148,144
20855,0x0924,164,160
20855,0x0928,160,158
20855,0x092A,134,138
20855,0x092C,144,142
20855,0x092E,132,136
20855,0x0930,198,194
20855,0x0934,214,210
20855,0x0938,51,54
20855,0x0939,57,56
20855,0x093C,35,38
20855,0x093D,57,56
20855,0x0940,135,138
20855,0x0941,75,76
20855,0x0944,119,122
20855,0x0945,75,76
20855,0x0948,108,110
20855,0x0949,62,63
20855,0x094C,92,94
20855,0x094D,62,63
20855,0x0950,80,82
20855,0x0954,64,66
20855,0x0958,137,136
20855,0x095C,121,120
20855,0x0960,248,245
20855,0x0964,8,5
20855,0x0B26,118,119
20855,0x0B28,236,238
20855,0x0B86,118,119
20855,0x0B88,236,238
20855,0x0F99,118,119
20855,0x0F9D,118,119
20855,0x0FD1,118,119
20855,0x0FF0,118,119
20855,0x1090,220,34
20855,0x1091,119,116
20855,0x1093,128,192
20855,0x1094,89,88
20855,0x1096,168,148
20855,0x10A6,4,2
20855,0x10B7,11,9
20855,0x10D0,44,58
20855,0x10D1,115,113
20855,0x10D3,192,96
20855,0x10D6,136,132
20855,0x10E6,3,1
20855,0x10F7,22,20
20855,0x1110,218,95
20855,0x1111,121,120
20855,0x1116,195,193
20855,0x1126,4,2
20855,0x1137,22,20
20855,0x1150,196,206
20855,0x1151,143,141
20855,0x1153,0,128
20855,0x1156,136,124
20855,0x1166,3,1
20855,0x1177,22,20
20855,0x16D0,48,152
20855,0x16D1,164,160
20855,0x16E6,195,193
20855,0x16F5,132,130
20855,0x16F8,3,1
20855,0x1711,160,158
20855,0x1724,249,251
20855,0x1726,2,3
20855,0x172C,147,138
20855,0x1738,16,14
20855,0x1751,160,158
20855,0x1775,16,14
20855,0x1779,8,6
20855,0x1790,128,232
20855,0x1791,214,210
20855,0x17A6,223,221
20855,0x17B5,160,158
20855,0x17B8,31,29
20855,0x17D0,216,37
20855,0x17D1,51,54
20855,0x17D3,2,179
20855,0x17D4,65,64
20855,0x17D6,31,41
20855,0x17D9,200,222
20855,0x17E6,232,230
20855,0x17F5,23,21
20855,0x17F8,8,6
20855,0x1810,226,141
20855,0x1811,135,138
20855,0x1813,89,148
20855,0x1814,83,84
20855,0x1816,81,87
20855,0x1819,162,156
20855,0x1826,165,163
20855,0x1835,156,154
20855,0x1838,34,32
20855,0x1850,9,141
20855,0x1851,108,110
20855,0x1853,112,86
20855,0x1854,70,71
20855,0x1859,109,117
20855,0x1866,187,185
20855,0x1875,73,71
20855,0x1878,18,16
20855,0x1890,93,225
20855,0x1891,80,82
20855,0x1893,174,228
20855,0x1899,21,29
20855,0x189D,11,4
20855,0x18A6,209,207
20855,0x18B5,95,93
20855,0x18B8,1,38
20855,0x18B9,6,2
20855,0x18BA,129,133
20855,0x18D1,137,136
20855,0x18F8,4,2
20855,0x1911,137,136
20855,0x1935,16,14
20855,0x1939,40,38
20855,0x1950,208,56
20855,0x1951,8,5
20855,0x1966,251,249
20855,0x1975,188,186
20855,0x1978,59,57
20857,0x0004,58,60
20857,0x0020,5,1
20857,0x0031,2,4
20857,0x0069,95,97
20857,0x006B,25,27
20857,0x0076,13,12
20857,0x007B,119,120
20857,0x00AD,240,242
20857,0x00CD,16,19
20857,0x00CE,3,9
20857,0x00CF,20,30
20857,0x00D0,51,65
20857,0x02FD,41,39
20857,0x0501,157,143
20857,0x0502,86,90
20857,0x0508,23,79
20857,0x0509,84,81
20857,0x050B,4,20
20857,0x050F,142,158
20857,0x0510,90,86
20857,0x0512,24,40
20857,0x0600,0,10
20857,0x0601,0,13
20857,0x0602,0,207
20857,0x0603,0,12
20857,0x0604,0,217
20857,0x0605,0,16
20857,0x0606,0,154
20857,0x0607,0,17
20857,0x0608,83,11
20857,0x0609,63,16
20857,0x060A,37,11
20857,0x060B,63,16
20857,0x060C,59,31
20857,0x060D,63,17
20857,0x060E,75,47
20857,0x060F,63,17
20857,0x0610,0,116
20857,0x0611,0,16
20857,0x0612,0,118
20857,0x0613,0,16
20857,0x0614,146,0
20857,0x0615,90,0
20857,0x0616,162,21
20857,0x0617,90,13
20857,0x0618,9,0
20857,0x0619,13,0
20857,0x061A,191,0
20857,0x061B,12,0
20857,0x061C,95,16
20857,0x061D,16,13
20857,0x061E,153,32
20857,0x061F,17,13
20857,0x0620,11,3
20857,0x0621,16,13
20857,0x0622,11,218
20857,0x0623,16,12
20857,0x0624,30,234
20857,0x0625,17,12
20857,0x0626,46,250
20857,0x0627,17,12
20857,0x0628,116,0
20857,0x0629,16,0
20857,0x062A,117,0
20857,0x062B,16,0
20857,0x0630,0,82
20857,0x0631,0,63
20857,0x0632,0,36
20857,0x0633,0,63
20857,0x0634,0,58
20857,0x0635,0,63
20857,0x0874,222,86
20857,0x0875,42,1
20857,0x0876,86,222
20857,0x0877,1,42
20857,0x0894,22,14
20857,0x0895,91,58
20857,0x0896,14,22
20857,0x0897,58,91
20857,0x0900,148,146
20857,0x0904,132,130
20857,0x0908,111,110
20857,0x090C,127,126
20857,0x0910,112,108
20857,0x0912,4,3
20857,0x0913,160,32
20857,0x0914,109,107
20857,0x0916,18,16
20857,0x0918,116,114
20857,0x091A,4,3
20857,0x091B,160,32
20857,0x091C,137,135
20857,0x091D,123,124
20857,0x091E,18,16
20857,0x0920,144,141
20857,0x0921,96,95
20857,0x0922,2,6
20857,0x0924,160,157
20857,0x0925,96,95
20857,0x0926,0,4
20857,0x0928,158,156
20857,0x092C,142,140
20857,0x0930,194,191
20857,0x0934,210,207
20857,0x0938,54,56
20857,0x093C,38,40
20857,0x0940,138,141
20857,0x0941,76,77
20857,0x0944,122,125
20857,0x0945,76,77
20857,0x0948,110,113
20857,0x0949,63,64
20857,0x094C,94,97
20857,0x094D,63,64
20857,0x0950,82,85
20857,0x0951,56,57
20857,0x0954,66,69
20857,0x0955,56,57
20857,0x0958,136,135
20857,0x095C,120,119
20857,0x0960,245,241
20857,0x0964,5,1
20857,0x0B22,93,94
20857,0x0B24,187,188
20857,0x0B26,119,120
20857,0x0B28,238,240
20857,0x0B82,93,94
20857,0x0B84,187,188
20857,0x0B86,119,120
20857,0x0B88,238,240
20857,0x0F99,119,120
20857,0x0F9D,119,120
20857,0x0FD1,119,120
20857,0x0FF0,119,120
20857,0x1090,34,64
20857,0x1091,116,112
20857,0x1093,192,0
20857,0x1096,148,128
20857,0x10A4,119,113
20857,0x10A6,2,4
20857,0x10AC,181,196
20857,0x10B7,9,7
20857,0x10D0,58,64
20857,0x10D1,113,111
20857,0x10D3,96,0
20857,0x10D6,132,128
20857,0x10E4,110,106
20857,0x10E6,1,2
20857,0x10EC,166,176
20857,0x10F7,20,18
20857,0x1110,95,224
20857,0x1111,120,118
20857,0x1116,193,191
20857,0x1124,119,113
20857,0x1126,2,4
20857,0x112C,181,196
20857,0x1137,20,18
20857,0x1150,206,192
20857,0x1151,141,139
20857,0x1153,128,0
20857,0x1154,127,128
20857,0x1156,124,112
20857,0x1164,110,106
20857,0x1166,1,2
20857,0x116C,166,176
20857,0x1177,20,18
20857,0x16D0,152,75
20857,0x16D1,160,157
20857,0x16D3,0,187
20857,0x16D4,104,103
20857,0x16D6,52,102
20857,0x16D9,0,210
20857,0x16DA,0,255
20857,0x16DB,0,255
20857,0x16DC,3,25
20857,0x16DD,253,233
20857,0x16E2,220,217
20857,0x16E4,222,219
20857,0x16E6,193,253
20857,0x16EC,124,111
20857,0x16ED,12,43
20857,0x16F5,130,128
20857,0x16F8,1,17
20857,0x16F9,6,0
20857,0x16FA,148,153
20857,0x1711,158,156
20857,0x1726,3,1
20857,0x1738,14,12
20857,0x1751,158,156
20857,0x1775,14,12
20857,0x1779,6,4
20857,0x1790,232,80
20857,0x1791,210,207
20857,0x17A6,221,219
20857,0x17B5,158,156
20857,0x17B8,29,27
20857,0x17D0,37,134
20857,0x17D1,54,56
20857,0x17D3,179,144
20857,0x17D6,41,51
20857,0x17D9,222,244
20857,0x17E6,230,228
20857,0x17F5,21,19
20857,0x17F8,6,4
20857,0x1810,141,68
20857,0x1811,138,141
20857,0x1813,148,195
20857,0x1814,84,85
20857,0x1816,87,93
20857,0x1819,156,150
20857,0x1826,163,161
20857,0x1835,154,152
20857,0x1838,32,30
20857,0x1850,141,17
20857,0x1851,110,113
20857,0x1853,86,76
20857,0x1854,71,72
20857,0x1859,117,125
20857,0x1866,185,183
20857,0x1875,71,69
20857,0x1878,16,14
20857,0x1890,225,101
20857,0x1891,82,85
20857,0x1893,228,42
20857,0x1894,64,65
20857,0x1899,29,37
20857,0x18A6,207,205
20857,0x18B5,93,91
20857,0x18B8,38,36
20857,0x18C0,216,200
20857,0x18C1,219,25
20857,0x18D1,136,135
20857,0x18D6,0,80
20857,0x18D7,255,0
20857,0x18D8,255,0
20857,0x18E2,245,79
20857,0x18E3,9,15
20857,0x18E4,247,81
20857,0x18E5,9,15
20857,0x18E6,2,3
20857,0x18F8,2,128
20857,0x1911,136,135
20857,0x1935,14,12
20857,0x1939,38,36
20857,0x1950,56,160
20857,0x1951,5,1
20857,0x1966,249,247
20857,0x1975,186,184
20857,0x1978,57,55
20859,0x0020,1,254
20859,0x002A,12,8
20859,0x0031,4,2
20859,0x0069,97,99
20859,0x006B,27,29
20859,0x007B,120,121
20859,0x00AD,242,244
20859,0x00CD,19,22
20859,0x00CE,9,15
20859,0x00CF,30,40
20859,0x00D0,65,79
20859,0x02F6,185,200
20859,0x0874,86,222
20859,0x0875,1,42
20859,0x0876,222,86
20859,0x0877,42,1
20859,0x0894,14,22
20859,0x0895,58,91
20859,0x0896,22,14
20859,0x0897,91,58
20859,0x0900,146,144
20859,0x0904,130,128
20859,0x0910,108,104
20859,0x0911,84,83
20859,0x0914,107,105
20859,0x0915,96,95
20859,0x0916,16,17
20859,0x0918,114,113
20859,0x091C,135,133
20859,0x091E,16,17
20859,0x0920,141,138
20859,0x0924,157,154
20859,0x0928,156,154
20859,0x092A,138,130
20859,0x092C,140,138
20859,0x092E,136,128
20859,0x0930,191,187
20859,0x0934,207,203
20859,0x0938,56,58
20859,0x093C,40,42
20859,0x0940,141,144
20859,0x0941,77,78
20859,0x0944,125,128
20859,0x0945,77,78
20859,0x0948,113,115
20859,0x0949,64,65
20859,0x094C,97,99
20859,0x094D,64,65
20859,0x0950,85,87
20859,0x0954,69,71
20859,0x0960,241,238
20859,0x0964,1,254
20859,0x0B06,14,10
20859,0x0B26,120,121
20859,0x0B28,240,242
20859,0x0B86,120,121
20859,0x0B88,240,242
20859,0x0F99,120,121
20859,0x0F9D,120,121
20859,0x0FD1,120,121
20859,0x0FF0,120,121
20859,0x1090,64,54
20859,0x1091,112,108
20859,0x1093,0,64
20859,0x1094,88,87
20859,0x1096,128,108
20859,0x10A6,4,2
20859,0x10B7,7,5
20859,0x10D0,64,62
20859,0x10D1,111,109
20859,0x10D3,0,160
20859,0x10D4,100,99
20859,0x10D6,128,124
20859,0x10E4,106,108
20859,0x10E6,2,3
20859,0x10EC,176,171
20859,0x10F7,18,16
20859,0x1110,224,93
20859,0x1111,118,117
20859,0x1116,191,189
20859,0x1126,4,2
20859,0x1137,18,16
20859,0x1150,192,154
20859,0x1151,139,137
20859,0x1153,0,128
20859,0x1156,112,100
20859,0x1164,106,108
20859,0x1166,2,3
20859,0x116C,176,171
20859,0x1177,18,16
20859,0x16D0,75,98
20859,0x16D1,157,154
20859,0x16D3,187,26
20859,0x16D6,102,152
20859,0x16D9,210,164
20859,0x16E6,253,251
20859,0x16F5,128,126
20859,0x16F8,17,15
20859,0x1711,156,154
20859,0x1724,251,247
20859,0x1726,1,2
20859,0x172C,138,147
20859,0x172D,43,12
20859,0x1738,12,10
20859,0x1751,156,154
20859,0x1775,12,10
20859,0x1779,4,2
20859,0x1790,80,184
20859,0x1791,207,203
20859,0x17A6,219,217
20859,0x17B5,156,154
20859,0x17B8,27,25
20859,0x17D0,134,251
20859,0x17D1,56,58
20859,0x17D3,144,153
20859,0x17D6,51,61
20859,0x17D9,244,10
20859,0x17DA,255,0
20859,0x17DB,255,0
20859,0x17E6,228,226
20859,0x17F5,19,17
20859,0x17F8,4,2
20859,0x1810,68,7
20859,0x1811,141,144
20859,0x1813,195,230
20859,0x1814,85,86
20859,0x1816,93,99
20859,0x1819,150,144
20859,0x1826,161,159
20859,0x1835,152,150
20859,0x1838,30,28
20859,0x1850,17,149
20859,0x1851,113,115
20859,0x1853,76,82
20859,0x1854,72,73
20859,0x1859,125,133
20859,0x1866,183,181
20859,0x1875,69,67
20859,0x1878,14,12
20859,0x1890,101,233
20859,0x1891,85,87
20859,0x1893,42,128
20859,0x1899,37,45
20859,0x18A6,205,203
20859,0x18B5,91,89
20859,0x18B8,36,34
20859,0x18D0,0,160
20859,0x18E6,3,1
20859,0x18F8,128,126
20859,0x1935,12,10
20859,0x1939,36,34
20859,0x1950,160,8
20859,0x1951,1,254
20859,0x1952,1,0
20859,0x1966,247,245
20859,0x1975,184,182
20859,0x1978,55,53
20861,0x0020,254,250
20861,0x0031,2,4
20861,0x0069,99,101
20861,0x006B,29,31
20861,0x0076,12,11
20861,0x007B,121,122
20861,0x00AD,244,246
20861,0x00CD,22,177
20861,0x00CE,15,21
20861,0x00CF,40,50
20861,0x00D0,79,93
20861,0x00D1,3,0
20861,0x0874,222,86
20861,0x0875,42,1
20861,0x0876,86,222
20861,0x0877,1,42
20861,0x0894,22,14
20861,0x0895,91,58
20861,0x0896,14,22
20861,0x0897,58,91
20861,0x0900,144,142
20861,0x0904,128,126
20861,0x0908,110,111
20861,0x090C,126,127
20861,0x0910,104,100
20861,0x0911,83,82
20861,0x0912,3,4
20861,0x0914,105,103
20861,0x0918,113,111
20861,0x091A,3,4
20861,0x091C,133,131
20861,0x091D,124,125
20861,0x0920,138,135
20861,0x0921,95,94
20861,0x0924,154,151
20861,0x0925,95,94
20861,0x0928,154,152
20861,0x092A,130,134
20861,0x092C,138,136
20861,0x092E,128,132
20861,0x0930,187,184
20861,0x0934,203,200
20861,0x0938,58,61
20861,0x093C,42,45
20861,0x0940,144,146
20861,0x0941,78,79
20861,0x0944,128,130
20861,0x0945,78,79
20861,0x0948,115,118
20861,0x0949,65,66
20861,0x094C,99,102
20861,0x094D,65,66
20861,0x0950,87,90
20861,0x0954,71,74
20861,0x0958,135,136
20861,0x095A,130,138
20861,0x095C,119,120
20861,0x095E,128,136
20861,0x0960,238,234
20861,0x0964,254,250
20861,0x0B24,188,189
20861,0x0B26,121,122
20861,0x0B28,242,244
20861,0x0B84,188,189
20861,0x0B86,121,122
20861,0x0B88,242,244
20861,0x0F99,121,122
20861,0x0F9D,121,122
20861,0x0FD1,121,122
20861,0x0FF0,121,122
20861,0x1090,54,4
20861,0x1091,108,104
20861,0x1093,64,128
20861,0x1094,87,86
20861,0x1096,108,88
20861,0x10A4,113,115
20861,0x10A6,2,4
20861,0x10AC,196,191
20861,0x10B7,5,3
20861,0x10D0,62,52
20861,0x10D1,109,107
20861,0x10D3,160,64
20861,0x10D6,124,120
20861,0x10E6,3,1
20861,0x10F7,16,14
20861,0x1110,93,214
20861,0x1111,117,115
20861,0x1116,189,187
20861,0x1124,113,115
20861,0x1126,2,4
20861,0x112C,196,191
20861,0x1137,16,14
20861,0x1150,154,92
20861,0x1151,137,135
20861,0x1153,128,0
20861,0x1154,128,129
20861,0x1156,100,88
20861,0x1166,3,1
20861,0x1177,16,14
20861,0x16D0,98,221
20861,0x16D1,154,151
20861,0x16D3,26,29
20861,0x16D4,103,102
20861,0x16D6,152,202
20861,0x16D9,164,118
20861,0x16E6,251,249
20861,0x16F5,126,124
20861,0x16F8,15,13
20861,0x1711,154,152
20861,0x1724,247,249
20861,0x1726,2,3
20861,0x172D,12,43
20861,0x1738,10,8
20861,0x1751,154,152
20861,0x1775,10,8
20861,0x1779,2,48
20861,0x1790,184,32
20861,0x1791,203,200
20861,0x17A6,217,215
20861,0x17B5,154,152
20861,0x17B8,25,23
20861,0x17D0,251,127
20861,0x17D1,58,61
20861,0x17D3,153,174
20861,0x17D6,61,66
20861,0x17D9,10,21
20861,0x17E6,226,224
20861,0x17F5,17,15
20861,0x17F8,2,16
20861,0x17F9,0,6
20861,0x17FA,126,129
20861,0x1810,7,214
20861,0x1811,144,146
20861,0x1813,230,253
20861,0x1814,86,87
20861,0x1816,99,105
20861,0x1819,144,138
20861,0x1826,159,157
20861,0x1835,150,148
20861,0x1838,28,26
20861,0x1850,149,25
20861,0x1851,115,118
20861,0x1853,82,104
20861,0x1854,73,74
20861,0x1859,133,141
20861,0x1866,181,179
20861,0x1875,67,65
20861,0x1878,12,10
20861,0x1890,233,109
20861,0x1891,87,90
20861,0x1893,128,230
20861,0x1899,45,53
20861,0x18A6,203,201
20861,0x18B5,89,87
20861,0x18B8,34,32
20861,0x18D0,160,64
20861,0x18D1,135,136
20861,0x18E4,81,83
20861,0x18E6,1,2
20861,0x18EC,147,138
20861,0x18ED,12,43
20861,0x18F8,126,124
20861,0x1911,135,136
20861,0x1935,10,8
20861,0x1939,34,32
20861,0x1950,8,112
20861,0x1951,254,250
20861,0x1966,245,243
20861,0x1975,182,180
20861,0x1978,53,51
20863,0x0020,250,246
20863,0x0031,4,2
20863,0x0069,101,103
20863,0x006B,31,33
20863,0x007B,122,123
20863,0x00AD,246,248
20863,0x00CD,177,180
20863,0x00CE,21,27
20863,0x00CF,50,60
20863,0x00D0,93,107
20863,0x02F6,200,195
20863,0x02FD,39,41
20863,0x0874,86,222
20863,0x0875,1,42
20863,0x0876,222,86
20863,0x0877,42,1
20863,0x0894,14,22
20863,0x0895,58,91
20863,0x0896,22,14
20863,0x0897,91,58
20863,0x0900,142,140
20863,0x0904,126,124
20863,0x0910,100,95
20863,0x0911,82,81
20863,0x0914,103,101
20863,0x0915,95,94
20863,0x0916,17,18
20863,0x0918,111,110
20863,0x091C,131,129
20863,0x091E,17,18
20863,0x0920,135,133
20863,0x0921,94,92
20863,0x0924,151,149
20863,0x0925,94,92
20863,0x0928,152,150
20863,0x092C,136,134
20863,0x0930,184,180
20863,0x0934,200,196
20863,0x0938,61,64
20863,0x093C,45,48
20863,0x0940,146,149
20863,0x0941,79,81
20863,0x0944,130,133
20863,0x0945,79,81
20863,0x0948,118,120
20863,0x0949,66,67
20863,0x094C,102,104
20863,0x094D,66,67
20863,0x0950,90,92
20863,0x0951,57,58
20863,0x0954,74,76
20863,0x0955,57,58
20863,0x095A,138,134
20863,0x095E,136,132
20863,0x0960,234,230
20863,0x0964,250,246
20863,0x0B26,122,123
20863,0x0B28,244,246
20863,0x0B86,122,123
20863,0x0B88,244,246
20863,0x0F99,122,123
20863,0x0F9D,122,123
20863,0x0FD1,122,123
20863,0x0FF0,122,123
20863,0x1090,4,170
20863,0x1091,104,99
20863,0x1093,128,192
20863,0x1094,86,85
20863,0x1096,88,68
20863,0x10A6,4,2
20863,0x10B7,3,1
20863,0x10D0,52,34
20863,0x10D1,107,105
20863,0x10D3,64,224
20863,0x10D4,99,98
20863,0x10D6,120,116
20863,0x10E4,108,110
20863,0x10E6,1,2
20863,0x10EC,171,166
20863,0x10F7,14,12
20863,0x1110,214,75
20863,0x1111,115,114
20863,0x1116,187,185
20863,0x1126,4,2
20863,0x1137,14,12
20863,0x1150,92,6
20863,0x1151,135,133
20863,0x1153,0,128
20863,0x1156,88,76
20863,0x1164,108,110
20863,0x1166,1,2
20863,0x116C,171,166
20863,0x1177,14,12
20863,0x16D0,221,188
20863,0x16D1,151,149
20863,0x16D3,29,196
20863,0x16D4,102,100
20863,0x16D6,202,252
20863,0x16D9,118,72
20863,0x16E6,249,247
20863,0x16F5,124,122
20863,0x16F8,13,11
20863,0x1711,152,150
20863,0x1726,3,1
20863,0x1738,8,6
20863,0x1751,152,150
20863,0x1775,8,6
20863,0x1779,48,46
20863,0x1790,32,136
20863,0x1791,200,196
20863,0x17A6,215,213
20863,0x17B5,152,150
20863,0x17B8,23,21
20863,0x17D0,127,3
20863,0x17D1,61,64
20863,0x17E6,224,222
20863,0x17F5,15,13
20863,0x17F8,16,14
20863,0x1810,214,177
20863,0x1811,146,149
20863,0x1813,253,8
20863,0x1814,87,89
20863,0x1816,105,111
20863,0x1819,138,132
20863,0x1826,157,155
20863,0x1835,148,146
20863,0x1838,26,24
20863,0x1850,25,157
20863,0x1851,118,120
20863,0x1853,104,142
20863,0x1854,74,75
20863,0x1859,141,149
20863,0x1866,179,177
20863,0x1875,65,63
20863,0x1878,10,8
20863,0x1890,109,241
20863,0x1891,90,92
20863,0x1893,230,92
20863,0x1894,65,66
20863,0x1899,53,61
20863,0x18A6,201,199
20863,0x18B5,87,85
20863,0x18B8,32,30
20863,0x18D0,64,224
20863,0x18E4,83,85
20863,0x18E6,2,3
20863,0x18EC,138,147
20863,0x18F8,124,122
20863,0x1935,8,6
20863,0x1939,32,30
20863,0x1950,112,216
20863,0x1951,250,246
20863,0x1966,243,241
20863,0x1975,180,178
20863,0x1978,51,49
20865,0x0004,60,62
20865,0x0020,246,243
20865,0x002A,8,2
20865,0x0031,2,4
20865,0x0069,103,105
20865,0x006B,33,35
20865,0x0076,11,10
20865,0x007B,123,124
20865,0x00AD,248,250
20865,0x00B7,26,25
20865,0x00CD,180,183
20865,0x00CE,27,33
20865,0x00CF,60,70
20865,0x00D0,107,121
20865,0x02F6,195,170
20865,0x02FD,41,39
20865,0x0501,143,159
20865,0x0502,90,86
20865,0x0600,10,0
20865,0x0601,13,0
20865,0x0602,207,0
20865,0x0603,12,0
20865,0x0604,217,0
20865,0x0605,16,0
20865,0x0606,154,67
20865,0x0607,17,63
20865,0x0608,11,68
20865,0x0609,16,63
20865,0x060A,11,37
20865,0x060B,16,63
20865,0x060C,31,59
20865,0x060D,17,63
20865,0x060E,47,50
20865,0x060F,17,63
20865,0x0610,116,0
20865,0x0611,16,0
20865,0x0612,118,0
20865,0x0613,16,0
20865,0x0874,222,86
20865,0x0875,42,1
20865,0x0876,86,222
20865,0x0877,1,42
20865,0x0894,22,14
20865,0x0895,91,58
20865,0x0896,14,22
20865,0x0897,58,91
20865,0x0900,140,138
20865,0x0904,124,122
20865,0x0908,111,112
20865,0x090C,127,128
20865,0x0910,95,99
20865,0x0911,81,94
20865,0x0912,4,16
20865,0x0914,101,108
20865,0x0915,94,108
20865,0x0916,18,5
20865,0x0918,110,126
20865,0x0919,108,126
20865,0x091A,4,16
20865,0x091C,129,131
20865,0x091D,125,91
20865,0x091E,18,6
20865,0x091F,32,105
20865,0x0920,133,147
20865,0x0921,92,91
20865,0x0922,6,4
20865,0x0924,149,148
20865,0x0925,92,188
20865,0x0926,4,138
20865,0x0927,105,45
20865,0x0928,150,132
20865,0x092A,134,136
20865,0x092C,134,176
20865,0x092D,188,96
20865,0x092E,132,2
20865,0x092F,45,105
20865,0x0930,180,192
20865,0x0932,2,0
20865,0x0934,196,66
20865,0x0935,96,56
20865,0x0936,0,2
20865,0x0937,105,39
20865,0x0938,64,50
20865,0x093A,2,0
20865,0x093C,48,152
20865,0x093D,56,82
20865,0x093E,0,2
20865,0x0940,149,136
20865,0x0941,81,82
20865,0x0942,2,0
20865,0x0944,133,123
20865,0x0945,81,68
20865,0x0946,0,2
20865,0x0948,120,107
20865,0x0949,67,68
20865,0x094A,2,0
20865,0x094C,104,95
20865,0x094D,67,58
20865,0x094E,0,2
20865,0x0950,92,79
20865,0x0952,2,0
20865,0x0954,76,137
20865,0x0955,58,176
20865,0x0956,0,134
20865,0x0957,39,45
20865,0x0958,136,121
20865,0x095A,134,132
20865,0x095C,120,227
20865,0x095D,176,96
20865,0x095E,132,2
20865,0x095F,45,105
20865,0x0960,230,243
20865,0x0962,2,0
20865,0x0965,96,224
20865,0x0B01,0,128
20865,0x0B06,10,2
20865,0x0B22,94,95
20865,0x0B24,189,190
20865,0x0B26,123,124
20865,0x0B28,246,248
20865,0x0B82,94,95
20865,0x0B84,189,190
20865,0x0B86,123,124
20865,0x0B88,246,248
20865,0x0F99,123,124
20865,0x0F9D,123,124
20865,0x0FD1,123,124
20865,0x0FF0,123,124
20865,0x1080,208,0
20865,0x1090,170,238
20865,0x1091,99,96
20865,0x1093,192,96
20865,0x1096,68,58
20865,0x10B7,1,0
20865,0x10D0,34,8
20865,0x10D1,105,103
20865,0x10D3,224,128
20865,0x10D6,116,112
20865,0x10E4,110,106
20865,0x10E6,2,3
20865,0x10EC,166,176
20865,0x10F7,12,10
20865,0x1110,75,188
20865,0x1111,114,112
20865,0x1116,185,183
20865,0x1124,115,117
20865,0x1126,2,4
20865,0x112C,191,186
20865,0x1137,12,10
20865,0x1150,6,152
20865,0x1151,133,130
20865,0x1153,128,0
20865,0x1154,129,130
20865,0x1156,76,64
20865,0x1164,110,106
20865,0x1166,2,3
20865,0x116C,166,176
20865,0x1177,12,10
20865,0x16D0,188,255
20865,0x16D1,149,147
20865,0x16D3,196,15
20865,0x16D4,100,99
20865,0x16D6,252,46
20865,0x16D7,254,255
20865,0x16D9,72,26
20865,0x16E6,247,245
20865,0x16F5,122,120
20865,0x16F8,11,9
20865,0x1711,150,148
20865,0x1724,249,251
20865,0x1726,1,2
20865,0x172C,147,138
20865,0x1738,6,4
20865,0x1751,150,148
20865,0x1775,6,4
20865,0x1779,46,44
20865,0x1790,136,240
20865,0x1791,196,192
20865,0x17A6,213,211
20865,0x17B5,150,148
20865,0x17B8,21,19
20865,0x17D0,3,135
20865,0x17D1,64,66
20865,0x17E6,222,220
20865,0x17F5,13,11
20865,0x17F8,14,12
20865,0x1810,177,152
20865,0x1811,149,152
20865,0x1813,8,7
20865,0x1814,89,90
20865,0x1816,111,117
20865,0x1819,132,126
20865,0x1826,155,153
20865,0x1835,146,144
20865,0x1838,24,22
20865,0x1850,157,33
20865,0x1851,120,123
20865,0x1853,142,196
20865,0x1854,75,76
20865,0x1859,149,157
20865,0x1866,177,175
20865,0x1875,63,61
20865,0x1878,8,6
20865,0x1890,241,117
20865,0x1891,92,95
20865,0x1893,92,226
20865,0x1899,61,69
20865,0x18A6,199,197
20865,0x18B5,85,83
20865,0x18B8,30,28
20865,0x18D0,224,128
20865,0x18D1,136,137
20865,0x18E6,3,1
20865,0x18F8,122,120
20865,0x1911,136,137
20865,0x1935,6,4
20865,0x1939,30,28
20865,0x1950,216,64
20865,0x1951,246,243
20865,0x1966,241,239
20865,0x1975,178,176
20865,0x1978,49,47
20867,0x0020,243,239
20867,0x0031,4,2
20867,0x0069,105,107
20867,0x006B,35,37
20867,0x007B,124,125
20867,0x00AD,250,252
20867,0x00CD,183,186
20867,0x00CE,33,39
20867,0x00CF,70,80
20867,0x00D0,121,135
20867,0x02F6,170,180
20867,0x0874,86,222
20867,0x0875,1,42
20867,0x0876,222,86
20867,0x0877,42,1
20867,0x0894,14,22
20867,0x0895,58,91
20867,0x0896,22,14
20867,0x0897,91,58
20867,0x0900,138,136
20867,0x0904,122,120
20867,0x0908,112,113
20867,0x090C,128,129
20867,0x0910,99,96
20867,0x0914,108,107
20867,0x0918,126,124
20867,0x091C,131,130
20867,0x091D,91,88
20867,0x0920,147,146
20867,0x0921,91,88
20867,0x0924,148,146
20867,0x0926,138,130
20867,0x0928,132,130
20867,0x092A,136,128
20867,0x092C,176,173
20867,0x0930,192,189
20867,0x0934,66,69
20867,0x0938,50,53
20867,0x093C,152,155
20867,0x0940,136,139
20867,0x0944,123,125
20867,0x0945,68,70
20867,0x0948,107,109
20867,0x0949,68,70
20867,0x094C,95,97
20867,0x094D,58,59
20867,0x0950,79,81
20867,0x0951,58,59
20867,0x0954,137,138
20867,0x0956,134,130
20867,0x0958,121,122
20867,0x095A,132,128
20867,0x095C,227,223
20867,0x0960,243,239
20867,0x0B26,124,125
20867,0x0B28,248,250
20867,0x0B86,124,125
20867,0x0B88,248,250
20867,0x0F99,124,125
20867,0x0F9D,124,125
20867,0x0FD1,124,125
20867,0x0FF0,124,125
20867,0x10D0,8,230
20867,0x10D1,103,100
20867,0x10D3,128,32
20867,0x10D6,112,108
20867,0x10E6,3,1
20867,0x10F7,10,8
20867,0x1110,188,41
20867,0x1111,112,111
20867,0x1116,183,181
20867,0x1126,4,2
20867,0x1137,10,8
20867,0x1150,152,18
20867,0x1151,130,128
20867,0x1153,0,128
20867,0x1156,64,52
20867,0x1166,3,1
20867,0x1177,10,8
20867,0x16D0,255,166
20867,0x16D1,147,146
20867,0x16D3,15,254
20867,0x16D4,99,96
20867,0x16D6,46,96
20867,0x16D9,26,236
20867,0x16DA,255,254
20867,0x16E6,245,243
20867,0x16F5,120,118
20867,0x16F8,9,7
20867,0x1711,148,146
20867,0x1724,251,247
20867,0x1726,2,3
20867,0x172C,138,147
20867,0x172D,43,12
20867,0x1738,4,2
20867,0x1751,148,146
20867,0x1775,4,2
20867,0x1779,44,42
20867,0x1790,240,88
20867,0x1791,192,189
20867,0x17A6,211,209
20867,0x17B5,148,146
20867,0x17B8,19,17
20867,0x17D0,135,11
20867,0x17D1,66,69
20867,0x17E6,220,218
20867,0x17F5,11,9
20867,0x17F8,12,10
20867,0x1810,152,139
20867,0x1811,152,155
20867,0x1813,7,250
20867,0x1816,117,123
20867,0x1819,126,120
20867,0x1826,153,151
20867,0x1835,144,142
20867,0x1838,22,20
20867,0x1850,33,165
20867,0x1851,123,125
20867,0x1853,196,10
20867,0x1854,76,78
20867,0x1859,157,165
20867,0x1866,175,173
20867,0x1875,61,59
20867,0x1878,6,4
20867,0x1890,117,249
20867,0x1891,95,97
20867,0x1893,226,120
20867,0x1894,66,67
20867,0x1899,69,77
20867,0x18A6,197,195
20867,0x18B5,83,81
20867,0x18B8,28,26
20867,0x18D0,128,32
20867,0x18D1,137,138
20867,0x18E4,85,81
20867,0x18E6,1,2
20867,0x18ED,43,12
20867,0x18F8,120,118
20867,0x1911,137,138
20867,0x1935,4,2
20867,0x1939,28,26
20867,0x1950,64,168
20867,0x1951,243,239
20867,0x1966,239,237
20867,0x1975,176,174
20867,0x1978,47,45
20869,0x0020,239,236
20869,0x0025,2,0
20869,0x002B,0,2
20869,0x002C,112,114
20869,0x0031,2,4
20869,0x0069,107,109
20869,0x006B,37,39
20869,0x0076,10,9
20869,0x007B,125,126
20869,0x00AD,252,254
20869,0x00CD,186,189
20869,0x00CE,39,45
20869,0x00CF,80,90
20869,0x00D0,135,149
20869,0x00D1,0,1
20869,0x0171,68,56
20869,0x0172,52,0
20869,0x0173,173,0
20869,0x0174,178,25
20869,0x02F6,180,175
20869,0x02FD,39,41
20869,0x0874,222,86
20869,0x0875,42,1
20869,0x0876,86,222
20869,0x0877,1,42
20869,0x0894,22,14
20869,0x0895,91,58
20869,0x0896,14,22
20869,0x0897,58,91
20869,0x0900,136,120
20869,0x0901,181,173
20869,0x0902,162,164
20869,0x0904,120,136
20869,0x0906,160,166
20869,0x0910,96,94
20869,0x0911,94,93
20869,0x0912,16,17
20869,0x0914,107,105
20869,0x0916,5,4
20869,0x0917,32,160
20869,0x0918,124,121
20869,0x0919,126,127
20869,0x091A,16,17
20869,0x091C,130,129
20869,0x091D,88,86
20869,0x0920,146,145
20869,0x0921,88,86
20869,0x0924,146,145
20869,0x0928,130,129
20869,0x092C,173,169
20869,0x0930,189,185
20869,0x0934,69,71
20869,0x0938,53,55
20869,0x093C,155,158
20869,0x093D,82,83
20869,0x0940,139,142
20869,0x0941,82,83
20869,0x0944,125,128
20869,0x0945,70,71
20869,0x0948,109,112
20869,0x0949,70,71
20869,0x094C,97,100
20869,0x094D,59,60
20869,0x0950,81,84
20869,0x0951,59,60
20869,0x0956,130,138
20869,0x095A,128,136
20869,0x095C,223,220
20869,0x0960,239,236
20869,0x0B24,190,191
20869,0x0B26,125,126
20869,0x0B28,250,252
20869,0x0B84,190,191
20869,0x0B86,125,126
20869,0x0B88,250,252
20869,0x0F99,125,126
20869,0x0F9D,125,126
20869,0x0FD1,125,126
20869,0x0FF0,125,126
20869,0x10D0,230,188
20869,0x10D1,100,98
20869,0x10D3,32,192
20869,0x10D4,98,97
20869,0x10D6,108,104
20869,0x10E4,106,108
20869,0x10E6,1,2
20869,0x10EC,176,171
20869,0x10F7,8,6
20869,0x1110,41,146
20869,0x1111,111,109
20869,0x1116,181,179
20869,0x1124,117,119
20869,0x1126,2,4
20869,0x112C,186,181
20869,0x1137,8,6
20869,0x1150,18,116
20869,0x1151,128,125
20869,0x1153,128,0
20869,0x1154,130,131
20869,0x1156,52,40
20869,0x1164,106,108
20869,0x1166,1,2
20869,0x116C,176,171
20869,0x1177,8,6
20869,0x16D0,166,177
20869,0x16D1,146,145
20869,0x16D3,254,145
20869,0x16D4,96,94
20869,0x16D6,96,146
20869,0x16D9,236,190
20869,0x16E6,243,241
20869,0x16F5,118,116
20869,0x16F8,7,5
20869,0x1700,200,216
20869,0x1701,240,219
20869,0x1702,144,145
20869,0x1711,146,145
20869,0x1726,3,2
20869,0x1738,2,60
20869,0x174D,1,2
20869,0x1751,146,145
20869,0x1762,196,220
20869,0x1764,198,222
20869,0x176C,212,203
20869,0x1775,2,16
20869,0x1779,42,40
20869,0x1790,88,192
20869,0x1791,189,185
20869,0x17A6,209,207
20869,0x17B5,146,144
20869,0x17B8,17,15
20869,0x17D0,11,143
20869,0x17D1,69,71
20869,0x17E6,218,216
20869,0x17F5,9,7
20869,0x17F8,10,8
20869,0x1810,139,138
20869,0x1811,155,158
20869,0x1813,250,225
20869,0x1814,90,91
20869,0x1816,123,129
20869,0x1819,120,114
20869,0x1826,151,149
20869,0x1835,142,140
20869,0x1838,20,18
20869,0x1850,165,41
20869,0x1851,125,128
20869,0x1853,10,96
20869,0x1854,78,79
20869,0x1859,165,173
20869,0x1866,173,171
20869,0x1875,59,57
20869,0x1878,4,2
20869,0x1890,249,125
20869,0x1891,97,100
20869,0x1893,120,30
20869,0x1894,67,68
20869,0x1899,77,85
20869,0x18A6,195,193
20869,0x18B5,81,79
20869,0x18B8,26,24
20869,0x18D0,32,192
20869,0x18E4,81,83
20869,0x18E6,2,3
20869,0x18EC,147,138
20869,0x18ED,12,43
20869,0x18F8,118,116
20869,0x1935,2,16
20869,0x1939,26,24
20869,0x1950,168,16
20869,0x1951,239,236
20869,0x1966,237,235
20869,0x1975,174,172
20869,0x1978,45,43
20871,0x0020,236,232
20871,0x0025,0,2
20871,0x002B,2,0
20871,0x0031,4,2
20871,0x0069,109,111
20871,0x006B,39,41
20871,0x007B,126,127
20871,0x00AD,254,0
20871,0x00CD,189,251
20871,0x00CE,45,59
20871,0x00CF,90,7
20871,0x00D0,149,163
20871,0x0172,0,52
20871,0x0173,0,173
20871,0x0174,25,178
20871,0x02FD,41,39
20871,0x0874,86,222
20871,0x0875,1,42
20871,0x0876,222,86
20871,0x0877,42,1
20871,0x0894,14,22
20871,0x0895,58,91
20871,0x0896,22,14
20871,0x0897,91,58
20871,0x0900,120,119
20871,0x0904,136,135
20871,0x0908,113,114
20871,0x090C,129,130
20871,0x0910,94,92
20871,0x0912,17,18
20871,0x0914,105,103
20871,0x0918,121,118
20871,0x091A,17,18
20871,0x091D,86,83
20871,0x0921,86,83
20871,0x0924,145,144
20871,0x0928,129,128
20871,0x092C,169,166
20871,0x0930,185,182
20871,0x0934,71,74
20871,0x0938,55,58
20871,0x093C,158,161
20871,0x093D,83,84
20871,0x0940,142,145
20871,0x0941,83,84
20871,0x0944,128,130
20871,0x0945,71,72
20871,0x0948,112,114
20871,0x0949,71,72
20871,0x094C,100,103
20871,0x0950,84,87
20871,0x0954,138,139
20871,0x0958,122,123
20871,0x095C,220,216
20871,0x0960,236,232
20871,0x0B26,126,127
20871,0x0B28,252,254
20871,0x0B86,126,127
20871,0x0B88,252,254
20871,0x0F99,126,127
20871,0x0F9D,126,127
20871,0x0FD1,126,127
20871,0x0FF0,126,127
20871,0x10D0,188,138
20871,0x10D1,98,96
20871,0x10D3,192,96
20871,0x10D6,104,100
20871,0x10E4,108,110
20871,0x10E6,2,3
20871,0x10EC,171,166
20871,0x10F7,6,4
20871,0x1110,146,247
20871,0x1111,109,107
20871,0x1116,179,177
20871,0x1126,4,2
20871,0x1137,6,4
20871,0x1150,116,190
20871,0x1151,125,122
20871,0x1153,0,128
20871,0x1156,40,28
20871,0x1164,108,110
20871,0x1166,2,3
20871,0x116C,171,166
20871,0x1177,6,4
20871,0x16D0,177,32
20871,0x16D3,145,200
20871,0x16D4,94,91
20871,0x16D6,146,196
20871,0x16D9,190,144
20871,0x16E6,241,239
20871,0x16F5,116,114
20871,0x16F8,5,3
20871,0x1711,145,144
20871,0x1738,60,58
20871,0x1751,145,144
20871,0x1775,16,14
20871,0x1779,40,38
20871,0x1790,192,40
20871,0x1791,185,182
20871,0x17A6,207,205
20871,0x17B5,144,142
20871,0x17B8,15,13
20871,0x17D0,143,19
20871,0x17D1,71,74
20871,0x17E6,216,214
20871,0x17F5,7,5
20871,0x17F8,8,6
20871,0x1810,138,149
20871,0x1811,158,161
20871,0x1813,225,188
20871,0x1814,91,92
20871,0x1816,129,135
20871,0x1819,114,108
20871,0x1826,149,147
20871,0x1835,140,138
20871,0x1838,18,16
20871,0x1850,41,176
20871,0x1851,128,130
20871,0x1853,96,191
20871,0x1854,79,80
20871,0x1856,66,69
20871,0x1859,173,174
20871,0x185C,5,3
20871,0x185D,4,253
20871,0x1866,171,169
20871,0x1875,57,55
20871,0x1878,2,38
20871,0x1879,2,0
20871,0x187A,133,138
20871,0x1890,125,1
20871,0x1891,100,103
20871,0x1893,30,212
20871,0x1899,85,93
20871,0x18A6,193,191
20871,0x18B5,79,77
20871,0x18B8,24,22
20871,0x18D0,192,96
20871,0x18D1,138,139
20871,0x18E6,3,1
20871,0x18F8,116,114
20871,0x1911,138,139
20871,0x1935,16,14
20871,0x1939,24,22
20871,0x1950,16,120
20871,0x1951,236,232
20871,0x1966,235,233
20871,0x1975,172,170
20871,0x1978,43,41
20873,0x0000,74,66
20873,0x0001,176,146
20873,0x0004,62,0
20873,0x0020,232,0
20873,0x0022,96,176
20873,0x0024,0,128
20873,0x0026,105,45
20873,0x0028,40,44
20873,0x002A,2,3
20873,0x0031,2,4
20873,0x0069,111,113
20873,0x006B,41,43
20873,0x0076,9,8
20873,0x007B,127,128
20873,0x00AD,0,2
20873,0x00B7,25,29
20873,0x00B8,16,0
20873,0x00B9,1,0
20873,0x00BA,104,184
20873,0x00BF,160,168
20873,0x00C2,12,13
20873,0x00CD,251,254
20873,0x00CE,59,65
20873,0x00CF,7,17
20873,0x00D0,163,177
20873,0x00D1,1,2
20873,0x0173,173,36
20873,0x0174,178,50
20873,0x0176,107,71
20873,0x0177,176,146
20873,0x0178,52,54
20873,0x01B9,64,128
20873,0x02F6,175,170
20873,0x0501,159,204
20873,0x0502,86,93
20873,0x0503,20,8
20873,0x0508,79,88
20873,0x0509,81,94
20873,0x050A,20,4
20873,0x050B,20,8
20873,0x050F,158,24
20873,0x0510,86,84
20873,0x0512,40,12
20873,0x0516,78,144
20873,0x0517,81,90
20873,0x0519,44,32
20873,0x051D,156,80
20873,0x051E,86,81
20873,0x0520,64,52
20873,0x0524,152,128
20873,0x0525,86,82
20873,0x0600,0,94
20873,0x0601,0,8
20873,0x0602,0,28
20873,0x0603,0,8
20873,0x0604,0,44
20873,0x0605,0,8
20873,0x0606,67,60
20873,0x0607,63,8
20873,0x0608,68,116
20873,0x0609,63,16
20873,0x060A,37,117
20873,0x060B,63,16
20873,0x060C,59,0
20873,0x060D,63,0
20873,0x060E,50,0
20873,0x060F,63,0
20873,0x0612,0,178
20873,0x0613,0,26
20873,0x0614,0,143
20873,0x0615,0,26
20873,0x0616,21,105
20873,0x0617,13,24
20873,0x061C,16,145
20873,0x061D,13,90
20873,0x061E,32,161
20873,0x061F,13,90
20873,0x0620,3,11
20873,0x0622,218,207
20873,0x0624,234,95
20873,0x0625,12,80
20873,0x0626,250,11
20873,0x0627,12,16
20873,0x0628,0,11
20873,0x0629,0,16
20873,0x062A,0,11
20873,0x062B,0,16
20873,0x062C,0,29
20873,0x062D,0,17
20873,0x062E,0,45
20873,0x062F,0,17
20873,0x0630,82,116
20873,0x0631,63,16
20873,0x0632,36,117
20873,0x0633,63,16
20873,0x0634,58,20
20873,0x0635,63,13
20873,0x0636,0,22
20873,0x0637,0,13
20873,0x0638,0,24
20873,0x0639,0,13
20873,0x063A,0,25
20873,0x063B,0,13
20873,0x063C,233,17
20873,0x063D,12,13
20873,0x063E,249,33
20873,0x063F,12,13
20873,0x0640,0,4
20873,0x0641,0,13
20873,0x0642,0,219
20873,0x0643,0,12
20873,0x0644,0,235
20873,0x0645,0,12
20873,0x0646,0,251
20873,0x0647,0,12
20873,0x0648,82,0
20873,0x0649,63,0
20873,0x064A,36,0
20873,0x064B,63,0
20873,0x064C,58,0
20873,0x064D,63,0
20873,0x064E,74,0
20873,0x064F,63,0
20873,0x0650,0,82
20873,0x0651,0,63
20873,0x0652,0,36
20873,0x0653,0,63
20873,0x0874,222,86
20873,0x0875,42,1
20873,0x0876,86,222
20873,0x0877,1,42
20873,0x0894,22,14
20873,0x0895,91,58
20873,0x0896,14,22
20873,0x0897,58,91
20873,0x0900,119,118
20873,0x0904,135,134
20873,0x0908,114,115
20873,0x090C,130,131
20873,0x0910,92,5
20873,0x0911,93,169
20873,0x0912,18,142
20873,0x0913,32,45
20873,0x0914,103,245
20873,0x0915,108,169
20873,0x0916,4,140
20873,0x0917,160,45
20873,0x0918,118,90
20873,0x0919,127,93
20873,0x091C,129,102
20873,0x091D,83,108
20873,0x091E,6,3
20873,0x091F,105,32
20873,0x0920,145,115
20873,0x0921,83,128
20873,0x0922,4,18
20873,0x0923,105,32
20873,0x0924,144,128
20873,0x0925,188,80
20873,0x0926,130,6
20873,0x0927,45,105
20873,0x0928,128,144
20873,0x0929,188,80
20873,0x092A,128,4
20873,0x092B,45,105
20873,0x092C,166,143
20873,0x092D,96,188
20873,0x092E,2,130
20873,0x092F,105,45
20873,0x0930,182,127
20873,0x0931,96,188
20873,0x0932,0,128
20873,0x0933,105,45
20873,0x0934,74,162
20873,0x0935,56,96
20873,0x0937,39,105
20873,0x0938,58,178
20873,0x0939,56,96
20873,0x093B,39,105
20873,0x093C,161,76
20873,0x093D,84,56
20873,0x0940,145,60
20873,0x0941,84,56
20873,0x0944,130,164
20873,0x0945,72,85
20873,0x0948,114,148
20873,0x0949,72,85
20873,0x094C,103,133
20873,0x094D,60,74
20873,0x0950,87,117
20873,0x0951,60,74
20873,0x0954,139,105
20873,0x0955,176,61
20873,0x0956,138,2
20873,0x0957,45,39
20873,0x0958,123,89
20873,0x0959,176,61
20873,0x095A,136,0
20873,0x095B,45,39
20873,0x095C,216,140
20873,0x095D,96,176
20873,0x095E,2,134
20873,0x095F,105,45
20873,0x0960,232,124
20873,0x0961,96,176
20873,0x0962,0,132
20873,0x0963,105,45
20873,0x0964,246,212
20873,0x0965,224,96
20873,0x0966,0,2
20873,0x0968,89,228
20873,0x0969,224,96
20873,0x096B,39,105
20873,0x096C,77,16
20873,0x096D,224,176
20873,0x096E,2,130
20873,0x096F,39,45
20873,0x0970,61,0
20873,0x0971,224,176
20873,0x0972,0,128
20873,0x0973,39,45
20873,0x0B01,128,11
20873,0x0B02,170,168
20873,0x0B06,2,234
20873,0x0B07,0,3
20873,0x0B22,95,96
20873,0x0B24,191,192
20873,0x0B26,127,128
20873,0x0B28,254,0
20873,0x0B29,2,3
20873,0x0B82,95,96
20873,0x0B84,191,192
20873,0x0B86,127,128
20873,0x0B88,254,0
20873,0x0B89,2,3
20873,0x0F99,127,128
20873,0x0F9D,127,128
20873,0x0FD1,127,128
20873,0x0FF0,127,128
20873,0x10D0,138,80
20873,0x10D1,96,94
20873,0x10D3,96,0
20873,0x10D6,100,96
20873,0x10E6,3,1
20873,0x10F7,4,2
20873,0x1110,247,88
20873,0x1111,107,106
20873,0x1116,177,175
20873,0x1124,119,113
20873,0x1126,2,4
20873,0x112C,181,196
20873,0x1137,4,2
20873,0x1150,190,240
20873,0x1151,122,119
20873,0x1153,128,0
20873,0x1154,131,132
20873,0x1156,28,16
20873,0x1166,3,1
20873,0x1177,4,2
20873,0x16D0,32,243
20873,0x16D1,145,144
20873,0x16D3,200,163
20873,0x16D4,91,88
20873,0x16D6,196,246
20873,0x16D9,144,98
20873,0x16E6,239,237
20873,0x16F5,114,112
20873,0x16F8,3,1
20873,0x1711,144,143
20873,0x1738,58,56
20873,0x1751,144,143
20873,0x1775,14,12
20873,0x1779,38,36
20873,0x1790,40,144
20873,0x1791,182,178
20873,0x17A6,205,203
20873,0x17B5,142,140
20873,0x17B8,13,11
20873,0x17D0,19,151
20873,0x17D1,74,76
20873,0x17E6,214,212
20873,0x17F5,5,3
20873,0x17F8,6,4
20873,0x1810,149,172
20873,0x1811,161,164
20873,0x1813,188,139
20873,0x1814,92,93
20873,0x1816,135,141
20873,0x1819,108,102
20873,0x1826,147,145
20873,0x1835,138,136
20873,0x1838,16,14
20873,0x1850,176,67
20873,0x1851,130,133
20873,0x1853,191,18
20873,0x1854,80,82
20873,0x1856,69,75
20873,0x1859,174,168
20873,0x1866,169,167
20873,0x1875,55,53
20873,0x1878,38,36
20873,0x1890,1,133
20873,0x1891,103,105
20873,0x1893,212,154
20873,0x1894,68,69
20873,0x1899,93,101
20873,0x18A6,191,189
20873,0x18B5,77,75
20873,0x18B8,22,20
20873,0x18D0,96,0
20873,0x18D1,139,140
20873,0x18E4,83,85
20873,0x18E6,1,2
20873,0x18EC,138,147
20873,0x18F8,114,112
20873,0x1911,139,140
20873,0x1935,14,12
20873,0x1939,22,20
20873,0x1950,120,224
20873,0x1951,232,228
20873,0x1966,233,231
20873,0x1975,170,168
20873,0x1978,41,39
20873,0x1980,0,200
20873,0x1981,0,240
20873,0x1982,0,144
20873,0x1983,0,2
20873,0x1984,0,74
20873,0x1985,0,147
20873,0x1986,0,2
20873,0x1988,0,5
20873,0x198A,0,2
20873,0x198B,0,3
20873,0x198C,0,9
20873,0x1991,0,16
20873,0x1992,0,1
20873,0x1994,0,184
20873,0x1997,0,255
20873,0x1998,0,255
20873,0x199E,0,12
20873,0x199F,0,8
20873,0x19A0,0,170
20873,0x19A1,0,3
20873,0x19A2,0,245
20873,0x19A3,0,9
20873,0x19A4,0,247
20873,0x19A5,0,9
20873,0x19A6,0,3
20873,0x19A7,0,12
20873,0x19A8,0,128
20873,0x19A9,0,1
20873,0x19AA,0,168
20873,0x19AB,0,6
20873,0x19AC,0,147
20873,0x19AD,0,12
20873,0x19B2,0,192
20873,0x19B3,0,25
20873,0x19B8,0,128
20873,0x19C0,0,224
20873,0x19C1,0,116
20873,0x19C2,0,146
20873,0x19C3,0,2
20873,0x19C8,0,5
20873,0x19CA,0,2
20873,0x19CB,0,3
20873,0x19CC,0,9
20873,0x19D1,0,16
20873,0x19D2,0,1
20873,0x19D4,0,176
20873,0x19DE,0,12
20873,0x19DF,0,8
20873,0x19E0,0,170
20873,0x19E1,0,3
20873,0x19E2,0,223
20873,0x19E3,0,8
20873,0x19E4,0,225
20873,0x19E5,0,8
20873,0x19E6,0,255
20873,0x19E7,0,12
20873,0x19E8,0,128
20873,0x19E9,0,1
20873,0x19EA,0,168
20873,0x19EB,0,6
20873,0x19EC,0,221
20873,0x19ED,0,52
20873,0x19F5,0,64
20873,0x19F9,0,120
20875,0x0000,66,116
20875,0x0020,0,254
20875,0x002A,3,8
20875,0x0031,4,2
20875,0x0069,113,115
20875,0x006B,43,45
20875,0x007B,128,129
20875,0x0098,2,1
20875,0x009B,2,1
20875,0x009D,2,1
20875,0x00AD,2,4
20875,0x00B7,29,26
20875,0x00CD,254,1
20875,0x00CE,65,72
20875,0x00CF,17,27
20875,0x00D0,177,191
20875,0x00FA,2,1
20875,0x00FB,2,1
20875,0x0173,36,173
20875,0x0174,50,178
20875,0x0175,52,36
20875,0x0176,71,177
20875,0x0177,146,145
20875,0x0178,54,36
20875,0x02F6,170,180
20875,0x0874,86,222
20875,0x0875,1,42
20875,0x0876,222,86
20875,0x0877,42,1
20875,0x0894,14,22
20875,0x0895,58,91
20875,0x0896,22,14
20875,0x0897,91,58
20875,0x0900,118,117
20875,0x0904,134,133
20875,0x0910,5,3
20875,0x0914,245,243
20875,0x0918,90,129
20875,0x0919,93,77
20875,0x091A,18,6
20875,0x091B,32,105
20875,0x091C,102,145
20875,0x091D,108,77
20875,0x091E,3,4
20875,0x091F,32,105
20875,0x0920,115,142
20875,0x0921,128,188
20875,0x0922,18,130
20875,0x0923,32,45
20875,0x0924,128,126
20875,0x0925,80,188
20875,0x0926,6,128
20875,0x0927,105,45
20875,0x0928,144,158
20875,0x0929,80,96
20875,0x092A,4,2
20875,0x092C,143,174
20875,0x092D,188,96
20875,0x092E,130,0
20875,0x092F,45,105
20875,0x0930,127,79
20875,0x0931,188,56
20875,0x0932,128,2
20875,0x0933,45,39
20875,0x0934,162,63
20875,0x0935,96,56
20875,0x0936,2,0
20875,0x0937,105,39
20875,0x0938,178,167
20875,0x0939,96,86
20875,0x093A,0,2
20875,0x093B,105,39
20875,0x093C,76,151
20875,0x093D,56,86
20875,0x093E,2,0
20875,0x0940,60,135
20875,0x0941,56,75
20875,0x0942,0,2
20875,0x0944,164,119
20875,0x0945,85,75
20875,0x0946,2,0
20875,0x0948,148,108
20875,0x0949,85,62
20875,0x094A,0,2
20875,0x094C,133,92
20875,0x094D,74,62
20875,0x094E,2,0
20875,0x0950,117,140
20875,0x0951,74,176
20875,0x0952,0,130
20875,0x0953,39,45
20875,0x0954,105,124
20875,0x0955,61,176
20875,0x0956,2,128
20875,0x0957,39,45
20875,0x0958,89,209
20875,0x0959,61,96
20875,0x095A,0,2
20875,0x095B,39,105
20875,0x095C,140,225
20875,0x095D,176,96
20875,0x095E,134,0
20875,0x095F,45,105
20875,0x0960,124,14
20875,0x0962,132,130
20875,0x0964,212,254
20875,0x0965,96,176
20875,0x0966,2,128
20875,0x0967,105,45
20875,0x0968,228,114
20875,0x0969,96,224
20875,0x096A,0,16
20875,0x096B,105,32
20875,0x096C,16,101
20875,0x096D,176,224
20875,0x096E,130,3
20875,0x096F,45,32
20875,0x0970,0,88
20875,0x0971,176,224
20875,0x0972,128,16
20875,0x0973,45,32
20875,0x0B01,11,171
20875,0x0B02,168,170
20875,0x0B06,234,11
20875,0x0B07,3,0
20875,0x0B26,128,129
20875,0x0B28,0,2
20875,0x0B86,128,129
20875,0x0B88,0,2
20875,0x0F99,128,129
20875,0x0F9D,128,129
20875,0x0FD1,128,129
20875,0x0FF0,128,129
20875,0x10C0,208,0
20875,0x10D0,80,14
20875,0x10D1,94,92
20875,0x10D3,0,160
20875,0x10D4,97,96
20875,0x10D6,96,92
20875,0x10E4,110,106
20875,0x10E6,1,3
20875,0x10EC,166,176
20875,0x10F7,2,0
20875,0x1100,208,0
20875,0x1110,88,181
20875,0x1111,106,104
20875,0x1116,175,173
20875,0x1126,4,3
20875,0x1137,2,0
20875,0x1140,208,0
20875,0x1150,240,10
20875,0x1151,119,117
20875,0x1153,0,128
20875,0x1156,16,4
20875,0x1164,110,106
20875,0x1166,1,3
20875,0x116C,166,176
20875,0x1177,2,0
20875,0x16D0,243,9
20875,0x16D1,144,145
20875,0x16D3,163,157
20875,0x16D4,88,85
20875,0x16D6,246,18
20875,0x16D7,255,0
20875,0x16D8,255,0
20875,0x16D9,98,134
20875,0x16DC,25,14
20875,0x16DD,233,18
20875,0x16E6,237,235
20875,0x16F5,112,110
20875,0x16F8,1,23
20875,0x16FA,153,158
20875,0x1711,143,142
20875,0x1738,56,54
20875,0x1751,143,142
20875,0x1775,12,10
20875,0x1779,36,34
20875,0x1790,144,248
20875,0x1791,178,174
20875,0x17A6,203,201
20875,0x17B5,140,138
20875,0x17B8,11,9
20875,0x17D0,151,27
20875,0x17D1,76,79
20875,0x17E6,212,210
20875,0x17F5,3,1
20875,0x17F8,4,2
20875,0x1810,172,207
20875,0x1811,164,167
20875,0x1813,139,78
20875,0x1814,93,94
20875,0x1816,141,147
20875,0x1819,102,96
20875,0x1826,145,143
20875,0x1835,136,134
20875,0x1838,14,12
20875,0x1850,67,226
20875,0x1851,133,135
20875,0x1853,18,89
20875,0x1854,82,83
20875,0x1856,75,81
20875,0x1859,168,162
20875,0x1866,167,165
20875,0x1875,53,51
20875,0x1878,36,34
20875,0x1890,133,9
20875,0x1891,105,108
20875,0x1893,154,112
20875,0x1894,69,70
20875,0x1899,101,109
20875,0x18A6,189,187
20875,0x18B5,75,73
20875,0x18B8,20,18
20875,0x18D0,0,160
20875,0x18E4,85,81
20875,0x18E6,2,3
20875,0x18ED,43,12
20875,0x18F8,112,110
20875,0x1935,12,10
20875,0x1939,20,18
20875,0x1950,224,72
20875,0x1951,228,225
20875,0x1966,231,229
20875,0x1975,168,166
20875,0x1978,39,37
20875,0x1991,16,14
20875,0x19A6,3,1
20875,0x19B8,128,126
20875,0x19D1,16,14
20875,0x19F5,64,62
20875,0x19F9,120,118
20877,0x0020,254,252
20877,0x0024,128,132
20877,0x0031,2,4
20877,0x0069,115,117
20877,0x006B,45,47
20877,0x0076,8,7
20877,0x007B,129,130
20877,0x00AD,4,6
20877,0x00CD,1,4
20877,0x00CE,72,78
20877,0x00CF,27,37
20877,0x00D0,191,28
20877,0x00D1,2,3
20877,0x0176,177,202
20877,0x0178,36,164
20877,0x02F6,180,119
20877,0x02FD,39,41
20877,0x0874,222,86
20877,0x0875,42,1
20877,0x0876,86,222
20877,0x0877,1,42
20877,0x0894,22,14
20877,0x0895,91,58
20877,0x0896,14,22
20877,0x0897,58,91
20877,0x0900,117,116
20877,0x0904,133,132
20877,0x0908,115,116
20877,0x090C,131,132
20877,0x0910,3,1
20877,0x0914,243,241
20877,0x0919,77,74
20877,0x091D,77,74
20877,0x0920,142,141
20877,0x0924,126,125
20877,0x0928,158,155
20877,0x092C,174,171
20877,0x0930,79,81
20877,0x0934,63,65
20877,0x0938,167,170
20877,0x0939,86,87
20877,0x093C,151,154
20877,0x093D,86,87
20877,0x0940,135,138
20877,0x0941,75,76
20877,0x0944,119,122
20877,0x0945,75,76
20877,0x0948,108,110
20877,0x0949,62,63
20877,0x094C,92,94
20877,0x094D,62,63
20877,0x0950,140,141
20877,0x0954,124,125
20877,0x0958,209,205
20877,0x095C,225,221
20877,0x0960,14,12
20877,0x0962,130,134
20877,0x0964,254,252
20877,0x0966,128,132
20877,0x0B24,192,193
20877,0x0B26,129,130
20877,0x0B28,2,4
20877,0x0B84,192,193
20877,0x0B86,129,130
20877,0x0B88,2,4
20877,0x0F99,129,130
20877,0x0F9D,129,130
20877,0x0FD1,129,130
20877,0x0FF0,129,130
20877,0x16D0,9,87
20877,0x16D3,157,223
20877,0x16D4,85,82
20877,0x16D6,18,46
20877,0x16D9,134,170
20877,0x16E6,235,233
20877,0x16F5,110,108
20877,0x16F8,23,21
20877,0x1711,142,141
20877,0x1738,54,52
20877,0x1751,142,141
20877,0x1775,10,8
20877,0x1779,34,32
20877,0x1790,248,96
20877,0x1791,174,171
20877,0x17A6,201,199
20877,0x17B5,138,136
20877,0x17B8,9,7
20877,0x17D0,27,159
20877,0x17D1,79,81
20877,0x17D3,174,199
20877,0x17D9,21,25
20877,0x17DD,11,4
20877,0x17E6,210,208
20877,0x17F5,1,79
20877,0x17F8,2,39
20877,0x17F9,6,2
20877,0x17FA,129,133
20877,0x1810,207,254
20877,0x1811,167,170
20877,0x1813,78,5
20877,0x1814,94,95
20877,0x1816,147,153
20877,0x1819,96,90
20877,0x1826,143,141
20877,0x1835,134,132
20877,0x1838,12,10
20877,0x1850,226,141
20877,0x1851,135,138
20877,0x1853,89,148
20877,0x1854,83,84
20877,0x1856,81,87
20877,0x1859,162,156
20877,0x1866,165,163
20877,0x1875,51,49
20877,0x1878,34,32
20877,0x1890,9,141
20877,0x1891,108,110
20877,0x1893,112,86
20877,0x1894,70,71
20877,0x1899,109,117
20877,0x18A6,187,185
20877,0x18B5,73,71
20877,0x18B8,18,16
20877,0x18D0,160,64
20877,0x18D1,140,141
20877,0x18E6,3,1
20877,0x18F8,110,108
20877,0x1911,140,141
20877,0x1935,10,8
20877,0x1939,18,16
20877,0x1950,72,176
20877,0x1951,225,221
20877,0x1966,229,227
20877,0x1975,166,164
20877,0x1978,37,35
20877,0x1991,14,12
20877,0x19A4,247,249
20877,0x19A6,1,2
20877,0x19AD,12,43
20877,0x19B8,126,124
20877,0x19D1,14,12
20877,0x19F5,62,60
20877,0x19F9,118,116
20879,0x0020,252,250
20879,0x0024,132,136
20879,0x0031,4,2
20879,0x0069,117,119
20879,0x006B,47,49
20879,0x007B,130,131
20879,0x00AD,6,8
20879,0x00CD,4,7
20879,0x00CE,78,84
20879,0x00CF,37,47
20879,0x00D0,28,42
20879,0x0176,202,177
20879,0x0178,164,36
20879,0x02FD,41,39
20879,0x0874,86,222
20879,0x0875,1,42
20879,0x0876,222,86
20879,0x0877,42,1
20879,0x0894,14,22
20879,0x0895,58,91
20879,0x0896,22,14
20879,0x0897,91,58
20879,0x0900,116,115
20879,0x0904,132,131
20879,0x0910,1,255
20879,0x0914,241,239
20879,0x0919,74,72
20879,0x091D,74,72
20879,0x0920,141,140
20879,0x0924,125,124
20879,0x0928,155,151
20879,0x092C,171,167
20879,0x0930,81,84
20879,0x0931,56,57
20879,0x0934,65,68
20879,0x0935,56,57
20879,0x0938,170,174
20879,0x093C,154,158
20879,0x0940,138,141
20879,0x0941,76,77
20879,0x0944,122,125
20879,0x0945,76,77
20879,0x0948,110,113
20879,0x0949,63,64
20879,0x094C,94,97
20879,0x094D,63,64
20879,0x0952,130,138
20879,0x0956,128,136
20879,0x0958,205,202
20879,0x095C,221,218
20879,0x0960,12,10
20879,0x0962,134,138
20879,0x0964,252,250
20879,0x0966,132,136
20879,0x0B01,171,170
20879,0x0B26,130,131
20879,0x0B28,4,6
20879,0x0B86,130,131
20879,0x0B88,4,6
20879,0x0F99,130,131
20879,0x0F9D,130,131
20879,0x0FD1,130,131
20879,0x0FF0,130,131
20879,0x16D0,87,221
20879,0x16D3,223,105
20879,0x16D4,82,80
20879,0x16D6,46,74
20879,0x16D9,170,206
20879,0x16E6,233,231
20879,0x16F5,108,106
20879,0x16F8,21,19
20879,0x1711,141,140
20879,0x1738,52,50
20879,0x1751,141,140
20879,0x1775,8,6
20879,0x1779,32,30
20879,0x1790,96,200
20879,0x1791,171,167
20879,0x17A6,199,197
20879,0x17B5,136,134
20879,0x17B8,7,5
20879,0x17D0,159,35
20879,0x17D1,81,84
20879,0x17D3,199,5
20879,0x17D4,64,65
20879,0x17D9,25,33
20879,0x17E6,208,206
20879,0x17F5,79,77
20879,0x17F8,39,37
20879,0x1810,254,57
20879,0x1811,170,174
20879,0x1813,5,176
20879,0x1816,153,159
20879,0x1819,90,84
20879,0x1826,141,139
20879,0x1835,132,130
20879,0x1838,10,8
20879,0x1850,141,68
20879,0x1851,138,141
20879,0x1853,148,195
20879,0x1854,84,85
20879,0x1856,87,93
20879,0x1859,156,150
20879,0x1866,163,161
20879,0x1875,49,47
20879,0x1878,32,30
20879,0x1890,141,17
20879,0x1891,110,113
20879,0x1893,86,76
20879,0x1894,71,72
20879,0x1899,117,125
20879,0x18A6,185,183
20879,0x18B5,71,69
20879,0x18B8,16,14
20879,0x18D0,64,224
20879,0x18E4,81,83
20879,0x18E6,1,2
20879,0x18EC,147,138
20879,0x18ED,12,43
20879,0x18F8,108,106
20879,0x1935,8,6
20879,0x1939,16,14
20879,0x1950,176,24
20879,0x1951,221,218
20879,0x1966,227,225
20879,0x1975,164,162
20879,0x1978,35,33
20879,0x1991,12,10
20879,0x19A4,249,251
20879,0x19A6,2,3
20879,0x19AC,147,138
20879,0x19B8,124,122
20879,0x19D1,12,10
20879,0x19F5,60,58
20879,0x19F9,116,114
20881,0x0004,0,2
20881,0x0020,250,248
20881,0x0031,2,4
20881,0x0069,119,121
20881,0x006B,49,51
20881,0x0076,7,6
20881,0x007B,131,132
20881,0x00AD,8,10
20881,0x00CD,7,10
20881,0x00CE,84,90
20881,0x00CF,47,57
20881,0x00D0,42,56
20881,0x0176,177,202
20881,0x0178,36,164
20881,0x0501,204,129
20881,0x0502,93,82
20881,0x0503,8,20
20881,0x0600,94,0
20881,0x0601,8,0
20881,0x0602,28,0
20881,0x0603,8,0
20881,0x0604,44,0
20881,0x0605,8,0
20881,0x0606,60,0
20881,0x0607,8,0
20881,0x0608,116,83
20881,0x0609,16,63
20881,0x060A,117,37
20881,0x060B,16,63
20881,0x060C,0,59
20881,0x060D,0,63
20881,0x060E,0,75
20881,0x060F,0,63
20881,0x0612,178,0
20881,0x0613,26,0
20881,0x0874,222,86
20881,0x0875,42,1
20881,0x0876,86,222
20881,0x0877,1,42
20881,0x0894,22,14
20881,0x0895,91,58
20881,0x0896,14,22
20881,0x0897,58,91
20881,0x0900,115,114
20881,0x0904,131,130
20881,0x0908,116,117
20881,0x090C,132,133
20881,0x0910,255,253
20881,0x0914,239,237
20881,0x0918,129,130
20881,0x0919,72,70
20881,0x091C,145,146
20881,0x091D,72,70
20881,0x0920,140,139
20881,0x0924,124,123
20881,0x0928,151,148
20881,0x092C,167,164
20881,0x0930,84,86
20881,0x0934,68,70
20881,0x0938,174,177
20881,0x0939,87,88
20881,0x093C,158,161
20881,0x093D,87,88
20881,0x0940,141,144
20881,0x0941,77,78
20881,0x0944,125,128
20881,0x0945,77,78
20881,0x0948,113,115
20881,0x0949,64,65
20881,0x094C,97,99
20881,0x094D,64,65
20881,0x0950,141,142
20881,0x0952,138,134
20881,0x0954,125,126
20881,0x0956,136,132
20881,0x0958,202,198
20881,0x095C,218,214
20881,0x0960,10,8
20881,0x0964,250,248
20881,0x0B22,96,97
20881,0x0B24,193,194
20881,0x0B26,131,132
20881,0x0B28,6,8
20881,0x0B82,96,97
20881,0x0B84,193,194
20881,0x0B86,131,132
20881,0x0B88,6,8
20881,0x0F99,131,132
20881,0x0F9D,131,132
20881,0x0FD1,131,132
20881,0x0FF0,131,132
20881,0x16D0,221,155
20881,0x16D1,145,146
20881,0x16D3,105,59
20881,0x16D4,80,78
20881,0x16D6,74,102
20881,0x16D9,206,242
20881,0x16E6,231,229
20881,0x16F5,106,104
20881,0x16F8,19,17
20881,0x1711,140,139
20881,0x1738,50,48
20881,0x1751,140,139
20881,0x1775,6,4
20881,0x1779,30,28
20881,0x1790,200,48
20881,0x1791,167,164
20881,0x17A6,197,195
20881,0x17B5,134,132
20881,0x17B8,5,3
20881,0x17D0,35,167
20881,0x17D1,84,86
20881,0x17D3,5,83
20881,0x17D9,33,41
20881,0x17E6,206,204
20881,0x17F5,77,75
20881,0x17F8,37,35
20881,0x1810,57,128
20881,0x1811,174,177
20881,0x1813,176,79
20881,0x1814,95,96
20881,0x1816,159,165
20881,0x1819,84,78
20881,0x1826,139,137
20881,0x1835,130,128
20881,0x1838,8,6
20881,0x1850,68,7
20881,0x1851,141,144
20881,0x1853,195,230
20881,0x1854,85,86
20881,0x1856,93,99
20881,0x1859,150,144
20881,0x1866,161,159
20881,0x1875,47,45
20881,0x1878,30,28
20881,0x1890,17,149
20881,0x1891,113,115
20881,0x1893,76,82
20881,0x1894,72,73
20881,0x1899,125,133
20881,0x18A6,183,181
20881,0x18B5,69,67
20881,0x18B8,14,12
20881,0x18D0,224,128
20881,0x18D1,141,142
20881,0x18E4,83,85
20881,0x18E6,2,3
20881,0x18EC,138,147
20881,0x18F8,106,104
20881,0x1911,141,142
20881,0x1935,6,4
20881,0x1939,14,12
20881,0x1950,24,128
20881,0x1951,218,214
20881,0x1966,225,223
20881,0x1975,162,160
20881,0x1978,33,31
20881,0x1991,10,8
20881,0x19A6,3,1
20881,0x19B8,122,120
20881,0x19D1,10,8
20881,0x19F5,58,56
20881,0x19F9,114,112
20883,0x0020,248,246
20883,0x0024,136,128
20883,0x0031,4,2
20883,0x0069,121,123
20883,0x006B,51,53
20883,0x007B,132,133
20883,0x00AD,10,12
20883,0x00CD,10,13
20883,0x00CE,90,96
20883,0x00CF,57,67
20883,0x00D0,56,70
20883,0x0176,202,177
20883,0x0178,164,36
20883,0x02FD,39,41
20883,0x0874,86,222
20883,0x0875,1,42
20883,0x0876,222,86
20883,0x0877,42,1
20883,0x0894,14,22
20883,0x0895,58,91
20883,0x0896,22,14
20883,0x0897,91,58
20883,0x0900,114,113
20883,0x0904,130,129
20883,0x0908,117,118
20883,0x090C,133,134
20883,0x0910,253,251
20883,0x0914,237,235
20883,0x0918,130,131
20883,0x0919,70,68
20883,0x091C,146,147
20883,0x091D,70,68
20883,0x0920,139,138
20883,0x0924,123,122
20883,0x0928,148,144
20883,0x092C,164,160
20883,0x0930,86,89
20883,0x0934,70,73
20883,0x0938,177,180
20883,0x093C,161,164
20883,0x0940,144,146
20883,0x0941,78,79
20883,0x0944,128,130
20883,0x0945,78,79
20883,0x0948,115,118
20883,0x0949,65,66
20883,0x094C,99,102
20883,0x094D,65,66
20883,0x0950,142,143
20883,0x0954,126,127
20883,0x0958,198,194
20883,0x095C,214,210
20883,0x0960,8,6
20883,0x0962,138,130
20883,0x0964,248,246
20883,0x0966,136,128
20883,0x0B26,132,133
20883,0x0B28,8,10
20883,0x0B86,132,133
20883,0x0B88,8,10
20883,0x0F99,132,133
20883,0x0F9D,132,133
20883,0x0FD1,132,133
20883,0x0FF0,132,133
20883,0x16D0,155,145
20883,0x16D1,146,147
20883,0x16D3,59,85
20883,0x16D4,78,76
20883,0x16D6,102,130
20883,0x16D9,242,22
20883,0x16DA,254,255
20883,0x16E6,229,227
20883,0x16F5,104,102
20883,0x16F8,17,15
20883,0x1711,139,138
20883,0x1738,48,46
20883,0x1751,139,138
20883,0x1775,4,2
20883,0x1779,28,26
20883,0x1790,48,152
20883,0x1791,164,160
20883,0x17A6,195,193
20883,0x17B5,132,130
20883,0x17B8,3,1
20883,0x17D0,167,43
20883,0x17D1,86,89
20883,0x17D3,83,177
20883,0x17D9,41,49
20883,0x17E6,204,202
20883,0x17F5,75,73
20883,0x17F8,35,33
20883,0x1810,128,211
20883,0x1811,177,180
20883,0x1813,79,226
20883,0x1816,165,171
20883,0x1819,78,72
20883,0x1826,137,135
20883,0x1835,128,126
20883,0x1838,6,4
20883,0x1850,7,214
20883,0x1851,144,146
20883,0x1853,230,253
20883,0x1854,86,87
20883,0x1856,99,105
20883,0x1859,144,138
20883,0x1866,159,157
20883,0x1875,45,43
20883,0x1878,28,26
20883,0x1890,149,25
20883,0x1891,115,118
20883,0x1893,82,104
20883,0x1894,73,74
20883,0x1899,133,141
20883,0x18A6,181,179
20883,0x18B5,67,65
20883,0x18B8,12,10
20883,0x18D0,128,32
20883,0x18D1,142,143
20883,0x18E6,3,1
20883,0x18F8,104,102
20883,0x1911,142,143
20883,0x1935,4,2
20883,0x1939,12,10
20883,0x1950,128,232
20883,0x1951,214,210
20883,0x1966,223,221
20883,0x1975,160,158
20883,0x1978,31,29
20883,0x1991,8,6
20883,0x19A4,251,247
20883,0x19A6,1,2
20883,0x19AC,138,147
20883,0x19AD,43,12
20883,0x19B8,120,118
20883,0x19D1,8,6
20883,0x19F5,56,54
20883,0x19F9,112,110
20885,0x0020,246,244
20885,0x0024,128,132
20885,0x002C,114,124
20885,0x0031,2,4
20885,0x0069,123,125
20885,0x006B,53,55
20885,0x0076,6,5
20885,0x007B,133,134
20885,0x00AD,12,14
20885,0x00CD,13,16
20885,0x00CE,96,102
20885,0x00CF,67,77
20885,0x00D0,70,84
20885,0x0172,52,0
20885,0x0173,173,0
20885,0x0174,178,25
20885,0x0176,177,202
20885,0x0178,36,164
20885,0x02FD,41,39
20885,0x0874,222,86
20885,0x0875,42,1
20885,0x0876,86,222
20885,0x0877,1,42
20885,0x0894,22,14
20885,0x0895,91,58
20885,0x0896,14,22
20885,0x0897,58,91
20885,0x0900,113,112
20885,0x0904,129,128
20885,0x0910,251,249
20885,0x0914,235,233
20885,0x0918,131,132
20885,0x0919,68,66
20885,0x091C,147,148
20885,0x091D,68,66
20885,0x0920,138,137
20885,0x0924,122,121
20885,0x0928,144,141
20885,0x0929,96,95
20885,0x092A,2,6
20885,0x092C,160,157
20885,0x092D,96,95
20885,0x092E,0,4
20885,0x0930,89,91
20885,0x0931,57,58
20885,0x0934,73,75
20885,0x0935,57,58
20885,0x0938,180,184
20885,0x0939,88,89
20885,0x093C,164,168
20885,0x093D,88,89
20885,0x0940,146,149
20885,0x0941,79,81
20885,0x0944,130,133
20885,0x0945,79,81
20885,0x0948,118,120
20885,0x0949,66,67
20885,0x094C,102,104
20885,0x094D,66,67
20885,0x0952,134,130
20885,0x0956,132,128
20885,0x0958,194,191
20885,0x095C,210,207
20885,0x0960,6,4
20885,0x0962,130,134
20885,0x0964,246,244
20885,0x0966,128,132
20885,0x0B24,194,195
20885,0x0B26,133,134
20885,0x0B28,10,12
20885,0x0B84,194,195
20885,0x0B86,133,134
20885,0x0B88,10,12
20885,0x0F99,133,134
20885,0x0F9D,133,134
20885,0x0FD1,133,134
20885,0x0FF0,133,134
20885,0x16D0,145,191
20885,0x16D1,147,148
20885,0x16D3,85,183
20885,0x16D4,76,74
20885,0x16D6,130,158
20885,0x16D9,22,58
20885,0x16E6,227,225
20885,0x16F5,102,100
20885,0x16F8,15,13
20885,0x1711,138,137
20885,0x1738,46,44
20885,0x1751,138,137
20885,0x1775,2,16
20885,0x1779,26,24
20885,0x1790,152,75
20885,0x1791,160,157
20885,0x1793,0,187
20885,0x1794,104,103
20885,0x1796,52,102
20885,0x1799,0,210
20885,0x179A,0,255
20885,0x179B,0,255
20885,0x179C,3,25
20885,0x179D,253,233
20885,0x17A2,220,217
20885,0x17A4,222,219
20885,0x17A6,193,253
20885,0x17AC,124,111
20885,0x17AD,12,43
20885,0x17B5,130,128
20885,0x17B8,1,17
20885,0x17B9,6,0
20885,0x17BA,148,153
20885,0x17D0,43,175
20885,0x17D1,89,91
20885,0x17D3,177,31
20885,0x17D4,65,66
20885,0x17D9,49,57
20885,0x17E6,202,200
20885,0x17F5,73,71
20885,0x17F8,33,31
20885,0x1810,211,50
20885,0x1811,180,184
20885,0x1813,226,105
20885,0x1814,96,97
20885,0x1816,171,177
20885,0x1819,72,66
20885,0x1826,135,133
20885,0x1835,126,124
20885,0x1838,4,2
20885,0x1850,214,177
20885,0x1851,146,149
20885,0x1853,253,8
20885,0x1854,87,89
20885,0x1856,105,111
20885,0x1859,138,132
20885,0x1866,157,155
20885,0x1875,43,41
20885,0x1878,26,24
20885,0x1890,25,157
20885,0x1891,118,120
20885,0x1893,104,142
20885,0x1894,74,75
20885,0x1899,141,149
20885,0x18A6,179,177
20885,0x18B5,65,63
20885,0x18B8,10,8
20885,0x18D0,32,192
20885,0x18E4,85,81
20885,0x18E6,1,2
20885,0x18ED,43,12
20885,0x18F8,102,100
20885,0x1935,2,16
20885,0x1939,10,8
20885,0x1950,232,80
20885,0x1951,210,207
20885,0x1966,221,219
20885,0x1975,158,156
20885,0x1978,29,27
20885,0x1991,6,4
20885,0x19A4,247,249
20885,0x19A6,2,3
20885,0x19AD,12,43
20885,0x19B8,118,116
20885,0x19D1,6,4
20885,0x19F5,54,52
20885,0x19F9,110,108
20887,0x0020,244,242
20887,0x0031,4,2
20887,0x0069,125,127
20887,0x006B,55,57
20887,0x007B,134,135
20887,0x00AD,14,16
20887,0x00CD,16,19
20887,0x00CE,102,108
20887,0x00CF,77,87
20887,0x00D0,84,98
20887,0x0172,0,52
20887,0x0173,0,173
20887,0x0174,25,178
20887,0x0176,202,177
20887,0x0178,164,36
20887,0x02FD,39,41
20887,0x0874,86,222
20887,0x0875,1,42
20887,0x0876,222,86
20887,0x0877,42,1
20887,0x0894,14,22
20887,0x0895,58,91
20887,0x0896,22,14
20887,0x0897,91,58
20887,0x0900,112,111
20887,0x0904,128,127
20887,0x0908,118,119
20887,0x090C,134,135
20887,0x0910,249,247
20887,0x0914,233,231
20887,0x0918,132,134
20887,0x0919,66,65
20887,0x091C,148,150
20887,0x091D,66,65
20887,0x0920,137,136
20887,0x0924,121,120
20887,0x0928,141,138
20887,0x092C,157,154
20887,0x0930,91,94
20887,0x0934,75,78
20887,0x0938,184,187
20887,0x093C,168,171
20887,0x0940,149,152
20887,0x0941,81,82
20887,0x0944,133,136
20887,0x0945,81,82
20887,0x0948,120,123
20887,0x0949,67,68
20887,0x094C,104,107
20887,0x094D,67,68
20887,0x0950,143,144
20887,0x0952,130,138
20887,0x0954,127,128
20887,0x0956,128,136
20887,0x0958,191,187
20887,0x095C,207,203
20887,0x0960,4,2
20887,0x0964,244,242
20887,0x0B26,134,135
20887,0x0B28,12,14
20887,0x0B86,134,135
20887,0x0B88,12,14
20887,0x0F99,134,135
20887,0x0F9D,134,135
20887,0x0FD1,134,135
20887,0x0FF0,134,135
20887,0x16D0,191,37
20887,0x16D1,148,150
20887,0x16D3,183,97
20887,0x16D4,74,73
20887,0x16D6,158,186
20887,0x16D9,58,94
20887,0x16E6,225,223
20887,0x16F5,100,98
20887,0x16F8,13,11
20887,0x1711,137,136
20887,0x1738,44,42
20887,0x1751,137,136
20887,0x1775,16,14
20887,0x1779,24,22
20887,0x1790,75,98
20887,0x1791,157,154
20887,0x1793,187,26
20887,0x1796,102,152
20887,0x1799,210,164
20887,0x17A6,253,251
20887,0x17B5,128,126
20887,0x17B8,17,15
20887,0x17D0,175,51
20887,0x17D1,91,94
20887,0x17D3,31,157
20887,0x17D9,57,65
20887,0x17E6,200,198
20887,0x17F5,71,69
20887,0x17F8,31,29
20887,0x1810,50,154
20887,0x1811,184,187
20887,0x1813,105,168
20887,0x1816,177,180
20887,0x1819,66,63
20887,0x1826,133,131
20887,0x1835,124,122
20887,0x1838,2,50
20887,0x1839,0,6
20887,0x183A,138,141
20887,0x1850,177,152
20887,0x1851,149,152
20887,0x1853,8,7
20887,0x1854,89,90
20887,0x1856,111,117
20887,0x1859,132,126
20887,0x1866,155,153
20887,0x1875,41,39
20887,0x1878,24,22
20887,0x1890,157,33
20887,0x1891,120,123
20887,0x1893,142,196
20887,0x1894,75,76
20887,0x1899,149,157
20887,0x18A6,177,175
20887,0x18B5,63,61
20887,0x18B8,8,6
20887,0x18D0,192,96
20887,0x18D1,143,144
20887,0x18E4,81,83
20887,0x18E6,2,3
20887,0x18EC,147,138
20887,0x18ED,12,43
20887,0x18F8,100,98
20887,0x1911,143,144
20887,0x1935,16,14
20887,0x1939,8,6
20887,0x1950,80,184
20887,0x1951,207,203
20887,0x1966,219,217
20887,0x1975,156,154
20887,0x1978,27,25
20887,0x1991,4,2
20887,0x19A6,3,1
20887,0x19B8,116,114
20887,0x19D1,4,2
20887,0x19F5,52,50
20887,0x19F9,108,106
20889,0x0000,116,66
20889,0x0004,2,4
20889,0x0020,242,0
20889,0x0022,176,188
20889,0x0024,132,128
20889,0x002A,8,12
20889,0x0031,2,4
20889,0x0069,127,129
20889,0x006B,57,59
20889,0x0076,5,4
20889,0x007B,135,136
20889,0x00AD,16,18
20889,0x00B7,26,30
20889,0x00BA,184,196
20889,0x00BF,168,176
20889,0x00C2,13,14
20889,0x00CD,19,22
20889,0x00CE,108,114
20889,0x00CF,87,97
20889,0x00D0,98,112
20889,0x00D1,3,0
20889,0x0173,173,36
20889,0x0174,178,50
20889,0x0175,36,52
20889,0x0176,177,71
20889,0x0177,145,146
20889,0x0178,36,54
20889,0x01B9,128,0
20889,0x01BA,25,26
20889,0x0501,129,145
20889,0x0502,82,90
20889,0x0508,88,81
20889,0x0509,94,81
20889,0x050A,4,20
20889,0x050B,8,20
20889,0x050F,24,130
20889,0x0510,84,82
20889,0x0512,12,40
20889,0x0600,0,12
20889,0x0601,0,13
20889,0x0602,0,207
20889,0x0603,0,12
20889,0x0604,0,217
20889,0x0605,0,80
20889,0x0606,0,154
20889,0x0607,0,17
20889,0x0608,83,11
20889,0x0609,63,16
20889,0x060A,37,11
20889,0x060B,63,16
20889,0x060C,59,30
20889,0x060D,63,17
20889,0x060E,75,46
20889,0x060F,63,17
20889,0x0610,0,116
20889,0x0611,0,16
20889,0x0612,0,118
20889,0x0613,0,16
20889,0x0614,143,0
20889,0x0615,26,0
20889,0x0616,105,23
20889,0x0617,24,13
20889,0x061A,0,26
20889,0x061B,0,13
20889,0x061C,145,18
20889,0x061D,90,13
20889,0x061E,161,34
20889,0x061F,90,13
20889,0x0620,11,5
20889,0x0622,207,220
20889,0x0624,95,236
20889,0x0625,80,12
20889,0x0626,11,252
20889,0x0627,16,12
20889,0x0628,11,0
20889,0x0629,16,0
20889,0x062A,11,0
20889,0x062B,16,0
20889,0x062C,29,0
20889,0x062D,17,0
20889,0x062E,45,0
20889,0x062F,17,0
20889,0x0630,116,82
20889,0x0631,16,63
20889,0x0632,117,36
20889,0x0633,16,63
20889,0x0634,20,58
20889,0x0635,13,63
20889,0x0636,22,74
20889,0x0637,13,63
20889,0x0638,24,0
20889,0x0639,13,0
20889,0x063A,25,0
20889,0x063B,13,0
20889,0x0874,222,86
20889,0x0875,42,1
20889,0x0876,86,222
20889,0x0877,1,42
20889,0x0894,22,14
20889,0x0895,91,58
20889,0x0896,14,22
20889,0x0897,58,91
20889,0x0900,111,110
20889,0x0904,127,126
20889,0x0908,119,120
20889,0x090C,135,136
20889,0x0910,247,245
20889,0x0914,231,229
20889,0x0918,134,5
20889,0x0919,65,181
20889,0x091A,6,142
20889,0x091B,105,45
20889,0x091C,150,245
20889,0x091D,65,181
20889,0x091E,4,140
20889,0x091F,105,45
20889,0x0920,136,135
20889,0x0921,188,64
20889,0x0922,130,6
20889,0x0923,45,105
20889,0x0924,120,151
20889,0x0925,188,64
20889,0x0926,128,4
20889,0x0927,45,105
20889,0x0928,138,135
20889,0x0929,95,188
20889,0x092A,6,130
20889,0x092B,105,45
20889,0x092C,154,119
20889,0x092D,95,188
20889,0x092E,4,128
20889,0x092F,105,45
20889,0x0930,94,135
20889,0x0931,58,94
20889,0x0932,2,6
20889,0x0933,39,105
20889,0x0934,78,151
20889,0x0935,58,94
20889,0x0936,0,4
20889,0x0937,39,105
20889,0x0938,187,96
20889,0x0939,89,59
20889,0x093C,171,80
20889,0x093D,89,59
20889,0x0940,152,191
20889,0x0941,82,89
20889,0x0944,136,175
20889,0x0945,82,89
20889,0x0948,123,155
20889,0x0949,68,82
20889,0x094C,107,139
20889,0x094D,68,82
20889,0x0950,144,125
20889,0x0951,176,70
20889,0x0952,138,2
20889,0x0953,45,39
20889,0x0954,128,109
20889,0x0955,176,70
20889,0x0956,136,0
20889,0x0957,45,39
20889,0x0958,187,145
20889,0x0959,96,176
20889,0x095A,2,138
20889,0x095B,105,45
20889,0x095C,203,129
20889,0x095D,96,176
20889,0x095E,0,136
20889,0x095F,105,45
20889,0x0960,2,184
20889,0x0961,176,96
20889,0x0962,134,2
20889,0x0963,45,105
20889,0x0964,242,200
20889,0x0965,176,96
20889,0x0966,132,0
20889,0x0967,45,105
20889,0x0968,114,0
20889,0x0969,224,176
20889,0x096A,16,138
20889,0x096B,32,45
20889,0x096C,101,240
20889,0x096D,224,176
20889,0x096E,3,136
20889,0x096F,32,45
20889,0x0970,88,16
20889,0x0971,224,188
20889,0x0972,16,130
20889,0x0973,32,45
20889,0x0974,50,0
20889,0x0975,224,188
20889,0x0976,2,128
20889,0x0977,39,45
20889,0x0B01,170,186
20889,0x0B06,11,186
20889,0x0B07,0,15
20889,0x0B22,97,98
20889,0x0B24,195,196
20889,0x0B26,135,136
20889,0x0B28,14,16
20889,0x0B82,97,98
20889,0x0B84,195,196
20889,0x0B86,135,136
20889,0x0B88,14,16
20889,0x0F99,135,136
20889,0x0F9D,135,136
20889,0x0FD1,135,136
20889,0x0FF0,135,136
20889,0x16D0,37,195
20889,0x16D1,150,151
20889,0x16D3,97,83
20889,0x16D4,73,72
20889,0x16D6,186,214
20889,0x16D9,94,130
20889,0x16E6,223,221
20889,0x16F5,98,96
20889,0x16F8,11,9
20889,0x1711,136,135
20889,0x1738,42,40
20889,0x1751,136,135
20889,0x1775,14,12
20889,0x1779,22,20
20889,0x1790,98,221
20889,0x1791,154,151
20889,0x1793,26,29
20889,0x1794,103,102
20889,0x1796,152,202
20889,0x1799,164,118
20889,0x17A6,251,249
20889,0x17B5,126,124
20889,0x17B8,15,13
20889,0x17D0,51,183
20889,0x17D1,94,96
20889,0x17D3,157,43
20889,0x17D4,66,67
20889,0x17D9,65,73
20889,0x17E6,198,196
20889,0x17F5,69,67
20889,0x17F8,29,27
20889,0x1810,154,2
20889,0x1811,187,191
20889,0x1826,131,129
20889,0x1835,122,120
20889,0x1838,50,48
20889,0x1850,152,139
20889,0x1851,152,155
20889,0x1853,7,250
20889,0x1856,117,123
20889,0x1859,126,120
20889,0x1866,153,151
20889,0x1875,39,37
20889,0x1878,22,20
20889,0x1890,33,165
20889,0x1891,123,125
20889,0x1893,196,10
20889,0x1894,76,78
20889,0x1899,157,165
20889,0x18A6,175,173
20889,0x18B5,61,59
20889,0x18B8,6,4
20889,0x18D0,96,0
20889,0x18D1,144,145
20889,0x18E6,3,1
20889,0x18F8,98,96
20889,0x1911,144,145
20889,0x1935,14,12
20889,0x1939,6,4
20889,0x1950,184,32
20889,0x1951,203,200
20889,0x1966,217,215
20889,0x1975,154,152
20889,0x1978,25,23
20889,0x1991,2,0
20889,0x19A4,249,251
20889,0x19A6,1,2
20889,0x19AC,147,138
20889,0x19B8,114,112
20889,0x19D1,2,0
20889,0x19F5,50,48
20889,0x19F9,106,104
20889,0x1A00,0,200
20889,0x1A01,0,240
20889,0x1A02,0,144
20889,0x1A03,0,2
20889,0x1A04,0,74
20889,0x1A05,0,147
20889,0x1A06,0,2
20889,0x1A08,0,5
20889,0x1A0A,0,2
20889,0x1A0B,0,3
20889,0x1A0C,0,9
20889,0x1A11,0,16
20889,0x1A12,0,1
20889,0x1A14,0,196
20889,0x1A17,0,255
20889,0x1A18,0,255
20889,0x1A1E,0,12
20889,0x1A1F,0,8
20889,0x1A20,0,170
20889,0x1A21,0,3
20889,0x1A22,0,245
20889,0x1A23,0,9
20889,0x1A24,0,247
20889,0x1A25,0,9
20889,0x1A26,0,3
20889,0x1A27,0,12
20889,0x1A28,0,128
20889,0x1A29,0,1
20889,0x1A2A,0,168
20889,0x1A2B,0,6
20889,0x1A2C,0,147
20889,0x1A2D,0,12
20889,0x1A32,0,64
20889,0x1A33,0,26
20889,0x1A38,0,96
20889,0x1A40,0,224
20889,0x1A41,0,116
20889,0x1A42,0,146
20889,0x1A43,0,2
20889,0x1A48,0,5
20889,0x1A4A,0,2
20889,0x1A4B,0,3
20889,0x1A4C,0,9
20889,0x1A51,0,16
20889,0x1A52,0,1
20889,0x1A54,0,188
20889,0x1A5E,0,12
20889,0x1A5F,0,8
20889,0x1A60,0,170
20889,0x1A61,0,3
20889,0x1A62,0,223
20889,0x1A63,0,8
20889,0x1A64,0,225
20889,0x1A65,0,8
20889,0x1A66,0,255
20889,0x1A67,0,12
20889,0x1A68,0,128
20889,0x1A69,0,1
20889,0x1A6A,0,168
20889,0x1A6B,0,6
20889,0x1A6C,0,221
20889,0x1A6D,0,52
20889,0x1A75,0,64
20889,0x1A79,0,120
20891,0x0000,66,116
20891,0x0020,0,254
20891,0x002A,12,8
20891,0x0031,4,2
20891,0x0069,129,131
20891,0x006B,59,61
20891,0x007B,136,137
20891,0x00AD,18,20
20891,0x00CD,22,25
20891,0x00CE,114,120
20891,0x00CF,97,107
20891,0x00D0,112,126
20891,0x0173,36,173
20891,0x0174,50,178
20891,0x0175,52,36
20891,0x0176,71,202
20891,0x0177,146,145
20891,0x0178,54,164
20891,0x0874,86,222
20891,0x0875,1,42
20891,0x0876,222,86
20891,0x0877,42,1
20891,0x0894,14,22
20891,0x0895,58,91
20891,0x0896,22,14
20891,0x0897,91,58
20891,0x0900,110,109
20891,0x0904,126,125
20891,0x0910,245,243
20891,0x0914,229,227
20891,0x0918,5,3
20891,0x091C,245,243
20891,0x0920,135,137
20891,0x0921,64,63
20891,0x0924,151,153
20891,0x0925,64,63
20891,0x0928,135,134
20891,0x092C,119,118
20891,0x0930,135,133
20891,0x0931,94,92
20891,0x0934,151,149
20891,0x0935,94,92
20891,0x0938,96,99
20891,0x093C,80,83
20891,0x0940,191,194
20891,0x0944,175,178
20891,0x0948,155,158
20891,0x0949,82,83
20891,0x094C,139,142
20891,0x094D,82,83
20891,0x0950,125,128
20891,0x0951,70,71
20891,0x0954,109,112
20891,0x0955,70,71
20891,0x095A,138,134
20891,0x095E,136,132
20891,0x0960,184,180
20891,0x0964,200,196
20891,0x0968,0,254
20891,0x096A,138,130
20891,0x096C,240,238
20891,0x096E,136,128
20891,0x0970,16,14
20891,0x0974,0,254
20891,0x0B06,186,170
20891,0x0B07,15,11
20891,0x0B26,136,137
20891,0x0B28,16,18
20891,0x0B86,136,137
20891,0x0B88,16,18
20891,0x0F99,136,137
20891,0x0F9D,136,137
20891,0x0FD1,136,137
20891,0x0FF0,136,137
20891,0x16D0,195,153
20891,0x16D1,151,153
20891,0x16D3,83,141
20891,0x16D4,72,71
20891,0x16D6,214,242
20891,0x16D9,130,166
20891,0x16E6,221,219
20891,0x16F5,96,94
20891,0x16F8,9,7
20891,0x1711,135,134
20891,0x1738,40,38
20891,0x1751,135,134
20891,0x1775,12,10
20891,0x1779,20,18
20891,0x1790,221,188
20891,0x1791,151,149
20891,0x1793,29,196
20891,0x1794,102,100
20891,0x1796,202,252
20891,0x1799,118,72
20891,0x17A6,249,247
20891,0x17B5,124,122
20891,0x17B8,13,11
20891,0x17D0,183,59
20891,0x17D1,96,99
20891,0x17D3,43,201
20891,0x17D9,73,81
20891,0x17E6,196,194
20891,0x17F5,67,65
20891,0x17F8,27,25
20891,0x1810,2,106
20891,0x1811,191,194
20891,0x1826,129,127
20891,0x1835,120,118
20891,0x1838,48,46
20891,0x1850,139,138
20891,0x1851,155,158
20891,0x1853,250,225
20891,0x1854,90,91
20891,0x1856,123,129
20891,0x1859,120,114
20891,0x1866,151,149
20891,0x1875,37,35
20891,0x1878,20,18
20891,0x1890,165,41
20891,0x1891,125,128
20891,0x1893,10,96
20891,0x1894,78,79
20891,0x1899,165,173
20891,0x18A6,173,171
20891,0x18B5,59,57
20891,0x18B8,4,2
20891,0x18D0,0,160
20891,0x18E4,83,85
20891,0x18E6,1,2
20891,0x18EC,138,147
20891,0x18F8,96,94
20891,0x1935,12,10
20891,0x1939,4,2
20891,0x1950,32,136
20891,0x1951,200,196
20891,0x1966,215,213
20891,0x1975,152,150
20891,0x1978,23,21
20891,0x1991,0,254
20891,0x1992,1,0
20891,0x19A4,251,247
20891,0x19A6,2,3
20891,0x19AC,138,147
20891,0x19AD,43,12
20891,0x19B8,112,110
20891,0x19D1,0,254
20891,0x19D2,1,0
20891,0x19F5,48,46
20891,0x19F9,104,102
20891,0x1A11,16,14
20891,0x1A26,3,1
20891,0x1A38,96,94
20891,0x1A51,16,14
20891,0x1A75,64,62
20891,0x1A79,120,118
20893,0x0000,116,85
20893,0x0001,146,249
20893,0x0002,2,4
20893,0x0020,254,125
20893,0x0022,188,160
20893,0x0024,128,7
20893,0x0026,45,34
20893,0x0028,44,34
20893,0x002A,8,0
20893,0x0031,2,4
20893,0x0069,131,133
20893,0x006B,61,63
20893,0x0076,4,3
20893,0x007B,137,138
20893,0x00AD,20,22
20893,0x00B7,30,31
20893,0x00CD,25,28
20893,0x00CE,120,16
20893,0x00CF,107,117
20893,0x00D0,126,140
20893,0x00D1,0,2
20893,0x0172,52,54
20893,0x0173,173,12
20893,0x0174,178,230
20893,0x0175,36,54
20893,0x0176,202,90
20893,0x0177,145,249
20893,0x0178,164,54
20893,0x01B9,0,192
20893,0x0874,222,86
20893,0x0875,42,1
20893,0x0876,86,222
20893,0x0877,1,42
20893,0x0894,22,14
20893,0x0895,91,58
20893,0x0896,14,22
20893,0x0897,58,91
20893,0x0900,109,108
20893,0x0904,125,124
20893,0x0908,120,121
20893,0x090C,136,137
20893,0x0910,243,241
20893,0x0914,227,225
20893,0x0918,3,1
20893,0x091C,243,241
20893,0x0920,137,139
20893,0x0924,153,155
20893,0x0928,134,133
20893,0x092C,118,117
20893,0x0930,133,131
20893,0x0931,92,91
20893,0x0934,149,147
20893,0x0935,92,91
20893,0x0938,99,101
20893,0x0939,59,60
20893,0x093C,83,85
20893,0x093D,59,60
20893,0x0940,194,197
20893,0x0944,178,181
20893,0x0948,158,161
20893,0x0949,83,84
20893,0x094C,142,145
20893,0x094D,83,84
20893,0x0950,128,130
20893,0x0951,71,72
20893,0x0954,112,114
20893,0x0955,71,72
20893,0x0958,145,146
20893,0x095A,134,130
20893,0x095C,129,130
20893,0x095E,132,128
20893,0x0960,180,176
20893,0x0964,196,192
20893,0x0968,254,252
20893,0x096C,238,236
20893,0x0970,14,12
20893,0x0972,130,134
20893,0x0974,254,252
20893,0x0976,128,132
20893,0x0978,34,125
20893,0x0979,224,160
20893,0x097A,0,7
20893,0x097B,39,34
20893,0x0B24,196,197
20893,0x0B26,137,138
20893,0x0B28,18,20
20893,0x0B84,196,197
20893,0x0B86,137,138
20893,0x0B88,18,20
20893,0x0F99,137,138
20893,0x0F9D,137,138
20893,0x0FD1,137,138
20893,0x0FF0,137,138
20893,0x16D0,153,167
20893,0x16D1,153,155
20893,0x16D3,141,15
20893,0x16D6,242,14
20893,0x16D7,0,1
20893,0x16D9,166,202
20893,0x16E6,219,217
20893,0x16F5,94,92
20893,0x16F8,7,5
20893,0x1711,134,133
20893,0x1738,38,36
20893,0x1751,134,133
20893,0x1775,10,8
20893,0x1779,18,16
20893,0x1790,188,255
20893,0x1791,149,147
20893,0x1793,196,15
20893,0x1794,100,99
20893,0x1796,252,46
20893,0x1797,254,255
20893,0x1799,72,26
20893,0x17A6,247,245
20893,0x17B5,122,120
20893,0x17B8,11,9
20893,0x17D0,59,191
20893,0x17D1,99,101
20893,0x17D3,201,119
20893,0x17D4,67,68
20893,0x17D9,81,89
20893,0x17E6,194,192
20893,0x17F5,65,63
20893,0x17F8,25,23
20893,0x1810,106,210
20893,0x1811,194,197
20893,0x1826,127,125
20893,0x1835,118,116
20893,0x1838,46,44
20893,0x1850,138,149
20893,0x1851,158,161
20893,0x1853,225,188
20893,0x1854,91,92
20893,0x1856,129,135
20893,0x1859,114,108
20893,0x1866,149,147
20893,0x1875,35,33
20893,0x1878,18,16
20893,0x1890,41,176
20893,0x1891,128,130
20893,0x1893,96,191
20893,0x1894,79,80
20893,0x1896,66,69
20893,0x1899,173,174
20893,0x189C,5,3
20893,0x189D,4,253
20893,0x18A6,171,169
20893,0x18B5,57,55
20893,0x18B8,2,38
20893,0x18B9,2,0
20893,0x18BA,133,138
20893,0x18D0,160,64
20893,0x18D1,145,146
20893,0x18E4,85,81
20893,0x18E6,2,3
20893,0x18ED,43,12
20893,0x18F8,94,92
20893,0x1911,145,146
20893,0x1935,10,8
20893,0x1939,2,119
20893,0x1950,136,240
20893,0x1951,196,192
20893,0x1966,213,211
20893,0x1975,150,148
20893,0x1978,21,19
20893,0x1991,254,252
20893,0x19A6,3,1
20893,0x19B8,110,108
20893,0x19D1,254,252
20893,0x19F5,46,44
20893,0x19F9,102,100
20893,0x1A11,14,12
20893,0x1A24,247,249
20893,0x1A26,1,2
20893,0x1A2D,12,43
20893,0x1A38,94,92
20893,0x1A51,14,12
20893,0x1A75,62,60
20893,0x1A79,118,116
20893,0x1AC0,0,204
20893,0x1AC1,195,127
20893,0x1AC8,247,1
20893,0x1ACD,23,28
20893,0x1AD0,104,0
20893,0x1AD1,150,129
20893,0x1AD3,168,0
20893,0x1AD4,109,164
20893,0x1AE2,177,180
20893,0x1AE4,179,182
20893,0x1AE6,1,2
20893,0x1AE7,4,2
20893,0x1AEC,171,61
20893,0x1AED,33,36
20893,0x1AF0,2,3
20895,0x0000,85,127
20895,0x0020,125,122
20895,0x0022,160,157
20895,0x0024,7,6
20895,0x0031,4,2
20895,0x0069,133,135
20895,0x006B,63,65
20895,0x007B,138,139
20895,0x00AD,22,24
20895,0x00CD,28,31
20895,0x00CE,16,22
20895,0x00CF,117,127
20895,0x00D0,140,154
20895,0x0173,12,173
20895,0x0174,230,178
20895,0x0175,54,52
20895,0x0176,90,144
20895,0x0178,54,52
20895,0x0874,86,222
20895,0x0875,1,42
20895,0x0876,222,86
20895,0x0877,42,1
20895,0x0894,14,22
20895,0x0895,58,91
20895,0x0896,22,14
20895,0x0897,91,58
20895,0x0900,108,107
20895,0x0904,124,123
20895,0x0910,241,239
20895,0x0914,225,223
20895,0x0918,1,255
20895,0x091C,241,239
20895,0x0920,139,141
20895,0x0921,63,62
20895,0x0924,155,157
20895,0x0925,63,62
20895,0x0928,133,132
20895,0x092C,117,116
20895,0x0930,131,130
20895,0x0931,91,88
20895,0x0934,147,146
20895,0x0935,91,88
20895,0x0938,101,104
20895,0x0939,60,61
20895,0x093C,85,88
20895,0x093D,60,61
20895,0x0940,197,201
20895,0x0944,181,185
20895,0x0948,161,164
20895,0x0949,84,85
20895,0x094C,145,148
20895,0x094D,84,85
20895,0x0950,130,133
20895,0x0951,72,74
20895,0x0954,114,117
20895,0x0955,72,74
20895,0x0960,176,173
20895,0x0964,192,189
20895,0x0968,252,250
20895,0x096A,130,134
20895,0x096C,236,234
20895,0x096E,128,132
20895,0x0970,12,10
20895,0x0972,134,138
20895,0x0974,252,250
20895,0x0976,132,136
20895,0x0978,125,122
20895,0x0979,160,157
20895,0x097A,7,6
20895,0x0B01,186,170
20895,0x0B26,138,139
20895,0x0B28,20,22
20895,0x0B86,138,139
20895,0x0B88,20,22
20895,0x0F99,138,139
20895,0x0F9D,138,139
20895,0x0FD1,138,139
20895,0x0FF0,138,139
20895,0x16D0,167,237
20895,0x16D1,155,157
20895,0x16D3,15,217
20895,0x16D4,71,70
20895,0x16D6,14,42
20895,0x16D9,202,238
20895,0x16E6,217,215
20895,0x16F5,92,90
20895,0x16F8,5,3
20895,0x1711,133,132
20895,0x1738,36,34
20895,0x1751,133,132
20895,0x1775,8,6
20895,0x1779,16,14
20895,0x1790,255,166
20895,0x1791,147,146
20895,0x1793,15,254
20895,0x1794,99,96
20895,0x1796,46,96
20895,0x1799,26,236
20895,0x179A,255,254
20895,0x17A6,245,243
20895,0x17B5,120,118
20895,0x17B8,9,7
20895,0x17D0,191,67
20895,0x17D1,101,104
20895,0x17D3,119,53
20895,0x17D4,68,69
20895,0x17D9,89,97
20895,0x17E6,192,190
20895,0x17F5,63,61
20895,0x17F8,23,21
20895,0x1810,210,58
20895,0x1811,197,201
20895,0x1826,125,123
20895,0x1835,116,114
20895,0x1838,44,42
20895,0x1850,149,172
20895,0x1851,161,164
20895,0x1853,188,139
20895,0x1854,92,93
20895,0x1856,135,141
20895,0x1859,108,102
20895,0x1866,147,145
20895,0x1875,33,31
20895,0x1878,16,14
20895,0x1890,176,67
20895,0x1891,130,133
20895,0x1893,191,18
20895,0x1894,80,82
20895,0x1896,69,75
20895,0x1899,174,168
20895,0x18A6,169,167
20895,0x18B5,55,53
20895,0x18B8,38,36
20895,0x18D0,64,224
20895,0x18E6,3,1
20895,0x18F8,92,90
20895,0x1935,8,6
20895,0x1939,119,117
20895,0x1950,240,88
20895,0x1951,192,189
20895,0x1966,211,209
20895,0x1975,148,146
20895,0x1978,19,17
20895,0x1991,252,250
20895,0x19A4,247,249
20895,0x19A6,1,2
20895,0x19AD,12,43
20895,0x19B8,108,106
20895,0x19D1,252,250
20895,0x19F5,44,42
20895,0x19F9,100,98
20895,0x1A11,12,10
20895,0x1A24,249,251
20895,0x1A26,2,3
20895,0x1A2C,147,138
20895,0x1A38,92,90
20895,0x1A51,12,10
20895,0x1A75,60,58
20895,0x1A79,116,114
20895,0x1AD0,0,180
20895,0x1AD1,129,126
20895,0x1AD3,0,180
20895,0x1AD4,164,161
20895,0x1AE4,182,184
20895,0x1AE6,2,1
20895,0x1AEC,61,56
20895,0x1AF0,3,1
20897,0x0004,4,6
20897,0x0020,122,120
20897,0x0022,157,155
20897,0x0024,6,7
20897,0x0026,34,36
20897,0x0028,34,36
20897,0x0031,2,4
20897,0x0069,135,137
20897,0x006B,65,67
20897,0x0076,3,2
20897,0x007B,139,140
20897,0x00AD,24,26
20897,0x00CD,31,34
20897,0x00CE,22,28
20897,0x00CF,127,137
20897,0x00D0,154,168
20897,0x02FD,41,39
20897,0x0501,145,131
20897,0x0502,90,82
20897,0x0600,12,0
20897,0x0601,13,0
20897,0x0602,207,0
20897,0x0603,12,0
20897,0x0604,217,0
20897,0x0605,80,0
20897,0x0606,154,0
20897,0x0607,17,0
20897,0x0608,11,83
20897,0x0609,16,63
20897,0x060A,11,37
20897,0x060B,16,63
20897,0x060C,30,59
20897,0x060D,17,63
20897,0x060E,46,75
20897,0x060F,17,63
20897,0x0610,116,0
20897,0x0611,16,0
20897,0x0612,118,0
20897,0x0613,16,0
20897,0x0874,222,86
20897,0x0875,42,1
20897,0x0876,86,222
20897,0x0877,1,42
20897,0x0894,22,14
20897,0x0895,91,58
20897,0x0896,14,22
20897,0x0897,58,91
20897,0x0900,107,106
20897,0x0904,123,122
20897,0x0908,121,122
20897,0x090C,137,138
20897,0x0910,239,237
20897,0x0914,223,221
20897,0x0918,255,253
20897,0x091C,239,237
20897,0x0920,141,144
20897,0x0924,157,160
20897,0x0928,132,131
20897,0x092C,116,115
20897,0x0930,130,129
20897,0x0931,88,86
20897,0x0934,146,145
20897,0x0935,88,86
20897,0x0938,104,106
20897,0x0939,61,62
20897,0x093C,88,90
20897,0x093D,61,62
20897,0x0940,201,204
20897,0x0944,185,188
20897,0x0948,164,167
20897,0x0949,85,86
20897,0x094C,148,151
20897,0x094D,85,86
20897,0x0950,133,135
20897,0x0951,74,75
20897,0x0954,117,119
20897,0x0955,74,75
20897,0x0958,146,147
20897,0x095A,130,138
20897,0x095C,130,131
20897,0x095E,128,136
20897,0x0960,173,169
20897,0x0964,189,185
20897,0x0968,250,248
20897,0x096A,134,138
20897,0x096C,234,232
20897,0x096E,132,136
20897,0x0970,10,8
20897,0x0974,250,248
20897,0x0978,122,120
20897,0x0979,157,155
20897,0x097A,6,7
20897,0x097B,34,36
20897,0x0B22,98,99
20897,0x0B24,197,198
20897,0x0B26,139,140
20897,0x0B28,22,24
20897,0x0B82,98,99
20897,0x0B84,197,198
20897,0x0B86,139,140
20897,0x0B88,22,24
20897,0x0F99,139,140
20897,0x0F9D,139,140
20897,0x0FD1,139,140
20897,0x0FF0,139,140
20897,0x16D0,237,107
20897,0x16D1,157,160
20897,0x16D3,217,235
20897,0x16D6,42,70
20897,0x16D9,238,18
20897,0x16DA,255,0
20897,0x16DB,255,0
20897,0x16E6,215,213
20897,0x16F5,90,88
20897,0x16F8,3,1
20897,0x1711,132,131
20897,0x1738,34,32
20897,0x1751,132,131
20897,0x1775,6,4
20897,0x1779,14,12
20897,0x1790,166,177
20897,0x1791,146,145
20897,0x1793,254,145
20897,0x1794,96,94
20897,0x1796,96,146
20897,0x1799,236,190
20897,0x17A6,243,241
20897,0x17B5,118,116
20897,0x17B8,7,5
20897,0x17D0,67,199
20897,0x17D1,104,106
20897,0x17D3,53,3
20897,0x17D4,69,70
20897,0x17D9,97,105
20897,0x17E6,190,188
20897,0x17F5,61,59
20897,0x17F8,21,19
20897,0x1810,58,162
20897,0x1811,201,204
20897,0x1826,123,121
20897,0x1835,114,112
20897,0x1838,42,40
20897,0x1850,172,207
20897,0x1851,164,167
20897,0x1853,139,78
20897,0x1854,93,94
20897,0x1856,141,147
20897,0x1859,102,96
20897,0x1866,145,143
20897,0x1875,31,29
20897,0x1878,14,12
20897,0x1890,67,226
20897,0x1891,133,135
20897,0x1893,18,89
20897,0x1894,82,83
20897,0x1896,75,81
20897,0x1899,168,162
20897,0x18A6,167,165
20897,0x18B5,53,51
20897,0x18B8,36,34
20897,0x18D0,224,128
20897,0x18D1,146,147
20897,0x18E4,81,83
20897,0x18E6,1,2
20897,0x18EC,147,138
20897,0x18ED,12,43
20897,0x18F8,90,88
20897,0x1911,146,147
20897,0x1935,6,4
20897,0x1939,117,115
20897,0x1950,88,192
20897,0x1951,189,185
20897,0x1966,209,207
20897,0x1975,146,144
20897,0x1978,17,15
20897,0x1991,250,248
20897,0x19A4,249,251
20897,0x19A6,2,3
20897,0x19AC,147,138
20897,0x19B8,106,104
20897,0x19D1,250,248
20897,0x19F5,42,40
20897,0x19F9,98,96
20897,0x1A11,10,8
20897,0x1A26,3,1
20897,0x1A38,90,88
20897,0x1A51,10,8
20897,0x1A75,58,56
20897,0x1A79,114,112
20897,0x1AD0,180,104
20897,0x1AD1,126,124
20897,0x1AD3,180,104
20897,0x1AD4,161,159
20897,0x1AE4,184,182
20897,0x1AE7,2,4
20897,0x1AEC,56,61
20897,0x1AF0,1,2
20899,0x0020,120,118
20899,0x0022,155,153
20899,0x0026,36,34
20899,0x0028,36,34
20899,0x0031,4,2
20899,0x0069,137,139
20899,0x006B,67,69
20899,0x007B,140,141
20899,0x00AD,26,28
20899,0x00CD,34,37
20899,0x00CE,28,34
20899,0x00CF,137,147
20899,0x00D0,168,182
20899,0x02FD,39,41
20899,0x0874,86,222
20899,0x0875,1,42
20899,0x0876,222,86
20899,0x0877,42,1
20899,0x0894,14,22
20899,0x0895,58,91
20899,0x0896,22,14
20899,0x0897,91,58
20899,0x0900,106,105
20899,0x0904,122,121
20899,0x0908,122,123
20899,0x090C,138,139
20899,0x0910,237,235
20899,0x0914,221,219
20899,0x0918,253,251
20899,0x091C,237,235
20899,0x0920,144,146
20899,0x0924,160,162
20899,0x0928,131,130
20899,0x092C,115,114
20899,0x0931,86,83
20899,0x0935,86,83
20899,0x0938,106,109
20899,0x093C,90,93
20899,0x0940,204,208
20899,0x0944,188,192
20899,0x0948,167,170
20899,0x0949,86,87
20899,0x094C,151,154
20899,0x094D,86,87
20899,0x0950,135,138
20899,0x0951,75,76
20899,0x0954,119,122
20899,0x0955,75,76
20899,0x0958,147,148
20899,0x095A,138,134
20899,0x095C,131,132
20899,0x095E,136,132
20899,0x0960,169,166
20899,0x0964,185,182
20899,0x0968,248,246
20899,0x096C,232,230
20899,0x0970,8,6
20899,0x0972,138,130
20899,0x0974,248,246
20899,0x0976,136,128
20899,0x0978,120,118
20899,0x0979,155,153
20899,0x097B,36,34
20899,0x0B26,140,141
20899,0x0B28,24,26
20899,0x0B86,140,141
20899,0x0B88,24,26
20899,0x0F99,140,141
20899,0x0F9D,140,141
20899,0x0FD1,140,141
20899,0x0FF0,140,141
20899,0x16D0,107,247
20899,0x16D1,160,162
20899,0x16E6,213,211
20899,0x16F5,88,86
20899,0x16F8,1,25
20899,0x16F9,0,6
20899,0x16FA,158,161
20899,0x1711,131,130
20899,0x1738,32,30
20899,0x1751,131,130
20899,0x1775,4,2
20899,0x1779,12,10
20899,0x1790,177,32
20899,0x1793,145,200
20899,0x1794,94,91
20899,0x1796,146,196
20899,0x1799,190,144
20899,0x17A6,241,239
20899,0x17B5,116,114
20899,0x17B8,5,3
20899,0x17D0,199,75
20899,0x17D1,106,109
20899,0x17D3,3,225
20899,0x17D9,105,113
20899,0x17E6,188,186
20899,0x17F5,59,57
20899,0x17F8,19,17
20899,0x1810,162,10
20899,0x1811,204,208
20899,0x1826,121,119
20899,0x1835,112,110
20899,0x1838,40,38
20899,0x1850,207,254
20899,0x1851,167,170
20899,0x1853,78,5
20899,0x1854,94,95
20899,0x1856,147,153
20899,0x1859,96,90
20899,0x1866,143,141
20899,0x1875,29,27
20899,0x1878,12,10
20899,0x1890,226,141
20899,0x1891,135,138
20899,0x1893,89,148
20899,0x1894,83,84
20899,0x1896,81,87
20899,0x1899,162,156
20899,0x18A6,165,163
20899,0x18B5,51,49
20899,0x18B8,34,32
20899,0x18D0,128,32
20899,0x18D1,147,148
20899,0x18E4,83,85
20899,0x18E6,2,3
20899,0x18EC,138,147
20899,0x18F8,88,86
20899,0x1911,147,148
20899,0x1935,4,2
20899,0x1939,115,113
20899,0x1950,192,40
20899,0x1951,185,182
20899,0x1966,207,205
20899,0x1975,144,142
20899,0x1978,15,13
20899,0x1991,248,246
20899,0x19A6,3,1
20899,0x19B8,104,102
20899,0x19D1,248,246
20899,0x19F5,40,38
20899,0x19F9,96,94
20899,0x1A11,8,6
20899,0x1A24,251,247
20899,0x1A26,1,2
20899,0x1A2C,138,147
20899,0x1A2D,43,12
20899,0x1A38,88,86
20899,0x1A51,8,6
20899,0x1A75,56,54
20899,0x1A79,112,110
20899,0x1AD0,104,28
20899,0x1AD1,124,122
20899,0x1AD3,104,28
20899,0x1AD4,159,157
20899,0x1AE6,1,2
20899,0x1AE7,4,2
20899,0x1AF0,2,3
20901,0x0020,118,115
20901,0x0022,153,150
20901,0x0024,7,6
20901,0x002C,124,134
20901,0x0031,2,4
20901,0x0069,139,141
20901,0x006B,69,71
20901,0x0076,2,1
20901,0x007B,141,142
20901,0x00AD,28,30
20901,0x00CD,37,40
20901,0x00CE,34,40
20901,0x00CF,147,157
20901,0x00D0,182,196
20901,0x0172,54,0
20901,0x0173,173,0
20901,0x0174,178,25
20901,0x0874,222,86
20901,0x0875,42,1
20901,0x0876,86,222
20901,0x0877,1,42
20901,0x0894,22,14
20901,0x0895,91,58
20901,0x0896,14,22
20901,0x0897,58,91
20901,0x0900,105,104
20901,0x0904,121,120
20901,0x0908,123,138
20901,0x0909,161,169
20901,0x090A,164,162
20901,0x090C,139,122
20901,0x090E,166,160
20901,0x0910,235,233
20901,0x0914,219,217
20901,0x0918,251,249
20901,0x091C,235,233
20901,0x0920,146,149
20901,0x0924,162,165
20901,0x0928,130,129
20901,0x092C,114,113
20901,0x0930,129,128
20901,0x0931,83,80
20901,0x0934,145,144
20901,0x0935,83,80
20901,0x0938,109,111
20901,0x0939,62,63
20901,0x093C,93,95
20901,0x093D,62,63
20901,0x0940,208,211
20901,0x0944,192,195
20901,0x0948,170,174
20901,0x094C,154,158
20901,0x0950,138,141
20901,0x0951,76,77
20901,0x0954,122,125
20901,0x0955,76,77
20901,0x0960,166,162
20901,0x0964,182,178
20901,0x0968,246,244
20901,0x096A,138,130
20901,0x096C,230,228
20901,0x096E,136,128
20901,0x0970,6,4
20901,0x0972,130,134
20901,0x0974,246,244
20901,0x0976,128,132
20901,0x0978,118,115
20901,0x0979,153,150
20901,0x097A,7,6
20901,0x0B24,198,199
20901,0x0B26,141,142
20901,0x0B28,26,28
20901,0x0B84,198,199
20901,0x0B86,141,142
20901,0x0B88,26,28
20901,0x0F99,141,142
20901,0x0F9D,141,142
20901,0x0FD1,141,142
20901,0x0FF0,141,142
20901,0x16D0,247,131
20901,0x16D1,162,165
20901,0x16E6,211,209
20901,0x16F5,86,84
20901,0x16F8,25,23
20901,0x1711,130,129
20901,0x1738,30,28
20901,0x1751,130,129
20901,0x1775,2,16
20901,0x1779,10,8
20901,0x1790,32,243
20901,0x1791,145,144
20901,0x1793,200,163
20901,0x1794,91,88
20901,0x1796,196,246
20901,0x1799,144,98
20901,0x17A6,239,237
20901,0x17B5,114,112
20901,0x17B8,3,1
20901,0x17D0,75,207
20901,0x17D1,109,111
20901,0x17D3,225,207
20901,0x17D4,70,71
20901,0x17D9,113,121
20901,0x17E6,186,184
20901,0x17F5,57,55
20901,0x17F8,17,15
20901,0x1810,10,114
20901,0x1811,208,211
20901,0x1826,119,117
20901,0x1835,110,108
20901,0x1838,38,36
20901,0x1850,254,57
20901,0x1851,170,174
20901,0x1853,5,176
20901,0x1856,153,159
20901,0x1859,90,84
20901,0x1866,141,139
20901,0x1875,27,25
20901,0x1878,10,8
20901,0x1890,141,68
20901,0x1891,138,141
20901,0x1893,148,195
20901,0x1894,84,85
20901,0x1896,87,93
20901,0x1899,156,150
20901,0x18A6,163,161
20901,0x18B5,49,47
20901,0x18B8,32,30
20901,0x18D0,32,192
20901,0x18E6,3,1
20901,0x18F8,86,84
20901,0x190D,2,1
20901,0x1922,220,196
20901,0x1924,222,198
20901,0x192C,203,212
20901,0x1935,2,16
20901,0x1939,113,111
20901,0x1950,40,144
20901,0x1951,182,178
20901,0x1966,205,203
20901,0x1975,142,140
20901,0x1978,13,11
20901,0x1991,246,244
20901,0x19A4,251,247
20901,0x19A6,1,2
20901,0x19AC,138,147
20901,0x19AD,43,12
20901,0x19B8,102,100
20901,0x19D1,246,244
20901,0x19F5,38,36
20901,0x19F9,94,92
20901,0x1A11,6,4
20901,0x1A24,247,249
20901,0x1A26,2,3
20901,0x1A2D,12,43
20901,0x1A38,86,84
20901,0x1A51,6,4
20901,0x1A75,54,52
20901,0x1A79,110,108
20901,0x1AD0,28,208
20901,0x1AD1,122,119
20901,0x1AD3,28,208
20901,0x1AD4,157,154
20901,0x1AE4,182,184
20901,0x1AE6,2,1
20901,0x1AEC,61,56
20901,0x1AF0,3,1
20903,0x0020,115,113
20903,0x0022,150,148
20903,0x0024,6,7
20903,0x0026,34,36
20903,0x0028,34,36
20903,0x0031,4,2
20903,0x0069,141,143
20903,0x006B,71,73
20903,0x007B,142,143
20903,0x00AD,30,32
20903,0x00CD,40,43
20903,0x00CE,40,46
20903,0x00CF,157,167
20903,0x00D0,196,210
20903,0x0172,0,54
20903,0x0173,0,173
20903,0x0174,25,178
20903,0x02FD,41,39
20903,0x0874,86,222
20903,0x0875,1,42
20903,0x0876,222,86
20903,0x0877,42,1
20903,0x0894,14,22
20903,0x0895,58,91
20903,0x0896,22,14
20903,0x0897,91,58
20903,0x0900,104,103
20903,0x0904,120,119
20903,0x0908,138,139
20903,0x090C,122,123
20903,0x0910,233,231
20903,0x0914,217,215
20903,0x0918,249,247
20903,0x091C,233,231
20903,0x0920,149,152
20903,0x0924,165,168
20903,0x0928,129,128
20903,0x092C,113,112
20903,0x0930,128,129
20903,0x0931,80,77
20903,0x0934,144,145
20903,0x0935,80,77
20903,0x0938,111,114
20903,0x0939,63,64
20903,0x093C,95,98
20903,0x093D,63,64
20903,0x0940,211,214
20903,0x0944,195,198
20903,0x0948,174,177
20903,0x0949,87,88
20903,0x094C,158,161
20903,0x094D,87,88
20903,0x0950,141,144
20903,0x0951,77,78
20903,0x0954,125,128
20903,0x0955,77,78
20903,0x0958,148,149
20903,0x095A,134,130
20903,0x095C,132,133
20903,0x095E,132,128
20903,0x0960,162,158
20903,0x0964,178,174
20903,0x0968,244,242
20903,0x096A,130,134
20903,0x096C,228,226
20903,0x096E,128,132
20903,0x0970,4,2
20903,0x0974,244,242
20903,0x0978,115,113
20903,0x0979,150,148
20903,0x097A,6,7
20903,0x097B,34,36
20903,0x0B26,142,143
20903,0x0B28,28,30
20903,0x0B86,142,143
20903,0x0B88,28,30
20903,0x0F99,142,143
20903,0x0F9D,142,143
20903,0x0FD1,142,143
20903,0x0FF0,142,143
20903,0x16D0,131,15
20903,0x16D1,165,168
20903,0x16E6,209,207
20903,0x16F5,84,82
20903,0x16F8,23,21
20903,0x1711,129,128
20903,0x1738,28,26
20903,0x1751,129,128
20903,0x1775,16,14
20903,0x1779,8,6
20903,0x1790,243,9
20903,0x1791,144,145
20903,0x1793,163,157
20903,0x1794,88,85
20903,0x1796,246,18
20903,0x1797,255,0
20903,0x1798,255,0
20903,0x1799,98,134
20903,0x179C,25,14
20903,0x179D,233,18
20903,0x17A6,237,235
20903,0x17B5,112,110
20903,0x17B8,1,23
20903,0x17BA,153,158
20903,0x17D0,207,83
20903,0x17D1,111,114
20903,0x17D3,207,205
20903,0x17D4,71,72
20903,0x17D9,121,129
20903,0x17E6,184,182
20903,0x17F5,55,53
20903,0x17F8,15,13
20903,0x1810,114,218
20903,0x1811,211,214
20903,0x1826,117,115
20903,0x1835,108,106
20903,0x1838,36,34
20903,0x1850,57,128
20903,0x1851,174,177
20903,0x1853,176,79
20903,0x1854,95,96
20903,0x1856,159,165
20903,0x1859,84,78
20903,0x1866,139,137
20903,0x1875,25,23
20903,0x1878,8,6
20903,0x1890,68,7
20903,0x1891,141,144
20903,0x1893,195,230
20903,0x1894,85,86
20903,0x1896,93,99
20903,0x1899,150,144
20903,0x18A6,161,159
20903,0x18B5,47,45
20903,0x18B8,30,28
20903,0x18D0,192,96
20903,0x18D1,148,149
20903,0x18E4,85,81
20903,0x18E6,1,2
20903,0x18ED,43,12
20903,0x18F8,84,82
20903,0x1911,148,149
20903,0x1935,16,14
20903,0x1939,111,109
20903,0x1950,144,248
20903,0x1951,178,174
20903,0x1966,203,201
20903,0x1975,140,138
20903,0x1978,11,9
20903,0x1991,244,242
20903,0x19A4,247,249
20903,0x19A6,2,3
20903,0x19AD,12,43
20903,0x19B8,100,98
20903,0x19D1,244,242
20903,0x19F5,36,34
20903,0x19F9,92,90
20903,0x1A11,4,2
20903,0x1A26,3,1
20903,0x1A38,84,82
20903,0x1A51,4,2
20903,0x1A75,52,50
20903,0x1A79,108,106
20903,0x1AD0,208,132
20903,0x1AD1,119,117
20903,0x1AD3,208,132
20903,0x1AD4,154,152
20903,0x1AE4,184,182
20903,0x1AE7,2,4
20903,0x1AEC,56,61
20903,0x1AF0,1,2
20905,0x0004,6,8
20905,0x0020,113,111
20905,0x0022,148,146
20905,0x0026,36,34
20905,0x0028,36,34
20905,0x0031,2,4
20905,0x0069,143,145
20905,0x006B,73,75
20905,0x0076,1,0
20905,0x007B,143,144
20905,0x0098,1,2
20905,0x009B,1,2
20905,0x009D,1,2
20905,0x00AD,32,34
20905,0x00CD,43,46
20905,0x00CE,46,52
20905,0x00CF,167,177
20905,0x00D0,210,224
20905,0x00FA,1,2
20905,0x00FB,1,2
20905,0x02FD,39,41
20905,0x0501,131,89
20905,0x0502,82,94
20905,0x0503,20,4
20905,0x0508,81,25
20905,0x0509,81,84
20905,0x050B,20,4
20905,0x050F,130,146
20905,0x0510,82,90
20905,0x0512,40,24
20905,0x0516,144,82
20905,0x0517,90,81
20905,0x0519,32,44
20905,0x051D,80,132
20905,0x051E,81,82
20905,0x0520,52,64
20905,0x0600,0,116
20905,0x0601,0,16
20905,0x0602,0,118
20905,0x0603,0,16
20905,0x0608,83,0
20905,0x0609,63,0
20905,0x060A,37,179
20905,0x060B,63,26
20905,0x060C,59,156
20905,0x060D,63,26
20905,0x060E,75,106
20905,0x060F,63,24
20905,0x0614,0,144
20905,0x0615,0,90
20905,0x0616,23,160
20905,0x0617,13,90
20905,0x0618,0,13
20905,0x0619,0,13
20905,0x061A,26,207
20905,0x061B,13,12
20905,0x061C,18,95
20905,0x061D,13,16
20905,0x061E,34,153
20905,0x061F,13,17
20905,0x0620,5,11
20905,0x0621,13,16
20905,0x0622,220,11
20905,0x0623,12,16
20905,0x0624,236,31
20905,0x0625,12,17
20905,0x0626,252,47
20905,0x0627,12,17
20905,0x0628,0,116
20905,0x0629,0,16
20905,0x062A,0,117
20905,0x062B,0,16
20905,0x0630,82,0
20905,0x0631,63,0
20905,0x0632,36,27
20905,0x0633,63,13
20905,0x0634,58,19
20905,0x0635,63,13
20905,0x0636,74,35
20905,0x0637,63,13
20905,0x0638,0,6
20905,0x0639,0,13
20905,0x063A,0,221
20905,0x063B,0,12
20905,0x063C,17,237
20905,0x063D,13,12
20905,0x063E,33,253
20905,0x063F,13,12
20905,0x0640,4,0
20905,0x0641,13,0
20905,0x0642,219,0
20905,0x0643,12,0
20905,0x0644,235,0
20905,0x0645,12,0
20905,0x0646,251,0
20905,0x0647,12,0
20905,0x0648,0,82
20905,0x0649,0,63
20905,0x064A,0,36
20905,0x064B,0,63
20905,0x064C,0,58
20905,0x064D,0,63
20905,0x064E,0,74
20905,0x064F,0,63
20905,0x0650,82,0
20905,0x0651,63,0
20905,0x0652,36,0
20905,0x0653,63,0
20905,0x0874,222,86
20905,0x0875,42,1
20905,0x0876,86,222
20905,0x0877,1,42
20905,0x0894,22,14
20905,0x0895,91,58
20905,0x0896,14,22
20905,0x0897,58,91
20905,0x0900,103,102
20905,0x0904,119,118
20905,0x0908,139,140
20905,0x090C,123,124
20905,0x0910,231,229
20905,0x0914,215,213
20905,0x0918,247,245
20905,0x091C,231,229
20905,0x0920,152,154
20905,0x0924,168,170
20905,0x0928,128,127
20905,0x092C,112,111
20905,0x0931,77,74
20905,0x0935,77,74
20905,0x0938,114,116
20905,0x0939,64,65
20905,0x093C,98,100
20905,0x093D,64,65
20905,0x0940,214,218
20905,0x0944,198,202
20905,0x0948,177,180
20905,0x094C,161,164
20905,0x0950,144,146
20905,0x0951,78,79
20905,0x0954,128,130
20905,0x0955,78,79
20905,0x0958,149,150
20905,0x095A,130,138
20905,0x095C,133,134
20905,0x095E,128,136
20905,0x0960,158,155
20905,0x0964,174,171
20905,0x0968,242,240
20905,0x096C,226,224
20905,0x0970,2,0
20905,0x0972,134,138
20905,0x0974,242,240
20905,0x0976,132,136
20905,0x0978,113,111
20905,0x0979,148,146
20905,0x097B,36,34
20905,0x0B22,99,100
20905,0x0B24,199,200
20905,0x0B26,143,144
20905,0x0B28,30,32
20905,0x0B82,99,100
20905,0x0B84,199,200
20905,0x0B86,143,144
20905,0x0B88,30,32
20905,0x0F99,143,144
20905,0x0F9D,143,144
20905,0x0FD1,143,144
20905,0x0FF0,143,144
20905,0x16D0,15,155
20905,0x16D1,168,170
20905,0x16E6,207,205
20905,0x16F5,82,80
20905,0x16F8,21,19
20905,0x1711,128,127
20905,0x1738,26,24
20905,0x1751,128,127
20905,0x1775,14,12
20905,0x1779,6,4
20905,0x1790,9,87
20905,0x1793,157,223
20905,0x1794,85,82
20905,0x1796,18,46
20905,0x1799,134,170
20905,0x17A6,235,233
20905,0x17B5,110,108
20905,0x17B8,23,21
20905,0x17D0,83,215
20905,0x17D1,114,116
20905,0x17D3,205,219
20905,0x17D4,72,73
20905,0x17D9,129,137
20905,0x17E6,182,180
20905,0x17F5,53,51
20905,0x17F8,13,11
20905,0x1810,218,66
20905,0x1811,214,218
20905,0x1826,115,113
20905,0x1835,106,104
20905,0x1838,34,32
20905,0x1850,128,211
20905,0x1851,177,180
20905,0x1853,79,226
20905,0x1856,165,171
20905,0x1859,78,72
20905,0x1866,137,135
20905,0x1875,23,21
20905,0x1878,6,4
20905,0x1890,7,214
20905,0x1891,144,146
20905,0x1893,230,253
20905,0x1894,86,87
20905,0x1896,99,105
20905,0x1899,144,138
20905,0x18A6,159,157
20905,0x18B5,45,43
20905,0x18B8,28,26
20905,0x18D0,96,0
20905,0x18D1,149,150
20905,0x18E4,81,83
20905,0x18E6,2,3
20905,0x18EC,147,138
20905,0x18ED,12,43
20905,0x18F8,82,80
20905,0x1911,149,150
20905,0x1935,14,12
20905,0x1939,109,107
20905,0x1950,248,96
20905,0x1951,174,171
20905,0x1966,201,199
20905,0x1975,138,136
20905,0x1978,9,7
20905,0x1991,242,240
20905,0x19A6,3,1
20905,0x19B8,98,96
20905,0x19D1,242,240
20905,0x19F5,34,32
20905,0x19F9,90,88
20905,0x1A11,2,0
20905,0x1A24,249,251
20905,0x1A26,1,2
20905,0x1A2C,147,138
20905,0x1A38,82,80
20905,0x1A51,2,0
20905,0x1A75,50,48
20905,0x1A79,106,104
20905,0x1AD0,132,56
20905,0x1AD1,117,115
20905,0x1AD3,132,56
20905,0x1AD4,152,150
20905,0x1AE6,1,2
20905,0x1AE7,4,2
20905,0x1AF0,2,3
20907,0x0020,111,108
20907,0x0022,146,143
20907,0x0024,7,6
20907,0x0031,4,2
20907,0x0069,145,147
20907,0x006B,75,77
20907,0x007B,144,145
20907,0x00AD,34,36
20907,0x00CD,46,49
20907,0x00CE,52,58
20907,0x00CF,177,187
20907,0x00D0,224,238
20907,0x0874,86,222
20907,0x0875,1,42
20907,0x0876,222,86
20907,0x0877,42,1
20907,0x0894,14,22
20907,0x0895,58,91
20907,0x0896,22,14
20907,0x0897,91,58
20907,0x0900,102,101
20907,0x0904,118,117
20907,0x0910,229,227
20907,0x0914,213,211
20907,0x0918,245,243
20907,0x091C,229,227
20907,0x0920,154,157
20907,0x0924,170,173
20907,0x0928,127,126
20907,0x092C,111,110
20907,0x0931,74,72
20907,0x0935,74,72
20907,0x0938,116,119
20907,0x0939,65,66
20907,0x093C,100,103
20907,0x093D,65,66
20907,0x0940,218,221
20907,0x0944,202,205
20907,0x0948,180,184
20907,0x0949,88,89
20907,0x094C,164,168
20907,0x094D,88,89
20907,0x0950,146,149
20907,0x0951,79,81
20907,0x0954,130,133
20907,0x0955,79,81
20907,0x0960,155,151
20907,0x0964,171,167
20907,0x0968,240,238
20907,0x096A,134,138
20907,0x096C,224,222
20907,0x096E,132,136
20907,0x0970,0,254
20907,0x0972,138,130
20907,0x0974,240,238
20907,0x0976,136,128
20907,0x0978,111,108
20907,0x0979,146,143
20907,0x097A,7,6
20907,0x0B07,11,10
20907,0x0B26,144,145
20907,0x0B28,32,34
20907,0x0B86,144,145
20907,0x0B88,32,34
20907,0x0F99,144,145
20907,0x0F9D,144,145
20907,0x0FD1,144,145
20907,0x0FF0,144,145
20907,0x16D0,155,39
20907,0x16D1,170,173
20907,0x16E6,205,203
20907,0x16F5,80,78
20907,0x16F8,19,17
20907,0x1711,127,126
20907,0x1738,24,22
20907,0x1751,127,126
20907,0x1775,12,10
20907,0x1779,4,2
20907,0x1790,87,221
20907,0x1793,223,105
20907,0x1794,82,80
20907,0x1796,46,74
20907,0x1799,170,206
20907,0x17A6,233,231
20907,0x17B5,108,106
20907,0x17B8,21,19
20907,0x17D0,215,91
20907,0x17D1,116,119
20907,0x17D3,219,249
20907,0x17D4,73,74
20907,0x17D9,137,145
20907,0x17E6,180,178
20907,0x17F5,51,49
20907,0x17F8,11,9
20907,0x1810,66,170
20907,0x1811,218,221
20907,0x1826,113,111
20907,0x1835,104,102
20907,0x1838,32,30
20907,0x1850,211,50
20907,0x1851,180,184
20907,0x1853,226,105
20907,0x1854,96,97
20907,0x1856,171,177
20907,0x1859,72,66
20907,0x1866,135,133
20907,0x1875,21,19
20907,0x1878,4,2
20907,0x1890,214,177
20907,0x1891,146,149
20907,0x1893,253,8
20907,0x1894,87,89
20907,0x1896,105,111
20907,0x1899,138,132
20907,0x18A6,157,155
20907,0x18B5,43,41
20907,0x18B8,26,24
20907,0x18D0,0,160
20907,0x18E6,3,1
20907,0x18F8,80,78
20907,0x1935,12,10
20907,0x1939,107,105
20907,0x1950,96,200
20907,0x1951,171,167
20907,0x1966,199,197
20907,0x1975,136,134
20907,0x1978,7,5
20907,0x1991,240,238
20907,0x19A4,249,251
20907,0x19A6,1,2
20907,0x19AC,147,138
20907,0x19B8,96,94
20907,0x19D1,240,238
20907,0x19F5,32,30
20907,0x19F9,88,86
20907,0x1A11,0,254
20907,0x1A12,1,0
20907,0x1A24,251,247
20907,0x1A26,2,3
20907,0x1A2C,138,147
20907,0x1A2D,43,12
20907,0x1A38,80,78
20907,0x1A51,0,254
20907,0x1A52,1,0
20907,0x1A75,48,46
20907,0x1A79,104,102
20907,0x1AD0,56,236
20907,0x1AD1,115,112
20907,0x1AD3,56,236
20907,0x1AD4,150,147
20907,0x1AE4,182,184
20907,0x1AE6,2,1
20907,0x1AEC,61,56
20907,0x1AF0,3,1
20909,0x0020,108,174
20909,0x0022,143,62
20909,0x0024,6,4
20909,0x0026,34,105
20909,0x0028,34,40
20909,0x002A,0,32
20909,0x0031,2,1
20909,0x0038,32,0
20909,0x0040,32,0
20909,0x0068,16,0
20909,0x0069,147,149
20909,0x006B,77,79
20909,0x0072,8,10
20909,0x0076,0,128
20909,0x007B,145,146
20909,0x0096,192,0
20909,0x00AD,36,37
20909,0x00CD,49,50
20909,0x00CE,58,61
20909,0x00CF,187,192
20909,0x00D0,238,245
20909,0x00F4,1,0
20909,0x013C,72,114
20909,0x013D,133,187
20909,0x013E,198,247
20909,0x0176,144,165
20909,0x0178,52,180
20909,0x01BA,26,22
20909,0x01BB,6,66
20909,0x02FD,41,39
20909,0x0874,222,86
20909,0x0875,42,1
20909,0x0876,86,222
20909,0x0877,1,42
20909,0x0894,22,14
20909,0x0895,91,58
20909,0x0896,14,22
20909,0x0897,58,91
20909,0x0900,101,242
20909,0x0901,173,181
20909,0x0902,164,142
20909,0x0904,117,226
20909,0x0906,166,140
20909,0x0908,140,226
20909,0x090A,162,142
20909,0x090C,124,210
20909,0x090E,160,140
20909,0x0910,227,140
20909,0x0912,142,162
20909,0x0914,211,124
20909,0x0916,140,160
20909,0x0918,243,100
20909,0x0919,181,173
20909,0x091A,142,164
20909,0x091C,227,116
20909,0x091E,140,166
20909,0x0920,157,107
20909,0x0921,62,142
20909,0x0922,6,7
20909,0x0923,105,36
20909,0x0924,173,253
20909,0x0925,62,188
20909,0x0926,4,130
20909,0x0927,105,45
20909,0x0928,126,237
20909,0x092A,130,128
20909,0x092C,110,237
20909,0x092D,188,176
20909,0x092E,128,138
20909,0x0930,129,221
20909,0x0931,72,176
20909,0x0932,6,136
20909,0x0933,105,45
20909,0x0934,145,149
20909,0x0935,72,96
20909,0x0936,4,2
20909,0x0938,119,165
20909,0x0939,66,96
20909,0x093A,2,0
20909,0x093B,39,105
20909,0x093C,103,150
20909,0x093D,66,176
20909,0x093E,0,134
20909,0x093F,39,45
20909,0x0940,221,134
20909,0x0941,89,176
20909,0x0942,2,132
20909,0x0943,39,45
20909,0x0944,205,151
20909,0x0945,89,81
20909,0x0946,0,2
20909,0x0948,184,135
20909,0x0949,89,81
20909,0x094A,2,0
20909,0x094C,168,185
20909,0x094E,0,2
20909,0x0950,149,169
20909,0x0951,81,89
20909,0x0952,2,0
20909,0x0954,133,223
20909,0x0955,81,89
20909,0x0956,0,2
20909,0x0958,150,207
20909,0x0959,176,89
20909,0x095A,138,0
20909,0x095B,45,39
20909,0x095C,134,120
20909,0x095D,176,67
20909,0x095E,136,2
20909,0x095F,45,39
20909,0x0960,151,104
20909,0x0961,96,67
20909,0x0962,2,0
20909,0x0963,105,39
20909,0x0964,167,130
20909,0x0965,96,71
20909,0x0966,0,6
20909,0x0968,238,146
20909,0x0969,176,71
20909,0x096A,138,4
20909,0x096B,45,105
20909,0x096C,222,125
20909,0x096D,176,188
20909,0x096E,136,130
20909,0x0970,254,109
20909,0x0972,130,128
20909,0x0974,238,158
20909,0x0975,188,62
20909,0x0976,128,6
20909,0x0977,45,105
20909,0x0978,108,174
20909,0x0979,143,62
20909,0x097A,6,4
20909,0x097B,34,105
20909,0x0B02,170,168
20909,0x0B07,10,42
20909,0x0B24,200,201
20909,0x0B26,145,146
20909,0x0B28,34,36
20909,0x0B84,200,201
20909,0x0B86,145,146
20909,0x0B88,34,36
20909,0x0BE8,1,240
20909,0x0F99,145,146
20909,0x0FD0,128,0
20909,0x0FD1,145,146
20909,0x16D0,39,109
20909,0x16D1,173,174
20909,0x16E6,203,202
20909,0x16F5,78,77
20909,0x16F8,17,16
20909,0x1711,126,125
20909,0x1738,22,21
20909,0x1751,126,125
20909,0x1775,10,9
20909,0x1779,2,1
20909,0x1790,221,53
20909,0x1791,145,146
20909,0x1793,105,73
20909,0x1794,80,79
20909,0x1796,74,88
20909,0x1799,206,224
20909,0x17A6,231,230
20909,0x17B5,106,105
20909,0x17B8,19,18
20909,0x17D0,91,157
20909,0x17D1,119,120
20909,0x17D3,249,142
20909,0x17D4,74,75
20909,0x17D9,145,149
20909,0x17E6,178,177
20909,0x17F5,49,48
20909,0x17F8,9,8
20909,0x1810,170,94
20909,0x1811,221,223
20909,0x1826,111,110
20909,0x1835,102,101
20909,0x1838,30,29
20909,0x1850,50,230
20909,0x1851,184,185
20909,0x1853,105,168
20909,0x1856,177,180
20909,0x1859,66,63
20909,0x1866,133,132
20909,0x1875,19,18
20909,0x1878,2,1
20909,0x1890,177,35
20909,0x1891,149,151
20909,0x1893,8,137
20909,0x1896,111,114
20909,0x1899,132,129
20909,0x18A6,155,154
20909,0x18B5,41,40
20909,0x18B8,24,23
20909,0x18D0,160,240
20909,0x18E4,83,85
20909,0x18E6,1,3
20909,0x18EC,138,147
20909,0x18F8,78,77
20909,0x1935,10,9
20909,0x1939,105,104
20909,0x1950,200,252
20909,0x1951,167,165
20909,0x1966,197,196
20909,0x1975,134,133
20909,0x1978,5,4
20909,0x1991,238,237
20909,0x19A6,2,1
20909,0x19B8,94,93
20909,0x19D1,238,237
20909,0x19F5,30,29
20909,0x19F9,86,85
20909,0x1A11,254,253
20909,0x1A26,3,2
20909,0x1A38,78,77
20909,0x1A51,254,253
20909,0x1A75,46,45
20909,0x1A79,102,101
20909,0x1AD0,236,198
20909,0x1AD1,112,111
20909,0x1AD3,236,198
20909,0x1AD4,147,146
20909,0x1AE4,184,182
20909,0x1AE6,1,2
20909,0x1AE7,2,4
20909,0x1AEC,56,61
20909,0x1AF0,1,3
20911,0x0034,58,60
20911,0x0069,149,150
20911,0x006B,79,81
20911,0x006D,0,24
20911,0x0071,8,10
20911,0x007B,146,0
20911,0x007C,1,0
20911,0x012F,0,1
20911,0x0132,1,119
20911,0x0134,0,159
20911,0x0135,10,29
20911,0x0136,0,224
20911,0x0138,0,164
20911,0x0139,255,5
20911,0x013A,241,134
20911,0x013B,53,0
20911,0x013C,114,189
20911,0x013D,187,53
20911,0x02FD,39,41
20911,0x0300,1,9
20911,0x0301,8,0
20911,0x0302,76,80
20911,0x0303,14,0
20911,0x0304,0,16
20911,0x0305,252,43
20911,0x0306,153,163
20911,0x0308,1,9
20911,0x0309,40,0
20911,0x030A,76,88
20911,0x030B,14,0
20911,0x030C,0,16
20911,0x030D,10,43
20911,0x030E,154,163
20911,0x0310,1,9
20911,0x0311,72,0
20911,0x0313,14,0
20911,0x0314,0,8
20911,0x0315,24,43
20911,0x0316,154,163
20911,0x0901,181,224
20911,0x0905,181,224
20911,0x0909,169,224
20911,0x090D,169,224
20911,0x0911,169,224
20911,0x0915,169,224
20911,0x0919,173,224
20911,0x091D,181,224
20911,0x0921,142,224
20911,0x0925,188,224
20911,0x0929,188,224
20911,0x092D,176,224
20911,0x0931,176,224
20911,0x0935,96,224
20911,0x0939,96,224
20911,0x093D,176,224
20911,0x0941,176,224
20911,0x0945,81,224
20911,0x0949,81,224
20911,0x094D,89,224
20911,0x0951,89,224
20911,0x0955,89,224
20911,0x0959,89,224
20911,0x095D,67,224
20911,0x0961,67,224
20911,0x0965,71,224
20911,0x0969,71,224
20911,0x096D,188,224
20911,0x0971,188,224
20911,0x0975,62,224
20911,0x0979,62,224
20911,0x0FC0,128,0
20911,0x0FC1,149,0
20911,0x0FC2,224,0
20911,0x0FC3,3,0
20911,0x0FD1,146,0
20911,0x0FD2,1,0
20911,0x0FF0,145,0
20911,0x0FF1,1,0
20911,0x1001,155,0
20911,0x1002,225,0
20911,0x1003,4,0
20911,0x1004,182,0
20911,0x1005,225,0
20911,0x1006,4,0
20911,0x100D,24,0
20911,0x100E,128,0
20911,0x100F,2,0
20911,0x1010,208,0
20911,0x1011,81,0
20911,0x1013,32,0
20911,0x1014,120,0
20911,0x1016,224,0
20911,0x1017,250,0
20911,0x1018,255,0
20911,0x1019,40,0
20911,0x101C,216,0
20911,0x1020,64,0
20911,0x1021,2,0
20911,0x1022,120,0
20911,0x1023,10,0
20911,0x1024,126,0
20911,0x1025,10,0
20911,0x1026,3,0
20911,0x1027,2,0
20911,0x102A,200,0
20911,0x102B,3,0
20911,0x102C,201,0
20911,0x102D,33,0
20911,0x102E,38,0
20911,0x102F,179,0
20911,0x1034,31,0
20911,0x1039,2,0
20911,0x1041,74,0
20911,0x1042,249,0
20911,0x1043,4,0
20911,0x1051,140,0
20911,0x1054,112,0
20911,0x1060,64,0
20911,0x1061,2,0
20911,0x1062,142,0
20911,0x1063,10,0
20911,0x1064,156,0
20911,0x1065,10,0
20911,0x1066,1,0
20911,0x1067,2,0
20911,0x106A,200,0
20911,0x106B,3,0
20911,0x106C,167,0
20911,0x106D,34,0
20911,0x106E,50,0
20911,0x106F,179,0
20911,0x1081,155,0
20911,0x1082,225,0
20911,0x1083,4,0
20911,0x1090,238,0
20911,0x1091,96,0
20911,0x1093,96,0
20911,0x1094,85,0
20911,0x1096,58,0
20911,0x1097,254,0
20911,0x1098,255,0
20911,0x1099,160,0
20911,0x109A,255,0
20911,0x109B,255,0
20911,0x109C,246,0
20911,0x10A0,64,0
20911,0x10A1,2,0
20911,0x10A2,111,0
20911,0x10A3,10,0
20911,0x10A4,115,0
20911,0x10A5,10,0
20911,0x10A6,2,0
20911,0x10AA,200,0
20911,0x10AB,3,0
20911,0x10AC,191,0
20911,0x10AD,33,0
20911,0x10BA,4,0
20911,0x10C1,155,0
20911,0x10C2,225,0
20911,0x10C3,4,0
20911,0x10D0,14,0
20911,0x10D1,92,0
20911,0x10D3,160,0
20911,0x10D4,96,0
20911,0x10D6,92,0
20911,0x10D7,255,0
20911,0x10D8,255,0
20911,0x10D9,208,0
20911,0x10DA,255,0
20911,0x10DB,255,0
20911,0x10DC,254,0
20911,0x10E0,64,0
20911,0x10E1,2,0
20911,0x10E2,104,0
20911,0x10E3,10,0
20911,0x10E4,106,0
20911,0x10E5,10,0
20911,0x10E6,3,0
20911,0x10EA,200,0
20911,0x10EB,3,0
20911,0x10EC,176,0
20911,0x10ED,33,0
20911,0x10FA,3,0
20911,0x1101,155,0
20911,0x1102,225,0
20911,0x1103,4,0
20911,0x1110,181,0
20911,0x1111,104,0
20911,0x1114,112,0
20911,0x1116,173,0
20911,0x1117,255,0
20911,0x1118,255,0
20911,0x111C,255,0
20911,0x1120,64,0
20911,0x1121,2,0
20911,0x1122,111,0
20911,0x1123,10,0
20911,0x1124,113,0
20911,0x1125,10,0
20911,0x1126,3,0
20911,0x112A,200,0
20911,0x112B,3,0
20911,0x112C,196,0
20911,0x112D,33,0
20911,0x113A,2,0
20911,0x1141,155,0
20911,0x1142,225,0
20911,0x1143,4,0
20911,0x1150,10,0
20911,0x1151,117,0
20911,0x1153,128,0
20911,0x1154,132,0
20911,0x1156,4,0
20911,0x1157,255,0
20911,0x1158,255,0
20911,0x1159,64,0
20911,0x115C,250,0
20911,0x1160,64,0
20911,0x1161,2,0
20911,0x1162,104,0
20911,0x1163,10,0
20911,0x1164,106,0
20911,0x1165,10,0
20911,0x1166,3,0
20911,0x116A,200,0
20911,0x116B,3,0
20911,0x116C,176,0
20911,0x116D,33,0
20911,0x117A,1,0
20911,0x16C0,200,0
20911,0x16C1,74,0
20911,0x16C2,176,0
20911,0x16C3,2,0
20911,0x16C4,54,0
20911,0x16C5,177,0
20911,0x16C6,2,0
20911,0x16C8,3,0
20911,0x16CA,2,0
20911,0x16CB,3,0
20911,0x16CC,9,0
20911,0x16D0,109,0
20911,0x16D1,174,0
20911,0x16D3,235,0
20911,0x16D4,70,0
20911,0x16D6,70,0
20911,0x16D7,1,0
20911,0x16D9,18,0
20911,0x16DC,14,0
20911,0x16DD,18,0
20911,0x16DE,9,0
20911,0x16DF,12,0
20911,0x16E0,154,0
20911,0x16E1,2,0
20911,0x16E2,217,0
20911,0x16E3,8,0
20911,0x16E4,219,0
20911,0x16E5,8,0
20911,0x16E6,202,0
20911,0x16E7,8,0
20911,0x16E9,1,0
20911,0x16EA,238,0
20911,0x16EB,4,0
20911,0x16EC,111,0
20911,0x16ED,43,0
20911,0x16F0,1,0
20911,0x16F5,77,0
20911,0x16F6,110,0
20911,0x16F8,16,0
20911,0x16F9,6,0
20911,0x16FA,161,0
20911,0x16FB,193,0
20911,0x1700,216,0
20911,0x1701,219,0
20911,0x1702,145,0
20911,0x1703,2,0
20911,0x1704,74,0
20911,0x1705,147,0
20911,0x1706,2,0
20911,0x1708,5,0
20911,0x170A,2,0
20911,0x170B,3,0
20911,0x170C,9,0
20911,0x1711,125,0
20911,0x1714,196,0
20911,0x1717,255,0
20911,0x1718,255,0
20911,0x1719,63,0
20911,0x171C,3,0
20911,0x171D,253,0
20911,0x171E,12,0
20911,0x171F,8,0
20911,0x1720,170,0
20911,0x1721,3,0
20911,0x1722,245,0
20911,0x1723,9,0
20911,0x1724,247,0
20911,0x1725,9,0
20911,0x1726,2,0
20911,0x1727,12,0
20911,0x1728,128,0
20911,0x1729,1,0
20911,0x172A,168,0
20911,0x172B,6,0
20911,0x172C,147,0
20911,0x172D,12,0
20911,0x172F,5,0
20911,0x1732,64,0
20911,0x1733,23,0
20911,0x1735,72,0
20911,0x1736,110,0
20911,0x1738,21,0
20911,0x173A,141,0
20911,0x173B,193,0
20911,0x1740,224,0
20911,0x1741,116,0
20911,0x1742,146,0
20911,0x1743,2,0
20911,0x1744,54,0
20911,0x1745,177,0
20911,0x1746,2,0
20911,0x1748,5,0
20911,0x174A,2,0
20911,0x174B,3,0
20911,0x174C,9,0
20911,0x174D,2,0
20911,0x1751,125,0
20911,0x1754,188,0
20911,0x1756,180,0
20911,0x1757,1,0
20911,0x1759,63,0
20911,0x175C,3,0
20911,0x175D,253,0
20911,0x175E,12,0
20911,0x175F,8,0
20911,0x1760,170,0
20911,0x1761,3,0
20911,0x1762,220,0
20911,0x1763,8,0
20911,0x1764,222,0
20911,0x1765,8,0
20911,0x1766,255,0
20911,0x1767,12,0
20911,0x1768,128,0
20911,0x1769,1,0
20911,0x176A,168,0
20911,0x176B,6,0
20911,0x176C,203,0
20911,0x176D,52,0
20911,0x176F,5,0
20911,0x1775,9,0
20911,0x1779,1,0
20911,0x177A,141,0
20911,0x177B,193,0
20911,0x1780,200,0
20911,0x1781,74,0
20911,0x1782,176,0
20911,0x1783,2,0
20911,0x1784,54,0
20911,0x1785,177,0
20911,0x1786,2,0
20911,0x1788,3,0
20911,0x178A,2,0
20911,0x178B,3,0
20911,0x178C,9,0
20911,0x1790,53,0
20911,0x1791,146,0
20911,0x1793,73,0
20911,0x1794,79,0
20911,0x1796,88,0
20911,0x1799,224,0
20911,0x179A,254,0
20911,0x179B,255,0
20911,0x179C,14,0
20911,0x179D,18,0
20911,0x179E,9,0
20911,0x179F,12,0
20911,0x17A0,154,0
20911,0x17A1,2,0
20911,0x17A2,217,0
20911,0x17A3,8,0
20911,0x17A4,219,0
20911,0x17A5,8,0
20911,0x17A6,230,0
20911,0x17A7,8,0
20911,0x17A9,1,0
20911,0x17AA,238,0
20911,0x17AB,4,0
20911,0x17AC,111,0
20911,0x17AD,43,0
20911,0x17B0,1,0
20911,0x17B5,105,0
20911,0x17B6,110,0
20911,0x17B8,18,0
20911,0x17BA,158,0
20911,0x17BB,193,0
20911,0x17C0,200,0
20911,0x17C1,74,0
20911,0x17C2,176,0
20911,0x17C3,2,0
20911,0x17C4,54,0
20911,0x17C5,177,0
20911,0x17C6,2,0
20911,0x17C8,3,0
20911,0x17CA,2,0
20911,0x17CB,3,0
20911,0x17CC,9,0
20911,0x17D0,157,0
20911,0x17D1,120,0
20911,0x17D3,142,0
20911,0x17D4,75,0
20911,0x17D6,66,0
20911,0x17D7,1,0
20911,0x17D9,149,0
20911,0x17DC,5,0
20911,0x17DD,4,0
20911,0x17DE,9,0
20911,0x17DF,12,0
20911,0x17E0,154,0
20911,0x17E1,2,0
20911,0x17E2,65,0
20911,0x17E3,7,0
20911,0x17E4,67,0
20911,0x17E5,7,0
20911,0x17E6,177,0
20911,0x17E7,6,0
20911,0x17E9,1,0
20911,0x17EA,238,0
20911,0x17EB,4,0
20911,0x17EC,147,0
20911,0x17ED,12,0
20911,0x17EF,6,0
20911,0x17F0,128,0
20911,0x17F5,48,0
20911,0x17F6,110,0
20911,0x17F8,8,0
20911,0x17F9,2,0
20911,0x17FA,133,0
20911,0x17FB,193,0
20911,0x1800,200,0
20911,0x1801,74,0
20911,0x1802,176,0
20911,0x1803,2,0
20911,0x1804,54,0
20911,0x1805,177,0
20911,0x1806,2,0
20911,0x1808,3,0
20911,0x180A,2,0
20911,0x180B,3,0
20911,0x180C,9,0
20911,0x1810,94,0
20911,0x1811,223,0
20911,0x1813,168,0
20911,0x1814,97,0
20911,0x1816,180,0
20911,0x1817,1,0
20911,0x1819,63,0
20911,0x181C,3,0
20911,0x181D,253,0
20911,0x181E,9,0
20911,0x181F,12,0
20911,0x1820,154,0
20911,0x1821,2,0
20911,0x1822,65,0
20911,0x1823,7,0
20911,0x1824,67,0
20911,0x1825,7,0
20911,0x1826,110,0
20911,0x1827,6,0
20911,0x1829,1,0
20911,0x182A,238,0
20911,0x182B,4,0
20911,0x182C,147,0
20911,0x182D,12,0
20911,0x182F,6,0
20911,0x1830,128,0
20911,0x1835,101,0
20911,0x1836,110,0
20911,0x1838,29,0
20911,0x1839,6,0
20911,0x183A,141,0
20911,0x183B,193,0
20911,0x1840,200,0
20911,0x1841,74,0
20911,0x1842,176,0
20911,0x1843,2,0
20911,0x1844,54,0
20911,0x1845,177,0
20911,0x1846,2,0
20911,0x1848,3,0
20911,0x184A,2,0
20911,0x184B,3,0
20911,0x184C,9,0
20911,0x1850,230,0
20911,0x1851,185,0
20911,0x1853,168,0
20911,0x1854,97,0
20911,0x1856,180,0
20911,0x1857,1,0
20911,0x1859,63,0
20911,0x185C,3,0
20911,0x185D,253,0
20911,0x185E,9,0
20911,0x185F,12,0
20911,0x1860,154,0
20911,0x1861,2,0
20911,0x1862,65,0
20911,0x1863,7,0
20911,0x1864,67,0
20911,0x1865,7,0
20911,0x1866,132,0
20911,0x1867,6,0
20911,0x1869,1,0
20911,0x186A,238,0
20911,0x186B,4,0
20911,0x186C,147,0
20911,0x186D,12,0
20911,0x186F,6,0
20911,0x1870,128,0
20911,0x1875,18,0
20911,0x1876,110,0
20911,0x1878,1,0
20911,0x187A,138,0
20911,0x187B,193,0
20911,0x1880,200,0
20911,0x1881,74,0
20911,0x1882,176,0
20911,0x1883,2,0
20911,0x1884,54,0
20911,0x1885,177,0
20911,0x1886,2,0
20911,0x1888,3,0
20911,0x188A,2,0
20911,0x188B,3,0
20911,0x188C,9,0
20911,0x1890,35,0
20911,0x1891,151,0
20911,0x1893,137,0
20911,0x1894,89,0
20911,0x1896,114,0
20911,0x1897,1,0
20911,0x1899,129,0
20911,0x189C,3,0
20911,0x189D,253,0
20911,0x189E,9,0
20911,0x189F,12,0
20911,0x18A0,154,0
20911,0x18A1,2,0
20911,0x18A2,65,0
20911,0x18A3,7,0
20911,0x18A4,67,0
20911,0x18A5,7,0
20911,0x18A6,154,0
20911,0x18A7,6,0
20911,0x18A9,1,0
20911,0x18AA,238,0
20911,0x18AB,4,0
20911,0x18AC,147,0
20911,0x18AD,12,0
20911,0x18AF,6,0
20911,0x18B0,128,0
20911,0x18B5,40,0
20911,0x18B6,110,0
20911,0x18B8,23,0
20911,0x18BA,138,0
20911,0x18BB,193,0
20911,0x18C0,200,0
20911,0x18C1,25,0
20911,0x18C2,145,0
20911,0x18C3,2,0
20911,0x18C4,74,0
20911,0x18C5,147,0
20911,0x18C6,2,0
20911,0x18C8,5,0
20911,0x18CA,2,0
20911,0x18CB,3,0
20911,0x18CC,9,0
20911,0x18D0,240,0
20911,0x18D1,150,0
20911,0x18D4,184,0
20911,0x18D6,80,0
20911,0x18DE,12,0
20911,0x18DF,8,0
20911,0x18E0,170,0
20911,0x18E1,3,0
20911,0x18E2,79,0
20911,0x18E3,15,0
20911,0x18E4,85,0
20911,0x18E5,15,0
20911,0x18E6,3,0
20911,0x18E7,12,0
20911,0x18E8,128,0
20911,0x18E9,1,0
20911,0x18EA,168,0
20911,0x18EB,6,0
20911,0x18EC,147,0
20911,0x18ED,43,0
20911,0x18F3,25,0
20911,0x18F8,77,0
20911,0x1900,224,0
20911,0x1901,116,0
20911,0x1902,146,0
20911,0x1903,2,0
20911,0x1908,5,0
20911,0x190A,2,0
20911,0x190B,3,0
20911,0x190C,9,0
20911,0x190D,1,0
20911,0x1911,150,0
20911,0x1914,176,0
20911,0x191E,12,0
20911,0x191F,8,0
20911,0x1920,170,0
20911,0x1921,3,0
20911,0x1922,196,0
20911,0x1923,8,0
20911,0x1924,198,0
20911,0x1925,8,0
20911,0x1926,255,0
20911,0x1927,12,0
20911,0x1928,128,0
20911,0x1929,1,0
20911,0x192A,168,0
20911,0x192B,6,0
20911,0x192C,212,0
20911,0x192D,52,0
20911,0x1935,9,0
20911,0x1939,104,0
20911,0x1940,200,0
20911,0x1941,74,0
20911,0x1942,176,0
20911,0x1943,2,0
20911,0x1944,54,0
20911,0x1945,177,0
20911,0x1946,2,0
20911,0x1948,3,0
20911,0x194A,2,0
20911,0x194B,3,0
20911,0x194C,9,0
20911,0x1950,252,0
20911,0x1951,165,0
20911,0x1954,104,0
20911,0x1956,52,0
20911,0x1957,254,0
20911,0x1958,255,0
20911,0x195E,9,0
20911,0x195F,12,0
20911,0x1960,154,0
20911,0x1961,2,0
20911,0x1962,220,0
20911,0x1963,8,0
20911,0x1964,222,0
20911,0x1965,8,0
20911,0x1966,196,0
20911,0x1967,8,0
20911,0x1969,1,0
20911,0x196A,238,0
20911,0x196B,4,0
20911,0x196C,124,0
20911,0x196D,12,0
20911,0x1970,1,0
20911,0x1975,133,0
20911,0x1976,110,0
20911,0x1978,4,0
20911,0x1979,6,0
20911,0x197A,148,0
20911,0x197B,193,0
20911,0x1980,200,0
20911,0x1981,240,0
20911,0x1982,144,0
20911,0x1983,2,0
20911,0x1984,74,0
20911,0x1985,147,0
20911,0x1986,2,0
20911,0x1988,5,0
20911,0x198A,2,0
20911,0x198B,3,0
20911,0x198C,9,0
20911,0x1991,237,0
20911,0x1994,184,0
20911,0x1997,255,0
20911,0x1998,255,0
20911,0x199E,12,0
20911,0x199F,8,0
20911,0x19A0,170,0
20911,0x19A1,3,0
20911,0x19A2,245,0
20911,0x19A3,9,0
20911,0x19A4,251,0
20911,0x19A5,9,0
20911,0x19A6,1,0
20911,0x19A7,12,0
20911,0x19A8,128,0
20911,0x19A9,1,0
20911,0x19AA,168,0
20911,0x19AB,6,0
20911,0x19AC,138,0
20911,0x19AD,43,0
20911,0x19B2,192,0
20911,0x19B3,25,0
20911,0x19B8,93,0
20911,0x19C0,224,0
20911,0x19C1,116,0
20911,0x19C2,146,0
20911,0x19C3,2,0
20911,0x19C8,5,0
20911,0x19CA,2,0
20911,0x19CB,3,0
20911,0x19CC,9,0
20911,0x19D1,237,0
20911,0x19D4,176,0
20911,0x19DE,12,0
20911,0x19DF,8,0
20911,0x19E0,170,0
20911,0x19E1,3,0
20911,0x19E2,223,0
20911,0x19E3,8,0
20911,0x19E4,225,0
20911,0x19E5,8,0
20911,0x19E6,255,0
20911,0x19E7,12,0
20911,0x19E8,128,0
20911,0x19E9,1,0
20911,0x19EA,168,0
20911,0x19EB,6,0
20911,0x19EC,221,0
20911,0x19ED,52,0
20911,0x19F5,29,0
20911,0x19F9,85,0
20911,0x1A00,200,0
20911,0x1A01,240,0
20911,0x1A02,144,0
20911,0x1A03,2,0
20911,0x1A04,74,0
20911,0x1A05,147,0
20911,0x1A06,2,0
20911,0x1A08,5,0
20911,0x1A0A,2,0
20911,0x1A0B,3,0
20911,0x1A0C,9,0
20911,0x1A11,253,0
20911,0x1A14,196,0
20911,0x1A17,255,0
20911,0x1A18,255,0
20911,0x1A1E,12,0
20911,0x1A1F,8,0
20911,0x1A20,170,0
20911,0x1A21,3,0
20911,0x1A22,245,0
20911,0x1A23,9,0
20911,0x1A24,247,0
20911,0x1A25,9,0
20911,0x1A26,2,0
20911,0x1A27,12,0
20911,0x1A28,128,0
20911,0x1A29,1,0
20911,0x1A2A,168,0
20911,0x1A2B,6,0
20911,0x1A2C,147,0
20911,0x1A2D,12,0
20911,0x1A32,64,0
20911,0x1A33,26,0
20911,0x1A38,77,0
20911,0x1A40,224,0
20911,0x1A41,116,0
20911,0x1A42,146,0
20911,0x1A43,2,0
20911,0x1A48,5,0
20911,0x1A4A,2,0
20911,0x1A4B,3,0
20911,0x1A4C,9,0
20911,0x1A51,253,0
20911,0x1A54,188,0
20911,0x1A5E,12,0
20911,0x1A5F,8,0
20911,0x1A60,170,0
20911,0x1A61,3,0
20911,0x1A62,223,0
20911,0x1A63,8,0
20911,0x1A64,225,0
20911,0x1A65,8,0
20911,0x1A66,255,0
20911,0x1A67,12,0
20911,0x1A68,128,0
20911,0x1A69,1,0
20911,0x1A6A,168,0
20911,0x1A6B,6,0
20911,0x1A6C,221,0
20911,0x1A6D,52,0
20911,0x1A75,45,0
20911,0x1A79,101,0
20911,0x1AC0,204,0
20911,0x1AC1,127,0
20911,0x1AC2,249,0
20911,0x1AC3,4,0
20911,0x1AC4,203,0
20911,0x1AC5,249,0
20911,0x1AC6,4,0
20911,0x1AC8,1,0
20911,0x1ACA,1,0
20911,0x1ACD,28,0
20911,0x1ACE,160,0
20911,0x1ACF,1,0
20911,0x1AD0,198,0
20911,0x1AD1,111,0
20911,0x1AD3,198,0
20911,0x1AD4,146,0
20911,0x1ADE,2,0
20911,0x1ADF,2,0
20911,0x1AE0,80,0
20911,0x1AE1,2,0
20911,0x1AE2,180,0
20911,0x1AE3,10,0
20911,0x1AE4,182,0
20911,0x1AE5,10,0
20911,0x1AE6,2,0
20911,0x1AE7,4,0
20911,0x1AE8,6,0
20911,0x1AEA,22,0
20911,0x1AEB,4,0
20911,0x1AEC,61,0
20911,0x1AED,36,0
20911,0x1AF0,3,0
20911,0x1B01,127,0
20911,0x1B02,249,0
20911,0x1B03,4,0
20911,0x1B04,203,0
20911,0x1B05,249,0
20911,0x1B06,4,0
20911,0x1B08,1,0
20911,0x1B0A,1,0
20911,0x1B0D,9,0
20911,0x1B0E,160,0
20911,0x1B0F,1,0
20911,0x1B10,175,0
20911,0x1B11,37,0
20911,0x1B12,1,0
20911,0x1B13,121,0
20911,0x1B14,146,0
20911,0x1B1E,2,0
20911,0x1B1F,2,0
20911,0x1B20,80,0
20911,0x1B21,2,0
20911,0x1B22,180,0
20911,0x1B23,10,0
20911,0x1B24,182,0
20911,0x1B25,10,0
20911,0x1B26,2,0
20911,0x1B27,2,0
20911,0x1B28,6,0
20911,0x1B2A,22,0
20911,0x1B2B,4,0
20911,0x1B2C,61,0
20911,0x1B2D,36,0
20911,0x1B30,2,0
20911,0xFFFF,133,134
20913,0x0000,127,32
20913,0x0001,249,195
20913,0x0002,4,5
20913,0x0004,8,32
20913,0x0005,5,70
20913,0x0008,7,134
20913,0x0009,0,165
20913,0x000A,0,4
20913,0x0020,174,0
20913,0x0034,60,57
20913,0x0058,0,32
20913,0x0059,0,1
20913,0x005A,178,148
20913,0x005B,189,191
20913,0x0068,0,40
20913,0x0069,150,152
20913,0x006B,81,83
20913,0x013A,134,52
20913,0x013B,0,11
20913,0x013C,189,188
20913,0x013D,53,14
20913,0x013E,247,35
20913,0x013F,212,213
20913,0x027C,72,47
20913,0x027D,52,20
20913,0x027E,63,44
20913,0x027F,190,192
20913,0x02F6,119,8
20913,0x02FB,1,2
20913,0x0300,9,1
20913,0x0302,80,0
20913,0x0304,16,2
20913,0x0305,43,0
20913,0x0306,163,240
20913,0x0307,1,126
20913,0x0308,9,1
20913,0x0309,0,16
20913,0x030A,88,70
20913,0x030B,0,32
20913,0x030C,16,0
20913,0x030D,43,32
20913,0x030E,163,194
20913,0x030F,1,5
20913,0x0310,9,1
20913,0x0311,0,144
20913,0x0312,76,70
20913,0x0313,0,32
20913,0x0314,8,0
20913,0x0315,43,32
20913,0x0316,163,195
20913,0x0317,1,5
20913,0x0742,17,16
20913,0x0743,50,70
20913,0x0744,240,107
20913,0x0745,45,49
20913,0x0746,207,231
20913,0x0747,41,32
20913,0x0748,175,165
20913,0x0749,37,24
20913,0x074A,142,66
20913,0x074B,33,8
20913,0x074C,109,171
20913,0x074D,29,16
20913,0x074E,208,238
20913,0x074F,125,20
20913,0x0750,15,81
20913,0x0751,66,21
20913,0x0752,238,184
20913,0x0753,65,33
20913,0x0754,205,254
20913,0x0755,61,28
20913,0x0756,172,151
20913,0x0757,57,16
20913,0x0758,79,113
20913,0x0759,98,8
20913,0x075A,170,43
20913,0x075B,49,0
20913,0x075C,178,35
20913,0x075D,114,0
20913,0x075E,145,66
20913,0x075F,114,32
20913,0x0E94,146,14
20913,0x0E99,0,4
20913,0x0E9F,84,32
20913,0x0EA0,93,70
20913,0x0EA1,0,134
20913,0x0EA2,0,165
20913,0x0EA4,20,115
20915,0x0000,32,160
20915,0x0004,32,64
20915,0x0069,152,154
20915,0x006B,83,85
20915,0x02F6,8,16
20915,0x02FD,41,39
20915,0x0302,0,7
20915,0x0304,2,10
20915,0x0306,240,140
20915,0x0307,126,31
20915,0x0309,16,48
20915,0x030D,32,160
20915,0x0311,144,176
20915,0x0315,32,160
20915,0x0E99,4,8
20915,0x0E9F,32,64
20915,0x0EA4,115,129
20917,0x0000,160,192
20917,0x0001,195,199
20917,0x0004,64,96
20917,0x0069,154,156
20917,0x006B,85,87
20917,0x0302,7,20
20917,0x0304,10,24
20917,0x0306,140,128
20917,0x0307,31,21
20917,0x0309,48,80
20917,0x030D,160,192
20917,0x030E,194,198
20917,0x0311,176,208
20917,0x0315,160,192
20917,0x0316,195,199
20917,0x0E99,8,12
20917,0x0E9F,64,96
20917,0x0EA4,129,143
20919,0x0000,192,150
20919,0x0001,199,136
20919,0x0004,96,112
20919,0x0058,32,0
20919,0x0059,1,0
20919,0x0069,156,158
20919,0x006B,87,89
20919,0x006D,24,8
20919,0x0301,0,200
20919,0x0302,20,80
20919,0x0303,0,80
20919,0x0304,24,3
20919,0x0305,0,144
20919,0x0306,128,233
20919,0x0307,21,30
20919,0x0309,80,96
20919,0x030D,192,64
20919,0x0311,208,224
20919,0x0315,192,64
20919,0x0E99,12,16
20919,0x0E9F,96,112
20919,0x0EA4,143,157
20921,0x0000,150,164
20921,0x0068,40,0
20921,0x0069,158,160
20921,0x006B,89,91
20921,0x02F6,16,6
20921,0x02FB,2,1
20921,0x02FD,39,41
20921,0x0302,80,88
20921,0x0305,144,48
20921,0x0306,233,240
20921,0x0EA4,157,171
20923,0x0000,164,9
20923,0x0001,136,156
20923,0x0004,112,64
20923,0x0005,70,232
20923,0x0006,11,10
20923,0x0020,0,40
20923,0x0021,0,32
20923,0x0022,62,0
20923,0x0031,1,4
20923,0x0034,57,58
20923,0x0038,0,32
20923,0x0039,1,7
20923,0x003A,36,250
20923,0x003B,178,213
20923,0x003C,124,123
20923,0x0068,0,8
20923,0x0069,160,162
20923,0x006B,91,93
20923,0x006C,0,88
20923,0x006D,8,0
20923,0x006E,0,122
20923,0x0072,10,12
20923,0x0076,128,1
20923,0x0078,81,80
20923,0x0079,89,92
20923,0x013B,11,53
20923,0x013C,188,56
20923,0x013D,14,133
20923,0x013E,35,96
20923,0x017C,0,53
20923,0x017D,52,29
20923,0x017E,41,214
20923,0x017F,199,1
20923,0x0301,200,192
20923,0x0302,88,92
20923,0x0303,80,128
20923,0x0305,48,128
20923,0x0306,240,243
20923,0x0401,84,70
20923,0x0403,6,40
20923,0x0404,0,192
20923,0x0405,36,44
20923,0x0406,0,193
20923,0x0407,36,44
20923,0x0408,49,194
20923,0x0409,36,44
20923,0x040A,128,195
20923,0x040B,152,44
20923,0x040C,76,196
20923,0x040D,6,44
20923,0x040E,0,197
20923,0x040F,36,44
20923,0x0410,0,198
20923,0x0411,36,44
20923,0x0412,50,199
20923,0x0413,36,44
20923,0x0414,128,0
20923,0x0415,156,44
20923,0x0416,76,0
20923,0x0417,6,44
20923,0x0419,36,44
20923,0x041B,36,44
20923,0x041C,48,200
20923,0x041D,36,44
20923,0x041E,51,201
20923,0x041F,36,44
20923,0x0420,48,202
20923,0x0421,36,44
20923,0x0422,128,203
20923,0x0423,69,44
20923,0x0424,79,198
20923,0x0425,2,44
20923,0x0426,48,199
20923,0x0427,36,44
20923,0x0428,128,204
20923,0x0429,65,44
20923,0x042A,76,205
20923,0x042B,10,44
20923,0x042C,83,128
20923,0x042D,32,102
20923,0x042E,67,76
20923,0x042F,32,40
20923,0x0430,79,208
20923,0x0431,32,44
20923,0x0432,82,209
20923,0x0433,32,44
20923,0x0434,69,210
20923,0x0435,32,44
20923,0x0436,128,211
20923,0x0437,79,44
20923,0x0438,76,212
20923,0x0439,10,44
20923,0x043A,76,213
20923,0x043B,32,44
20923,0x043C,69,214
20923,0x043D,32,44
20923,0x043E,86,215
20923,0x043F,32,44
20923,0x0440,69,0
20923,0x0441,32,44
20923,0x0442,76,0
20923,0x0443,32,44
20923,0x0444,128,0
20923,0x0445,143,44
20923,0x0446,76,0
20923,0x0447,2,44
20923,0x0448,36,216
20923,0x0449,32,44
20923,0x044A,128,217
20923,0x044B,135,44
20923,0x044C,76,218
20923,0x044D,2,44
20923,0x044E,48,219
20923,0x044F,36,44
20923,0x0450,128,214
20923,0x0451,150,44
20923,0x0452,76,215
20923,0x0453,2,44
20923,0x0454,48,220
20923,0x0455,36,44
20923,0x0456,128,221
20923,0x0457,87,44
20923,0x0458,76,128
20923,0x0459,18,236
20923,0x045A,176,78
20923,0x045B,40,20
20923,0x045C,177,67
20923,0x045D,32,36
20923,0x045E,178,79
20923,0x045F,32,36
20923,0x0460,179,78
20923,0x0461,32,36
20923,0x0462,43,84
20923,0x0463,40,36
20923,0x0464,181,73
20923,0x0465,32,36
20923,0x0466,182,78
20923,0x0467,32,36
20923,0x0468,183,85
20923,0x0469,32,36
20923,0x046A,180,69
20923,0x046B,40,36
20923,0x046C,128,32
20923,0x046D,119,36
20923,0x046E,76,51
20923,0x046F,2,36
20923,0x0470,9,128
20923,0x0471,40,44
20923,0x0472,128,79
20923,0x0473,123,6
20923,0x0474,76,69
20923,0x0475,2,40
20923,0x0476,60,78
20923,0x0478,128,68
20923,0x0479,127,40
20923,0x0700,12,0
20923,0x0701,98,0
20923,0x0760,12,64
20923,0x0761,98,65
20923,0x0762,90,58
20923,0x0763,99,1
20923,0x0764,214,84
20923,0x0765,90,1
20923,0x0766,115,74
20923,0x0767,78,37
20923,0x0768,239,8
20923,0x0769,61,29
20923,0x076A,173,164
20923,0x076B,49,20
20923,0x076C,107,99
20923,0x076D,41,12
20923,0x076E,74,122
20923,0x076F,37,1
20923,0x0770,76,25
20923,0x0771,45,1
20923,0x0772,143,24
20923,0x0773,53,0
20923,0x0774,209,20
20923,0x0775,61,0
20923,0x0776,85,5
20923,0x0777,78,0
20923,0x0778,206,13
20923,0x0779,69,0
20923,0x077A,140,10
20923,0x077B,61,0
20923,0x077C,241,8
20923,0x077D,45,0
20923,0x077E,175,35
20923,0x077F,37,0
20923,0x0780,12,0
20923,0x0781,98,0
20923,0x0782,156,66
20923,0x0783,107,32
20923,0x0784,24,33
20923,0x0785,91,24
20923,0x0786,82,33
20923,0x0787,66,20
20923,0x0788,206,33
20923,0x0789,49,16
20923,0x078A,107,33
20923,0x078B,37,12
20923,0x078C,41,33
20923,0x078D,29,8
20923,0x078E,8,1
20923,0x078F,25,117
20923,0x0791,12,76
20923,0x0792,8,202
20923,0x0793,29,68
20923,0x0794,74,202
20923,0x0795,37,64
20923,0x0796,140,233
20923,0x0797,45,68
20923,0x0798,53,168
20923,0x0799,2,76
20923,0x079A,214,166
20923,0x079B,1,60
20923,0x079C,241,164
20923,0x079D,45,48
20923,0x079E,175,228
20923,0x079F,37,126
20923,0x07A0,12,0
20923,0x07A1,98,0
20923,0x07A2,59,229
20923,0x07A3,87,68
20923,0x07A4,249,196
20923,0x07A5,78,44
20923,0x07A6,150,131
20923,0x07A7,66,36
20923,0x07A8,51,98
20923,0x07A9,54,28
20923,0x07AA,241,65
20923,0x07AB,45,24
20923,0x07AC,175,32
20923,0x07AD,37,16
20923,0x07AE,109,0
20923,0x07AF,25,8
20923,0x07B0,42,0
20923,0x07B1,17,4
20923,0x07B2,232,99
20923,0x07B3,8,36
20923,0x07B4,0,196
20923,0x07B5,0,44
20923,0x07B6,8,131
20923,0x07B7,29,36
20923,0x07B8,74,98
20923,0x07B9,37,28
20923,0x07BA,140,132
20923,0x07BB,45,40
20923,0x07BC,140,200
20923,0x07BD,49,0
20923,0x07BE,0,68
20923,0x07C0,12,168
20923,0x07C1,98,76
20923,0x07C2,120,148
20923,0x07C3,119,86
20923,0x07C4,87,107
20923,0x07C5,119,49
20923,0x07C6,21,231
20923,0x07C7,115,32
20923,0x07C8,244,165
20923,0x07C9,110,24
20923,0x07CA,18,66
20923,0x07CB,123,8
20923,0x07CC,211,171
20923,0x07CD,114,16
20923,0x07CE,211,150
20923,0x07CF,110,25
20923,0x07D0,178,26
20923,0x07D1,114,42
20923,0x07D2,145,249
20923,0x07D3,114,34
20923,0x07D4,112,254
20923,0x07D5,114,28
20923,0x07D6,79,151
20923,0x07D7,110,16
20923,0x07D8,46,146
20923,0x07D9,106,16
20923,0x07DA,13,76
20923,0x07DB,106,8
20923,0x07DC,178,71
20923,0x07DD,110,4
20923,0x07DE,145,66
20923,0x07DF,110,32
20923,0x0BEA,2,3
20923,0x0EA4,171,185
20925,0x0031,4,2
20925,0x0039,7,5
20925,0x0069,162,164
20925,0x006B,93,95
20925,0x006C,88,0
20925,0x006E,122,0
20925,0x0071,10,12
20925,0x02F6,6,32
20925,0x02FB,1,0
20925,0xFFFF,134,135
20927,0x0031,2,4
20927,0x0039,5,3
20927,0x0068,8,0
20927,0x0069,164,166
20927,0x006B,95,97
20927,0x0076,1,2
20927,0x013B,53,52
20927,0x02FD,41,39
20929,0x0031,4,2
20929,0x0039,3,1
20929,0x0069,166,168
20929,0x006B,97,99
20931,0x0031,2,4
20931,0x0039,1,6
20931,0x0069,168,170
20931,0x006B,99,101
20931,0x0076,2,3
20931,0x017F,1,2
20931,0x02FB,0,1
20931,0x02FD,39,41
20931,0x0762,58,84
20931,0x0764,84,177
20931,0x076E,122,20
20931,0x076F,1,0
20931,0x0770,25,122
20931,0x0772,24,25
20931,0x0773,0,1
20931,0x0774,20,24
20931,0x0776,5,8
20931,0x0778,13,5
20931,0x077A,10,13
20931,0x077C,8,10
20931,0x077E,35,3
20933,0x0031,4,2
20933,0x0039,6,4
20933,0x0069,170,172
20933,0x006B,101,103
20933,0x02FB,1,0
20935,0x0031,2,4
20935,0x0039,4,2
20935,0x0069,172,174
20935,0x006B,103,105
20935,0x0076,3,4
20935,0x0098,2,1
20935,0x009B,2,1
20935,0x009D,2,1
20937,0x0031,4,2
20937,0x0039,2,7
20937,0x0068,0,8
20937,0x0069,174,176
20937,0x006B,105,107
20937,0x006C,0,88
20937,0x017F,2,3
20937,0x0762,84,58
20937,0x0764,177,84
20937,0x076E,20,24
20937,0x0770,122,20
20937,0x0771,1,0
20937,0x0772,25,122
20937,0x0774,24,25
20937,0x0775,0,1
20937,0x0776,8,10
20937,0x0778,5,8
20937,0x077A,13,5
20937,0x077C,10,13
20939,0x0031,2,4
20939,0x0039,7,5
20939,0x0068,8,0
20939,0x0069,176,178
20939,0x006B,107,109
20939,0x006C,88,0
20939,0x0076,4,5
20941,0x0031,4,2
20941,0x0039,5,3
20941,0x0069,178,180
20941,0x006B,109,111
20943,0x0031,2,4
20943,0x0039,3,1
20943,0x0069,180,182
20943,0x006B,111,113
20943,0x0076,5,6
20945,0x0031,4,2
20945,0x0039,1,6
20945,0x0068,0,8
20945,0x0069,182,184
20945,0x006B,113,115
20945,0x017F,3,0
20945,0x02FB,0,1
20945,0x0762,58,84
20945,0x0764,84,177
20945,0x076E,24,90
20945,0x076F,0,1
20945,0x0770,20,24
20945,0x0772,122,20
20945,0x0773,1,0
20945,0x0774,25,122
20945,0x0776,10,13
20945,0x0778,8,10
20945,0x077A,5,8
20945,0x077C,13,37
20945,0x077E,3,2
20947,0x0031,2,4
20947,0x0039,6,4
20947,0x0068,8,0
20947,0x0069,184,186
20947,0x006B,115,117
20947,0x0076,6,7
20947,0x02FB,1,0
20947,0x02FD,41,39
20949,0x0031,4,2
20949,0x0039,4,2
20949,0x0069,186,188
20949,0x006B,117,119
20951,0x0031,2,4
20951,0x0039,2,7
20951,0x0068,0,8
20951,0x0069,188,190
20951,0x006B,119,121
20951,0x006C,0,88
20951,0x0076,7,8
20951,0x017F,0,1
20951,0x02FD,39,41
20951,0x0762,84,58
20951,0x0764,177,84
20951,0x076E,90,122
20951,0x0770,24,25
20951,0x0771,0,1
20951,0x0772,20,24
20951,0x0774,122,20
20951,0x0775,1,0
20951,0x0776,13,5
20951,0x0778,10,13
20951,0x077A,8,10
20951,0x077C,37,8
20951,0x077E,2,35
20953,0x0031,4,2
20953,0x0039,7,5
20953,0x0069,190,192
20953,0x006B,121,123
20953,0x006C,88,0
20955,0x0031,2,4
20955,0x0039,5,3
20955,0x0068,8,0
20955,0x0069,192,194
20955,0x006B,123,125
20955,0x0076,8,9
20955,0x02FD,41,39
20957,0x0031,4,2
20957,0x0039,3,1
20957,0x0069,194,196
20957,0x006B,125,127
20959,0x0031,2,4
20959,0x0039,1,6
20959,0x0069,196,198
20959,0x006B,127,129
20959,0x0076,9,10
20959,0x017F,1,2
20959,0x02FB,0,1
20959,0x02FD,39,41
20959,0x0762,58,84
20959,0x0764,84,177
20959,0x076E,122,20
20959,0x076F,1,0
20959,0x0770,25,122
20959,0x0772,24,25
20959,0x0773,0,1
20959,0x0774,20,24
20959,0x0776,5,8
20959,0x0778,13,5
20959,0x077A,10,13
20959,0x077C,8,10
20959,0x077E,35,3
20961,0x0031,4,2
20961,0x0039,6,4
20961,0x0069,198,200
20961,0x006B,129,131
20961,0x02FB,1,0
20963,0x0031,2,4
20963,0x0039,4,2
20963,0x0069,200,202
20963,0x006B,131,133
20963,0x0076,10,11
20965,0x0031,4,2
20965,0x0039,2,7
20965,0x0068,0,8
20965,0x0069,202,204
20965,0x006B,133,135
20965,0x006C,0,88
20965,0x0098,1,2
20965,0x009B,1,2
20965,0x009D,1,2
20965,0x017F,2,3
20965,0x0762,84,58
20965,0x0764,177,84
20965,0x076E,20,24
20965,0x0770,122,20
20965,0x0771,1,0
20965,0x0772,25,122
20965,0x0774,24,25
20965,0x0775,0,1
20965,0x0776,8,10
20965,0x0778,5,8
20965,0x077A,13,5
20965,0x077C,10,13
20967,0x0031,2,4
20967,0x0039,7,5
20967,0x0068,8,0
20967,0x0069,204,206
20967,0x006B,135,137
20967,0x006C,88,0
20967,0x0076,11,12
20969,0x0031,4,2
20969,0x0039,5,3
20969,0x0069,206,208
20969,0x006B,137,139
20971,0x0031,2,4
20971,0x0039,3,1
20971,0x0069,208,210
20971,0x006B,139,141
20971,0x0076,12,13
20973,0x0031,4,2
20973,0x0039,1,6
20973,0x0068,0,8
20973,0x0069,210,212
20973,0x006B,141,143
20973,0x017F,3,0
20973,0x02FB,0,1
20973,0x0762,58,84
20973,0x0764,84,177
20973,0x076E,24,90
20973,0x076F,0,1
20973,0x0770,20,24
20973,0x0772,122,20
20973,0x0773,1,0
20973,0x0774,25,122
20973,0x0776,10,13
20973,0x0778,8,10
20973,0x077A,5,8
20973,0x077C,13,37
20973,0x077E,3,2
20975,0x0031,2,4
20975,0x0039,6,4
20975,0x0068,8,0
20975,0x0069,212,214
20975,0x006B,143,145
20975,0x0076,13,14
20975,0x02FB,1,0
20975,0x02FD,41,39
20977,0x0031,4,2
20977,0x0039,4,2
20977,0x0069,214,216
20977,0x006B,145,147
20979,0x0031,2,4
20979,0x0039,2,7
20979,0x0068,0,8
20979,0x0069,216,218
20979,0x006B,147,149
20979,0x006C,0,88
20979,0x0076,14,15
20979,0x017F,0,1
20979,0x02FD,39,41
20979,0x0762,84,58
20979,0x0764,177,84
20979,0x076E,90,122
20979,0x0770,24,25
20979,0x0771,0,1
20979,0x0772,20,24
20979,0x0774,122,20
20979,0x0775,1,0
20979,0x0776,13,5
20979,0x0778,10,13
20979,0x077A,8,10
20979,0x077C,37,8
20979,0x077E,2,35
20981,0x0031,4,2
20981,0x0039,7,5
20981,0x0069,218,220
20981,0x006B,149,151
20981,0x006C,88,0
20983,0x0031,2,1
20983,0x0034,58,60
20983,0x0039,5,3
20983,0x0068,8,0
20983,0x0069,220,222
20983,0x006B,151,153
20983,0x013D,133,53
20983,0x013E,96,101
20985,0x0039,3,1
20985,0x0069,222,224
20985,0x006B,153,155
20985,0x02FB,0,1
20987,0x0039,1,6
20987,0x0069,224,226
20987,0x006B,155,157
20987,0x017F,1,2
20987,0x0762,58,84
20987,0x0764,84,177
20987,0x076E,122,20
20987,0x076F,1,0
20987,0x0770,25,122
20987,0x0772,24,25
20987,0x0773,0,1
20987,0x0774,20,24
20987,0x0776,5,8
20987,0x0778,13,5
20987,0x077A,10,13
20987,0x077C,8,10
20987,0x077E,35,3
20989,0x0039,6,4
20989,0x0069,226,228
20989,0x006B,157,159
20991,0x0039,4,2
20991,0x0069,228,230
20991,0x006B,159,161
20993,0x0039,2,7
20993,0x0068,0,8
20993,0x0069,230,232
20993,0x006B,161,163
20993,0x006C,0,88
20993,0x017F,2,3
20993,0x0762,84,58
20993,0x0764,177,84
20993,0x076E,20,24
20993,0x0770,122,20
20993,0x0771,1,0
20993,0x0772,25,122
20993,0x0774,24,25
20993,0x0775,0,1
20993,0x0776,8,10
20993,0x0778,5,8
20993,0x077A,13,5
20993,0x077C,10,13
20995,0x0039,7,5
20995,0x0068,8,0
20995,0x0069,232,234
20995,0x006B,163,165
20995,0x006C,88,0
20995,0x0098,2,1
20995,0x009B,2,1
20995,0x009D,2,1
20995,0x02FD,41,39
20997,0x0039,5,3
20997,0x0069,234,236
20997,0x006B,165,167
20999,0x0039,3,1
20999,0x0069,236,238
20999,0x006B,167,169
21001,0x0039,1,6
21001,0x0069,238,240
21001,0x006B,169,171
21001,0x017F,3,0
21001,0x02FD,39,41
21001,0x0762,58,84
21001,0x0764,84,177
21001,0x076E,24,90
21001,0x076F,0,1
21001,0x0770,20,24
21001,0x0772,122,20
21001,0x0773,1,0
21001,0x0774,25,122
21001,0x0776,10,13
21001,0x0778,8,10
21001,0x077A,5,8
21001,0x077C,13,37
21001,0x077E,3,2
21003,0x0039,6,4
21003,0x0069,240,242
21003,0x006B,171,173
21005,0x0039,4,2
21005,0x0069,242,244
21005,0x006B,173,175
21007,0x0039,2,7
21007,0x0068,0,8
21007,0x0069,244,246
21007,0x006B,175,177
21007,0x006C,0,88
21007,0x017F,0,1
21007,0x02FD,41,39
21007,0x0762,84,58
21007,0x0764,177,84
21007,0x076E,90,122
21007,0x0770,24,25
21007,0x0771,0,1
21007,0x0772,20,24
21007,0x0774,122,20
21007,0x0775,1,0
21007,0x0776,13,5
21007,0x0778,10,13
21007,0x077A,8,10
21007,0x077C,37,8
21007,0x077E,2,35
21009,0x0039,7,5
21009,0x0068,8,0
21009,0x0069,246,248
21009,0x006B,177,179
21009,0x006C,88,0
21009,0x02FD,39,41
21011,0x0039,5,3
21011,0x0069,248,250
21011,0x006B,179,181
21013,0x0039,3,1
21013,0x0069,250,252
21013,0x006B,181,183
21015,0x0039,1,6
21015,0x0069,252,254
21015,0x006B,183,185
21015,0x017F,1,2
21015,0x02FD,41,39
21015,0x0762,58,84
21015,0x0764,84,177
21015,0x076E,122,20
21015,0x076F,1,0
21015,0x0770,25,122
21015,0x0772,24,25
21015,0x0773,0,1
21015,0x0774,20,24
21015,0x0776,5,8
21015,0x0778,13,5
21015,0x077A,10,13
21015,0x077C,8,10
21015,0x077E,35,3
21017,0x0039,6,4
21017,0x0069,254,0
21017,0x006B,185,187
21019,0x0039,4,2
21019,0x0069,0,2
21019,0x006B,187,189
21021,0x0039,2,7
21021,0x0068,0,8
21021,0x0069,2,4
21021,0x006B,189,191
21021,0x006C,0,88
21021,0x017F,2,3
21021,0x0762,84,58
21021,0x0764,177,84
21021,0x076E,20,24
21021,0x0770,122,20
21021,0x0771,1,0
21021,0x0772,25,122
21021,0x0774,24,25
21021,0x0775,0,1
21021,0x0776,8,10
21021,0x0778,5,8
21021,0x077A,13,5
21021,0x077C,10,13
21023,0x0039,7,5
21023,0x0068,8,0
21023,0x0069,4,6
21023,0x006B,191,193
21023,0x006C,88,0
21023,0x02FD,39,41
21025,0x0039,5,3
21025,0x0069,6,8
21025,0x006B,193,195
21025,0x0098,1,2
21025,0x009B,1,2
21025,0x009D,1,2
21027,0x0039,3,1
21027,0x0069,8,10
21027,0x006B,195,197
21029,0x0039,1,6
21029,0x0069,10,12
21029,0x006B,197,199
21029,0x017F,3,0
21029,0x0762,58,84
21029,0x0764,84,177
21029,0x076E,24,90
21029,0x076F,0,1
21029,0x0770,20,24
21029,0x0772,122,20
21029,0x0773,1,0
21029,0x0774,25,122
21029,0x0776,10,13
21029,0x0778,8,10
21029,0x077A,5,8
21029,0x077C,13,37
21029,0x077E,3,2
21031,0x0039,6,4
21031,0x0069,12,14
21031,0x006B,199,201
21033,0x0039,4,2
21033,0x0069,14,16
21033,0x006B,201,203
21035,0x0039,2,7
21035,0x0068,0,8
21035,0x0069,16,18
21035,0x006B,203,205
21035,0x006C,0,88
21035,0x017F,0,1
21035,0x0762,84,58
21035,0x0764,177,84
21035,0x076E,90,122
21035,0x0770,24,25
21035,0x0771,0,1
21035,0x0772,20,24
21035,0x0774,122,20
21035,0x0775,1,0
21035,0x0776,13,5
21035,0x0778,10,13
21035,0x077A,8,10
21035,0x077C,37,8
21035,0x077E,2,35
21037,0x0039,7,5
21037,0x0068,8,0
21037,0x0069,18,20
21037,0x006B,205,207
21037,0x006C,88,0
21037,0x02FD,41,39
21039,0x0039,5,3
21039,0x0069,20,22
21039,0x006B,207,209
21041,0x0039,3,1
21041,0x0069,22,24
21041,0x006B,209,211
21043,0x0039,1,6
21043,0x0069,24,26
21043,0x006B,211,213
21043,0x017F,1,2
21043,0x02FD,39,41
21043,0x0762,58,84
21043,0x0764,84,177
21043,0x076E,122,20
21043,0x076F,1,0
21043,0x0770,25,122
21043,0x0772,24,25
21043,0x0773,0,1
21043,0x0774,20,24
21043,0x0776,5,8
21043,0x0778,13,5
21043,0x077A,10,13
21043,0x077C,8,10
21043,0x077E,35,3
21045,0x0039,6,4
21045,0x0069,26,28
21045,0x006B,213,215
21047,0x0039,4,2
21047,0x0069,28,30
21047,0x006B,215,217
21049,0x0039,2,7
21049,0x0068,0,8
21049,0x0069,30,32
21049,0x006B,217,219
21049,0x006C,0,88
21049,0x017F,2,3
21049,0x02FD,41,39
21049,0x0762,84,58
21049,0x0764,177,84
21049,0x076E,20,24
21049,0x0770,122,20
21049,0x0771,1,0
21049,0x0772,25,122
21049,0x0774,24,25
21049,0x0775,0,1
21049,0x0776,8,10
21049,0x0778,5,8
21049,0x077A,13,5
21049,0x077C,10,13
21051,0x0039,7,5
21051,0x0068,8,0
21051,0x0069,32,34
21051,0x006B,219,221
21051,0x006C,88,0
21051,0x02FD,39,41
21053,0x0039,5,3
21053,0x0069,34,36
21053,0x006B,221,223
21055,0x0039,3,1
21055,0x0069,36,38
21055,0x006B,223,225
21055,0x0098,2,1
21055,0x009B,2,1
21055,0x009D,2,1
21057,0x0039,1,6
21057,0x0069,38,40
21057,0x006B,225,227
21057,0x017F,3,0
21057,0x02FD,41,39
21057,0x0762,58,84
21057,0x0764,84,177
21057,0x076E,24,90
21057,0x076F,0,1
21057,0x0770,20,24
21057,0x0772,122,20
21057,0x0773,1,0
21057,0x0774,25,122
21057,0x0776,10,13
21057,0x0778,8,10
21057,0x077A,5,8
21057,0x077C,13,37
21057,0x077E,3,2
21059,0x0039,6,4
21059,0x0069,40,42
21059,0x006B,227,229
21061,0x0039,4,2
21061,0x0069,42,44
21061,0x006B,229,231
21063,0x0039,2,7
21063,0x0068,0,8
21063,0x0069,44,46
21063,0x006B,231,233
21063,0x006C,0,88
21063,0x017F,0,1
21063,0x02FD,39,41
21063,0x0762,84,58
21063,0x0764,177,84
21063,0x076E,90,122
21063,0x0770,24,25
21063,0x0771,0,1
21063,0x0772,20,24
21063,0x0774,122,20
21063,0x0775,1,0
21063,0x0776,13,5
21063,0x0778,10,13
21063,0x077A,8,10
21063,0x077C,37,8
21063,0x077E,2,35
21065,0x0039,7,5
21065,0x0068,8,0
21065,0x0069,46,48
21065,0x006B,233,235
21065,0x006C,88,0
21065,0x02FD,41,39
21067,0x0039,5,3
21067,0x0069,48,50
21067,0x006B,235,237
21067,0x02FD,39,41
21069,0x0039,3,1
21069,0x0069,50,52
21069,0x006B,237,239
21071,0x0039,1,6
21071,0x0069,52,54
21071,0x006B,239,241
21071,0x017F,1,2
21071,0x0762,58,84
21071,0x0764,84,177
21071,0x076E,122,20
21071,0x076F,1,0
21071,0x0770,25,122
21071,0x0772,24,25
21071,0x0773,0,1
21071,0x0774,20,24
21071,0x0776,5,8
21071,0x0778,13,5
21071,0x077A,10,13
21071,0x077C,8,10
21071,0x077E,35,3
21073,0x0039,6,4
21073,0x0069,54,56
21073,0x006B,241,243
21075,0x0039,4,2
21075,0x0069,56,58
21075,0x006B,243,245
21077,0x0039,2,7
21077,0x0068,0,8
21077,0x0069,58,60
21077,0x006B,245,247
21077,0x006C,0,88
21077,0x017F,2,3
21077,0x0762,84,58
21077,0x0764,177,84
21077,0x076E,20,24
21077,0x0770,122,20
21077,0x0771,1,0
21077,0x0772,25,122
21077,0x0774,24,25
21077,0x0775,0,1
21077,0x0776,8,10
21077,0x0778,5,8
21077,0x077A,13,5
21077,0x077C,10,13
21079,0x0039,7,5
21079,0x0068,8,0
21079,0x0069,60,62
21079,0x006B,247,249
21079,0x006C,88,0
21079,0x02FD,41,39
21081,0x0039,5,3
21081,0x0069,62,64
21081,0x006B,249,251
21083,0x0039,3,1
21083,0x0069,64,66
21083,0x006B,251,253
