sample,emu_frame,slot,routine,flags,x,y,on_screen,screenshot
480,20663,0x1000,$04:DF96,C8,96.5,112.0,True,frame_0480.png
480,20663,0x1080,$04:E6AF,C8,168.0,112.0,True,frame_0480.png
480,20663,0x16C0,$02:B04A,C8,210.906,88.969,True,frame_0480.png
480,20663,0x1780,$04:FCC0,D0,186.938,119.441,True,frame_0480.png
482,20665,0x1000,$04:DF96,C8,91.5,112.0,True,frame_0482.png
482,20665,0x1080,$04:E6AF,C8,190.0,112.0,True,frame_0482.png
482,20665,0x16C0,$02:B04A,C8,207.312,95.395,True,frame_0482.png
482,20665,0x1780,$04:FCC0,D0,185.938,119.441,True,frame_0482.png
484,20667,0x1000,$04:DF96,C8,86.5,112.0,True,frame_0484.png
484,20667,0x1080,$04:E6AF,C8,212.0,112.0,True,frame_0484.png
484,20667,0x10C0,$04:E6AF,C8,92.0,112.0,True,frame_0484.png
484,20667,0x16C0,$02:B04A,C8,203.719,101.805,True,frame_0484.png
484,20667,0x1780,$04:FCC0,D0,184.938,119.441,True,frame_0484.png
486,20669,0x1000,$04:DF96,C8,81.5,112.0,True,frame_0486.png
486,20669,0x10C0,$04:E6AF,C8,114.0,112.0,True,frame_0486.png
486,20669,0x1400,$04:FABA,C8,202.688,101.469,True,frame_0486.png
486,20669,0x16C0,$04:FCC0,D0,203.719,101.805,True,frame_0486.png
486,20669,0x1780,$04:FCC0,D0,183.938,119.441,True,frame_0486.png
488,20671,0x1000,$04:DF96,C8,76.5,112.0,True,frame_0488.png
488,20671,0x10C0,$04:E6AF,C8,136.0,112.0,True,frame_0488.png
488,20671,0x1400,$04:FABA,C8,202.062,102.383,True,frame_0488.png
488,20671,0x16C0,$04:FCC0,D0,202.719,101.805,True,frame_0488.png
488,20671,0x1780,$04:FCC0,D0,182.938,119.441,True,frame_0488.png
490,20673,0x1000,$04:DF96,C8,71.5,112.0,True,frame_0490.png
490,20673,0x10C0,$04:E6AF,C8,158.0,112.0,True,frame_0490.png
490,20673,0x1400,$04:FABA,C8,201.438,103.266,True,frame_0490.png
490,20673,0x16C0,$04:FCC0,D0,201.719,101.805,True,frame_0490.png
490,20673,0x1780,$04:FCC0,D0,181.938,119.441,True,frame_0490.png
492,20675,0x1000,$04:DF96,C8,66.5,112.0,True,frame_0492.png
492,20675,0x10C0,$04:E6AF,C8,180.0,112.0,True,frame_0492.png
492,20675,0x1400,$04:FABA,C8,200.812,104.117,True,frame_0492.png
492,20675,0x16C0,$04:FCC0,D0,200.719,101.805,True,frame_0492.png
492,20675,0x1780,$04:FCC0,D0,180.938,119.441,True,frame_0492.png
494,20677,0x1000,$04:DF96,C8,61.5,112.0,True,frame_0494.png
494,20677,0x10C0,$04:E6AF,C8,202.0,112.0,True,frame_0494.png
494,20677,0x1400,$04:FABA,C8,200.188,104.938,True,frame_0494.png
494,20677,0x16C0,$04:FCC0,D0,199.719,101.805,True,frame_0494.png
496,20679,0x1000,$04:DF96,C8,56.5,112.0,True,frame_0496.png
496,20679,0x10C0,$04:E6AF,C8,224.0,112.0,True,frame_0496.png
496,20679,0x1400,$04:FABA,C8,199.562,105.727,True,frame_0496.png
496,20679,0x16C0,$04:FCC0,D0,198.719,101.805,True,frame_0496.png
498,20681,0x1000,$04:DF96,C8,51.5,112.0,True,frame_0498.png
498,20681,0x1080,$04:E6AF,C8,57.0,112.0,True,frame_0498.png
498,20681,0x10C0,$04:E6AF,C8,246.0,112.0,True,frame_0498.png
498,20681,0x1400,$04:FABA,C8,198.938,106.484,True,frame_0498.png
498,20681,0x16C0,$04:FCC0,D0,197.719,101.805,True,frame_0498.png
500,20683,0x1000,$04:DF96,C8,46.5,112.0,True,frame_0500.png
500,20683,0x1080,$04:E6AF,C8,79.0,112.0,True,frame_0500.png
500,20683,0x1400,$04:FABA,C8,198.312,107.211,True,frame_0500.png
500,20683,0x16C0,$04:FCC0,D0,196.719,101.805,True,frame_0500.png
502,20685,0x1000,$04:DF96,C8,41.5,112.0,True,frame_0502.png
502,20685,0x1080,$04:E6AF,C8,101.0,112.0,True,frame_0502.png
502,20685,0x1400,$04:FABA,C8,197.688,107.906,True,frame_0502.png
502,20685,0x16C0,$04:FCC0,D0,195.719,101.805,True,frame_0502.png
504,20687,0x1000,$04:DF96,C8,36.5,112.0,True,frame_0504.png
504,20687,0x1080,$04:E6AF,C8,123.0,112.0,True,frame_0504.png
504,20687,0x1400,$04:FABA,C8,197.062,108.57,True,frame_0504.png
504,20687,0x16C0,$04:FCC0,D0,194.719,101.805,True,frame_0504.png
506,20689,0x1000,$04:DF96,C8,31.5,112.0,True,frame_0506.png
506,20689,0x1080,$04:E6AF,C8,145.0,112.0,True,frame_0506.png
506,20689,0x1400,$04:FABA,C8,196.438,109.203,True,frame_0506.png
506,20689,0x16C0,$04:FCC0,D0,193.719,101.805,True,frame_0506.png
508,20691,0x1000,$04:DF96,C8,26.5,112.0,True,frame_0508.png
508,20691,0x1080,$04:E6AF,C8,167.0,112.0,True,frame_0508.png
508,20691,0x10C0,$04:E6AF,C8,32.0,112.0,True,frame_0508.png
508,20691,0x1400,$04:FABA,C8,195.812,109.805,True,frame_0508.png
508,20691,0x16C0,$04:FCC0,D0,192.719,101.805,True,frame_0508.png
510,20693,0x1000,$04:DF96,C8,21.5,112.0,True,frame_0510.png
510,20693,0x1080,$04:E6AF,C8,189.0,112.0,True,frame_0510.png
510,20693,0x10C0,$04:E6AF,C8,54.0,112.0,True,frame_0510.png
510,20693,0x1400,$04:FABA,C8,195.188,110.375,True,frame_0510.png
510,20693,0x16C0,$04:FCC0,D0,191.719,101.805,True,frame_0510.png
512,20695,0x1000,$04:DF96,C8,21.5,112.0,True,frame_0512.png
512,20695,0x1080,$04:E6AF,C8,211.0,112.0,True,frame_0512.png
512,20695,0x10C0,$04:E6AF,C8,76.0,112.0,True,frame_0512.png
512,20695,0x1400,$04:FABA,C8,194.562,110.914,True,frame_0512.png
514,20697,0x1000,$04:DF96,C8,21.5,112.0,True,frame_0514.png
514,20697,0x1080,$04:E6AF,C8,233.0,112.0,True,frame_0514.png
514,20697,0x10C0,$04:E6AF,C8,98.0,112.0,True,frame_0514.png
514,20697,0x1400,$04:FABA,C8,193.938,111.422,True,frame_0514.png
516,20699,0x1000,$04:DF96,C8,21.5,112.0,True,frame_0516.png
516,20699,0x10C0,$04:E6AF,C8,120.0,112.0,True,frame_0516.png
516,20699,0x1400,$04:FABA,C8,193.312,111.898,True,frame_0516.png
518,20701,0x1000,$04:DF96,C8,21.5,112.0,True,frame_0518.png
518,20701,0x10C0,$04:E6AF,C8,142.0,112.0,True,frame_0518.png
518,20701,0x1400,$04:FABA,C8,192.688,112.344,True,frame_0518.png
520,20703,0x1000,$04:DF96,C8,21.5,112.0,True,frame_0520.png
520,20703,0x10C0,$04:E6AF,C8,164.0,112.0,True,frame_0520.png
520,20703,0x1400,$04:FABA,C8,192.062,112.758,True,frame_0520.png
522,20705,0x1000,$04:DF96,C8,21.5,112.0,True,frame_0522.png
522,20705,0x1080,$04:E6AF,C8,27.0,112.0,True,frame_0522.png
522,20705,0x10C0,$04:E6AF,C8,186.0,112.0,True,frame_0522.png
522,20705,0x1400,$04:FABA,C8,191.438,113.141,True,frame_0522.png
524,20707,0x1000,$04:DF96,C8,21.5,112.0,True,frame_0524.png
524,20707,0x1080,$04:E6AF,C8,49.0,112.0,True,frame_0524.png
524,20707,0x10C0,$04:E6AF,C8,208.0,112.0,True,frame_0524.png
524,20707,0x1400,$04:FABA,C8,190.812,113.492,True,frame_0524.png
526,20709,0x1000,$04:DF96,C8,21.5,112.0,True,frame_0526.png
526,20709,0x1080,$04:E6AF,C8,71.0,112.0,True,frame_0526.png
526,20709,0x10C0,$04:E6AF,C8,230.0,112.0,True,frame_0526.png
526,20709,0x1400,$04:FABA,C8,190.188,113.812,True,frame_0526.png
526,20709,0x16C0,$02:90F0,C8,272.0,184.0,False,frame_0526.png
526,20709,0x1700,$02:9274,E0,272.0,176.0,False,frame_0526.png
528,20711,0x1000,$04:DF96,C8,21.5,112.0,True,frame_0528.png
528,20711,0x1080,$04:E6AF,C8,93.0,112.0,True,frame_0528.png
528,20711,0x1400,$04:FABA,C8,189.562,114.102,True,frame_0528.png
528,20711,0x16C0,$02:90F0,C8,270.0,184.0,False,frame_0528.png
528,20711,0x1700,$02:9274,E0,270.0,176.0,False,frame_0528.png
530,20713,0x1000,$04:DF96,C8,21.5,112.0,True,frame_0530.png
530,20713,0x1080,$04:E6AF,C8,115.0,112.0,True,frame_0530.png
530,20713,0x1400,$04:FABA,C8,188.938,114.359,True,frame_0530.png
530,20713,0x16C0,$02:90F0,C8,268.0,184.0,False,frame_0530.png
530,20713,0x1700,$02:9274,E0,268.0,176.0,False,frame_0530.png
532,20715,0x1000,$04:DF96,C8,21.5,112.0,True,frame_0532.png
532,20715,0x1080,$04:E6AF,C8,137.0,112.0,True,frame_0532.png
532,20715,0x10C0,$04:E6AF,C8,27.0,112.0,True,frame_0532.png
532,20715,0x1400,$04:FABA,C8,188.312,114.586,True,frame_0532.png
532,20715,0x16C0,$02:90F0,C8,266.0,184.0,False,frame_0532.png
532,20715,0x1700,$02:9274,E0,266.0,176.0,False,frame_0532.png
534,20717,0x1000,$04:DF96,C8,21.5,112.0,True,frame_0534.png
534,20717,0x1080,$04:E6AF,C8,159.0,112.0,True,frame_0534.png
534,20717,0x10C0,$04:E6AF,C8,49.0,112.0,True,frame_0534.png
534,20717,0x1400,$04:FABA,C8,187.688,114.781,True,frame_0534.png
534,20717,0x16C0,$02:90F0,C8,264.0,184.0,False,frame_0534.png
534,20717,0x1700,$02:9274,E0,264.0,176.0,False,frame_0534.png
536,20719,0x1000,$04:DF96,C8,21.5,112.0,True,frame_0536.png
536,20719,0x1080,$04:E6AF,C8,181.0,112.0,True,frame_0536.png
536,20719,0x10C0,$04:E6AF,C8,71.0,112.0,True,frame_0536.png
536,20719,0x1400,$04:FABA,C8,187.062,114.945,True,frame_0536.png
536,20719,0x16C0,$02:90F0,C8,262.0,184.0,False,frame_0536.png
536,20719,0x1700,$02:9274,E0,262.0,176.0,False,frame_0536.png
538,20721,0x1000,$04:DF96,C8,21.5,112.0,True,frame_0538.png
538,20721,0x1080,$04:E6AF,C8,203.0,112.0,True,frame_0538.png
538,20721,0x10C0,$04:E6AF,C8,93.0,112.0,True,frame_0538.png
538,20721,0x1400,$04:FABA,C8,186.438,115.078,True,frame_0538.png
538,20721,0x16C0,$02:90F0,C8,260.0,184.0,False,frame_0538.png
538,20721,0x1700,$02:9274,E0,260.0,176.0,False,frame_0538.png
540,20723,0x1000,$04:DF96,C8,21.5,112.0,True,frame_0540.png
540,20723,0x1080,$04:E6AF,C8,225.0,112.0,True,frame_0540.png
540,20723,0x10C0,$04:E6AF,C8,115.0,112.0,True,frame_0540.png
540,20723,0x1400,$04:FABA,C8,185.812,115.18,True,frame_0540.png
540,20723,0x16C0,$02:90F0,C8,258.0,184.0,False,frame_0540.png
540,20723,0x1700,$02:9274,E0,258.0,176.0,False,frame_0540.png
542,20725,0x1000,$04:DF96,C8,21.5,112.0,True,frame_0542.png
542,20725,0x1080,$04:E6AF,C8,247.0,112.0,True,frame_0542.png
542,20725,0x10C0,$04:E6AF,C8,137.0,112.0,True,frame_0542.png
542,20725,0x1400,$04:FABA,C8,185.188,115.25,True,frame_0542.png
542,20725,0x16C0,$02:90F0,C8,256.0,184.0,False,frame_0542.png
542,20725,0x1700,$02:9274,E0,256.0,176.0,False,frame_0542.png
544,20727,0x1000,$04:DF96,C8,21.5,112.0,True,frame_0544.png
544,20727,0x10C0,$04:E6AF,C8,159.0,112.0,True,frame_0544.png
544,20727,0x1400,$04:FABA,C8,184.562,115.289,True,frame_0544.png
544,20727,0x16C0,$02:90F0,C8,254.0,184.0,True,frame_0544.png
544,20727,0x1700,$02:9274,E0,254.0,176.0,True,frame_0544.png
546,20729,0x1000,$04:DF96,C8,21.5,112.0,True,frame_0546.png
546,20729,0x1080,$04:E6AF,C8,27.0,112.0,True,frame_0546.png
546,20729,0x10C0,$04:E6AF,C8,181.0,112.0,True,frame_0546.png
546,20729,0x1400,$04:FABA,C8,183.938,115.297,True,frame_0546.png
546,20729,0x16C0,$02:90F0,C8,252.0,184.0,True,frame_0546.png
546,20729,0x1700,$02:9274,E0,252.0,176.0,True,frame_0546.png
548,20731,0x1000,$04:DF96,C8,21.5,112.0,True,frame_0548.png
548,20731,0x1080,$04:E6AF,C8,49.0,112.0,True,frame_0548.png
548,20731,0x10C0,$04:E6AF,C8,203.0,112.0,True,frame_0548.png
548,20731,0x1400,$04:FABA,C8,183.312,115.273,True,frame_0548.png
548,20731,0x16C0,$02:90F0,C8,250.0,184.0,True,frame_0548.png
548,20731,0x1700,$02:9274,E0,250.0,176.0,True,frame_0548.png
550,20733,0x1000,$04:DF96,C8,21.5,112.0,True,frame_0550.png
550,20733,0x1080,$04:E6AF,C8,71.0,112.0,True,frame_0550.png
550,20733,0x10C0,$04:E6AF,C8,225.0,112.0,True,frame_0550.png
550,20733,0x1400,$04:FABA,C8,182.688,115.219,True,frame_0550.png
550,20733,0x16C0,$02:90F0,C8,248.0,184.0,True,frame_0550.png
550,20733,0x1700,$02:9274,E0,248.0,176.0,True,frame_0550.png
552,20735,0x1000,$04:DF96,C8,21.5,112.0,True,frame_0552.png
552,20735,0x1080,$04:E6AF,C8,93.0,112.0,True,frame_0552.png
552,20735,0x10C0,$04:E6AF,C8,247.0,112.0,True,frame_0552.png
552,20735,0x1400,$04:FABA,C8,182.062,115.133,True,frame_0552.png
552,20735,0x16C0,$02:90F0,C8,246.0,184.0,True,frame_0552.png
552,20735,0x1700,$02:9274,E0,246.0,176.0,True,frame_0552.png
554,20737,0x1000,$04:DF96,C8,21.5,112.0,True,frame_0554.png
554,20737,0x1080,$04:E6AF,C8,115.0,112.0,True,frame_0554.png
554,20737,0x1400,$04:FABA,C8,181.438,115.016,True,frame_0554.png
554,20737,0x16C0,$02:90F0,C8,244.0,184.0,True,frame_0554.png
554,20737,0x1700,$02:9274,E0,244.0,176.0,True,frame_0554.png
556,20739,0x1000,$04:DF96,C8,21.5,112.0,True,frame_0556.png
556,20739,0x1080,$04:E6AF,C8,137.0,112.0,True,frame_0556.png
556,20739,0x10C0,$04:E6AF,C8,27.0,112.0,True,frame_0556.png
556,20739,0x1400,$04:FABA,C8,180.812,114.867,True,frame_0556.png
556,20739,0x16C0,$02:90F0,C8,242.0,184.0,True,frame_0556.png
556,20739,0x1700,$02:9274,E0,242.0,176.0,True,frame_0556.png
558,20741,0x1000,$04:DF96,C8,21.5,112.0,True,frame_0558.png
558,20741,0x1080,$04:E6AF,C8,159.0,112.0,True,frame_0558.png
558,20741,0x10C0,$04:E6AF,C8,49.0,112.0,True,frame_0558.png
558,20741,0x1400,$04:FABA,C8,180.188,114.688,True,frame_0558.png
558,20741,0x16C0,$02:90F0,C8,240.0,184.0,True,frame_0558.png
558,20741,0x1700,$02:9274,E0,240.0,176.0,True,frame_0558.png
558,20741,0x1740,$02:90F0,C8,272.0,196.0,False,frame_0558.png
558,20741,0x1780,$02:9274,E0,272.0,188.0,False,frame_0558.png
560,20743,0x1000,$04:DF96,C8,21.5,112.0,True,frame_0560.png
560,20743,0x1080,$04:E6AF,C8,181.0,112.0,True,frame_0560.png
560,20743,0x10C0,$04:E6AF,C8,71.0,112.0,True,frame_0560.png
560,20743,0x1400,$04:FABA,C8,179.562,114.477,True,frame_0560.png
560,20743,0x16C0,$02:90F0,C8,238.0,184.0,True,frame_0560.png
560,20743,0x1700,$02:9274,E0,238.0,176.0,True,frame_0560.png
560,20743,0x1740,$02:90F0,C8,270.0,196.0,False,frame_0560.png
560,20743,0x1780,$02:9274,E0,270.0,188.0,False,frame_0560.png
562,20745,0x1000,$04:DF96,C8,21.5,112.0,True,frame_0562.png
562,20745,0x1080,$04:E6AF,C8,203.0,112.0,True,frame_0562.png
562,20745,0x10C0,$04:E6AF,C8,93.0,112.0,True,frame_0562.png
562,20745,0x1400,$04:FABA,C8,178.938,114.234,True,frame_0562.png
562,20745,0x16C0,$02:90F0,C8,236.0,184.0,True,frame_0562.png
562,20745,0x1700,$02:9274,E0,236.0,176.0,True,frame_0562.png
562,20745,0x1740,$02:90F0,C8,268.0,196.0,False,frame_0562.png
562,20745,0x1780,$02:9274,E0,268.0,188.0,False,frame_0562.png
564,20747,0x1000,$04:DF96,C8,21.5,112.0,True,frame_0564.png
564,20747,0x1080,$04:E6AF,C8,225.0,112.0,True,frame_0564.png
564,20747,0x10C0,$04:E6AF,C8,115.0,112.0,True,frame_0564.png
564,20747,0x1400,$04:FABA,C8,178.312,113.961,True,frame_0564.png
564,20747,0x16C0,$02:90F0,C8,234.0,184.0,True,frame_0564.png
564,20747,0x1700,$02:9274,E0,234.0,176.0,True,frame_0564.png
564,20747,0x1740,$02:90F0,C8,266.0,196.0,False,frame_0564.png
564,20747,0x1780,$02:9274,E0,266.0,188.0,False,frame_0564.png
566,20749,0x1000,$04:DF96,C8,21.5,112.0,True,frame_0566.png
566,20749,0x1080,$04:E6AF,C8,247.0,112.0,True,frame_0566.png
566,20749,0x10C0,$04:E6AF,C8,137.0,112.0,True,frame_0566.png
566,20749,0x1400,$04:FABA,C8,177.688,113.656,True,frame_0566.png
566,20749,0x16C0,$02:90F0,C8,232.0,184.0,True,frame_0566.png
566,20749,0x1700,$02:9274,E0,232.0,176.0,True,frame_0566.png
566,20749,0x1740,$02:90F0,C8,264.0,196.0,False,frame_0566.png
566,20749,0x1780,$02:9274,E0,264.0,188.0,False,frame_0566.png
568,20751,0x1000,$04:DF96,C8,21.5,112.0,True,frame_0568.png
568,20751,0x10C0,$04:E6AF,C8,159.0,112.0,True,frame_0568.png
568,20751,0x1400,$04:FABA,C8,177.062,113.32,True,frame_0568.png
568,20751,0x16C0,$02:90F0,C8,230.0,184.0,True,frame_0568.png
568,20751,0x1700,$02:9274,E0,230.0,176.0,True,frame_0568.png
568,20751,0x1740,$02:90F0,C8,262.0,196.0,False,frame_0568.png
568,20751,0x1780,$02:9274,E0,262.0,188.0,False,frame_0568.png
570,20753,0x1000,$04:DF96,C8,21.5,112.0,True,frame_0570.png
570,20753,0x1080,$04:E6AF,C8,27.0,112.0,True,frame_0570.png
570,20753,0x10C0,$04:E6AF,C8,181.0,112.0,True,frame_0570.png
570,20753,0x1400,$04:FABA,C8,176.438,112.953,True,frame_0570.png
570,20753,0x16C0,$02:90F0,C8,228.0,184.0,True,frame_0570.png
570,20753,0x1700,$02:9274,E0,228.0,176.0,True,frame_0570.png
570,20753,0x1740,$02:90F0,C8,260.0,196.0,False,frame_0570.png
570,20753,0x1780,$02:9274,E0,260.0,188.0,False,frame_0570.png
572,20755,0x1000,$04:DF96,C8,21.5,112.0,True,frame_0572.png
572,20755,0x1080,$04:E6AF,C8,49.0,112.0,True,frame_0572.png
572,20755,0x10C0,$04:E6AF,C8,203.0,112.0,True,frame_0572.png
572,20755,0x1400,$04:FABA,C8,175.812,112.555,True,frame_0572.png
572,20755,0x16C0,$02:90F0,C8,226.0,184.0,True,frame_0572.png
572,20755,0x1700,$02:9274,E0,226.0,176.0,True,frame_0572.png
572,20755,0x1740,$02:90F0,C8,258.0,196.0,False,frame_0572.png
572,20755,0x1780,$02:9274,E0,258.0,188.0,False,frame_0572.png
574,20757,0x1000,$04:DF96,C8,21.5,112.0,True,frame_0574.png
574,20757,0x1080,$04:E6AF,C8,71.0,112.0,True,frame_0574.png
574,20757,0x10C0,$04:E6AF,C8,225.0,112.0,True,frame_0574.png
574,20757,0x1400,$04:FABA,C8,175.188,112.125,True,frame_0574.png
574,20757,0x16C0,$02:90F0,C8,224.0,184.0,True,frame_0574.png
574,20757,0x1700,$02:9274,E0,224.0,176.0,True,frame_0574.png
574,20757,0x1740,$02:90F0,C8,256.0,196.0,False,frame_0574.png
574,20757,0x1780,$02:9274,E0,256.0,188.0,False,frame_0574.png
576,20759,0x1000,$04:DF96,C8,21.5,112.0,True,frame_0576.png
576,20759,0x1080,$04:E6AF,C8,93.0,112.0,True,frame_0576.png
576,20759,0x10C0,$04:E6AF,C8,247.0,112.0,True,frame_0576.png
576,20759,0x1400,$04:FABA,C8,174.562,111.664,True,frame_0576.png
576,20759,0x16C0,$02:90F0,C8,222.0,184.0,True,frame_0576.png
576,20759,0x1700,$02:9274,E0,222.0,176.0,True,frame_0576.png
576,20759,0x1740,$02:90F0,C8,254.0,196.0,True,frame_0576.png
576,20759,0x1780,$02:9274,E0,254.0,188.0,True,frame_0576.png
578,20761,0x1000,$04:DF96,C8,21.5,112.0,True,frame_0578.png
578,20761,0x1080,$04:E6AF,C8,115.0,112.0,True,frame_0578.png
578,20761,0x1400,$04:FABA,C8,173.938,111.172,True,frame_0578.png
578,20761,0x16C0,$02:90F0,C8,220.0,184.0,True,frame_0578.png
578,20761,0x1700,$02:9274,E0,220.0,176.0,True,frame_0578.png
578,20761,0x1740,$02:90F0,C8,252.0,196.0,True,frame_0578.png
578,20761,0x1780,$02:9274,E0,252.0,188.0,True,frame_0578.png
580,20763,0x1000,$04:DF96,C8,21.5,112.0,True,frame_0580.png
580,20763,0x1080,$04:E6AF,C8,137.0,112.0,True,frame_0580.png
580,20763,0x10C0,$04:E6AF,C8,27.0,112.0,True,frame_0580.png
580,20763,0x1400,$04:FABA,C8,173.312,110.648,True,frame_0580.png
580,20763,0x16C0,$02:90F0,C8,218.0,184.0,True,frame_0580.png
580,20763,0x1700,$02:9274,E0,218.0,176.0,True,frame_0580.png
580,20763,0x1740,$02:90F0,C8,250.0,196.0,True,frame_0580.png
580,20763,0x1780,$02:9274,E0,250.0,188.0,True,frame_0580.png
582,20765,0x1000,$04:DF96,C8,21.5,112.0,True,frame_0582.png
582,20765,0x1080,$04:E6AF,C8,159.0,112.0,True,frame_0582.png
582,20765,0x10C0,$04:E6AF,C8,49.0,112.0,True,frame_0582.png
582,20765,0x1400,$04:FABA,C8,172.688,110.094,True,frame_0582.png
582,20765,0x16C0,$02:90F0,C8,216.0,184.0,True,frame_0582.png
582,20765,0x1700,$02:9274,E0,216.0,176.0,True,frame_0582.png
582,20765,0x1740,$02:90F0,C8,248.0,196.0,True,frame_0582.png
582,20765,0x1780,$02:9274,E0,248.0,188.0,True,frame_0582.png
584,20767,0x1000,$04:DF96,C8,21.5,112.0,True,frame_0584.png
584,20767,0x1080,$04:E6AF,C8,181.0,112.0,True,frame_0584.png
584,20767,0x10C0,$04:E6AF,C8,71.0,112.0,True,frame_0584.png
584,20767,0x1400,$04:FABA,C8,172.062,109.508,True,frame_0584.png
584,20767,0x16C0,$02:90F0,C8,214.0,184.0,True,frame_0584.png
584,20767,0x1700,$02:9274,E0,214.0,176.0,True,frame_0584.png
584,20767,0x1740,$02:90F0,C8,246.0,196.0,True,frame_0584.png
584,20767,0x1780,$02:9274,E0,246.0,188.0,True,frame_0584.png
586,20769,0x1000,$04:DF96,C8,21.5,112.0,True,frame_0586.png
586,20769,0x1080,$04:E6AF,C8,203.0,112.0,True,frame_0586.png
586,20769,0x10C0,$04:E6AF,C8,93.0,112.0,True,frame_0586.png
586,20769,0x1400,$04:FABA,C8,171.438,108.891,True,frame_0586.png
586,20769,0x16C0,$02:90F0,C8,212.0,184.0,True,frame_0586.png
586,20769,0x1700,$02:9274,E0,212.0,176.0,True,frame_0586.png
586,20769,0x1740,$02:90F0,C8,244.0,196.0,True,frame_0586.png
586,20769,0x1780,$02:9274,E0,244.0,188.0,True,frame_0586.png
588,20771,0x1000,$04:DF96,C8,21.5,112.0,True,frame_0588.png
588,20771,0x1080,$04:E6AF,C8,225.0,112.0,True,frame_0588.png
588,20771,0x10C0,$04:E6AF,C8,115.0,112.0,True,frame_0588.png
588,20771,0x1400,$04:FABA,C8,170.812,108.242,True,frame_0588.png
588,20771,0x16C0,$02:90F0,C8,210.0,184.0,True,frame_0588.png
588,20771,0x1700,$02:9274,E0,210.0,176.0,True,frame_0588.png
588,20771,0x1740,$02:90F0,C8,242.0,196.0,True,frame_0588.png
588,20771,0x1780,$02:9274,E0,242.0,188.0,True,frame_0588.png
590,20773,0x1000,$04:DF96,C8,21.5,112.0,True,frame_0590.png
590,20773,0x1080,$04:E6AF,C8,247.0,112.0,True,frame_0590.png
590,20773,0x10C0,$04:E6AF,C8,137.0,112.0,True,frame_0590.png
590,20773,0x1400,$04:FABA,C8,170.188,107.562,True,frame_0590.png
590,20773,0x16C0,$02:90F0,C8,208.0,184.0,True,frame_0590.png
590,20773,0x1700,$02:9274,E0,208.0,176.0,True,frame_0590.png
590,20773,0x1740,$02:90F0,C8,240.0,196.0,True,frame_0590.png
590,20773,0x1780,$02:9274,E0,240.0,188.0,True,frame_0590.png
592,20775,0x1000,$04:DF96,C8,21.5,112.0,True,frame_0592.png
592,20775,0x10C0,$04:E6AF,C8,159.0,112.0,True,frame_0592.png
592,20775,0x1400,$04:FABA,C8,169.562,106.852,True,frame_0592.png
592,20775,0x16C0,$02:90F0,C8,206.0,184.0,True,frame_0592.png
592,20775,0x1700,$02:9274,E0,206.0,176.0,True,frame_0592.png
592,20775,0x1740,$02:90F0,C8,238.0,196.0,True,frame_0592.png
592,20775,0x1780,$02:9274,E0,238.0,188.0,True,frame_0592.png
594,20777,0x1000,$04:DF96,C8,21.5,112.0,True,frame_0594.png
594,20777,0x1080,$04:E6AF,C8,27.0,112.0,True,frame_0594.png
594,20777,0x10C0,$04:E6AF,C8,181.0,112.0,True,frame_0594.png
594,20777,0x1400,$04:FABA,C8,168.938,106.109,True,frame_0594.png
594,20777,0x16C0,$02:90F0,C8,204.0,184.0,True,frame_0594.png
594,20777,0x1700,$02:9274,E0,204.0,176.0,True,frame_0594.png
594,20777,0x1740,$02:90F0,C8,236.0,196.0,True,frame_0594.png
594,20777,0x1780,$02:9274,E0,236.0,188.0,True,frame_0594.png
596,20779,0x1000,$04:DF96,C8,21.5,112.0,True,frame_0596.png
596,20779,0x1080,$04:E6AF,C8,49.0,112.0,True,frame_0596.png
596,20779,0x10C0,$04:E6AF,C8,203.0,112.0,True,frame_0596.png
596,20779,0x1400,$04:FABA,C8,168.312,105.336,True,frame_0596.png
596,20779,0x16C0,$02:90F0,C8,202.0,184.0,True,frame_0596.png
596,20779,0x1700,$02:9274,E0,202.0,176.0,True,frame_0596.png
596,20779,0x1740,$02:90F0,C8,234.0,196.0,True,frame_0596.png
596,20779,0x1780,$02:9274,E0,234.0,188.0,True,frame_0596.png
598,20781,0x1000,$04:DF96,C8,21.5,112.0,True,frame_0598.png
598,20781,0x1080,$04:E6AF,C8,71.0,112.0,True,frame_0598.png
598,20781,0x10C0,$04:E6AF,C8,225.0,112.0,True,frame_0598.png
598,20781,0x1400,$04:FABA,C8,167.688,104.531,True,frame_0598.png
598,20781,0x16C0,$02:90F0,C8,200.0,184.0,True,frame_0598.png
598,20781,0x1700,$02:9274,E0,200.0,176.0,True,frame_0598.png
598,20781,0x1740,$02:90F0,C8,232.0,196.0,True,frame_0598.png
598,20781,0x1780,$02:9274,E0,232.0,188.0,True,frame_0598.png
600,20783,0x1000,$04:DF96,C8,21.5,112.0,True,frame_0600.png
600,20783,0x1080,$04:E6AF,C8,93.0,112.0,True,frame_0600.png
600,20783,0x10C0,$04:E6AF,C8,247.0,112.0,True,frame_0600.png
600,20783,0x1400,$04:FABA,C8,167.062,103.695,True,frame_0600.png
600,20783,0x16C0,$02:90F0,C8,198.0,184.0,True,frame_0600.png
600,20783,0x1700,$02:9274,E0,198.0,176.0,True,frame_0600.png
600,20783,0x1740,$02:90F0,C8,230.0,196.0,True,frame_0600.png
600,20783,0x1780,$02:9274,E0,230.0,188.0,True,frame_0600.png
602,20785,0x1000,$04:DF96,C8,21.5,112.0,True,frame_0602.png
602,20785,0x1080,$04:E6AF,C8,115.0,112.0,True,frame_0602.png
602,20785,0x1400,$04:FABA,C8,166.438,102.828,True,frame_0602.png
602,20785,0x16C0,$02:90F0,C8,196.0,184.0,True,frame_0602.png
602,20785,0x1700,$02:9274,E0,196.0,176.0,True,frame_0602.png
602,20785,0x1740,$02:90F0,C8,228.0,196.0,True,frame_0602.png
602,20785,0x1780,$02:9274,E0,228.0,188.0,True,frame_0602.png
604,20787,0x1000,$04:DF96,C8,21.5,112.0,True,frame_0604.png
604,20787,0x1080,$04:E6AF,C8,137.0,112.0,True,frame_0604.png
604,20787,0x10C0,$04:E6AF,C8,27.0,112.0,True,frame_0604.png
604,20787,0x1400,$04:FABA,C8,165.812,101.93,True,frame_0604.png
604,20787,0x16C0,$02:90F0,C8,194.0,184.0,True,frame_0604.png
604,20787,0x1700,$02:9274,E0,194.0,176.0,True,frame_0604.png
604,20787,0x1740,$02:90F0,C8,226.0,196.0,True,frame_0604.png
604,20787,0x1780,$02:9274,E0,226.0,188.0,True,frame_0604.png
606,20789,0x1000,$04:DF96,C8,21.5,112.0,True,frame_0606.png
606,20789,0x1080,$04:E6AF,C8,159.0,112.0,True,frame_0606.png
606,20789,0x10C0,$04:E6AF,C8,49.0,112.0,True,frame_0606.png
606,20789,0x1400,$04:FABA,C8,165.125,101.0,True,frame_0606.png
606,20789,0x16C0,$02:90F0,C8,192.0,184.0,True,frame_0606.png
606,20789,0x1700,$02:9274,E0,192.0,176.0,True,frame_0606.png
606,20789,0x1740,$02:90F0,C8,224.0,196.0,True,frame_0606.png
606,20789,0x1780,$02:9274,E0,224.0,188.0,True,frame_0606.png
608,20791,0x1000,$04:DF96,C8,21.5,112.0,True,frame_0608.png
608,20791,0x1080,$04:E6AF,C8,181.0,112.0,True,frame_0608.png
608,20791,0x10C0,$04:E6AF,C8,71.0,112.0,True,frame_0608.png
608,20791,0x1400,$04:FABA,C8,164.375,100.086,True,frame_0608.png
608,20791,0x16C0,$02:90F0,C8,190.0,184.0,True,frame_0608.png
608,20791,0x1700,$02:9274,E0,190.0,176.0,True,frame_0608.png
608,20791,0x1740,$02:90F0,C8,222.0,196.0,True,frame_0608.png
608,20791,0x1780,$02:9274,E0,222.0,188.0,True,frame_0608.png
610,20793,0x1000,$04:DF96,C8,21.5,112.0,True,frame_0610.png
610,20793,0x1080,$04:E6AF,C8,203.0,112.0,True,frame_0610.png
610,20793,0x10C0,$04:E6AF,C8,93.0,112.0,True,frame_0610.png
610,20793,0x1400,$04:FABA,C8,163.625,99.203,True,frame_0610.png
610,20793,0x16C0,$02:90F0,C8,188.0,184.0,True,frame_0610.png
610,20793,0x1700,$02:9274,E0,188.0,176.0,True,frame_0610.png
610,20793,0x1740,$02:90F0,C8,220.0,196.0,True,frame_0610.png
610,20793,0x1780,$02:9274,E0,220.0,188.0,True,frame_0610.png
610,20793,0x17C0,$02:B04A,88,272.0,104.0,False,frame_0610.png
612,20795,0x1000,$04:DF96,C8,21.5,112.0,True,frame_0612.png
612,20795,0x1080,$04:E6AF,C8,225.0,112.0,True,frame_0612.png
612,20795,0x10C0,$04:E6AF,C8,115.0,112.0,True,frame_0612.png
612,20795,0x1400,$04:FABA,C8,162.875,98.352,True,frame_0612.png
612,20795,0x16C0,$02:90F0,C8,186.0,184.0,True,frame_0612.png
612,20795,0x1700,$02:9274,E0,186.0,176.0,True,frame_0612.png
612,20795,0x1740,$02:90F0,C8,218.0,196.0,True,frame_0612.png
612,20795,0x1780,$02:9274,E0,218.0,188.0,True,frame_0612.png
612,20795,0x17C0,$02:B04A,C8,268.406,104.0,False,frame_0612.png
614,20797,0x1000,$04:DF96,C8,21.5,112.0,True,frame_0614.png
614,20797,0x1080,$04:E6AF,C8,247.0,112.0,True,frame_0614.png
614,20797,0x10C0,$04:E6AF,C8,137.0,112.0,True,frame_0614.png
614,20797,0x1400,$04:FABA,C8,162.125,97.531,True,frame_0614.png
614,20797,0x16C0,$02:90F0,C8,184.0,184.0,True,frame_0614.png
614,20797,0x1700,$02:9274,E0,184.0,176.0,True,frame_0614.png
614,20797,0x1740,$02:90F0,C8,216.0,196.0,True,frame_0614.png
614,20797,0x1780,$02:9274,E0,216.0,188.0,True,frame_0614.png
614,20797,0x17C0,$02:B04A,C8,264.812,104.0,False,frame_0614.png
616,20799,0x1000,$04:DF96,C8,21.5,112.0,True,frame_0616.png
616,20799,0x10C0,$04:E6AF,C8,159.0,112.0,True,frame_0616.png
616,20799,0x1400,$04:FABA,C8,161.375,96.742,True,frame_0616.png
616,20799,0x16C0,$02:90F0,C8,182.0,184.0,True,frame_0616.png
616,20799,0x1700,$02:9274,E0,182.0,176.0,True,frame_0616.png
616,20799,0x1740,$02:90F0,C8,214.0,196.0,True,frame_0616.png
616,20799,0x1780,$02:9274,E0,214.0,188.0,True,frame_0616.png
616,20799,0x17C0,$02:B04A,C8,261.219,104.0,False,frame_0616.png
618,20801,0x1000,$04:DF96,C8,21.5,112.0,True,frame_0618.png
618,20801,0x1080,$04:E6AF,C8,27.0,112.0,True,frame_0618.png
618,20801,0x10C0,$04:E6AF,C8,181.0,112.0,True,frame_0618.png
618,20801,0x1400,$04:FABA,C8,160.625,95.984,True,frame_0618.png
618,20801,0x16C0,$02:90F0,C8,180.0,184.0,True,frame_0618.png
618,20801,0x1700,$02:9274,E0,180.0,176.0,True,frame_0618.png
618,20801,0x1740,$02:90F0,C8,212.0,196.0,True,frame_0618.png
618,20801,0x1780,$02:9274,E0,212.0,188.0,True,frame_0618.png
618,20801,0x17C0,$02:B04A,C8,257.625,104.0,False,frame_0618.png
620,20803,0x1000,$04:DF96,C8,21.5,112.0,True,frame_0620.png
620,20803,0x1080,$04:E6AF,C8,49.0,112.0,True,frame_0620.png
620,20803,0x10C0,$04:E6AF,C8,203.0,112.0,True,frame_0620.png
620,20803,0x1400,$04:FABA,C8,159.875,95.258,True,frame_0620.png
620,20803,0x16C0,$02:90F0,C8,178.0,184.0,True,frame_0620.png
620,20803,0x1700,$02:9274,E0,178.0,176.0,True,frame_0620.png
620,20803,0x1740,$02:90F0,C8,210.0,196.0,True,frame_0620.png
620,20803,0x1780,$02:9274,E0,210.0,188.0,True,frame_0620.png
620,20803,0x17C0,$02:B04A,C8,254.031,104.0,True,frame_0620.png
622,20805,0x1000,$04:DF96,C8,21.5,112.0,True,frame_0622.png
622,20805,0x1080,$04:E6AF,C8,71.0,112.0,True,frame_0622.png
622,20805,0x10C0,$04:E6AF,C8,225.0,112.0,True,frame_0622.png
622,20805,0x1400,$04:FABA,C8,159.125,94.562,True,frame_0622.png
622,20805,0x16C0,$02:90F0,C8,176.0,184.0,True,frame_0622.png
622,20805,0x1700,$02:9274,E0,176.0,176.0,True,frame_0622.png
622,20805,0x1740,$02:90F0,C8,208.0,196.0,True,frame_0622.png
622,20805,0x1780,$02:9274,E0,208.0,188.0,True,frame_0622.png
622,20805,0x17C0,$02:B04A,C8,250.438,104.0,True,frame_0622.png
624,20807,0x1000,$04:DF96,C8,21.5,112.0,True,frame_0624.png
624,20807,0x1080,$04:E6AF,C8,93.0,112.0,True,frame_0624.png
624,20807,0x10C0,$04:E6E1,C0,236.0,112.0,True,frame_0624.png
624,20807,0x1400,$04:FABA,C8,158.375,93.898,True,frame_0624.png
624,20807,0x16C0,$02:90F0,C8,174.0,184.0,True,frame_0624.png
624,20807,0x1700,$02:9274,E0,174.0,176.0,True,frame_0624.png
624,20807,0x1740,$02:90F0,C8,206.0,196.0,True,frame_0624.png
624,20807,0x1780,$02:9274,E0,206.0,188.0,True,frame_0624.png
624,20807,0x17C0,$04:FCC0,D0,248.641,104.0,True,frame_0624.png
626,20809,0x1000,$04:DF96,C8,21.5,112.0,True,frame_0626.png
626,20809,0x1080,$04:E6AF,C8,115.0,112.0,True,frame_0626.png
626,20809,0x1400,$04:FABA,C8,157.625,93.266,True,frame_0626.png
626,20809,0x16C0,$02:90F0,C8,172.0,184.0,True,frame_0626.png
626,20809,0x1700,$02:9274,E0,172.0,176.0,True,frame_0626.png
626,20809,0x1740,$02:90F0,C8,204.0,196.0,True,frame_0626.png
626,20809,0x1780,$02:9274,E0,204.0,188.0,True,frame_0626.png
626,20809,0x17C0,$04:FCC0,D0,247.641,104.0,True,frame_0626.png
628,20811,0x1000,$04:DF96,C8,21.5,112.0,True,frame_0628.png
628,20811,0x1080,$04:E6AF,C8,137.0,112.0,True,frame_0628.png
628,20811,0x10C0,$04:E6AF,C8,27.0,112.0,True,frame_0628.png
628,20811,0x1400,$04:FABA,C8,156.875,92.664,True,frame_0628.png
628,20811,0x16C0,$02:90F0,C8,170.0,184.0,True,frame_0628.png
628,20811,0x1700,$02:9274,E0,170.0,176.0,True,frame_0628.png
628,20811,0x1740,$02:90F0,C8,202.0,196.0,True,frame_0628.png
628,20811,0x1780,$02:9274,E0,202.0,188.0,True,frame_0628.png
628,20811,0x17C0,$04:FCC0,D0,246.641,104.0,True,frame_0628.png
630,20813,0x1000,$04:DF96,C8,21.5,112.0,True,frame_0630.png
630,20813,0x1080,$04:E6AF,C8,159.0,112.0,True,frame_0630.png
630,20813,0x10C0,$04:E6AF,C8,49.0,112.0,True,frame_0630.png
630,20813,0x1400,$04:FABA,C8,156.125,92.094,True,frame_0630.png
630,20813,0x16C0,$02:90F0,C8,168.0,184.0,True,frame_0630.png
630,20813,0x1700,$02:9274,E0,168.0,176.0,True,frame_0630.png
630,20813,0x1740,$02:90F0,C8,200.0,196.0,True,frame_0630.png
630,20813,0x1780,$02:9274,E0,200.0,188.0,True,frame_0630.png
630,20813,0x17C0,$04:FCC0,D0,245.641,104.0,True,frame_0630.png
632,20815,0x1000,$04:DF96,C8,21.5,112.0,True,frame_0632.png
632,20815,0x1080,$04:E6AF,C8,181.0,112.0,True,frame_0632.png
632,20815,0x10C0,$04:E6AF,C8,71.0,112.0,True,frame_0632.png
632,20815,0x1400,$04:FABA,C8,155.375,91.555,True,frame_0632.png
632,20815,0x16C0,$02:90F0,C8,166.0,184.0,True,frame_0632.png
632,20815,0x1700,$02:9274,E0,166.0,176.0,True,frame_0632.png
632,20815,0x1740,$02:90F0,C8,198.0,196.0,True,frame_0632.png
632,20815,0x1780,$02:9274,E0,198.0,188.0,True,frame_0632.png
632,20815,0x17C0,$04:FCC0,D0,244.641,104.0,True,frame_0632.png
634,20817,0x1000,$04:DF96,C8,21.5,112.0,True,frame_0634.png
634,20817,0x1080,$04:E6AF,C8,203.0,112.0,True,frame_0634.png
634,20817,0x10C0,$04:E6AF,C8,93.0,112.0,True,frame_0634.png
634,20817,0x1400,$04:FABA,C8,154.625,91.047,True,frame_0634.png
634,20817,0x16C0,$02:91DB,D8,165.0,184.0,True,frame_0634.png
634,20817,0x1700,$02:9274,E0,165.0,176.0,True,frame_0634.png
634,20817,0x1740,$02:90F0,C8,196.0,196.0,True,frame_0634.png
634,20817,0x1780,$02:9274,E0,196.0,188.0,True,frame_0634.png
634,20817,0x17C0,$04:FCC0,D0,243.641,104.0,True,frame_0634.png
636,20819,0x1000,$04:DF96,C8,21.5,112.0,True,frame_0636.png
636,20819,0x1080,$04:E6AF,C8,225.0,112.0,True,frame_0636.png
636,20819,0x10C0,$04:E6AF,C8,115.0,112.0,True,frame_0636.png
636,20819,0x1400,$04:FABA,C8,153.875,90.57,True,frame_0636.png
636,20819,0x16C0,$02:91DB,D8,164.0,184.0,True,frame_0636.png
636,20819,0x1700,$02:9274,E0,164.0,176.0,True,frame_0636.png
636,20819,0x1740,$02:90F0,C8,194.0,196.0,True,frame_0636.png
636,20819,0x1780,$02:9274,E0,194.0,188.0,True,frame_0636.png
636,20819,0x17C0,$04:FCC0,D0,242.641,104.0,True,frame_0636.png
638,20821,0x1000,$04:DF96,C8,21.5,112.0,True,frame_0638.png
638,20821,0x1080,$04:E6AF,C8,247.0,112.0,True,frame_0638.png
638,20821,0x10C0,$04:E6AF,C8,137.0,112.0,True,frame_0638.png
638,20821,0x1400,$04:FABA,C8,153.125,90.125,True,frame_0638.png
638,20821,0x16C0,$02:91DB,D8,163.0,184.0,True,frame_0638.png
638,20821,0x1700,$02:9274,E0,163.0,176.0,True,frame_0638.png
638,20821,0x1740,$02:90F0,C8,192.0,196.0,True,frame_0638.png
638,20821,0x1780,$02:9274,E0,192.0,188.0,True,frame_0638.png
638,20821,0x17C0,$04:FCC0,D0,241.641,104.0,True,frame_0638.png
638,20821,0x1800,$02:B04A,88,272.0,104.0,False,frame_0638.png
640,20823,0x1000,$04:DF96,C8,21.5,112.0,True,frame_0640.png
640,20823,0x10C0,$04:E6AF,C8,159.0,112.0,True,frame_0640.png
640,20823,0x1400,$04:FABA,C8,152.375,89.711,True,frame_0640.png
640,20823,0x16C0,$02:91DB,D8,162.0,184.0,True,frame_0640.png
640,20823,0x1700,$02:9274,E0,162.0,176.0,True,frame_0640.png
640,20823,0x1740,$02:90F0,C8,190.0,196.0,True,frame_0640.png
640,20823,0x1780,$02:9274,E0,190.0,188.0,True,frame_0640.png
640,20823,0x17C0,$04:FCC0,D0,240.641,104.0,True,frame_0640.png
640,20823,0x1800,$02:B04A,C8,268.406,104.0,False,frame_0640.png
642,20825,0x1000,$04:DF96,C8,21.5,112.0,True,frame_0642.png
642,20825,0x1080,$04:E6AF,C8,27.0,112.0,True,frame_0642.png
642,20825,0x10C0,$04:E6AF,C8,181.0,112.0,True,frame_0642.png
642,20825,0x1400,$04:FABA,C8,151.625,89.328,True,frame_0642.png
642,20825,0x16C0,$02:91DB,D8,161.0,184.0,True,frame_0642.png
642,20825,0x1700,$02:9274,E0,161.0,176.0,True,frame_0642.png
642,20825,0x1740,$02:90F0,C8,188.0,196.0,True,frame_0642.png
642,20825,0x1780,$02:9274,E0,188.0,188.0,True,frame_0642.png
642,20825,0x17C0,$04:FCC0,D0,239.641,104.0,True,frame_0642.png
642,20825,0x1800,$02:B04A,C8,264.812,104.0,False,frame_0642.png
644,20827,0x1000,$04:DF96,C8,21.5,112.0,True,frame_0644.png
644,20827,0x1080,$04:E6AF,C8,49.0,112.0,True,frame_0644.png
644,20827,0x10C0,$04:E6AF,C8,203.0,112.0,True,frame_0644.png
644,20827,0x1400,$04:FABA,C8,150.875,88.977,True,frame_0644.png
644,20827,0x16C0,$02:91DB,D8,160.0,184.0,True,frame_0644.png
644,20827,0x1700,$02:9274,E0,160.0,176.0,True,frame_0644.png
644,20827,0x1740,$02:90F0,C8,186.0,196.0,True,frame_0644.png
644,20827,0x1780,$02:9274,E0,186.0,188.0,True,frame_0644.png
644,20827,0x17C0,$04:FCC0,D0,238.641,104.0,True,frame_0644.png
644,20827,0x1800,$02:B04A,C8,261.219,104.0,False,frame_0644.png
646,20829,0x1000,$04:DF96,C8,21.5,112.0,True,frame_0646.png
646,20829,0x1080,$04:E6AF,C8,71.0,112.0,True,frame_0646.png
646,20829,0x10C0,$04:E6AF,C8,225.0,112.0,True,frame_0646.png
646,20829,0x1400,$04:FABA,C8,150.125,88.656,True,frame_0646.png
646,20829,0x16C0,$02:91DB,D8,159.0,184.0,True,frame_0646.png
646,20829,0x1700,$02:9274,E0,159.0,176.0,True,frame_0646.png
646,20829,0x1740,$02:90F0,C8,184.0,196.0,True,frame_0646.png
646,20829,0x1780,$02:9274,E0,184.0,188.0,True,frame_0646.png
646,20829,0x17C0,$04:FCC0,D0,237.641,104.0,True,frame_0646.png
646,20829,0x1800,$02:B04A,C8,257.625,104.0,False,frame_0646.png
648,20831,0x1000,$04:DF96,C8,21.5,112.0,True,frame_0648.png
648,20831,0x1080,$04:E6AF,C8,93.0,112.0,True,frame_0648.png
648,20831,0x10C0,$04:E6AF,C8,247.0,112.0,True,frame_0648.png
648,20831,0x1400,$04:FABA,C8,149.375,88.367,True,frame_0648.png
648,20831,0x16C0,$02:91DB,D8,158.0,184.0,True,frame_0648.png
648,20831,0x1700,$02:9274,E0,158.0,176.0,True,frame_0648.png
648,20831,0x1740,$02:90F0,C8,182.0,196.0,True,frame_0648.png
648,20831,0x1780,$02:9274,E0,182.0,188.0,True,frame_0648.png
648,20831,0x17C0,$04:FCC0,D0,236.641,104.0,True,frame_0648.png
648,20831,0x1800,$02:B04A,C8,254.031,104.0,True,frame_0648.png
650,20833,0x1000,$04:DF96,C8,21.5,117.0,True,frame_0650.png
650,20833,0x1080,$04:E6AF,C8,115.0,112.0,True,frame_0650.png
650,20833,0x1400,$04:FABA,C8,148.625,88.109,True,frame_0650.png
650,20833,0x16C0,$02:91DB,D8,157.0,184.0,True,frame_0650.png
650,20833,0x1700,$02:9274,E0,157.0,176.0,True,frame_0650.png
650,20833,0x1740,$02:90F0,C8,180.0,196.0,True,frame_0650.png
650,20833,0x1780,$02:9274,E0,180.0,188.0,True,frame_0650.png
650,20833,0x1800,$04:FCC0,D0,254.031,104.0,True,frame_0650.png
652,20835,0x1000,$04:DF96,C8,21.5,122.0,True,frame_0652.png
652,20835,0x1080,$04:E6AF,C8,137.0,112.0,True,frame_0652.png
652,20835,0x10C0,$04:E6AF,C8,27.0,122.0,True,frame_0652.png
652,20835,0x1400,$04:FABA,C8,147.875,87.883,True,frame_0652.png
652,20835,0x16C0,$02:91DB,D8,156.0,184.0,True,frame_0652.png
652,20835,0x1700,$02:9274,E0,156.0,176.0,True,frame_0652.png
652,20835,0x1740,$02:90F0,C8,178.0,196.0,True,frame_0652.png
652,20835,0x1780,$02:9274,E0,178.0,188.0,True,frame_0652.png
652,20835,0x1800,$04:FCC0,D0,253.031,104.0,True,frame_0652.png
654,20837,0x1000,$04:DF96,C8,21.5,127.0,True,frame_0654.png
654,20837,0x1080,$04:E6AF,C8,159.0,112.0,True,frame_0654.png
654,20837,0x10C0,$04:E6AF,C8,49.0,122.0,True,frame_0654.png
654,20837,0x1400,$04:FABA,C8,147.125,87.688,True,frame_0654.png
654,20837,0x16C0,$02:91DB,D8,155.0,184.0,True,frame_0654.png
654,20837,0x1700,$02:9274,E0,155.0,176.0,True,frame_0654.png
654,20837,0x1740,$02:90F0,C8,176.0,196.0,True,frame_0654.png
654,20837,0x1780,$02:9274,E0,176.0,188.0,True,frame_0654.png
654,20837,0x1800,$04:FCC0,D0,252.031,104.0,True,frame_0654.png
656,20839,0x1000,$04:DF96,C8,21.5,132.0,True,frame_0656.png
656,20839,0x1080,$04:E6AF,C8,181.0,112.0,True,frame_0656.png
656,20839,0x10C0,$04:E6AF,C8,71.0,122.0,True,frame_0656.png
656,20839,0x1400,$04:FABA,C8,146.375,87.523,True,frame_0656.png
656,20839,0x16C0,$02:91DB,D8,154.0,184.0,True,frame_0656.png
656,20839,0x1700,$02:9274,E0,154.0,176.0,True,frame_0656.png
656,20839,0x1740,$02:90F0,C8,174.0,196.0,True,frame_0656.png
656,20839,0x1780,$02:9274,E0,174.0,188.0,True,frame_0656.png
656,20839,0x1800,$04:FCC0,D0,251.031,104.0,True,frame_0656.png
658,20841,0x1000,$04:DF96,C8,21.5,137.0,True,frame_0658.png
658,20841,0x1080,$04:E6AF,C8,203.0,112.0,True,frame_0658.png
658,20841,0x10C0,$04:E6AF,C8,93.0,122.0,True,frame_0658.png
658,20841,0x1400,$04:FABA,C8,145.625,87.391,True,frame_0658.png
658,20841,0x16C0,$02:91DB,D8,153.0,184.0,True,frame_0658.png
658,20841,0x1700,$02:9274,E0,153.0,176.0,True,frame_0658.png
658,20841,0x1740,$02:90F0,C8,172.0,196.0,True,frame_0658.png
658,20841,0x1780,$02:9274,E0,172.0,188.0,True,frame_0658.png
658,20841,0x1800,$04:FCC0,D0,250.031,104.0,True,frame_0658.png
660,20843,0x1000,$04:DF96,C8,21.5,142.0,True,frame_0660.png
660,20843,0x1080,$04:E6AF,C8,225.0,112.0,True,frame_0660.png
660,20843,0x10C0,$04:E6AF,C8,115.0,122.0,True,frame_0660.png
660,20843,0x1400,$04:FABA,C8,144.875,87.289,True,frame_0660.png
660,20843,0x16C0,$02:91DB,D8,152.0,184.0,True,frame_0660.png
660,20843,0x1700,$02:9274,E0,152.0,176.0,True,frame_0660.png
660,20843,0x1740,$02:90F0,C8,170.0,196.0,True,frame_0660.png
660,20843,0x1780,$02:9274,E0,170.0,188.0,True,frame_0660.png
660,20843,0x1800,$04:FCC0,D0,249.031,104.0,True,frame_0660.png
662,20845,0x1000,$04:DF96,C8,21.5,147.0,True,frame_0662.png
662,20845,0x1080,$04:E6AF,C8,247.0,112.0,True,frame_0662.png
662,20845,0x10C0,$04:E6AF,C8,137.0,122.0,True,frame_0662.png
662,20845,0x1400,$04:FABA,C8,144.125,87.219,True,frame_0662.png
662,20845,0x16C0,$02:91DB,D8,151.0,184.0,True,frame_0662.png
662,20845,0x1700,$02:9274,E0,151.0,176.0,True,frame_0662.png
662,20845,0x1740,$02:90F0,C8,168.0,196.0,True,frame_0662.png
662,20845,0x1780,$02:9274,E0,168.0,188.0,True,frame_0662.png
662,20845,0x1800,$04:FCC0,D0,248.031,104.0,True,frame_0662.png
664,20847,0x1000,$04:DF96,C8,21.5,152.0,True,frame_0664.png
664,20847,0x10C0,$04:E6AF,C8,159.0,122.0,True,frame_0664.png
664,20847,0x1400,$04:FABA,C8,143.375,87.18,True,frame_0664.png
664,20847,0x16C0,$02:91DB,D8,150.0,184.0,True,frame_0664.png
664,20847,0x1700,$02:9274,E0,150.0,176.0,True,frame_0664.png
664,20847,0x1740,$02:90F0,C8,166.0,196.0,True,frame_0664.png
664,20847,0x1780,$02:9274,E0,166.0,188.0,True,frame_0664.png
664,20847,0x1800,$04:FCC0,D0,247.031,104.0,True,frame_0664.png
666,20849,0x1000,$04:DF96,C8,21.5,157.0,True,frame_0666.png
666,20849,0x1080,$04:E6AF,C8,27.0,157.0,True,frame_0666.png
666,20849,0x10C0,$04:E6AF,C8,181.0,122.0,True,frame_0666.png
666,20849,0x1400,$04:FABA,C8,142.625,87.172,True,frame_0666.png
666,20849,0x16C0,$02:91DB,D8,149.0,184.0,True,frame_0666.png
666,20849,0x1700,$02:9274,E0,149.0,176.0,True,frame_0666.png
666,20849,0x1740,$02:91DB,D8,165.0,196.0,True,frame_0666.png
666,20849,0x1780,$02:9274,E0,165.0,188.0,True,frame_0666.png
666,20849,0x17C0,$02:B04A,88,272.0,104.0,False,frame_0666.png
666,20849,0x1800,$04:FCC0,D0,246.031,104.0,True,frame_0666.png
668,20851,0x1000,$04:DF96,C8,21.5,162.0,True,frame_0668.png
668,20851,0x1080,$04:E6AF,C8,49.0,157.0,True,frame_0668.png
668,20851,0x10C0,$04:E6AF,C8,203.0,122.0,True,frame_0668.png
668,20851,0x1400,$04:FABA,C8,141.875,87.195,True,frame_0668.png
668,20851,0x16C0,$02:91DB,D8,148.0,184.0,True,frame_0668.png
668,20851,0x1700,$02:9274,E0,148.0,176.0,True,frame_0668.png
668,20851,0x1740,$02:91DB,D8,164.0,196.0,True,frame_0668.png
668,20851,0x1780,$02:9274,E0,164.0,188.0,True,frame_0668.png
668,20851,0x17C0,$02:B04A,C8,268.406,104.0,False,frame_0668.png
668,20851,0x1800,$04:FCC0,D0,245.031,104.0,True,frame_0668.png
670,20853,0x1000,$04:DF96,C8,21.5,167.0,True,frame_0670.png
670,20853,0x1080,$04:E6AF,C8,71.0,157.0,True,frame_0670.png
670,20853,0x10C0,$04:E6AF,C8,225.0,122.0,True,frame_0670.png
670,20853,0x1400,$04:FABA,C8,141.125,87.25,True,frame_0670.png
670,20853,0x16C0,$02:91DB,D8,147.0,184.0,True,frame_0670.png
670,20853,0x1700,$02:9274,E0,147.0,176.0,True,frame_0670.png
670,20853,0x1740,$02:91DB,D8,163.0,196.0,True,frame_0670.png
670,20853,0x1780,$02:9274,E0,163.0,188.0,True,frame_0670.png
670,20853,0x17C0,$02:B04A,C8,264.812,104.0,False,frame_0670.png
670,20853,0x1800,$04:FCC0,D0,244.031,104.0,True,frame_0670.png
672,20855,0x1000,$04:DF96,C8,21.5,172.0,True,frame_0672.png
672,20855,0x1080,$04:E6AF,C8,93.0,157.0,True,frame_0672.png
672,20855,0x10C0,$04:E6AF,C8,247.0,122.0,True,frame_0672.png
672,20855,0x1400,$04:FABA,C8,140.375,87.336,True,frame_0672.png
672,20855,0x16C0,$02:91DB,D8,146.0,184.0,True,frame_0672.png
672,20855,0x1700,$02:9274,E0,146.0,176.0,True,frame_0672.png
672,20855,0x1740,$02:91DB,D8,162.0,196.0,True,frame_0672.png
672,20855,0x1780,$02:9274,E0,162.0,188.0,True,frame_0672.png
672,20855,0x17C0,$02:B04A,C8,261.219,104.0,False,frame_0672.png
672,20855,0x1800,$04:FCC0,D0,243.031,104.0,True,frame_0672.png
674,20857,0x1000,$04:DF96,C8,21.5,177.0,True,frame_0674.png
674,20857,0x1080,$04:E6AF,C8,115.0,157.0,True,frame_0674.png
674,20857,0x1400,$04:FABA,C8,139.625,87.453,True,frame_0674.png
674,20857,0x16C0,$02:91DB,D8,145.0,184.0,True,frame_0674.png
674,20857,0x1700,$02:9274,E0,145.0,176.0,True,frame_0674.png
674,20857,0x1740,$02:91DB,D8,161.0,196.0,True,frame_0674.png
674,20857,0x1780,$02:9274,E0,161.0,188.0,True,frame_0674.png
674,20857,0x17C0,$02:B04A,C8,257.625,104.0,False,frame_0674.png
674,20857,0x1800,$04:FCC0,D0,242.031,104.0,True,frame_0674.png
676,20859,0x1000,$04:DF96,C8,21.5,182.0,True,frame_0676.png
676,20859,0x1080,$04:E6AF,C8,137.0,157.0,True,frame_0676.png
676,20859,0x10C0,$04:E6AF,C8,27.0,182.0,True,frame_0676.png
676,20859,0x1400,$04:FABA,C8,138.875,87.602,True,frame_0676.png
676,20859,0x16C0,$02:91DB,D8,144.0,184.0,True,frame_0676.png
676,20859,0x1700,$02:9274,E0,144.0,176.0,True,frame_0676.png
676,20859,0x1740,$02:91DB,D8,160.0,196.0,True,frame_0676.png
676,20859,0x1780,$02:9274,E0,160.0,188.0,True,frame_0676.png
676,20859,0x17C0,$02:B04A,C8,254.031,104.0,True,frame_0676.png
678,20861,0x1000,$04:DF96,C8,21.5,187.0,True,frame_0678.png
678,20861,0x1080,$04:E6AF,C8,159.0,157.0,True,frame_0678.png
678,20861,0x10C0,$04:E6AF,C8,49.0,182.0,True,frame_0678.png
678,20861,0x1400,$04:FABA,C8,138.125,87.781,True,frame_0678.png
678,20861,0x16C0,$02:91DB,D8,143.0,184.0,True,frame_0678.png
678,20861,0x1700,$02:9274,E0,143.0,176.0,True,frame_0678.png
678,20861,0x1740,$02:91DB,D8,159.0,196.0,True,frame_0678.png
678,20861,0x1780,$02:9274,E0,159.0,188.0,True,frame_0678.png
678,20861,0x17C0,$02:B04A,C8,250.438,104.0,True,frame_0678.png
680,20863,0x1000,$04:DF96,C8,21.5,182.0,True,frame_0680.png
680,20863,0x1080,$04:E6AF,C8,181.0,157.0,True,frame_0680.png
680,20863,0x10C0,$04:E6AF,C8,71.0,182.0,True,frame_0680.png
680,20863,0x1400,$04:FABA,C8,137.375,87.992,True,frame_0680.png
680,20863,0x16C0,$02:91DB,D8,142.0,184.0,True,frame_0680.png
680,20863,0x1700,$02:9274,E0,142.0,176.0,True,frame_0680.png
680,20863,0x1740,$02:91DB,D8,158.0,196.0,True,frame_0680.png
680,20863,0x1780,$02:9274,E0,158.0,188.0,True,frame_0680.png
680,20863,0x17C0,$02:B04A,C8,246.844,104.0,True,frame_0680.png
682,20865,0x1000,$04:DF96,C8,21.5,177.0,True,frame_0682.png
682,20865,0x1080,$04:E6AF,C8,203.0,157.0,True,frame_0682.png
682,20865,0x10C0,$04:E6AF,C8,93.0,182.0,True,frame_0682.png
682,20865,0x1400,$04:FABA,C8,136.625,88.234,True,frame_0682.png
682,20865,0x16C0,$02:91DB,D8,141.0,184.0,True,frame_0682.png
682,20865,0x1700,$02:9274,E0,141.0,176.0,True,frame_0682.png
682,20865,0x1740,$02:91DB,D8,157.0,196.0,True,frame_0682.png
682,20865,0x1780,$02:9274,E0,157.0,188.0,True,frame_0682.png
682,20865,0x17C0,$02:B04A,C8,243.25,104.0,True,frame_0682.png
684,20867,0x1000,$04:DF96,C8,21.5,172.0,True,frame_0684.png
684,20867,0x1080,$04:E6AF,C8,225.0,157.0,True,frame_0684.png
684,20867,0x10C0,$04:E6AF,C8,115.0,182.0,True,frame_0684.png
684,20867,0x1400,$04:FABA,C8,135.875,88.508,True,frame_0684.png
684,20867,0x16C0,$02:91DB,D8,140.0,184.0,True,frame_0684.png
684,20867,0x1700,$02:9274,E0,140.0,176.0,True,frame_0684.png
684,20867,0x1740,$02:91DB,D8,156.0,196.0,True,frame_0684.png
684,20867,0x1780,$02:9274,E0,156.0,188.0,True,frame_0684.png
684,20867,0x17C0,$02:B04A,C8,239.656,104.0,True,frame_0684.png
686,20869,0x1000,$04:DF96,C8,21.5,167.0,True,frame_0686.png
686,20869,0x1080,$04:E6AF,C8,247.0,157.0,True,frame_0686.png
686,20869,0x10C0,$04:E6E1,C0,126.0,182.0,True,frame_0686.png
686,20869,0x1400,$04:FABA,C8,135.125,88.812,True,frame_0686.png
686,20869,0x16C0,$02:91DB,D8,139.0,184.0,True,frame_0686.png
686,20869,0x1700,$02:9274,E0,139.0,176.0,True,frame_0686.png
686,20869,0x1740,$02:91DB,D8,155.0,196.0,True,frame_0686.png
686,20869,0x1780,$02:9274,E0,155.0,188.0,True,frame_0686.png
686,20869,0x17C0,$02:B04A,C8,236.062,104.0,True,frame_0686.png
688,20871,0x1000,$04:DF96,C8,21.5,162.0,True,frame_0688.png
688,20871,0x1400,$04:FABA,C8,134.375,89.148,True,frame_0688.png
688,20871,0x16C0,$02:91DB,D8,138.0,184.0,True,frame_0688.png
688,20871,0x1700,$02:9274,E0,138.0,176.0,True,frame_0688.png
688,20871,0x1740,$02:91DB,D8,154.0,196.0,True,frame_0688.png
688,20871,0x1780,$02:9274,E0,154.0,188.0,True,frame_0688.png
688,20871,0x17C0,$02:B04A,C8,232.469,104.0,True,frame_0688.png
690,20873,0x1000,$04:DF96,C8,21.5,157.0,True,frame_0690.png
690,20873,0x1080,$04:E6AF,C8,27.0,157.0,True,frame_0690.png
690,20873,0x1400,$04:FABA,C8,133.625,89.516,True,frame_0690.png
690,20873,0x16C0,$02:91DB,D8,137.0,184.0,True,frame_0690.png
690,20873,0x1700,$02:9274,E0,137.0,176.0,True,frame_0690.png
690,20873,0x1740,$02:91DB,D8,153.0,196.0,True,frame_0690.png
690,20873,0x1780,$02:9274,E0,153.0,188.0,True,frame_0690.png
690,20873,0x17C0,$02:B04A,C8,228.875,104.0,True,frame_0690.png
690,20873,0x1800,$02:90F0,C8,272.0,184.0,False,frame_0690.png
690,20873,0x1840,$02:9274,E0,272.0,176.0,False,frame_0690.png
692,20875,0x1000,$04:DF96,C8,21.5,152.0,True,frame_0692.png
692,20875,0x1080,$04:E6AF,C8,49.0,157.0,True,frame_0692.png
692,20875,0x1400,$04:FABA,C8,132.875,89.914,True,frame_0692.png
692,20875,0x16C0,$02:91DB,D8,136.0,184.0,True,frame_0692.png
692,20875,0x1700,$02:9274,E0,136.0,176.0,True,frame_0692.png
692,20875,0x1740,$02:91DB,D8,152.0,196.0,True,frame_0692.png
692,20875,0x1780,$02:9274,E0,152.0,188.0,True,frame_0692.png
692,20875,0x17C0,$02:B04A,C8,225.281,104.0,True,frame_0692.png
692,20875,0x1800,$02:90F0,C8,270.0,184.0,False,frame_0692.png
692,20875,0x1840,$02:9274,E0,270.0,176.0,False,frame_0692.png
694,20877,0x1000,$04:DF96,C8,21.5,147.0,True,frame_0694.png
694,20877,0x1080,$04:E6AF,C8,71.0,157.0,True,frame_0694.png
694,20877,0x1400,$04:FABA,C8,132.125,90.344,True,frame_0694.png
694,20877,0x16C0,$02:9119,C8,135.0,184.0,True,frame_0694.png
694,20877,0x1700,$02:9274,E0,135.0,176.0,True,frame_0694.png
694,20877,0x1740,$02:91DB,D8,151.0,196.0,True,frame_0694.png
694,20877,0x1780,$02:9274,E0,151.0,188.0,True,frame_0694.png
694,20877,0x17C0,$02:B04A,C8,221.688,104.0,True,frame_0694.png
694,20877,0x1800,$02:90F0,C8,268.0,184.0,False,frame_0694.png
694,20877,0x1840,$02:9274,E0,268.0,176.0,False,frame_0694.png
694,20877,0x1AC0,$04:F97F,CC,109.0,179.0,True,frame_0694.png
696,20879,0x1000,$04:DF96,C8,21.5,142.0,True,frame_0696.png
696,20879,0x1080,$04:E6AF,C8,93.0,157.0,True,frame_0696.png
696,20879,0x1400,$04:FABA,C8,131.375,90.805,True,frame_0696.png
696,20879,0x16C0,$02:9119,C8,135.625,184.0,True,frame_0696.png
696,20879,0x1700,$02:9274,E0,135.0,176.0,True,frame_0696.png
696,20879,0x1740,$02:91DB,D8,150.0,196.0,True,frame_0696.png
696,20879,0x1780,$02:9274,E0,150.0,188.0,True,frame_0696.png
696,20879,0x17C0,$02:B04A,C8,218.094,104.0,True,frame_0696.png
696,20879,0x1800,$02:90F0,C8,266.0,184.0,False,frame_0696.png
696,20879,0x1840,$02:9274,E0,266.0,176.0,False,frame_0696.png
696,20879,0x1AC0,$04:F97F,CC,105.75,179.0,True,frame_0696.png
698,20881,0x1000,$04:DF96,C8,21.5,137.0,True,frame_0698.png
698,20881,0x1080,$04:E6AF,C8,115.0,157.0,True,frame_0698.png
698,20881,0x1400,$04:FABA,C8,130.625,91.297,True,frame_0698.png
698,20881,0x16C0,$02:9119,C8,136.25,184.0,True,frame_0698.png
698,20881,0x1700,$02:9274,E0,136.0,176.0,True,frame_0698.png
698,20881,0x1740,$02:91DB,D8,149.0,196.0,True,frame_0698.png
698,20881,0x1780,$02:9274,E0,149.0,188.0,True,frame_0698.png
698,20881,0x17C0,$02:B04A,C8,214.5,104.0,True,frame_0698.png
698,20881,0x1800,$02:90F0,C8,264.0,184.0,False,frame_0698.png
698,20881,0x1840,$02:9274,E0,264.0,176.0,False,frame_0698.png
698,20881,0x1AC0,$04:F97F,CC,102.5,179.0,True,frame_0698.png
700,20883,0x1000,$04:DF96,C8,21.5,132.0,True,frame_0700.png
700,20883,0x1080,$04:E6AF,C8,137.0,157.0,True,frame_0700.png
700,20883,0x10C0,$04:E6AF,C8,27.0,132.0,True,frame_0700.png
700,20883,0x1400,$04:FABA,C8,129.875,91.82,True,frame_0700.png
700,20883,0x16C0,$02:9119,C8,136.875,184.0,True,frame_0700.png
700,20883,0x1700,$02:9274,E0,136.0,176.0,True,frame_0700.png
700,20883,0x1740,$02:91DB,D8,148.0,196.0,True,frame_0700.png
700,20883,0x1780,$02:9274,E0,148.0,188.0,True,frame_0700.png
700,20883,0x17C0,$02:B04A,C8,210.906,104.0,True,frame_0700.png
700,20883,0x1800,$02:90F0,C8,262.0,184.0,False,frame_0700.png
700,20883,0x1840,$02:9274,E0,262.0,176.0,False,frame_0700.png
700,20883,0x1AC0,$04:F97F,CC,99.25,179.0,True,frame_0700.png
702,20885,0x1000,$04:DF96,C8,21.5,127.0,True,frame_0702.png
702,20885,0x1080,$04:E6AF,C8,159.0,157.0,True,frame_0702.png
702,20885,0x10C0,$04:E6AF,C8,49.0,132.0,True,frame_0702.png
702,20885,0x1400,$04:FABA,C8,129.125,92.375,True,frame_0702.png
702,20885,0x16C0,$02:9119,C8,137.5,184.0,True,frame_0702.png
702,20885,0x1700,$02:9274,E0,137.0,176.0,True,frame_0702.png
702,20885,0x1740,$02:91DB,D8,147.0,196.0,True,frame_0702.png
702,20885,0x1780,$02:9274,E0,147.0,188.0,True,frame_0702.png
702,20885,0x17C0,$02:B04A,C8,207.312,104.0,True,frame_0702.png
702,20885,0x1800,$02:90F0,C8,260.0,184.0,False,frame_0702.png
702,20885,0x1840,$02:9274,E0,260.0,176.0,False,frame_0702.png
702,20885,0x1AC0,$04:F97F,CC,96.0,179.0,True,frame_0702.png
704,20887,0x1000,$04:DF96,C8,21.5,122.0,True,frame_0704.png
704,20887,0x1080,$04:E6AF,C8,181.0,157.0,True,frame_0704.png
704,20887,0x10C0,$04:E6AF,C8,71.0,132.0,True,frame_0704.png
704,20887,0x1400,$04:FABA,C8,128.375,92.961,True,frame_0704.png
704,20887,0x16C0,$02:9119,C8,138.125,184.0,True,frame_0704.png
704,20887,0x1700,$02:9274,E0,138.0,176.0,True,frame_0704.png
704,20887,0x1740,$02:91DB,D8,146.0,196.0,True,frame_0704.png
704,20887,0x1780,$02:9274,E0,146.0,188.0,True,frame_0704.png
704,20887,0x17C0,$02:B04A,C8,203.719,104.0,True,frame_0704.png
704,20887,0x1800,$02:90F0,C8,258.0,184.0,False,frame_0704.png
704,20887,0x1840,$02:9274,E0,258.0,176.0,False,frame_0704.png
704,20887,0x1AC0,$04:F97F,CC,92.75,179.0,True,frame_0704.png
706,20889,0x1000,$04:DF96,C8,21.5,117.0,True,frame_0706.png
706,20889,0x1080,$04:E6AF,C8,203.0,157.0,True,frame_0706.png
706,20889,0x10C0,$04:E6AF,C8,93.0,132.0,True,frame_0706.png
706,20889,0x1400,$04:FABA,C8,127.625,93.578,True,frame_0706.png
706,20889,0x16C0,$02:9119,C8,138.75,184.0,True,frame_0706.png
706,20889,0x1700,$02:9274,E0,138.0,176.0,True,frame_0706.png
706,20889,0x1740,$02:91DB,D8,145.0,196.0,True,frame_0706.png
706,20889,0x1780,$02:9274,E0,145.0,188.0,True,frame_0706.png
706,20889,0x17C0,$02:B04A,C8,200.125,104.0,True,frame_0706.png
706,20889,0x1800,$02:90F0,C8,256.0,184.0,False,frame_0706.png
706,20889,0x1840,$02:9274,E0,256.0,176.0,False,frame_0706.png
706,20889,0x1880,$02:90F0,C8,272.0,196.0,False,frame_0706.png
706,20889,0x18C0,$02:9274,E0,272.0,188.0,False,frame_0706.png
706,20889,0x1AC0,$04:F97F,CC,89.5,179.0,True,frame_0706.png
708,20891,0x1000,$04:DF96,C8,21.5,112.0,True,frame_0708.png
708,20891,0x1080,$04:E6AF,C8,225.0,157.0,True,frame_0708.png
708,20891,0x10C0,$04:E6AF,C8,115.0,132.0,True,frame_0708.png
708,20891,0x1400,$04:FABA,C8,126.875,94.227,True,frame_0708.png
708,20891,0x16C0,$02:9119,C8,139.375,184.0,True,frame_0708.png
708,20891,0x1700,$02:9274,E0,139.0,176.0,True,frame_0708.png
708,20891,0x1740,$02:91DB,D8,144.0,196.0,True,frame_0708.png
708,20891,0x1780,$02:9274,E0,144.0,188.0,True,frame_0708.png
708,20891,0x17C0,$02:B04A,C8,196.531,104.0,True,frame_0708.png
708,20891,0x1800,$02:90F0,C8,254.0,184.0,True,frame_0708.png
708,20891,0x1840,$02:9274,E0,254.0,176.0,True,frame_0708.png
708,20891,0x1880,$02:90F0,C8,270.0,196.0,False,frame_0708.png
708,20891,0x18C0,$02:9274,E0,270.0,188.0,False,frame_0708.png
708,20891,0x1AC0,$04:F97F,CC,86.25,179.0,True,frame_0708.png
710,20893,0x1000,$04:DF96,C8,16.5,112.0,True,frame_0710.png
710,20893,0x1080,$04:E6AF,C8,247.0,157.0,True,frame_0710.png
710,20893,0x10C0,$04:E6AF,C8,137.0,132.0,True,frame_0710.png
710,20893,0x1400,$04:FABA,C8,126.125,94.906,True,frame_0710.png
710,20893,0x16C0,$02:9119,C8,140.0,184.0,True,frame_0710.png
710,20893,0x1700,$02:9274,E0,140.0,176.0,True,frame_0710.png
710,20893,0x1740,$02:91DB,D8,143.0,196.0,True,frame_0710.png
710,20893,0x1780,$02:9274,E0,143.0,188.0,True,frame_0710.png
710,20893,0x17C0,$02:B04A,C8,192.938,104.0,True,frame_0710.png
710,20893,0x1800,$02:90F0,C8,252.0,184.0,True,frame_0710.png
710,20893,0x1840,$02:9274,E0,252.0,176.0,True,frame_0710.png
710,20893,0x1880,$02:90F0,C8,268.0,196.0,False,frame_0710.png
710,20893,0x18C0,$02:9274,E0,268.0,188.0,False,frame_0710.png
710,20893,0x1AC0,$04:F97F,CC,83.0,179.0,True,frame_0710.png
712,20895,0x1000,$04:DF96,C8,16.5,112.0,True,frame_0712.png
712,20895,0x10C0,$04:E6AF,C8,159.0,132.0,True,frame_0712.png
712,20895,0x1400,$04:FABA,C8,125.375,95.617,True,frame_0712.png
712,20895,0x16C0,$02:9119,C8,140.625,184.0,True,frame_0712.png
712,20895,0x1700,$02:9274,E0,140.0,176.0,True,frame_0712.png
712,20895,0x1740,$02:91DB,D8,142.0,196.0,True,frame_0712.png
712,20895,0x1780,$02:9274,E0,142.0,188.0,True,frame_0712.png
712,20895,0x17C0,$02:B04A,C8,189.344,104.0,True,frame_0712.png
712,20895,0x1800,$02:90F0,C8,250.0,184.0,True,frame_0712.png
712,20895,0x1840,$02:9274,E0,250.0,176.0,True,frame_0712.png
712,20895,0x1880,$02:90F0,C8,266.0,196.0,False,frame_0712.png
712,20895,0x18C0,$02:9274,E0,266.0,188.0,False,frame_0712.png
712,20895,0x1AC0,$04:F97F,CC,79.75,179.0,True,frame_0712.png
714,20897,0x1000,$04:DF96,C8,16.5,112.0,True,frame_0714.png
714,20897,0x1080,$04:E6AF,C8,22.0,112.0,True,frame_0714.png
714,20897,0x10C0,$04:E6AF,C8,181.0,132.0,True,frame_0714.png
714,20897,0x1400,$04:FABA,C8,124.625,96.359,True,frame_0714.png
714,20897,0x16C0,$02:9119,C8,141.25,184.0,True,frame_0714.png
714,20897,0x1700,$02:9274,E0,141.0,176.0,True,frame_0714.png
714,20897,0x1740,$02:91DB,D8,141.0,196.0,True,frame_0714.png
714,20897,0x1780,$02:9274,E0,141.0,188.0,True,frame_0714.png
714,20897,0x17C0,$02:B04A,C8,185.75,104.0,True,frame_0714.png
714,20897,0x1800,$02:90F0,C8,248.0,184.0,True,frame_0714.png
714,20897,0x1840,$02:9274,E0,248.0,176.0,True,frame_0714.png
714,20897,0x1880,$02:90F0,C8,264.0,196.0,False,frame_0714.png
714,20897,0x18C0,$02:9274,E0,264.0,188.0,False,frame_0714.png
714,20897,0x1AC0,$04:F97F,CC,76.5,179.0,True,frame_0714.png
716,20899,0x1000,$04:DF96,C8,16.5,112.0,True,frame_0716.png
716,20899,0x1080,$04:E6AF,C8,44.0,112.0,True,frame_0716.png
716,20899,0x10C0,$04:E6AF,C8,203.0,132.0,True,frame_0716.png
716,20899,0x1400,$04:FABA,C8,123.875,97.133,True,frame_0716.png
716,20899,0x16C0,$02:9119,C8,141.875,184.0,True,frame_0716.png
716,20899,0x1700,$02:9274,E0,141.0,176.0,True,frame_0716.png
716,20899,0x1740,$02:91DB,D8,140.0,196.0,True,frame_0716.png
716,20899,0x1780,$02:9274,E0,140.0,188.0,True,frame_0716.png
716,20899,0x17C0,$02:B04A,C8,182.156,104.0,True,frame_0716.png
716,20899,0x1800,$02:90F0,C8,246.0,184.0,True,frame_0716.png
716,20899,0x1840,$02:9274,E0,246.0,176.0,True,frame_0716.png
716,20899,0x1880,$02:90F0,C8,262.0,196.0,False,frame_0716.png
716,20899,0x18C0,$02:9274,E0,262.0,188.0,False,frame_0716.png
716,20899,0x1AC0,$04:F97F,CC,73.25,179.0,True,frame_0716.png
718,20901,0x1000,$04:DF96,C8,16.5,112.0,True,frame_0718.png
718,20901,0x1080,$04:E6AF,C8,66.0,112.0,True,frame_0718.png
718,20901,0x10C0,$04:E6AF,C8,225.0,132.0,True,frame_0718.png
718,20901,0x1400,$04:FABA,C8,123.125,97.938,True,frame_0718.png
718,20901,0x16C0,$02:9119,C8,142.5,184.0,True,frame_0718.png
718,20901,0x1700,$02:9274,E0,142.0,176.0,True,frame_0718.png
718,20901,0x1740,$02:91DB,D8,139.0,196.0,True,frame_0718.png
718,20901,0x1780,$02:9274,E0,139.0,188.0,True,frame_0718.png
718,20901,0x17C0,$02:B04A,C8,178.562,104.0,True,frame_0718.png
718,20901,0x1800,$02:90F0,C8,244.0,184.0,True,frame_0718.png
718,20901,0x1840,$02:9274,E0,244.0,176.0,True,frame_0718.png
718,20901,0x1880,$02:90F0,C8,260.0,196.0,False,frame_0718.png
718,20901,0x18C0,$02:9274,E0,260.0,188.0,False,frame_0718.png
718,20901,0x1AC0,$04:F97F,CC,70.0,179.0,True,frame_0718.png
720,20903,0x1000,$04:DF96,C8,16.5,112.0,True,frame_0720.png
720,20903,0x1080,$04:E6AF,C8,88.0,112.0,True,frame_0720.png
720,20903,0x10C0,$04:E6AF,C8,247.0,132.0,True,frame_0720.png
720,20903,0x1400,$04:FABA,C8,122.375,98.773,True,frame_0720.png
720,20903,0x16C0,$02:9119,C8,143.125,184.0,True,frame_0720.png
720,20903,0x1700,$02:9274,E0,143.0,176.0,True,frame_0720.png
720,20903,0x1740,$02:91DB,D8,138.0,196.0,True,frame_0720.png
720,20903,0x1780,$02:9274,E0,138.0,188.0,True,frame_0720.png
720,20903,0x17C0,$02:B04A,C8,174.969,104.0,True,frame_0720.png
720,20903,0x1800,$02:90F0,C8,242.0,184.0,True,frame_0720.png
720,20903,0x1840,$02:9274,E0,242.0,176.0,True,frame_0720.png
720,20903,0x1880,$02:90F0,C8,258.0,196.0,False,frame_0720.png
720,20903,0x18C0,$02:9274,E0,258.0,188.0,False,frame_0720.png
720,20903,0x1AC0,$04:F97F,CC,66.75,179.0,True,frame_0720.png
722,20905,0x1000,$04:DF96,C8,16.5,112.0,True,frame_0722.png
722,20905,0x1080,$04:E6AF,C8,110.0,112.0,True,frame_0722.png
722,20905,0x1400,$04:FABA,C8,121.625,99.641,True,frame_0722.png
722,20905,0x16C0,$02:9119,C8,143.75,184.0,True,frame_0722.png
722,20905,0x1700,$02:9274,E0,143.0,176.0,True,frame_0722.png
722,20905,0x1740,$02:91DB,D8,137.0,196.0,True,frame_0722.png
722,20905,0x1780,$02:9274,E0,137.0,188.0,True,frame_0722.png
722,20905,0x17C0,$02:B04A,C8,171.375,104.0,True,frame_0722.png
722,20905,0x1800,$02:90F0,C8,240.0,184.0,True,frame_0722.png
722,20905,0x1840,$02:9274,E0,240.0,176.0,True,frame_0722.png
722,20905,0x1880,$02:90F0,C8,256.0,196.0,False,frame_0722.png
722,20905,0x18C0,$02:9274,E0,256.0,188.0,False,frame_0722.png
722,20905,0x1AC0,$04:F97F,CC,63.5,179.0,True,frame_0722.png
724,20907,0x1000,$04:DF96,C8,16.5,112.0,True,frame_0724.png
724,20907,0x1080,$04:E6AF,C8,132.0,112.0,True,frame_0724.png
724,20907,0x10C0,$04:E6AF,C8,22.0,112.0,True,frame_0724.png
724,20907,0x1400,$04:FABA,C8,120.875,100.539,True,frame_0724.png
724,20907,0x16C0,$02:9119,C8,144.375,184.0,True,frame_0724.png
724,20907,0x1700,$02:9274,E0,144.0,176.0,True,frame_0724.png
724,20907,0x1740,$02:91DB,D8,136.0,196.0,True,frame_0724.png
724,20907,0x1780,$02:9274,E0,136.0,188.0,True,frame_0724.png
724,20907,0x17C0,$02:B04A,C8,167.781,104.0,True,frame_0724.png
724,20907,0x1800,$02:90F0,C8,238.0,184.0,True,frame_0724.png
724,20907,0x1840,$02:9274,E0,238.0,176.0,True,frame_0724.png
724,20907,0x1880,$02:90F0,C8,254.0,196.0,True,frame_0724.png
724,20907,0x18C0,$02:9274,E0,254.0,188.0,True,frame_0724.png
724,20907,0x1AC0,$04:F97F,CC,60.25,179.0,True,frame_0724.png
726,20909,0x1000,$04:DF96,C8,16.5,112.0,True,frame_0726.png
726,20909,0x1080,$04:E6AF,C8,154.0,112.0,True,frame_0726.png
726,20909,0x10C0,$04:E6AF,C8,44.0,112.0,True,frame_0726.png
726,20909,0x1400,$04:FABA,C8,120.062,101.469,True,frame_0726.png
726,20909,0x16C0,$02:9119,C8,145.0,184.0,True,frame_0726.png
726,20909,0x1700,$02:9274,E0,145.0,176.0,True,frame_0726.png
726,20909,0x1740,$02:9119,C8,135.0,196.0,True,frame_0726.png
726,20909,0x1780,$02:9274,E0,135.0,188.0,True,frame_0726.png
726,20909,0x17C0,$02:B04A,C8,164.188,104.0,True,frame_0726.png
726,20909,0x1800,$02:90F0,C8,236.0,184.0,True,frame_0726.png
726,20909,0x1840,$02:9274,E0,236.0,176.0,True,frame_0726.png
726,20909,0x1880,$02:90F0,C8,252.0,196.0,True,frame_0726.png
726,20909,0x18C0,$02:9274,E0,252.0,188.0,True,frame_0726.png
726,20909,0x1AC0,$04:F97F,CC,57.0,179.0,True,frame_0726.png
728,20911,0x1000,$04:DF96,C8,16.5,112.0,True,frame_0728.png
728,20911,0x10C0,$04:E6AF,C8,66.0,112.0,True,frame_0728.png
728,20911,0x1400,$04:FABA,C8,119.188,102.383,True,frame_0728.png
728,20911,0x16C0,$02:9119,C8,145.625,184.0,True,frame_0728.png
728,20911,0x1700,$02:9274,E0,145.0,176.0,True,frame_0728.png
728,20911,0x1740,$02:9119,C8,135.625,196.0,True,frame_0728.png
728,20911,0x1780,$02:9274,E0,135.0,188.0,True,frame_0728.png
728,20911,0x17C0,$04:FCC0,D0,164.188,104.0,True,frame_0728.png
728,20911,0x1800,$02:90F0,C8,234.0,184.0,True,frame_0728.png
728,20911,0x1840,$02:9274,E0,234.0,176.0,True,frame_0728.png
728,20911,0x1880,$02:90F0,C8,250.0,196.0,True,frame_0728.png
728,20911,0x18C0,$02:9274,E0,250.0,188.0,True,frame_0728.png
728,20911,0x1AC0,$04:F97F,CC,53.75,179.0,True,frame_0728.png
730,20913,0x1000,$04:DF96,C8,16.5,112.0,True,frame_0730.png
730,20913,0x10C0,$04:E6AF,C8,88.0,112.0,True,frame_0730.png
730,20913,0x1400,$04:FABA,C8,118.312,103.266,True,frame_0730.png
730,20913,0x16C0,$02:9119,C8,146.25,184.0,True,frame_0730.png
730,20913,0x1700,$02:9274,E0,146.0,176.0,True,frame_0730.png
730,20913,0x1740,$02:9119,C8,136.25,196.0,True,frame_0730.png
730,20913,0x1780,$02:9274,E0,136.0,188.0,True,frame_0730.png
730,20913,0x17C0,$04:FCC0,D0,163.188,104.0,True,frame_0730.png
730,20913,0x1800,$02:90F0,C8,232.0,184.0,True,frame_0730.png
730,20913,0x1840,$02:9274,E0,232.0,176.0,True,frame_0730.png
730,20913,0x1880,$02:90F0,C8,248.0,196.0,True,frame_0730.png
730,20913,0x18C0,$02:9274,E0,248.0,188.0,True,frame_0730.png
730,20913,0x1AC0,$04:F97F,CC,50.5,179.0,True,frame_0730.png
732,20915,0x1000,$04:DF96,C8,16.5,112.0,True,frame_0732.png
732,20915,0x10C0,$04:E6AF,C8,110.0,112.0,True,frame_0732.png
732,20915,0x1400,$04:FABA,C8,117.438,104.117,True,frame_0732.png
732,20915,0x16C0,$02:9119,C8,146.875,184.0,True,frame_0732.png
732,20915,0x1700,$02:9274,E0,146.0,176.0,True,frame_0732.png
732,20915,0x1740,$02:9119,C8,136.875,196.0,True,frame_0732.png
732,20915,0x1780,$02:9274,E0,136.0,188.0,True,frame_0732.png
732,20915,0x17C0,$04:FCC0,D0,162.188,104.0,True,frame_0732.png
732,20915,0x1800,$02:90F0,C8,230.0,184.0,True,frame_0732.png
732,20915,0x1840,$02:9274,E0,230.0,176.0,True,frame_0732.png
732,20915,0x1880,$02:90F0,C8,246.0,196.0,True,frame_0732.png
732,20915,0x18C0,$02:9274,E0,246.0,188.0,True,frame_0732.png
732,20915,0x1AC0,$04:F97F,CC,47.25,179.0,True,frame_0732.png
734,20917,0x1000,$04:DF96,C8,16.5,112.0,True,frame_0734.png
734,20917,0x10C0,$04:E6AF,C8,132.0,112.0,True,frame_0734.png
734,20917,0x1400,$04:FABA,C8,116.562,104.938,True,frame_0734.png
734,20917,0x16C0,$02:9119,C8,147.5,184.0,True,frame_0734.png
734,20917,0x1700,$02:9274,E0,147.0,176.0,True,frame_0734.png
734,20917,0x1740,$02:9119,C8,137.5,196.0,True,frame_0734.png
734,20917,0x1780,$02:9274,E0,137.0,188.0,True,frame_0734.png
734,20917,0x17C0,$04:FCC0,D0,161.188,104.0,True,frame_0734.png
734,20917,0x1800,$02:90F0,C8,228.0,184.0,True,frame_0734.png
734,20917,0x1840,$02:9274,E0,228.0,176.0,True,frame_0734.png
734,20917,0x1880,$02:90F0,C8,244.0,196.0,True,frame_0734.png
734,20917,0x18C0,$02:9274,E0,244.0,188.0,True,frame_0734.png
734,20917,0x1AC0,$04:F97F,CC,44.0,179.0,True,frame_0734.png
736,20919,0x1000,$04:DF96,C8,16.5,112.0,True,frame_0736.png
736,20919,0x10C0,$04:E6AF,C8,154.0,112.0,True,frame_0736.png
736,20919,0x1400,$04:FABA,C8,115.688,105.727,True,frame_0736.png
736,20919,0x16C0,$02:9119,C8,148.125,184.0,True,frame_0736.png
736,20919,0x1700,$02:9274,E0,148.0,176.0,True,frame_0736.png
736,20919,0x1740,$02:9119,C8,138.125,196.0,True,frame_0736.png
736,20919,0x1780,$02:9274,E0,138.0,188.0,True,frame_0736.png
736,20919,0x17C0,$04:FCC0,D0,160.188,104.0,True,frame_0736.png
736,20919,0x1800,$02:90F0,C8,226.0,184.0,True,frame_0736.png
736,20919,0x1840,$02:9274,E0,226.0,176.0,True,frame_0736.png
736,20919,0x1880,$02:90F0,C8,242.0,196.0,True,frame_0736.png
736,20919,0x18C0,$02:9274,E0,242.0,188.0,True,frame_0736.png
736,20919,0x1AC0,$04:F97F,CC,40.75,179.0,True,frame_0736.png
738,20921,0x1000,$04:DF96,C8,16.5,112.0,True,frame_0738.png
738,20921,0x1080,$04:E6AF,C8,22.0,112.0,True,frame_0738.png
738,20921,0x10C0,$04:E6AF,C8,176.0,112.0,True,frame_0738.png
738,20921,0x1400,$04:FABA,C8,114.812,106.484,True,frame_0738.png
738,20921,0x16C0,$02:9119,C8,148.75,184.0,True,frame_0738.png
738,20921,0x1700,$02:9274,E0,148.0,176.0,True,frame_0738.png
738,20921,0x1740,$02:9119,C8,138.75,196.0,True,frame_0738.png
738,20921,0x1780,$02:9274,E0,138.0,188.0,True,frame_0738.png
738,20921,0x17C0,$04:FCC0,D0,159.188,104.0,True,frame_0738.png
738,20921,0x1800,$02:90F0,C8,224.0,184.0,True,frame_0738.png
738,20921,0x1840,$02:9274,E0,224.0,176.0,True,frame_0738.png
738,20921,0x1880,$02:90F0,C8,240.0,196.0,True,frame_0738.png
738,20921,0x18C0,$02:9274,E0,240.0,188.0,True,frame_0738.png
738,20921,0x1900,$02:9131,C8,-16.0,184.0,False,frame_0738.png
738,20921,0x1940,$02:9274,E0,-16.0,176.0,False,frame_0738.png
738,20921,0x1AC0,$04:F97F,CC,37.5,179.0,True,frame_0738.png
740,20923,0x1000,$04:DF96,C8,16.5,107.0,True,frame_0740.png
740,20923,0x1080,$04:E6AF,C8,44.0,112.0,True,frame_0740.png
740,20923,0x10C0,$04:E6AF,C8,198.0,112.0,True,frame_0740.png
740,20923,0x1400,$04:FABA,C8,113.938,107.211,True,frame_0740.png
740,20923,0x16C0,$02:9119,C8,149.375,184.0,True,frame_0740.png
740,20923,0x1700,$02:9274,E0,149.0,176.0,True,frame_0740.png
740,20923,0x1740,$02:9119,C8,139.375,196.0,True,frame_0740.png
740,20923,0x1780,$02:9274,E0,139.0,188.0,True,frame_0740.png
740,20923,0x17C0,$04:FCC0,D0,158.188,104.0,True,frame_0740.png
740,20923,0x1800,$02:90F0,C8,222.0,184.0,True,frame_0740.png
740,20923,0x1840,$02:9274,E0,222.0,176.0,True,frame_0740.png
740,20923,0x1880,$02:90F0,C8,238.0,196.0,True,frame_0740.png
740,20923,0x18C0,$02:9274,E0,238.0,188.0,True,frame_0740.png
740,20923,0x1900,$02:9131,C8,-15.375,184.0,False,frame_0740.png
740,20923,0x1940,$02:9274,E0,-16.0,176.0,False,frame_0740.png
740,20923,0x1AC0,$04:F97F,CC,34.25,179.0,True,frame_0740.png
742,20925,0x1000,$04:DF96,C8,16.5,102.0,True,frame_0742.png
742,20925,0x1080,$04:E6AF,C8,66.0,112.0,True,frame_0742.png
742,20925,0x10C0,$04:E6AF,C8,220.0,112.0,True,frame_0742.png
742,20925,0x1400,$04:FABA,C8,113.062,107.906,True,frame_0742.png
742,20925,0x16C0,$02:9119,C8,150.0,184.0,True,frame_0742.png
742,20925,0x1700,$02:9274,E0,150.0,176.0,True,frame_0742.png
742,20925,0x1740,$02:9119,C8,140.0,196.0,True,frame_0742.png
742,20925,0x1780,$02:9274,E0,140.0,188.0,True,frame_0742.png
742,20925,0x17C0,$04:FCC0,D0,157.188,104.0,True,frame_0742.png
742,20925,0x1800,$02:90F0,C8,220.0,184.0,True,frame_0742.png
742,20925,0x1840,$02:9274,E0,220.0,176.0,True,frame_0742.png
742,20925,0x1880,$02:90F0,C8,236.0,196.0,True,frame_0742.png
742,20925,0x18C0,$02:9274,E0,236.0,188.0,True,frame_0742.png
742,20925,0x1900,$02:9131,C8,-14.75,184.0,False,frame_0742.png
742,20925,0x1940,$02:9274,E0,-15.0,176.0,False,frame_0742.png
742,20925,0x1AC0,$04:F97F,CC,31.0,179.0,True,frame_0742.png
742,20925,0x1B00,$04:F97F,CC,128.0,170.0,True,frame_0742.png
744,20927,0x1000,$04:DF96,C8,16.5,97.0,True,frame_0744.png
744,20927,0x1080,$04:E6AF,C8,88.0,112.0,True,frame_0744.png
744,20927,0x10C0,$04:E6AF,C8,242.0,112.0,True,frame_0744.png
744,20927,0x1400,$04:FABA,C8,112.188,108.57,True,frame_0744.png
744,20927,0x16C0,$02:9119,C8,150.625,184.0,True,frame_0744.png
744,20927,0x1700,$02:9274,E0,150.0,176.0,True,frame_0744.png
744,20927,0x1740,$02:9119,C8,140.625,196.0,True,frame_0744.png
744,20927,0x1780,$02:9274,E0,140.0,188.0,True,frame_0744.png
744,20927,0x17C0,$04:FCC0,D0,156.188,104.0,True,frame_0744.png
744,20927,0x1800,$02:90F0,C8,218.0,184.0,True,frame_0744.png
744,20927,0x1840,$02:9274,E0,218.0,176.0,True,frame_0744.png
744,20927,0x1880,$02:90F0,C8,234.0,196.0,True,frame_0744.png
744,20927,0x18C0,$02:9274,E0,234.0,188.0,True,frame_0744.png
744,20927,0x1900,$02:9131,C8,-14.125,184.0,False,frame_0744.png
744,20927,0x1940,$02:9274,E0,-15.0,176.0,False,frame_0744.png
744,20927,0x1AC0,$04:F97F,CC,27.75,179.0,True,frame_0744.png
744,20927,0x1B00,$04:F97F,CC,125.0,168.758,True,frame_0744.png
746,20929,0x1000,$04:DF96,C8,16.5,92.0,True,frame_0746.png
746,20929,0x1080,$04:E6AF,C8,110.0,112.0,True,frame_0746.png
746,20929,0x1400,$04:FABA,C8,111.312,109.203,True,frame_0746.png
746,20929,0x16C0,$02:9119,C8,151.25,184.0,True,frame_0746.png
746,20929,0x1700,$02:9274,E0,151.0,176.0,True,frame_0746.png
746,20929,0x1740,$02:9119,C8,141.25,196.0,True,frame_0746.png
746,20929,0x1780,$02:9274,E0,141.0,188.0,True,frame_0746.png
746,20929,0x17C0,$04:FCC0,D0,155.188,104.0,True,frame_0746.png
746,20929,0x1800,$02:90F0,C8,216.0,184.0,True,frame_0746.png
746,20929,0x1840,$02:9274,E0,216.0,176.0,True,frame_0746.png
746,20929,0x1880,$02:90F0,C8,232.0,196.0,True,frame_0746.png
746,20929,0x18C0,$02:9274,E0,232.0,188.0,True,frame_0746.png
746,20929,0x1900,$02:9131,C8,-13.5,184.0,False,frame_0746.png
746,20929,0x1940,$02:9274,E0,-14.0,176.0,False,frame_0746.png
746,20929,0x1AC0,$04:F97F,CC,24.5,179.0,True,frame_0746.png
746,20929,0x1B00,$04:F97F,CC,122.0,167.516,True,frame_0746.png
748,20931,0x1000,$04:DF96,C8,16.5,87.0,True,frame_0748.png
748,20931,0x1080,$04:E6AF,C8,132.0,112.0,True,frame_0748.png
748,20931,0x10C0,$04:E6AF,C8,22.0,87.0,True,frame_0748.png
748,20931,0x1400,$04:FABA,C8,110.438,109.805,True,frame_0748.png
748,20931,0x16C0,$02:9119,C8,151.875,184.0,True,frame_0748.png
748,20931,0x1700,$02:9274,E0,151.0,176.0,True,frame_0748.png
748,20931,0x1740,$02:9119,C8,141.875,196.0,True,frame_0748.png
748,20931,0x1780,$02:9274,E0,141.0,188.0,True,frame_0748.png
748,20931,0x17C0,$04:FCC0,D0,154.188,104.0,True,frame_0748.png
748,20931,0x1800,$02:90F0,C8,214.0,184.0,True,frame_0748.png
748,20931,0x1840,$02:9274,E0,214.0,176.0,True,frame_0748.png
748,20931,0x1880,$02:90F0,C8,230.0,196.0,True,frame_0748.png
748,20931,0x18C0,$02:9274,E0,230.0,188.0,True,frame_0748.png
748,20931,0x1900,$02:9131,C8,-12.875,184.0,False,frame_0748.png
748,20931,0x1940,$02:9274,E0,-13.0,176.0,False,frame_0748.png
748,20931,0x1AC0,$04:F97F,CC,21.25,179.0,True,frame_0748.png
748,20931,0x1B00,$04:F97F,CC,119.0,166.273,True,frame_0748.png
750,20933,0x1000,$04:DF96,C8,16.5,82.0,True,frame_0750.png
750,20933,0x1080,$04:E6AF,C8,154.0,112.0,True,frame_0750.png
750,20933,0x10C0,$04:E6AF,C8,44.0,87.0,True,frame_0750.png
750,20933,0x1400,$04:FABA,C8,109.562,110.375,True,frame_0750.png
750,20933,0x16C0,$02:9119,C8,152.5,184.0,True,frame_0750.png
750,20933,0x1700,$02:9274,E0,152.0,176.0,True,frame_0750.png
750,20933,0x1740,$02:9119,C8,142.5,196.0,True,frame_0750.png
750,20933,0x1780,$02:9274,E0,142.0,188.0,True,frame_0750.png
750,20933,0x17C0,$04:FCC0,D0,153.188,104.0,True,frame_0750.png
750,20933,0x1800,$02:90F0,C8,212.0,184.0,True,frame_0750.png
750,20933,0x1840,$02:9274,E0,212.0,176.0,True,frame_0750.png
750,20933,0x1880,$02:90F0,C8,228.0,196.0,True,frame_0750.png
750,20933,0x18C0,$02:9274,E0,228.0,188.0,True,frame_0750.png
750,20933,0x1900,$02:9131,C8,-12.25,184.0,False,frame_0750.png
750,20933,0x1940,$02:9274,E0,-13.0,176.0,False,frame_0750.png
750,20933,0x1AC0,$04:F97F,CC,18.0,179.0,True,frame_0750.png
750,20933,0x1B00,$04:F97F,CC,116.0,165.031,True,frame_0750.png
752,20935,0x1000,$04:DF96,C8,16.5,77.0,True,frame_0752.png
752,20935,0x1080,$04:E6AF,C8,176.0,112.0,True,frame_0752.png
752,20935,0x10C0,$04:E6AF,C8,66.0,87.0,True,frame_0752.png
752,20935,0x1400,$04:FABA,C8,108.688,110.914,True,frame_0752.png
752,20935,0x16C0,$02:9119,C8,153.125,184.0,True,frame_0752.png
752,20935,0x1700,$02:9274,E0,153.0,176.0,True,frame_0752.png
752,20935,0x1740,$02:9119,C8,143.125,196.0,True,frame_0752.png
752,20935,0x1780,$02:9274,E0,143.0,188.0,True,frame_0752.png
752,20935,0x17C0,$04:FCC0,D0,152.188,104.0,True,frame_0752.png
752,20935,0x1800,$02:90F0,C8,210.0,184.0,True,frame_0752.png
752,20935,0x1840,$02:9274,E0,210.0,176.0,True,frame_0752.png
752,20935,0x1880,$02:90F0,C8,226.0,196.0,True,frame_0752.png
752,20935,0x18C0,$02:9274,E0,226.0,188.0,True,frame_0752.png
752,20935,0x1900,$02:9131,C8,-11.625,184.0,False,frame_0752.png
752,20935,0x1940,$02:9274,E0,-12.0,176.0,False,frame_0752.png
752,20935,0x1AC0,$04:F97F,CC,14.75,179.0,True,frame_0752.png
752,20935,0x1B00,$04:F97F,CC,113.0,163.789,True,frame_0752.png
754,20937,0x1000,$04:DF96,C8,16.5,72.0,True,frame_0754.png
754,20937,0x1080,$04:E6AF,C8,198.0,112.0,True,frame_0754.png
754,20937,0x10C0,$04:E6AF,C8,88.0,87.0,True,frame_0754.png
754,20937,0x1400,$04:FABA,C8,107.812,111.422,True,frame_0754.png
754,20937,0x16C0,$02:9119,C8,153.75,184.0,True,frame_0754.png
754,20937,0x1700,$02:9274,E0,153.0,176.0,True,frame_0754.png
754,20937,0x1740,$02:9119,C8,143.75,196.0,True,frame_0754.png
754,20937,0x1780,$02:9274,E0,143.0,188.0,True,frame_0754.png
754,20937,0x1800,$02:90F0,C8,208.0,184.0,True,frame_0754.png
754,20937,0x1840,$02:9274,E0,208.0,176.0,True,frame_0754.png
754,20937,0x1880,$02:90F0,C8,224.0,196.0,True,frame_0754.png
754,20937,0x18C0,$02:9274,E0,224.0,188.0,True,frame_0754.png
754,20937,0x1900,$02:9131,C8,-11.0,184.0,False,frame_0754.png
754,20937,0x1940,$02:9274,E0,-11.0,176.0,False,frame_0754.png
754,20937,0x1AC0,$04:F97F,CC,11.5,179.0,True,frame_0754.png
754,20937,0x1B00,$04:F97F,CC,110.0,162.547,True,frame_0754.png
756,20939,0x1000,$04:DF96,C8,16.5,67.0,True,frame_0756.png
756,20939,0x1080,$04:E6AF,C8,220.0,112.0,True,frame_0756.png
756,20939,0x10C0,$04:E6AF,C8,110.0,87.0,True,frame_0756.png
756,20939,0x1400,$04:FABA,C8,106.938,111.898,True,frame_0756.png
756,20939,0x16C0,$02:9119,C8,154.375,184.0,True,frame_0756.png
756,20939,0x1700,$02:9274,E0,154.0,176.0,True,frame_0756.png
756,20939,0x1740,$02:9119,C8,144.375,196.0,True,frame_0756.png
756,20939,0x1780,$02:9274,E0,144.0,188.0,True,frame_0756.png
756,20939,0x1800,$02:90F0,C8,206.0,184.0,True,frame_0756.png
756,20939,0x1840,$02:9274,E0,206.0,176.0,True,frame_0756.png
756,20939,0x1880,$02:90F0,C8,222.0,196.0,True,frame_0756.png
756,20939,0x18C0,$02:9274,E0,222.0,188.0,True,frame_0756.png
756,20939,0x1900,$02:9131,C8,-10.375,184.0,False,frame_0756.png
756,20939,0x1940,$02:9274,E0,-11.0,176.0,False,frame_0756.png
756,20939,0x1AC0,$04:F97F,CC,8.25,179.0,True,frame_0756.png
756,20939,0x1B00,$04:F97F,CC,107.0,161.305,True,frame_0756.png
758,20941,0x1000,$04:DF96,C8,16.5,62.0,True,frame_0758.png
758,20941,0x1080,$04:E6AF,C8,242.0,112.0,True,frame_0758.png
758,20941,0x10C0,$04:E6AF,C8,132.0,87.0,True,frame_0758.png
758,20941,0x1400,$04:FABA,C8,106.062,112.344,True,frame_0758.png
758,20941,0x16C0,$02:9119,C8,155.0,184.0,True,frame_0758.png
758,20941,0x1700,$02:9274,E0,155.0,176.0,True,frame_0758.png
758,20941,0x1740,$02:9119,C8,145.0,196.0,True,frame_0758.png
758,20941,0x1780,$02:9274,E0,145.0,188.0,True,frame_0758.png
758,20941,0x1800,$02:90F0,C8,204.0,184.0,True,frame_0758.png
758,20941,0x1840,$02:9274,E0,204.0,176.0,True,frame_0758.png
758,20941,0x1880,$02:90F0,C8,220.0,196.0,True,frame_0758.png
758,20941,0x18C0,$02:9274,E0,220.0,188.0,True,frame_0758.png
758,20941,0x1900,$02:9131,C8,-9.75,184.0,False,frame_0758.png
758,20941,0x1940,$02:9274,E0,-10.0,176.0,False,frame_0758.png
758,20941,0x1AC0,$04:F97F,CC,5.0,179.0,True,frame_0758.png
758,20941,0x1B00,$04:F97F,CC,104.0,160.062,True,frame_0758.png
760,20943,0x1000,$04:DF96,C8,16.5,57.0,True,frame_0760.png
760,20943,0x10C0,$04:E6AF,C8,154.0,87.0,True,frame_0760.png
760,20943,0x1400,$04:FABA,C8,105.188,112.758,True,frame_0760.png
760,20943,0x16C0,$02:9119,C8,155.625,184.0,True,frame_0760.png
760,20943,0x1700,$02:9274,E0,155.0,176.0,True,frame_0760.png
760,20943,0x1740,$02:9119,C8,145.625,196.0,True,frame_0760.png
760,20943,0x1780,$02:9274,E0,145.0,188.0,True,frame_0760.png
760,20943,0x1800,$02:90F0,C8,202.0,184.0,True,frame_0760.png
760,20943,0x1840,$02:9274,E0,202.0,176.0,True,frame_0760.png
760,20943,0x1880,$02:90F0,C8,218.0,196.0,True,frame_0760.png
760,20943,0x18C0,$02:9274,E0,218.0,188.0,True,frame_0760.png
760,20943,0x1900,$02:9131,C8,-9.125,184.0,False,frame_0760.png
760,20943,0x1940,$02:9274,E0,-10.0,176.0,False,frame_0760.png
760,20943,0x1AC0,$04:F97F,CC,1.75,179.0,True,frame_0760.png
760,20943,0x1B00,$04:F97F,CC,101.0,158.82,True,frame_0760.png
762,20945,0x1000,$04:DF96,C8,16.5,52.0,True,frame_0762.png
762,20945,0x1080,$04:E6AF,C8,22.0,52.0,True,frame_0762.png
762,20945,0x10C0,$04:E6AF,C8,176.0,87.0,True,frame_0762.png
762,20945,0x1400,$04:FABA,C8,104.312,113.141,True,frame_0762.png
762,20945,0x16C0,$02:9119,C8,156.25,184.0,True,frame_0762.png
762,20945,0x1700,$02:9274,E0,156.0,176.0,True,frame_0762.png
762,20945,0x1740,$02:9119,C8,146.25,196.0,True,frame_0762.png
762,20945,0x1780,$02:9274,E0,146.0,188.0,True,frame_0762.png
762,20945,0x1800,$02:90F0,C8,200.0,184.0,True,frame_0762.png
762,20945,0x1840,$02:9274,E0,200.0,176.0,True,frame_0762.png
762,20945,0x1880,$02:90F0,C8,216.0,196.0,True,frame_0762.png
762,20945,0x18C0,$02:9274,E0,216.0,188.0,True,frame_0762.png
762,20945,0x1900,$02:9131,C8,-8.5,184.0,False,frame_0762.png
762,20945,0x1940,$02:9274,E0,-9.0,176.0,False,frame_0762.png
762,20945,0x1AC0,$04:F97F,CC,-1.5,179.0,False,frame_0762.png
762,20945,0x1B00,$04:F97F,CC,98.0,157.578,True,frame_0762.png
764,20947,0x1000,$04:DF96,C8,16.5,48.0,True,frame_0764.png
764,20947,0x1080,$04:E6AF,C8,44.0,52.0,True,frame_0764.png
764,20947,0x10C0,$04:E6AF,C8,198.0,87.0,True,frame_0764.png
764,20947,0x1400,$04:FABA,C8,103.438,113.492,True,frame_0764.png
764,20947,0x16C0,$02:9119,C8,156.875,184.0,True,frame_0764.png
764,20947,0x1700,$02:9274,E0,156.0,176.0,True,frame_0764.png
764,20947,0x1740,$02:9119,C8,146.875,196.0,True,frame_0764.png
764,20947,0x1780,$02:9274,E0,146.0,188.0,True,frame_0764.png
764,20947,0x1800,$02:90F0,C8,198.0,184.0,True,frame_0764.png
764,20947,0x1840,$02:9274,E0,198.0,176.0,True,frame_0764.png
764,20947,0x1880,$02:90F0,C8,214.0,196.0,True,frame_0764.png
764,20947,0x18C0,$02:9274,E0,214.0,188.0,True,frame_0764.png
764,20947,0x1900,$02:9131,C8,-7.875,184.0,False,frame_0764.png
764,20947,0x1940,$02:9274,E0,-8.0,176.0,False,frame_0764.png
764,20947,0x1AC0,$04:F97F,CC,-4.75,179.0,False,frame_0764.png
764,20947,0x1B00,$04:F97F,CC,95.0,156.336,True,frame_0764.png
766,20949,0x1000,$04:DF96,C8,16.5,48.0,True,frame_0766.png
766,20949,0x1080,$04:E6AF,C8,66.0,52.0,True,frame_0766.png
766,20949,0x10C0,$04:E6AF,C8,220.0,87.0,True,frame_0766.png
766,20949,0x1400,$04:FABA,C8,102.562,113.812,True,frame_0766.png
766,20949,0x16C0,$02:9119,C8,157.5,184.0,True,frame_0766.png
766,20949,0x1700,$02:9274,E0,157.0,176.0,True,frame_0766.png
766,20949,0x1740,$02:9119,C8,147.5,196.0,True,frame_0766.png
766,20949,0x1780,$02:9274,E0,147.0,188.0,True,frame_0766.png
766,20949,0x1800,$02:90F0,C8,196.0,184.0,True,frame_0766.png
766,20949,0x1840,$02:9274,E0,196.0,176.0,True,frame_0766.png
766,20949,0x1880,$02:90F0,C8,212.0,196.0,True,frame_0766.png
766,20949,0x18C0,$02:9274,E0,212.0,188.0,True,frame_0766.png
766,20949,0x1900,$02:9131,C8,-7.25,184.0,False,frame_0766.png
766,20949,0x1940,$02:9274,E0,-8.0,176.0,False,frame_0766.png
766,20949,0x1AC0,$04:F97F,CC,-8.0,179.0,False,frame_0766.png
766,20949,0x1B00,$04:F97F,CC,92.0,155.094,True,frame_0766.png
768,20951,0x1000,$04:DF96,C8,16.5,48.0,True,frame_0768.png
768,20951,0x1080,$04:E6AF,C8,88.0,52.0,True,frame_0768.png
768,20951,0x10C0,$04:E6AF,C8,242.0,87.0,True,frame_0768.png
768,20951,0x1400,$04:FABA,C8,101.688,114.102,True,frame_0768.png
768,20951,0x16C0,$02:9119,C8,158.125,184.0,True,frame_0768.png
768,20951,0x1700,$02:9274,E0,158.0,176.0,True,frame_0768.png
768,20951,0x1740,$02:9119,C8,148.125,196.0,True,frame_0768.png
768,20951,0x1780,$02:9274,E0,148.0,188.0,True,frame_0768.png
768,20951,0x1800,$02:90F0,C8,194.0,184.0,True,frame_0768.png
768,20951,0x1840,$02:9274,E0,194.0,176.0,True,frame_0768.png
768,20951,0x1880,$02:90F0,C8,210.0,196.0,True,frame_0768.png
768,20951,0x18C0,$02:9274,E0,210.0,188.0,True,frame_0768.png
768,20951,0x1900,$02:9131,C8,-6.625,184.0,False,frame_0768.png
768,20951,0x1940,$02:9274,E0,-7.0,176.0,False,frame_0768.png
768,20951,0x1AC0,$04:F97F,CC,-11.25,179.0,False,frame_0768.png
768,20951,0x1B00,$04:F97F,CC,89.0,153.852,True,frame_0768.png
770,20953,0x1000,$04:DF96,C8,21.5,48.0,True,frame_0770.png
770,20953,0x1080,$04:E6AF,C8,110.0,52.0,True,frame_0770.png
770,20953,0x1400,$04:FABA,C8,100.812,114.359,True,frame_0770.png
770,20953,0x16C0,$02:9119,C8,158.75,184.0,True,frame_0770.png
770,20953,0x1700,$02:9274,E0,158.0,176.0,True,frame_0770.png
770,20953,0x1740,$02:9119,C8,148.75,196.0,True,frame_0770.png
770,20953,0x1780,$02:9274,E0,148.0,188.0,True,frame_0770.png
770,20953,0x1800,$02:90F0,C8,192.0,184.0,True,frame_0770.png
770,20953,0x1840,$02:9274,E0,192.0,176.0,True,frame_0770.png
770,20953,0x1880,$02:90F0,C8,208.0,196.0,True,frame_0770.png
770,20953,0x18C0,$02:9274,E0,208.0,188.0,True,frame_0770.png
770,20953,0x1900,$02:9131,C8,-6.0,184.0,False,frame_0770.png
770,20953,0x1940,$02:9274,E0,-6.0,176.0,False,frame_0770.png
770,20953,0x1AC0,$04:F97F,CC,-14.5,179.0,False,frame_0770.png
770,20953,0x1B00,$04:F97F,CC,86.0,152.609,True,frame_0770.png
772,20955,0x1000,$04:DF96,C8,26.5,48.0,True,frame_0772.png
772,20955,0x1080,$04:E6AF,C8,132.0,52.0,True,frame_0772.png
772,20955,0x10C0,$04:E6AF,C8,32.0,48.0,True,frame_0772.png
772,20955,0x1400,$04:FABA,C8,99.938,114.586,True,frame_0772.png
772,20955,0x16C0,$02:9119,C8,159.375,184.0,True,frame_0772.png
772,20955,0x1700,$02:9274,E0,159.0,176.0,True,frame_0772.png
772,20955,0x1740,$02:9119,C8,149.375,196.0,True,frame_0772.png
772,20955,0x1780,$02:9274,E0,149.0,188.0,True,frame_0772.png
772,20955,0x1800,$02:90F0,C8,190.0,184.0,True,frame_0772.png
772,20955,0x1840,$02:9274,E0,190.0,176.0,True,frame_0772.png
772,20955,0x1880,$02:90F0,C8,206.0,196.0,True,frame_0772.png
772,20955,0x18C0,$02:9274,E0,206.0,188.0,True,frame_0772.png
772,20955,0x1900,$02:9131,C8,-5.375,184.0,False,frame_0772.png
772,20955,0x1940,$02:9274,E0,-6.0,176.0,False,frame_0772.png
772,20955,0x1AC0,$04:F97F,CC,-17.75,179.0,False,frame_0772.png
772,20955,0x1B00,$04:F97F,CC,83.0,151.367,True,frame_0772.png
774,20957,0x1000,$04:DF96,C8,31.5,48.0,True,frame_0774.png
774,20957,0x1080,$04:E6AF,C8,154.0,52.0,True,frame_0774.png
774,20957,0x10C0,$04:E6AF,C8,54.0,48.0,True,frame_0774.png
774,20957,0x1400,$04:FABA,C8,99.062,114.781,True,frame_0774.png
774,20957,0x16C0,$02:9119,C8,160.0,184.0,True,frame_0774.png
774,20957,0x1700,$02:9274,E0,160.0,176.0,True,frame_0774.png
774,20957,0x1740,$02:9119,C8,150.0,196.0,True,frame_0774.png
774,20957,0x1780,$02:9274,E0,150.0,188.0,True,frame_0774.png
774,20957,0x1800,$02:90F0,C8,188.0,184.0,True,frame_0774.png
774,20957,0x1840,$02:9274,E0,188.0,176.0,True,frame_0774.png
774,20957,0x1880,$02:90F0,C8,204.0,196.0,True,frame_0774.png
774,20957,0x18C0,$02:9274,E0,204.0,188.0,True,frame_0774.png
774,20957,0x1900,$02:9131,C8,-4.75,184.0,False,frame_0774.png
774,20957,0x1940,$02:9274,E0,-5.0,176.0,False,frame_0774.png
774,20957,0x1AC0,$04:F97F,CC,-21.0,179.0,False,frame_0774.png
774,20957,0x1B00,$04:F97F,CC,80.0,150.125,True,frame_0774.png
776,20959,0x1000,$04:DF96,C8,36.5,48.0,True,frame_0776.png
776,20959,0x1080,$04:E6AF,C8,176.0,52.0,True,frame_0776.png
776,20959,0x10C0,$04:E6AF,C8,76.0,48.0,True,frame_0776.png
776,20959,0x1400,$04:FABA,C8,98.188,114.945,True,frame_0776.png
776,20959,0x16C0,$02:9119,C8,160.625,184.0,True,frame_0776.png
776,20959,0x1700,$02:9274,E0,160.0,176.0,True,frame_0776.png
776,20959,0x1740,$02:9119,C8,150.625,196.0,True,frame_0776.png
776,20959,0x1780,$02:9274,E0,150.0,188.0,True,frame_0776.png
776,20959,0x1800,$02:90F0,C8,186.0,184.0,True,frame_0776.png
776,20959,0x1840,$02:9274,E0,186.0,176.0,True,frame_0776.png
776,20959,0x1880,$02:90F0,C8,202.0,196.0,True,frame_0776.png
776,20959,0x18C0,$02:9274,E0,202.0,188.0,True,frame_0776.png
776,20959,0x1900,$02:9131,C8,-4.125,184.0,False,frame_0776.png
776,20959,0x1940,$02:9274,E0,-5.0,176.0,False,frame_0776.png
776,20959,0x1AC0,$04:F97F,CC,-24.25,179.0,False,frame_0776.png
776,20959,0x1B00,$04:F97F,CC,77.0,148.883,True,frame_0776.png
778,20961,0x1000,$04:DF96,C8,41.5,48.0,True,frame_0778.png
778,20961,0x1080,$04:E6AF,C8,198.0,52.0,True,frame_0778.png
778,20961,0x10C0,$04:E6AF,C8,98.0,48.0,True,frame_0778.png
778,20961,0x1400,$04:FABA,C8,97.312,115.078,True,frame_0778.png
778,20961,0x16C0,$02:9119,C8,161.25,184.0,True,frame_0778.png
778,20961,0x1700,$02:9274,E0,161.0,176.0,True,frame_0778.png
778,20961,0x1740,$02:9119,C8,151.25,196.0,True,frame_0778.png
778,20961,0x1780,$02:9274,E0,151.0,188.0,True,frame_0778.png
778,20961,0x1800,$02:90F0,C8,184.0,184.0,True,frame_0778.png
778,20961,0x1840,$02:9274,E0,184.0,176.0,True,frame_0778.png
778,20961,0x1880,$02:90F0,C8,200.0,196.0,True,frame_0778.png
778,20961,0x18C0,$02:9274,E0,200.0,188.0,True,frame_0778.png
778,20961,0x1900,$02:9131,C8,-3.5,184.0,False,frame_0778.png
778,20961,0x1940,$02:9274,E0,-4.0,176.0,False,frame_0778.png
778,20961,0x1AC0,$04:F97F,CC,-27.5,179.0,False,frame_0778.png
778,20961,0x1B00,$04:F97F,CC,74.0,147.641,True,frame_0778.png
780,20963,0x1000,$04:DF96,C8,46.5,48.0,True,frame_0780.png
780,20963,0x1080,$04:E6AF,C8,220.0,52.0,True,frame_0780.png
780,20963,0x10C0,$04:E6AF,C8,120.0,48.0,True,frame_0780.png
780,20963,0x1400,$04:FABA,C8,96.438,115.18,True,frame_0780.png
780,20963,0x16C0,$02:9119,C8,161.875,184.0,True,frame_0780.png
780,20963,0x1700,$02:9274,E0,161.0,176.0,True,frame_0780.png
780,20963,0x1740,$02:9119,C8,151.875,196.0,True,frame_0780.png
780,20963,0x1780,$02:9274,E0,151.0,188.0,True,frame_0780.png
780,20963,0x1800,$02:90F0,C8,182.0,184.0,True,frame_0780.png
780,20963,0x1840,$02:9274,E0,182.0,176.0,True,frame_0780.png
780,20963,0x1880,$02:90F0,C8,198.0,196.0,True,frame_0780.png
780,20963,0x18C0,$02:9274,E0,198.0,188.0,True,frame_0780.png
780,20963,0x1900,$02:9131,C8,-2.875,184.0,False,frame_0780.png
780,20963,0x1940,$02:9274,E0,-3.0,176.0,False,frame_0780.png
780,20963,0x1AC0,$04:F97F,CC,-30.75,179.0,False,frame_0780.png
780,20963,0x1B00,$04:F97F,CC,71.0,146.398,True,frame_0780.png
782,20965,0x1000,$04:DF96,C8,51.5,48.0,True,frame_0782.png
782,20965,0x1080,$04:E6AF,C8,242.0,52.0,True,frame_0782.png
782,20965,0x10C0,$04:E6AF,C8,142.0,48.0,True,frame_0782.png
782,20965,0x1400,$04:FABA,C8,95.562,115.25,True,frame_0782.png
782,20965,0x16C0,$02:9119,C8,162.5,184.0,True,frame_0782.png
782,20965,0x1700,$02:9274,E0,162.0,176.0,True,frame_0782.png
782,20965,0x1740,$02:9119,C8,152.5,196.0,True,frame_0782.png
782,20965,0x1780,$02:9274,E0,152.0,188.0,True,frame_0782.png
782,20965,0x1800,$02:90F0,C8,180.0,184.0,True,frame_0782.png
782,20965,0x1840,$02:9274,E0,180.0,176.0,True,frame_0782.png
782,20965,0x1880,$02:90F0,C8,196.0,196.0,True,frame_0782.png
782,20965,0x18C0,$02:9274,E0,196.0,188.0,True,frame_0782.png
782,20965,0x1900,$02:9131,C8,-2.25,184.0,False,frame_0782.png
782,20965,0x1940,$02:9274,E0,-3.0,176.0,False,frame_0782.png
782,20965,0x1B00,$04:F97F,CC,68.0,145.156,True,frame_0782.png
784,20967,0x1000,$04:DF96,C8,56.5,48.0,True,frame_0784.png
784,20967,0x10C0,$04:E6AF,C8,164.0,48.0,True,frame_0784.png
784,20967,0x1400,$04:FABA,C8,94.688,115.289,True,frame_0784.png
784,20967,0x16C0,$02:9119,C8,163.125,184.0,True,frame_0784.png
784,20967,0x1700,$02:9274,E0,163.0,176.0,True,frame_0784.png
784,20967,0x1740,$02:9119,C8,153.125,196.0,True,frame_0784.png
784,20967,0x1780,$02:9274,E0,153.0,188.0,True,frame_0784.png
784,20967,0x1800,$02:90F0,C8,178.0,184.0,True,frame_0784.png
784,20967,0x1840,$02:9274,E0,178.0,176.0,True,frame_0784.png
784,20967,0x1880,$02:90F0,C8,194.0,196.0,True,frame_0784.png
784,20967,0x18C0,$02:9274,E0,194.0,188.0,True,frame_0784.png
784,20967,0x1900,$02:9131,C8,-1.625,184.0,False,frame_0784.png
784,20967,0x1940,$02:9274,E0,-2.0,176.0,False,frame_0784.png
784,20967,0x1B00,$04:F97F,CC,65.0,143.914,True,frame_0784.png
786,20969,0x1000,$04:DF96,C8,61.5,48.0,True,frame_0786.png
786,20969,0x1080,$04:E6AF,C8,67.0,48.0,True,frame_0786.png
786,20969,0x10C0,$04:E6AF,C8,186.0,48.0,True,frame_0786.png
786,20969,0x1400,$04:FABA,C8,93.812,115.297,True,frame_0786.png
786,20969,0x16C0,$02:9119,C8,163.75,184.0,True,frame_0786.png
786,20969,0x1700,$02:9274,E0,163.0,176.0,True,frame_0786.png
786,20969,0x1740,$02:9119,C8,153.75,196.0,True,frame_0786.png
786,20969,0x1780,$02:9274,E0,153.0,188.0,True,frame_0786.png
786,20969,0x1800,$02:90F0,C8,176.0,184.0,True,frame_0786.png
786,20969,0x1840,$02:9274,E0,176.0,176.0,True,frame_0786.png
786,20969,0x1880,$02:90F0,C8,192.0,196.0,True,frame_0786.png
786,20969,0x18C0,$02:9274,E0,192.0,188.0,True,frame_0786.png
786,20969,0x1900,$02:9131,C8,-1.0,184.0,False,frame_0786.png
786,20969,0x1940,$02:9274,E0,-1.0,176.0,False,frame_0786.png
786,20969,0x1B00,$04:F97F,CC,62.0,142.672,True,frame_0786.png
788,20971,0x1000,$04:DF96,C8,66.5,48.0,True,frame_0788.png
788,20971,0x1080,$04:E6AF,C8,89.0,48.0,True,frame_0788.png
788,20971,0x10C0,$04:E6AF,C8,208.0,48.0,True,frame_0788.png
788,20971,0x1400,$04:FABA,C8,92.938,115.273,True,frame_0788.png
788,20971,0x16C0,$02:9119,C8,164.375,184.0,True,frame_0788.png
788,20971,0x1700,$02:9274,E0,164.0,176.0,True,frame_0788.png
788,20971,0x1740,$02:9119,C8,154.375,196.0,True,frame_0788.png
788,20971,0x1780,$02:9274,E0,154.0,188.0,True,frame_0788.png
788,20971,0x1800,$02:90F0,C8,174.0,184.0,True,frame_0788.png
788,20971,0x1840,$02:9274,E0,174.0,176.0,True,frame_0788.png
788,20971,0x1880,$02:90F0,C8,190.0,196.0,True,frame_0788.png
788,20971,0x18C0,$02:9274,E0,190.0,188.0,True,frame_0788.png
788,20971,0x1900,$02:9131,C8,-0.375,184.0,False,frame_0788.png
788,20971,0x1940,$02:9274,E0,-1.0,176.0,False,frame_0788.png
788,20971,0x1B00,$04:F97F,CC,59.0,141.43,True,frame_0788.png
790,20973,0x1000,$04:DF96,C8,71.5,48.0,True,frame_0790.png
790,20973,0x1080,$04:E6AF,C8,111.0,48.0,True,frame_0790.png
790,20973,0x10C0,$04:E6AF,C8,230.0,48.0,True,frame_0790.png
790,20973,0x1400,$04:FABA,C8,92.062,115.219,True,frame_0790.png
790,20973,0x16C0,$02:9119,C8,165.0,184.0,True,frame_0790.png
790,20973,0x1700,$02:9274,E0,165.0,176.0,True,frame_0790.png
790,20973,0x1740,$02:9119,C8,155.0,196.0,True,frame_0790.png
790,20973,0x1780,$02:9274,E0,155.0,188.0,True,frame_0790.png
790,20973,0x1800,$02:90F0,C8,172.0,184.0,True,frame_0790.png
790,20973,0x1840,$02:9274,E0,172.0,176.0,True,frame_0790.png
790,20973,0x1880,$02:90F0,C8,188.0,196.0,True,frame_0790.png
790,20973,0x18C0,$02:9274,E0,188.0,188.0,True,frame_0790.png
790,20973,0x1900,$02:9131,C8,0.25,184.0,True,frame_0790.png
790,20973,0x1940,$02:9274,E0,0.0,176.0,True,frame_0790.png
790,20973,0x1B00,$04:F97F,CC,56.0,140.188,True,frame_0790.png
792,20975,0x1000,$04:DF96,C8,76.5,48.0,True,frame_0792.png
792,20975,0x1080,$04:E6AF,C8,133.0,48.0,True,frame_0792.png
792,20975,0x1400,$04:FABA,C8,91.188,115.133,True,frame_0792.png
792,20975,0x16C0,$02:9119,C8,165.621,184.0,True,frame_0792.png
792,20975,0x1700,$02:9274,E0,165.0,176.0,True,frame_0792.png
792,20975,0x1740,$02:9119,C8,155.625,196.0,True,frame_0792.png
792,20975,0x1780,$02:9274,E0,155.0,188.0,True,frame_0792.png
792,20975,0x1800,$02:90F0,C8,170.0,184.0,True,frame_0792.png
792,20975,0x1840,$02:9274,E0,170.0,176.0,True,frame_0792.png
792,20975,0x1880,$02:90F0,C8,186.0,196.0,True,frame_0792.png
792,20975,0x18C0,$02:9274,E0,186.0,188.0,True,frame_0792.png
792,20975,0x1900,$02:9131,C8,0.875,184.0,True,frame_0792.png
792,20975,0x1940,$02:9274,E0,0.0,176.0,True,frame_0792.png
792,20975,0x1B00,$04:F97F,CC,53.0,138.945,True,frame_0792.png
794,20977,0x1000,$04:DF96,C8,81.5,48.0,True,frame_0794.png
794,20977,0x1080,$04:E6AF,C8,155.0,48.0,True,frame_0794.png
794,20977,0x1400,$04:FABA,C8,90.312,115.016,True,frame_0794.png
794,20977,0x16C0,$02:9119,C8,166.227,184.0,True,frame_0794.png
794,20977,0x1700,$02:9274,E0,166.0,176.0,True,frame_0794.png
794,20977,0x1740,$02:9119,C8,156.25,196.0,True,frame_0794.png
794,20977,0x1780,$02:9274,E0,156.0,188.0,True,frame_0794.png
794,20977,0x1800,$02:90F0,C8,168.0,184.0,True,frame_0794.png
794,20977,0x1840,$02:9274,E0,168.0,176.0,True,frame_0794.png
794,20977,0x1880,$02:90F0,C8,184.0,196.0,True,frame_0794.png
794,20977,0x18C0,$02:9274,E0,184.0,188.0,True,frame_0794.png
794,20977,0x1900,$02:9131,C8,1.5,184.0,True,frame_0794.png
794,20977,0x1940,$02:9274,E0,1.0,176.0,True,frame_0794.png
794,20977,0x1B00,$04:F97F,CC,50.0,137.703,True,frame_0794.png
796,20979,0x1000,$04:DF96,C8,86.5,48.0,True,frame_0796.png
796,20979,0x1080,$04:E6AF,C8,177.0,48.0,True,frame_0796.png
796,20979,0x10C0,$04:E6AF,C8,92.0,48.0,True,frame_0796.png
796,20979,0x1400,$04:FABA,C8,89.438,114.867,True,frame_0796.png
796,20979,0x16C0,$02:9119,C8,166.816,184.0,True,frame_0796.png
796,20979,0x1700,$02:9274,E0,166.0,176.0,True,frame_0796.png
796,20979,0x1740,$02:9119,C8,156.875,196.0,True,frame_0796.png
796,20979,0x1780,$02:9274,E0,156.0,188.0,True,frame_0796.png
796,20979,0x1800,$02:90F0,C8,166.0,184.0,True,frame_0796.png
796,20979,0x1840,$02:9274,E0,166.0,176.0,True,frame_0796.png
796,20979,0x1880,$02:90F0,C8,182.0,196.0,True,frame_0796.png
796,20979,0x18C0,$02:9274,E0,182.0,188.0,True,frame_0796.png
796,20979,0x1900,$02:9131,C8,2.125,184.0,True,frame_0796.png
796,20979,0x1940,$02:9274,E0,2.0,176.0,True,frame_0796.png
796,20979,0x1B00,$04:F97F,CC,47.0,136.461,True,frame_0796.png
798,20981,0x1000,$04:DF96,C8,91.5,48.0,True,frame_0798.png
798,20981,0x1080,$04:E6AF,C8,199.0,48.0,True,frame_0798.png
798,20981,0x10C0,$04:E6AF,C8,114.0,48.0,True,frame_0798.png
798,20981,0x1400,$04:FABA,C8,88.562,114.688,True,frame_0798.png
798,20981,0x16C0,$02:9119,C8,167.391,184.0,True,frame_0798.png
798,20981,0x1700,$02:9274,E0,167.0,176.0,True,frame_0798.png
798,20981,0x1740,$02:9119,C8,157.5,196.0,True,frame_0798.png
798,20981,0x1780,$02:9274,E0,157.0,188.0,True,frame_0798.png
798,20981,0x1800,$02:91DB,D8,165.0,184.0,True,frame_0798.png
798,20981,0x1840,$02:9274,E0,165.0,176.0,True,frame_0798.png
798,20981,0x1880,$02:90F0,C8,180.0,196.0,True,frame_0798.png
798,20981,0x18C0,$02:9274,E0,180.0,188.0,True,frame_0798.png
798,20981,0x1900,$02:9131,C8,2.75,184.0,True,frame_0798.png
798,20981,0x1940,$02:9274,E0,2.0,176.0,True,frame_0798.png
798,20981,0x1B00,$04:F97F,CC,44.0,135.219,True,frame_0798.png
800,20983,0x1000,$04:DF96,C8,91.5,48.0,True,frame_0800.png
800,20983,0x1080,$04:E6AF,C8,221.0,48.0,True,frame_0800.png
800,20983,0x10C0,$04:E6AF,C8,136.0,48.0,True,frame_0800.png
800,20983,0x1400,$04:FABA,C8,87.688,114.477,True,frame_0800.png
800,20983,0x16C0,$02:9119,C8,167.949,184.0,True,frame_0800.png
800,20983,0x1700,$02:9274,E0,167.0,176.0,True,frame_0800.png
800,20983,0x1740,$02:9119,C8,158.125,196.0,True,frame_0800.png
800,20983,0x1780,$02:9274,E0,158.0,188.0,True,frame_0800.png
800,20983,0x1800,$02:91DB,D8,164.0,184.0,True,frame_0800.png
800,20983,0x1840,$02:9274,E0,164.0,176.0,True,frame_0800.png
800,20983,0x1880,$02:90F0,C8,178.0,196.0,True,frame_0800.png
800,20983,0x18C0,$02:9274,E0,178.0,188.0,True,frame_0800.png
800,20983,0x1900,$02:9131,C8,3.375,184.0,True,frame_0800.png
800,20983,0x1940,$02:9274,E0,3.0,176.0,True,frame_0800.png
800,20983,0x1B00,$04:F97F,CC,41.0,133.977,True,frame_0800.png
802,20985,0x1000,$04:DF96,C8,91.5,48.0,True,frame_0802.png
802,20985,0x1080,$04:E6AF,C8,243.0,48.0,True,frame_0802.png
802,20985,0x10C0,$04:E6AF,C8,158.0,48.0,True,frame_0802.png
802,20985,0x1400,$04:FABA,C8,86.812,114.234,True,frame_0802.png
802,20985,0x16C0,$02:9119,C8,168.492,184.0,True,frame_0802.png
802,20985,0x1700,$02:9274,E0,168.0,176.0,True,frame_0802.png
802,20985,0x1740,$02:9119,C8,158.75,196.0,True,frame_0802.png
802,20985,0x1780,$02:9274,E0,158.0,188.0,True,frame_0802.png
802,20985,0x1800,$02:91DB,D8,163.0,184.0,True,frame_0802.png
802,20985,0x1840,$02:9274,E0,163.0,176.0,True,frame_0802.png
802,20985,0x1880,$02:90F0,C8,176.0,196.0,True,frame_0802.png
802,20985,0x18C0,$02:9274,E0,176.0,188.0,True,frame_0802.png
802,20985,0x1900,$02:9131,C8,4.0,184.0,True,frame_0802.png
802,20985,0x1940,$02:9274,E0,4.0,176.0,True,frame_0802.png
802,20985,0x1B00,$04:F97F,CC,38.0,132.734,True,frame_0802.png
804,20987,0x1000,$04:DF96,C8,91.5,48.0,True,frame_0804.png
804,20987,0x10C0,$04:E6AF,C8,180.0,48.0,True,frame_0804.png
804,20987,0x1400,$04:FABA,C8,85.938,113.961,True,frame_0804.png
804,20987,0x16C0,$02:9119,C8,169.02,184.0,True,frame_0804.png
804,20987,0x1700,$02:9274,E0,169.0,176.0,True,frame_0804.png
804,20987,0x1740,$02:9119,C8,159.375,196.0,True,frame_0804.png
804,20987,0x1780,$02:9274,E0,159.0,188.0,True,frame_0804.png
804,20987,0x1800,$02:91DB,D8,162.0,184.0,True,frame_0804.png
804,20987,0x1840,$02:9274,E0,162.0,176.0,True,frame_0804.png
804,20987,0x1880,$02:90F0,C8,174.0,196.0,True,frame_0804.png
804,20987,0x18C0,$02:9274,E0,174.0,188.0,True,frame_0804.png
804,20987,0x1900,$02:9131,C8,4.625,184.0,True,frame_0804.png
804,20987,0x1940,$02:9274,E0,4.0,176.0,True,frame_0804.png
804,20987,0x1B00,$04:F97F,CC,35.0,131.492,True,frame_0804.png
806,20989,0x1000,$04:DF96,C8,91.5,48.0,True,frame_0806.png
806,20989,0x10C0,$04:E6AF,C8,202.0,48.0,True,frame_0806.png
806,20989,0x1400,$04:FABA,C8,85.062,113.656,True,frame_0806.png
806,20989,0x16C0,$02:9119,C8,169.531,184.0,True,frame_0806.png
806,20989,0x1700,$02:9274,E0,169.0,176.0,True,frame_0806.png
806,20989,0x1740,$02:9119,C8,160.0,196.0,True,frame_0806.png
806,20989,0x1780,$02:9274,E0,160.0,188.0,True,frame_0806.png
806,20989,0x1800,$02:91DB,D8,161.0,184.0,True,frame_0806.png
806,20989,0x1840,$02:9274,E0,161.0,176.0,True,frame_0806.png
806,20989,0x1880,$02:90F0,C8,172.0,196.0,True,frame_0806.png
806,20989,0x18C0,$02:9274,E0,172.0,188.0,True,frame_0806.png
806,20989,0x1900,$02:9131,C8,5.25,184.0,True,frame_0806.png
806,20989,0x1940,$02:9274,E0,5.0,176.0,True,frame_0806.png
806,20989,0x1B00,$04:F97F,CC,32.0,130.25,True,frame_0806.png
808,20991,0x1000,$04:DF96,C8,91.5,48.0,True,frame_0808.png
808,20991,0x10C0,$04:E6AF,C8,224.0,48.0,True,frame_0808.png
808,20991,0x1400,$04:FABA,C8,84.188,113.32,True,frame_0808.png
808,20991,0x16C0,$02:9119,C8,170.027,184.0,True,frame_0808.png
808,20991,0x1700,$02:9274,E0,170.0,176.0,True,frame_0808.png
808,20991,0x1740,$02:9119,C8,160.625,196.0,True,frame_0808.png
808,20991,0x1780,$02:9274,E0,160.0,188.0,True,frame_0808.png
808,20991,0x1800,$02:91DB,D8,160.0,184.0,True,frame_0808.png
808,20991,0x1840,$02:9274,E0,160.0,176.0,True,frame_0808.png
808,20991,0x1880,$02:90F0,C8,170.0,196.0,True,frame_0808.png
808,20991,0x18C0,$02:9274,E0,170.0,188.0,True,frame_0808.png
808,20991,0x1900,$02:9131,C8,5.875,184.0,True,frame_0808.png
808,20991,0x1940,$02:9274,E0,5.0,176.0,True,frame_0808.png
808,20991,0x1B00,$04:F97F,CC,29.0,129.008,True,frame_0808.png
810,20993,0x1000,$04:DF96,C8,91.5,48.0,True,frame_0810.png
810,20993,0x1080,$04:E6AF,C8,97.0,48.0,True,frame_0810.png
810,20993,0x10C0,$04:E6AF,C8,246.0,48.0,True,frame_0810.png
810,20993,0x1400,$04:FABA,C8,83.312,112.953,True,frame_0810.png
810,20993,0x16C0,$02:9119,C8,170.508,184.0,True,frame_0810.png
810,20993,0x1700,$02:9274,E0,170.0,176.0,True,frame_0810.png
810,20993,0x1740,$02:9119,C8,161.25,196.0,True,frame_0810.png
810,20993,0x1780,$02:9274,E0,161.0,188.0,True,frame_0810.png
810,20993,0x1800,$02:91DB,D8,159.0,184.0,True,frame_0810.png
810,20993,0x1840,$02:9274,E0,159.0,176.0,True,frame_0810.png
810,20993,0x1880,$02:90F0,C8,168.0,196.0,True,frame_0810.png
810,20993,0x18C0,$02:9274,E0,168.0,188.0,True,frame_0810.png
810,20993,0x1900,$02:9131,C8,6.5,184.0,True,frame_0810.png
810,20993,0x1940,$02:9274,E0,6.0,176.0,True,frame_0810.png
810,20993,0x1B00,$04:F97F,CC,26.0,127.766,True,frame_0810.png
812,20995,0x1000,$04:DF96,C8,91.5,48.0,True,frame_0812.png
812,20995,0x1080,$04:E6AF,C8,119.0,48.0,True,frame_0812.png
812,20995,0x1400,$04:FABA,C8,82.438,112.555,True,frame_0812.png
812,20995,0x16C0,$02:9119,C8,170.973,184.0,True,frame_0812.png
812,20995,0x1700,$02:9274,E0,170.0,176.0,True,frame_0812.png
812,20995,0x1740,$02:9119,C8,161.875,196.0,True,frame_0812.png
812,20995,0x1780,$02:9274,E0,161.0,188.0,True,frame_0812.png
812,20995,0x1800,$02:91DB,D8,158.0,184.0,True,frame_0812.png
812,20995,0x1840,$02:9274,E0,158.0,176.0,True,frame_0812.png
812,20995,0x1880,$02:90F0,C8,166.0,196.0,True,frame_0812.png
812,20995,0x18C0,$02:9274,E0,166.0,188.0,True,frame_0812.png
812,20995,0x1900,$02:9131,C8,7.125,184.0,True,frame_0812.png
812,20995,0x1940,$02:9274,E0,7.0,176.0,True,frame_0812.png
812,20995,0x1B00,$04:F97F,CC,23.0,126.523,True,frame_0812.png
814,20997,0x1000,$04:DF96,C8,91.5,48.0,True,frame_0814.png
814,20997,0x1080,$04:E6AF,C8,141.0,48.0,True,frame_0814.png
814,20997,0x1400,$04:FABA,C8,81.562,112.125,True,frame_0814.png
814,20997,0x16C0,$02:9119,C8,171.422,184.0,True,frame_0814.png
814,20997,0x1700,$02:9274,E0,171.0,176.0,True,frame_0814.png
814,20997,0x1740,$02:9119,C8,162.5,196.0,True,frame_0814.png
814,20997,0x1780,$02:9274,E0,162.0,188.0,True,frame_0814.png
814,20997,0x1800,$02:91DB,D8,157.0,184.0,True,frame_0814.png
814,20997,0x1840,$02:9274,E0,157.0,176.0,True,frame_0814.png
814,20997,0x1880,$02:90F0,C8,164.0,196.0,True,frame_0814.png
814,20997,0x18C0,$02:9274,E0,164.0,188.0,True,frame_0814.png
814,20997,0x1900,$02:9131,C8,7.75,184.0,True,frame_0814.png
814,20997,0x1940,$02:9274,E0,7.0,176.0,True,frame_0814.png
814,20997,0x1B00,$04:F97F,CC,20.0,125.281,True,frame_0814.png
816,20999,0x1000,$04:DF96,C8,91.5,48.0,True,frame_0816.png
816,20999,0x1080,$04:E6AF,C8,163.0,48.0,True,frame_0816.png
816,20999,0x1400,$04:FABA,C8,80.688,111.664,True,frame_0816.png
816,20999,0x16C0,$02:9119,C8,171.855,184.0,True,frame_0816.png
816,20999,0x1700,$02:9274,E0,171.0,176.0,True,frame_0816.png
816,20999,0x1740,$02:9119,C8,163.125,196.0,True,frame_0816.png
816,20999,0x1780,$02:9274,E0,163.0,188.0,True,frame_0816.png
816,20999,0x1800,$02:91DB,D8,156.0,184.0,True,frame_0816.png
816,20999,0x1840,$02:9274,E0,156.0,176.0,True,frame_0816.png
816,20999,0x1880,$02:90F0,C8,162.0,196.0,True,frame_0816.png
816,20999,0x18C0,$02:9274,E0,162.0,188.0,True,frame_0816.png
816,20999,0x1900,$02:9131,C8,8.375,184.0,True,frame_0816.png
816,20999,0x1940,$02:9274,E0,8.0,176.0,True,frame_0816.png
816,20999,0x1B00,$04:F97F,CC,17.0,124.039,True,frame_0816.png
818,21001,0x1000,$04:DF96,C8,91.5,48.0,True,frame_0818.png
818,21001,0x1080,$04:E6AF,C8,185.0,48.0,True,frame_0818.png
818,21001,0x1400,$04:FABA,C8,79.812,111.172,True,frame_0818.png
818,21001,0x16C0,$02:9119,C8,172.273,184.0,True,frame_0818.png
818,21001,0x1700,$02:9274,E0,172.0,176.0,True,frame_0818.png
818,21001,0x1740,$02:9119,C8,163.75,196.0,True,frame_0818.png
818,21001,0x1780,$02:9274,E0,163.0,188.0,True,frame_0818.png
818,21001,0x1800,$02:91DB,D8,155.0,184.0,True,frame_0818.png
818,21001,0x1840,$02:9274,E0,155.0,176.0,True,frame_0818.png
818,21001,0x1880,$02:90F0,C8,160.0,196.0,True,frame_0818.png
818,21001,0x18C0,$02:9274,E0,160.0,188.0,True,frame_0818.png
818,21001,0x1900,$02:9131,C8,9.0,184.0,True,frame_0818.png
818,21001,0x1940,$02:9274,E0,9.0,176.0,True,frame_0818.png
818,21001,0x1B00,$04:F97F,CC,14.0,122.797,True,frame_0818.png
820,21003,0x1000,$04:DF96,C8,91.5,48.0,True,frame_0820.png
820,21003,0x1080,$04:E6AF,C8,207.0,48.0,True,frame_0820.png
820,21003,0x10C0,$04:E6AF,C8,97.0,48.0,True,frame_0820.png
820,21003,0x1400,$04:FABA,C8,78.938,110.648,True,frame_0820.png
820,21003,0x16C0,$02:9119,C8,172.676,184.0,True,frame_0820.png
820,21003,0x1700,$02:9274,E0,172.0,176.0,True,frame_0820.png
820,21003,0x1740,$02:9119,C8,164.375,196.0,True,frame_0820.png
820,21003,0x1780,$02:9274,E0,164.0,188.0,True,frame_0820.png
820,21003,0x1800,$02:91DB,D8,154.0,184.0,True,frame_0820.png
820,21003,0x1840,$02:9274,E0,154.0,176.0,True,frame_0820.png
820,21003,0x1880,$02:90F0,C8,158.0,196.0,True,frame_0820.png
820,21003,0x18C0,$02:9274,E0,158.0,188.0,True,frame_0820.png
820,21003,0x1900,$02:9131,C8,9.625,184.0,True,frame_0820.png
820,21003,0x1940,$02:9274,E0,9.0,176.0,True,frame_0820.png
820,21003,0x1B00,$04:F97F,CC,11.0,121.555,True,frame_0820.png
822,21005,0x1000,$04:DF96,C8,91.5,48.0,True,frame_0822.png
822,21005,0x1080,$04:E6AF,C8,229.0,48.0,True,frame_0822.png
822,21005,0x10C0,$04:E6AF,C8,119.0,48.0,True,frame_0822.png
822,21005,0x1400,$04:FABA,C8,78.062,110.094,True,frame_0822.png
822,21005,0x16C0,$02:91FF,D8,172.871,184.0,True,frame_0822.png
822,21005,0x1700,$02:9274,E0,172.0,176.0,True,frame_0822.png
822,21005,0x1740,$02:9119,C8,165.0,196.0,True,frame_0822.png
822,21005,0x1780,$02:9274,E0,165.0,188.0,True,frame_0822.png
822,21005,0x1800,$02:91DB,D8,153.0,184.0,True,frame_0822.png
822,21005,0x1840,$02:9274,E0,153.0,176.0,True,frame_0822.png
822,21005,0x1880,$02:90F0,C8,156.0,196.0,True,frame_0822.png
822,21005,0x18C0,$02:9274,E0,156.0,188.0,True,frame_0822.png
822,21005,0x1900,$02:9131,C8,10.25,184.0,True,frame_0822.png
822,21005,0x1940,$02:9274,E0,10.0,176.0,True,frame_0822.png
822,21005,0x1B00,$04:F97F,CC,8.0,120.312,True,frame_0822.png
824,21007,0x1000,$04:DF96,C8,91.5,48.0,True,frame_0824.png
824,21007,0x1080,$04:E6AF,C8,251.0,48.0,True,frame_0824.png
824,21007,0x10C0,$04:E6AF,C8,141.0,48.0,True,frame_0824.png
824,21007,0x1400,$04:FABA,C8,77.188,109.508,True,frame_0824.png
824,21007,0x16C0,$02:91FF,D8,171.871,184.0,True,frame_0824.png
824,21007,0x1700,$02:9274,E0,171.0,176.0,True,frame_0824.png
824,21007,0x1740,$02:9119,C8,165.621,196.0,True,frame_0824.png
824,21007,0x1780,$02:9274,E0,165.0,188.0,True,frame_0824.png
824,21007,0x1800,$02:91DB,D8,152.0,184.0,True,frame_0824.png
824,21007,0x1840,$02:9274,E0,152.0,176.0,True,frame_0824.png
824,21007,0x1880,$02:90F0,C8,154.0,196.0,True,frame_0824.png
824,21007,0x18C0,$02:9274,E0,154.0,188.0,True,frame_0824.png
824,21007,0x1900,$02:9131,C8,10.875,184.0,True,frame_0824.png
824,21007,0x1940,$02:9274,E0,10.0,176.0,True,frame_0824.png
824,21007,0x1B00,$04:F97F,CC,5.0,119.07,True,frame_0824.png
826,21009,0x1000,$04:DF96,C8,91.5,48.0,True,frame_0826.png
826,21009,0x10C0,$04:E6AF,C8,163.0,48.0,True,frame_0826.png
826,21009,0x1400,$04:FABA,C8,76.312,108.891,True,frame_0826.png
826,21009,0x16C0,$02:91FF,D8,170.871,184.0,True,frame_0826.png
826,21009,0x1700,$02:9274,E0,170.0,176.0,True,frame_0826.png
826,21009,0x1740,$02:9119,C8,166.227,196.0,True,frame_0826.png
826,21009,0x1780,$02:9274,E0,166.0,188.0,True,frame_0826.png
826,21009,0x1800,$02:91DB,D8,151.0,184.0,True,frame_0826.png
826,21009,0x1840,$02:9274,E0,151.0,176.0,True,frame_0826.png
826,21009,0x1880,$02:90F0,C8,152.0,196.0,True,frame_0826.png
826,21009,0x18C0,$02:9274,E0,152.0,188.0,True,frame_0826.png
826,21009,0x1900,$02:9131,C8,11.5,184.0,True,frame_0826.png
826,21009,0x1940,$02:9274,E0,11.0,176.0,True,frame_0826.png
826,21009,0x1AC0,$04:F97F,CC,141.0,171.0,True,frame_0826.png
826,21009,0x1B00,$04:F97F,CC,2.0,117.828,True,frame_0826.png
828,21011,0x1000,$04:DF96,C8,91.5,48.0,True,frame_0828.png
828,21011,0x10C0,$04:E6AF,C8,185.0,48.0,True,frame_0828.png
828,21011,0x1400,$04:FABA,C8,75.438,108.242,True,frame_0828.png
828,21011,0x16C0,$02:91FF,D8,169.871,184.0,True,frame_0828.png
828,21011,0x1700,$02:9274,E0,169.0,176.0,True,frame_0828.png
828,21011,0x1740,$02:9119,C8,166.816,196.0,True,frame_0828.png
828,21011,0x1780,$02:9274,E0,166.0,188.0,True,frame_0828.png
828,21011,0x1800,$02:91DB,D8,150.0,184.0,True,frame_0828.png
828,21011,0x1840,$02:9274,E0,150.0,176.0,True,frame_0828.png
828,21011,0x1880,$02:90F0,C8,150.0,196.0,True,frame_0828.png
828,21011,0x18C0,$02:9274,E0,150.0,188.0,True,frame_0828.png
828,21011,0x1900,$02:9131,C8,12.125,184.0,True,frame_0828.png
828,21011,0x1940,$02:9274,E0,12.0,176.0,True,frame_0828.png
828,21011,0x1AC0,$04:F97F,CC,139.758,168.0,True,frame_0828.png
828,21011,0x1B00,$04:F97F,CC,-1.0,116.586,False,frame_0828.png
830,21013,0x1000,$04:DF96,C8,86.5,48.0,True,frame_0830.png
830,21013,0x10C0,$04:E6AF,C8,207.0,48.0,True,frame_0830.png
830,21013,0x1400,$04:FABA,C8,74.562,107.562,True,frame_0830.png
830,21013,0x16C0,$02:91FF,D8,168.871,184.0,True,frame_0830.png
830,21013,0x1700,$02:9274,E0,168.0,176.0,True,frame_0830.png
830,21013,0x1740,$02:9119,C8,167.391,196.0,True,frame_0830.png
830,21013,0x1780,$02:9274,E0,167.0,188.0,True,frame_0830.png
830,21013,0x1800,$02:91DB,D8,149.0,184.0,True,frame_0830.png
830,21013,0x1840,$02:9274,E0,149.0,176.0,True,frame_0830.png
830,21013,0x1880,$02:90F0,C8,148.0,196.0,True,frame_0830.png
830,21013,0x18C0,$02:9274,E0,148.0,188.0,True,frame_0830.png
830,21013,0x1900,$02:9131,C8,12.75,184.0,True,frame_0830.png
830,21013,0x1940,$02:9274,E0,12.0,176.0,True,frame_0830.png
830,21013,0x1AC0,$04:F97F,CC,138.516,165.0,True,frame_0830.png
830,21013,0x1B00,$04:F97F,CC,-4.0,115.344,False,frame_0830.png
832,21015,0x1000,$04:DF96,C8,81.5,48.0,True,frame_0832.png
832,21015,0x10C0,$04:E6AF,C8,229.0,48.0,True,frame_0832.png
832,21015,0x1400,$04:FABA,C8,73.688,106.852,True,frame_0832.png
832,21015,0x16C0,$02:91FF,D8,167.871,184.0,True,frame_0832.png
832,21015,0x1700,$02:9274,E0,167.0,176.0,True,frame_0832.png
832,21015,0x1740,$02:9119,C8,167.949,196.0,True,frame_0832.png
832,21015,0x1780,$02:9274,E0,167.0,188.0,True,frame_0832.png
832,21015,0x1800,$02:91DB,D8,148.0,184.0,True,frame_0832.png
832,21015,0x1840,$02:9274,E0,148.0,176.0,True,frame_0832.png
832,21015,0x1880,$02:90F0,C8,146.0,196.0,True,frame_0832.png
832,21015,0x18C0,$02:9274,E0,146.0,188.0,True,frame_0832.png
832,21015,0x1900,$02:9131,C8,13.375,184.0,True,frame_0832.png
832,21015,0x1940,$02:9274,E0,13.0,176.0,True,frame_0832.png
832,21015,0x1AC0,$04:F97F,CC,137.273,162.0,True,frame_0832.png
832,21015,0x1B00,$04:F97F,CC,-7.0,114.102,False,frame_0832.png
834,21017,0x1000,$04:DF96,C8,76.5,48.0,True,frame_0834.png
834,21017,0x1080,$04:E6AF,C8,82.0,48.0,True,frame_0834.png
834,21017,0x10C0,$04:E6AF,C8,251.0,48.0,True,frame_0834.png
834,21017,0x1400,$04:FABA,C8,72.812,106.109,True,frame_0834.png
834,21017,0x16C0,$02:91FF,D8,166.871,184.0,True,frame_0834.png
834,21017,0x1700,$02:9274,E0,166.0,176.0,True,frame_0834.png
834,21017,0x1740,$02:9119,C8,168.492,196.0,True,frame_0834.png
834,21017,0x1780,$02:9274,E0,168.0,188.0,True,frame_0834.png
834,21017,0x1800,$02:91DB,D8,147.0,184.0,True,frame_0834.png
834,21017,0x1840,$02:9274,E0,147.0,176.0,True,frame_0834.png
834,21017,0x1880,$02:91DB,D8,145.0,196.0,True,frame_0834.png
834,21017,0x18C0,$02:9274,E0,145.0,188.0,True,frame_0834.png
834,21017,0x1900,$02:9131,C8,14.0,184.0,True,frame_0834.png
834,21017,0x1940,$02:9274,E0,14.0,176.0,True,frame_0834.png
834,21017,0x1AC0,$04:F97F,CC,136.031,159.0,True,frame_0834.png
834,21017,0x1B00,$04:F97F,CC,-10.0,112.859,False,frame_0834.png
836,21019,0x1000,$04:DF96,C8,71.5,48.0,True,frame_0836.png
836,21019,0x1080,$04:E6AF,C8,104.0,48.0,True,frame_0836.png
836,21019,0x1400,$04:FABA,C8,71.938,105.336,True,frame_0836.png
836,21019,0x16C0,$02:91FF,D8,165.871,184.0,True,frame_0836.png
836,21019,0x1700,$02:9274,E0,165.0,176.0,True,frame_0836.png
836,21019,0x1740,$02:9119,C8,169.02,196.0,True,frame_0836.png
836,21019,0x1780,$02:9274,E0,169.0,188.0,True,frame_0836.png
836,21019,0x1800,$02:91DB,D8,146.0,184.0,True,frame_0836.png
836,21019,0x1840,$02:9274,E0,146.0,176.0,True,frame_0836.png
836,21019,0x1880,$02:91DB,D8,144.0,196.0,True,frame_0836.png
836,21019,0x18C0,$02:9274,E0,144.0,188.0,True,frame_0836.png
836,21019,0x1900,$02:9131,C8,14.625,184.0,True,frame_0836.png
836,21019,0x1940,$02:9274,E0,14.0,176.0,True,frame_0836.png
836,21019,0x1AC0,$04:F97F,CC,134.789,156.0,True,frame_0836.png
836,21019,0x1B00,$04:F97F,CC,-13.0,111.617,False,frame_0836.png
838,21021,0x1000,$04:DF96,C8,66.5,48.0,True,frame_0838.png
838,21021,0x1080,$04:E6AF,C8,126.0,48.0,True,frame_0838.png
838,21021,0x1400,$04:FABA,C8,71.062,104.531,True,frame_0838.png
838,21021,0x16C0,$02:91FF,D8,164.871,184.0,True,frame_0838.png
838,21021,0x1700,$02:9274,E0,164.0,176.0,True,frame_0838.png
838,21021,0x1740,$02:9119,C8,169.531,196.0,True,frame_0838.png
838,21021,0x1780,$02:9274,E0,169.0,188.0,True,frame_0838.png
838,21021,0x1800,$02:9119,C8,145.0,184.0,True,frame_0838.png
838,21021,0x1840,$02:9274,E0,145.0,176.0,True,frame_0838.png
838,21021,0x1880,$02:91DB,D8,143.0,196.0,True,frame_0838.png
838,21021,0x18C0,$02:9274,E0,143.0,188.0,True,frame_0838.png
838,21021,0x1900,$02:9131,C8,15.25,184.0,True,frame_0838.png
838,21021,0x1940,$02:9274,E0,15.0,176.0,True,frame_0838.png
838,21021,0x1AC0,$04:F97F,CC,133.547,153.0,True,frame_0838.png
838,21021,0x1B00,$04:F97F,CC,-16.0,110.375,False,frame_0838.png
840,21023,0x1000,$04:DF96,C8,61.5,48.0,True,frame_0840.png
840,21023,0x1080,$04:E6AF,C8,148.0,48.0,True,frame_0840.png
840,21023,0x1400,$04:FABA,C8,70.188,103.695,True,frame_0840.png
840,21023,0x16C0,$02:91FF,D8,163.871,184.0,True,frame_0840.png
840,21023,0x1700,$02:9274,E0,163.0,176.0,True,frame_0840.png
840,21023,0x1740,$02:9119,C8,170.027,196.0,True,frame_0840.png
840,21023,0x1780,$02:9274,E0,170.0,188.0,True,frame_0840.png
840,21023,0x1800,$02:9119,C8,145.625,184.0,True,frame_0840.png
840,21023,0x1840,$02:9274,E0,145.0,176.0,True,frame_0840.png
840,21023,0x1880,$02:91DB,D8,142.0,196.0,True,frame_0840.png
840,21023,0x18C0,$02:9274,E0,142.0,188.0,True,frame_0840.png
840,21023,0x1900,$02:9131,C8,15.875,184.0,True,frame_0840.png
840,21023,0x1940,$02:9274,E0,15.0,176.0,True,frame_0840.png
840,21023,0x1AC0,$04:F97F,CC,132.305,150.0,True,frame_0840.png
840,21023,0x1B00,$04:F97F,CC,-19.0,109.133,False,frame_0840.png
842,21025,0x1000,$04:DF96,C8,56.5,48.0,True,frame_0842.png
842,21025,0x1080,$04:E6AF,C8,170.0,48.0,True,frame_0842.png
842,21025,0x1400,$04:FABA,C8,69.312,102.828,True,frame_0842.png
842,21025,0x16C0,$02:9166,C8,162.871,184.0,True,frame_0842.png
842,21025,0x1700,$02:9274,E0,162.0,176.0,True,frame_0842.png
842,21025,0x1740,$02:9119,C8,170.508,196.0,True,frame_0842.png
842,21025,0x1780,$02:9274,E0,170.0,188.0,True,frame_0842.png
842,21025,0x1800,$02:9119,C8,146.25,184.0,True,frame_0842.png
842,21025,0x1840,$02:9274,E0,146.0,176.0,True,frame_0842.png
842,21025,0x1880,$02:91DB,D8,141.0,196.0,True,frame_0842.png
842,21025,0x18C0,$02:9274,E0,141.0,188.0,True,frame_0842.png
842,21025,0x1900,$02:9131,C8,16.5,184.0,True,frame_0842.png
842,21025,0x1940,$02:9274,E0,16.0,176.0,True,frame_0842.png
842,21025,0x1AC0,$04:F97F,CC,131.062,147.0,True,frame_0842.png
842,21025,0x1B00,$04:F97F,CC,-22.0,107.891,False,frame_0842.png
844,21027,0x1000,$04:DF96,C8,51.5,48.0,True,frame_0844.png
844,21027,0x1080,$04:E6AF,C8,192.0,48.0,True,frame_0844.png
844,21027,0x10C0,$04:E6AF,C8,57.0,48.0,True,frame_0844.png
844,21027,0x1400,$04:FABA,C8,68.438,101.93,True,frame_0844.png
844,21027,0x16C0,$02:9166,C8,160.871,184.0,True,frame_0844.png
844,21027,0x1700,$02:9274,E0,160.0,176.0,True,frame_0844.png
844,21027,0x1740,$02:9119,C8,170.973,196.0,True,frame_0844.png
844,21027,0x1780,$02:9274,E0,170.0,188.0,True,frame_0844.png
844,21027,0x1800,$02:9119,C8,146.875,184.0,True,frame_0844.png
844,21027,0x1840,$02:9274,E0,146.0,176.0,True,frame_0844.png
844,21027,0x1880,$02:91DB,D8,140.0,196.0,True,frame_0844.png
844,21027,0x18C0,$02:9274,E0,140.0,188.0,True,frame_0844.png
844,21027,0x1900,$02:9131,C8,17.125,184.0,True,frame_0844.png
844,21027,0x1940,$02:9274,E0,17.0,176.0,True,frame_0844.png
844,21027,0x1AC0,$04:F97F,CC,129.82,144.0,True,frame_0844.png
844,21027,0x1B00,$04:F97F,CC,-25.0,106.648,False,frame_0844.png
846,21029,0x1000,$04:DF96,C8,46.5,48.0,True,frame_0846.png
846,21029,0x1080,$04:E6AF,C8,214.0,48.0,True,frame_0846.png
846,21029,0x10C0,$04:E6AF,C8,79.0,48.0,True,frame_0846.png
846,21029,0x1400,$04:FABA,C8,67.5,101.0,True,frame_0846.png
846,21029,0x16C0,$02:9166,C8,158.871,184.0,True,frame_0846.png
846,21029,0x1700,$02:9274,E0,158.0,176.0,True,frame_0846.png
846,21029,0x1740,$02:9119,C8,171.422,196.0,True,frame_0846.png
846,21029,0x1780,$02:9274,E0,171.0,188.0,True,frame_0846.png
846,21029,0x1800,$02:9119,C8,147.5,184.0,True,frame_0846.png
846,21029,0x1840,$02:9274,E0,147.0,176.0,True,frame_0846.png
846,21029,0x1880,$02:91DB,D8,139.0,196.0,True,frame_0846.png
846,21029,0x18C0,$02:9274,E0,139.0,188.0,True,frame_0846.png
846,21029,0x1900,$02:9131,C8,17.75,184.0,True,frame_0846.png
846,21029,0x1940,$02:9274,E0,17.0,176.0,True,frame_0846.png
846,21029,0x1AC0,$04:F97F,CC,128.578,141.0,True,frame_0846.png
846,21029,0x1B00,$04:F97F,CC,-28.0,105.406,False,frame_0846.png
848,21031,0x1000,$04:DF96,C8,41.5,48.0,True,frame_0848.png
848,21031,0x1080,$04:E6AF,C8,236.0,48.0,True,frame_0848.png
848,21031,0x10C0,$04:E6AF,C8,101.0,48.0,True,frame_0848.png
848,21031,0x1400,$04:FABA,C8,66.5,100.086,True,frame_0848.png
848,21031,0x16C0,$02:9166,C8,156.871,184.0,True,frame_0848.png
848,21031,0x1700,$02:9274,E0,156.0,176.0,True,frame_0848.png
848,21031,0x1740,$02:9119,C8,171.855,196.0,True,frame_0848.png
848,21031,0x1780,$02:9274,E0,171.0,188.0,True,frame_0848.png
848,21031,0x1800,$02:9119,C8,148.125,184.0,True,frame_0848.png
848,21031,0x1840,$02:9274,E0,148.0,176.0,True,frame_0848.png
848,21031,0x1880,$02:91DB,D8,138.0,196.0,True,frame_0848.png
848,21031,0x18C0,$02:9274,E0,138.0,188.0,True,frame_0848.png
848,21031,0x1900,$02:9131,C8,18.375,184.0,True,frame_0848.png
848,21031,0x1940,$02:9274,E0,18.0,176.0,True,frame_0848.png
848,21031,0x1AC0,$04:F97F,CC,127.336,138.0,True,frame_0848.png
848,21031,0x1B00,$04:F97F,CC,-31.0,104.164,False,frame_0848.png
850,21033,0x1000,$04:DF96,C8,36.5,48.0,True,frame_0850.png
850,21033,0x10C0,$04:E6AF,C8,123.0,48.0,True,frame_0850.png
850,21033,0x1400,$04:FABA,C8,65.5,99.203,True,frame_0850.png
850,21033,0x16C0,$02:9166,C8,154.871,184.0,True,frame_0850.png
850,21033,0x1700,$02:9274,E0,154.0,176.0,True,frame_0850.png
850,21033,0x1740,$02:9119,C8,172.273,196.0,True,frame_0850.png
850,21033,0x1780,$02:9274,E0,172.0,188.0,True,frame_0850.png
850,21033,0x1800,$02:9119,C8,148.75,184.0,True,frame_0850.png
850,21033,0x1840,$02:9274,E0,148.0,176.0,True,frame_0850.png
850,21033,0x1880,$02:91DB,D8,137.0,196.0,True,frame_0850.png
850,21033,0x18C0,$02:9274,E0,137.0,188.0,True,frame_0850.png
850,21033,0x1900,$02:9131,C8,19.0,184.0,True,frame_0850.png
850,21033,0x1940,$02:9274,E0,19.0,176.0,True,frame_0850.png
850,21033,0x1AC0,$04:F97F,CC,126.094,135.0,True,frame_0850.png
850,21033,0x1B00,$04:F97F,CC,-34.0,102.922,False,frame_0850.png
852,21035,0x1000,$04:DF96,C8,31.5,48.0,True,frame_0852.png
852,21035,0x10C0,$04:E6AF,C8,145.0,48.0,True,frame_0852.png
852,21035,0x1400,$04:FABA,C8,64.5,98.352,True,frame_0852.png
852,21035,0x16C0,$02:9166,C8,152.871,184.0,True,frame_0852.png
852,21035,0x1700,$02:9274,E0,152.0,176.0,True,frame_0852.png
852,21035,0x1740,$02:9119,C8,172.676,196.0,True,frame_0852.png
852,21035,0x1780,$02:9274,E0,172.0,188.0,True,frame_0852.png
852,21035,0x1800,$02:9119,C8,149.375,184.0,True,frame_0852.png
852,21035,0x1840,$02:9274,E0,149.0,176.0,True,frame_0852.png
852,21035,0x1880,$02:91DB,D8,136.0,196.0,True,frame_0852.png
852,21035,0x18C0,$02:9274,E0,136.0,188.0,True,frame_0852.png
852,21035,0x1900,$02:9131,C8,19.625,184.0,True,frame_0852.png
852,21035,0x1940,$02:9274,E0,19.0,176.0,True,frame_0852.png
852,21035,0x1AC0,$04:F97F,CC,124.852,132.0,True,frame_0852.png
854,21037,0x1000,$04:DF96,C8,26.5,48.0,True,frame_0854.png
854,21037,0x10C0,$04:E6AF,C8,167.0,48.0,True,frame_0854.png
854,21037,0x1400,$04:FABA,C8,63.5,97.531,True,frame_0854.png
854,21037,0x16C0,$02:9166,C8,150.871,184.0,True,frame_0854.png
854,21037,0x1700,$02:9274,E0,150.0,176.0,True,frame_0854.png
854,21037,0x1740,$02:91FF,D8,172.871,196.0,True,frame_0854.png
854,21037,0x1780,$02:9274,E0,172.0,188.0,True,frame_0854.png
854,21037,0x1800,$02:9119,C8,150.0,184.0,True,frame_0854.png
854,21037,0x1840,$02:9274,E0,150.0,176.0,True,frame_0854.png
854,21037,0x1880,$02:9119,C8,135.0,196.0,True,frame_0854.png
854,21037,0x18C0,$02:9274,E0,135.0,188.0,True,frame_0854.png
854,21037,0x1900,$02:9131,C8,20.25,184.0,True,frame_0854.png
854,21037,0x1940,$02:9274,E0,20.0,176.0,True,frame_0854.png
854,21037,0x1AC0,$04:F97F,CC,123.609,129.0,True,frame_0854.png
856,21039,0x1000,$04:DF96,C8,21.5,48.0,True,frame_0856.png
856,21039,0x10C0,$04:E6AF,C8,189.0,48.0,True,frame_0856.png
856,21039,0x1400,$04:FABA,C8,62.5,96.742,True,frame_0856.png
856,21039,0x16C0,$02:9166,C8,148.871,184.0,True,frame_0856.png
856,21039,0x1700,$02:9274,E0,148.0,176.0,True,frame_0856.png
856,21039,0x1740,$02:91FF,D8,171.871,196.0,True,frame_0856.png
856,21039,0x1780,$02:9274,E0,171.0,188.0,True,frame_0856.png
856,21039,0x1800,$02:9119,C8,150.625,184.0,True,frame_0856.png
856,21039,0x1840,$02:9274,E0,150.0,176.0,True,frame_0856.png
856,21039,0x1880,$02:9119,C8,135.625,196.0,True,frame_0856.png
856,21039,0x18C0,$02:9274,E0,135.0,188.0,True,frame_0856.png
856,21039,0x1900,$02:9131,C8,20.875,184.0,True,frame_0856.png
856,21039,0x1940,$02:9274,E0,20.0,176.0,True,frame_0856.png
856,21039,0x1AC0,$04:F97F,CC,122.367,126.0,True,frame_0856.png
858,21041,0x1000,$04:DF96,C8,16.5,48.0,True,frame_0858.png
858,21041,0x1080,$04:E6AF,C8,22.0,48.0,True,frame_0858.png
858,21041,0x10C0,$04:E6AF,C8,211.0,48.0,True,frame_0858.png
858,21041,0x1400,$04:FABA,C8,61.5,95.984,True,frame_0858.png
858,21041,0x16C0,$02:9166,C8,146.871,184.0,True,frame_0858.png
858,21041,0x1700,$02:9274,E0,146.0,176.0,True,frame_0858.png
858,21041,0x1740,$02:91FF,D8,170.871,196.0,True,frame_0858.png
858,21041,0x1780,$02:9274,E0,170.0,188.0,True,frame_0858.png
858,21041,0x1800,$02:9119,C8,151.25,184.0,True,frame_0858.png
858,21041,0x1840,$02:9274,E0,151.0,176.0,True,frame_0858.png
858,21041,0x1880,$02:9119,C8,136.25,196.0,True,frame_0858.png
858,21041,0x18C0,$02:9274,E0,136.0,188.0,True,frame_0858.png
858,21041,0x1900,$02:9131,C8,21.5,184.0,True,frame_0858.png
858,21041,0x1940,$02:9274,E0,21.0,176.0,True,frame_0858.png
858,21041,0x1AC0,$04:F97F,CC,121.125,123.0,True,frame_0858.png
860,21043,0x1000,$04:DF96,C8,16.5,53.0,True,frame_0860.png
860,21043,0x1080,$04:E6AF,C8,44.0,48.0,True,frame_0860.png
860,21043,0x10C0,$04:E6AF,C8,233.0,48.0,True,frame_0860.png
860,21043,0x1400,$04:FABA,C8,60.5,95.258,True,frame_0860.png
860,21043,0x16C0,$02:9166,C8,144.871,184.0,True,frame_0860.png
860,21043,0x1700,$02:9274,E0,144.0,176.0,True,frame_0860.png
860,21043,0x1740,$02:91FF,D8,169.871,196.0,True,frame_0860.png
860,21043,0x1780,$02:9274,E0,169.0,188.0,True,frame_0860.png
860,21043,0x1800,$02:9119,C8,151.875,184.0,True,frame_0860.png
860,21043,0x1840,$02:9274,E0,151.0,176.0,True,frame_0860.png
860,21043,0x1880,$02:9119,C8,136.875,196.0,True,frame_0860.png
860,21043,0x18C0,$02:9274,E0,136.0,188.0,True,frame_0860.png
860,21043,0x1900,$02:9131,C8,22.125,184.0,True,frame_0860.png
860,21043,0x1940,$02:9274,E0,22.0,176.0,True,frame_0860.png
860,21043,0x1AC0,$04:F97F,CC,119.883,120.0,True,frame_0860.png
862,21045,0x1000,$04:DF96,C8,16.5,58.0,True,frame_0862.png
862,21045,0x1080,$04:E6AF,C8,66.0,48.0,True,frame_0862.png
862,21045,0x1400,$04:FABA,C8,59.5,94.562,True,frame_0862.png
862,21045,0x16C0,$02:9166,C8,142.871,184.0,True,frame_0862.png
862,21045,0x1700,$02:9274,E0,142.0,176.0,True,frame_0862.png
862,21045,0x1740,$02:91FF,D8,168.871,196.0,True,frame_0862.png
862,21045,0x1780,$02:9274,E0,168.0,188.0,True,frame_0862.png
862,21045,0x1800,$02:9119,C8,152.5,184.0,True,frame_0862.png
862,21045,0x1840,$02:9274,E0,152.0,176.0,True,frame_0862.png
862,21045,0x1880,$02:9119,C8,137.5,196.0,True,frame_0862.png
862,21045,0x18C0,$02:9274,E0,137.0,188.0,True,frame_0862.png
862,21045,0x1900,$02:9131,C8,22.75,184.0,True,frame_0862.png
862,21045,0x1940,$02:9274,E0,22.0,176.0,True,frame_0862.png
862,21045,0x1AC0,$04:F97F,CC,118.641,117.0,True,frame_0862.png
864,21047,0x1000,$04:DF96,C8,16.5,63.0,True,frame_0864.png
864,21047,0x1080,$04:E6AF,C8,88.0,48.0,True,frame_0864.png
864,21047,0x1400,$04:FABA,C8,58.5,93.898,True,frame_0864.png
864,21047,0x16C0,$02:9166,C8,140.871,184.0,True,frame_0864.png
864,21047,0x1700,$02:9274,E0,140.0,176.0,True,frame_0864.png
864,21047,0x1740,$02:91FF,D8,167.871,196.0,True,frame_0864.png
864,21047,0x1780,$02:9274,E0,167.0,188.0,True,frame_0864.png
864,21047,0x1800,$02:9119,C8,153.125,184.0,True,frame_0864.png
864,21047,0x1840,$02:9274,E0,153.0,176.0,True,frame_0864.png
864,21047,0x1880,$02:9119,C8,138.125,196.0,True,frame_0864.png
864,21047,0x18C0,$02:9274,E0,138.0,188.0,True,frame_0864.png
864,21047,0x1900,$02:9131,C8,23.375,184.0,True,frame_0864.png
864,21047,0x1940,$02:9274,E0,23.0,176.0,True,frame_0864.png
864,21047,0x1AC0,$04:F97F,CC,117.398,114.0,True,frame_0864.png
866,21049,0x1000,$04:DF96,C8,16.5,68.0,True,frame_0866.png
866,21049,0x1080,$04:E6AF,C8,110.0,48.0,True,frame_0866.png
866,21049,0x1400,$04:FABA,C8,57.5,93.266,True,frame_0866.png
866,21049,0x16C0,$02:9166,C8,138.871,184.0,True,frame_0866.png
866,21049,0x1700,$02:9274,E0,138.0,176.0,True,frame_0866.png
866,21049,0x1740,$02:91FF,D8,166.871,196.0,True,frame_0866.png
866,21049,0x1780,$02:9274,E0,166.0,188.0,True,frame_0866.png
866,21049,0x17C0,$02:AFA5,80,151.188,104.0,True,frame_0866.png
866,21049,0x1800,$02:9119,C8,153.75,184.0,True,frame_0866.png
866,21049,0x1840,$02:9274,E0,153.0,176.0,True,frame_0866.png
866,21049,0x1880,$02:9119,C8,138.75,196.0,True,frame_0866.png
866,21049,0x18C0,$02:9274,E0,138.0,188.0,True,frame_0866.png
866,21049,0x1900,$02:9131,C8,24.0,184.0,True,frame_0866.png
866,21049,0x1940,$02:9274,E0,24.0,176.0,True,frame_0866.png
866,21049,0x1AC0,$04:F97F,CC,116.156,111.0,True,frame_0866.png
868,21051,0x1000,$04:DF96,C8,16.5,73.0,True,frame_0868.png
868,21051,0x1080,$04:E6AF,C8,132.0,48.0,True,frame_0868.png
868,21051,0x10C0,$04:E6AF,C8,22.0,73.0,True,frame_0868.png
868,21051,0x1400,$04:FABA,C8,56.5,92.664,True,frame_0868.png
868,21051,0x16C0,$02:9166,C8,136.871,184.0,True,frame_0868.png
868,21051,0x1700,$02:9274,E0,136.0,176.0,True,frame_0868.png
868,21051,0x1740,$02:91FF,D8,165.871,196.0,True,frame_0868.png
868,21051,0x1780,$02:9274,E0,165.0,188.0,True,frame_0868.png
868,21051,0x17C0,$02:AFA5,80,151.188,104.0,True,frame_0868.png
868,21051,0x1800,$02:9119,C8,154.375,184.0,True,frame_0868.png
868,21051,0x1840,$02:9274,E0,154.0,176.0,True,frame_0868.png
868,21051,0x1880,$02:9119,C8,139.375,196.0,True,frame_0868.png
868,21051,0x18C0,$02:9274,E0,139.0,188.0,True,frame_0868.png
868,21051,0x1900,$02:9131,C8,24.625,184.0,True,frame_0868.png
868,21051,0x1940,$02:9274,E0,24.0,176.0,True,frame_0868.png
868,21051,0x1980,$02:B04A,C8,270.5,96.0,False,frame_0868.png
868,21051,0x1AC0,$04:F97F,CC,114.914,108.0,True,frame_0868.png
870,21053,0x1000,$04:DF96,C8,16.5,78.0,True,frame_0870.png
870,21053,0x1080,$04:E6AF,C8,154.0,48.0,True,frame_0870.png
870,21053,0x10C0,$04:E6AF,C8,44.0,73.0,True,frame_0870.png
870,21053,0x1400,$04:FABA,C8,55.5,92.094,True,frame_0870.png
870,21053,0x16C0,$02:9166,C8,134.871,184.0,True,frame_0870.png
870,21053,0x1700,$02:9274,E0,134.0,176.0,True,frame_0870.png
870,21053,0x1740,$02:91FF,D8,164.871,196.0,True,frame_0870.png
870,21053,0x1780,$02:9274,E0,164.0,188.0,True,frame_0870.png
870,21053,0x17C0,$02:AFA5,80,151.188,104.0,True,frame_0870.png
870,21053,0x1800,$02:9119,C8,155.0,184.0,True,frame_0870.png
870,21053,0x1840,$02:9274,E0,155.0,176.0,True,frame_0870.png
870,21053,0x1880,$02:9119,C8,140.0,196.0,True,frame_0870.png
870,21053,0x18C0,$02:9274,E0,140.0,188.0,True,frame_0870.png
870,21053,0x1900,$02:9131,C8,25.25,184.0,True,frame_0870.png
870,21053,0x1940,$02:9274,E0,25.0,176.0,True,frame_0870.png
870,21053,0x1980,$02:B04A,C8,267.5,96.0,False,frame_0870.png
870,21053,0x1AC0,$04:F97F,CC,113.672,105.0,True,frame_0870.png
872,21055,0x1000,$04:DF96,C8,16.5,83.0,True,frame_0872.png
872,21055,0x1080,$04:E6AF,C8,176.0,48.0,True,frame_0872.png
872,21055,0x10C0,$04:E6AF,C8,66.0,73.0,True,frame_0872.png
872,21055,0x1400,$04:FABA,C8,54.5,91.555,True,frame_0872.png
872,21055,0x16C0,$02:9166,C8,132.871,184.0,True,frame_0872.png
872,21055,0x1700,$02:9274,E0,132.0,176.0,True,frame_0872.png
872,21055,0x1740,$02:91FF,D8,163.871,196.0,True,frame_0872.png
872,21055,0x1780,$02:9274,E0,163.0,188.0,True,frame_0872.png
872,21055,0x17C0,$02:AFA5,80,151.188,104.0,True,frame_0872.png
872,21055,0x1800,$02:9119,C8,155.625,184.0,True,frame_0872.png
872,21055,0x1840,$02:9274,E0,155.0,176.0,True,frame_0872.png
872,21055,0x1880,$02:9119,C8,140.625,196.0,True,frame_0872.png
872,21055,0x18C0,$02:9274,E0,140.0,188.0,True,frame_0872.png
872,21055,0x1900,$02:9131,C8,25.875,184.0,True,frame_0872.png
872,21055,0x1940,$02:9274,E0,25.0,176.0,True,frame_0872.png
872,21055,0x1980,$02:B04A,C8,264.5,96.0,False,frame_0872.png
872,21055,0x1AC0,$04:F97F,CC,112.43,102.0,True,frame_0872.png
874,21057,0x1000,$04:DF96,C8,16.5,88.0,True,frame_0874.png
874,21057,0x1080,$04:E6AF,C8,198.0,48.0,True,frame_0874.png
874,21057,0x10C0,$04:E6AF,C8,88.0,73.0,True,frame_0874.png
874,21057,0x1400,$04:FABA,C8,53.5,91.047,True,frame_0874.png
874,21057,0x16C0,$02:9166,C8,130.871,184.0,True,frame_0874.png
874,21057,0x1700,$02:9274,E0,130.0,176.0,True,frame_0874.png
874,21057,0x1740,$02:9166,C8,162.871,196.0,True,frame_0874.png
874,21057,0x1780,$02:9274,E0,162.0,188.0,True,frame_0874.png
874,21057,0x17C0,$02:AFA5,80,151.188,104.0,True,frame_0874.png
874,21057,0x1800,$02:9119,C8,156.25,184.0,True,frame_0874.png
874,21057,0x1840,$02:9274,E0,156.0,176.0,True,frame_0874.png
874,21057,0x1880,$02:9119,C8,141.25,196.0,True,frame_0874.png
874,21057,0x18C0,$02:9274,E0,141.0,188.0,True,frame_0874.png
874,21057,0x1900,$02:9131,C8,26.5,184.0,True,frame_0874.png
874,21057,0x1940,$02:9274,E0,26.0,176.0,True,frame_0874.png
874,21057,0x1980,$02:B04A,C8,261.5,96.0,False,frame_0874.png
874,21057,0x1AC0,$04:F97F,CC,111.188,99.0,True,frame_0874.png
876,21059,0x1000,$04:DF96,C8,16.5,93.0,True,frame_0876.png
876,21059,0x1080,$04:E6AF,C8,220.0,48.0,True,frame_0876.png
876,21059,0x10C0,$04:E6AF,C8,110.0,73.0,True,frame_0876.png
876,21059,0x1400,$04:FABA,C8,52.5,90.57,True,frame_0876.png
876,21059,0x16C0,$02:9166,C8,128.871,184.0,True,frame_0876.png
876,21059,0x1700,$02:9274,E0,128.0,176.0,True,frame_0876.png
876,21059,0x1740,$02:9166,C8,160.871,196.0,True,frame_0876.png
876,21059,0x1780,$02:9274,E0,160.0,188.0,True,frame_0876.png
876,21059,0x17C0,$02:AFA5,80,151.188,104.0,True,frame_0876.png
876,21059,0x1800,$02:9119,C8,156.875,184.0,True,frame_0876.png
876,21059,0x1840,$02:9274,E0,156.0,176.0,True,frame_0876.png
876,21059,0x1880,$02:9119,C8,141.875,196.0,True,frame_0876.png
876,21059,0x18C0,$02:9274,E0,141.0,188.0,True,frame_0876.png
876,21059,0x1900,$02:9131,C8,27.125,184.0,True,frame_0876.png
876,21059,0x1940,$02:9274,E0,27.0,176.0,True,frame_0876.png
876,21059,0x1980,$02:B04A,C8,258.5,96.0,False,frame_0876.png
876,21059,0x1AC0,$04:F97F,CC,109.945,96.0,True,frame_0876.png
878,21061,0x1000,$04:DF96,C8,16.5,98.0,True,frame_0878.png
878,21061,0x1080,$04:E6AF,C8,242.0,48.0,True,frame_0878.png
878,21061,0x10C0,$04:E6AF,C8,132.0,73.0,True,frame_0878.png
878,21061,0x1400,$04:FABA,C8,51.5,90.125,True,frame_0878.png
878,21061,0x16C0,$02:9166,C8,126.871,184.0,True,frame_0878.png
878,21061,0x1700,$02:9274,E0,126.0,176.0,True,frame_0878.png
878,21061,0x1740,$02:9166,C8,158.871,196.0,True,frame_0878.png
878,21061,0x1780,$02:9274,E0,158.0,188.0,True,frame_0878.png
878,21061,0x17C0,$02:AFA5,80,151.188,104.0,True,frame_0878.png
878,21061,0x1800,$02:9119,C8,157.5,184.0,True,frame_0878.png
878,21061,0x1840,$02:9274,E0,157.0,176.0,True,frame_0878.png
878,21061,0x1880,$02:9119,C8,142.5,196.0,True,frame_0878.png
878,21061,0x18C0,$02:9274,E0,142.0,188.0,True,frame_0878.png
878,21061,0x1900,$02:9131,C8,27.75,184.0,True,frame_0878.png
878,21061,0x1940,$02:9274,E0,27.0,176.0,True,frame_0878.png
878,21061,0x1980,$02:B04A,C8,255.754,95.168,True,frame_0878.png
878,21061,0x1AC0,$04:F97F,CC,108.703,93.0,True,frame_0878.png
880,21063,0x1000,$04:DF96,C8,16.5,103.0,True,frame_0880.png
880,21063,0x10C0,$04:E6AF,C8,154.0,73.0,True,frame_0880.png
880,21063,0x1400,$04:FABA,C8,50.5,89.711,True,frame_0880.png
880,21063,0x16C0,$02:9166,C8,124.871,184.0,True,frame_0880.png
880,21063,0x1700,$02:9274,E0,124.0,176.0,True,frame_0880.png
880,21063,0x1740,$02:9166,C8,156.871,196.0,True,frame_0880.png
880,21063,0x1780,$02:9274,E0,156.0,188.0,True,frame_0880.png
880,21063,0x17C0,$02:AFA5,80,151.188,104.0,True,frame_0880.png
880,21063,0x1800,$02:9119,C8,158.125,184.0,True,frame_0880.png
880,21063,0x1840,$02:9274,E0,158.0,176.0,True,frame_0880.png
880,21063,0x1880,$02:9119,C8,143.125,196.0,True,frame_0880.png
880,21063,0x18C0,$02:9274,E0,143.0,188.0,True,frame_0880.png
880,21063,0x1900,$02:9131,C8,28.375,184.0,True,frame_0880.png
880,21063,0x1940,$02:9274,E0,28.0,176.0,True,frame_0880.png
880,21063,0x1980,$02:B04A,C8,253.262,93.504,True,frame_0880.png
880,21063,0x1AC0,$04:F97F,CC,107.461,90.0,True,frame_0880.png
882,21065,0x1000,$04:DF96,C8,16.5,108.0,True,frame_0882.png
882,21065,0x1080,$04:E6AF,C8,22.0,108.0,True,frame_0882.png
882,21065,0x10C0,$04:E6AF,C8,176.0,73.0,True,frame_0882.png
882,21065,0x1400,$04:FABA,C8,49.5,89.328,True,frame_0882.png
882,21065,0x16C0,$02:9166,C8,122.871,184.0,True,frame_0882.png
882,21065,0x1700,$02:9274,E0,122.0,176.0,True,frame_0882.png
882,21065,0x1740,$02:9166,C8,154.871,196.0,True,frame_0882.png
882,21065,0x1780,$02:9274,E0,154.0,188.0,True,frame_0882.png
882,21065,0x17C0,$02:AFA5,80,151.188,104.0,True,frame_0882.png
882,21065,0x1800,$02:9119,C8,158.75,184.0,True,frame_0882.png
882,21065,0x1840,$02:9274,E0,158.0,176.0,True,frame_0882.png
882,21065,0x1880,$02:9119,C8,143.75,196.0,True,frame_0882.png
882,21065,0x18C0,$02:9274,E0,143.0,188.0,True,frame_0882.png
882,21065,0x1900,$02:9131,C8,29.0,184.0,True,frame_0882.png
882,21065,0x1940,$02:9274,E0,29.0,176.0,True,frame_0882.png
882,21065,0x1980,$02:B04A,C8,250.77,91.84,True,frame_0882.png
882,21065,0x1AC0,$04:F97F,CC,106.219,87.0,True,frame_0882.png
884,21067,0x1000,$04:DF96,C8,16.5,113.0,True,frame_0884.png
884,21067,0x1080,$04:E6AF,C8,44.0,108.0,True,frame_0884.png
884,21067,0x10C0,$04:E6AF,C8,198.0,73.0,True,frame_0884.png
884,21067,0x1400,$04:FABA,C8,48.5,88.977,True,frame_0884.png
884,21067,0x16C0,$02:9166,C8,120.871,184.0,True,frame_0884.png
884,21067,0x1700,$02:9274,E0,120.0,176.0,True,frame_0884.png
884,21067,0x1740,$02:9166,C8,152.871,196.0,True,frame_0884.png
884,21067,0x1780,$02:9274,E0,152.0,188.0,True,frame_0884.png
884,21067,0x17C0,$02:AFA5,80,151.188,104.0,True,frame_0884.png
884,21067,0x1800,$02:9119,C8,159.375,184.0,True,frame_0884.png
884,21067,0x1840,$02:9274,E0,159.0,176.0,True,frame_0884.png
884,21067,0x1880,$02:9119,C8,144.375,196.0,True,frame_0884.png
884,21067,0x18C0,$02:9274,E0,144.0,188.0,True,frame_0884.png
884,21067,0x1900,$02:9131,C8,29.625,184.0,True,frame_0884.png
884,21067,0x1940,$02:9274,E0,29.0,176.0,True,frame_0884.png
884,21067,0x1980,$02:B04A,C8,248.277,90.176,True,frame_0884.png
884,21067,0x1AC0,$04:F97F,CC,104.977,84.0,True,frame_0884.png
886,21069,0x1000,$04:DF96,C8,16.5,118.0,True,frame_0886.png
886,21069,0x1080,$04:E6AF,C8,66.0,108.0,True,frame_0886.png
886,21069,0x10C0,$04:E6AF,C8,220.0,73.0,True,frame_0886.png
886,21069,0x1400,$04:FABA,C8,47.5,88.656,True,frame_0886.png
886,21069,0x16C0,$02:9166,C8,118.871,184.0,True,frame_0886.png
886,21069,0x1700,$02:9274,E0,118.0,176.0,True,frame_0886.png
886,21069,0x1740,$02:9166,C8,150.871,196.0,True,frame_0886.png
886,21069,0x1780,$02:9274,E0,150.0,188.0,True,frame_0886.png
886,21069,0x17C0,$02:AFA5,80,151.188,104.0,True,frame_0886.png
886,21069,0x1800,$02:9119,C8,160.0,184.0,True,frame_0886.png
886,21069,0x1840,$02:9274,E0,160.0,176.0,True,frame_0886.png
886,21069,0x1880,$02:9119,C8,145.0,196.0,True,frame_0886.png
886,21069,0x18C0,$02:9274,E0,145.0,188.0,True,frame_0886.png
886,21069,0x1900,$02:9131,C8,30.25,184.0,True,frame_0886.png
886,21069,0x1940,$02:9274,E0,30.0,176.0,True,frame_0886.png
886,21069,0x1980,$02:B04A,C8,245.785,88.512,True,frame_0886.png
886,21069,0x1AC0,$04:F97F,CC,103.734,81.0,True,frame_0886.png
888,21071,0x1000,$04:DF96,C8,16.5,123.0,True,frame_0888.png
888,21071,0x1080,$04:E6AF,C8,88.0,108.0,True,frame_0888.png
888,21071,0x10C0,$04:E6E1,C0,231.0,73.0,True,frame_0888.png
888,21071,0x1400,$04:FABA,C8,46.5,88.367,True,frame_0888.png
888,21071,0x16C0,$02:9166,C8,116.871,184.0,True,frame_0888.png
888,21071,0x1700,$02:9274,E0,116.0,176.0,True,frame_0888.png
888,21071,0x1740,$02:9166,C8,148.871,196.0,True,frame_0888.png
888,21071,0x1780,$02:9274,E0,148.0,188.0,True,frame_0888.png
888,21071,0x17C0,$02:AFA5,80,151.188,104.0,True,frame_0888.png
888,21071,0x1800,$02:9119,C8,160.625,184.0,True,frame_0888.png
888,21071,0x1840,$02:9274,E0,160.0,176.0,True,frame_0888.png
888,21071,0x1880,$02:9119,C8,145.625,196.0,True,frame_0888.png
888,21071,0x18C0,$02:9274,E0,145.0,188.0,True,frame_0888.png
888,21071,0x1900,$02:9131,C8,30.875,184.0,True,frame_0888.png
888,21071,0x1940,$02:9274,E0,30.0,176.0,True,frame_0888.png
888,21071,0x1980,$04:FCC0,D0,244.539,87.68,True,frame_0888.png
888,21071,0x1AC0,$04:F97F,CC,102.492,78.0,True,frame_0888.png
890,21073,0x1000,$04:DF96,C8,16.5,123.0,True,frame_0890.png
890,21073,0x1080,$04:E6AF,C8,110.0,108.0,True,frame_0890.png
890,21073,0x1400,$04:FABA,C8,45.5,88.109,True,frame_0890.png
890,21073,0x16C0,$02:9166,C8,114.871,184.0,True,frame_0890.png
890,21073,0x1700,$02:9274,E0,114.0,176.0,True,frame_0890.png
890,21073,0x1740,$02:9166,C8,146.871,196.0,True,frame_0890.png
890,21073,0x1780,$02:9274,E0,146.0,188.0,True,frame_0890.png
890,21073,0x17C0,$02:AFA5,80,151.188,104.0,True,frame_0890.png
890,21073,0x1800,$02:9119,C8,161.25,184.0,True,frame_0890.png
890,21073,0x1840,$02:9274,E0,161.0,176.0,True,frame_0890.png
890,21073,0x1880,$02:9119,C8,146.25,196.0,True,frame_0890.png
890,21073,0x18C0,$02:9274,E0,146.0,188.0,True,frame_0890.png
890,21073,0x1900,$02:9131,C8,31.5,184.0,True,frame_0890.png
890,21073,0x1940,$02:9274,E0,31.0,176.0,True,frame_0890.png
890,21073,0x1980,$04:FCC0,D0,243.539,87.68,True,frame_0890.png
890,21073,0x19C0,$02:B04A,C8,270.5,128.0,False,frame_0890.png
890,21073,0x1AC0,$04:F97F,CC,101.25,75.0,True,frame_0890.png
892,21075,0x1000,$04:DF96,C8,16.5,123.0,True,frame_0892.png
892,21075,0x1080,$04:E6AF,C8,132.0,108.0,True,frame_0892.png
892,21075,0x10C0,$04:E6AF,C8,22.0,123.0,True,frame_0892.png
892,21075,0x1400,$04:FABA,C8,44.5,87.883,True,frame_0892.png
892,21075,0x16C0,$02:9166,C8,112.871,184.0,True,frame_0892.png
892,21075,0x1700,$02:9274,E0,112.0,176.0,True,frame_0892.png
892,21075,0x1740,$02:9166,C8,144.871,196.0,True,frame_0892.png
892,21075,0x1780,$02:9274,E0,144.0,188.0,True,frame_0892.png
892,21075,0x17C0,$02:AFA5,80,151.188,104.0,True,frame_0892.png
892,21075,0x1800,$02:9119,C8,161.875,184.0,True,frame_0892.png
892,21075,0x1840,$02:9274,E0,161.0,176.0,True,frame_0892.png
892,21075,0x1880,$02:9119,C8,146.875,196.0,True,frame_0892.png
892,21075,0x18C0,$02:9274,E0,146.0,188.0,True,frame_0892.png
892,21075,0x1900,$02:9131,C8,32.125,184.0,True,frame_0892.png
892,21075,0x1940,$02:9274,E0,32.0,176.0,True,frame_0892.png
892,21075,0x1980,$04:FCC0,D0,242.539,87.68,True,frame_0892.png
892,21075,0x19C0,$02:B04A,C8,267.5,128.0,False,frame_0892.png
892,21075,0x1AC0,$04:F97F,CC,100.008,72.0,True,frame_0892.png
894,21077,0x1000,$04:DF96,C8,16.5,123.0,True,frame_0894.png
894,21077,0x1080,$04:E6AF,C8,154.0,108.0,True,frame_0894.png
894,21077,0x10C0,$04:E6AF,C8,44.0,123.0,True,frame_0894.png
894,21077,0x1400,$04:FABA,C8,43.5,87.688,True,frame_0894.png
894,21077,0x16C0,$02:9166,C8,110.871,184.0,True,frame_0894.png
894,21077,0x1700,$02:9274,E0,110.0,176.0,True,frame_0894.png
894,21077,0x1740,$02:9166,C8,142.871,196.0,True,frame_0894.png
894,21077,0x1780,$02:9274,E0,142.0,188.0,True,frame_0894.png
894,21077,0x17C0,$02:AFA5,80,151.188,104.0,True,frame_0894.png
894,21077,0x1800,$02:9119,C8,162.5,184.0,True,frame_0894.png
894,21077,0x1840,$02:9274,E0,162.0,176.0,True,frame_0894.png
894,21077,0x1880,$02:9119,C8,147.5,196.0,True,frame_0894.png
894,21077,0x18C0,$02:9274,E0,147.0,188.0,True,frame_0894.png
894,21077,0x1900,$02:9131,C8,32.75,184.0,True,frame_0894.png
894,21077,0x1940,$02:9274,E0,32.0,176.0,True,frame_0894.png
894,21077,0x1980,$04:FCC0,D0,241.539,87.68,True,frame_0894.png
894,21077,0x19C0,$02:B04A,C8,264.5,128.0,False,frame_0894.png
894,21077,0x1AC0,$04:F97F,CC,98.766,69.0,True,frame_0894.png
896,21079,0x1000,$04:DF96,C8,16.5,123.0,True,frame_0896.png
896,21079,0x1080,$04:E6AF,C8,176.0,108.0,True,frame_0896.png
896,21079,0x10C0,$04:E6AF,C8,66.0,123.0,True,frame_0896.png
896,21079,0x1400,$04:FABA,C8,42.5,87.523,True,frame_0896.png
896,21079,0x16C0,$02:9166,C8,108.871,184.0,True,frame_0896.png
896,21079,0x1700,$02:9274,E0,108.0,176.0,True,frame_0896.png
896,21079,0x1740,$02:9166,C8,140.871,196.0,True,frame_0896.png
896,21079,0x1780,$02:9274,E0,140.0,188.0,True,frame_0896.png
896,21079,0x17C0,$02:AFA5,80,151.188,104.0,True,frame_0896.png
896,21079,0x1800,$02:9119,C8,163.125,184.0,True,frame_0896.png
896,21079,0x1840,$02:9274,E0,163.0,176.0,True,frame_0896.png
896,21079,0x1880,$02:9119,C8,148.125,196.0,True,frame_0896.png
896,21079,0x18C0,$02:9274,E0,148.0,188.0,True,frame_0896.png
896,21079,0x1900,$02:9131,C8,33.375,184.0,True,frame_0896.png
896,21079,0x1940,$02:9274,E0,33.0,176.0,True,frame_0896.png
896,21079,0x1980,$04:FCC0,D0,240.539,87.68,True,frame_0896.png
896,21079,0x19C0,$02:B04A,C8,261.5,128.0,False,frame_0896.png
896,21079,0x1AC0,$04:F97F,CC,97.523,66.0,True,frame_0896.png
898,21081,0x1000,$04:DF96,C8,16.5,123.0,True,frame_0898.png
898,21081,0x1080,$04:E6AF,C8,198.0,108.0,True,frame_0898.png
898,21081,0x10C0,$04:E6AF,C8,88.0,123.0,True,frame_0898.png
898,21081,0x1400,$04:FABA,C8,41.5,87.391,True,frame_0898.png
898,21081,0x16C0,$02:9166,C8,106.871,184.0,True,frame_0898.png
898,21081,0x1700,$02:9274,E0,106.0,176.0,True,frame_0898.png
898,21081,0x1740,$02:9166,C8,138.871,196.0,True,frame_0898.png
898,21081,0x1780,$02:9274,E0,138.0,188.0,True,frame_0898.png
898,21081,0x17C0,$02:AFA5,80,151.188,104.0,True,frame_0898.png
898,21081,0x1800,$02:9119,C8,163.75,184.0,True,frame_0898.png
898,21081,0x1840,$02:9274,E0,163.0,176.0,True,frame_0898.png
898,21081,0x1880,$02:9119,C8,148.75,196.0,True,frame_0898.png
898,21081,0x18C0,$02:9274,E0,148.0,188.0,True,frame_0898.png
898,21081,0x1900,$02:9131,C8,34.0,184.0,True,frame_0898.png
898,21081,0x1940,$02:9274,E0,34.0,176.0,True,frame_0898.png
898,21081,0x1980,$04:FCC0,D0,239.539,87.68,True,frame_0898.png
898,21081,0x19C0,$02:B04A,C8,258.5,128.0,False,frame_0898.png
898,21081,0x1AC0,$04:F97F,CC,96.281,63.0,True,frame_0898.png
900,21083,0x1000,$04:DF96,C8,16.5,123.0,True,frame_0900.png
900,21083,0x1080,$04:E6AF,C8,220.0,108.0,True,frame_0900.png
900,21083,0x10C0,$04:E6AF,C8,110.0,123.0,True,frame_0900.png
900,21083,0x1400,$04:FABA,C8,40.5,87.289,True,frame_0900.png
900,21083,0x16C0,$02:9166,C8,104.871,184.0,True,frame_0900.png
900,21083,0x1700,$02:9274,E0,104.0,176.0,True,frame_0900.png
900,21083,0x1740,$02:9166,C8,136.871,196.0,True,frame_0900.png
900,21083,0x1780,$02:9274,E0,136.0,188.0,True,frame_0900.png
900,21083,0x17C0,$02:AFA5,80,151.188,104.0,True,frame_0900.png
900,21083,0x1800,$02:9119,C8,164.375,184.0,True,frame_0900.png
900,21083,0x1840,$02:9274,E0,164.0,176.0,True,frame_0900.png
900,21083,0x1880,$02:9119,C8,149.375,196.0,True,frame_0900.png
900,21083,0x18C0,$02:9274,E0,149.0,188.0,True,frame_0900.png
900,21083,0x1900,$02:9131,C8,34.625,184.0,True,frame_0900.png
900,21083,0x1940,$02:9274,E0,34.0,176.0,True,frame_0900.png
900,21083,0x1980,$04:FCC0,D0,238.539,87.68,True,frame_0900.png
900,21083,0x19C0,$02:B04A,C8,255.754,127.168,True,frame_0900.png
900,21083,0x1AC0,$04:F97F,CC,95.039,60.0,True,frame_0900.png
902,21085,0x1000,$04:DF96,C8,16.5,123.0,True,frame_0902.png
902,21085,0x1080,$04:E6AF,C8,242.0,108.0,True,frame_0902.png
902,21085,0x10C0,$04:E6AF,C8,132.0,123.0,True,frame_0902.png
902,21085,0x1400,$04:FABA,C8,39.5,87.219,True,frame_0902.png
902,21085,0x16C0,$02:9166,C8,102.871,184.0,True,frame_0902.png
902,21085,0x1700,$02:9274,E0,102.0,176.0,True,frame_0902.png
902,21085,0x1740,$02:9166,C8,134.871,196.0,True,frame_0902.png
902,21085,0x1780,$02:9274,E0,134.0,188.0,True,frame_0902.png
902,21085,0x17C0,$02:AFA5,80,151.188,104.0,True,frame_0902.png
902,21085,0x1800,$02:9119,C8,165.0,184.0,True,frame_0902.png
902,21085,0x1840,$02:9274,E0,165.0,176.0,True,frame_0902.png
902,21085,0x1880,$02:9119,C8,150.0,196.0,True,frame_0902.png
902,21085,0x18C0,$02:9274,E0,150.0,188.0,True,frame_0902.png
902,21085,0x1900,$02:9131,C8,35.25,184.0,True,frame_0902.png
902,21085,0x1940,$02:9274,E0,35.0,176.0,True,frame_0902.png
902,21085,0x1980,$04:FCC0,D0,237.539,87.68,True,frame_0902.png
902,21085,0x19C0,$02:B04A,C8,253.262,125.504,True,frame_0902.png
902,21085,0x1AC0,$04:F97F,CC,93.797,57.0,True,frame_0902.png
904,21087,0x1000,$04:DF96,C8,16.5,123.0,True,frame_0904.png
904,21087,0x10C0,$04:E6AF,C8,154.0,123.0,True,frame_0904.png
904,21087,0x1400,$04:FABA,C8,38.5,87.18,True,frame_0904.png
904,21087,0x16C0,$02:9166,C8,100.871,184.0,True,frame_0904.png
904,21087,0x1700,$02:9274,E0,100.0,176.0,True,frame_0904.png
904,21087,0x1740,$02:9166,C8,132.871,196.0,True,frame_0904.png
904,21087,0x1780,$02:9274,E0,132.0,188.0,True,frame_0904.png
904,21087,0x17C0,$02:AFA5,80,151.188,104.0,True,frame_0904.png
904,21087,0x1800,$02:9119,C8,165.625,184.0,True,frame_0904.png
904,21087,0x1840,$02:9274,E0,165.0,176.0,True,frame_0904.png
904,21087,0x1880,$02:9119,C8,150.625,196.0,True,frame_0904.png
904,21087,0x18C0,$02:9274,E0,150.0,188.0,True,frame_0904.png
904,21087,0x1900,$02:9131,C8,35.875,184.0,True,frame_0904.png
904,21087,0x1940,$02:9274,E0,35.0,176.0,True,frame_0904.png
904,21087,0x1980,$04:FCC0,D0,236.539,87.68,True,frame_0904.png
904,21087,0x19C0,$02:B04A,C8,250.77,123.84,True,frame_0904.png
904,21087,0x1AC0,$04:F97F,CC,92.555,54.0,True,frame_0904.png
906,21089,0x1000,$04:DF96,C8,16.5,123.0,True,frame_0906.png
906,21089,0x1080,$04:E6AF,C8,22.0,123.0,True,frame_0906.png
906,21089,0x10C0,$04:E6AF,C8,176.0,123.0,True,frame_0906.png
906,21089,0x1400,$04:FABA,C8,37.5,87.172,True,frame_0906.png
906,21089,0x16C0,$02:9166,C8,98.871,184.0,True,frame_0906.png
906,21089,0x1700,$02:9274,E0,98.0,176.0,True,frame_0906.png
906,21089,0x1740,$02:9166,C8,130.871,196.0,True,frame_0906.png
906,21089,0x1780,$02:9274,E0,130.0,188.0,True,frame_0906.png
906,21089,0x17C0,$02:AFA5,80,151.188,104.0,True,frame_0906.png
906,21089,0x1800,$02:9119,C8,166.25,184.0,True,frame_0906.png
906,21089,0x1840,$02:9274,E0,166.0,176.0,True,frame_0906.png
906,21089,0x1880,$02:9119,C8,151.25,196.0,True,frame_0906.png
906,21089,0x18C0,$02:9274,E0,151.0,188.0,True,frame_0906.png
906,21089,0x1900,$02:9131,C8,36.5,184.0,True,frame_0906.png
906,21089,0x1940,$02:9274,E0,36.0,176.0,True,frame_0906.png
906,21089,0x1980,$04:FCC0,D0,235.539,87.68,True,frame_0906.png
906,21089,0x19C0,$02:B04A,C8,248.277,122.176,True,frame_0906.png
906,21089,0x1AC0,$04:F97F,CC,91.312,51.0,True,frame_0906.png
908,21091,0x1000,$04:DF96,C8,16.5,123.0,True,frame_0908.png
908,21091,0x1080,$04:E6AF,C8,44.0,123.0,True,frame_0908.png
908,21091,0x10C0,$04:E6AF,C8,198.0,123.0,True,frame_0908.png
908,21091,0x1400,$04:FABA,C8,36.5,87.195,True,frame_0908.png
908,21091,0x16C0,$02:9166,C8,96.871,184.0,True,frame_0908.png
908,21091,0x1700,$02:9274,E0,96.0,176.0,True,frame_0908.png
908,21091,0x1740,$02:9166,C8,128.871,196.0,True,frame_0908.png
908,21091,0x1780,$02:9274,E0,128.0,188.0,True,frame_0908.png
908,21091,0x17C0,$02:AFA5,80,151.188,104.0,True,frame_0908.png
908,21091,0x1800,$02:9119,C8,166.875,184.0,True,frame_0908.png
908,21091,0x1840,$02:9274,E0,166.0,176.0,True,frame_0908.png
908,21091,0x1880,$02:9119,C8,151.875,196.0,True,frame_0908.png
908,21091,0x18C0,$02:9274,E0,151.0,188.0,True,frame_0908.png
908,21091,0x1900,$02:9131,C8,37.125,184.0,True,frame_0908.png
908,21091,0x1940,$02:9274,E0,37.0,176.0,True,frame_0908.png
908,21091,0x1980,$04:FCC0,D0,234.539,87.68,True,frame_0908.png
908,21091,0x19C0,$02:B04A,C8,245.785,120.512,True,frame_0908.png
908,21091,0x1AC0,$04:F97F,CC,90.07,48.0,True,frame_0908.png
910,21093,0x1000,$04:DF96,C8,16.5,123.0,True,frame_0910.png
910,21093,0x1080,$04:E6AF,C8,66.0,123.0,True,frame_0910.png
910,21093,0x10C0,$04:E6AF,C8,220.0,123.0,True,frame_0910.png
910,21093,0x1400,$04:FABA,C8,35.5,87.25,True,frame_0910.png
910,21093,0x16C0,$02:9166,C8,94.871,184.0,True,frame_0910.png
910,21093,0x1700,$02:9274,E0,94.0,176.0,True,frame_0910.png
910,21093,0x1740,$02:9166,C8,126.871,196.0,True,frame_0910.png
910,21093,0x1780,$02:9274,E0,126.0,188.0,True,frame_0910.png
910,21093,0x17C0,$02:AFA5,80,151.188,104.0,True,frame_0910.png
910,21093,0x1800,$02:9119,C8,167.5,184.0,True,frame_0910.png
910,21093,0x1840,$02:9274,E0,167.0,176.0,True,frame_0910.png
910,21093,0x1880,$02:9119,C8,152.5,196.0,True,frame_0910.png
910,21093,0x18C0,$02:9274,E0,152.0,188.0,True,frame_0910.png
910,21093,0x1900,$02:9131,C8,37.75,184.0,True,frame_0910.png
910,21093,0x1940,$02:9274,E0,37.0,176.0,True,frame_0910.png
910,21093,0x1980,$04:FCC0,D0,233.539,87.68,True,frame_0910.png
910,21093,0x19C0,$02:B04A,C8,243.293,118.848,True,frame_0910.png
910,21093,0x1AC0,$04:F97F,CC,88.828,45.0,True,frame_0910.png
910,21093,0x1B00,$04:F97F,CC,71.5,169.379,True,frame_0910.png
912,21095,0x1000,$04:DF96,C8,16.5,123.0,True,frame_0912.png
912,21095,0x1080,$04:E6AF,C8,88.0,123.0,True,frame_0912.png
912,21095,0x10C0,$04:E6E1,C0,231.0,123.0,True,frame_0912.png
912,21095,0x1400,$04:FABA,C8,34.5,87.336,True,frame_0912.png
912,21095,0x16C0,$02:9166,C8,92.871,184.0,True,frame_0912.png
912,21095,0x1700,$02:9274,E0,92.0,176.0,True,frame_0912.png
912,21095,0x1740,$02:9166,C8,124.871,196.0,True,frame_0912.png
912,21095,0x1780,$02:9274,E0,124.0,188.0,True,frame_0912.png
912,21095,0x17C0,$02:AFA5,80,151.188,104.0,True,frame_0912.png
912,21095,0x1800,$02:9119,C8,168.125,184.0,True,frame_0912.png
912,21095,0x1840,$02:9274,E0,168.0,176.0,True,frame_0912.png
912,21095,0x1880,$02:9119,C8,153.125,196.0,True,frame_0912.png
912,21095,0x18C0,$02:9274,E0,153.0,188.0,True,frame_0912.png
912,21095,0x1900,$02:9131,C8,38.375,184.0,True,frame_0912.png
912,21095,0x1940,$02:9274,E0,38.0,176.0,True,frame_0912.png
912,21095,0x1980,$04:FCC0,D0,232.539,87.68,True,frame_0912.png
912,21095,0x19C0,$04:FCC0,D0,242.047,118.016,True,frame_0912.png
912,21095,0x1A00,$02:B04A,C8,270.5,96.0,False,frame_0912.png
912,21095,0x1AC0,$04:F97F,CC,87.586,42.0,True,frame_0912.png
912,21095,0x1B00,$04:F97F,CC,68.5,168.137,True,frame_0912.png
914,21097,0x1000,$04:DF96,C8,16.5,123.0,True,frame_0914.png
914,21097,0x1080,$04:E6AF,C8,110.0,123.0,True,frame_0914.png
914,21097,0x1400,$04:FABA,C8,33.5,87.453,True,frame_0914.png
914,21097,0x16C0,$02:9166,C8,90.871,184.0,True,frame_0914.png
914,21097,0x1700,$02:9274,E0,90.0,176.0,True,frame_0914.png
914,21097,0x1740,$02:9166,C8,122.871,196.0,True,frame_0914.png
914,21097,0x1780,$02:9274,E0,122.0,188.0,True,frame_0914.png
914,21097,0x17C0,$02:AFA5,80,151.188,104.0,True,frame_0914.png
914,21097,0x1800,$02:9119,C8,168.75,184.0,True,frame_0914.png
914,21097,0x1840,$02:9274,E0,168.0,176.0,True,frame_0914.png
914,21097,0x1880,$02:9119,C8,153.75,196.0,True,frame_0914.png
914,21097,0x18C0,$02:9274,E0,153.0,188.0,True,frame_0914.png
914,21097,0x1900,$02:9131,C8,39.0,184.0,True,frame_0914.png
914,21097,0x1940,$02:9274,E0,39.0,176.0,True,frame_0914.png
914,21097,0x19C0,$04:FCC0,D0,241.047,118.016,True,frame_0914.png
914,21097,0x1A00,$02:B04A,C8,267.5,96.0,False,frame_0914.png
914,21097,0x1AC0,$04:F97F,CC,86.344,39.0,True,frame_0914.png
914,21097,0x1B00,$04:F97F,CC,65.5,166.895,True,frame_0914.png
916,21099,0x1000,$04:DF96,C8,16.5,123.0,True,frame_0916.png
916,21099,0x1080,$04:E6AF,C8,132.0,123.0,True,frame_0916.png
916,21099,0x10C0,$04:E6AF,C8,22.0,123.0,True,frame_0916.png
916,21099,0x1400,$04:FABA,C8,32.5,87.602,True,frame_0916.png
916,21099,0x16C0,$02:9166,C8,88.871,184.0,True,frame_0916.png
916,21099,0x1700,$02:9274,E0,88.0,176.0,True,frame_0916.png
916,21099,0x1740,$02:9166,C8,120.871,196.0,True,frame_0916.png
916,21099,0x1780,$02:9274,E0,120.0,188.0,True,frame_0916.png
916,21099,0x17C0,$02:AFA5,80,151.188,104.0,True,frame_0916.png
916,21099,0x1800,$02:9119,C8,169.375,184.0,True,frame_0916.png
916,21099,0x1840,$02:9274,E0,169.0,176.0,True,frame_0916.png
916,21099,0x1880,$02:9119,C8,154.375,196.0,True,frame_0916.png
916,21099,0x18C0,$02:9274,E0,154.0,188.0,True,frame_0916.png
916,21099,0x1900,$02:9131,C8,39.625,184.0,True,frame_0916.png
916,21099,0x1940,$02:9274,E0,39.0,176.0,True,frame_0916.png
916,21099,0x19C0,$04:FCC0,D0,240.047,118.016,True,frame_0916.png
916,21099,0x1A00,$02:B04A,C8,264.5,96.0,False,frame_0916.png
916,21099,0x1AC0,$04:F97F,CC,85.102,36.0,True,frame_0916.png
916,21099,0x1B00,$04:F97F,CC,62.5,165.652,True,frame_0916.png
918,21101,0x1000,$04:DF96,C8,16.5,123.0,True,frame_0918.png
918,21101,0x1080,$04:E6AF,C8,154.0,123.0,True,frame_0918.png
918,21101,0x10C0,$04:E6AF,C8,44.0,123.0,True,frame_0918.png
918,21101,0x1400,$04:FABA,C8,31.5,87.781,True,frame_0918.png
918,21101,0x16C0,$02:9166,C8,86.871,184.0,True,frame_0918.png
918,21101,0x1700,$02:9274,E0,86.0,176.0,True,frame_0918.png
918,21101,0x1740,$02:9166,C8,118.871,196.0,True,frame_0918.png
918,21101,0x1780,$02:9274,E0,118.0,188.0,True,frame_0918.png
918,21101,0x17C0,$02:AFA5,80,151.188,104.0,True,frame_0918.png
918,21101,0x1800,$02:9119,C8,170.0,184.0,True,frame_0918.png
918,21101,0x1840,$02:9274,E0,170.0,176.0,True,frame_0918.png
918,21101,0x1880,$02:9119,C8,155.0,196.0,True,frame_0918.png
918,21101,0x18C0,$02:9274,E0,155.0,188.0,True,frame_0918.png
918,21101,0x1900,$02:9131,C8,40.25,184.0,True,frame_0918.png
918,21101,0x1940,$02:9274,E0,40.0,176.0,True,frame_0918.png
918,21101,0x19C0,$04:FCC0,D0,239.047,118.016,True,frame_0918.png
918,21101,0x1A00,$02:B04A,C8,261.5,96.0,False,frame_0918.png
918,21101,0x1AC0,$04:F97F,CC,83.859,33.0,True,frame_0918.png
918,21101,0x1B00,$04:F97F,CC,59.5,164.41,True,frame_0918.png
918,21101,0x1B40,$04:F97F,CC,96.0,182.0,True,frame_0918.png
920,21103,0x1000,$04:DF96,C8,16.5,118.0,True,frame_0920.png
920,21103,0x1080,$04:E6AF,C8,176.0,123.0,True,frame_0920.png
920,21103,0x10C0,$04:E6AF,C8,66.0,123.0,True,frame_0920.png
920,21103,0x1400,$04:FABA,C8,30.5,87.992,True,frame_0920.png
920,21103,0x16C0,$02:9166,C8,84.871,184.0,True,frame_0920.png
920,21103,0x1700,$02:9274,E0,84.0,176.0,True,frame_0920.png
920,21103,0x1740,$02:9166,C8,116.871,196.0,True,frame_0920.png
920,21103,0x1780,$02:9274,E0,116.0,188.0,True,frame_0920.png
920,21103,0x17C0,$02:AFA5,80,151.188,104.0,True,frame_0920.png
920,21103,0x1800,$02:9119,C8,170.625,184.0,True,frame_0920.png
920,21103,0x1840,$02:9274,E0,170.0,176.0,True,frame_0920.png
920,21103,0x1880,$02:9119,C8,155.625,196.0,True,frame_0920.png
920,21103,0x18C0,$02:9274,E0,155.0,188.0,True,frame_0920.png
920,21103,0x1900,$02:9131,C8,40.875,184.0,True,frame_0920.png
920,21103,0x1940,$02:9274,E0,40.0,176.0,True,frame_0920.png
920,21103,0x19C0,$04:FCC0,D0,238.047,118.016,True,frame_0920.png
920,21103,0x1A00,$02:B04A,C8,258.5,96.0,False,frame_0920.png
920,21103,0x1AC0,$04:F97F,CC,82.617,30.0,True,frame_0920.png
920,21103,0x1B00,$04:F97F,CC,56.5,163.168,True,frame_0920.png
920,21103,0x1B40,$04:F97F,CC,93.0,180.758,True,frame_0920.png
922,21105,0x1000,$04:DF96,C8,16.5,113.0,True,frame_0922.png
922,21105,0x1080,$04:E6AF,C8,198.0,123.0,True,frame_0922.png
922,21105,0x10C0,$04:E6AF,C8,88.0,123.0,True,frame_0922.png
922,21105,0x1400,$04:FABA,C8,29.5,88.234,True,frame_0922.png
922,21105,0x16C0,$02:9166,C8,82.871,184.0,True,frame_0922.png
922,21105,0x1700,$02:9274,E0,82.0,176.0,True,frame_0922.png
922,21105,0x1740,$02:9166,C8,114.871,196.0,True,frame_0922.png
922,21105,0x1780,$02:9274,E0,114.0,188.0,True,frame_0922.png
922,21105,0x17C0,$02:AFA5,80,151.188,104.0,True,frame_0922.png
922,21105,0x1800,$02:9119,C8,171.25,184.0,True,frame_0922.png
922,21105,0x1840,$02:9274,E0,171.0,176.0,True,frame_0922.png
922,21105,0x1880,$02:9119,C8,156.25,196.0,True,frame_0922.png
922,21105,0x18C0,$02:9274,E0,156.0,188.0,True,frame_0922.png
922,21105,0x1900,$02:9131,C8,41.5,184.0,True,frame_0922.png
922,21105,0x1940,$02:9274,E0,41.0,176.0,True,frame_0922.png
922,21105,0x19C0,$04:FCC0,D0,237.047,118.016,True,frame_0922.png
922,21105,0x1A00,$02:B04A,C8,255.754,95.168,True,frame_0922.png
922,21105,0x1AC0,$04:F97F,CC,81.375,27.0,True,frame_0922.png
922,21105,0x1B00,$04:F97F,CC,53.5,161.926,True,frame_0922.png
922,21105,0x1B40,$04:F97F,CC,90.0,179.516,True,frame_0922.png
924,21107,0x1000,$04:DF96,C8,16.5,108.0,True,frame_0924.png
924,21107,0x1080,$04:E6AF,C8,220.0,123.0,True,frame_0924.png
924,21107,0x10C0,$04:E6AF,C8,110.0,123.0,True,frame_0924.png
924,21107,0x1400,$04:FABA,C8,28.5,88.508,True,frame_0924.png
924,21107,0x16C0,$02:9166,C8,80.871,184.0,True,frame_0924.png
924,21107,0x1700,$02:9274,E0,80.0,176.0,True,frame_0924.png
924,21107,0x1740,$02:9166,C8,112.871,196.0,True,frame_0924.png
924,21107,0x1780,$02:9274,E0,112.0,188.0,True,frame_0924.png
924,21107,0x17C0,$02:AFA5,80,151.188,104.0,True,frame_0924.png
924,21107,0x1800,$02:9119,C8,171.875,184.0,True,frame_0924.png
924,21107,0x1840,$02:9274,E0,171.0,176.0,True,frame_0924.png
924,21107,0x1880,$02:9119,C8,156.875,196.0,True,frame_0924.png
924,21107,0x18C0,$02:9274,E0,156.0,188.0,True,frame_0924.png
924,21107,0x1900,$02:9131,C8,42.125,184.0,True,frame_0924.png
924,21107,0x1940,$02:9274,E0,42.0,176.0,True,frame_0924.png
924,21107,0x19C0,$04:FCC0,D0,236.047,118.016,True,frame_0924.png
924,21107,0x1A00,$02:B04A,C8,253.262,93.504,True,frame_0924.png
924,21107,0x1AC0,$04:F97F,CC,80.133,24.0,True,frame_0924.png
924,21107,0x1B00,$04:F97F,CC,50.5,160.684,True,frame_0924.png
924,21107,0x1B40,$04:F97F,CC,87.0,178.273,True,frame_0924.png
926,21109,0x1000,$04:DF96,C8,16.5,103.0,True,frame_0926.png
926,21109,0x1080,$04:E6AF,C8,242.0,123.0,True,frame_0926.png
926,21109,0x10C0,$04:E6AF,C8,132.0,123.0,True,frame_0926.png
926,21109,0x1400,$04:FABA,C8,27.5,88.812,True,frame_0926.png
926,21109,0x16C0,$02:9166,C8,78.871,184.0,True,frame_0926.png
926,21109,0x1700,$02:9274,E0,78.0,176.0,True,frame_0926.png
926,21109,0x1740,$02:9166,C8,110.871,196.0,True,frame_0926.png
926,21109,0x1780,$02:9274,E0,110.0,188.0,True,frame_0926.png
926,21109,0x17C0,$02:AFA5,80,151.188,104.0,True,frame_0926.png
926,21109,0x1800,$02:9119,C8,172.5,184.0,True,frame_0926.png
926,21109,0x1840,$02:9274,E0,172.0,176.0,True,frame_0926.png
926,21109,0x1880,$02:9119,C8,157.5,196.0,True,frame_0926.png
926,21109,0x18C0,$02:9274,E0,157.0,188.0,True,frame_0926.png
926,21109,0x1900,$02:9131,C8,42.75,184.0,True,frame_0926.png
926,21109,0x1940,$02:9274,E0,42.0,176.0,True,frame_0926.png
926,21109,0x19C0,$04:FCC0,D0,235.047,118.016,True,frame_0926.png
926,21109,0x1A00,$02:B04A,C8,250.77,91.84,True,frame_0926.png
926,21109,0x1AC0,$04:F97F,CC,78.891,21.0,True,frame_0926.png
926,21109,0x1B00,$04:F97F,CC,47.5,159.441,True,frame_0926.png
926,21109,0x1B40,$04:F97F,CC,84.0,177.031,True,frame_0926.png
928,21111,0x1000,$04:DF96,C8,16.5,98.0,True,frame_0928.png
928,21111,0x10C0,$04:E6AF,C8,154.0,123.0,True,frame_0928.png
928,21111,0x1400,$04:FABA,C8,26.5,89.148,True,frame_0928.png
928,21111,0x16C0,$02:9166,C8,76.871,184.0,True,frame_0928.png
928,21111,0x1700,$02:9274,E0,76.0,176.0,True,frame_0928.png
928,21111,0x1740,$02:9166,C8,108.871,196.0,True,frame_0928.png
928,21111,0x1780,$02:9274,E0,108.0,188.0,True,frame_0928.png
928,21111,0x17C0,$02:AFA5,80,151.188,104.0,True,frame_0928.png
928,21111,0x1800,$02:9119,C8,173.125,184.0,True,frame_0928.png
928,21111,0x1840,$02:9274,E0,173.0,176.0,True,frame_0928.png
928,21111,0x1880,$02:9119,C8,158.125,196.0,True,frame_0928.png
928,21111,0x18C0,$02:9274,E0,158.0,188.0,True,frame_0928.png
928,21111,0x1900,$02:91FF,D8,43.062,184.0,True,frame_0928.png
928,21111,0x1940,$02:9274,E0,43.0,176.0,True,frame_0928.png
928,21111,0x19C0,$04:FCC0,D0,234.047,118.016,True,frame_0928.png
928,21111,0x1A00,$02:B04A,C8,248.277,90.176,True,frame_0928.png
928,21111,0x1AC0,$04:F97F,CC,77.648,18.0,True,frame_0928.png
928,21111,0x1B00,$04:F97F,CC,44.5,158.199,True,frame_0928.png
928,21111,0x1B40,$04:F97F,CC,81.0,175.789,True,frame_0928.png
930,21113,0x1000,$04:DF96,C8,16.5,93.0,True,frame_0930.png
930,21113,0x1080,$04:E6AF,C8,22.0,93.0,True,frame_0930.png
930,21113,0x10C0,$04:E6AF,C8,176.0,123.0,True,frame_0930.png
930,21113,0x16C0,$02:9166,C8,74.871,184.0,True,frame_0930.png
930,21113,0x1700,$02:9274,E0,74.0,176.0,True,frame_0930.png
930,21113,0x1740,$02:9166,C8,106.871,196.0,True,frame_0930.png
930,21113,0x1780,$02:9274,E0,106.0,188.0,True,frame_0930.png
930,21113,0x17C0,$02:AFA5,80,151.188,104.0,True,frame_0930.png
930,21113,0x1800,$02:9119,C8,173.75,184.0,True,frame_0930.png
930,21113,0x1840,$02:9274,E0,173.0,176.0,True,frame_0930.png
930,21113,0x1880,$02:9119,C8,158.75,196.0,True,frame_0930.png
930,21113,0x18C0,$02:9274,E0,158.0,188.0,True,frame_0930.png
930,21113,0x1900,$02:91FF,D8,42.062,184.0,True,frame_0930.png
930,21113,0x1940,$02:9274,E0,42.0,176.0,True,frame_0930.png
930,21113,0x19C0,$04:FCC0,D0,233.047,118.016,True,frame_0930.png
930,21113,0x1A00,$02:B04A,C8,245.785,88.512,True,frame_0930.png
930,21113,0x1AC0,$04:F97F,CC,76.406,15.0,True,frame_0930.png
930,21113,0x1B00,$04:F97F,CC,41.5,156.957,True,frame_0930.png
930,21113,0x1B40,$04:F97F,CC,78.0,174.547,True,frame_0930.png
932,21115,0x1000,$04:DF96,C8,16.5,88.0,True,frame_0932.png
932,21115,0x1080,$04:E6AF,C8,44.0,93.0,True,frame_0932.png
932,21115,0x10C0,$04:E6AF,C8,198.0,123.0,True,frame_0932.png
932,21115,0x16C0,$02:9166,C8,72.871,184.0,True,frame_0932.png
932,21115,0x1700,$02:9274,E0,72.0,176.0,True,frame_0932.png
932,21115,0x1740,$02:9166,C8,104.871,196.0,True,frame_0932.png
932,21115,0x1780,$02:9274,E0,104.0,188.0,True,frame_0932.png
932,21115,0x17C0,$02:AFA5,80,151.188,104.0,True,frame_0932.png
932,21115,0x1800,$02:9119,C8,174.375,184.0,True,frame_0932.png
932,21115,0x1840,$02:9274,E0,174.0,176.0,True,frame_0932.png
932,21115,0x1880,$02:9119,C8,159.375,196.0,True,frame_0932.png
932,21115,0x18C0,$02:9274,E0,159.0,188.0,True,frame_0932.png
932,21115,0x1900,$02:91FF,D8,41.062,184.0,True,frame_0932.png
932,21115,0x1940,$02:9274,E0,41.0,176.0,True,frame_0932.png
932,21115,0x19C0,$04:FCC0,D0,232.047,118.016,True,frame_0932.png
932,21115,0x1A00,$02:B04A,C8,243.293,86.848,True,frame_0932.png
932,21115,0x1AC0,$04:F97F,CC,75.164,12.0,True,frame_0932.png
932,21115,0x1B00,$04:F97F,CC,38.5,155.715,True,frame_0932.png
932,21115,0x1B40,$04:F97F,CC,75.0,173.305,True,frame_0932.png
934,21117,0x1000,$04:DF96,C8,16.5,83.0,True,frame_0934.png
934,21117,0x1080,$04:E6AF,C8,66.0,93.0,True,frame_0934.png
934,21117,0x10C0,$04:E6AF,C8,220.0,123.0,True,frame_0934.png
934,21117,0x16C0,$02:9166,C8,70.871,184.0,True,frame_0934.png
934,21117,0x1700,$02:9274,E0,70.0,176.0,True,frame_0934.png
934,21117,0x1740,$02:9166,C8,102.871,196.0,True,frame_0934.png
934,21117,0x1780,$02:9274,E0,102.0,188.0,True,frame_0934.png
934,21117,0x17C0,$02:B04A,88,272.0,128.0,False,frame_0934.png
934,21117,0x1800,$02:9119,C8,175.0,184.0,True,frame_0934.png
934,21117,0x1840,$02:9274,E0,175.0,176.0,True,frame_0934.png
934,21117,0x1880,$02:9119,C8,160.0,196.0,True,frame_0934.png
934,21117,0x18C0,$02:9274,E0,160.0,188.0,True,frame_0934.png
934,21117,0x1900,$02:91FF,D8,40.062,184.0,True,frame_0934.png
934,21117,0x1940,$02:9274,E0,40.0,176.0,True,frame_0934.png
934,21117,0x19C0,$04:FCC0,D0,231.047,118.016,True,frame_0934.png
934,21117,0x1A00,$02:B04A,C8,240.801,85.184,True,frame_0934.png
934,21117,0x1AC0,$04:F97F,CC,73.922,9.0,True,frame_0934.png
934,21117,0x1B00,$04:F97F,CC,35.5,154.473,True,frame_0934.png
934,21117,0x1B40,$04:F97F,CC,72.0,172.062,True,frame_0934.png
936,21119,0x1000,$04:DF96,C8,16.5,78.0,True,frame_0936.png
936,21119,0x1080,$04:E6AF,C8,88.0,93.0,True,frame_0936.png
936,21119,0x10C0,$04:E6AF,C8,242.0,123.0,True,frame_0936.png
936,21119,0x16C0,$02:9166,C8,68.871,184.0,True,frame_0936.png
936,21119,0x1700,$02:9274,E0,68.0,176.0,True,frame_0936.png
936,21119,0x1740,$02:9166,C8,100.871,196.0,True,frame_0936.png
936,21119,0x1780,$02:9274,E0,100.0,188.0,True,frame_0936.png
936,21119,0x17C0,$02:B04A,C8,269.0,128.0,False,frame_0936.png
936,21119,0x1800,$02:9119,C8,175.621,184.0,True,frame_0936.png
936,21119,0x1840,$02:9274,E0,175.0,176.0,True,frame_0936.png
936,21119,0x1880,$02:9119,C8,160.625,196.0,True,frame_0936.png
936,21119,0x18C0,$02:9274,E0,160.0,188.0,True,frame_0936.png
936,21119,0x1900,$02:91FF,D8,39.062,184.0,True,frame_0936.png
936,21119,0x1940,$02:9274,E0,39.0,176.0,True,frame_0936.png
936,21119,0x19C0,$04:FCC0,D0,230.047,118.016,True,frame_0936.png
936,21119,0x1A00,$02:B04A,C8,238.309,83.52,True,frame_0936.png
936,21119,0x1AC0,$04:F97F,CC,72.68,6.0,True,frame_0936.png
936,21119,0x1B00,$04:F97F,CC,32.5,153.23,True,frame_0936.png
936,21119,0x1B40,$04:F97F,CC,69.0,170.82,True,frame_0936.png
938,21121,0x1000,$04:DF96,C8,16.5,73.0,True,frame_0938.png
938,21121,0x1080,$04:E6AF,C8,110.0,93.0,True,frame_0938.png
938,21121,0x16C0,$02:9166,C8,66.871,184.0,True,frame_0938.png
938,21121,0x1700,$02:9274,E0,66.0,176.0,True,frame_0938.png
938,21121,0x1740,$02:9166,C8,98.871,196.0,True,frame_0938.png
938,21121,0x1780,$02:9274,E0,98.0,188.0,True,frame_0938.png
938,21121,0x17C0,$02:B04A,C8,266.0,128.0,False,frame_0938.png
938,21121,0x1800,$02:9119,C8,176.227,184.0,True,frame_0938.png
938,21121,0x1840,$02:9274,E0,176.0,176.0,True,frame_0938.png
938,21121,0x1880,$02:9119,C8,161.25,196.0,True,frame_0938.png
938,21121,0x18C0,$02:9274,E0,161.0,188.0,True,frame_0938.png
938,21121,0x1900,$02:91FF,D8,38.062,184.0,True,frame_0938.png
938,21121,0x1940,$02:9274,E0,38.0,176.0,True,frame_0938.png
938,21121,0x1A00,$02:B04A,C8,235.816,81.855,True,frame_0938.png
938,21121,0x1AC0,$04:F97F,CC,71.438,3.0,True,frame_0938.png
938,21121,0x1B00,$04:F97F,CC,29.5,151.988,True,frame_0938.png
938,21121,0x1B40,$04:F97F,CC,66.0,169.578,True,frame_0938.png
940,21123,0x1000,$04:DF96,C8,16.5,68.0,True,frame_0940.png
940,21123,0x1080,$04:E6AF,C8,132.0,93.0,True,frame_0940.png
940,21123,0x10C0,$04:E6AF,C8,22.0,68.0,True,frame_0940.png
940,21123,0x16C0,$02:9166,C8,64.871,184.0,True,frame_0940.png
940,21123,0x1700,$02:9274,E0,64.0,176.0,True,frame_0940.png
940,21123,0x1740,$02:9166,C8,96.871,196.0,True,frame_0940.png
940,21123,0x1780,$02:9274,E0,96.0,188.0,True,frame_0940.png
940,21123,0x17C0,$02:B04A,C8,263.0,128.0,False,frame_0940.png
940,21123,0x1800,$02:9119,C8,176.816,184.0,True,frame_0940.png
940,21123,0x1840,$02:9274,E0,176.0,176.0,True,frame_0940.png
940,21123,0x1880,$02:9119,C8,161.875,196.0,True,frame_0940.png
940,21123,0x18C0,$02:9274,E0,161.0,188.0,True,frame_0940.png
940,21123,0x1900,$02:91FF,D8,37.062,184.0,True,frame_0940.png
940,21123,0x1940,$02:9274,E0,37.0,176.0,True,frame_0940.png
940,21123,0x1A00,$02:B04A,C8,233.324,80.191,True,frame_0940.png
940,21123,0x1AC0,$04:F97F,CC,70.195,0.0,True,frame_0940.png
940,21123,0x1B00,$04:F97F,CC,26.5,150.746,True,frame_0940.png
940,21123,0x1B40,$04:F97F,CC,63.0,168.336,True,frame_0940.png
942,21125,0x1000,$04:DF96,C8,16.5,63.0,True,frame_0942.png
942,21125,0x1080,$04:E6AF,C8,154.0,93.0,True,frame_0942.png
942,21125,0x10C0,$04:E6AF,C8,44.0,68.0,True,frame_0942.png
942,21125,0x16C0,$02:9166,C8,62.871,184.0,True,frame_0942.png
942,21125,0x1700,$02:9274,E0,62.0,176.0,True,frame_0942.png
942,21125,0x1740,$02:9166,C8,94.871,196.0,True,frame_0942.png
942,21125,0x1780,$02:9274,E0,94.0,188.0,True,frame_0942.png
942,21125,0x17C0,$02:B04A,C8,260.0,128.0,False,frame_0942.png
942,21125,0x1800,$02:9119,C8,177.391,184.0,True,frame_0942.png
942,21125,0x1840,$02:9274,E0,177.0,176.0,True,frame_0942.png
942,21125,0x1880,$02:9119,C8,162.5,196.0,True,frame_0942.png
942,21125,0x18C0,$02:9274,E0,162.0,188.0,True,frame_0942.png
942,21125,0x1900,$02:91FF,D8,36.062,184.0,True,frame_0942.png
942,21125,0x1940,$02:9274,E0,36.0,176.0,True,frame_0942.png
942,21125,0x1A00,$02:B04A,C8,230.832,78.527,True,frame_0942.png
942,21125,0x1AC0,$04:F97F,CC,68.953,-3.0,False,frame_0942.png
942,21125,0x1B00,$04:F97F,CC,23.5,149.504,True,frame_0942.png
942,21125,0x1B40,$04:F97F,CC,60.0,167.094,True,frame_0942.png
944,21127,0x1000,$04:DF96,C8,16.5,58.0,True,frame_0944.png
944,21127,0x1080,$04:E6AF,C8,176.0,93.0,True,frame_0944.png
944,21127,0x10C0,$04:E6AF,C8,66.0,68.0,True,frame_0944.png
944,21127,0x16C0,$02:9166,C8,60.871,184.0,True,frame_0944.png
944,21127,0x1700,$02:9274,E0,60.0,176.0,True,frame_0944.png
944,21127,0x1740,$02:9166,C8,92.871,196.0,True,frame_0944.png
944,21127,0x1780,$02:9274,E0,92.0,188.0,True,frame_0944.png
944,21127,0x17C0,$02:B04A,C8,257.0,128.0,False,frame_0944.png
944,21127,0x1800,$02:9119,C8,177.949,184.0,True,frame_0944.png
944,21127,0x1840,$02:9274,E0,177.0,176.0,True,frame_0944.png
944,21127,0x1880,$02:9119,C8,163.125,196.0,True,frame_0944.png
944,21127,0x18C0,$02:9274,E0,163.0,188.0,True,frame_0944.png
944,21127,0x1900,$02:91FF,D8,35.062,184.0,True,frame_0944.png
944,21127,0x1940,$02:9274,E0,35.0,176.0,True,frame_0944.png
944,21127,0x1A00,$02:B04A,C8,228.34,76.863,True,frame_0944.png
944,21127,0x1AC0,$04:F97F,CC,67.711,-6.0,False,frame_0944.png
944,21127,0x1B00,$04:F97F,CC,20.5,148.262,True,frame_0944.png
944,21127,0x1B40,$04:F97F,CC,57.0,165.852,True,frame_0944.png
946,21129,0x1000,$04:DF96,C8,16.5,53.0,True,frame_0946.png
946,21129,0x1080,$04:E6AF,C8,198.0,93.0,True,frame_0946.png
946,21129,0x10C0,$04:E6AF,C8,88.0,68.0,True,frame_0946.png
946,21129,0x16C0,$02:9166,C8,58.871,184.0,True,frame_0946.png
946,21129,0x1700,$02:9274,E0,58.0,176.0,True,frame_0946.png
946,21129,0x1740,$02:9166,C8,90.871,196.0,True,frame_0946.png
946,21129,0x1780,$02:9274,E0,90.0,188.0,True,frame_0946.png
946,21129,0x17C0,$02:B04A,C8,254.508,126.336,True,frame_0946.png
946,21129,0x1800,$02:9119,C8,178.492,184.0,True,frame_0946.png
946,21129,0x1840,$02:9274,E0,178.0,176.0,True,frame_0946.png
946,21129,0x1880,$02:9119,C8,163.75,196.0,True,frame_0946.png
946,21129,0x18C0,$02:9274,E0,163.0,188.0,True,frame_0946.png
946,21129,0x1900,$02:91FF,D8,34.062,184.0,True,frame_0946.png
946,21129,0x1940,$02:9274,E0,34.0,176.0,True,frame_0946.png
946,21129,0x1A00,$02:B04A,C8,225.848,75.199,True,frame_0946.png
946,21129,0x1AC0,$04:F97F,CC,66.469,-9.0,False,frame_0946.png
946,21129,0x1B00,$04:F97F,CC,17.5,147.02,True,frame_0946.png
946,21129,0x1B40,$04:F97F,CC,54.0,164.609,True,frame_0946.png
948,21131,0x1000,$04:DF96,C8,16.5,48.0,True,frame_0948.png
948,21131,0x1080,$04:E6AF,C8,220.0,93.0,True,frame_0948.png
948,21131,0x10C0,$04:E6AF,C8,110.0,68.0,True,frame_0948.png
948,21131,0x16C0,$02:9166,C8,56.871,184.0,True,frame_0948.png
948,21131,0x1700,$02:9274,E0,56.0,176.0,True,frame_0948.png
948,21131,0x1740,$02:9166,C8,88.871,196.0,True,frame_0948.png
948,21131,0x1780,$02:9274,E0,88.0,188.0,True,frame_0948.png
948,21131,0x17C0,$02:B04A,C8,252.016,124.672,True,frame_0948.png
948,21131,0x1800,$02:9119,C8,179.02,184.0,True,frame_0948.png
948,21131,0x1840,$02:9274,E0,179.0,176.0,True,frame_0948.png
948,21131,0x1880,$02:9119,C8,164.375,196.0,True,frame_0948.png
948,21131,0x18C0,$02:9274,E0,164.0,188.0,True,frame_0948.png
948,21131,0x1900,$02:91FF,D8,33.062,184.0,True,frame_0948.png
948,21131,0x1940,$02:9274,E0,33.0,176.0,True,frame_0948.png
948,21131,0x1A00,$02:B04A,C8,223.355,73.535,True,frame_0948.png
948,21131,0x1AC0,$04:F97F,CC,65.227,-12.0,False,frame_0948.png
948,21131,0x1B00,$04:F97F,CC,14.5,145.777,True,frame_0948.png
948,21131,0x1B40,$04:F97F,CC,51.0,163.367,True,frame_0948.png
950,21133,0x1000,$04:DF96,C8,21.5,48.0,True,frame_0950.png
950,21133,0x1080,$04:E6AF,C8,242.0,93.0,True,frame_0950.png
950,21133,0x10C0,$04:E6AF,C8,132.0,68.0,True,frame_0950.png
950,21133,0x16C0,$02:9166,C8,54.871,184.0,True,frame_0950.png
950,21133,0x1700,$02:9274,E0,54.0,176.0,True,frame_0950.png
950,21133,0x1740,$02:9166,C8,86.871,196.0,True,frame_0950.png
950,21133,0x1780,$02:9274,E0,86.0,188.0,True,frame_0950.png
950,21133,0x17C0,$02:B04A,C8,249.523,123.008,True,frame_0950.png
950,21133,0x1800,$02:9119,C8,179.531,184.0,True,frame_0950.png
950,21133,0x1840,$02:9274,E0,179.0,176.0,True,frame_0950.png
950,21133,0x1880,$02:9119,C8,165.0,196.0,True,frame_0950.png
950,21133,0x18C0,$02:9274,E0,165.0,188.0,True,frame_0950.png
950,21133,0x1900,$02:91FF,D8,32.062,184.0,True,frame_0950.png
950,21133,0x1940,$02:9274,E0,32.0,176.0,True,frame_0950.png
950,21133,0x1A00,$02:B04A,C8,220.727,72.133,True,frame_0950.png
950,21133,0x1AC0,$04:F97F,CC,63.984,-15.0,False,frame_0950.png
950,21133,0x1B00,$04:F97F,CC,11.5,144.535,True,frame_0950.png
950,21133,0x1B40,$04:F97F,CC,48.0,162.125,True,frame_0950.png
952,21135,0x1000,$04:DF96,C8,26.5,48.0,True,frame_0952.png
952,21135,0x10C0,$04:E6AF,C8,154.0,68.0,True,frame_0952.png
952,21135,0x16C0,$02:9166,C8,52.871,184.0,True,frame_0952.png
952,21135,0x1700,$02:9274,E0,52.0,176.0,True,frame_0952.png
952,21135,0x1740,$02:9166,C8,84.871,196.0,True,frame_0952.png
952,21135,0x1780,$02:9274,E0,84.0,188.0,True,frame_0952.png
952,21135,0x17C0,$02:B04A,C8,247.031,121.344,True,frame_0952.png
952,21135,0x1800,$02:9119,C8,180.027,184.0,True,frame_0952.png
952,21135,0x1840,$02:9274,E0,180.0,176.0,True,frame_0952.png
952,21135,0x1880,$02:9119,C8,165.621,196.0,True,frame_0952.png
952,21135,0x18C0,$02:9274,E0,165.0,188.0,True,frame_0952.png
952,21135,0x1900,$02:91FF,D8,31.062,184.0,True,frame_0952.png
952,21135,0x1940,$02:9274,E0,31.0,176.0,True,frame_0952.png
952,21135,0x1A00,$02:B04A,C8,217.961,70.992,True,frame_0952.png
952,21135,0x1AC0,$04:F97F,CC,62.742,-18.0,False,frame_0952.png
952,21135,0x1B00,$04:F97F,CC,8.5,143.293,True,frame_0952.png
952,21135,0x1B40,$04:F97F,CC,45.0,160.883,True,frame_0952.png
954,21137,0x1000,$04:DF96,C8,31.5,48.0,True,frame_0954.png
954,21137,0x1080,$04:E6AF,C8,37.0,48.0,True,frame_0954.png
954,21137,0x10C0,$04:E6AF,C8,176.0,68.0,True,frame_0954.png
954,21137,0x16C0,$02:9166,C8,50.871,184.0,True,frame_0954.png
954,21137,0x1700,$02:9274,E0,50.0,176.0,True,frame_0954.png
954,21137,0x1740,$02:9166,C8,82.871,196.0,True,frame_0954.png
954,21137,0x1780,$02:9274,E0,82.0,188.0,True,frame_0954.png
954,21137,0x17C0,$02:B04A,C8,244.539,119.68,True,frame_0954.png
954,21137,0x1800,$02:9119,C8,180.508,184.0,True,frame_0954.png
954,21137,0x1840,$02:9274,E0,180.0,176.0,True,frame_0954.png
954,21137,0x1880,$02:9119,C8,166.227,196.0,True,frame_0954.png
954,21137,0x18C0,$02:9274,E0,166.0,188.0,True,frame_0954.png
954,21137,0x1900,$02:91FF,D8,30.062,184.0,True,frame_0954.png
954,21137,0x1940,$02:9274,E0,30.0,176.0,True,frame_0954.png
954,21137,0x1A00,$02:B04A,C8,215.195,69.852,True,frame_0954.png
954,21137,0x1AC0,$04:F97F,CC,61.5,-21.0,False,frame_0954.png
954,21137,0x1B00,$04:F97F,CC,5.5,142.051,True,frame_0954.png
954,21137,0x1B40,$04:F97F,CC,42.0,159.641,True,frame_0954.png
956,21139,0x1000,$04:DF96,C8,36.5,48.0,True,frame_0956.png
956,21139,0x1080,$04:E6AF,C8,59.0,48.0,True,frame_0956.png
956,21139,0x10C0,$04:E6AF,C8,198.0,68.0,True,frame_0956.png
956,21139,0x16C0,$02:9166,C8,48.871,184.0,True,frame_0956.png
956,21139,0x1700,$02:9274,E0,48.0,176.0,True,frame_0956.png
956,21139,0x1740,$02:9166,C8,80.871,196.0,True,frame_0956.png
956,21139,0x1780,$02:9274,E0,80.0,188.0,True,frame_0956.png
956,21139,0x17C0,$02:B04A,C8,242.047,118.016,True,frame_0956.png
956,21139,0x1800,$02:9119,C8,180.973,184.0,True,frame_0956.png
956,21139,0x1840,$02:9274,E0,180.0,176.0,True,frame_0956.png
956,21139,0x1880,$02:9119,C8,166.816,196.0,True,frame_0956.png
956,21139,0x18C0,$02:9274,E0,166.0,188.0,True,frame_0956.png
956,21139,0x1900,$02:91FF,D8,29.062,184.0,True,frame_0956.png
956,21139,0x1940,$02:9274,E0,29.0,176.0,True,frame_0956.png
956,21139,0x1A00,$02:B04A,C8,212.43,68.711,True,frame_0956.png
956,21139,0x1AC0,$04:F97F,CC,60.258,-24.0,False,frame_0956.png
956,21139,0x1B00,$04:F97F,CC,2.5,140.809,True,frame_0956.png
956,21139,0x1B40,$04:F97F,CC,39.0,158.398,True,frame_0956.png
958,21141,0x1000,$04:DF96,C8,41.5,48.0,True,frame_0958.png
958,21141,0x1080,$04:E6AF,C8,81.0,48.0,True,frame_0958.png
958,21141,0x16C0,$02:9166,C8,46.871,184.0,True,frame_0958.png
958,21141,0x1700,$02:9274,E0,46.0,176.0,True,frame_0958.png
958,21141,0x1740,$02:9166,C8,78.871,196.0,True,frame_0958.png
958,21141,0x1780,$02:9274,E0,78.0,188.0,True,frame_0958.png
958,21141,0x17C0,$02:B04A,C8,239.555,116.352,True,frame_0958.png
958,21141,0x1800,$02:9119,C8,181.422,184.0,True,frame_0958.png
958,21141,0x1840,$02:9274,E0,181.0,176.0,True,frame_0958.png
958,21141,0x1880,$02:9119,C8,167.391,196.0,True,frame_0958.png
958,21141,0x18C0,$02:9274,E0,167.0,188.0,True,frame_0958.png
958,21141,0x1900,$02:91FF,D8,28.062,184.0,True,frame_0958.png
958,21141,0x1940,$02:9274,E0,28.0,176.0,True,frame_0958.png
958,21141,0x1A00,$04:FCC0,D0,212.43,68.711,True,frame_0958.png
958,21141,0x1AC0,$04:F97F,CC,59.016,-27.0,False,frame_0958.png
958,21141,0x1B00,$04:F97F,CC,-0.5,139.566,False,frame_0958.png
958,21141,0x1B40,$04:F97F,CC,36.0,157.156,True,frame_0958.png
958,21141,0x1B80,$04:F97F,CC,35.379,157.5,True,frame_0958.png
960,21143,0x1000,$04:DF96,C8,46.5,48.0,True,frame_0960.png
960,21143,0x1080,$04:E6AF,C8,103.0,48.0,True,frame_0960.png
960,21143,0x16C0,$02:9166,C8,44.871,184.0,True,frame_0960.png
960,21143,0x1700,$02:9274,E0,44.0,176.0,True,frame_0960.png
960,21143,0x1740,$02:9166,C8,76.871,196.0,True,frame_0960.png
960,21143,0x1780,$02:9274,E0,76.0,188.0,True,frame_0960.png
960,21143,0x17C0,$02:B04A,C8,237.062,114.688,True,frame_0960.png
960,21143,0x1800,$02:9119,C8,181.855,184.0,True,frame_0960.png
960,21143,0x1840,$02:9274,E0,181.0,176.0,True,frame_0960.png
960,21143,0x1880,$02:9119,C8,167.949,196.0,True,frame_0960.png
960,21143,0x18C0,$02:9274,E0,167.0,188.0,True,frame_0960.png
960,21143,0x1900,$02:91FF,D8,27.062,184.0,True,frame_0960.png
960,21143,0x1940,$02:9274,E0,27.0,176.0,True,frame_0960.png
960,21143,0x1A00,$04:FCC0,D0,211.43,68.711,True,frame_0960.png
960,21143,0x1AC0,$04:F97F,CC,57.773,-30.0,False,frame_0960.png
960,21143,0x1B00,$04:F97F,CC,-3.5,138.324,False,frame_0960.png
960,21143,0x1B40,$04:F97F,CC,33.0,155.914,True,frame_0960.png
960,21143,0x1B80,$04:F97F,CC,34.137,154.5,True,frame_0960.png
962,21145,0x1000,$04:DF96,C8,51.5,48.0,True,frame_0962.png
962,21145,0x1080,$04:E6AF,C8,125.0,48.0,True,frame_0962.png
962,21145,0x16C0,$02:9166,C8,42.871,184.0,True,frame_0962.png
962,21145,0x1700,$02:9274,E0,42.0,176.0,True,frame_0962.png
962,21145,0x1740,$02:9166,C8,74.871,196.0,True,frame_0962.png
962,21145,0x1780,$02:9274,E0,74.0,188.0,True,frame_0962.png
962,21145,0x17C0,$02:B04A,C8,234.57,113.023,True,frame_0962.png
962,21145,0x1800,$02:9119,C8,182.273,184.0,True,frame_0962.png
962,21145,0x1840,$02:9274,E0,182.0,176.0,True,frame_0962.png
962,21145,0x1880,$02:9119,C8,168.492,196.0,True,frame_0962.png
962,21145,0x18C0,$02:9274,E0,168.0,188.0,True,frame_0962.png
962,21145,0x1900,$02:91FF,D8,26.062,184.0,True,frame_0962.png
962,21145,0x1940,$02:9274,E0,26.0,176.0,True,frame_0962.png
962,21145,0x1A00,$04:FCC0,D0,210.43,68.711,True,frame_0962.png
962,21145,0x1AC0,$04:F97F,CC,56.531,-33.0,False,frame_0962.png
962,21145,0x1B00,$04:F97F,CC,-6.5,137.082,False,frame_0962.png
962,21145,0x1B40,$04:F97F,CC,30.0,154.672,True,frame_0962.png
962,21145,0x1B80,$04:F97F,CC,32.895,151.5,True,frame_0962.png
964,21147,0x1000,$04:DF96,C8,56.5,48.0,True,frame_0964.png
964,21147,0x1080,$04:E6AF,C8,147.0,48.0,True,frame_0964.png
964,21147,0x10C0,$04:E6AF,C8,62.0,48.0,True,frame_0964.png
964,21147,0x16C0,$02:9166,C8,40.871,184.0,True,frame_0964.png
964,21147,0x1700,$02:9274,E0,40.0,176.0,True,frame_0964.png
964,21147,0x1740,$02:9166,C8,72.871,196.0,True,frame_0964.png
964,21147,0x1780,$02:9274,E0,72.0,188.0,True,frame_0964.png
964,21147,0x17C0,$02:B04A,C8,232.078,111.359,True,frame_0964.png
964,21147,0x1800,$02:9119,C8,182.676,184.0,True,frame_0964.png
964,21147,0x1840,$02:9274,E0,182.0,176.0,True,frame_0964.png
964,21147,0x1880,$02:9119,C8,169.02,196.0,True,frame_0964.png
964,21147,0x18C0,$02:9274,E0,169.0,188.0,True,frame_0964.png
964,21147,0x1900,$02:91FF,D8,25.062,184.0,True,frame_0964.png
964,21147,0x1940,$02:9274,E0,25.0,176.0,True,frame_0964.png
964,21147,0x1A00,$04:FCC0,D0,209.43,68.711,True,frame_0964.png
964,21147,0x1AC0,$04:F97F,CC,55.289,-36.0,False,frame_0964.png
964,21147,0x1B00,$04:F97F,CC,-9.5,135.84,False,frame_0964.png
964,21147,0x1B40,$04:F97F,CC,27.0,153.43,True,frame_0964.png
964,21147,0x1B80,$04:F97F,CC,31.652,148.5,True,frame_0964.png
966,21149,0x1000,$04:DF96,C8,61.5,48.0,True,frame_0966.png
966,21149,0x1080,$04:E6AF,C8,169.0,48.0,True,frame_0966.png
966,21149,0x10C0,$04:E6AF,C8,84.0,48.0,True,frame_0966.png
966,21149,0x16C0,$02:9166,C8,38.871,184.0,True,frame_0966.png
966,21149,0x1700,$02:9274,E0,38.0,176.0,True,frame_0966.png
966,21149,0x1740,$02:9166,C8,70.871,196.0,True,frame_0966.png
966,21149,0x1780,$02:9274,E0,70.0,188.0,True,frame_0966.png
966,21149,0x17C0,$02:B04A,C8,229.586,109.695,True,frame_0966.png
966,21149,0x1800,$02:91FF,D8,182.871,184.0,True,frame_0966.png
966,21149,0x1840,$02:9274,E0,182.0,176.0,True,frame_0966.png
966,21149,0x1880,$02:9119,C8,169.531,196.0,True,frame_0966.png
966,21149,0x18C0,$02:9274,E0,169.0,188.0,True,frame_0966.png
966,21149,0x1900,$02:91FF,D8,24.062,184.0,True,frame_0966.png
966,21149,0x1940,$02:9274,E0,24.0,176.0,True,frame_0966.png
966,21149,0x1A00,$04:FCC0,D0,208.43,68.711,True,frame_0966.png
966,21149,0x1AC0,$04:F97F,CC,59.0,171.0,True,frame_0966.png
966,21149,0x1B00,$04:F97F,CC,-12.5,134.598,False,frame_0966.png
966,21149,0x1B40,$04:F97F,CC,24.0,152.188,True,frame_0966.png
966,21149,0x1B80,$04:F97F,CC,30.41,145.5,True,frame_0966.png
968,21151,0x1000,$04:DF96,C8,66.5,48.0,True,frame_0968.png
968,21151,0x1080,$04:E6AF,C8,191.0,48.0,True,frame_0968.png
968,21151,0x10C0,$04:E6AF,C8,106.0,48.0,True,frame_0968.png
968,21151,0x16C0,$02:9166,C8,36.871,184.0,True,frame_0968.png
968,21151,0x1700,$02:9274,E0,36.0,176.0,True,frame_0968.png
968,21151,0x1740,$02:9166,C8,68.871,196.0,True,frame_0968.png
968,21151,0x1780,$02:9274,E0,68.0,188.0,True,frame_0968.png
968,21151,0x17C0,$02:B04A,C8,227.094,108.031,True,frame_0968.png
968,21151,0x1800,$02:91FF,D8,181.871,184.0,True,frame_0968.png
968,21151,0x1840,$02:9274,E0,181.0,176.0,True,frame_0968.png
968,21151,0x1880,$02:9119,C8,170.027,196.0,True,frame_0968.png
968,21151,0x18C0,$02:9274,E0,170.0,188.0,True,frame_0968.png
968,21151,0x1900,$02:91FF,D8,23.062,184.0,True,frame_0968.png
968,21151,0x1940,$02:9274,E0,23.0,176.0,True,frame_0968.png
968,21151,0x1A00,$04:FCC0,D0,207.43,68.711,True,frame_0968.png
968,21151,0x1AC0,$04:F97F,CC,57.758,168.0,True,frame_0968.png
968,21151,0x1B00,$04:F97F,CC,-15.5,133.355,False,frame_0968.png
968,21151,0x1B40,$04:F97F,CC,21.0,150.945,True,frame_0968.png
968,21151,0x1B80,$04:F97F,CC,29.168,142.5,True,frame_0968.png
970,21153,0x1000,$04:DF96,C8,71.5,48.0,True,frame_0970.png
970,21153,0x1080,$04:E6AF,C8,213.0,48.0,True,frame_0970.png
970,21153,0x10C0,$04:E6AF,C8,128.0,48.0,True,frame_0970.png
970,21153,0x16C0,$02:9166,C8,34.871,184.0,True,frame_0970.png
970,21153,0x1700,$02:9274,E0,34.0,176.0,True,frame_0970.png
970,21153,0x1740,$02:9166,C8,66.871,196.0,True,frame_0970.png
970,21153,0x1780,$02:9274,E0,66.0,188.0,True,frame_0970.png
970,21153,0x17C0,$02:B04A,C8,224.602,106.367,True,frame_0970.png
970,21153,0x1800,$02:91FF,D8,180.871,184.0,True,frame_0970.png
970,21153,0x1840,$02:9274,E0,180.0,176.0,True,frame_0970.png
970,21153,0x1880,$02:9119,C8,170.508,196.0,True,frame_0970.png
970,21153,0x18C0,$02:9274,E0,170.0,188.0,True,frame_0970.png
970,21153,0x1900,$02:91FF,D8,22.062,184.0,True,frame_0970.png
970,21153,0x1940,$02:9274,E0,22.0,176.0,True,frame_0970.png
970,21153,0x1A00,$04:FCC0,D0,206.43,68.711,True,frame_0970.png
970,21153,0x1AC0,$04:F97F,CC,56.516,165.0,True,frame_0970.png
970,21153,0x1B00,$04:F97F,CC,-18.5,132.113,False,frame_0970.png
970,21153,0x1B40,$04:F97F,CC,18.0,149.703,True,frame_0970.png
970,21153,0x1B80,$04:F97F,CC,27.926,139.5,True,frame_0970.png
972,21155,0x1000,$04:DF96,C8,76.5,48.0,True,frame_0972.png
972,21155,0x1080,$04:E6AF,C8,235.0,48.0,True,frame_0972.png
972,21155,0x10C0,$04:E6AF,C8,150.0,48.0,True,frame_0972.png
972,21155,0x16C0,$02:9166,C8,32.871,184.0,True,frame_0972.png
972,21155,0x1700,$02:9274,E0,32.0,176.0,True,frame_0972.png
972,21155,0x1740,$02:9166,C8,64.871,196.0,True,frame_0972.png
972,21155,0x1780,$02:9274,E0,64.0,188.0,True,frame_0972.png
972,21155,0x17C0,$02:B04A,C8,222.109,104.703,True,frame_0972.png
972,21155,0x1800,$02:91FF,D8,179.871,184.0,True,frame_0972.png
972,21155,0x1840,$02:9274,E0,179.0,176.0,True,frame_0972.png
972,21155,0x1880,$02:9119,C8,170.973,196.0,True,frame_0972.png
972,21155,0x18C0,$02:9274,E0,170.0,188.0,True,frame_0972.png
972,21155,0x1900,$02:91FF,D8,21.062,184.0,True,frame_0972.png
972,21155,0x1940,$02:9274,E0,21.0,176.0,True,frame_0972.png
972,21155,0x1A00,$04:FCC0,D0,205.43,68.711,True,frame_0972.png
972,21155,0x1AC0,$04:F97F,CC,55.273,162.0,True,frame_0972.png
972,21155,0x1B00,$04:F97F,CC,-21.5,130.871,False,frame_0972.png
972,21155,0x1B40,$04:F97F,CC,15.0,148.461,True,frame_0972.png
972,21155,0x1B80,$04:F97F,CC,26.684,136.5,True,frame_0972.png
974,21157,0x1000,$04:DF96,C8,81.5,48.0,True,frame_0974.png
974,21157,0x10C0,$04:E6AF,C8,172.0,48.0,True,frame_0974.png
974,21157,0x16C0,$02:9166,C8,30.871,184.0,True,frame_0974.png
974,21157,0x1700,$02:9274,E0,30.0,176.0,True,frame_0974.png
974,21157,0x1740,$02:9166,C8,62.871,196.0,True,frame_0974.png
974,21157,0x1780,$02:9274,E0,62.0,188.0,True,frame_0974.png
974,21157,0x17C0,$02:B04A,C8,219.344,103.562,True,frame_0974.png
974,21157,0x1800,$02:91FF,D8,178.871,184.0,True,frame_0974.png
974,21157,0x1840,$02:9274,E0,178.0,176.0,True,frame_0974.png
974,21157,0x1880,$02:9119,C8,171.422,196.0,True,frame_0974.png
974,21157,0x18C0,$02:9274,E0,171.0,188.0,True,frame_0974.png
974,21157,0x1900,$02:91FF,D8,20.062,184.0,True,frame_0974.png
974,21157,0x1940,$02:9274,E0,20.0,176.0,True,frame_0974.png
974,21157,0x1A00,$04:FCC0,D0,204.43,68.711,True,frame_0974.png
974,21157,0x1AC0,$04:F97F,CC,54.031,159.0,True,frame_0974.png
974,21157,0x1B00,$04:F97F,CC,-24.5,129.629,False,frame_0974.png
974,21157,0x1B40,$04:F97F,CC,12.0,147.219,True,frame_0974.png
974,21157,0x1B80,$04:F97F,CC,25.441,133.5,True,frame_0974.png
976,21159,0x1000,$04:DF96,C8,86.5,48.0,True,frame_0976.png
976,21159,0x10C0,$04:E6AF,C8,194.0,48.0,True,frame_0976.png
976,21159,0x16C0,$02:9166,C8,28.871,184.0,True,frame_0976.png
976,21159,0x1700,$02:9274,E0,28.0,176.0,True,frame_0976.png
976,21159,0x1740,$02:9166,C8,60.871,196.0,True,frame_0976.png
976,21159,0x1780,$02:9274,E0,60.0,188.0,True,frame_0976.png
976,21159,0x17C0,$02:B04A,C8,216.578,102.422,True,frame_0976.png
976,21159,0x1800,$02:91FF,D8,177.871,184.0,True,frame_0976.png
976,21159,0x1840,$02:9274,E0,177.0,176.0,True,frame_0976.png
976,21159,0x1880,$02:9119,C8,171.855,196.0,True,frame_0976.png
976,21159,0x18C0,$02:9274,E0,171.0,188.0,True,frame_0976.png
976,21159,0x1900,$02:91FF,D8,19.062,184.0,True,frame_0976.png
976,21159,0x1940,$02:9274,E0,19.0,176.0,True,frame_0976.png
976,21159,0x1A00,$04:FCC0,D0,203.43,68.711,True,frame_0976.png
976,21159,0x1AC0,$04:F97F,CC,52.789,156.0,True,frame_0976.png
976,21159,0x1B00,$04:F97F,CC,-27.5,128.387,False,frame_0976.png
976,21159,0x1B40,$04:F97F,CC,9.0,145.977,True,frame_0976.png
976,21159,0x1B80,$04:F97F,CC,24.199,130.5,True,frame_0976.png
978,21161,0x1000,$04:DF96,C8,91.5,48.0,True,frame_0978.png
978,21161,0x1080,$04:E6AF,C8,97.0,48.0,True,frame_0978.png
978,21161,0x10C0,$04:E6AF,C8,216.0,48.0,True,frame_0978.png
978,21161,0x16C0,$02:9166,C8,26.871,184.0,True,frame_0978.png
978,21161,0x1700,$02:9274,E0,26.0,176.0,True,frame_0978.png
978,21161,0x1740,$02:9166,C8,58.871,196.0,True,frame_0978.png
978,21161,0x1780,$02:9274,E0,58.0,188.0,True,frame_0978.png
978,21161,0x17C0,$02:B04A,C8,213.812,101.281,True,frame_0978.png
978,21161,0x1800,$02:91FF,D8,176.871,184.0,True,frame_0978.png
978,21161,0x1840,$02:9274,E0,176.0,176.0,True,frame_0978.png
978,21161,0x1880,$02:9119,C8,172.273,196.0,True,frame_0978.png
978,21161,0x18C0,$02:9274,E0,172.0,188.0,True,frame_0978.png
978,21161,0x1900,$02:91FF,D8,18.062,184.0,True,frame_0978.png
978,21161,0x1940,$02:9274,E0,18.0,176.0,True,frame_0978.png
978,21161,0x1A00,$04:FCC0,D0,202.43,68.711,True,frame_0978.png
978,21161,0x1AC0,$04:F97F,CC,51.547,153.0,True,frame_0978.png
978,21161,0x1B00,$04:F97F,CC,-30.5,127.145,False,frame_0978.png
978,21161,0x1B40,$04:F97F,CC,6.0,144.734,True,frame_0978.png
978,21161,0x1B80,$04:F97F,CC,22.957,127.5,True,frame_0978.png
980,21163,0x1000,$04:DF96,C8,96.5,48.0,True,frame_0980.png
980,21163,0x1080,$04:E6AF,C8,119.0,48.0,True,frame_0980.png
980,21163,0x10C0,$04:E6AF,C8,238.0,48.0,True,frame_0980.png
980,21163,0x16C0,$02:9166,C8,24.871,184.0,True,frame_0980.png
980,21163,0x1700,$02:9274,E0,24.0,176.0,True,frame_0980.png
980,21163,0x1740,$02:9166,C8,56.871,196.0,True,frame_0980.png
980,21163,0x1780,$02:9274,E0,56.0,188.0,True,frame_0980.png
980,21163,0x17C0,$02:B04A,C8,211.047,100.141,True,frame_0980.png
980,21163,0x1800,$02:91FF,D8,175.871,184.0,True,frame_0980.png
980,21163,0x1840,$02:9274,E0,175.0,176.0,True,frame_0980.png
980,21163,0x1880,$02:9119,C8,172.676,196.0,True,frame_0980.png
980,21163,0x18C0,$02:9274,E0,172.0,188.0,True,frame_0980.png
980,21163,0x1900,$02:91FF,D8,17.062,184.0,True,frame_0980.png
980,21163,0x1940,$02:9274,E0,17.0,176.0,True,frame_0980.png
980,21163,0x1A00,$04:FCC0,D0,201.43,68.711,True,frame_0980.png
980,21163,0x1AC0,$04:F97F,CC,50.305,150.0,True,frame_0980.png
980,21163,0x1B40,$04:F97F,CC,3.0,143.492,True,frame_0980.png
980,21163,0x1B80,$04:F97F,CC,21.715,124.5,True,frame_0980.png
982,21165,0x1000,$04:DF96,C8,101.5,48.0,True,frame_0982.png
982,21165,0x1080,$04:E6AF,C8,141.0,48.0,True,frame_0982.png
982,21165,0x16C0,$02:9166,C8,22.871,184.0,True,frame_0982.png
982,21165,0x1700,$02:9274,E0,22.0,176.0,True,frame_0982.png
982,21165,0x1740,$02:9166,C8,54.871,196.0,True,frame_0982.png
982,21165,0x1780,$02:9274,E0,54.0,188.0,True,frame_0982.png
982,21165,0x17C0,$02:B04A,C8,208.109,99.562,True,frame_0982.png
982,21165,0x1800,$02:91FF,D8,174.871,184.0,True,frame_0982.png
982,21165,0x1840,$02:9274,E0,174.0,176.0,True,frame_0982.png
982,21165,0x1880,$02:91FF,D8,172.871,196.0,True,frame_0982.png
982,21165,0x18C0,$02:9274,E0,172.0,188.0,True,frame_0982.png
982,21165,0x1900,$02:91FF,D8,16.062,184.0,True,frame_0982.png
982,21165,0x1940,$02:9274,E0,16.0,176.0,True,frame_0982.png
982,21165,0x1A00,$04:FCC0,D0,200.43,68.711,True,frame_0982.png
982,21165,0x1AC0,$04:F97F,CC,49.062,147.0,True,frame_0982.png
982,21165,0x1B40,$04:F97F,CC,0.0,142.25,True,frame_0982.png
982,21165,0x1B80,$04:F97F,CC,20.473,121.5,True,frame_0982.png
984,21167,0x1000,$04:DF96,C8,106.5,48.0,True,frame_0984.png
984,21167,0x1080,$04:E6AF,C8,163.0,48.0,True,frame_0984.png
984,21167,0x16C0,$02:9166,C8,20.871,184.0,True,frame_0984.png
984,21167,0x1700,$02:9274,E0,20.0,176.0,True,frame_0984.png
984,21167,0x1740,$02:9166,C8,52.871,196.0,True,frame_0984.png
984,21167,0x1780,$02:9274,E0,52.0,188.0,True,frame_0984.png
984,21167,0x17C0,$02:B04A,C8,205.172,98.984,True,frame_0984.png
984,21167,0x1800,$02:91FF,D8,173.871,184.0,True,frame_0984.png
984,21167,0x1840,$02:9274,E0,173.0,176.0,True,frame_0984.png
984,21167,0x1880,$02:91FF,D8,171.871,196.0,True,frame_0984.png
984,21167,0x18C0,$02:9274,E0,171.0,188.0,True,frame_0984.png
984,21167,0x1900,$02:91FF,D8,15.062,184.0,True,frame_0984.png
984,21167,0x1940,$02:9274,E0,15.0,176.0,True,frame_0984.png
984,21167,0x1AC0,$04:F97F,CC,47.82,144.0,True,frame_0984.png
984,21167,0x1B40,$04:F97F,CC,-3.0,141.008,False,frame_0984.png
984,21167,0x1B80,$04:F97F,CC,19.23,118.5,True,frame_0984.png
986,21169,0x1000,$04:DF96,C8,111.5,48.0,True,frame_0986.png
986,21169,0x1080,$04:E6AF,C8,185.0,48.0,True,frame_0986.png
986,21169,0x16C0,$02:9166,C8,18.871,184.0,True,frame_0986.png
986,21169,0x1700,$02:9274,E0,18.0,176.0,True,frame_0986.png
986,21169,0x1740,$02:9166,C8,50.871,196.0,True,frame_0986.png
986,21169,0x1780,$02:9274,E0,50.0,188.0,True,frame_0986.png
986,21169,0x17C0,$02:B04A,C8,202.234,98.406,True,frame_0986.png
986,21169,0x1800,$02:9166,C8,172.871,184.0,True,frame_0986.png
986,21169,0x1840,$02:9274,E0,172.0,176.0,True,frame_0986.png
986,21169,0x1880,$02:91FF,D8,170.871,196.0,True,frame_0986.png
986,21169,0x18C0,$02:9274,E0,170.0,188.0,True,frame_0986.png
986,21169,0x1900,$02:91FF,D8,14.062,184.0,True,frame_0986.png
986,21169,0x1940,$02:9274,E0,14.0,176.0,True,frame_0986.png
986,21169,0x1AC0,$04:F97F,CC,46.578,141.0,True,frame_0986.png
986,21169,0x1B40,$04:F97F,CC,-6.0,139.766,False,frame_0986.png
986,21169,0x1B80,$04:F97F,CC,17.988,115.5,True,frame_0986.png
988,21171,0x1000,$04:DF96,C8,116.5,48.0,True,frame_0988.png
988,21171,0x1080,$04:E6AF,C8,207.0,48.0,True,frame_0988.png
988,21171,0x10C0,$04:E6AF,C8,122.0,48.0,True,frame_0988.png
988,21171,0x16C0,$02:9166,C8,16.871,184.0,True,frame_0988.png
988,21171,0x1700,$02:9274,E0,16.0,176.0,True,frame_0988.png
988,21171,0x1740,$02:9166,C8,48.871,196.0,True,frame_0988.png
988,21171,0x1780,$02:9274,E0,48.0,188.0,True,frame_0988.png
988,21171,0x17C0,$02:B04A,C8,199.297,97.828,True,frame_0988.png
988,21171,0x1800,$02:9166,C8,170.871,184.0,True,frame_0988.png
988,21171,0x1840,$02:9274,E0,170.0,176.0,True,frame_0988.png
988,21171,0x1880,$02:91FF,D8,169.871,196.0,True,frame_0988.png
988,21171,0x18C0,$02:9274,E0,169.0,188.0,True,frame_0988.png
988,21171,0x1900,$02:9166,C8,13.062,184.0,True,frame_0988.png
988,21171,0x1940,$02:9274,E0,13.0,176.0,True,frame_0988.png
988,21171,0x1AC0,$04:F97F,CC,45.336,138.0,True,frame_0988.png
988,21171,0x1B40,$04:F97F,CC,-9.0,138.523,False,frame_0988.png
988,21171,0x1B80,$04:F97F,CC,16.746,112.5,True,frame_0988.png
990,21173,0x1000,$04:DF96,C8,121.5,48.0,True,frame_0990.png
990,21173,0x1080,$04:E6AF,C8,229.0,48.0,True,frame_0990.png
990,21173,0x10C0,$04:E6AF,C8,144.0,48.0,True,frame_0990.png
990,21173,0x16C0,$02:9166,C8,14.871,184.0,True,frame_0990.png
990,21173,0x1700,$02:9274,E0,14.0,176.0,True,frame_0990.png
990,21173,0x1740,$02:9166,C8,46.871,196.0,True,frame_0990.png
990,21173,0x1780,$02:9274,E0,46.0,188.0,True,frame_0990.png
990,21173,0x17C0,$02:B04A,C8,196.359,97.25,True,frame_0990.png
990,21173,0x1800,$02:9166,C8,168.871,184.0,True,frame_0990.png
990,21173,0x1840,$02:9274,E0,168.0,176.0,True,frame_0990.png
990,21173,0x1880,$02:91FF,D8,168.871,196.0,True,frame_0990.png
990,21173,0x18C0,$02:9274,E0,168.0,188.0,True,frame_0990.png
990,21173,0x1900,$02:9166,C8,13.688,184.0,True,frame_0990.png
990,21173,0x1940,$02:9274,E0,13.0,176.0,True,frame_0990.png
990,21173,0x1AC0,$04:F97F,CC,44.094,135.0,True,frame_0990.png
990,21173,0x1B40,$04:F97F,CC,-12.0,137.281,False,frame_0990.png
990,21173,0x1B80,$04:F97F,CC,15.504,109.5,True,frame_0990.png
992,21175,0x1000,$04:DF96,C8,126.5,48.0,True,frame_0992.png
992,21175,0x1080,$04:E6AF,C8,251.0,48.0,True,frame_0992.png
992,21175,0x10C0,$04:E6AF,C8,166.0,48.0,True,frame_0992.png
992,21175,0x16C0,$02:9166,C8,12.871,184.0,True,frame_0992.png
992,21175,0x1700,$02:9274,E0,12.0,176.0,True,frame_0992.png
992,21175,0x1740,$02:9166,C8,44.871,196.0,True,frame_0992.png
992,21175,0x1780,$02:9274,E0,44.0,188.0,True,frame_0992.png
992,21175,0x17C0,$02:B04A,C8,193.359,97.25,True,frame_0992.png
992,21175,0x1800,$02:9166,C8,166.871,184.0,True,frame_0992.png
992,21175,0x1840,$02:9274,E0,166.0,176.0,True,frame_0992.png
992,21175,0x1880,$02:91FF,D8,167.871,196.0,True,frame_0992.png
992,21175,0x18C0,$02:9274,E0,167.0,188.0,True,frame_0992.png
992,21175,0x1900,$02:9166,C8,14.312,184.0,True,frame_0992.png
992,21175,0x1940,$02:9274,E0,14.0,176.0,True,frame_0992.png
992,21175,0x1AC0,$04:F97F,CC,42.852,132.0,True,frame_0992.png
992,21175,0x1B40,$04:F97F,CC,-15.0,136.039,False,frame_0992.png
992,21175,0x1B80,$04:F97F,CC,14.262,106.5,True,frame_0992.png
994,21177,0x1000,$04:DF96,C8,131.5,48.0,True,frame_0994.png
994,21177,0x10C0,$04:E6AF,C8,188.0,48.0,True,frame_0994.png
994,21177,0x16C0,$02:9166,C8,10.871,184.0,True,frame_0994.png
994,21177,0x1700,$02:9274,E0,10.0,176.0,True,frame_0994.png
994,21177,0x1740,$02:9166,C8,42.871,196.0,True,frame_0994.png
994,21177,0x1780,$02:9274,E0,42.0,188.0,True,frame_0994.png
994,21177,0x17C0,$02:B04A,C8,190.359,97.25,True,frame_0994.png
994,21177,0x1800,$02:9166,C8,164.871,184.0,True,frame_0994.png
994,21177,0x1840,$02:9274,E0,164.0,176.0,True,frame_0994.png
994,21177,0x1880,$02:91FF,D8,166.871,196.0,True,frame_0994.png
994,21177,0x18C0,$02:9274,E0,166.0,188.0,True,frame_0994.png
994,21177,0x1900,$02:9166,C8,14.938,184.0,True,frame_0994.png
994,21177,0x1940,$02:9274,E0,14.0,176.0,True,frame_0994.png
994,21177,0x1AC0,$04:F97F,CC,41.609,129.0,True,frame_0994.png
994,21177,0x1B40,$04:F97F,CC,-18.0,134.797,False,frame_0994.png
994,21177,0x1B80,$04:F97F,CC,13.02,103.5,True,frame_0994.png
996,21179,0x1000,$04:DF96,C8,136.5,48.0,True,frame_0996.png
996,21179,0x10C0,$04:E6AF,C8,210.0,48.0,True,frame_0996.png
996,21179,0x16C0,$02:9166,C8,8.871,184.0,True,frame_0996.png
996,21179,0x1700,$02:9274,E0,8.0,176.0,True,frame_0996.png
996,21179,0x1740,$02:9166,C8,40.871,196.0,True,frame_0996.png
996,21179,0x1780,$02:9274,E0,40.0,188.0,True,frame_0996.png
996,21179,0x17C0,$02:B04A,C8,187.359,97.25,True,frame_0996.png
996,21179,0x1800,$02:9166,C8,162.871,184.0,True,frame_0996.png
996,21179,0x1840,$02:9274,E0,162.0,176.0,True,frame_0996.png
996,21179,0x1880,$02:91FF,D8,165.871,196.0,True,frame_0996.png
996,21179,0x18C0,$02:9274,E0,165.0,188.0,True,frame_0996.png
996,21179,0x1900,$02:9166,C8,15.562,184.0,True,frame_0996.png
996,21179,0x1940,$02:9274,E0,15.0,176.0,True,frame_0996.png
996,21179,0x1AC0,$04:F97F,CC,40.367,126.0,True,frame_0996.png
996,21179,0x1B40,$04:F97F,CC,-21.0,133.555,False,frame_0996.png
996,21179,0x1B80,$04:F97F,CC,11.777,100.5,True,frame_0996.png
998,21181,0x1000,$04:DF96,C8,141.5,48.0,True,frame_0998.png
998,21181,0x10C0,$04:E6AF,C8,232.0,48.0,True,frame_0998.png
998,21181,0x16C0,$02:9166,C8,6.871,184.0,True,frame_0998.png
998,21181,0x1700,$02:9274,E0,6.0,176.0,True,frame_0998.png
998,21181,0x1740,$02:9166,C8,38.871,196.0,True,frame_0998.png
998,21181,0x1780,$02:9274,E0,38.0,188.0,True,frame_0998.png
998,21181,0x17C0,$02:B04A,C8,184.359,97.25,True,frame_0998.png
998,21181,0x1800,$02:9166,C8,160.871,184.0,True,frame_0998.png
998,21181,0x1840,$02:9274,E0,160.0,176.0,True,frame_0998.png
998,21181,0x1880,$02:91FF,D8,164.871,196.0,True,frame_0998.png
998,21181,0x18C0,$02:9274,E0,164.0,188.0,True,frame_0998.png
998,21181,0x1900,$02:9166,C8,16.188,184.0,True,frame_0998.png
998,21181,0x1940,$02:9274,E0,16.0,176.0,True,frame_0998.png
998,21181,0x1AC0,$04:F97F,CC,39.125,123.0,True,frame_0998.png
998,21181,0x1B40,$04:F97F,CC,-24.0,132.312,False,frame_0998.png
998,21181,0x1B80,$04:F97F,CC,10.535,97.5,True,frame_0998.png
1000,21183,0x1000,$04:DF96,C8,146.5,48.0,True,frame_1000.png
1000,21183,0x16C0,$02:9166,C8,4.871,184.0,True,frame_1000.png
1000,21183,0x1700,$02:9274,E0,4.0,176.0,True,frame_1000.png
1000,21183,0x1740,$02:9166,C8,36.871,196.0,True,frame_1000.png
1000,21183,0x1780,$02:9274,E0,36.0,188.0,True,frame_1000.png
1000,21183,0x17C0,$02:B04A,C8,181.359,97.25,True,frame_1000.png
1000,21183,0x1800,$02:9166,C8,158.871,184.0,True,frame_1000.png
1000,21183,0x1840,$02:9274,E0,158.0,176.0,True,frame_1000.png
1000,21183,0x1880,$02:91FF,D8,163.871,196.0,True,frame_1000.png
1000,21183,0x18C0,$02:9274,E0,163.0,188.0,True,frame_1000.png
1000,21183,0x1900,$02:9166,C8,16.812,184.0,True,frame_1000.png
1000,21183,0x1940,$02:9274,E0,16.0,176.0,True,frame_1000.png
1000,21183,0x1AC0,$04:F97F,CC,37.883,120.0,True,frame_1000.png
1000,21183,0x1B40,$04:F97F,CC,-27.0,131.07,False,frame_1000.png
1000,21183,0x1B80,$04:F97F,CC,9.293,94.5,True,frame_1000.png
1002,21185,0x1000,$04:DF96,C8,151.5,48.0,True,frame_1002.png
1002,21185,0x1080,$04:E6AF,C8,157.0,48.0,True,frame_1002.png
1002,21185,0x16C0,$02:9166,C8,2.871,184.0,True,frame_1002.png
1002,21185,0x1700,$02:9274,E0,2.0,176.0,True,frame_1002.png
1002,21185,0x1740,$02:9166,C8,34.871,196.0,True,frame_1002.png
1002,21185,0x1780,$02:9274,E0,34.0,188.0,True,frame_1002.png
1002,21185,0x17C0,$02:B04A,C8,178.359,97.25,True,frame_1002.png
1002,21185,0x1800,$02:9166,C8,156.871,184.0,True,frame_1002.png
1002,21185,0x1840,$02:9274,E0,156.0,176.0,True,frame_1002.png
1002,21185,0x1880,$02:91FF,D8,162.871,196.0,True,frame_1002.png
1002,21185,0x18C0,$02:9274,E0,162.0,188.0,True,frame_1002.png
1002,21185,0x1900,$02:9166,C8,17.438,184.0,True,frame_1002.png
1002,21185,0x1940,$02:9274,E0,17.0,176.0,True,frame_1002.png
1002,21185,0x1AC0,$04:F97F,CC,36.641,117.0,True,frame_1002.png
1002,21185,0x1B00,$04:F97F,CC,145.0,159.0,True,frame_1002.png
1002,21185,0x1B40,$04:F97F,CC,-30.0,129.828,False,frame_1002.png
1002,21185,0x1B80,$04:F97F,CC,8.051,91.5,True,frame_1002.png
1004,21187,0x1000,$04:DF96,C8,156.5,48.0,True,frame_1004.png
1004,21187,0x1080,$04:E6AF,C8,179.0,48.0,True,frame_1004.png
1004,21187,0x16C0,$02:9166,C8,0.871,184.0,True,frame_1004.png
1004,21187,0x1700,$02:9274,E0,0.0,176.0,True,frame_1004.png
1004,21187,0x1740,$02:9166,C8,32.871,196.0,True,frame_1004.png
1004,21187,0x1780,$02:9274,E0,32.0,188.0,True,frame_1004.png
1004,21187,0x17C0,$02:B04A,C8,175.359,97.25,True,frame_1004.png
1004,21187,0x1800,$02:9166,C8,154.871,184.0,True,frame_1004.png
1004,21187,0x1840,$02:9274,E0,154.0,176.0,True,frame_1004.png
1004,21187,0x1880,$02:91FF,D8,161.871,196.0,True,frame_1004.png
1004,21187,0x18C0,$02:9274,E0,161.0,188.0,True,frame_1004.png
1004,21187,0x1900,$02:9166,C8,18.062,184.0,True,frame_1004.png
1004,21187,0x1940,$02:9274,E0,18.0,176.0,True,frame_1004.png
1004,21187,0x1AC0,$04:F97F,CC,35.398,114.0,True,frame_1004.png
1004,21187,0x1B00,$04:F97F,CC,143.758,156.0,True,frame_1004.png
1004,21187,0x1B40,$04:F97F,CC,-33.0,128.586,False,frame_1004.png
1004,21187,0x1B80,$04:F97F,CC,6.809,88.5,True,frame_1004.png
1006,21189,0x1000,$04:DF96,C8,161.5,48.0,True,frame_1006.png
1006,21189,0x1080,$04:E6AF,C8,201.0,48.0,True,frame_1006.png
1006,21189,0x16C0,$02:9166,C8,-1.129,184.0,False,frame_1006.png
1006,21189,0x1700,$02:9274,E0,-2.0,176.0,False,frame_1006.png
1006,21189,0x1740,$02:9166,C8,30.871,196.0,True,frame_1006.png
1006,21189,0x1780,$02:9274,E0,30.0,188.0,True,frame_1006.png
1006,21189,0x17C0,$02:B04A,C8,172.359,97.25,True,frame_1006.png
1006,21189,0x1800,$02:9166,C8,152.871,184.0,True,frame_1006.png
1006,21189,0x1840,$02:9274,E0,152.0,176.0,True,frame_1006.png
1006,21189,0x1880,$02:91FF,D8,160.871,196.0,True,frame_1006.png
1006,21189,0x18C0,$02:9274,E0,160.0,188.0,True,frame_1006.png
1006,21189,0x1900,$02:9166,C8,18.688,184.0,True,frame_1006.png
1006,21189,0x1940,$02:9274,E0,18.0,176.0,True,frame_1006.png
1006,21189,0x1AC0,$04:F97F,CC,34.156,111.0,True,frame_1006.png
1006,21189,0x1B00,$04:F97F,CC,142.516,153.0,True,frame_1006.png
1006,21189,0x1B40,$04:F97F,CC,-36.0,127.344,False,frame_1006.png
1006,21189,0x1B80,$04:F97F,CC,5.566,85.5,True,frame_1006.png
1008,21191,0x1000,$04:DF96,C8,166.5,48.0,True,frame_1008.png
1008,21191,0x1080,$04:E6AF,C8,223.0,48.0,True,frame_1008.png
1008,21191,0x16C0,$02:9166,C8,-3.129,184.0,False,frame_1008.png
1008,21191,0x1700,$02:9274,E0,-4.0,176.0,False,frame_1008.png
1008,21191,0x1740,$02:9166,C8,28.871,196.0,True,frame_1008.png
1008,21191,0x1780,$02:9274,E0,28.0,188.0,True,frame_1008.png
1008,21191,0x17C0,$02:B04A,C8,169.359,97.25,True,frame_1008.png
1008,21191,0x1800,$02:9166,C8,150.871,184.0,True,frame_1008.png
1008,21191,0x1840,$02:9274,E0,150.0,176.0,True,frame_1008.png
1008,21191,0x1880,$02:91FF,D8,159.871,196.0,True,frame_1008.png
1008,21191,0x18C0,$02:9274,E0,159.0,188.0,True,frame_1008.png
1008,21191,0x1900,$02:9166,C8,19.312,184.0,True,frame_1008.png
1008,21191,0x1940,$02:9274,E0,19.0,176.0,True,frame_1008.png
1008,21191,0x1AC0,$04:F97F,CC,32.914,108.0,True,frame_1008.png
1008,21191,0x1B00,$04:F97F,CC,141.273,150.0,True,frame_1008.png
1008,21191,0x1B80,$04:F97F,CC,4.324,82.5,True,frame_1008.png
1010,21193,0x1000,$04:DF96,C8,171.5,48.0,True,frame_1010.png
1010,21193,0x1080,$04:E6AF,C8,245.0,48.0,True,frame_1010.png
1010,21193,0x16C0,$02:9166,C8,-5.129,184.0,False,frame_1010.png
1010,21193,0x1700,$02:9274,E0,-6.0,176.0,False,frame_1010.png
1010,21193,0x1740,$02:9166,C8,26.871,196.0,True,frame_1010.png
1010,21193,0x1780,$02:9274,E0,26.0,188.0,True,frame_1010.png
1010,21193,0x17C0,$02:B04A,C8,166.359,97.25,True,frame_1010.png
1010,21193,0x1800,$02:9166,C8,148.871,184.0,True,frame_1010.png
1010,21193,0x1840,$02:9274,E0,148.0,176.0,True,frame_1010.png
1010,21193,0x1880,$02:91FF,D8,158.871,196.0,True,frame_1010.png
1010,21193,0x18C0,$02:9274,E0,158.0,188.0,True,frame_1010.png
1010,21193,0x1900,$02:9166,C8,19.938,184.0,True,frame_1010.png
1010,21193,0x1940,$02:9274,E0,19.0,176.0,True,frame_1010.png
1010,21193,0x1AC0,$04:F97F,CC,31.672,105.0,True,frame_1010.png
1010,21193,0x1B00,$04:F97F,CC,140.031,147.0,True,frame_1010.png
1010,21193,0x1B80,$04:F97F,CC,3.082,79.5,True,frame_1010.png
1012,21195,0x1000,$04:DF96,C8,176.5,48.0,True,frame_1012.png
1012,21195,0x1080,$04:E6AF,C8,182.0,48.0,True,frame_1012.png
1012,21195,0x16C0,$02:9166,C8,-7.129,184.0,False,frame_1012.png
1012,21195,0x1700,$02:9274,E0,-8.0,176.0,False,frame_1012.png
1012,21195,0x1740,$02:9166,C8,24.871,196.0,True,frame_1012.png
1012,21195,0x1780,$02:9274,E0,24.0,188.0,True,frame_1012.png
1012,21195,0x17C0,$02:B04A,C8,163.359,97.25,True,frame_1012.png
1012,21195,0x1800,$02:9166,C8,146.871,184.0,True,frame_1012.png
1012,21195,0x1840,$02:9274,E0,146.0,176.0,True,frame_1012.png
1012,21195,0x1880,$02:91FF,D8,157.871,196.0,True,frame_1012.png
1012,21195,0x18C0,$02:9274,E0,157.0,188.0,True,frame_1012.png
1012,21195,0x1900,$02:9166,C8,20.562,184.0,True,frame_1012.png
1012,21195,0x1940,$02:9274,E0,20.0,176.0,True,frame_1012.png
1012,21195,0x1AC0,$04:F97F,CC,30.43,102.0,True,frame_1012.png
1012,21195,0x1B00,$04:F97F,CC,138.789,144.0,True,frame_1012.png
1012,21195,0x1B80,$04:F97F,CC,1.84,76.5,True,frame_1012.png
1014,21197,0x1000,$04:DF96,C8,181.5,48.0,True,frame_1014.png
1014,21197,0x1080,$04:E6AF,C8,204.0,48.0,True,frame_1014.png
1014,21197,0x16C0,$02:9166,C8,-9.129,184.0,False,frame_1014.png
1014,21197,0x1700,$02:9274,E0,-10.0,176.0,False,frame_1014.png
1014,21197,0x1740,$02:9166,C8,22.871,196.0,True,frame_1014.png
1014,21197,0x1780,$02:9274,E0,22.0,188.0,True,frame_1014.png
1014,21197,0x17C0,$02:B04A,C8,160.359,97.25,True,frame_1014.png
1014,21197,0x1800,$02:9166,C8,144.871,184.0,True,frame_1014.png
1014,21197,0x1840,$02:9274,E0,144.0,176.0,True,frame_1014.png
1014,21197,0x1880,$02:91FF,D8,156.871,196.0,True,frame_1014.png
1014,21197,0x18C0,$02:9274,E0,156.0,188.0,True,frame_1014.png
1014,21197,0x1900,$02:9166,C8,21.188,184.0,True,frame_1014.png
1014,21197,0x1940,$02:9274,E0,21.0,176.0,True,frame_1014.png
1014,21197,0x1AC0,$04:F97F,CC,29.188,99.0,True,frame_1014.png
1014,21197,0x1B00,$04:F97F,CC,137.547,141.0,True,frame_1014.png
1014,21197,0x1B80,$04:F97F,CC,0.598,73.5,True,frame_1014.png
1016,21199,0x1000,$04:DF96,C8,186.5,48.0,True,frame_1016.png
1016,21199,0x1080,$04:E6AF,C8,226.0,48.0,True,frame_1016.png
1016,21199,0x16C0,$02:9166,C8,-11.129,184.0,False,frame_1016.png
1016,21199,0x1700,$02:9274,E0,-12.0,176.0,False,frame_1016.png
1016,21199,0x1740,$02:9166,C8,20.871,196.0,True,frame_1016.png
1016,21199,0x1780,$02:9274,E0,20.0,188.0,True,frame_1016.png
1016,21199,0x17C0,$02:B04A,C8,157.359,97.25,True,frame_1016.png
1016,21199,0x1800,$02:9166,C8,142.871,184.0,True,frame_1016.png
1016,21199,0x1840,$02:9274,E0,142.0,176.0,True,frame_1016.png
1016,21199,0x1880,$02:91FF,D8,155.871,196.0,True,frame_1016.png
1016,21199,0x18C0,$02:9274,E0,155.0,188.0,True,frame_1016.png
1016,21199,0x1900,$02:9166,C8,21.812,184.0,True,frame_1016.png
1016,21199,0x1940,$02:9274,E0,21.0,176.0,True,frame_1016.png
1016,21199,0x1AC0,$04:F97F,CC,27.945,96.0,True,frame_1016.png
1016,21199,0x1B00,$04:F97F,CC,136.305,138.0,True,frame_1016.png
1016,21199,0x1B80,$04:F97F,CC,-0.645,70.5,False,frame_1016.png
1018,21201,0x1000,$04:DF96,C8,191.5,48.0,True,frame_1018.png
1018,21201,0x1080,$04:E6AF,C8,248.0,48.0,True,frame_1018.png
1018,21201,0x16C0,$02:9166,C8,-13.129,184.0,False,frame_1018.png
1018,21201,0x1700,$02:9274,E0,-14.0,176.0,False,frame_1018.png
1018,21201,0x1740,$02:9166,C8,18.871,196.0,True,frame_1018.png
1018,21201,0x1780,$02:9274,E0,18.0,188.0,True,frame_1018.png
1018,21201,0x17C0,$02:B04A,C8,154.359,97.25,True,frame_1018.png
1018,21201,0x1800,$02:9166,C8,140.871,184.0,True,frame_1018.png
1018,21201,0x1840,$02:9274,E0,140.0,176.0,True,frame_1018.png
1018,21201,0x1880,$02:91FF,D8,154.871,196.0,True,frame_1018.png
1018,21201,0x18C0,$02:9274,E0,154.0,188.0,True,frame_1018.png
1018,21201,0x1900,$02:9166,C8,22.438,184.0,True,frame_1018.png
1018,21201,0x1940,$02:9274,E0,22.0,176.0,True,frame_1018.png
1018,21201,0x1AC0,$04:F97F,CC,26.703,93.0,True,frame_1018.png
1018,21201,0x1B00,$04:F97F,CC,135.062,135.0,True,frame_1018.png
1018,21201,0x1B80,$04:F97F,CC,-1.887,67.5,False,frame_1018.png
1020,21203,0x1000,$04:DF96,C8,196.5,48.0,True,frame_1020.png
1020,21203,0x16C0,$02:9166,C8,-15.129,184.0,False,frame_1020.png
1020,21203,0x1700,$02:9274,E0,-16.0,176.0,False,frame_1020.png
1020,21203,0x1740,$02:9166,C8,16.871,196.0,True,frame_1020.png
1020,21203,0x1780,$02:9274,E0,16.0,188.0,True,frame_1020.png
1020,21203,0x17C0,$02:B04A,C8,151.359,97.25,True,frame_1020.png
1020,21203,0x1800,$02:9166,C8,138.871,184.0,True,frame_1020.png
1020,21203,0x1840,$02:9274,E0,138.0,176.0,True,frame_1020.png
1020,21203,0x1880,$02:91FF,D8,153.871,196.0,True,frame_1020.png
1020,21203,0x18C0,$02:9274,E0,153.0,188.0,True,frame_1020.png
1020,21203,0x1900,$02:9166,C8,23.062,184.0,True,frame_1020.png
1020,21203,0x1940,$02:9274,E0,23.0,176.0,True,frame_1020.png
1020,21203,0x1AC0,$04:F97F,CC,25.461,90.0,True,frame_1020.png
1020,21203,0x1B00,$04:F97F,CC,133.82,132.0,True,frame_1020.png
1020,21203,0x1B80,$04:F97F,CC,-3.129,64.5,False,frame_1020.png
1022,21205,0x1000,$04:DF96,C8,201.5,48.0,True,frame_1022.png
1022,21205,0x16C0,$02:9166,C8,-17.129,184.0,False,frame_1022.png
1022,21205,0x1700,$02:9274,E0,-18.0,176.0,False,frame_1022.png
1022,21205,0x1740,$02:9166,C8,14.871,196.0,True,frame_1022.png
1022,21205,0x1780,$02:9274,E0,14.0,188.0,True,frame_1022.png
1022,21205,0x17C0,$02:B04A,C8,148.359,97.25,True,frame_1022.png
1022,21205,0x1800,$02:9166,C8,136.871,184.0,True,frame_1022.png
1022,21205,0x1840,$02:9274,E0,136.0,176.0,True,frame_1022.png
1022,21205,0x1880,$02:9166,C8,152.871,196.0,True,frame_1022.png
1022,21205,0x18C0,$02:9274,E0,152.0,188.0,True,frame_1022.png
1022,21205,0x1900,$02:9166,C8,23.688,184.0,True,frame_1022.png
1022,21205,0x1940,$02:9274,E0,23.0,176.0,True,frame_1022.png
1022,21205,0x1AC0,$04:F97F,CC,24.219,87.0,True,frame_1022.png
1022,21205,0x1B00,$04:F97F,CC,132.578,129.0,True,frame_1022.png
1022,21205,0x1B40,$04:F97F,CC,1.148,162.852,True,frame_1022.png
1022,21205,0x1B80,$04:F97F,CC,-4.371,61.5,False,frame_1022.png
1024,21207,0x1000,$04:DF96,C8,206.5,48.0,True,frame_1024.png
1024,21207,0x16C0,$02:9166,C8,-19.129,184.0,False,frame_1024.png
1024,21207,0x1700,$02:9274,E0,-20.0,176.0,False,frame_1024.png
1024,21207,0x1740,$02:9166,C8,12.871,196.0,True,frame_1024.png
1024,21207,0x1780,$02:9274,E0,12.0,188.0,True,frame_1024.png
1024,21207,0x17C0,$02:B04A,C8,145.359,97.25,True,frame_1024.png
1024,21207,0x1800,$02:9166,C8,134.871,184.0,True,frame_1024.png
1024,21207,0x1840,$02:9274,E0,134.0,176.0,True,frame_1024.png
1024,21207,0x1880,$02:9166,C8,150.871,196.0,True,frame_1024.png
1024,21207,0x18C0,$02:9274,E0,150.0,188.0,True,frame_1024.png
1024,21207,0x1900,$02:9166,C8,24.312,184.0,True,frame_1024.png
1024,21207,0x1940,$02:9274,E0,24.0,176.0,True,frame_1024.png
1024,21207,0x1AC0,$04:F97F,CC,22.977,84.0,True,frame_1024.png
1024,21207,0x1B00,$04:F97F,CC,131.336,126.0,True,frame_1024.png
1024,21207,0x1B40,$04:F97F,CC,3.445,160.555,True,frame_1024.png
1024,21207,0x1B80,$04:F97F,CC,-5.613,58.5,False,frame_1024.png
1026,21209,0x1000,$04:DF96,C8,211.5,48.0,True,frame_1026.png
1026,21209,0x1080,$04:E6AF,C8,217.0,48.0,True,frame_1026.png
1026,21209,0x16C0,$02:9166,C8,-21.129,184.0,False,frame_1026.png
1026,21209,0x1700,$02:9274,E0,-22.0,176.0,False,frame_1026.png
1026,21209,0x1740,$02:9166,C8,10.871,196.0,True,frame_1026.png
1026,21209,0x1780,$02:9274,E0,10.0,188.0,True,frame_1026.png
1026,21209,0x17C0,$02:B04A,C8,142.359,97.25,True,frame_1026.png
1026,21209,0x1800,$02:9166,C8,132.871,184.0,True,frame_1026.png
1026,21209,0x1840,$02:9274,E0,132.0,176.0,True,frame_1026.png
1026,21209,0x1880,$02:9166,C8,148.871,196.0,True,frame_1026.png
1026,21209,0x18C0,$02:9274,E0,148.0,188.0,True,frame_1026.png
1026,21209,0x1900,$02:9166,C8,24.938,184.0,True,frame_1026.png
1026,21209,0x1940,$02:9274,E0,24.0,176.0,True,frame_1026.png
1026,21209,0x1AC0,$04:F97F,CC,21.734,81.0,True,frame_1026.png
1026,21209,0x1B00,$04:F97F,CC,130.094,123.0,True,frame_1026.png
1026,21209,0x1B40,$04:F97F,CC,5.742,158.258,True,frame_1026.png
1026,21209,0x1B80,$04:F97F,CC,-6.855,55.5,False,frame_1026.png
1028,21211,0x1000,$04:DF96,C8,216.5,48.0,True,frame_1028.png
1028,21211,0x1080,$04:E6AF,C8,239.0,48.0,True,frame_1028.png
1028,21211,0x16C0,$02:9166,C8,-23.129,184.0,False,frame_1028.png
1028,21211,0x1700,$02:9274,E0,-24.0,176.0,False,frame_1028.png
1028,21211,0x1740,$02:9166,C8,8.871,196.0,True,frame_1028.png
1028,21211,0x1780,$02:9274,E0,8.0,188.0,True,frame_1028.png
1028,21211,0x17C0,$02:B04A,C8,139.359,97.25,True,frame_1028.png
1028,21211,0x1800,$02:9166,C8,130.871,184.0,True,frame_1028.png
1028,21211,0x1840,$02:9274,E0,130.0,176.0,True,frame_1028.png
1028,21211,0x1880,$02:9166,C8,146.871,196.0,True,frame_1028.png
1028,21211,0x18C0,$02:9274,E0,146.0,188.0,True,frame_1028.png
1028,21211,0x1900,$02:9166,C8,25.562,184.0,True,frame_1028.png
1028,21211,0x1940,$02:9274,E0,25.0,176.0,True,frame_1028.png
1028,21211,0x1AC0,$04:F97F,CC,20.492,78.0,True,frame_1028.png
1028,21211,0x1B00,$04:F97F,CC,128.852,120.0,True,frame_1028.png
1028,21211,0x1B40,$04:F97F,CC,8.039,155.961,True,frame_1028.png
1028,21211,0x1B80,$04:F97F,CC,-8.098,52.5,False,frame_1028.png
1030,21213,0x1000,$04:DF96,C8,221.5,48.0,True,frame_1030.png
1030,21213,0x16C0,$02:9166,C8,-25.129,184.0,False,frame_1030.png
1030,21213,0x1700,$02:9274,E0,-26.0,176.0,False,frame_1030.png
1030,21213,0x1740,$02:9166,C8,6.871,196.0,True,frame_1030.png
1030,21213,0x1780,$02:9274,E0,6.0,188.0,True,frame_1030.png
1030,21213,0x17C0,$02:B04A,C8,136.359,97.25,True,frame_1030.png
1030,21213,0x1800,$02:9166,C8,128.871,184.0,True,frame_1030.png
1030,21213,0x1840,$02:9274,E0,128.0,176.0,True,frame_1030.png
1030,21213,0x1880,$02:9166,C8,144.871,196.0,True,frame_1030.png
1030,21213,0x18C0,$02:9274,E0,144.0,188.0,True,frame_1030.png
1030,21213,0x1900,$02:9166,C8,26.188,184.0,True,frame_1030.png
1030,21213,0x1940,$02:9274,E0,26.0,176.0,True,frame_1030.png
1030,21213,0x1AC0,$04:F97F,CC,19.25,75.0,True,frame_1030.png
1030,21213,0x1B00,$04:F97F,CC,127.609,117.0,True,frame_1030.png
1030,21213,0x1B40,$04:F97F,CC,10.336,153.664,True,frame_1030.png
1030,21213,0x1B80,$04:F97F,CC,-9.34,49.5,False,frame_1030.png
1030,21213,0x1BC0,$04:F97F,CC,23.0,176.0,True,frame_1030.png
1032,21215,0x1000,$04:DF96,C8,226.5,48.0,True,frame_1032.png
1032,21215,0x16C0,$02:9166,C8,-27.129,184.0,False,frame_1032.png
1032,21215,0x1700,$02:9274,E0,-28.0,176.0,False,frame_1032.png
1032,21215,0x1740,$02:9166,C8,4.871,196.0,True,frame_1032.png
1032,21215,0x1780,$02:9274,E0,4.0,188.0,True,frame_1032.png
1032,21215,0x17C0,$02:B04A,C8,133.359,97.25,True,frame_1032.png
1032,21215,0x1800,$02:9166,C8,126.871,184.0,True,frame_1032.png
1032,21215,0x1840,$02:9274,E0,126.0,176.0,True,frame_1032.png
1032,21215,0x1880,$02:9166,C8,142.871,196.0,True,frame_1032.png
1032,21215,0x18C0,$02:9274,E0,142.0,188.0,True,frame_1032.png
1032,21215,0x1900,$02:9166,C8,26.812,184.0,True,frame_1032.png
1032,21215,0x1940,$02:9274,E0,26.0,176.0,True,frame_1032.png
1032,21215,0x1AC0,$04:F97F,CC,18.008,72.0,True,frame_1032.png
1032,21215,0x1B00,$04:F97F,CC,126.367,114.0,True,frame_1032.png
1032,21215,0x1B40,$04:F97F,CC,12.633,151.367,True,frame_1032.png
1032,21215,0x1B80,$04:F97F,CC,-10.582,46.5,False,frame_1032.png
1032,21215,0x1BC0,$04:F97F,CC,25.297,173.703,True,frame_1032.png
1034,21217,0x1000,$04:DF96,C8,231.5,48.0,True,frame_1034.png
1034,21217,0x16C0,$02:9166,C8,-29.129,184.0,False,frame_1034.png
1034,21217,0x1700,$02:9274,E0,-30.0,176.0,False,frame_1034.png
1034,21217,0x1740,$02:9166,C8,2.871,196.0,True,frame_1034.png
1034,21217,0x1780,$02:9274,E0,2.0,188.0,True,frame_1034.png
1034,21217,0x17C0,$02:B04A,C8,130.359,97.25,True,frame_1034.png
1034,21217,0x1800,$02:9166,C8,124.871,184.0,True,frame_1034.png
1034,21217,0x1840,$02:9274,E0,124.0,176.0,True,frame_1034.png
1034,21217,0x1880,$02:9166,C8,140.871,196.0,True,frame_1034.png
1034,21217,0x18C0,$02:9274,E0,140.0,188.0,True,frame_1034.png
1034,21217,0x1900,$02:9166,C8,27.438,184.0,True,frame_1034.png
1034,21217,0x1940,$02:9274,E0,27.0,176.0,True,frame_1034.png
1034,21217,0x1AC0,$04:F97F,CC,16.766,69.0,True,frame_1034.png
1034,21217,0x1B00,$04:F97F,CC,125.125,111.0,True,frame_1034.png
1034,21217,0x1B40,$04:F97F,CC,14.93,149.07,True,frame_1034.png
1034,21217,0x1B80,$04:F97F,CC,-11.824,43.5,False,frame_1034.png
1034,21217,0x1BC0,$04:F97F,CC,27.594,171.406,True,frame_1034.png
1036,21219,0x1000,$04:DF96,C8,236.5,48.0,True,frame_1036.png
1036,21219,0x1080,$04:E6AF,C8,242.0,48.0,True,frame_1036.png
1036,21219,0x16C0,$02:9166,C8,-31.129,184.0,False,frame_1036.png
1036,21219,0x1700,$02:9274,E0,-32.0,176.0,False,frame_1036.png
1036,21219,0x1740,$02:9166,C8,0.871,196.0,True,frame_1036.png
1036,21219,0x1780,$02:9274,E0,0.0,188.0,True,frame_1036.png
1036,21219,0x17C0,$02:B04A,C8,127.359,97.25,True,frame_1036.png
1036,21219,0x1800,$02:9166,C8,122.871,184.0,True,frame_1036.png
1036,21219,0x1840,$02:9274,E0,122.0,176.0,True,frame_1036.png
1036,21219,0x1880,$02:9166,C8,138.871,196.0,True,frame_1036.png
1036,21219,0x18C0,$02:9274,E0,138.0,188.0,True,frame_1036.png
1036,21219,0x1900,$02:9166,C8,28.062,184.0,True,frame_1036.png
1036,21219,0x1940,$02:9274,E0,28.0,176.0,True,frame_1036.png
1036,21219,0x1AC0,$04:F97F,CC,15.523,66.0,True,frame_1036.png
1036,21219,0x1B00,$04:F97F,CC,123.883,108.0,True,frame_1036.png
1036,21219,0x1B40,$04:F97F,CC,17.227,146.773,True,frame_1036.png
1036,21219,0x1B80,$04:F97F,CC,-13.066,40.5,False,frame_1036.png
1036,21219,0x1BC0,$04:F97F,CC,29.891,169.109,True,frame_1036.png
1038,21221,0x1000,$04:DF96,C8,239.5,48.0,True,frame_1038.png
1038,21221,0x1740,$02:9166,C8,-1.129,196.0,False,frame_1038.png
1038,21221,0x1780,$02:9274,E0,-2.0,188.0,False,frame_1038.png
1038,21221,0x17C0,$02:B04A,C8,124.359,97.25,True,frame_1038.png
1038,21221,0x1800,$02:9166,C8,120.871,184.0,True,frame_1038.png
1038,21221,0x1840,$02:9274,E0,120.0,176.0,True,frame_1038.png
1038,21221,0x1880,$02:9166,C8,136.871,196.0,True,frame_1038.png
1038,21221,0x18C0,$02:9274,E0,136.0,188.0,True,frame_1038.png
1038,21221,0x1900,$02:9166,C8,28.688,184.0,True,frame_1038.png
1038,21221,0x1940,$02:9274,E0,28.0,176.0,True,frame_1038.png
1038,21221,0x1AC0,$04:F97F,CC,14.281,63.0,True,frame_1038.png
1038,21221,0x1B00,$04:F97F,CC,122.641,105.0,True,frame_1038.png
1038,21221,0x1B40,$04:F97F,CC,19.523,144.477,True,frame_1038.png
1038,21221,0x1B80,$04:F97F,CC,-14.309,37.5,False,frame_1038.png
1038,21221,0x1BC0,$04:F97F,CC,32.188,166.812,True,frame_1038.png
1040,21223,0x1000,$04:DF96,C8,239.5,48.0,True,frame_1040.png
1040,21223,0x1740,$02:9166,C8,-3.129,196.0,False,frame_1040.png
1040,21223,0x1780,$02:9274,E0,-4.0,188.0,False,frame_1040.png
1040,21223,0x17C0,$02:B04A,C8,121.359,97.25,True,frame_1040.png
1040,21223,0x1800,$02:9166,C8,118.871,184.0,True,frame_1040.png
1040,21223,0x1840,$02:9274,E0,118.0,176.0,True,frame_1040.png
1040,21223,0x1880,$02:9166,C8,134.871,196.0,True,frame_1040.png
1040,21223,0x18C0,$02:9274,E0,134.0,188.0,True,frame_1040.png
1040,21223,0x1900,$02:9166,C8,29.312,184.0,True,frame_1040.png
1040,21223,0x1940,$02:9274,E0,29.0,176.0,True,frame_1040.png
1040,21223,0x1AC0,$04:F97F,CC,13.039,60.0,True,frame_1040.png
1040,21223,0x1B00,$04:F97F,CC,121.398,102.0,True,frame_1040.png
1040,21223,0x1B40,$04:F97F,CC,21.82,142.18,True,frame_1040.png
1040,21223,0x1B80,$04:F97F,CC,-15.551,34.5,False,frame_1040.png
1040,21223,0x1BC0,$04:F97F,CC,34.484,164.516,True,frame_1040.png
1042,21225,0x1000,$04:DF96,C8,239.5,48.0,True,frame_1042.png
1042,21225,0x1740,$02:9166,C8,-5.129,196.0,False,frame_1042.png
1042,21225,0x1780,$02:9274,E0,-6.0,188.0,False,frame_1042.png
1042,21225,0x17C0,$02:B04A,C8,118.359,97.25,True,frame_1042.png
1042,21225,0x1800,$02:9166,C8,116.871,184.0,True,frame_1042.png
1042,21225,0x1840,$02:9274,E0,116.0,176.0,True,frame_1042.png
1042,21225,0x1880,$02:9166,C8,132.871,196.0,True,frame_1042.png
1042,21225,0x18C0,$02:9274,E0,132.0,188.0,True,frame_1042.png
1042,21225,0x1900,$02:9166,C8,29.938,184.0,True,frame_1042.png
1042,21225,0x1940,$02:9274,E0,29.0,176.0,True,frame_1042.png
1042,21225,0x1AC0,$04:F97F,CC,11.797,57.0,True,frame_1042.png
1042,21225,0x1B00,$04:F97F,CC,120.156,99.0,True,frame_1042.png
1042,21225,0x1B40,$04:F97F,CC,24.117,139.883,True,frame_1042.png
1042,21225,0x1B80,$04:F97F,CC,-16.793,31.5,False,frame_1042.png
1042,21225,0x1BC0,$04:F97F,CC,36.781,162.219,True,frame_1042.png
1044,21227,0x1000,$04:DF96,C8,239.5,48.0,True,frame_1044.png
1044,21227,0x1740,$02:9166,C8,-7.129,196.0,False,frame_1044.png
1044,21227,0x1780,$02:9274,E0,-8.0,188.0,False,frame_1044.png
1044,21227,0x17C0,$02:B04A,C8,115.359,97.25,True,frame_1044.png
1044,21227,0x1800,$02:9166,C8,114.871,184.0,True,frame_1044.png
1044,21227,0x1840,$02:9274,E0,114.0,176.0,True,frame_1044.png
1044,21227,0x1880,$02:9166,C8,130.871,196.0,True,frame_1044.png
1044,21227,0x18C0,$02:9274,E0,130.0,188.0,True,frame_1044.png
1044,21227,0x1900,$02:9166,C8,30.562,184.0,True,frame_1044.png
1044,21227,0x1940,$02:9274,E0,30.0,176.0,True,frame_1044.png
1044,21227,0x1AC0,$04:F97F,CC,10.555,54.0,True,frame_1044.png
1044,21227,0x1B00,$04:F97F,CC,118.914,96.0,True,frame_1044.png
1044,21227,0x1B40,$04:F97F,CC,26.414,137.586,True,frame_1044.png
1044,21227,0x1B80,$04:F97F,CC,-18.035,28.5,False,frame_1044.png
1044,21227,0x1BC0,$04:F97F,CC,39.078,159.922,True,frame_1044.png
1046,21229,0x1000,$04:DF96,C8,239.5,48.0,True,frame_1046.png
1046,21229,0x1740,$02:9166,C8,-9.129,196.0,False,frame_1046.png
1046,21229,0x1780,$02:9274,E0,-10.0,188.0,False,frame_1046.png
1046,21229,0x17C0,$02:B04A,C8,112.359,97.25,True,frame_1046.png
1046,21229,0x1800,$02:9166,C8,112.871,184.0,True,frame_1046.png
1046,21229,0x1840,$02:9274,E0,112.0,176.0,True,frame_1046.png
1046,21229,0x1880,$02:9166,C8,128.871,196.0,True,frame_1046.png
1046,21229,0x18C0,$02:9274,E0,128.0,188.0,True,frame_1046.png
1046,21229,0x1900,$02:9166,C8,31.188,184.0,True,frame_1046.png
1046,21229,0x1940,$02:9274,E0,31.0,176.0,True,frame_1046.png
1046,21229,0x1AC0,$04:F97F,CC,9.312,51.0,True,frame_1046.png
1046,21229,0x1B00,$04:F97F,CC,117.672,93.0,True,frame_1046.png
1046,21229,0x1B40,$04:F97F,CC,28.711,135.289,True,frame_1046.png
1046,21229,0x1B80,$04:F97F,CC,-19.277,25.5,False,frame_1046.png
1046,21229,0x1BC0,$04:F97F,CC,41.375,157.625,True,frame_1046.png
1048,21231,0x1000,$04:DF96,C8,239.5,48.0,True,frame_1048.png
1048,21231,0x1740,$02:9166,C8,-11.129,196.0,False,frame_1048.png
1048,21231,0x1780,$02:9274,E0,-12.0,188.0,False,frame_1048.png
1048,21231,0x17C0,$02:B04A,C8,109.359,97.25,True,frame_1048.png
1048,21231,0x1800,$02:9166,C8,110.871,184.0,True,frame_1048.png
1048,21231,0x1840,$02:9274,E0,110.0,176.0,True,frame_1048.png
1048,21231,0x1880,$02:9166,C8,126.871,196.0,True,frame_1048.png
1048,21231,0x18C0,$02:9274,E0,126.0,188.0,True,frame_1048.png
1048,21231,0x1900,$02:9166,C8,31.812,184.0,True,frame_1048.png
1048,21231,0x1940,$02:9274,E0,31.0,176.0,True,frame_1048.png
1048,21231,0x1AC0,$04:F97F,CC,8.07,48.0,True,frame_1048.png
1048,21231,0x1B00,$04:F97F,CC,116.43,90.0,True,frame_1048.png
1048,21231,0x1B40,$04:F97F,CC,31.008,132.992,True,frame_1048.png
1048,21231,0x1B80,$04:F97F,CC,-20.52,22.5,False,frame_1048.png
1048,21231,0x1BC0,$04:F97F,CC,43.672,155.328,True,frame_1048.png
1050,21233,0x1000,$04:DF96,C8,239.5,48.0,True,frame_1050.png
1050,21233,0x1080,$04:E6AF,C8,245.0,48.0,True,frame_1050.png
1050,21233,0x1740,$02:9166,C8,-13.129,196.0,False,frame_1050.png
1050,21233,0x1780,$02:9274,E0,-14.0,188.0,False,frame_1050.png
1050,21233,0x17C0,$02:B04A,C8,106.359,97.25,True,frame_1050.png
1050,21233,0x1800,$02:9166,C8,108.871,184.0,True,frame_1050.png
1050,21233,0x1840,$02:9274,E0,108.0,176.0,True,frame_1050.png
1050,21233,0x1880,$02:9166,C8,124.871,196.0,True,frame_1050.png
1050,21233,0x18C0,$02:9274,E0,124.0,188.0,True,frame_1050.png
1050,21233,0x1900,$02:9166,C8,32.438,184.0,True,frame_1050.png
1050,21233,0x1940,$02:9274,E0,32.0,176.0,True,frame_1050.png
1050,21233,0x1AC0,$04:F97F,CC,6.828,45.0,True,frame_1050.png
1050,21233,0x1B00,$04:F97F,CC,115.188,87.0,True,frame_1050.png
1050,21233,0x1B40,$04:F97F,CC,33.305,130.695,True,frame_1050.png
1050,21233,0x1B80,$04:F97F,CC,-21.762,19.5,False,frame_1050.png
1050,21233,0x1BC0,$04:F97F,CC,45.969,153.031,True,frame_1050.png
1050,21233,0x1C00,$04:F97F,CC,54.0,170.0,True,frame_1050.png
1052,21235,0x1000,$04:DF96,C8,239.5,48.0,True,frame_1052.png
1052,21235,0x1740,$02:9166,C8,-15.129,196.0,False,frame_1052.png
1052,21235,0x1780,$02:9274,E0,-16.0,188.0,False,frame_1052.png
1052,21235,0x17C0,$02:B04A,C8,103.359,97.25,True,frame_1052.png
1052,21235,0x1800,$02:9166,C8,106.871,184.0,True,frame_1052.png
1052,21235,0x1840,$02:9274,E0,106.0,176.0,True,frame_1052.png
1052,21235,0x1880,$02:9166,C8,122.871,196.0,True,frame_1052.png
1052,21235,0x18C0,$02:9274,E0,122.0,188.0,True,frame_1052.png
1052,21235,0x1900,$02:9166,C8,33.062,184.0,True,frame_1052.png
1052,21235,0x1940,$02:9274,E0,33.0,176.0,True,frame_1052.png
1052,21235,0x1AC0,$04:F97F,CC,5.586,42.0,True,frame_1052.png
1052,21235,0x1B00,$04:F97F,CC,113.945,84.0,True,frame_1052.png
1052,21235,0x1B40,$04:F97F,CC,35.602,128.398,True,frame_1052.png
1052,21235,0x1B80,$04:F97F,CC,-23.004,16.5,False,frame_1052.png
1052,21235,0x1BC0,$04:F97F,CC,48.266,150.734,True,frame_1052.png
1052,21235,0x1C00,$04:F97F,CC,57.0,168.758,True,frame_1052.png
1054,21237,0x1000,$04:DF96,C8,239.5,48.0,True,frame_1054.png
1054,21237,0x1740,$02:9166,C8,-17.129,196.0,False,frame_1054.png
1054,21237,0x1780,$02:9274,E0,-18.0,188.0,False,frame_1054.png
1054,21237,0x17C0,$02:B04A,C8,100.422,97.828,True,frame_1054.png
1054,21237,0x1800,$02:9166,C8,104.871,184.0,True,frame_1054.png
1054,21237,0x1840,$02:9274,E0,104.0,176.0,True,frame_1054.png
1054,21237,0x1880,$02:9166,C8,120.871,196.0,True,frame_1054.png
1054,21237,0x18C0,$02:9274,E0,120.0,188.0,True,frame_1054.png
1054,21237,0x1900,$02:9166,C8,33.688,184.0,True,frame_1054.png
1054,21237,0x1940,$02:9274,E0,33.0,176.0,True,frame_1054.png
1054,21237,0x1AC0,$04:F97F,CC,4.344,39.0,True,frame_1054.png
1054,21237,0x1B00,$04:F97F,CC,112.703,81.0,True,frame_1054.png
1054,21237,0x1B40,$04:F97F,CC,37.898,126.102,True,frame_1054.png
1054,21237,0x1B80,$04:F97F,CC,-24.246,13.5,False,frame_1054.png
1054,21237,0x1BC0,$04:F97F,CC,50.562,148.438,True,frame_1054.png
1054,21237,0x1C00,$04:F97F,CC,60.0,167.516,True,frame_1054.png
1056,21239,0x1000,$04:DF96,C8,239.5,48.0,True,frame_1056.png
1056,21239,0x1740,$02:9166,C8,-19.129,196.0,False,frame_1056.png
1056,21239,0x1780,$02:9274,E0,-20.0,188.0,False,frame_1056.png
1056,21239,0x17C0,$02:B04A,C8,97.484,98.406,True,frame_1056.png
1056,21239,0x1800,$02:9166,C8,102.871,184.0,True,frame_1056.png
1056,21239,0x1840,$02:9274,E0,102.0,176.0,True,frame_1056.png
1056,21239,0x1880,$02:9166,C8,118.871,196.0,True,frame_1056.png
1056,21239,0x18C0,$02:9274,E0,118.0,188.0,True,frame_1056.png
1056,21239,0x1900,$02:9166,C8,34.312,184.0,True,frame_1056.png
1056,21239,0x1940,$02:9274,E0,34.0,176.0,True,frame_1056.png
1056,21239,0x1AC0,$04:F97F,CC,3.102,36.0,True,frame_1056.png
1056,21239,0x1B00,$04:F97F,CC,111.461,78.0,True,frame_1056.png
1056,21239,0x1B40,$04:F97F,CC,40.195,123.805,True,frame_1056.png
1056,21239,0x1B80,$04:F97F,CC,-25.488,10.5,False,frame_1056.png
1056,21239,0x1BC0,$04:F97F,CC,52.859,146.141,True,frame_1056.png
1056,21239,0x1C00,$04:F97F,CC,63.0,166.273,True,frame_1056.png
1058,21241,0x1000,$04:DF96,C8,239.5,48.0,True,frame_1058.png
1058,21241,0x1740,$02:9166,C8,-21.129,196.0,False,frame_1058.png
1058,21241,0x1780,$02:9274,E0,-22.0,188.0,False,frame_1058.png
1058,21241,0x17C0,$02:B04A,C8,94.547,98.984,True,frame_1058.png
1058,21241,0x1800,$02:9166,C8,100.871,184.0,True,frame_1058.png
1058,21241,0x1840,$02:9274,E0,100.0,176.0,True,frame_1058.png
1058,21241,0x1880,$02:9166,C8,116.871,196.0,True,frame_1058.png
1058,21241,0x18C0,$02:9274,E0,116.0,188.0,True,frame_1058.png
1058,21241,0x1900,$02:9166,C8,34.938,184.0,True,frame_1058.png
1058,21241,0x1940,$02:9274,E0,34.0,176.0,True,frame_1058.png
1058,21241,0x1AC0,$04:F97F,CC,1.859,33.0,True,frame_1058.png
1058,21241,0x1B00,$04:F97F,CC,110.219,75.0,True,frame_1058.png
1058,21241,0x1B40,$04:F97F,CC,42.492,121.508,True,frame_1058.png
1058,21241,0x1B80,$04:F97F,CC,-26.73,7.5,False,frame_1058.png
1058,21241,0x1BC0,$04:F97F,CC,55.156,143.844,True,frame_1058.png
1058,21241,0x1C00,$04:F97F,CC,66.0,165.031,True,frame_1058.png
1060,21243,0x1000,$04:DF96,C8,239.5,48.0,True,frame_1060.png
1060,21243,0x1080,$04:E6AF,C8,245.0,48.0,True,frame_1060.png
1060,21243,0x1740,$02:9166,C8,-23.129,196.0,False,frame_1060.png
1060,21243,0x1780,$02:9274,E0,-24.0,188.0,False,frame_1060.png
1060,21243,0x17C0,$02:B04A,C8,91.609,99.562,True,frame_1060.png
1060,21243,0x1800,$02:9166,C8,98.871,184.0,True,frame_1060.png
1060,21243,0x1840,$02:9274,E0,98.0,176.0,True,frame_1060.png
1060,21243,0x1880,$02:9166,C8,114.871,196.0,True,frame_1060.png
1060,21243,0x18C0,$02:9274,E0,114.0,188.0,True,frame_1060.png
1060,21243,0x1900,$02:9166,C8,35.562,184.0,True,frame_1060.png
1060,21243,0x1940,$02:9274,E0,35.0,176.0,True,frame_1060.png
1060,21243,0x1AC0,$04:F97F,CC,0.617,30.0,True,frame_1060.png
1060,21243,0x1B00,$04:F97F,CC,108.977,72.0,True,frame_1060.png
1060,21243,0x1B40,$04:F97F,CC,44.789,119.211,True,frame_1060.png
1060,21243,0x1B80,$04:F97F,CC,-27.973,4.5,False,frame_1060.png
1060,21243,0x1BC0,$04:F97F,CC,57.453,141.547,True,frame_1060.png
1060,21243,0x1C00,$04:F97F,CC,69.0,163.789,True,frame_1060.png
1062,21245,0x1000,$04:DF96,C8,239.5,48.0,True,frame_1062.png
1062,21245,0x1740,$02:9166,C8,-25.129,196.0,False,frame_1062.png
1062,21245,0x1780,$02:9274,E0,-26.0,188.0,False,frame_1062.png
1062,21245,0x17C0,$02:B04A,C8,88.844,100.703,True,frame_1062.png
1062,21245,0x1800,$02:9166,C8,96.871,184.0,True,frame_1062.png
1062,21245,0x1840,$02:9274,E0,96.0,176.0,True,frame_1062.png
1062,21245,0x1880,$02:9166,C8,112.871,196.0,True,frame_1062.png
1062,21245,0x18C0,$02:9274,E0,112.0,188.0,True,frame_1062.png
1062,21245,0x1900,$02:9166,C8,36.188,184.0,True,frame_1062.png
1062,21245,0x1940,$02:9274,E0,36.0,176.0,True,frame_1062.png
1062,21245,0x1AC0,$04:F97F,CC,-0.625,27.0,False,frame_1062.png
1062,21245,0x1B00,$04:F97F,CC,107.734,69.0,True,frame_1062.png
1062,21245,0x1B40,$04:F97F,CC,47.086,116.914,True,frame_1062.png
1062,21245,0x1B80,$04:F97F,CC,-29.215,1.5,False,frame_1062.png
1062,21245,0x1BC0,$04:F97F,CC,59.75,139.25,True,frame_1062.png
1062,21245,0x1C00,$04:F97F,CC,72.0,162.547,True,frame_1062.png
1064,21247,0x1000,$04:DF96,C8,239.5,48.0,True,frame_1064.png
1064,21247,0x1740,$02:9166,C8,-27.129,196.0,False,frame_1064.png
1064,21247,0x1780,$02:9274,E0,-28.0,188.0,False,frame_1064.png
1064,21247,0x17C0,$02:B04A,C8,86.078,101.844,True,frame_1064.png
1064,21247,0x1800,$02:9166,C8,94.871,184.0,True,frame_1064.png
1064,21247,0x1840,$02:9274,E0,94.0,176.0,True,frame_1064.png
1064,21247,0x1880,$02:9166,C8,110.871,196.0,True,frame_1064.png
1064,21247,0x18C0,$02:9274,E0,110.0,188.0,True,frame_1064.png
1064,21247,0x1900,$02:9166,C8,36.812,184.0,True,frame_1064.png
1064,21247,0x1940,$02:9274,E0,36.0,176.0,True,frame_1064.png
1064,21247,0x1AC0,$04:F97F,CC,-1.867,24.0,False,frame_1064.png
1064,21247,0x1B00,$04:F97F,CC,106.492,66.0,True,frame_1064.png
1064,21247,0x1B40,$04:F97F,CC,49.383,114.617,True,frame_1064.png
1064,21247,0x1B80,$04:F97F,CC,-30.457,-1.5,False,frame_1064.png
1064,21247,0x1BC0,$04:F97F,CC,62.047,136.953,True,frame_1064.png
1064,21247,0x1C00,$04:F97F,CC,75.0,161.305,True,frame_1064.png
1066,21249,0x1000,$04:DF96,C8,239.5,48.0,True,frame_1066.png
1066,21249,0x1740,$02:9166,C8,-29.129,196.0,False,frame_1066.png
1066,21249,0x1780,$02:9274,E0,-30.0,188.0,False,frame_1066.png
1066,21249,0x17C0,$02:B04A,C8,83.312,102.984,True,frame_1066.png
1066,21249,0x1800,$02:9166,C8,92.871,184.0,True,frame_1066.png
1066,21249,0x1840,$02:9274,E0,92.0,176.0,True,frame_1066.png
1066,21249,0x1880,$02:9166,C8,108.871,196.0,True,frame_1066.png
1066,21249,0x18C0,$02:9274,E0,108.0,188.0,True,frame_1066.png
1066,21249,0x1900,$02:9166,C8,37.438,184.0,True,frame_1066.png
1066,21249,0x1940,$02:9274,E0,37.0,176.0,True,frame_1066.png
1066,21249,0x1AC0,$04:F97F,CC,-3.109,21.0,False,frame_1066.png
1066,21249,0x1B00,$04:F97F,CC,105.25,63.0,True,frame_1066.png
1066,21249,0x1B40,$04:F97F,CC,51.68,112.32,True,frame_1066.png
1066,21249,0x1B80,$04:F97F,CC,-31.699,-4.5,False,frame_1066.png
1066,21249,0x1BC0,$04:F97F,CC,64.344,134.656,True,frame_1066.png
1066,21249,0x1C00,$04:F97F,CC,78.0,160.062,True,frame_1066.png
1066,21249,0x1C40,$04:F97F,CC,109.0,164.0,True,frame_1066.png
1068,21251,0x1000,$04:DF96,C8,239.5,48.0,True,frame_1068.png
1068,21251,0x1740,$02:9166,C8,-31.129,196.0,False,frame_1068.png
1068,21251,0x1780,$02:9274,E0,-32.0,188.0,False,frame_1068.png
1068,21251,0x17C0,$02:B04A,C8,80.547,104.125,True,frame_1068.png
1068,21251,0x1800,$02:9166,C8,90.871,184.0,True,frame_1068.png
1068,21251,0x1840,$02:9274,E0,90.0,176.0,True,frame_1068.png
1068,21251,0x1880,$02:9166,C8,106.871,196.0,True,frame_1068.png
1068,21251,0x18C0,$02:9274,E0,106.0,188.0,True,frame_1068.png
1068,21251,0x1900,$02:9166,C8,38.062,184.0,True,frame_1068.png
1068,21251,0x1940,$02:9274,E0,38.0,176.0,True,frame_1068.png
1068,21251,0x1AC0,$04:F97F,CC,-4.352,18.0,False,frame_1068.png
1068,21251,0x1B00,$04:F97F,CC,104.008,60.0,True,frame_1068.png
1068,21251,0x1B40,$04:F97F,CC,53.977,110.023,True,frame_1068.png
1068,21251,0x1B80,$04:F97F,CC,-32.941,-7.5,False,frame_1068.png
1068,21251,0x1BC0,$04:F97F,CC,66.641,132.359,True,frame_1068.png
1068,21251,0x1C00,$04:F97F,CC,81.0,158.82,True,frame_1068.png
1068,21251,0x1C40,$04:F97F,CC,111.297,161.703,True,frame_1068.png
1070,21253,0x1000,$04:DF96,C8,239.5,48.0,True,frame_1070.png
1070,21253,0x1740,$02:9166,C8,-33.129,196.0,False,frame_1070.png
1070,21253,0x1780,$02:9274,E0,-34.0,188.0,False,frame_1070.png
1070,21253,0x17C0,$02:B04A,C8,78.055,105.789,True,frame_1070.png
1070,21253,0x1800,$02:9166,C8,88.871,184.0,True,frame_1070.png
1070,21253,0x1840,$02:9274,E0,88.0,176.0,True,frame_1070.png
1070,21253,0x1880,$02:9166,C8,104.871,196.0,True,frame_1070.png
1070,21253,0x18C0,$02:9274,E0,104.0,188.0,True,frame_1070.png
1070,21253,0x1900,$02:9166,C8,38.688,184.0,True,frame_1070.png
1070,21253,0x1940,$02:9274,E0,38.0,176.0,True,frame_1070.png
1070,21253,0x1AC0,$04:F97F,CC,-5.594,15.0,False,frame_1070.png
1070,21253,0x1B00,$04:F97F,CC,102.766,57.0,True,frame_1070.png
1070,21253,0x1B40,$04:F97F,CC,56.273,107.727,True,frame_1070.png
1070,21253,0x1BC0,$04:F97F,CC,68.938,130.062,True,frame_1070.png
1070,21253,0x1C00,$04:F97F,CC,84.0,157.578,True,frame_1070.png
1070,21253,0x1C40,$04:F97F,CC,113.594,159.406,True,frame_1070.png
1072,21255,0x1000,$04:DF96,C8,239.5,48.0,True,frame_1072.png
1072,21255,0x17C0,$02:B04A,C8,75.562,107.453,True,frame_1072.png
1072,21255,0x1800,$02:9166,C8,86.871,184.0,True,frame_1072.png
1072,21255,0x1840,$02:9274,E0,86.0,176.0,True,frame_1072.png
1072,21255,0x1880,$02:9166,C8,102.871,196.0,True,frame_1072.png
1072,21255,0x18C0,$02:9274,E0,102.0,188.0,True,frame_1072.png
1072,21255,0x1900,$02:9166,C8,39.312,184.0,True,frame_1072.png
1072,21255,0x1940,$02:9274,E0,39.0,176.0,True,frame_1072.png
1072,21255,0x1AC0,$04:F97F,CC,-6.836,12.0,False,frame_1072.png
1072,21255,0x1B00,$04:F97F,CC,101.523,54.0,True,frame_1072.png
1072,21255,0x1B40,$04:F97F,CC,58.57,105.43,True,frame_1072.png
1072,21255,0x1BC0,$04:F97F,CC,71.234,127.766,True,frame_1072.png
1072,21255,0x1C00,$04:F97F,CC,87.0,156.336,True,frame_1072.png
1072,21255,0x1C40,$04:F97F,CC,115.891,157.109,True,frame_1072.png
1074,21257,0x1000,$04:DF96,C8,239.5,48.0,True,frame_1074.png
1074,21257,0x1080,$04:E6AF,C8,245.0,48.0,True,frame_1074.png
1074,21257,0x17C0,$02:B04A,C8,73.07,109.117,True,frame_1074.png
1074,21257,0x1800,$02:9166,C8,84.871,184.0,True,frame_1074.png
1074,21257,0x1840,$02:9274,E0,84.0,176.0,True,frame_1074.png
1074,21257,0x1880,$02:9166,C8,100.871,196.0,True,frame_1074.png
1074,21257,0x18C0,$02:9274,E0,100.0,188.0,True,frame_1074.png
1074,21257,0x1900,$02:9166,C8,39.938,184.0,True,frame_1074.png
1074,21257,0x1940,$02:9274,E0,39.0,176.0,True,frame_1074.png
1074,21257,0x1AC0,$04:F97F,CC,-8.078,9.0,False,frame_1074.png
1074,21257,0x1B00,$04:F97F,CC,100.281,51.0,True,frame_1074.png
1074,21257,0x1B40,$04:F97F,CC,60.867,103.133,True,frame_1074.png
1074,21257,0x1BC0,$04:F97F,CC,73.531,125.469,True,frame_1074.png
1074,21257,0x1C00,$04:F97F,CC,90.0,155.094,True,frame_1074.png
1074,21257,0x1C40,$04:F97F,CC,118.188,154.812,True,frame_1074.png
1076,21259,0x1000,$04:DF96,C8,239.5,48.0,True,frame_1076.png
1076,21259,0x17C0,$02:B04A,C8,70.578,110.781,True,frame_1076.png
1076,21259,0x1800,$02:9166,C8,82.871,184.0,True,frame_1076.png
1076,21259,0x1840,$02:9274,E0,82.0,176.0,True,frame_1076.png
1076,21259,0x1880,$02:9166,C8,98.871,196.0,True,frame_1076.png
1076,21259,0x18C0,$02:9274,E0,98.0,188.0,True,frame_1076.png
1076,21259,0x1900,$02:9166,C8,40.562,184.0,True,frame_1076.png
1076,21259,0x1940,$02:9274,E0,40.0,176.0,True,frame_1076.png
1076,21259,0x1AC0,$04:F97F,CC,-9.32,6.0,False,frame_1076.png
1076,21259,0x1B00,$04:F97F,CC,99.039,48.0,True,frame_1076.png
1076,21259,0x1B40,$04:F97F,CC,63.164,100.836,True,frame_1076.png
1076,21259,0x1BC0,$04:F97F,CC,75.828,123.172,True,frame_1076.png
1076,21259,0x1C00,$04:F97F,CC,93.0,153.852,True,frame_1076.png
1076,21259,0x1C40,$04:F97F,CC,120.484,152.516,True,frame_1076.png
1078,21261,0x1000,$04:DF96,C8,239.5,48.0,True,frame_1078.png
1078,21261,0x17C0,$02:B04A,C8,68.086,112.445,True,frame_1078.png
1078,21261,0x1800,$02:9166,C8,80.871,184.0,True,frame_1078.png
1078,21261,0x1840,$02:9274,E0,80.0,176.0,True,frame_1078.png
1078,21261,0x1880,$02:9166,C8,96.871,196.0,True,frame_1078.png
1078,21261,0x18C0,$02:9274,E0,96.0,188.0,True,frame_1078.png
1078,21261,0x1900,$02:9166,C8,41.188,184.0,True,frame_1078.png
1078,21261,0x1940,$02:9274,E0,41.0,176.0,True,frame_1078.png
1078,21261,0x1AC0,$04:F97F,CC,-10.562,3.0,False,frame_1078.png
1078,21261,0x1B00,$04:F97F,CC,97.797,45.0,True,frame_1078.png
1078,21261,0x1B40,$04:F97F,CC,65.461,98.539,True,frame_1078.png
1078,21261,0x1BC0,$04:F97F,CC,78.125,120.875,True,frame_1078.png
1078,21261,0x1C00,$04:F97F,CC,96.0,152.609,True,frame_1078.png
1078,21261,0x1C40,$04:F97F,CC,122.781,150.219,True,frame_1078.png
1080,21263,0x1000,$04:DF96,C8,239.5,48.0,True,frame_1080.png
1080,21263,0x17C0,$02:B04A,C8,65.594,114.109,True,frame_1080.png
1080,21263,0x1800,$02:9166,C8,78.871,184.0,True,frame_1080.png
1080,21263,0x1840,$02:9274,E0,78.0,176.0,True,frame_1080.png
1080,21263,0x1880,$02:9166,C8,94.871,196.0,True,frame_1080.png
1080,21263,0x18C0,$02:9274,E0,94.0,188.0,True,frame_1080.png
1080,21263,0x1900,$02:9166,C8,41.812,184.0,True,frame_1080.png
1080,21263,0x1940,$02:9274,E0,41.0,176.0,True,frame_1080.png
1080,21263,0x1AC0,$04:F97F,CC,-11.805,0.0,False,frame_1080.png
1080,21263,0x1B00,$04:F97F,CC,96.555,42.0,True,frame_1080.png
1080,21263,0x1B40,$04:F97F,CC,67.758,96.242,True,frame_1080.png
1080,21263,0x1BC0,$04:F97F,CC,80.422,118.578,True,frame_1080.png
1080,21263,0x1C00,$04:F97F,CC,99.0,151.367,True,frame_1080.png
1080,21263,0x1C40,$04:F97F,CC,125.078,147.922,True,frame_1080.png
1082,21265,0x1000,$04:DF96,C8,239.5,48.0,True,frame_1082.png
1082,21265,0x17C0,$02:B04A,C8,63.102,115.773,True,frame_1082.png
1082,21265,0x1800,$02:9166,C8,76.871,184.0,True,frame_1082.png
1082,21265,0x1840,$02:9274,E0,76.0,176.0,True,frame_1082.png
1082,21265,0x1880,$02:9166,C8,92.871,196.0,True,frame_1082.png
1082,21265,0x18C0,$02:9274,E0,92.0,188.0,True,frame_1082.png
1082,21265,0x1900,$02:9166,C8,42.438,184.0,True,frame_1082.png
1082,21265,0x1940,$02:9274,E0,42.0,176.0,True,frame_1082.png
1082,21265,0x1AC0,$04:F97F,CC,-13.047,-3.0,False,frame_1082.png
1082,21265,0x1B00,$04:F97F,CC,95.312,39.0,True,frame_1082.png
1082,21265,0x1B40,$04:F97F,CC,70.055,93.945,True,frame_1082.png
1082,21265,0x1BC0,$04:F97F,CC,82.719,116.281,True,frame_1082.png
1082,21265,0x1C00,$04:F97F,CC,102.0,150.125,True,frame_1082.png
1082,21265,0x1C40,$04:F97F,CC,127.375,145.625,True,frame_1082.png
1084,21267,0x1000,$04:DF96,C8,239.5,48.0,True,frame_1084.png
1084,21267,0x1080,$04:E6AF,C8,245.0,48.0,True,frame_1084.png
1084,21267,0x17C0,$02:B04A,C8,60.609,117.438,True,frame_1084.png
1084,21267,0x1800,$02:9166,C8,74.871,184.0,True,frame_1084.png
1084,21267,0x1840,$02:9274,E0,74.0,176.0,True,frame_1084.png
1084,21267,0x1880,$02:9166,C8,90.871,196.0,True,frame_1084.png
1084,21267,0x18C0,$02:9274,E0,90.0,188.0,True,frame_1084.png
1084,21267,0x1900,$02:9166,C8,43.062,184.0,True,frame_1084.png
1084,21267,0x1940,$02:9274,E0,43.0,176.0,True,frame_1084.png
1084,21267,0x1AC0,$04:F97F,CC,-14.289,-6.0,False,frame_1084.png
1084,21267,0x1B00,$04:F97F,CC,94.07,36.0,True,frame_1084.png
1084,21267,0x1B40,$04:F97F,CC,72.352,91.648,True,frame_1084.png
1084,21267,0x1BC0,$04:F97F,CC,85.016,113.984,True,frame_1084.png
1084,21267,0x1C00,$04:F97F,CC,105.0,148.883,True,frame_1084.png
1084,21267,0x1C40,$04:F97F,CC,129.672,143.328,True,frame_1084.png
1086,21269,0x1000,$04:DF96,C8,239.5,48.0,True,frame_1086.png
1086,21269,0x17C0,$02:B04A,C8,58.117,119.102,True,frame_1086.png
1086,21269,0x1800,$02:9166,C8,72.871,184.0,True,frame_1086.png
1086,21269,0x1840,$02:9274,E0,72.0,176.0,True,frame_1086.png
1086,21269,0x1880,$02:9166,C8,88.871,196.0,True,frame_1086.png
1086,21269,0x18C0,$02:9274,E0,88.0,188.0,True,frame_1086.png
1086,21269,0x1900,$02:9166,C8,43.688,184.0,True,frame_1086.png
1086,21269,0x1940,$02:9274,E0,43.0,176.0,True,frame_1086.png
1086,21269,0x1AC0,$04:F97F,CC,-15.531,-9.0,False,frame_1086.png
1086,21269,0x1B00,$04:F97F,CC,92.828,33.0,True,frame_1086.png
1086,21269,0x1B40,$04:F97F,CC,74.648,89.352,True,frame_1086.png
1086,21269,0x1BC0,$04:F97F,CC,87.312,111.688,True,frame_1086.png
1086,21269,0x1C00,$04:F97F,CC,108.0,147.641,True,frame_1086.png
1086,21269,0x1C40,$04:F97F,CC,131.969,141.031,True,frame_1086.png
1088,21271,0x1000,$04:DF96,C8,239.5,48.0,True,frame_1088.png
1088,21271,0x17C0,$02:B04A,C8,55.625,120.766,True,frame_1088.png
1088,21271,0x1800,$02:9166,C8,70.871,184.0,True,frame_1088.png
1088,21271,0x1840,$02:9274,E0,70.0,176.0,True,frame_1088.png
1088,21271,0x1880,$02:9166,C8,86.871,196.0,True,frame_1088.png
1088,21271,0x18C0,$02:9274,E0,86.0,188.0,True,frame_1088.png
1088,21271,0x1900,$02:9166,C8,44.312,184.0,True,frame_1088.png
1088,21271,0x1940,$02:9274,E0,44.0,176.0,True,frame_1088.png
1088,21271,0x1AC0,$04:F97F,CC,-16.773,-12.0,False,frame_1088.png
1088,21271,0x1B00,$04:F97F,CC,91.586,30.0,True,frame_1088.png
1088,21271,0x1B40,$04:F97F,CC,76.945,87.055,True,frame_1088.png
1088,21271,0x1BC0,$04:F97F,CC,89.609,109.391,True,frame_1088.png
1088,21271,0x1C00,$04:F97F,CC,111.0,146.398,True,frame_1088.png
1088,21271,0x1C40,$04:F97F,CC,134.266,138.734,True,frame_1088.png
1090,21273,0x1000,$04:DF96,C8,239.5,48.0,True,frame_1090.png
1090,21273,0x17C0,$02:B04A,C8,53.133,122.43,True,frame_1090.png
1090,21273,0x1800,$02:9166,C8,68.871,184.0,True,frame_1090.png
1090,21273,0x1840,$02:9274,E0,68.0,176.0,True,frame_1090.png
1090,21273,0x1880,$02:9166,C8,84.871,196.0,True,frame_1090.png
1090,21273,0x18C0,$02:9274,E0,84.0,188.0,True,frame_1090.png
1090,21273,0x1900,$02:9166,C8,44.938,184.0,True,frame_1090.png
1090,21273,0x1940,$02:9274,E0,44.0,176.0,True,frame_1090.png
1090,21273,0x1AC0,$04:F97F,CC,-18.016,-15.0,False,frame_1090.png
1090,21273,0x1B00,$04:F97F,CC,90.344,27.0,True,frame_1090.png
1090,21273,0x1B40,$04:F97F,CC,79.242,84.758,True,frame_1090.png
1090,21273,0x1BC0,$04:F97F,CC,91.906,107.094,True,frame_1090.png
1090,21273,0x1C00,$04:F97F,CC,114.0,145.156,True,frame_1090.png
1090,21273,0x1C40,$04:F97F,CC,136.562,136.438,True,frame_1090.png
1092,21275,0x1000,$04:DF96,C8,239.5,48.0,True,frame_1092.png
1092,21275,0x17C0,$02:B04A,C8,50.641,124.094,True,frame_1092.png
1092,21275,0x1800,$02:9166,C8,66.871,184.0,True,frame_1092.png
1092,21275,0x1840,$02:9274,E0,66.0,176.0,True,frame_1092.png
1092,21275,0x1880,$02:9166,C8,82.871,196.0,True,frame_1092.png
1092,21275,0x18C0,$02:9274,E0,82.0,188.0,True,frame_1092.png
1092,21275,0x1900,$02:9166,C8,45.562,184.0,True,frame_1092.png
1092,21275,0x1940,$02:9274,E0,45.0,176.0,True,frame_1092.png
1092,21275,0x1AC0,$04:F97F,CC,-19.258,-18.0,False,frame_1092.png
1092,21275,0x1B00,$04:F97F,CC,89.102,24.0,True,frame_1092.png
1092,21275,0x1B40,$04:F97F,CC,81.539,82.461,True,frame_1092.png
1092,21275,0x1BC0,$04:F97F,CC,94.203,104.797,True,frame_1092.png
1092,21275,0x1C00,$04:F97F,CC,117.0,143.914,True,frame_1092.png
1092,21275,0x1C40,$04:F97F,CC,138.859,134.141,True,frame_1092.png
1094,21277,0x1000,$04:DF96,C8,239.5,48.0,True,frame_1094.png
1094,21277,0x17C0,$02:B04A,C8,48.148,125.758,True,frame_1094.png
1094,21277,0x1800,$02:9166,C8,64.871,184.0,True,frame_1094.png
1094,21277,0x1840,$02:9274,E0,64.0,176.0,True,frame_1094.png
1094,21277,0x1880,$02:9166,C8,80.871,196.0,True,frame_1094.png
1094,21277,0x18C0,$02:9274,E0,80.0,188.0,True,frame_1094.png
1094,21277,0x1900,$02:9166,C8,46.188,184.0,True,frame_1094.png
1094,21277,0x1940,$02:9274,E0,46.0,176.0,True,frame_1094.png
1094,21277,0x1AC0,$04:F97F,CC,-20.5,-21.0,False,frame_1094.png
1094,21277,0x1B00,$04:F97F,CC,87.859,21.0,True,frame_1094.png
1094,21277,0x1B40,$04:F97F,CC,83.836,80.164,True,frame_1094.png
1094,21277,0x1BC0,$04:F97F,CC,96.5,102.5,True,frame_1094.png
1094,21277,0x1C00,$04:F97F,CC,120.0,142.672,True,frame_1094.png
1094,21277,0x1C40,$04:F97F,CC,141.156,131.844,True,frame_1094.png
1096,21279,0x1000,$04:DF96,C8,239.5,48.0,True,frame_1096.png
1096,21279,0x17C0,$02:B04A,C8,45.656,127.422,True,frame_1096.png
1096,21279,0x1800,$02:9166,C8,62.871,184.0,True,frame_1096.png
1096,21279,0x1840,$02:9274,E0,62.0,176.0,True,frame_1096.png
1096,21279,0x1880,$02:9166,C8,78.871,196.0,True,frame_1096.png
1096,21279,0x18C0,$02:9274,E0,78.0,188.0,True,frame_1096.png
1096,21279,0x1900,$02:9166,C8,46.812,184.0,True,frame_1096.png
1096,21279,0x1940,$02:9274,E0,46.0,176.0,True,frame_1096.png
1096,21279,0x1AC0,$04:F97F,CC,-21.742,-24.0,False,frame_1096.png
1096,21279,0x1B00,$04:F97F,CC,86.617,18.0,True,frame_1096.png
1096,21279,0x1B40,$04:F97F,CC,86.133,77.867,True,frame_1096.png
1096,21279,0x1BC0,$04:F97F,CC,98.797,100.203,True,frame_1096.png
1096,21279,0x1C00,$04:F97F,CC,123.0,141.43,True,frame_1096.png
1096,21279,0x1C40,$04:F97F,CC,143.453,129.547,True,frame_1096.png
1098,21281,0x1000,$04:DF96,C8,239.5,48.0,True,frame_1098.png
1098,21281,0x1080,$04:E6AF,C8,245.0,48.0,True,frame_1098.png
1098,21281,0x17C0,$02:B04A,C8,43.164,129.086,True,frame_1098.png
1098,21281,0x1800,$02:9166,C8,60.871,184.0,True,frame_1098.png
1098,21281,0x1840,$02:9274,E0,60.0,176.0,True,frame_1098.png
1098,21281,0x1880,$02:9166,C8,76.871,196.0,True,frame_1098.png
1098,21281,0x18C0,$02:9274,E0,76.0,188.0,True,frame_1098.png
1098,21281,0x1900,$02:9166,C8,47.438,184.0,True,frame_1098.png
1098,21281,0x1940,$02:9274,E0,47.0,176.0,True,frame_1098.png
1098,21281,0x1AC0,$04:F97F,CC,-22.984,-27.0,False,frame_1098.png
1098,21281,0x1B00,$04:F97F,CC,85.375,15.0,True,frame_1098.png
1098,21281,0x1B40,$04:F97F,CC,88.43,75.57,True,frame_1098.png
1098,21281,0x1B80,$04:F97F,CC,64.0,164.0,True,frame_1098.png
1098,21281,0x1BC0,$04:F97F,CC,101.094,97.906,True,frame_1098.png
1098,21281,0x1C00,$04:F97F,CC,126.0,140.188,True,frame_1098.png
1098,21281,0x1C40,$04:F97F,CC,145.75,127.25,True,frame_1098.png
1100,21283,0x1000,$04:DF96,C8,239.5,48.0,True,frame_1100.png
1100,21283,0x17C0,$02:B04A,C8,40.672,130.75,True,frame_1100.png
1100,21283,0x1800,$02:9166,C8,58.871,184.0,True,frame_1100.png
1100,21283,0x1840,$02:9274,E0,58.0,176.0,True,frame_1100.png
1100,21283,0x1880,$02:9166,C8,74.871,196.0,True,frame_1100.png
1100,21283,0x18C0,$02:9274,E0,74.0,188.0,True,frame_1100.png
1100,21283,0x1900,$02:9166,C8,48.062,184.0,True,frame_1100.png
1100,21283,0x1940,$02:9274,E0,48.0,176.0,True,frame_1100.png
1100,21283,0x1AC0,$04:F97F,CC,-24.227,-30.0,False,frame_1100.png
1100,21283,0x1B00,$04:F97F,CC,84.133,12.0,True,frame_1100.png
1100,21283,0x1B40,$04:F97F,CC,90.727,73.273,True,frame_1100.png
1100,21283,0x1B80,$04:F97F,CC,66.297,161.703,True,frame_1100.png
1100,21283,0x1BC0,$04:F97F,CC,103.391,95.609,True,frame_1100.png
1100,21283,0x1C00,$04:F97F,CC,129.0,138.945,True,frame_1100.png
1100,21283,0x1C40,$04:F97F,CC,148.047,124.953,True,frame_1100.png
1102,21285,0x1000,$04:DF96,C8,239.5,48.0,True,frame_1102.png
1102,21285,0x17C0,$02:B04A,C8,38.18,132.414,True,frame_1102.png
1102,21285,0x1800,$02:9166,C8,56.871,184.0,True,frame_1102.png
1102,21285,0x1840,$02:9274,E0,56.0,176.0,True,frame_1102.png
1102,21285,0x1880,$02:9166,C8,72.871,196.0,True,frame_1102.png
1102,21285,0x18C0,$02:9274,E0,72.0,188.0,True,frame_1102.png
1102,21285,0x1900,$02:9166,C8,48.688,184.0,True,frame_1102.png
1102,21285,0x1940,$02:9274,E0,48.0,176.0,True,frame_1102.png
1102,21285,0x1AC0,$04:F97F,CC,-25.469,-33.0,False,frame_1102.png
1102,21285,0x1B00,$04:F97F,CC,82.891,9.0,True,frame_1102.png
1102,21285,0x1B40,$04:F97F,CC,93.023,70.977,True,frame_1102.png
1102,21285,0x1B80,$04:F97F,CC,68.594,159.406,True,frame_1102.png
1102,21285,0x1BC0,$04:F97F,CC,105.688,93.312,True,frame_1102.png
1102,21285,0x1C00,$04:F97F,CC,132.0,137.703,True,frame_1102.png
1102,21285,0x1C40,$04:F97F,CC,150.344,122.656,True,frame_1102.png
1104,21287,0x1000,$04:DF96,C8,239.5,48.0,True,frame_1104.png
1104,21287,0x17C0,$02:B04A,C8,35.688,134.078,True,frame_1104.png
1104,21287,0x1800,$02:9166,C8,54.871,184.0,True,frame_1104.png
1104,21287,0x1840,$02:9274,E0,54.0,176.0,True,frame_1104.png
1104,21287,0x1880,$02:9166,C8,70.871,196.0,True,frame_1104.png
1104,21287,0x18C0,$02:9274,E0,70.0,188.0,True,frame_1104.png
1104,21287,0x1900,$02:9166,C8,49.312,184.0,True,frame_1104.png
1104,21287,0x1940,$02:9274,E0,49.0,176.0,True,frame_1104.png
1104,21287,0x1AC0,$04:F97F,CC,-26.711,-36.0,False,frame_1104.png
1104,21287,0x1B00,$04:F97F,CC,81.648,6.0,True,frame_1104.png
1104,21287,0x1B40,$04:F97F,CC,95.32,68.68,True,frame_1104.png
1104,21287,0x1B80,$04:F97F,CC,70.891,157.109,True,frame_1104.png
1104,21287,0x1BC0,$04:F97F,CC,107.984,91.016,True,frame_1104.png
1104,21287,0x1C00,$04:F97F,CC,135.0,136.461,True,frame_1104.png
1104,21287,0x1C40,$04:F97F,CC,152.641,120.359,True,frame_1104.png
1106,21289,0x1000,$04:DF96,C8,239.5,48.0,True,frame_1106.png
1106,21289,0x17C0,$02:B04A,C8,33.195,135.742,True,frame_1106.png
1106,21289,0x1800,$02:9166,C8,52.871,184.0,True,frame_1106.png
1106,21289,0x1840,$02:9274,E0,52.0,176.0,True,frame_1106.png
1106,21289,0x1880,$02:9166,C8,68.871,196.0,True,frame_1106.png
1106,21289,0x18C0,$02:9274,E0,68.0,188.0,True,frame_1106.png
1106,21289,0x1900,$02:9166,C8,49.938,184.0,True,frame_1106.png
1106,21289,0x1940,$02:9274,E0,49.0,176.0,True,frame_1106.png
1106,21289,0x1B00,$04:F97F,CC,80.406,3.0,True,frame_1106.png
1106,21289,0x1B40,$04:F97F,CC,97.617,66.383,True,frame_1106.png
1106,21289,0x1B80,$04:F97F,CC,73.188,154.812,True,frame_1106.png
1106,21289,0x1BC0,$04:F97F,CC,110.281,88.719,True,frame_1106.png
1106,21289,0x1C00,$04:F97F,CC,138.0,135.219,True,frame_1106.png
1106,21289,0x1C40,$04:F97F,CC,154.938,118.062,True,frame_1106.png
1106,21289,0x1C80,$04:F97F,CC,87.148,174.852,True,frame_1106.png
1108,21291,0x1000,$04:DF96,C8,239.5,48.0,True,frame_1108.png
1108,21291,0x1080,$04:E6AF,C8,245.0,48.0,True,frame_1108.png
1108,21291,0x17C0,$02:B04A,C8,30.703,137.406,True,frame_1108.png
1108,21291,0x1800,$02:9166,C8,50.871,184.0,True,frame_1108.png
1108,21291,0x1840,$02:9274,E0,50.0,176.0,True,frame_1108.png
1108,21291,0x1880,$02:9166,C8,66.871,196.0,True,frame_1108.png
1108,21291,0x18C0,$02:9274,E0,66.0,188.0,True,frame_1108.png
1108,21291,0x1900,$02:9166,C8,50.562,184.0,True,frame_1108.png
1108,21291,0x1940,$02:9274,E0,50.0,176.0,True,frame_1108.png
1108,21291,0x1B00,$04:F97F,CC,79.164,0.0,True,frame_1108.png
1108,21291,0x1B40,$04:F97F,CC,99.914,64.086,True,frame_1108.png
1108,21291,0x1B80,$04:F97F,CC,75.484,152.516,True,frame_1108.png
1108,21291,0x1BC0,$04:F97F,CC,112.578,86.422,True,frame_1108.png
1108,21291,0x1C00,$04:F97F,CC,141.0,133.977,True,frame_1108.png
1108,21291,0x1C40,$04:F97F,CC,157.234,115.766,True,frame_1108.png
1108,21291,0x1C80,$04:F97F,CC,89.445,172.555,True,frame_1108.png
1110,21293,0x1000,$04:DF96,C8,239.5,48.0,True,frame_1110.png
1110,21293,0x16C0,$02:B04A,88,272.0,64.0,False,frame_1110.png
1110,21293,0x17C0,$02:B04A,C8,28.211,139.07,True,frame_1110.png
1110,21293,0x1800,$02:9166,C8,48.871,184.0,True,frame_1110.png
1110,21293,0x1840,$02:9274,E0,48.0,176.0,True,frame_1110.png
1110,21293,0x1880,$02:9166,C8,64.871,196.0,True,frame_1110.png
1110,21293,0x18C0,$02:9274,E0,64.0,188.0,True,frame_1110.png
1110,21293,0x1900,$02:9166,C8,51.188,184.0,True,frame_1110.png
1110,21293,0x1940,$02:9274,E0,51.0,176.0,True,frame_1110.png
1110,21293,0x1B00,$04:F97F,CC,77.922,-3.0,False,frame_1110.png
1110,21293,0x1B40,$04:F97F,CC,102.211,61.789,True,frame_1110.png
1110,21293,0x1B80,$04:F97F,CC,77.781,150.219,True,frame_1110.png
1110,21293,0x1BC0,$04:F97F,CC,114.875,84.125,True,frame_1110.png
1110,21293,0x1C00,$04:F97F,CC,144.0,132.734,True,frame_1110.png
1110,21293,0x1C40,$04:F97F,CC,159.531,113.469,True,frame_1110.png
1110,21293,0x1C80,$04:F97F,CC,91.742,170.258,True,frame_1110.png
1112,21295,0x1000,$04:DF96,C8,239.5,48.0,True,frame_1112.png
1112,21295,0x16C0,$02:B04A,C8,268.406,64.0,False,frame_1112.png
1112,21295,0x17C0,$02:B04A,C8,25.719,140.734,True,frame_1112.png
1112,21295,0x1800,$02:9166,C8,46.871,184.0,True,frame_1112.png
1112,21295,0x1840,$02:9274,E0,46.0,176.0,True,frame_1112.png
1112,21295,0x1880,$02:9166,C8,62.871,196.0,True,frame_1112.png
1112,21295,0x18C0,$02:9274,E0,62.0,188.0,True,frame_1112.png
1112,21295,0x1900,$02:9166,C8,51.812,184.0,True,frame_1112.png
1112,21295,0x1940,$02:9274,E0,51.0,176.0,True,frame_1112.png
1112,21295,0x1B00,$04:F97F,CC,76.68,-6.0,False,frame_1112.png
1112,21295,0x1B40,$04:F97F,CC,104.508,59.492,True,frame_1112.png
1112,21295,0x1B80,$04:F97F,CC,80.078,147.922,True,frame_1112.png
1112,21295,0x1BC0,$04:F97F,CC,117.172,81.828,True,frame_1112.png
1112,21295,0x1C00,$04:F97F,CC,147.0,131.492,True,frame_1112.png
1112,21295,0x1C40,$04:F97F,CC,161.828,111.172,True,frame_1112.png
1112,21295,0x1C80,$04:F97F,CC,94.039,167.961,True,frame_1112.png
1114,21297,0x1000,$04:DF96,C8,239.5,48.0,True,frame_1114.png
1114,21297,0x16C0,$02:B04A,C8,264.812,64.0,False,frame_1114.png
1114,21297,0x17C0,$02:B04A,C8,23.227,142.398,True,frame_1114.png
1114,21297,0x1800,$02:9166,C8,44.871,184.0,True,frame_1114.png
1114,21297,0x1840,$02:9274,E0,44.0,176.0,True,frame_1114.png
1114,21297,0x1880,$02:9166,C8,60.871,196.0,True,frame_1114.png
1114,21297,0x18C0,$02:9274,E0,60.0,188.0,True,frame_1114.png
1114,21297,0x1900,$02:9166,C8,52.438,184.0,True,frame_1114.png
1114,21297,0x1940,$02:9274,E0,52.0,176.0,True,frame_1114.png
1114,21297,0x1B00,$04:F97F,CC,75.438,-9.0,False,frame_1114.png
1114,21297,0x1B40,$04:F97F,CC,106.805,57.195,True,frame_1114.png
1114,21297,0x1B80,$04:F97F,CC,82.375,145.625,True,frame_1114.png
1114,21297,0x1BC0,$04:F97F,CC,119.469,79.531,True,frame_1114.png
1114,21297,0x1C00,$04:F97F,CC,150.0,130.25,True,frame_1114.png
1114,21297,0x1C40,$04:F97F,CC,164.125,108.875,True,frame_1114.png
1114,21297,0x1C80,$04:F97F,CC,96.336,165.664,True,frame_1114.png
1116,21299,0x1000,$04:DF96,C8,239.5,48.0,True,frame_1116.png
1116,21299,0x16C0,$02:B04A,C8,261.219,64.0,False,frame_1116.png
1116,21299,0x17C0,$02:B04A,C8,20.734,144.062,True,frame_1116.png
1116,21299,0x1800,$02:9166,C8,42.871,184.0,True,frame_1116.png
1116,21299,0x1840,$02:9274,E0,42.0,176.0,True,frame_1116.png
1116,21299,0x1880,$02:9166,C8,58.871,196.0,True,frame_1116.png
1116,21299,0x18C0,$02:9274,E0,58.0,188.0,True,frame_1116.png
1116,21299,0x1900,$02:9166,C8,53.062,184.0,True,frame_1116.png
1116,21299,0x1940,$02:9274,E0,53.0,176.0,True,frame_1116.png
1116,21299,0x1B00,$04:F97F,CC,74.195,-12.0,False,frame_1116.png
1116,21299,0x1B40,$04:F97F,CC,109.102,54.898,True,frame_1116.png
1116,21299,0x1B80,$04:F97F,CC,84.672,143.328,True,frame_1116.png
1116,21299,0x1BC0,$04:F97F,CC,121.766,77.234,True,frame_1116.png
1116,21299,0x1C00,$04:F97F,CC,153.0,129.008,True,frame_1116.png
1116,21299,0x1C40,$04:F97F,CC,166.422,106.578,True,frame_1116.png
1116,21299,0x1C80,$04:F97F,CC,98.633,163.367,True,frame_1116.png
1118,21301,0x1000,$04:DF96,C8,239.5,48.0,True,frame_1118.png
1118,21301,0x16C0,$02:B04A,C8,257.625,64.0,False,frame_1118.png
1118,21301,0x17C0,$02:B04A,C8,18.242,145.727,True,frame_1118.png
1118,21301,0x1800,$02:9166,C8,40.871,184.0,True,frame_1118.png
1118,21301,0x1840,$02:9274,E0,40.0,176.0,True,frame_1118.png
1118,21301,0x1880,$02:9166,C8,56.871,196.0,True,frame_1118.png
1118,21301,0x18C0,$02:9274,E0,56.0,188.0,True,frame_1118.png
1118,21301,0x1900,$02:9166,C8,53.688,184.0,True,frame_1118.png
1118,21301,0x1940,$02:9274,E0,53.0,176.0,True,frame_1118.png
1118,21301,0x1B00,$04:F97F,CC,72.953,-15.0,False,frame_1118.png
1118,21301,0x1B40,$04:F97F,CC,111.398,52.602,True,frame_1118.png
1118,21301,0x1B80,$04:F97F,CC,86.969,141.031,True,frame_1118.png
1118,21301,0x1BC0,$04:F97F,CC,124.062,74.938,True,frame_1118.png
1118,21301,0x1C00,$04:F97F,CC,156.0,127.766,True,frame_1118.png
1118,21301,0x1C40,$04:F97F,CC,168.719,104.281,True,frame_1118.png
1118,21301,0x1C80,$04:F97F,CC,100.93,161.07,True,frame_1118.png
1120,21303,0x1000,$04:DF96,C8,239.5,48.0,True,frame_1120.png
1120,21303,0x16C0,$02:B04A,C8,254.031,64.0,True,frame_1120.png
1120,21303,0x17C0,$02:B04A,C8,15.75,147.391,True,frame_1120.png
1120,21303,0x1800,$02:9166,C8,38.871,184.0,True,frame_1120.png
1120,21303,0x1840,$02:9274,E0,38.0,176.0,True,frame_1120.png
1120,21303,0x1880,$02:9166,C8,54.871,196.0,True,frame_1120.png
1120,21303,0x18C0,$02:9274,E0,54.0,188.0,True,frame_1120.png
1120,21303,0x1900,$02:9166,C8,54.312,184.0,True,frame_1120.png
1120,21303,0x1940,$02:9274,E0,54.0,176.0,True,frame_1120.png
1120,21303,0x1B00,$04:F97F,CC,71.711,-18.0,False,frame_1120.png
1120,21303,0x1B40,$04:F97F,CC,113.695,50.305,True,frame_1120.png
1120,21303,0x1B80,$04:F97F,CC,89.266,138.734,True,frame_1120.png
1120,21303,0x1BC0,$04:F97F,CC,126.359,72.641,True,frame_1120.png
1120,21303,0x1C00,$04:F97F,CC,159.0,126.523,True,frame_1120.png
1120,21303,0x1C40,$04:F97F,CC,171.016,101.984,True,frame_1120.png
1120,21303,0x1C80,$04:F97F,CC,103.227,158.773,True,frame_1120.png
1122,21305,0x1000,$04:DF96,C8,239.5,48.0,True,frame_1122.png
1122,21305,0x1080,$04:E6AF,C8,245.0,48.0,True,frame_1122.png
1122,21305,0x16C0,$02:B04A,C8,250.438,64.0,True,frame_1122.png
1122,21305,0x1700,$02:93CD,D0,272.0,156.0,False,frame_1122.png
1122,21305,0x17C0,$02:B04A,C8,13.258,149.055,True,frame_1122.png
1122,21305,0x1800,$02:9166,C8,36.871,184.0,True,frame_1122.png
1122,21305,0x1840,$02:9274,E0,36.0,176.0,True,frame_1122.png
1122,21305,0x1880,$02:9166,C8,52.871,196.0,True,frame_1122.png
1122,21305,0x18C0,$02:9274,E0,52.0,188.0,True,frame_1122.png
1122,21305,0x1900,$02:9166,C8,54.938,184.0,True,frame_1122.png
1122,21305,0x1940,$02:9274,E0,54.0,176.0,True,frame_1122.png
1122,21305,0x1B00,$04:F97F,CC,70.469,-21.0,False,frame_1122.png
1122,21305,0x1B40,$04:F97F,CC,115.992,48.008,True,frame_1122.png
1122,21305,0x1B80,$04:F97F,CC,91.562,136.438,True,frame_1122.png
1122,21305,0x1BC0,$04:F97F,CC,128.656,70.344,True,frame_1122.png
1122,21305,0x1C00,$04:F97F,CC,162.0,125.281,True,frame_1122.png
1122,21305,0x1C40,$04:F97F,CC,173.312,99.688,True,frame_1122.png
1122,21305,0x1C80,$04:F97F,CC,105.523,156.477,True,frame_1122.png
1124,21307,0x1000,$04:DF96,C8,239.5,48.0,True,frame_1124.png
1124,21307,0x16C0,$02:B04A,C8,246.844,64.0,True,frame_1124.png
1124,21307,0x1700,$02:93CD,D0,271.0,156.0,False,frame_1124.png
1124,21307,0x17C0,$02:B04A,C8,10.766,150.719,True,frame_1124.png
1124,21307,0x1800,$02:9166,C8,34.871,184.0,True,frame_1124.png
1124,21307,0x1840,$02:9274,E0,34.0,176.0,True,frame_1124.png
1124,21307,0x1880,$02:9166,C8,50.871,196.0,True,frame_1124.png
1124,21307,0x18C0,$02:9274,E0,50.0,188.0,True,frame_1124.png
1124,21307,0x1900,$02:9166,C8,55.562,184.0,True,frame_1124.png
1124,21307,0x1940,$02:9274,E0,55.0,176.0,True,frame_1124.png
1124,21307,0x1B00,$04:F97F,CC,69.227,-24.0,False,frame_1124.png
1124,21307,0x1B40,$04:F97F,CC,118.289,45.711,True,frame_1124.png
1124,21307,0x1B80,$04:F97F,CC,93.859,134.141,True,frame_1124.png
1124,21307,0x1BC0,$04:F97F,CC,130.953,68.047,True,frame_1124.png
1124,21307,0x1C00,$04:F97F,CC,165.0,124.039,True,frame_1124.png
1124,21307,0x1C40,$04:F97F,CC,175.609,97.391,True,frame_1124.png
1124,21307,0x1C80,$04:F97F,CC,107.82,154.18,True,frame_1124.png
1126,21309,0x1000,$04:DF96,C8,239.5,48.0,True,frame_1126.png
1126,21309,0x16C0,$02:B04A,C8,243.25,64.0,True,frame_1126.png
1126,21309,0x1700,$02:93CD,D0,270.0,156.0,False,frame_1126.png
1126,21309,0x1740,$02:B04A,88,272.0,104.0,False,frame_1126.png
1126,21309,0x17C0,$02:B04A,C8,8.273,152.383,True,frame_1126.png
1126,21309,0x1800,$02:9166,C8,32.871,184.0,True,frame_1126.png
1126,21309,0x1840,$02:9274,E0,32.0,176.0,True,frame_1126.png
1126,21309,0x1880,$02:9166,C8,48.871,196.0,True,frame_1126.png
1126,21309,0x18C0,$02:9274,E0,48.0,188.0,True,frame_1126.png
1126,21309,0x1900,$02:9166,C8,56.188,184.0,True,frame_1126.png
1126,21309,0x1940,$02:9274,E0,56.0,176.0,True,frame_1126.png
1126,21309,0x1B00,$04:F97F,CC,67.984,-27.0,False,frame_1126.png
1126,21309,0x1B40,$04:F97F,CC,120.586,43.414,True,frame_1126.png
1126,21309,0x1B80,$04:F97F,CC,96.156,131.844,True,frame_1126.png
1126,21309,0x1BC0,$04:F97F,CC,133.25,65.75,True,frame_1126.png
1126,21309,0x1C00,$04:F97F,CC,168.0,122.797,True,frame_1126.png
1126,21309,0x1C40,$04:F97F,CC,177.906,95.094,True,frame_1126.png
1126,21309,0x1C80,$04:F97F,CC,110.117,151.883,True,frame_1126.png
1128,21311,0x1000,$04:DF96,C8,239.5,48.0,True,frame_1128.png
1128,21311,0x16C0,$02:B04A,C8,239.656,64.0,True,frame_1128.png
1128,21311,0x1700,$02:93CD,D0,269.0,156.0,False,frame_1128.png
1128,21311,0x1740,$02:B04A,C8,268.406,104.0,False,frame_1128.png
1128,21311,0x17C0,$02:B04A,C8,5.781,154.047,True,frame_1128.png
1128,21311,0x1800,$02:9166,C8,30.871,184.0,True,frame_1128.png
1128,21311,0x1840,$02:9274,E0,30.0,176.0,True,frame_1128.png
1128,21311,0x1880,$02:9166,C8,46.871,196.0,True,frame_1128.png
1128,21311,0x18C0,$02:9274,E0,46.0,188.0,True,frame_1128.png
1128,21311,0x1900,$02:9166,C8,56.812,184.0,True,frame_1128.png
1128,21311,0x1940,$02:9274,E0,56.0,176.0,True,frame_1128.png
1128,21311,0x1B00,$04:F97F,CC,66.742,-30.0,False,frame_1128.png
1128,21311,0x1B40,$04:F97F,CC,122.883,41.117,True,frame_1128.png
1128,21311,0x1B80,$04:F97F,CC,98.453,129.547,True,frame_1128.png
1128,21311,0x1BC0,$04:F97F,CC,135.547,63.453,True,frame_1128.png
1128,21311,0x1C00,$04:F97F,CC,171.0,121.555,True,frame_1128.png
1128,21311,0x1C40,$04:F97F,CC,180.203,92.797,True,frame_1128.png
1128,21311,0x1C80,$04:F97F,CC,112.414,149.586,True,frame_1128.png
1130,21313,0x1000,$04:DF96,C8,239.5,48.0,True,frame_1130.png
1130,21313,0x16C0,$02:B04A,C8,236.062,64.551,True,frame_1130.png
1130,21313,0x1700,$02:93CD,D0,268.0,156.0,False,frame_1130.png
1130,21313,0x1740,$02:B04A,C8,264.812,104.0,False,frame_1130.png
1130,21313,0x1780,$02:B04A,88,272.0,64.0,False,frame_1130.png
1130,21313,0x17C0,$02:B04A,C8,3.289,155.711,True,frame_1130.png
1130,21313,0x1800,$02:9166,C8,28.871,184.0,True,frame_1130.png
1130,21313,0x1840,$02:9274,E0,28.0,176.0,True,frame_1130.png
1130,21313,0x1880,$02:9166,C8,44.871,196.0,True,frame_1130.png
1130,21313,0x18C0,$02:9274,E0,44.0,188.0,True,frame_1130.png
1130,21313,0x1900,$02:9166,C8,57.438,184.0,True,frame_1130.png
1130,21313,0x1940,$02:9274,E0,57.0,176.0,True,frame_1130.png
1130,21313,0x1B00,$04:F97F,CC,65.5,-33.0,False,frame_1130.png
1130,21313,0x1B40,$04:F97F,CC,125.18,38.82,True,frame_1130.png
1130,21313,0x1B80,$04:F97F,CC,100.75,127.25,True,frame_1130.png
1130,21313,0x1BC0,$04:F97F,CC,137.844,61.156,True,frame_1130.png
1130,21313,0x1C00,$04:F97F,CC,174.0,120.312,True,frame_1130.png
1130,21313,0x1C40,$04:F97F,CC,182.5,90.5,True,frame_1130.png
1130,21313,0x1C80,$04:F97F,CC,114.711,147.289,True,frame_1130.png
1132,21315,0x1000,$04:DF96,C8,239.5,48.0,True,frame_1132.png
1132,21315,0x1080,$04:E6AF,C8,245.0,48.0,True,frame_1132.png
1132,21315,0x16C0,$02:B04A,C8,232.469,65.836,True,frame_1132.png
1132,21315,0x1700,$02:93CD,D0,267.0,156.0,False,frame_1132.png
1132,21315,0x1740,$02:B04A,C8,261.219,104.0,False,frame_1132.png
1132,21315,0x1780,$02:B04A,C8,268.406,64.0,False,frame_1132.png
1132,21315,0x17C0,$02:B04A,C8,0.797,157.375,True,frame_1132.png
1132,21315,0x1800,$02:9166,C8,26.871,184.0,True,frame_1132.png
1132,21315,0x1840,$02:9274,E0,26.0,176.0,True,frame_1132.png
1132,21315,0x1880,$02:9166,C8,42.871,196.0,True,frame_1132.png
1132,21315,0x18C0,$02:9274,E0,42.0,188.0,True,frame_1132.png
1132,21315,0x1900,$02:9166,C8,58.062,184.0,True,frame_1132.png
1132,21315,0x1940,$02:9274,E0,58.0,176.0,True,frame_1132.png
1132,21315,0x1B40,$04:F97F,CC,127.477,36.523,True,frame_1132.png
1132,21315,0x1B80,$04:F97F,CC,103.047,124.953,True,frame_1132.png
1132,21315,0x1BC0,$04:F97F,CC,140.141,58.859,True,frame_1132.png
1132,21315,0x1C00,$04:F97F,CC,177.0,119.07,True,frame_1132.png
1132,21315,0x1C40,$04:F97F,CC,184.797,88.203,True,frame_1132.png
1132,21315,0x1C80,$04:F97F,CC,117.008,144.992,True,frame_1132.png
1134,21317,0x1000,$04:DF96,C8,239.5,48.0,True,frame_1134.png
1134,21317,0x16C0,$02:B04A,C8,228.875,67.855,True,frame_1134.png
1134,21317,0x1700,$02:93CD,D0,266.0,156.0,False,frame_1134.png
1134,21317,0x1740,$02:B04A,C8,257.625,104.0,False,frame_1134.png
1134,21317,0x1780,$02:B04A,C8,264.812,64.0,False,frame_1134.png
1134,21317,0x17C0,$02:B04A,C8,-1.695,159.039,False,frame_1134.png
1134,21317,0x1800,$02:9166,C8,24.871,184.0,True,frame_1134.png
1134,21317,0x1840,$02:9274,E0,24.0,176.0,True,frame_1134.png
1134,21317,0x1880,$02:9166,C8,40.871,196.0,True,frame_1134.png
1134,21317,0x18C0,$02:9274,E0,40.0,188.0,True,frame_1134.png
1134,21317,0x1900,$02:9166,C8,58.688,184.0,True,frame_1134.png
1134,21317,0x1940,$02:9274,E0,58.0,176.0,True,frame_1134.png
1134,21317,0x1B40,$04:F97F,CC,129.773,34.227,True,frame_1134.png
1134,21317,0x1B80,$04:F97F,CC,105.344,122.656,True,frame_1134.png
1134,21317,0x1BC0,$04:F97F,CC,142.438,56.562,True,frame_1134.png
1134,21317,0x1C00,$04:F97F,CC,180.0,117.828,True,frame_1134.png
1134,21317,0x1C40,$04:F97F,CC,187.094,85.906,True,frame_1134.png
1134,21317,0x1C80,$04:F97F,CC,119.305,142.695,True,frame_1134.png
1136,21319,0x1000,$04:DF96,C8,239.5,48.0,True,frame_1136.png
1136,21319,0x16C0,$02:B04A,C8,225.281,70.609,True,frame_1136.png
1136,21319,0x1700,$02:93CD,D0,265.0,156.0,False,frame_1136.png
1136,21319,0x1740,$02:B04A,C8,254.031,104.0,True,frame_1136.png
1136,21319,0x1780,$02:B04A,C8,261.219,64.0,False,frame_1136.png
1136,21319,0x17C0,$02:B04A,C8,-4.188,160.703,False,frame_1136.png
1136,21319,0x1800,$02:9166,C8,22.871,184.0,True,frame_1136.png
1136,21319,0x1840,$02:9274,E0,22.0,176.0,True,frame_1136.png
1136,21319,0x1880,$02:9166,C8,38.871,196.0,True,frame_1136.png
1136,21319,0x18C0,$02:9274,E0,38.0,188.0,True,frame_1136.png
1136,21319,0x1900,$02:9166,C8,59.312,184.0,True,frame_1136.png
1136,21319,0x1940,$02:9274,E0,59.0,176.0,True,frame_1136.png
1136,21319,0x1B40,$04:F97F,CC,132.07,31.93,True,frame_1136.png
1136,21319,0x1B80,$04:F97F,CC,107.641,120.359,True,frame_1136.png
1136,21319,0x1BC0,$04:F97F,CC,144.734,54.266,True,frame_1136.png
1136,21319,0x1C00,$04:F97F,CC,183.0,116.586,True,frame_1136.png
1136,21319,0x1C40,$04:F97F,CC,189.391,83.609,True,frame_1136.png
1136,21319,0x1C80,$04:F97F,CC,121.602,140.398,True,frame_1136.png
1138,21321,0x1000,$04:DF96,C8,239.5,48.0,True,frame_1138.png
1138,21321,0x16C0,$02:B04A,C8,221.688,74.098,True,frame_1138.png
1138,21321,0x1700,$02:93CD,D0,264.0,156.0,False,frame_1138.png
1138,21321,0x1740,$02:B04A,C8,250.438,104.0,True,frame_1138.png
1138,21321,0x1780,$02:B04A,C8,257.625,64.0,False,frame_1138.png
1138,21321,0x17C0,$02:B04A,C8,-6.68,162.367,False,frame_1138.png
1138,21321,0x1800,$02:9166,C8,20.871,184.0,True,frame_1138.png
1138,21321,0x1840,$02:9274,E0,20.0,176.0,True,frame_1138.png
1138,21321,0x1880,$02:9166,C8,36.871,196.0,True,frame_1138.png
1138,21321,0x18C0,$02:9274,E0,36.0,188.0,True,frame_1138.png
1138,21321,0x1900,$02:9166,C8,59.938,184.0,True,frame_1138.png
1138,21321,0x1940,$02:9274,E0,59.0,176.0,True,frame_1138.png
1138,21321,0x1B40,$04:F97F,CC,134.367,29.633,True,frame_1138.png
1138,21321,0x1B80,$04:F97F,CC,109.938,118.062,True,frame_1138.png
1138,21321,0x1BC0,$04:F97F,CC,147.031,51.969,True,frame_1138.png
1138,21321,0x1C00,$04:F97F,CC,186.0,115.344,True,frame_1138.png
1138,21321,0x1C40,$04:F97F,CC,191.688,81.312,True,frame_1138.png
1138,21321,0x1C80,$04:F97F,CC,123.898,138.102,True,frame_1138.png
1140,21323,0x1000,$04:DF96,C8,239.5,48.0,True,frame_1140.png
1140,21323,0x16C0,$02:B04A,C8,218.094,78.32,True,frame_1140.png
1140,21323,0x1700,$02:93CD,D0,263.0,156.0,False,frame_1140.png
1140,21323,0x1740,$02:B04A,C8,246.844,104.0,True,frame_1140.png
1140,21323,0x1780,$02:B04A,C8,254.031,64.0,True,frame_1140.png
1140,21323,0x17C0,$02:B04A,C8,-9.172,164.031,False,frame_1140.png
1140,21323,0x1800,$02:9166,C8,18.871,184.0,True,frame_1140.png
1140,21323,0x1840,$02:9274,E0,18.0,176.0,True,frame_1140.png
1140,21323,0x1880,$02:9166,C8,34.871,196.0,True,frame_1140.png
1140,21323,0x18C0,$02:9274,E0,34.0,188.0,True,frame_1140.png
1140,21323,0x1900,$02:9166,C8,60.562,184.0,True,frame_1140.png
1140,21323,0x1940,$02:9274,E0,60.0,176.0,True,frame_1140.png
1140,21323,0x1B40,$04:F97F,CC,136.664,27.336,True,frame_1140.png
1140,21323,0x1B80,$04:F97F,CC,112.234,115.766,True,frame_1140.png
1140,21323,0x1BC0,$04:F97F,CC,149.328,49.672,True,frame_1140.png
1140,21323,0x1C00,$04:F97F,CC,189.0,114.102,True,frame_1140.png
1140,21323,0x1C40,$04:F97F,CC,193.984,79.016,True,frame_1140.png
1140,21323,0x1C80,$04:F97F,CC,126.195,135.805,True,frame_1140.png
1142,21325,0x1000,$04:DF96,C8,239.5,48.0,True,frame_1142.png
1142,21325,0x16C0,$02:B04A,C8,214.5,83.277,True,frame_1142.png
1142,21325,0x1700,$02:93CD,D0,262.0,156.0,False,frame_1142.png
1142,21325,0x1740,$02:B04A,C8,243.25,104.0,True,frame_1142.png
1142,21325,0x1780,$02:B04A,C8,250.438,64.0,True,frame_1142.png
1142,21325,0x17C0,$02:B04A,C8,-11.664,165.695,False,frame_1142.png
1142,21325,0x1800,$02:9166,C8,16.871,184.0,True,frame_1142.png
1142,21325,0x1840,$02:9274,E0,16.0,176.0,True,frame_1142.png
1142,21325,0x1880,$02:9166,C8,32.871,196.0,True,frame_1142.png
1142,21325,0x18C0,$02:9274,E0,32.0,188.0,True,frame_1142.png
1142,21325,0x1900,$02:9166,C8,61.188,184.0,True,frame_1142.png
1142,21325,0x1940,$02:9274,E0,61.0,176.0,True,frame_1142.png
1142,21325,0x1B40,$04:F97F,CC,138.961,25.039,True,frame_1142.png
1142,21325,0x1B80,$04:F97F,CC,114.531,113.469,True,frame_1142.png
1142,21325,0x1BC0,$04:F97F,CC,151.625,47.375,True,frame_1142.png
1142,21325,0x1C00,$04:F97F,CC,192.0,112.859,True,frame_1142.png
1142,21325,0x1C40,$04:F97F,CC,196.281,76.719,True,frame_1142.png
1142,21325,0x1C80,$04:F97F,CC,128.492,133.508,True,frame_1142.png
1144,21327,0x1000,$04:DF96,C8,239.5,48.0,True,frame_1144.png
1144,21327,0x16C0,$02:B04A,C8,210.906,88.969,True,frame_1144.png
1144,21327,0x1700,$02:93CD,D0,261.0,156.0,False,frame_1144.png
1144,21327,0x1740,$02:B04A,C8,239.656,104.0,True,frame_1144.png
1144,21327,0x1780,$02:B04A,C8,246.844,64.0,True,frame_1144.png
1144,21327,0x17C0,$02:B04A,C8,-14.156,167.359,False,frame_1144.png
1144,21327,0x1800,$02:9166,C8,14.871,184.0,True,frame_1144.png
1144,21327,0x1840,$02:9274,E0,14.0,176.0,True,frame_1144.png
1144,21327,0x1880,$02:9166,C8,30.871,196.0,True,frame_1144.png
1144,21327,0x18C0,$02:9274,E0,30.0,188.0,True,frame_1144.png
1144,21327,0x1900,$02:9166,C8,61.812,184.0,True,frame_1144.png
1144,21327,0x1940,$02:9274,E0,61.0,176.0,True,frame_1144.png
1144,21327,0x1B40,$04:F97F,CC,141.258,22.742,True,frame_1144.png
1144,21327,0x1B80,$04:F97F,CC,116.828,111.172,True,frame_1144.png
1144,21327,0x1BC0,$04:F97F,CC,153.922,45.078,True,frame_1144.png
1144,21327,0x1C00,$04:F97F,CC,195.0,111.617,True,frame_1144.png
1144,21327,0x1C40,$04:F97F,CC,198.578,74.422,True,frame_1144.png
1144,21327,0x1C80,$04:F97F,CC,130.789,131.211,True,frame_1144.png
1146,21329,0x1000,$04:DF96,C8,239.5,48.0,True,frame_1146.png
1146,21329,0x1080,$04:E6AF,C8,245.0,48.0,True,frame_1146.png
1146,21329,0x16C0,$02:B04A,C8,207.312,95.395,True,frame_1146.png
1146,21329,0x1700,$02:93CD,D0,260.0,156.0,False,frame_1146.png
1146,21329,0x1740,$02:B04A,C8,236.062,104.0,True,frame_1146.png
1146,21329,0x1780,$02:B04A,C8,243.25,64.0,True,frame_1146.png
1146,21329,0x1800,$02:9166,C8,12.871,184.0,True,frame_1146.png
1146,21329,0x1840,$02:9274,E0,12.0,176.0,True,frame_1146.png
1146,21329,0x1880,$02:9166,C8,28.871,196.0,True,frame_1146.png
1146,21329,0x18C0,$02:9274,E0,28.0,188.0,True,frame_1146.png
1146,21329,0x1900,$02:9166,C8,62.438,184.0,True,frame_1146.png
1146,21329,0x1940,$02:9274,E0,62.0,176.0,True,frame_1146.png
1146,21329,0x1AC0,$04:F97F,CC,79.0,164.0,True,frame_1146.png
1146,21329,0x1B40,$04:F97F,CC,143.555,20.445,True,frame_1146.png
1146,21329,0x1B80,$04:F97F,CC,119.125,108.875,True,frame_1146.png
1146,21329,0x1BC0,$04:F97F,CC,156.219,42.781,True,frame_1146.png
1146,21329,0x1C00,$04:F97F,CC,198.0,110.375,True,frame_1146.png
1146,21329,0x1C40,$04:F97F,CC,200.875,72.125,True,frame_1146.png
1146,21329,0x1C80,$04:F97F,CC,133.086,128.914,True,frame_1146.png
1148,21331,0x1000,$04:DF96,C8,239.5,48.0,True,frame_1148.png
1148,21331,0x16C0,$02:B04A,C8,203.719,101.805,True,frame_1148.png
1148,21331,0x1700,$02:93CD,D0,259.0,156.0,False,frame_1148.png
1148,21331,0x1740,$02:B04A,C8,232.469,104.0,True,frame_1148.png
1148,21331,0x1780,$02:B04A,C8,239.656,64.0,True,frame_1148.png
1148,21331,0x1800,$02:9166,C8,10.871,184.0,True,frame_1148.png
1148,21331,0x1840,$02:9274,E0,10.0,176.0,True,frame_1148.png
1148,21331,0x1880,$02:9166,C8,26.871,196.0,True,frame_1148.png
1148,21331,0x18C0,$02:9274,E0,26.0,188.0,True,frame_1148.png
1148,21331,0x1900,$02:9166,C8,63.062,184.0,True,frame_1148.png
1148,21331,0x1940,$02:9274,E0,63.0,176.0,True,frame_1148.png
1148,21331,0x1AC0,$04:F97F,CC,81.297,161.703,True,frame_1148.png
1148,21331,0x1B40,$04:F97F,CC,145.852,18.148,True,frame_1148.png
1148,21331,0x1B80,$04:F97F,CC,121.422,106.578,True,frame_1148.png
1148,21331,0x1BC0,$04:F97F,CC,158.516,40.484,True,frame_1148.png
1148,21331,0x1C00,$04:F97F,CC,201.0,109.133,True,frame_1148.png
1148,21331,0x1C40,$04:F97F,CC,203.172,69.828,True,frame_1148.png
1148,21331,0x1C80,$04:F97F,CC,135.383,126.617,True,frame_1148.png
1150,21333,0x1000,$04:DF96,C8,239.5,48.0,True,frame_1150.png
1150,21333,0x16C0,$02:B04A,C8,200.125,107.949,True,frame_1150.png
1150,21333,0x1700,$02:93CD,D0,258.0,156.0,False,frame_1150.png
1150,21333,0x1740,$02:B04A,C8,228.875,104.0,True,frame_1150.png
1150,21333,0x1780,$02:B04A,C8,236.062,64.551,True,frame_1150.png
1150,21333,0x1800,$02:9166,C8,8.871,184.0,True,frame_1150.png
1150,21333,0x1840,$02:9274,E0,8.0,176.0,True,frame_1150.png
1150,21333,0x1880,$02:9166,C8,24.871,196.0,True,frame_1150.png
1150,21333,0x18C0,$02:9274,E0,24.0,188.0,True,frame_1150.png
1150,21333,0x1900,$02:9166,C8,63.688,184.0,True,frame_1150.png
1150,21333,0x1940,$02:9274,E0,63.0,176.0,True,frame_1150.png
1150,21333,0x1AC0,$04:F97F,CC,83.594,159.406,True,frame_1150.png
1150,21333,0x1B40,$04:F97F,CC,148.148,15.852,True,frame_1150.png
1150,21333,0x1B80,$04:F97F,CC,123.719,104.281,True,frame_1150.png
1150,21333,0x1BC0,$04:F97F,CC,160.812,38.188,True,frame_1150.png
1150,21333,0x1C00,$04:F97F,CC,204.0,107.891,True,frame_1150.png
1150,21333,0x1C40,$04:F97F,CC,205.469,67.531,True,frame_1150.png
1150,21333,0x1C80,$04:F97F,CC,137.68,124.32,True,frame_1150.png
1152,21335,0x1000,$04:DF96,C8,239.5,48.0,True,frame_1152.png
1152,21335,0x16C0,$02:B04A,C8,196.531,113.828,True,frame_1152.png
1152,21335,0x1700,$02:93CD,D0,257.0,156.0,False,frame_1152.png
1152,21335,0x1740,$02:B04A,C8,225.281,104.0,True,frame_1152.png
1152,21335,0x1780,$02:B04A,C8,232.469,65.836,True,frame_1152.png
1152,21335,0x1800,$02:9166,C8,6.871,184.0,True,frame_1152.png
1152,21335,0x1840,$02:9274,E0,6.0,176.0,True,frame_1152.png
1152,21335,0x1880,$02:9166,C8,22.871,196.0,True,frame_1152.png
1152,21335,0x18C0,$02:9274,E0,22.0,188.0,True,frame_1152.png
1152,21335,0x1900,$02:9166,C8,64.312,184.0,True,frame_1152.png
1152,21335,0x1940,$02:9274,E0,64.0,176.0,True,frame_1152.png
1152,21335,0x1AC0,$04:F97F,CC,85.891,157.109,True,frame_1152.png
1152,21335,0x1B40,$04:F97F,CC,150.445,13.555,True,frame_1152.png
1152,21335,0x1B80,$04:F97F,CC,126.016,101.984,True,frame_1152.png
1152,21335,0x1BC0,$04:F97F,CC,163.109,35.891,True,frame_1152.png
1152,21335,0x1C00,$04:F97F,CC,207.0,106.648,True,frame_1152.png
1152,21335,0x1C40,$04:F97F,CC,207.766,65.234,True,frame_1152.png
1152,21335,0x1C80,$04:F97F,CC,139.977,122.023,True,frame_1152.png
1154,21337,0x1000,$04:DF96,C8,239.5,48.0,True,frame_1154.png
1154,21337,0x16C0,$02:B04A,C8,192.938,119.441,True,frame_1154.png
1154,21337,0x1700,$02:93CD,D0,256.0,156.0,False,frame_1154.png
1154,21337,0x1740,$02:B04A,C8,221.688,104.0,True,frame_1154.png
1154,21337,0x1780,$02:B04A,C8,228.875,67.855,True,frame_1154.png
1154,21337,0x1800,$02:9166,C8,4.871,184.0,True,frame_1154.png
1154,21337,0x1840,$02:9274,E0,4.0,176.0,True,frame_1154.png
1154,21337,0x1880,$02:9166,C8,20.871,196.0,True,frame_1154.png
1154,21337,0x18C0,$02:9274,E0,20.0,188.0,True,frame_1154.png
1154,21337,0x1900,$02:9166,C8,64.938,184.0,True,frame_1154.png
1154,21337,0x1940,$02:9274,E0,64.0,176.0,True,frame_1154.png
1154,21337,0x1AC0,$04:F97F,CC,88.188,154.812,True,frame_1154.png
1154,21337,0x1B40,$04:F97F,CC,152.742,11.258,True,frame_1154.png
1154,21337,0x1B80,$04:F97F,CC,128.312,99.688,True,frame_1154.png
1154,21337,0x1BC0,$04:F97F,CC,165.406,33.594,True,frame_1154.png
1154,21337,0x1C00,$04:F97F,CC,210.0,105.406,True,frame_1154.png
1154,21337,0x1C40,$04:F97F,CC,210.062,62.938,True,frame_1154.png
1154,21337,0x1C80,$04:F97F,CC,142.273,119.727,True,frame_1154.png
1156,21339,0x1000,$04:DF96,C8,239.5,48.0,True,frame_1156.png
1156,21339,0x1080,$04:E6AF,C8,245.0,48.0,True,frame_1156.png
1156,21339,0x16C0,$02:B04A,C8,189.344,124.789,True,frame_1156.png
1156,21339,0x1700,$02:93CD,D0,255.0,156.0,True,frame_1156.png
1156,21339,0x1740,$02:B04A,C8,218.094,104.0,True,frame_1156.png
1156,21339,0x1780,$02:B04A,C8,225.281,70.609,True,frame_1156.png
1156,21339,0x1800,$02:9166,C8,2.871,184.0,True,frame_1156.png
1156,21339,0x1840,$02:9274,E0,2.0,176.0,True,frame_1156.png
1156,21339,0x1880,$02:9166,C8,18.871,196.0,True,frame_1156.png
1156,21339,0x18C0,$02:9274,E0,18.0,188.0,True,frame_1156.png
1156,21339,0x1900,$02:9166,C8,65.562,184.0,True,frame_1156.png
1156,21339,0x1940,$02:9274,E0,65.0,176.0,True,frame_1156.png
1156,21339,0x1AC0,$04:F97F,CC,90.484,152.516,True,frame_1156.png
1156,21339,0x1B40,$04:F97F,CC,155.039,8.961,True,frame_1156.png
1156,21339,0x1B80,$04:F97F,CC,130.609,97.391,True,frame_1156.png
1156,21339,0x1BC0,$04:F97F,CC,167.703,31.297,True,frame_1156.png
1156,21339,0x1C00,$04:F97F,CC,213.0,104.164,True,frame_1156.png
1156,21339,0x1C40,$04:F97F,CC,212.359,60.641,True,frame_1156.png
1156,21339,0x1C80,$04:F97F,CC,144.57,117.43,True,frame_1156.png
1158,21341,0x1000,$04:DF96,C8,239.5,48.0,True,frame_1158.png
1158,21341,0x16C0,$02:B04A,C8,185.75,129.871,True,frame_1158.png
1158,21341,0x1700,$02:93CD,D0,254.0,156.0,True,frame_1158.png
1158,21341,0x1740,$02:B04A,C8,214.5,104.0,True,frame_1158.png
1158,21341,0x1780,$02:B04A,C8,221.688,74.098,True,frame_1158.png
1158,21341,0x1800,$02:9166,C8,0.871,184.0,True,frame_1158.png
1158,21341,0x1840,$02:9274,E0,0.0,176.0,True,frame_1158.png
1158,21341,0x1880,$02:9166,C8,16.871,196.0,True,frame_1158.png
1158,21341,0x18C0,$02:9274,E0,16.0,188.0,True,frame_1158.png
1158,21341,0x1900,$02:9166,C8,66.188,184.0,True,frame_1158.png
1158,21341,0x1940,$02:9274,E0,66.0,176.0,True,frame_1158.png
1158,21341,0x1AC0,$04:F97F,CC,92.781,150.219,True,frame_1158.png
1158,21341,0x1B40,$04:F97F,CC,157.336,6.664,True,frame_1158.png
1158,21341,0x1B80,$04:F97F,CC,132.906,95.094,True,frame_1158.png
1158,21341,0x1BC0,$04:F97F,CC,170.0,29.0,True,frame_1158.png
1158,21341,0x1C00,$04:F97F,CC,216.0,102.922,True,frame_1158.png
1158,21341,0x1C40,$04:F97F,CC,214.656,58.344,True,frame_1158.png
1158,21341,0x1C80,$04:F97F,CC,146.867,115.133,True,frame_1158.png
1160,21343,0x1000,$04:DF96,C8,239.5,48.0,True,frame_1160.png
1160,21343,0x16C0,$02:B04A,C8,182.156,134.688,True,frame_1160.png
1160,21343,0x1700,$02:93CD,D0,253.0,156.0,True,frame_1160.png
1160,21343,0x1740,$02:B04A,C8,210.906,104.0,True,frame_1160.png
1160,21343,0x1780,$02:B04A,C8,218.094,78.32,True,frame_1160.png
1160,21343,0x1800,$02:9166,C8,-1.129,184.0,False,frame_1160.png
1160,21343,0x1840,$02:9274,E0,-2.0,176.0,False,frame_1160.png
1160,21343,0x1880,$02:9166,C8,14.871,196.0,True,frame_1160.png
1160,21343,0x18C0,$02:9274,E0,14.0,188.0,True,frame_1160.png
1160,21343,0x1900,$02:9166,C8,66.812,184.0,True,frame_1160.png
1160,21343,0x1940,$02:9274,E0,66.0,176.0,True,frame_1160.png
1160,21343,0x1AC0,$04:F97F,CC,95.078,147.922,True,frame_1160.png
1160,21343,0x1B40,$04:F97F,CC,159.633,4.367,True,frame_1160.png
1160,21343,0x1B80,$04:F97F,CC,135.203,92.797,True,frame_1160.png
1160,21343,0x1BC0,$04:F97F,CC,172.297,26.703,True,frame_1160.png
1160,21343,0x1C00,$04:F97F,CC,219.0,101.68,True,frame_1160.png
1160,21343,0x1C40,$04:F97F,CC,216.953,56.047,True,frame_1160.png
1160,21343,0x1C80,$04:F97F,CC,149.164,112.836,True,frame_1160.png
1162,21345,0x1000,$04:DF96,C8,239.5,48.0,True,frame_1162.png
1162,21345,0x16C0,$02:B04A,C8,178.562,139.238,True,frame_1162.png
1162,21345,0x1700,$02:93DD,D8,252.0,156.0,True,frame_1162.png
1162,21345,0x1740,$02:B04A,C8,207.312,104.0,True,frame_1162.png
1162,21345,0x1780,$02:B04A,C8,214.5,83.277,True,frame_1162.png
1162,21345,0x17C0,$02:93CD,D0,272.0,156.0,False,frame_1162.png
1162,21345,0x1800,$02:9166,C8,-3.129,184.0,False,frame_1162.png
1162,21345,0x1840,$02:9274,E0,-4.0,176.0,False,frame_1162.png
1162,21345,0x1880,$02:9166,C8,12.871,196.0,True,frame_1162.png
1162,21345,0x18C0,$02:9274,E0,12.0,188.0,True,frame_1162.png
1162,21345,0x1900,$02:9166,C8,67.438,184.0,True,frame_1162.png
1162,21345,0x1940,$02:9274,E0,67.0,176.0,True,frame_1162.png
1162,21345,0x1AC0,$04:F97F,CC,97.375,145.625,True,frame_1162.png
1162,21345,0x1B40,$04:F97F,CC,161.93,2.07,True,frame_1162.png
1162,21345,0x1B80,$04:F97F,CC,137.5,90.5,True,frame_1162.png
1162,21345,0x1BC0,$04:F97F,CC,174.594,24.406,True,frame_1162.png
1162,21345,0x1C00,$04:F97F,CC,222.0,100.438,True,frame_1162.png
1162,21345,0x1C40,$04:F97F,CC,219.25,53.75,True,frame_1162.png
1162,21345,0x1C80,$04:F97F,CC,151.461,110.539,True,frame_1162.png
1164,21347,0x1000,$04:DF96,C8,239.5,48.0,True,frame_1164.png
1164,21347,0x16C0,$02:B04A,C8,174.969,143.523,True,frame_1164.png
1164,21347,0x1700,$02:93DD,D8,251.0,156.0,True,frame_1164.png
1164,21347,0x1740,$02:B04A,C8,203.719,104.0,True,frame_1164.png
1164,21347,0x1780,$02:B04A,C8,210.906,88.969,True,frame_1164.png
1164,21347,0x17C0,$02:93CD,D0,271.0,156.0,False,frame_1164.png
1164,21347,0x1800,$02:9166,C8,-5.129,184.0,False,frame_1164.png
1164,21347,0x1840,$02:9274,E0,-6.0,176.0,False,frame_1164.png
1164,21347,0x1880,$02:9166,C8,10.871,196.0,True,frame_1164.png
1164,21347,0x18C0,$02:9274,E0,10.0,188.0,True,frame_1164.png
1164,21347,0x1900,$02:9166,C8,68.062,184.0,True,frame_1164.png
1164,21347,0x1940,$02:9274,E0,68.0,176.0,True,frame_1164.png
1164,21347,0x1AC0,$04:F97F,CC,99.672,143.328,True,frame_1164.png
1164,21347,0x1B40,$04:F97F,CC,164.227,-0.227,False,frame_1164.png
1164,21347,0x1B80,$04:F97F,CC,139.797,88.203,True,frame_1164.png
1164,21347,0x1BC0,$04:F97F,CC,176.891,22.109,True,frame_1164.png
1164,21347,0x1C00,$04:F97F,CC,225.0,99.195,True,frame_1164.png
1164,21347,0x1C40,$04:F97F,CC,221.547,51.453,True,frame_1164.png
1164,21347,0x1C80,$04:F97F,CC,153.758,108.242,True,frame_1164.png
1166,21349,0x1000,$04:DF96,C8,239.5,48.0,True,frame_1166.png
1166,21349,0x16C0,$02:B04A,C8,171.375,147.543,True,frame_1166.png
1166,21349,0x1700,$02:93DD,D8,250.0,156.0,True,frame_1166.png
1166,21349,0x1740,$02:B04A,C8,200.125,104.0,True,frame_1166.png
1166,21349,0x1780,$02:B04A,C8,207.312,95.395,True,frame_1166.png
1166,21349,0x17C0,$02:93CD,D0,270.0,156.0,False,frame_1166.png
1166,21349,0x1800,$02:9166,C8,-7.129,184.0,False,frame_1166.png
1166,21349,0x1840,$02:9274,E0,-8.0,176.0,False,frame_1166.png
1166,21349,0x1880,$02:9166,C8,8.871,196.0,True,frame_1166.png
1166,21349,0x18C0,$02:9274,E0,8.0,188.0,True,frame_1166.png
1166,21349,0x1900,$02:9166,C8,68.688,184.0,True,frame_1166.png
1166,21349,0x1940,$02:9274,E0,68.0,176.0,True,frame_1166.png
1166,21349,0x1AC0,$04:F97F,CC,101.969,141.031,True,frame_1166.png
1166,21349,0x1B40,$04:F97F,CC,166.523,-2.523,False,frame_1166.png
1166,21349,0x1B80,$04:F97F,CC,142.094,85.906,True,frame_1166.png
1166,21349,0x1BC0,$04:F97F,CC,179.188,19.812,True,frame_1166.png
1166,21349,0x1C00,$04:F97F,CC,228.0,97.953,True,frame_1166.png
1166,21349,0x1C40,$04:F97F,CC,223.844,49.156,True,frame_1166.png
1166,21349,0x1C80,$04:F97F,CC,156.055,105.945,True,frame_1166.png
1168,21351,0x1000,$04:DF96,C8,239.5,48.0,True,frame_1168.png
1168,21351,0x16C0,$02:B04A,C8,167.781,151.297,True,frame_1168.png
1168,21351,0x1700,$02:93DD,D8,249.0,156.0,True,frame_1168.png
1168,21351,0x1740,$02:B04A,C8,196.531,104.0,True,frame_1168.png
1168,21351,0x1780,$02:B04A,C8,203.719,101.805,True,frame_1168.png
1168,21351,0x17C0,$02:93CD,D0,269.0,156.0,False,frame_1168.png
1168,21351,0x1800,$02:9166,C8,-9.129,184.0,False,frame_1168.png
1168,21351,0x1840,$02:9274,E0,-10.0,176.0,False,frame_1168.png
1168,21351,0x1880,$02:9166,C8,6.871,196.0,True,frame_1168.png
1168,21351,0x18C0,$02:9274,E0,6.0,188.0,True,frame_1168.png
1168,21351,0x1900,$02:9166,C8,69.312,184.0,True,frame_1168.png
1168,21351,0x1940,$02:9274,E0,69.0,176.0,True,frame_1168.png
1168,21351,0x1AC0,$04:F97F,CC,104.266,138.734,True,frame_1168.png
1168,21351,0x1B40,$04:F97F,CC,168.82,-4.82,False,frame_1168.png
1168,21351,0x1B80,$04:F97F,CC,144.391,83.609,True,frame_1168.png
1168,21351,0x1BC0,$04:F97F,CC,181.484,17.516,True,frame_1168.png
1168,21351,0x1C00,$04:F97F,CC,231.0,96.711,True,frame_1168.png
1168,21351,0x1C40,$04:F97F,CC,226.141,46.859,True,frame_1168.png
1168,21351,0x1C80,$04:F97F,CC,158.352,103.648,True,frame_1168.png
1170,21353,0x1000,$04:DF96,C8,239.5,48.0,True,frame_1170.png
1170,21353,0x1080,$04:E6AF,C8,245.0,48.0,True,frame_1170.png
1170,21353,0x16C0,$02:B04A,C8,164.188,154.785,True,frame_1170.png
1170,21353,0x1700,$02:93DD,D8,248.0,156.0,True,frame_1170.png
1170,21353,0x1740,$02:B04A,C8,192.938,104.0,True,frame_1170.png
1170,21353,0x1780,$02:B04A,C8,200.125,107.949,True,frame_1170.png
1170,21353,0x17C0,$02:93CD,D0,268.0,156.0,False,frame_1170.png
1170,21353,0x1800,$02:9166,C8,-11.129,184.0,False,frame_1170.png
1170,21353,0x1840,$02:9274,E0,-12.0,176.0,False,frame_1170.png
1170,21353,0x1880,$02:9166,C8,4.871,196.0,True,frame_1170.png
1170,21353,0x18C0,$02:9274,E0,4.0,188.0,True,frame_1170.png
1170,21353,0x1900,$02:9166,C8,69.938,184.0,True,frame_1170.png
1170,21353,0x1940,$02:9274,E0,69.0,176.0,True,frame_1170.png
1170,21353,0x1980,$02:A78D,9A,248.539,80.68,True,frame_1170.png
1170,21353,0x1AC0,$04:F97F,CC,106.562,136.438,True,frame_1170.png
1170,21353,0x1B40,$04:F97F,CC,171.117,-7.117,False,frame_1170.png
1170,21353,0x1B80,$04:F97F,CC,146.688,81.312,True,frame_1170.png
1170,21353,0x1BC0,$04:F97F,CC,183.781,15.219,True,frame_1170.png
1170,21353,0x1C00,$04:F97F,CC,234.0,95.469,True,frame_1170.png
1170,21353,0x1C40,$04:F97F,CC,228.438,44.562,True,frame_1170.png
1170,21353,0x1C80,$04:F97F,CC,160.648,101.352,True,frame_1170.png
1172,21355,0x1000,$04:DF96,C8,239.5,48.0,True,frame_1172.png
1172,21355,0x16C0,$02:B04A,C8,160.594,158.008,True,frame_1172.png
1172,21355,0x1700,$02:93DD,D8,247.0,156.0,True,frame_1172.png
1172,21355,0x1740,$02:B04A,C8,189.344,104.0,True,frame_1172.png
1172,21355,0x1780,$02:B04A,C8,196.531,113.828,True,frame_1172.png
1172,21355,0x17C0,$02:93CD,D0,267.0,156.0,False,frame_1172.png
1172,21355,0x1800,$02:9166,C8,-13.129,184.0,False,frame_1172.png
1172,21355,0x1840,$02:9274,E0,-14.0,176.0,False,frame_1172.png
1172,21355,0x1880,$02:9166,C8,2.871,196.0,True,frame_1172.png
1172,21355,0x18C0,$02:9274,E0,2.0,188.0,True,frame_1172.png
1172,21355,0x1900,$02:9166,C8,70.562,184.0,True,frame_1172.png
1172,21355,0x1940,$02:9274,E0,70.0,176.0,True,frame_1172.png
1172,21355,0x1980,$02:A78D,9A,247.539,80.68,True,frame_1172.png
1172,21355,0x1AC0,$04:F97F,CC,108.859,134.141,True,frame_1172.png
1172,21355,0x1B40,$04:F97F,CC,173.414,-9.414,False,frame_1172.png
1172,21355,0x1B80,$04:F97F,CC,148.984,79.016,True,frame_1172.png
1172,21355,0x1BC0,$04:F97F,CC,186.078,12.922,True,frame_1172.png
1172,21355,0x1C00,$04:F97F,CC,237.0,94.227,True,frame_1172.png
1172,21355,0x1C40,$04:F97F,CC,230.734,42.266,True,frame_1172.png
1172,21355,0x1C80,$04:F97F,CC,162.945,99.055,True,frame_1172.png
1174,21357,0x1000,$04:DF96,C8,239.5,48.0,True,frame_1174.png
1174,21357,0x16C0,$02:B04A,C8,157.0,160.965,True,frame_1174.png
1174,21357,0x1700,$02:93DD,D8,246.0,156.0,True,frame_1174.png
1174,21357,0x1740,$02:B04A,C8,185.75,104.0,True,frame_1174.png
1174,21357,0x1780,$02:B04A,C8,192.938,119.441,True,frame_1174.png
1174,21357,0x17C0,$02:93CD,D0,266.0,156.0,False,frame_1174.png
1174,21357,0x1800,$02:9166,C8,-15.129,184.0,False,frame_1174.png
1174,21357,0x1840,$02:9274,E0,-16.0,176.0,False,frame_1174.png
1174,21357,0x1880,$02:9166,C8,0.871,196.0,True,frame_1174.png
1174,21357,0x18C0,$02:9274,E0,0.0,188.0,True,frame_1174.png
1174,21357,0x1900,$02:9166,C8,71.188,184.0,True,frame_1174.png
1174,21357,0x1940,$02:9274,E0,71.0,176.0,True,frame_1174.png
1174,21357,0x1980,$02:A78D,9A,246.539,80.68,True,frame_1174.png
1174,21357,0x1AC0,$04:F97F,CC,111.156,131.844,True,frame_1174.png
1174,21357,0x1B40,$04:F97F,CC,175.711,-11.711,False,frame_1174.png
1174,21357,0x1B80,$04:F97F,CC,151.281,76.719,True,frame_1174.png
1174,21357,0x1BC0,$04:F97F,CC,188.375,10.625,True,frame_1174.png
1174,21357,0x1C00,$04:F97F,CC,240.0,92.984,True,frame_1174.png
1174,21357,0x1C40,$04:F97F,CC,233.031,39.969,True,frame_1174.png
1174,21357,0x1C80,$04:F97F,CC,165.242,96.758,True,frame_1174.png
1176,21359,0x1000,$04:DF96,C8,239.5,48.0,True,frame_1176.png
1176,21359,0x16C0,$02:B04A,C8,153.406,163.656,True,frame_1176.png
1176,21359,0x1700,$02:93DD,D8,245.0,156.0,True,frame_1176.png
1176,21359,0x1740,$02:B04A,C8,182.156,104.0,True,frame_1176.png
1176,21359,0x1780,$02:B04A,C8,189.344,124.789,True,frame_1176.png
1176,21359,0x17C0,$02:93CD,D0,265.0,156.0,False,frame_1176.png
1176,21359,0x1800,$02:9166,C8,-17.129,184.0,False,frame_1176.png
1176,21359,0x1840,$02:9274,E0,-18.0,176.0,False,frame_1176.png
1176,21359,0x1880,$02:9166,C8,-1.129,196.0,False,frame_1176.png
1176,21359,0x18C0,$02:9274,E0,-2.0,188.0,False,frame_1176.png
1176,21359,0x1900,$02:9166,C8,71.812,184.0,True,frame_1176.png
1176,21359,0x1940,$02:9274,E0,71.0,176.0,True,frame_1176.png
1176,21359,0x1980,$02:A78D,9A,245.539,80.68,True,frame_1176.png
1176,21359,0x1AC0,$04:F97F,CC,113.453,129.547,True,frame_1176.png
1176,21359,0x1B40,$04:F97F,CC,178.008,-14.008,False,frame_1176.png
1176,21359,0x1B80,$04:F97F,CC,153.578,74.422,True,frame_1176.png
1176,21359,0x1BC0,$04:F97F,CC,190.672,8.328,True,frame_1176.png
1176,21359,0x1C00,$04:F97F,CC,243.0,91.742,True,frame_1176.png
1176,21359,0x1C40,$04:F97F,CC,235.328,37.672,True,frame_1176.png
1176,21359,0x1C80,$04:F97F,CC,167.539,94.461,True,frame_1176.png
1178,21361,0x1000,$04:DF96,C8,239.5,48.0,True,frame_1178.png
1178,21361,0x16C0,$02:B04A,C8,149.812,166.082,True,frame_1178.png
1178,21361,0x1700,$02:93DD,D8,244.0,156.0,True,frame_1178.png
1178,21361,0x1740,$02:B04A,C8,178.562,104.0,True,frame_1178.png
1178,21361,0x1780,$02:B04A,C8,185.75,129.871,True,frame_1178.png
1178,21361,0x17C0,$02:93CD,D0,264.0,156.0,False,frame_1178.png
1178,21361,0x1800,$02:9166,C8,-19.129,184.0,False,frame_1178.png
1178,21361,0x1840,$02:9274,E0,-20.0,176.0,False,frame_1178.png
1178,21361,0x1880,$02:9166,C8,-3.129,196.0,False,frame_1178.png
1178,21361,0x18C0,$02:9274,E0,-4.0,188.0,False,frame_1178.png
1178,21361,0x1900,$02:9166,C8,72.438,184.0,True,frame_1178.png
1178,21361,0x1940,$02:9274,E0,72.0,176.0,True,frame_1178.png
1178,21361,0x1980,$02:A78D,9A,244.539,80.68,True,frame_1178.png
1178,21361,0x1AC0,$04:F97F,CC,115.75,127.25,True,frame_1178.png
1178,21361,0x1B40,$04:F97F,CC,180.305,-16.305,False,frame_1178.png
1178,21361,0x1B80,$04:F97F,CC,155.875,72.125,True,frame_1178.png
1178,21361,0x1BC0,$04:F97F,CC,192.969,6.031,True,frame_1178.png
1178,21361,0x1C00,$04:F97F,CC,246.0,90.5,True,frame_1178.png
1178,21361,0x1C40,$04:F97F,CC,237.625,35.375,True,frame_1178.png
1178,21361,0x1C80,$04:F97F,CC,169.836,92.164,True,frame_1178.png
1180,21363,0x1000,$04:DF96,C8,239.5,48.0,True,frame_1180.png
1180,21363,0x1080,$04:E6AF,C8,245.0,48.0,True,frame_1180.png
1180,21363,0x16C0,$02:B04A,C8,146.219,168.242,True,frame_1180.png
1180,21363,0x1700,$02:93DD,D8,243.0,156.0,True,frame_1180.png
1180,21363,0x1740,$02:B04A,C8,174.969,104.0,True,frame_1180.png
1180,21363,0x1780,$02:B04A,C8,182.156,134.688,True,frame_1180.png
1180,21363,0x17C0,$02:93CD,D0,263.0,156.0,False,frame_1180.png
1180,21363,0x1800,$02:9166,C8,-21.129,184.0,False,frame_1180.png
1180,21363,0x1840,$02:9274,E0,-22.0,176.0,False,frame_1180.png
1180,21363,0x1880,$02:9166,C8,-5.129,196.0,False,frame_1180.png
1180,21363,0x18C0,$02:9274,E0,-6.0,188.0,False,frame_1180.png
1180,21363,0x1900,$02:9166,C8,73.062,184.0,True,frame_1180.png
1180,21363,0x1940,$02:9274,E0,73.0,176.0,True,frame_1180.png
1180,21363,0x1980,$02:A78D,9A,243.539,80.68,True,frame_1180.png
1180,21363,0x19C0,$02:B04A,88,272.0,104.0,False,frame_1180.png
1180,21363,0x1AC0,$04:F97F,CC,118.047,124.953,True,frame_1180.png
1180,21363,0x1B40,$04:F97F,CC,182.602,-18.602,False,frame_1180.png
1180,21363,0x1B80,$04:F97F,CC,158.172,69.828,True,frame_1180.png
1180,21363,0x1BC0,$04:F97F,CC,195.266,3.734,True,frame_1180.png
1180,21363,0x1C00,$04:F97F,CC,249.0,89.258,True,frame_1180.png
1180,21363,0x1C40,$04:F97F,CC,239.922,33.078,True,frame_1180.png
1180,21363,0x1C80,$04:F97F,CC,172.133,89.867,True,frame_1180.png
1182,21365,0x1000,$04:DF96,C8,239.5,48.0,True,frame_1182.png
1182,21365,0x16C0,$02:B04A,C8,142.625,170.137,True,frame_1182.png
1182,21365,0x1700,$02:93DD,D8,242.0,156.0,True,frame_1182.png
1182,21365,0x1740,$02:B04A,C8,171.375,104.0,True,frame_1182.png
1182,21365,0x1780,$02:B04A,C8,178.562,139.238,True,frame_1182.png
1182,21365,0x17C0,$02:93CD,D0,262.0,156.0,False,frame_1182.png
1182,21365,0x1800,$02:9166,C8,-23.129,184.0,False,frame_1182.png
1182,21365,0x1840,$02:9274,E0,-24.0,176.0,False,frame_1182.png
1182,21365,0x1880,$02:9166,C8,-7.129,196.0,False,frame_1182.png
1182,21365,0x18C0,$02:9274,E0,-8.0,188.0,False,frame_1182.png
1182,21365,0x1900,$02:9166,C8,73.688,184.0,True,frame_1182.png
1182,21365,0x1940,$02:9274,E0,73.0,176.0,True,frame_1182.png
1182,21365,0x1980,$02:A78D,9A,242.539,80.68,True,frame_1182.png
1182,21365,0x19C0,$02:B04A,C8,268.406,104.0,False,frame_1182.png
1182,21365,0x1AC0,$04:F97F,CC,120.344,122.656,True,frame_1182.png
1182,21365,0x1B40,$04:F97F,CC,184.898,-20.898,False,frame_1182.png
1182,21365,0x1B80,$04:F97F,CC,160.469,67.531,True,frame_1182.png
1182,21365,0x1BC0,$04:F97F,CC,197.562,1.438,True,frame_1182.png
1182,21365,0x1C00,$04:F97F,CC,252.0,88.016,True,frame_1182.png
1182,21365,0x1C40,$04:F97F,CC,242.219,30.781,True,frame_1182.png
1182,21365,0x1C80,$04:F97F,CC,174.43,87.57,True,frame_1182.png
1184,21367,0x1000,$04:DF96,C8,239.5,48.0,True,frame_1184.png
1184,21367,0x16C0,$02:B04A,C8,139.031,171.766,True,frame_1184.png
1184,21367,0x1700,$02:93DD,D8,241.0,156.0,True,frame_1184.png
1184,21367,0x1740,$02:B04A,C8,167.781,104.0,True,frame_1184.png
1184,21367,0x1780,$02:B04A,C8,174.969,143.523,True,frame_1184.png
1184,21367,0x17C0,$02:93CD,D0,261.0,156.0,False,frame_1184.png
1184,21367,0x1800,$02:9166,C8,-25.129,184.0,False,frame_1184.png
1184,21367,0x1840,$02:9274,E0,-26.0,176.0,False,frame_1184.png
1184,21367,0x1880,$02:9166,C8,-9.129,196.0,False,frame_1184.png
1184,21367,0x18C0,$02:9274,E0,-10.0,188.0,False,frame_1184.png
1184,21367,0x1900,$02:9166,C8,74.312,184.0,True,frame_1184.png
1184,21367,0x1940,$02:9274,E0,74.0,176.0,True,frame_1184.png
1184,21367,0x1980,$02:A78D,9A,241.539,80.68,True,frame_1184.png
1184,21367,0x19C0,$02:B04A,C8,264.812,104.0,False,frame_1184.png
1184,21367,0x1AC0,$04:F97F,CC,122.641,120.359,True,frame_1184.png
1184,21367,0x1B40,$04:F97F,CC,187.195,-23.195,False,frame_1184.png
1184,21367,0x1B80,$04:F97F,CC,162.766,65.234,True,frame_1184.png
1184,21367,0x1BC0,$04:F97F,CC,199.859,-0.859,False,frame_1184.png
1184,21367,0x1C00,$04:F97F,CC,255.0,86.773,True,frame_1184.png
1184,21367,0x1C40,$04:F97F,CC,244.516,28.484,True,frame_1184.png
1184,21367,0x1C80,$04:F97F,CC,176.727,85.273,True,frame_1184.png
1186,21369,0x1000,$04:DF96,C8,239.5,48.0,True,frame_1186.png
1186,21369,0x16C0,$02:B04A,C8,135.438,173.129,True,frame_1186.png
1186,21369,0x1700,$02:93DD,D8,240.0,156.0,True,frame_1186.png
1186,21369,0x1740,$02:B04A,C8,164.188,104.0,True,frame_1186.png
1186,21369,0x1780,$02:B04A,C8,171.375,147.543,True,frame_1186.png
1186,21369,0x17C0,$02:93CD,D0,260.0,156.0,False,frame_1186.png
1186,21369,0x1800,$02:9166,C8,-27.129,184.0,False,frame_1186.png
1186,21369,0x1840,$02:9274,E0,-28.0,176.0,False,frame_1186.png
1186,21369,0x1880,$02:9166,C8,-11.129,196.0,False,frame_1186.png
1186,21369,0x18C0,$02:9274,E0,-12.0,188.0,False,frame_1186.png
1186,21369,0x1900,$02:9166,C8,74.938,184.0,True,frame_1186.png
1186,21369,0x1940,$02:9274,E0,74.0,176.0,True,frame_1186.png
1186,21369,0x1980,$02:A78D,9A,240.539,80.68,True,frame_1186.png
1186,21369,0x19C0,$02:B04A,C8,261.219,104.0,False,frame_1186.png
1186,21369,0x1AC0,$04:F97F,CC,124.938,118.062,True,frame_1186.png
1186,21369,0x1B40,$04:F97F,CC,189.492,-25.492,False,frame_1186.png
1186,21369,0x1B80,$04:F97F,CC,165.062,62.938,True,frame_1186.png
1186,21369,0x1BC0,$04:F97F,CC,202.156,-3.156,False,frame_1186.png
1186,21369,0x1C00,$04:F97F,CC,258.0,85.531,False,frame_1186.png
1186,21369,0x1C40,$04:F97F,CC,246.812,26.188,True,frame_1186.png
1186,21369,0x1C80,$04:F97F,CC,179.023,82.977,True,frame_1186.png
1188,21371,0x1000,$04:DF96,C8,239.5,48.0,True,frame_1188.png
1188,21371,0x16C0,$02:B04A,C8,131.844,174.227,True,frame_1188.png
1188,21371,0x1700,$02:93DD,D8,239.0,156.0,True,frame_1188.png
1188,21371,0x1740,$02:B04A,C8,160.594,104.0,True,frame_1188.png
1188,21371,0x1780,$02:B04A,C8,167.781,151.297,True,frame_1188.png
1188,21371,0x17C0,$02:93CD,D0,259.0,156.0,False,frame_1188.png
1188,21371,0x1800,$02:9166,C8,-29.129,184.0,False,frame_1188.png
1188,21371,0x1840,$02:9274,E0,-30.0,176.0,False,frame_1188.png
1188,21371,0x1880,$02:9166,C8,-13.129,196.0,False,frame_1188.png
1188,21371,0x18C0,$02:9274,E0,-14.0,188.0,False,frame_1188.png
1188,21371,0x1900,$02:9166,C8,75.562,184.0,True,frame_1188.png
1188,21371,0x1940,$02:9274,E0,75.0,176.0,True,frame_1188.png
1188,21371,0x1980,$02:A78D,9A,239.539,80.68,True,frame_1188.png
1188,21371,0x19C0,$02:B04A,C8,257.625,104.0,False,frame_1188.png
1188,21371,0x1AC0,$04:F97F,CC,127.234,115.766,True,frame_1188.png
1188,21371,0x1B40,$04:F97F,CC,191.789,-27.789,False,frame_1188.png
1188,21371,0x1B80,$04:F97F,CC,167.359,60.641,True,frame_1188.png
1188,21371,0x1BC0,$04:F97F,CC,204.453,-5.453,False,frame_1188.png
1188,21371,0x1C00,$04:F97F,CC,261.0,84.289,False,frame_1188.png
1188,21371,0x1C40,$04:F97F,CC,249.109,23.891,True,frame_1188.png
1188,21371,0x1C80,$04:F97F,CC,181.32,80.68,True,frame_1188.png
1190,21373,0x1000,$04:DF96,C8,239.5,53.0,True,frame_1190.png
1190,21373,0x16C0,$02:B04A,C8,128.25,175.059,True,frame_1190.png
1190,21373,0x1700,$02:93DD,D8,238.0,156.0,True,frame_1190.png
1190,21373,0x1740,$02:B04A,C8,157.293,103.73,True,frame_1190.png
1190,21373,0x1780,$02:B04A,C8,164.188,154.785,True,frame_1190.png
1190,21373,0x17C0,$02:93CD,D0,258.0,156.0,False,frame_1190.png
1190,21373,0x1800,$02:9166,C8,-31.129,184.0,False,frame_1190.png
1190,21373,0x1840,$02:9274,E0,-32.0,176.0,False,frame_1190.png
1190,21373,0x1880,$02:9166,C8,-15.129,196.0,False,frame_1190.png
1190,21373,0x18C0,$02:9274,E0,-16.0,188.0,False,frame_1190.png
1190,21373,0x1900,$02:9166,C8,76.188,184.0,True,frame_1190.png
1190,21373,0x1940,$02:9274,E0,76.0,176.0,True,frame_1190.png
1190,21373,0x1980,$02:A78D,9A,238.539,80.68,True,frame_1190.png
1190,21373,0x19C0,$02:B04A,C8,254.031,104.0,True,frame_1190.png
1190,21373,0x1A00,$02:B04A,88,272.0,64.0,False,frame_1190.png
1190,21373,0x1AC0,$04:F97F,CC,129.531,113.469,True,frame_1190.png
1190,21373,0x1B40,$04:F97F,CC,194.086,-30.086,False,frame_1190.png
1190,21373,0x1B80,$04:F97F,CC,169.656,58.344,True,frame_1190.png
1190,21373,0x1BC0,$04:F97F,CC,206.75,-7.75,False,frame_1190.png
1190,21373,0x1C00,$04:F97F,CC,264.0,83.047,False,frame_1190.png
1190,21373,0x1C40,$04:F97F,CC,251.406,21.594,True,frame_1190.png
1190,21373,0x1C80,$04:F97F,CC,183.617,78.383,True,frame_1190.png
1192,21375,0x1000,$04:DF96,C8,239.5,58.0,True,frame_1192.png
1192,21375,0x16C0,$02:B04A,C8,124.656,175.625,True,frame_1192.png
1192,21375,0x1700,$02:93DD,D8,237.0,156.0,True,frame_1192.png
1192,21375,0x1740,$02:B04A,C8,154.383,103.102,True,frame_1192.png
1192,21375,0x1780,$02:B04A,C8,160.594,158.008,True,frame_1192.png
1192,21375,0x17C0,$02:93CD,D0,257.0,156.0,False,frame_1192.png
1192,21375,0x1880,$02:9166,C8,-17.129,196.0,False,frame_1192.png
1192,21375,0x18C0,$02:9274,E0,-18.0,188.0,False,frame_1192.png
1192,21375,0x1900,$02:9166,C8,76.812,184.0,True,frame_1192.png
1192,21375,0x1940,$02:9274,E0,76.0,176.0,True,frame_1192.png
1192,21375,0x1980,$02:A78D,9A,237.539,80.68,True,frame_1192.png
1192,21375,0x19C0,$02:B04A,C8,250.438,104.0,True,frame_1192.png
1192,21375,0x1A00,$02:B04A,C8,268.406,64.0,False,frame_1192.png
1192,21375,0x1AC0,$04:F97F,CC,131.828,111.172,True,frame_1192.png
1192,21375,0x1B00,$04:F97F,CC,230.0,143.0,True,frame_1192.png
1192,21375,0x1B40,$04:F97F,CC,196.383,-32.383,False,frame_1192.png
1192,21375,0x1B80,$04:F97F,CC,171.953,56.047,True,frame_1192.png
1192,21375,0x1BC0,$04:F97F,CC,209.047,-10.047,False,frame_1192.png
1192,21375,0x1C00,$04:F97F,CC,267.0,81.805,False,frame_1192.png
1192,21375,0x1C40,$04:F97F,CC,253.703,19.297,True,frame_1192.png
1192,21375,0x1C80,$04:F97F,CC,185.914,76.086,True,frame_1192.png
1194,21377,0x1000,$04:DF96,C8,239.5,63.0,True,frame_1194.png
1194,21377,0x1080,$04:E6AF,C8,245.0,63.0,True,frame_1194.png
1194,21377,0x16C0,$02:B04A,C8,121.062,175.926,True,frame_1194.png
1194,21377,0x1700,$02:93DD,D8,236.0,156.0,True,frame_1194.png
1194,21377,0x1740,$02:B04A,C8,151.863,102.113,True,frame_1194.png
1194,21377,0x1780,$02:B04A,C8,157.0,160.965,True,frame_1194.png
1194,21377,0x17C0,$02:93CD,D0,256.0,156.0,False,frame_1194.png
1194,21377,0x1880,$02:9166,C8,-19.129,196.0,False,frame_1194.png
1194,21377,0x18C0,$02:9274,E0,-20.0,188.0,False,frame_1194.png
1194,21377,0x1900,$02:9166,C8,77.438,184.0,True,frame_1194.png
1194,21377,0x1940,$02:9274,E0,77.0,176.0,True,frame_1194.png
1194,21377,0x1980,$02:A78D,9A,236.539,80.68,True,frame_1194.png
1194,21377,0x19C0,$02:B04A,C8,246.844,104.0,True,frame_1194.png
1194,21377,0x1A00,$02:B04A,C8,264.812,64.0,False,frame_1194.png
1194,21377,0x1AC0,$04:F97F,CC,134.125,108.875,True,frame_1194.png
1194,21377,0x1B00,$04:F97F,CC,228.758,140.0,True,frame_1194.png
1194,21377,0x1B40,$04:F97F,CC,198.68,-34.68,False,frame_1194.png
1194,21377,0x1B80,$04:F97F,CC,174.25,53.75,True,frame_1194.png
1194,21377,0x1BC0,$04:F97F,CC,211.344,-12.344,False,frame_1194.png
1194,21377,0x1C00,$04:F97F,CC,270.0,80.562,False,frame_1194.png
1194,21377,0x1C40,$04:F97F,CC,256.0,17.0,False,frame_1194.png
1194,21377,0x1C80,$04:F97F,CC,188.211,73.789,True,frame_1194.png
1196,21379,0x1000,$04:DF96,C8,239.5,68.0,True,frame_1196.png
1196,21379,0x16C0,$02:B04A,C8,117.469,175.961,True,frame_1196.png
1196,21379,0x1700,$02:93DD,D8,235.0,156.0,True,frame_1196.png
1196,21379,0x1740,$02:B04A,C8,149.734,100.766,True,frame_1196.png
1196,21379,0x1780,$02:B04A,C8,153.406,163.656,True,frame_1196.png
1196,21379,0x17C0,$02:93CD,D0,255.0,156.0,True,frame_1196.png
1196,21379,0x1880,$02:9166,C8,-21.129,196.0,False,frame_1196.png
1196,21379,0x18C0,$02:9274,E0,-22.0,188.0,False,frame_1196.png
1196,21379,0x1900,$02:9166,C8,78.062,184.0,True,frame_1196.png
1196,21379,0x1940,$02:9274,E0,78.0,176.0,True,frame_1196.png
1196,21379,0x1980,$02:A78D,9A,235.539,80.68,True,frame_1196.png
1196,21379,0x19C0,$02:B04A,C8,243.25,104.0,True,frame_1196.png
1196,21379,0x1A00,$02:B04A,C8,261.219,64.0,False,frame_1196.png
1196,21379,0x1AC0,$04:F97F,CC,136.422,106.578,True,frame_1196.png
1196,21379,0x1B00,$04:F97F,CC,227.516,137.0,True,frame_1196.png
1196,21379,0x1B80,$04:F97F,CC,176.547,51.453,True,frame_1196.png
1196,21379,0x1BC0,$04:F97F,CC,213.641,-14.641,False,frame_1196.png
1196,21379,0x1C00,$04:F97F,CC,273.0,79.32,False,frame_1196.png
1196,21379,0x1C40,$04:F97F,CC,258.297,14.703,False,frame_1196.png
1196,21379,0x1C80,$04:F97F,CC,190.508,71.492,True,frame_1196.png
1198,21381,0x1000,$04:DF96,C8,239.5,73.0,True,frame_1198.png
1198,21381,0x16C0,$02:B04A,C8,113.875,175.73,True,frame_1198.png
1198,21381,0x1700,$02:93DD,D8,234.0,156.0,True,frame_1198.png
1198,21381,0x1740,$02:B04A,C8,147.996,99.059,True,frame_1198.png
1198,21381,0x1780,$02:B04A,C8,149.812,166.082,True,frame_1198.png
1198,21381,0x17C0,$02:93CD,D0,254.0,156.0,True,frame_1198.png
1198,21381,0x1880,$02:9166,C8,-23.129,196.0,False,frame_1198.png
1198,21381,0x18C0,$02:9274,E0,-24.0,188.0,False,frame_1198.png
1198,21381,0x1900,$02:9166,C8,78.688,184.0,True,frame_1198.png
1198,21381,0x1940,$02:9274,E0,78.0,176.0,True,frame_1198.png
1198,21381,0x1980,$02:A78D,9A,234.539,80.68,True,frame_1198.png
1198,21381,0x19C0,$02:B04A,C8,239.656,104.0,True,frame_1198.png
1198,21381,0x1A00,$02:B04A,C8,257.625,64.0,False,frame_1198.png
1198,21381,0x1AC0,$04:F97F,CC,138.719,104.281,True,frame_1198.png
1198,21381,0x1B00,$04:F97F,CC,226.273,134.0,True,frame_1198.png
1198,21381,0x1B80,$04:F97F,CC,178.844,49.156,True,frame_1198.png
1198,21381,0x1BC0,$04:F97F,CC,215.938,-16.938,False,frame_1198.png
1198,21381,0x1C00,$04:F97F,CC,276.0,78.078,False,frame_1198.png
1198,21381,0x1C40,$04:F97F,CC,260.594,12.406,False,frame_1198.png
1198,21381,0x1C80,$04:F97F,CC,192.805,69.195,True,frame_1198.png
1200,21383,0x1000,$04:DF96,80,239.5,78.0,True,frame_1200.png
1200,21383,0x1040,$04:F8A1,C0,239.0,78.0,True,frame_1200.png
1200,21383,0x16C0,$02:B04A,C8,110.281,175.516,True,frame_1200.png
1200,21383,0x1700,$02:93DD,D8,233.0,156.0,True,frame_1200.png
1200,21383,0x1740,$02:B04A,C8,146.648,96.992,True,frame_1200.png
1200,21383,0x1780,$02:B04A,C8,146.219,168.242,True,frame_1200.png
1200,21383,0x17C0,$02:93CD,D0,253.0,156.0,True,frame_1200.png
1200,21383,0x1880,$02:9166,C8,-25.129,196.0,False,frame_1200.png
1200,21383,0x18C0,$02:9274,E0,-26.0,188.0,False,frame_1200.png
1200,21383,0x1900,$02:9166,C8,79.312,184.0,True,frame_1200.png
1200,21383,0x1940,$02:9274,E0,79.0,176.0,True,frame_1200.png
1200,21383,0x1980,$02:A78D,9A,233.539,80.68,True,frame_1200.png
1200,21383,0x19C0,$02:B04A,C8,236.062,104.0,True,frame_1200.png
1200,21383,0x1A00,$04:FCC0,D0,257.625,64.0,False,frame_1200.png
1200,21383,0x1AC0,$04:F97F,CC,141.016,101.984,True,frame_1200.png
1200,21383,0x1B00,$04:F97F,CC,225.031,131.0,True,frame_1200.png
1200,21383,0x1B80,$04:F97F,CC,181.141,46.859,True,frame_1200.png
1200,21383,0x1BC0,$04:F97F,CC,218.234,-19.234,False,frame_1200.png
1200,21383,0x1C00,$04:F97F,CC,279.0,76.836,False,frame_1200.png
1200,21383,0x1C40,$04:F97F,CC,262.891,10.109,False,frame_1200.png
1200,21383,0x1C80,$04:F97F,CC,195.102,66.898,True,frame_1200.png
1202,21385,0x1000,$04:DF96,C0,239.5,83.0,True,frame_1202.png
1202,21385,0x1040,$04:F8A1,C0,239.0,83.0,True,frame_1202.png
1202,21385,0x16C0,$02:B04A,C8,106.688,175.516,True,frame_1202.png
1202,21385,0x1700,$02:93DD,D8,232.0,156.0,True,frame_1202.png
1202,21385,0x1740,$02:B04A,C8,145.691,94.566,True,frame_1202.png
1202,21385,0x1780,$02:B04A,C8,142.625,170.137,True,frame_1202.png
1202,21385,0x17C0,$02:93DD,D8,252.0,156.0,True,frame_1202.png
1202,21385,0x1880,$02:9166,C8,-27.129,196.0,False,frame_1202.png
1202,21385,0x18C0,$02:9274,E0,-28.0,188.0,False,frame_1202.png
1202,21385,0x1900,$02:9166,C8,79.938,184.0,True,frame_1202.png
1202,21385,0x1940,$02:9274,E0,79.0,176.0,True,frame_1202.png
1202,21385,0x1980,$02:A78D,9A,232.539,80.68,True,frame_1202.png
1202,21385,0x19C0,$02:B04A,C8,232.469,104.0,True,frame_1202.png
1202,21385,0x1A00,$04:FCC0,D0,256.625,64.0,False,frame_1202.png
1202,21385,0x1AC0,$04:F97F,CC,143.312,99.688,True,frame_1202.png
1202,21385,0x1B00,$04:F97F,CC,223.789,128.0,True,frame_1202.png
1202,21385,0x1B80,$04:F97F,CC,183.438,44.562,True,frame_1202.png
1202,21385,0x1BC0,$04:F97F,CC,220.531,-21.531,False,frame_1202.png
1202,21385,0x1C00,$04:F97F,CC,282.0,75.594,False,frame_1202.png
1202,21385,0x1C40,$04:F97F,CC,265.188,7.812,False,frame_1202.png
1202,21385,0x1C80,$04:F97F,CC,197.398,64.602,True,frame_1202.png
1204,21387,0x1000,$04:DF96,80,239.5,88.0,True,frame_1204.png
1204,21387,0x1040,$04:F8A1,C0,239.0,88.0,True,frame_1204.png
1204,21387,0x1080,$04:E6AF,C8,245.0,88.0,True,frame_1204.png
1204,21387,0x16C0,$02:B04A,C8,103.094,175.516,True,frame_1204.png
1204,21387,0x1700,$02:93DD,D8,231.0,156.0,True,frame_1204.png
1204,21387,0x1740,$02:B04A,C8,145.125,91.781,True,frame_1204.png
1204,21387,0x1780,$02:B04A,C8,139.031,171.766,True,frame_1204.png
1204,21387,0x17C0,$02:93DD,D8,251.0,156.0,True,frame_1204.png
1204,21387,0x1880,$02:9166,C8,-29.129,196.0,False,frame_1204.png
1204,21387,0x18C0,$02:9274,E0,-30.0,188.0,False,frame_1204.png
1204,21387,0x1900,$02:9166,C8,80.562,184.0,True,frame_1204.png
1204,21387,0x1940,$02:9274,E0,80.0,176.0,True,frame_1204.png
1204,21387,0x1980,$02:A78D,9A,231.539,80.68,True,frame_1204.png
1204,21387,0x19C0,$02:B04A,C8,228.875,104.0,True,frame_1204.png
1204,21387,0x1A00,$04:FCC0,D0,255.625,64.0,True,frame_1204.png
1204,21387,0x1AC0,$04:F97F,CC,145.609,97.391,True,frame_1204.png
1204,21387,0x1B00,$04:F97F,CC,222.547,125.0,True,frame_1204.png
1204,21387,0x1B80,$04:F97F,CC,185.734,42.266,True,frame_1204.png
1204,21387,0x1BC0,$04:F97F,CC,222.828,-23.828,False,frame_1204.png
1204,21387,0x1C00,$04:F97F,CC,285.0,74.352,False,frame_1204.png
1204,21387,0x1C40,$04:F97F,CC,267.484,5.516,False,frame_1204.png
1204,21387,0x1C80,$04:F97F,CC,199.695,62.305,True,frame_1204.png
1206,21389,0x1000,$04:DF96,C0,239.5,93.0,True,frame_1206.png
1206,21389,0x1040,$04:F8A1,C0,239.0,93.0,True,frame_1206.png
1206,21389,0x16C0,$02:B04A,C8,99.5,175.516,True,frame_1206.png
1206,21389,0x1700,$02:93DD,D8,230.0,156.0,True,frame_1206.png
1206,21389,0x1740,$02:B04A,C8,144.949,88.637,True,frame_1206.png
1206,21389,0x1780,$02:B04A,C8,135.438,173.129,True,frame_1206.png
1206,21389,0x17C0,$02:93DD,D8,250.0,156.0,True,frame_1206.png
1206,21389,0x1880,$02:9166,C8,-31.129,196.0,False,frame_1206.png
1206,21389,0x18C0,$02:9274,E0,-32.0,188.0,False,frame_1206.png
1206,21389,0x1900,$02:9166,C8,81.188,184.0,True,frame_1206.png
1206,21389,0x1940,$02:9274,E0,81.0,176.0,True,frame_1206.png
1206,21389,0x1980,$02:A78D,9A,230.539,80.68,True,frame_1206.png
1206,21389,0x19C0,$02:B04A,C8,225.281,104.0,True,frame_1206.png
1206,21389,0x1A00,$04:FCC0,D0,254.625,64.0,True,frame_1206.png
1206,21389,0x1AC0,$04:F97F,CC,147.906,95.094,True,frame_1206.png
1206,21389,0x1B00,$04:F97F,CC,221.305,122.0,True,frame_1206.png
1206,21389,0x1B80,$04:F97F,CC,188.031,39.969,True,frame_1206.png
1206,21389,0x1BC0,$04:F97F,CC,225.125,-26.125,False,frame_1206.png
1206,21389,0x1C00,$04:F97F,CC,288.0,73.109,False,frame_1206.png
1206,21389,0x1C40,$04:F97F,CC,269.781,3.219,False,frame_1206.png
1206,21389,0x1C80,$04:F97F,CC,201.992,60.008,True,frame_1206.png
1208,21391,0x1000,$04:DF96,80,239.5,98.0,True,frame_1208.png
1208,21391,0x1040,$04:F8A1,C0,239.0,98.0,True,frame_1208.png
1208,21391,0x16C0,$02:B04A,C8,95.906,175.516,True,frame_1208.png
1208,21391,0x1700,$02:93DD,D8,229.0,156.0,True,frame_1208.png
1208,21391,0x1740,$02:B04A,C8,145.035,85.613,True,frame_1208.png
1208,21391,0x1780,$02:B04A,C8,131.844,174.227,True,frame_1208.png
1208,21391,0x17C0,$02:93DD,D8,249.0,156.0,True,frame_1208.png
1208,21391,0x1880,$02:9166,C8,-33.129,196.0,False,frame_1208.png
1208,21391,0x18C0,$02:9274,E0,-34.0,188.0,False,frame_1208.png
1208,21391,0x1900,$02:9166,C8,81.812,184.0,True,frame_1208.png
1208,21391,0x1940,$02:9274,E0,81.0,176.0,True,frame_1208.png
1208,21391,0x1980,$02:A78D,9A,229.539,80.68,True,frame_1208.png
1208,21391,0x19C0,$02:B04A,C8,221.688,104.0,True,frame_1208.png
1208,21391,0x1A00,$04:FCC0,D0,253.625,64.0,True,frame_1208.png
1208,21391,0x1AC0,$04:F97F,CC,150.203,92.797,True,frame_1208.png
1208,21391,0x1B00,$04:F97F,CC,220.062,119.0,True,frame_1208.png
1208,21391,0x1B80,$04:F97F,CC,190.328,37.672,True,frame_1208.png
1208,21391,0x1BC0,$04:F97F,CC,227.422,-28.422,False,frame_1208.png
1208,21391,0x1C40,$04:F97F,CC,272.078,0.922,False,frame_1208.png
1208,21391,0x1C80,$04:F97F,CC,204.289,57.711,True,frame_1208.png
1210,21393,0x1000,$04:DF96,C0,239.5,103.0,True,frame_1210.png
1210,21393,0x1040,$04:F8A1,C0,239.0,103.0,True,frame_1210.png
1210,21393,0x16C0,$02:B04A,C8,92.312,175.516,True,frame_1210.png
1210,21393,0x1700,$02:93DD,D8,228.0,156.0,True,frame_1210.png
1210,21393,0x1740,$02:B04A,C8,145.34,82.871,True,frame_1210.png
1210,21393,0x1780,$02:B04A,C8,128.25,175.059,True,frame_1210.png
1210,21393,0x17C0,$02:93DD,D8,248.0,156.0,True,frame_1210.png
1210,21393,0x1900,$02:9166,C8,82.438,184.0,True,frame_1210.png
1210,21393,0x1940,$02:9274,E0,82.0,176.0,True,frame_1210.png
1210,21393,0x1980,$02:A78D,9A,228.539,80.68,True,frame_1210.png
1210,21393,0x19C0,$02:B04A,C8,218.094,104.0,True,frame_1210.png
1210,21393,0x1A00,$04:FCC0,D0,252.625,64.0,True,frame_1210.png
1210,21393,0x1AC0,$04:F97F,CC,152.5,90.5,True,frame_1210.png
1210,21393,0x1B00,$04:F97F,CC,218.82,116.0,True,frame_1210.png
1210,21393,0x1B80,$04:F97F,CC,192.625,35.375,True,frame_1210.png
1210,21393,0x1BC0,$04:F97F,CC,229.719,-30.719,False,frame_1210.png
1210,21393,0x1C40,$04:F97F,CC,274.375,-1.375,False,frame_1210.png
1210,21393,0x1C80,$04:F97F,CC,206.586,55.414,True,frame_1210.png
1212,21395,0x1000,$04:DF96,80,239.5,108.0,True,frame_1212.png
1212,21395,0x1040,$04:F8A1,C0,239.0,108.0,True,frame_1212.png
1212,21395,0x16C0,$02:B04A,C8,88.719,175.516,True,frame_1212.png
1212,21395,0x1700,$02:93DD,D8,227.0,156.0,True,frame_1212.png
1212,21395,0x1740,$02:B04A,C8,145.863,80.41,True,frame_1212.png
1212,21395,0x1780,$02:B04A,C8,124.656,175.625,True,frame_1212.png
1212,21395,0x17C0,$02:93DD,D8,247.0,156.0,True,frame_1212.png
1212,21395,0x1900,$02:9166,C8,83.062,184.0,True,frame_1212.png
1212,21395,0x1940,$02:9274,E0,83.0,176.0,True,frame_1212.png
1212,21395,0x1980,$02:A78D,9A,227.539,80.68,True,frame_1212.png
1212,21395,0x19C0,$02:B04A,C8,214.5,104.0,True,frame_1212.png
1212,21395,0x1A00,$04:FCC0,D0,251.625,64.0,True,frame_1212.png
1212,21395,0x1AC0,$04:F97F,CC,154.797,88.203,True,frame_1212.png
1212,21395,0x1B00,$04:F97F,CC,217.578,113.0,True,frame_1212.png
1212,21395,0x1B80,$04:F97F,CC,194.922,33.078,True,frame_1212.png
1212,21395,0x1BC0,$04:F97F,CC,232.016,-33.016,False,frame_1212.png
1212,21395,0x1C40,$04:F97F,CC,276.672,-3.672,False,frame_1212.png
1212,21395,0x1C80,$04:F97F,CC,208.883,53.117,True,frame_1212.png
1214,21397,0x1000,$04:DF96,C0,239.5,113.0,True,frame_1214.png
1214,21397,0x1040,$04:F8A1,C0,239.0,113.0,True,frame_1214.png
1214,21397,0x16C0,$02:B04A,C8,85.125,175.516,True,frame_1214.png
1214,21397,0x1700,$02:93DD,D8,226.0,156.0,True,frame_1214.png
1214,21397,0x1740,$02:B04A,C8,146.605,78.23,True,frame_1214.png
1214,21397,0x1780,$02:B04A,C8,121.062,175.926,True,frame_1214.png
1214,21397,0x17C0,$02:93DD,D8,246.0,156.0,True,frame_1214.png
1214,21397,0x1900,$02:9166,C8,83.688,184.0,True,frame_1214.png
1214,21397,0x1940,$02:9274,E0,83.0,176.0,True,frame_1214.png
1214,21397,0x1980,$02:A78D,9A,226.539,80.68,True,frame_1214.png
1214,21397,0x19C0,$02:B04A,C8,210.906,104.0,True,frame_1214.png
1214,21397,0x1A00,$04:FCC0,D0,250.625,64.0,True,frame_1214.png
1214,21397,0x1AC0,$04:F97F,CC,157.094,85.906,True,frame_1214.png
1214,21397,0x1B00,$04:F97F,CC,216.336,110.0,True,frame_1214.png
1214,21397,0x1B80,$04:F97F,CC,197.219,30.781,True,frame_1214.png
1214,21397,0x1C40,$04:F97F,CC,278.969,-5.969,False,frame_1214.png
1214,21397,0x1C80,$04:F97F,CC,211.18,50.82,True,frame_1214.png
1216,21399,0x1000,$04:DF96,80,239.5,118.0,True,frame_1216.png
1216,21399,0x1040,$04:F8A1,C0,239.0,118.0,True,frame_1216.png
1216,21399,0x16C0,$02:B04A,C8,81.531,175.516,True,frame_1216.png
1216,21399,0x1700,$02:93DD,D8,225.0,156.0,True,frame_1216.png
1216,21399,0x1740,$02:B04A,C8,147.566,76.332,True,frame_1216.png
1216,21399,0x1780,$02:B04A,C8,117.469,175.961,True,frame_1216.png
1216,21399,0x17C0,$02:93DD,D8,245.0,156.0,True,frame_1216.png
1216,21399,0x1900,$02:9166,C8,84.312,184.0,True,frame_1216.png
1216,21399,0x1940,$02:9274,E0,84.0,176.0,True,frame_1216.png
1216,21399,0x1980,$02:A78D,9A,225.539,80.68,True,frame_1216.png
1216,21399,0x19C0,$02:B04A,C8,207.312,104.0,True,frame_1216.png
1216,21399,0x1A00,$04:FCC0,D0,249.625,64.0,True,frame_1216.png
1216,21399,0x1AC0,$04:F97F,CC,159.391,83.609,True,frame_1216.png
1216,21399,0x1B00,$04:F97F,CC,215.094,107.0,True,frame_1216.png
1216,21399,0x1B80,$04:F97F,CC,199.516,28.484,True,frame_1216.png
1216,21399,0x1C40,$04:F97F,CC,281.266,-8.266,False,frame_1216.png
1216,21399,0x1C80,$04:F97F,CC,213.477,48.523,True,frame_1216.png
1218,21401,0x1000,$04:DF96,C0,239.5,123.0,True,frame_1218.png
1218,21401,0x1040,$04:F8A1,C0,239.0,123.0,True,frame_1218.png
1218,21401,0x1080,$04:E6AF,C8,245.0,123.0,True,frame_1218.png
1218,21401,0x16C0,$02:B04A,C8,77.969,175.281,True,frame_1218.png
1218,21401,0x1700,$02:93DD,D8,224.0,156.0,True,frame_1218.png
1218,21401,0x1740,$02:B04A,C8,148.746,74.715,True,frame_1218.png
1218,21401,0x1780,$02:B04A,C8,113.875,175.73,True,frame_1218.png
1218,21401,0x17C0,$02:93DD,D8,244.0,156.0,True,frame_1218.png
1218,21401,0x1900,$02:9166,C8,84.938,184.0,True,frame_1218.png
1218,21401,0x1940,$02:9274,E0,84.0,176.0,True,frame_1218.png
1218,21401,0x1980,$02:A78D,9A,224.539,80.68,True,frame_1218.png
1218,21401,0x19C0,$02:B04A,C8,203.719,104.0,True,frame_1218.png
1218,21401,0x1A00,$04:FCC0,D0,248.625,64.0,True,frame_1218.png
1218,21401,0x1AC0,$04:F97F,CC,161.688,81.312,True,frame_1218.png
1218,21401,0x1B00,$04:F97F,CC,213.852,104.0,True,frame_1218.png
1218,21401,0x1B80,$04:F97F,CC,201.812,26.188,True,frame_1218.png
1218,21401,0x1C40,$04:F97F,CC,283.562,-10.562,False,frame_1218.png
1218,21401,0x1C80,$04:F97F,CC,215.773,46.227,True,frame_1218.png
1220,21403,0x1000,$04:DF96,80,239.5,123.0,True,frame_1220.png
1220,21403,0x1040,$04:F8A1,C0,239.0,123.0,True,frame_1220.png
1220,21403,0x16C0,$02:B04A,C8,74.531,174.754,True,frame_1220.png
1220,21403,0x1700,$02:93DD,D8,223.0,156.0,True,frame_1220.png
1220,21403,0x1740,$02:B04A,C8,150.145,73.379,True,frame_1220.png
1220,21403,0x1780,$02:B04A,C8,110.281,175.516,True,frame_1220.png
1220,21403,0x17C0,$02:93DD,D8,243.0,156.0,True,frame_1220.png
1220,21403,0x1900,$02:9166,C8,85.562,184.0,True,frame_1220.png
1220,21403,0x1940,$02:9274,E0,85.0,176.0,True,frame_1220.png
1220,21403,0x1980,$02:A78D,9A,223.539,80.68,True,frame_1220.png
1220,21403,0x19C0,$02:B04A,C8,200.125,104.0,True,frame_1220.png
1220,21403,0x1A00,$04:FCC0,D0,247.625,64.0,True,frame_1220.png
1220,21403,0x1AC0,$04:F97F,CC,163.984,79.016,True,frame_1220.png
1220,21403,0x1B00,$04:F97F,CC,212.609,101.0,True,frame_1220.png
1220,21403,0x1B80,$04:F97F,CC,204.109,23.891,True,frame_1220.png
1220,21403,0x1C40,$04:F97F,CC,285.859,-12.859,False,frame_1220.png
1220,21403,0x1C80,$04:F97F,CC,218.07,43.93,True,frame_1220.png
1222,21405,0x1000,$04:DF96,C0,239.5,123.0,True,frame_1222.png
1222,21405,0x1040,$04:F8A1,C0,239.0,123.0,True,frame_1222.png
1222,21405,0x16C0,$02:B04A,C8,71.219,174.148,True,frame_1222.png
1222,21405,0x1700,$02:93DD,D8,222.0,156.0,True,frame_1222.png
1222,21405,0x1740,$02:B04A,C8,151.762,72.324,True,frame_1222.png
1222,21405,0x1780,$02:B04A,C8,106.688,175.516,True,frame_1222.png
1222,21405,0x17C0,$02:93DD,D8,242.0,156.0,True,frame_1222.png
1222,21405,0x1900,$02:9166,C8,86.188,184.0,True,frame_1222.png
1222,21405,0x1940,$02:9274,E0,86.0,176.0,True,frame_1222.png
1222,21405,0x1980,$02:A78D,9A,222.539,80.68,True,frame_1222.png
1222,21405,0x19C0,$02:B04A,C8,196.531,104.0,True,frame_1222.png
1222,21405,0x1A00,$04:FCC0,D0,246.625,64.0,True,frame_1222.png
1222,21405,0x1AC0,$04:F97F,CC,166.281,76.719,True,frame_1222.png
1222,21405,0x1B00,$04:F97F,CC,211.367,98.0,True,frame_1222.png
1222,21405,0x1B80,$04:F97F,CC,206.406,21.594,True,frame_1222.png
1222,21405,0x1C40,$04:F97F,CC,288.156,-15.156,False,frame_1222.png
1222,21405,0x1C80,$04:F97F,CC,220.367,41.633,True,frame_1222.png
1224,21407,0x1000,$04:DF96,80,239.5,123.0,True,frame_1224.png
1224,21407,0x1040,$04:F8BC,C0,239.0,123.0,True,frame_1224.png
1224,21407,0x16C0,$02:B04A,C8,68.031,173.465,True,frame_1224.png
1224,21407,0x1700,$02:93DD,D8,221.0,156.0,True,frame_1224.png
1224,21407,0x1740,$02:B04A,C8,153.598,71.551,True,frame_1224.png
1224,21407,0x1780,$02:B04A,C8,103.094,175.516,True,frame_1224.png
1224,21407,0x17C0,$02:93DD,D8,241.0,156.0,True,frame_1224.png
1224,21407,0x1900,$02:9166,C8,86.812,184.0,True,frame_1224.png
1224,21407,0x1940,$02:9274,E0,86.0,176.0,True,frame_1224.png
1224,21407,0x1980,$02:A78D,9A,221.539,80.68,True,frame_1224.png
1224,21407,0x19C0,$02:B04A,C8,192.938,104.0,True,frame_1224.png
1224,21407,0x1A00,$04:FCC0,D0,245.625,64.0,True,frame_1224.png
1224,21407,0x1AC0,$04:F97F,CC,168.578,74.422,True,frame_1224.png
1224,21407,0x1B00,$04:F97F,CC,210.125,95.0,True,frame_1224.png
1224,21407,0x1B40,$04:F97F,CC,234.0,143.0,True,frame_1224.png
1224,21407,0x1B80,$04:F97F,CC,208.703,19.297,True,frame_1224.png
1224,21407,0x1C80,$04:F97F,CC,222.664,39.336,True,frame_1224.png
1226,21409,0x1000,$04:DF96,C0,239.5,123.0,True,frame_1226.png
1226,21409,0x1040,$04:F8BC,C0,239.0,123.0,True,frame_1226.png
1226,21409,0x16C0,$02:B04A,C8,64.969,172.703,True,frame_1226.png
1226,21409,0x1700,$02:93DD,D8,220.0,156.0,True,frame_1226.png
1226,21409,0x1740,$02:B04A,C8,155.652,71.059,True,frame_1226.png
1226,21409,0x1780,$02:B04A,C8,99.5,175.516,True,frame_1226.png
1226,21409,0x17C0,$02:93DD,D8,240.0,156.0,True,frame_1226.png
1226,21409,0x1900,$02:9166,C8,87.438,184.0,True,frame_1226.png
1226,21409,0x1940,$02:9274,E0,87.0,176.0,True,frame_1226.png
1226,21409,0x1980,$02:A78D,9A,220.539,80.68,True,frame_1226.png
1226,21409,0x19C0,$02:B04A,C8,189.344,104.0,True,frame_1226.png
1226,21409,0x1AC0,$04:F97F,CC,170.875,72.125,True,frame_1226.png
1226,21409,0x1B00,$04:F97F,CC,208.883,92.0,True,frame_1226.png
1226,21409,0x1B40,$04:F97F,CC,232.758,140.0,True,frame_1226.png
1226,21409,0x1B80,$04:F97F,CC,211.0,17.0,True,frame_1226.png
1226,21409,0x1C80,$04:F97F,CC,224.961,37.039,True,frame_1226.png
1228,21411,0x1000,$04:DF96,80,239.5,123.0,True,frame_1228.png
1228,21411,0x1040,$04:F8BC,C0,239.0,123.0,True,frame_1228.png
1228,21411,0x1080,$04:E6AF,C8,245.0,123.0,True,frame_1228.png
1228,21411,0x16C0,$02:B04A,C8,62.031,171.863,True,frame_1228.png
1228,21411,0x1700,$02:93DD,D8,219.0,156.0,True,frame_1228.png
1228,21411,0x1740,$02:B04A,C8,157.926,70.848,True,frame_1228.png
1228,21411,0x1780,$02:B04A,C8,95.906,175.516,True,frame_1228.png
1228,21411,0x17C0,$02:93DD,D8,239.0,156.0,True,frame_1228.png
1228,21411,0x1900,$02:9166,C8,88.062,184.0,True,frame_1228.png
1228,21411,0x1940,$02:9274,E0,88.0,176.0,True,frame_1228.png
1228,21411,0x1980,$02:A78D,9A,219.539,80.68,True,frame_1228.png
1228,21411,0x19C0,$02:B04A,C8,185.75,104.0,True,frame_1228.png
1228,21411,0x1AC0,$04:F97F,CC,173.172,69.828,True,frame_1228.png
1228,21411,0x1B00,$04:F97F,CC,207.641,89.0,True,frame_1228.png
1228,21411,0x1B40,$04:F97F,CC,231.516,137.0,True,frame_1228.png
1228,21411,0x1B80,$04:F97F,CC,213.297,14.703,True,frame_1228.png
1228,21411,0x1C80,$04:F97F,CC,227.258,34.742,True,frame_1228.png
1230,21413,0x1000,$04:DF96,C0,239.5,123.0,True,frame_1230.png
1230,21413,0x1040,$04:F8BC,C0,239.0,123.0,True,frame_1230.png
1230,21413,0x16C0,$02:B04A,C8,59.219,170.945,True,frame_1230.png
1230,21413,0x1700,$02:93DD,D8,218.0,156.0,True,frame_1230.png
1230,21413,0x1740,$02:B04A,C8,160.418,70.918,True,frame_1230.png
1230,21413,0x1780,$02:B04A,C8,92.312,175.516,True,frame_1230.png
1230,21413,0x17C0,$02:93DD,D8,238.0,156.0,True,frame_1230.png
1230,21413,0x1900,$02:9166,C8,88.688,184.0,True,frame_1230.png
1230,21413,0x1940,$02:9274,E0,88.0,176.0,True,frame_1230.png
1230,21413,0x1980,$02:A78D,9A,218.539,80.68,True,frame_1230.png
1230,21413,0x19C0,$02:B04A,C8,182.156,104.0,True,frame_1230.png
1230,21413,0x1AC0,$04:F97F,CC,175.469,67.531,True,frame_1230.png
1230,21413,0x1B00,$04:F97F,CC,206.398,86.0,True,frame_1230.png
1230,21413,0x1B40,$04:F97F,CC,230.273,134.0,True,frame_1230.png
1230,21413,0x1B80,$04:F97F,CC,215.594,12.406,True,frame_1230.png
1230,21413,0x1C80,$04:F97F,CC,229.555,32.445,True,frame_1230.png
1232,21415,0x1000,$04:DF96,80,239.5,123.0,True,frame_1232.png
1232,21415,0x1040,$04:F8BC,C0,239.0,123.0,True,frame_1232.png
1232,21415,0x16C0,$02:B04A,C8,56.531,169.949,True,frame_1232.png
1232,21415,0x1700,$02:93DD,D8,217.0,156.0,True,frame_1232.png
1232,21415,0x1740,$02:B04A,C8,162.965,70.918,True,frame_1232.png
1232,21415,0x1780,$02:B04A,C8,88.719,175.516,True,frame_1232.png
1232,21415,0x17C0,$02:93DD,D8,237.0,156.0,True,frame_1232.png
1232,21415,0x1900,$02:9166,C8,89.312,184.0,True,frame_1232.png
1232,21415,0x1940,$02:9274,E0,89.0,176.0,True,frame_1232.png
1232,21415,0x1980,$02:A78D,9A,217.539,80.68,True,frame_1232.png
1232,21415,0x19C0,$02:B04A,C8,178.562,104.0,True,frame_1232.png
1232,21415,0x1AC0,$04:F97F,CC,177.766,65.234,True,frame_1232.png
1232,21415,0x1B00,$04:F97F,CC,205.156,83.0,True,frame_1232.png
1232,21415,0x1B40,$04:F97F,CC,229.031,131.0,True,frame_1232.png
1232,21415,0x1B80,$04:F97F,CC,217.891,10.109,True,frame_1232.png
1232,21415,0x1C80,$04:F97F,CC,231.852,30.148,True,frame_1232.png
1234,21417,0x1000,$04:DF96,C0,239.5,123.0,True,frame_1234.png
1234,21417,0x1040,$04:F8BC,C0,239.0,123.0,True,frame_1234.png
1234,21417,0x16C0,$02:B04A,C8,53.969,168.875,True,frame_1234.png
1234,21417,0x1700,$02:93DD,D8,216.0,156.0,True,frame_1234.png
1234,21417,0x1740,$02:B04A,C8,165.512,70.918,True,frame_1234.png
1234,21417,0x1780,$02:B04A,C8,85.125,175.516,True,frame_1234.png
1234,21417,0x17C0,$02:93DD,D8,236.0,156.0,True,frame_1234.png
1234,21417,0x1900,$02:9166,C8,89.938,184.0,True,frame_1234.png
1234,21417,0x1940,$02:9274,E0,89.0,176.0,True,frame_1234.png
1234,21417,0x1980,$02:A78D,9A,216.539,80.68,True,frame_1234.png
1234,21417,0x19C0,$02:B04A,C8,174.969,104.0,True,frame_1234.png
1234,21417,0x1AC0,$04:F97F,CC,180.062,62.938,True,frame_1234.png
1234,21417,0x1B00,$04:F97F,CC,203.914,80.0,True,frame_1234.png
1234,21417,0x1B40,$04:F97F,CC,227.789,128.0,True,frame_1234.png
1234,21417,0x1B80,$04:F97F,CC,220.188,7.812,True,frame_1234.png
1234,21417,0x1C80,$04:F97F,CC,234.148,27.852,True,frame_1234.png
1236,21419,0x1000,$04:DF96,80,239.5,123.0,True,frame_1236.png
1236,21419,0x1040,$04:F8BC,C0,239.0,123.0,True,frame_1236.png
1236,21419,0x16C0,$02:B04A,C8,51.531,167.723,True,frame_1236.png
1236,21419,0x1700,$02:93DD,D8,215.0,156.0,True,frame_1236.png
1236,21419,0x1740,$02:B04A,C8,168.059,70.918,True,frame_1236.png
1236,21419,0x1780,$02:B04A,C8,81.531,175.516,True,frame_1236.png
1236,21419,0x17C0,$02:93DD,D8,235.0,156.0,True,frame_1236.png
1236,21419,0x1900,$02:9166,C8,90.562,184.0,True,frame_1236.png
1236,21419,0x1940,$02:9274,E0,90.0,176.0,True,frame_1236.png
1236,21419,0x1980,$02:A78D,9A,215.539,80.68,True,frame_1236.png
1236,21419,0x19C0,$02:B04A,C8,171.375,104.0,True,frame_1236.png
1236,21419,0x1AC0,$04:F97F,CC,182.359,60.641,True,frame_1236.png
1236,21419,0x1B00,$04:F97F,CC,202.672,77.0,True,frame_1236.png
1236,21419,0x1B40,$04:F97F,CC,226.547,125.0,True,frame_1236.png
1236,21419,0x1B80,$04:F97F,CC,222.484,5.516,True,frame_1236.png
1236,21419,0x1C80,$04:F97F,CC,236.445,25.555,True,frame_1236.png
1238,21421,0x1000,$04:DF96,C0,239.5,123.0,True,frame_1238.png
1238,21421,0x1040,$04:F8BC,C0,239.0,123.0,True,frame_1238.png
1238,21421,0x16C0,$02:B04A,C8,49.219,166.492,True,frame_1238.png
1238,21421,0x1700,$02:93DD,D8,214.0,156.0,True,frame_1238.png
1238,21421,0x1740,$02:B04A,C8,170.605,70.918,True,frame_1238.png
1238,21421,0x1780,$02:B04A,C8,77.969,175.281,True,frame_1238.png
1238,21421,0x17C0,$02:93DD,D8,234.0,156.0,True,frame_1238.png
1238,21421,0x1900,$02:9166,C8,91.188,184.0,True,frame_1238.png
1238,21421,0x1940,$02:9274,E0,91.0,176.0,True,frame_1238.png
1238,21421,0x1980,$02:A78D,9A,214.539,80.68,True,frame_1238.png
1238,21421,0x19C0,$02:B04A,C8,167.781,104.0,True,frame_1238.png
1238,21421,0x1AC0,$04:F97F,CC,184.656,58.344,True,frame_1238.png
1238,21421,0x1B00,$04:F97F,CC,201.43,74.0,True,frame_1238.png
1238,21421,0x1B40,$04:F97F,CC,225.305,122.0,True,frame_1238.png
1238,21421,0x1B80,$04:F97F,CC,224.781,3.219,True,frame_1238.png
1238,21421,0x1C80,$04:F97F,CC,238.742,23.258,True,frame_1238.png
1240,21423,0x1000,$04:DF96,80,239.5,123.0,True,frame_1240.png
1240,21423,0x1040,$04:F8BC,C0,239.0,123.0,True,frame_1240.png
1240,21423,0x16C0,$02:B04A,C8,47.031,165.184,True,frame_1240.png
1240,21423,0x1700,$02:93DD,D8,213.0,156.0,True,frame_1240.png
1240,21423,0x1740,$02:B04A,C8,173.152,70.918,True,frame_1240.png
1240,21423,0x1780,$02:B04A,C8,74.531,174.754,True,frame_1240.png
1240,21423,0x17C0,$02:93DD,D8,233.0,156.0,True,frame_1240.png
1240,21423,0x1900,$02:9166,C8,91.812,184.0,True,frame_1240.png
1240,21423,0x1940,$02:9274,E0,91.0,176.0,True,frame_1240.png
1240,21423,0x1980,$02:A78D,9A,213.539,80.68,True,frame_1240.png
1240,21423,0x19C0,$02:B04A,C8,164.188,104.0,True,frame_1240.png
1240,21423,0x1AC0,$04:F97F,CC,186.953,56.047,True,frame_1240.png
1240,21423,0x1B00,$04:F97F,CC,200.188,71.0,True,frame_1240.png
1240,21423,0x1B40,$04:F97F,CC,224.062,119.0,True,frame_1240.png
1240,21423,0x1B80,$04:F97F,CC,227.078,0.922,True,frame_1240.png
1240,21423,0x1C80,$04:F97F,CC,241.039,20.961,True,frame_1240.png
1242,21425,0x1000,$04:DF96,C0,239.5,123.0,True,frame_1242.png
1242,21425,0x1040,$04:F8BC,C0,239.0,123.0,True,frame_1242.png
1242,21425,0x1080,$04:E6AF,C8,245.0,123.0,True,frame_1242.png
1242,21425,0x16C0,$02:B04A,C8,44.969,163.797,True,frame_1242.png
1242,21425,0x1700,$02:93DD,D8,212.0,156.0,True,frame_1242.png
1242,21425,0x1740,$02:B04A,C8,175.699,70.918,True,frame_1242.png
1242,21425,0x1780,$02:B04A,C8,71.219,174.148,True,frame_1242.png
1242,21425,0x17C0,$02:93DD,D8,232.0,156.0,True,frame_1242.png
1242,21425,0x1900,$02:9166,C8,92.438,184.0,True,frame_1242.png
1242,21425,0x1940,$02:9274,E0,92.0,176.0,True,frame_1242.png
1242,21425,0x1980,$02:A78D,9A,212.539,80.68,True,frame_1242.png
1242,21425,0x19C0,$02:B04A,C8,160.594,104.0,True,frame_1242.png
1242,21425,0x1AC0,$04:F97F,CC,189.25,53.75,True,frame_1242.png
1242,21425,0x1B00,$04:F97F,CC,198.945,68.0,True,frame_1242.png
1242,21425,0x1B40,$04:F97F,CC,222.82,116.0,True,frame_1242.png
1242,21425,0x1B80,$04:F97F,CC,229.375,-1.375,False,frame_1242.png
1242,21425,0x1C80,$04:F97F,CC,243.336,18.664,True,frame_1242.png
1244,21427,0x1000,$04:DF96,80,239.5,123.0,True,frame_1244.png
1244,21427,0x1040,$04:F8BC,C0,239.0,123.0,True,frame_1244.png
1244,21427,0x16C0,$02:B04A,C8,43.031,162.332,True,frame_1244.png
1244,21427,0x1700,$02:93DD,D8,211.0,156.0,True,frame_1244.png
1244,21427,0x1740,$02:B04A,C8,178.246,70.918,True,frame_1244.png
1244,21427,0x1780,$02:B04A,C8,68.031,173.465,True,frame_1244.png
1244,21427,0x17C0,$02:93DD,D8,231.0,156.0,True,frame_1244.png
1244,21427,0x1900,$02:9166,C8,93.062,184.0,True,frame_1244.png
1244,21427,0x1940,$02:9274,E0,93.0,176.0,True,frame_1244.png
1244,21427,0x1980,$02:A78D,9A,211.539,80.68,True,frame_1244.png
1244,21427,0x19C0,$02:B04A,C8,157.293,103.73,True,frame_1244.png
1244,21427,0x1AC0,$04:F97F,CC,191.547,51.453,True,frame_1244.png
1244,21427,0x1B00,$04:F97F,CC,197.703,65.0,True,frame_1244.png
1244,21427,0x1B40,$04:F97F,CC,221.578,113.0,True,frame_1244.png
1244,21427,0x1B80,$04:F97F,CC,231.672,-3.672,False,frame_1244.png
1244,21427,0x1C80,$04:F97F,CC,245.633,16.367,True,frame_1244.png
1246,21429,0x1000,$04:DF96,C0,239.5,123.0,True,frame_1246.png
1246,21429,0x1040,$04:F8BC,C0,239.0,123.0,True,frame_1246.png
1246,21429,0x16C0,$02:B04A,C8,41.219,160.789,True,frame_1246.png
1246,21429,0x1700,$02:93DD,D8,210.0,156.0,True,frame_1246.png
1246,21429,0x1740,$02:B04A,C8,180.793,70.918,True,frame_1246.png
1246,21429,0x1780,$02:B04A,C8,64.969,172.703,True,frame_1246.png
1246,21429,0x17C0,$02:93DD,D8,230.0,156.0,True,frame_1246.png
1246,21429,0x1900,$02:9166,C8,93.688,184.0,True,frame_1246.png
1246,21429,0x1940,$02:9274,E0,93.0,176.0,True,frame_1246.png
1246,21429,0x1980,$02:A78D,9A,210.539,80.68,True,frame_1246.png
1246,21429,0x19C0,$02:B04A,C8,154.383,103.102,True,frame_1246.png
1246,21429,0x1AC0,$04:F97F,CC,193.844,49.156,True,frame_1246.png
1246,21429,0x1B00,$04:F97F,CC,196.461,62.0,True,frame_1246.png
1246,21429,0x1B40,$04:F97F,CC,220.336,110.0,True,frame_1246.png
1246,21429,0x1B80,$04:F97F,CC,233.969,-5.969,False,frame_1246.png
1246,21429,0x1C80,$04:F97F,CC,247.93,14.07,True,frame_1246.png
1248,21431,0x1000,$04:DF96,80,239.5,123.0,True,frame_1248.png
1248,21431,0x1040,$04:F8BC,C0,239.0,123.0,True,frame_1248.png
1248,21431,0x16C0,$02:B04A,C8,39.531,159.168,True,frame_1248.png
1248,21431,0x1700,$02:93DD,D8,209.0,156.0,True,frame_1248.png
1248,21431,0x1740,$02:B04A,C8,183.34,70.918,True,frame_1248.png
1248,21431,0x1780,$02:B04A,C8,62.031,171.863,True,frame_1248.png
1248,21431,0x17C0,$02:93DD,D8,229.0,156.0,True,frame_1248.png
1248,21431,0x1900,$02:9166,C8,94.312,184.0,True,frame_1248.png
1248,21431,0x1940,$02:9274,E0,94.0,176.0,True,frame_1248.png
1248,21431,0x1980,$02:A78D,9A,209.539,80.68,True,frame_1248.png
1248,21431,0x19C0,$02:B04A,C8,151.863,102.113,True,frame_1248.png
1248,21431,0x1AC0,$04:F97F,CC,196.141,46.859,True,frame_1248.png
1248,21431,0x1B00,$04:F97F,CC,195.219,59.0,True,frame_1248.png
1248,21431,0x1B40,$04:F97F,CC,219.094,107.0,True,frame_1248.png
1248,21431,0x1B80,$04:F97F,CC,236.266,-8.266,False,frame_1248.png
1248,21431,0x1C80,$04:F97F,CC,250.227,11.773,True,frame_1248.png
1250,21433,0x1000,$04:DF96,C0,234.5,123.0,True,frame_1250.png
1250,21433,0x1040,$04:F8BC,C0,234.0,123.0,True,frame_1250.png
1250,21433,0x16C0,$02:B04A,C8,37.969,157.469,True,frame_1250.png
1250,21433,0x1700,$02:93DD,D8,208.0,156.0,True,frame_1250.png
1250,21433,0x1740,$02:B04A,C8,185.887,70.918,True,frame_1250.png
1250,21433,0x1780,$02:B04A,C8,59.219,170.945,True,frame_1250.png
1250,21433,0x17C0,$02:93DD,D8,228.0,156.0,True,frame_1250.png
1250,21433,0x1800,$02:AFA5,80,-33.129,184.0,False,frame_1250.png
1250,21433,0x1900,$02:9166,C8,94.938,184.0,True,frame_1250.png
1250,21433,0x1940,$02:9274,E0,94.0,176.0,True,frame_1250.png
1250,21433,0x1980,$02:A78D,9A,208.539,80.68,True,frame_1250.png
1250,21433,0x19C0,$02:B04A,C8,149.734,100.766,True,frame_1250.png
1250,21433,0x1AC0,$04:F97F,CC,198.438,44.562,True,frame_1250.png
1250,21433,0x1B00,$04:F97F,CC,193.977,56.0,True,frame_1250.png
1250,21433,0x1B40,$04:F97F,CC,217.852,104.0,True,frame_1250.png
1250,21433,0x1B80,$04:F97F,CC,238.562,-10.562,False,frame_1250.png
1250,21433,0x1C80,$04:F97F,CC,252.523,9.477,True,frame_1250.png
1252,21435,0x1000,$04:DF96,80,229.5,123.0,True,frame_1252.png
1252,21435,0x1040,$04:F8BC,C0,229.0,123.0,True,frame_1252.png
1252,21435,0x1080,$04:E6AF,C8,235.0,123.0,True,frame_1252.png
1252,21435,0x16C0,$02:B04A,C8,36.531,155.691,True,frame_1252.png
1252,21435,0x1700,$02:93DD,D8,207.0,156.0,True,frame_1252.png
1252,21435,0x1740,$02:B04A,C8,188.434,70.918,True,frame_1252.png
1252,21435,0x1780,$02:B04A,C8,56.531,169.949,True,frame_1252.png
1252,21435,0x17C0,$02:93DD,D8,227.0,156.0,True,frame_1252.png
1252,21435,0x1800,$02:AFA5,80,-33.129,184.0,False,frame_1252.png
1252,21435,0x1840,$02:B04A,C8,270.5,160.0,False,frame_1252.png
1252,21435,0x1900,$02:9166,C8,95.562,184.0,True,frame_1252.png
1252,21435,0x1940,$02:9274,E0,95.0,176.0,True,frame_1252.png
1252,21435,0x1980,$02:A78D,9A,207.539,80.68,True,frame_1252.png
1252,21435,0x19C0,$02:B04A,C8,147.996,99.059,True,frame_1252.png
1252,21435,0x1AC0,$04:F97F,CC,200.734,42.266,True,frame_1252.png
1252,21435,0x1B00,$04:F97F,CC,192.734,53.0,True,frame_1252.png
1252,21435,0x1B40,$04:F97F,CC,216.609,101.0,True,frame_1252.png
1252,21435,0x1B80,$04:F97F,CC,240.859,-12.859,False,frame_1252.png
1252,21435,0x1C80,$04:F97F,CC,254.82,7.18,True,frame_1252.png
1254,21437,0x1000,$04:DF96,C0,224.5,123.0,True,frame_1254.png
1254,21437,0x1040,$04:F8BC,C0,224.0,123.0,True,frame_1254.png
1254,21437,0x16C0,$02:B04A,C8,35.219,153.836,True,frame_1254.png
1254,21437,0x1700,$02:93DD,D8,206.0,156.0,True,frame_1254.png
1254,21437,0x1740,$02:B04A,C8,190.98,70.918,True,frame_1254.png
1254,21437,0x1780,$02:B04A,C8,53.969,168.875,True,frame_1254.png
1254,21437,0x17C0,$02:93DD,D8,226.0,156.0,True,frame_1254.png
1254,21437,0x1800,$02:AFA5,80,-33.129,184.0,False,frame_1254.png
1254,21437,0x1840,$02:B04A,C8,267.5,160.0,False,frame_1254.png
1254,21437,0x1900,$02:9166,C8,96.188,184.0,True,frame_1254.png
1254,21437,0x1940,$02:9274,E0,96.0,176.0,True,frame_1254.png
1254,21437,0x1980,$02:A78D,9A,206.539,80.68,True,frame_1254.png
1254,21437,0x19C0,$02:B04A,C8,146.648,96.992,True,frame_1254.png
1254,21437,0x1AC0,$04:F97F,CC,203.031,39.969,True,frame_1254.png
1254,21437,0x1B00,$04:F97F,CC,191.492,50.0,True,frame_1254.png
1254,21437,0x1B40,$04:F97F,CC,215.367,98.0,True,frame_1254.png
1254,21437,0x1B80,$04:F97F,CC,243.156,-15.156,False,frame_1254.png
1254,21437,0x1C80,$04:F97F,CC,257.117,4.883,False,frame_1254.png
1256,21439,0x1000,$04:DF96,80,219.5,123.0,True,frame_1256.png
1256,21439,0x1040,$04:F8BC,C0,219.0,123.0,True,frame_1256.png
1256,21439,0x16C0,$02:B04A,C8,34.031,151.902,True,frame_1256.png
1256,21439,0x1700,$02:93DD,D8,205.0,156.0,True,frame_1256.png
1256,21439,0x1740,$02:B04A,C8,193.527,70.918,True,frame_1256.png
1256,21439,0x1780,$02:B04A,C8,51.531,167.723,True,frame_1256.png
1256,21439,0x17C0,$02:93DD,D8,225.0,156.0,True,frame_1256.png
1256,21439,0x1800,$02:AFA5,80,-33.129,184.0,False,frame_1256.png
1256,21439,0x1840,$02:B04A,C8,264.5,160.0,False,frame_1256.png
1256,21439,0x1900,$02:9166,C8,96.812,184.0,True,frame_1256.png
1256,21439,0x1940,$02:9274,E0,96.0,176.0,True,frame_1256.png
1256,21439,0x1980,$02:A78D,9A,205.539,80.68,True,frame_1256.png
1256,21439,0x19C0,$02:B04A,C8,145.691,94.566,True,frame_1256.png
1256,21439,0x1AC0,$04:F97F,CC,205.328,37.672,True,frame_1256.png
1256,21439,0x1B00,$04:F97F,CC,190.25,47.0,True,frame_1256.png
1256,21439,0x1B40,$04:F97F,CC,214.125,95.0,True,frame_1256.png
1256,21439,0x1B80,$04:F97F,CC,245.453,-17.453,False,frame_1256.png
1256,21439,0x1C80,$04:F97F,CC,259.414,2.586,False,frame_1256.png
1258,21441,0x1000,$04:DF96,C0,214.5,123.0,True,frame_1258.png
1258,21441,0x1040,$04:F8BC,C0,214.0,123.0,True,frame_1258.png
1258,21441,0x16C0,$02:B04A,C8,32.969,149.891,True,frame_1258.png
1258,21441,0x1700,$02:93DD,D8,204.0,156.0,True,frame_1258.png
1258,21441,0x1740,$02:B04A,C8,195.934,71.328,True,frame_1258.png
1258,21441,0x1780,$02:B04A,C8,49.219,166.492,True,frame_1258.png
1258,21441,0x17C0,$02:93DD,D8,224.0,156.0,True,frame_1258.png
1258,21441,0x1800,$02:AFA5,80,-33.129,184.0,False,frame_1258.png
1258,21441,0x1840,$02:B04A,C8,261.5,160.0,False,frame_1258.png
1258,21441,0x1900,$02:9166,C8,97.438,184.0,True,frame_1258.png
1258,21441,0x1940,$02:9274,E0,97.0,176.0,True,frame_1258.png
1258,21441,0x1980,$02:A78D,9A,204.539,80.68,True,frame_1258.png
1258,21441,0x19C0,$02:B04A,C8,145.125,91.781,True,frame_1258.png
1258,21441,0x1AC0,$04:F97F,CC,207.625,35.375,True,frame_1258.png
1258,21441,0x1B00,$04:F97F,CC,189.008,44.0,True,frame_1258.png
1258,21441,0x1B40,$04:F97F,CC,212.883,92.0,True,frame_1258.png
1258,21441,0x1B80,$04:F97F,CC,247.75,-19.75,False,frame_1258.png
1258,21441,0x1C80,$04:F97F,CC,261.711,0.289,False,frame_1258.png
1260,21443,0x1000,$04:DF96,80,209.5,123.0,True,frame_1260.png
1260,21443,0x1040,$04:F8BC,C0,209.0,123.0,True,frame_1260.png
1260,21443,0x16C0,$02:B04A,C8,32.031,147.801,True,frame_1260.png
1260,21443,0x1700,$02:93DD,D8,203.0,156.0,True,frame_1260.png
1260,21443,0x1740,$02:B04A,C8,198.152,72.098,True,frame_1260.png
1260,21443,0x1780,$02:B04A,C8,47.031,165.184,True,frame_1260.png
1260,21443,0x17C0,$02:93DD,D8,223.0,156.0,True,frame_1260.png
1260,21443,0x1800,$02:AFA5,80,-33.129,184.0,False,frame_1260.png
1260,21443,0x1840,$02:B04A,C8,258.5,160.0,False,frame_1260.png
1260,21443,0x1900,$02:9166,C8,98.062,184.0,True,frame_1260.png
1260,21443,0x1940,$02:9274,E0,98.0,176.0,True,frame_1260.png
1260,21443,0x1980,$02:A78D,9A,203.539,80.68,True,frame_1260.png
1260,21443,0x19C0,$02:B04A,C8,144.949,88.637,True,frame_1260.png
1260,21443,0x1AC0,$04:F97F,CC,209.922,33.078,True,frame_1260.png
1260,21443,0x1B00,$04:F97F,CC,187.766,41.0,True,frame_1260.png
1260,21443,0x1B40,$04:F97F,CC,211.641,89.0,True,frame_1260.png
1260,21443,0x1B80,$04:F97F,CC,250.047,-22.047,False,frame_1260.png
1260,21443,0x1C80,$04:F97F,CC,264.008,-2.008,False,frame_1260.png
1262,21445,0x1000,$04:DF96,C0,204.5,123.0,True,frame_1262.png
1262,21445,0x1040,$04:F8BC,C0,204.0,123.0,True,frame_1262.png
1262,21445,0x16C0,$02:B04A,C8,31.219,145.633,True,frame_1262.png
1262,21445,0x1700,$02:93DD,D8,202.0,156.0,True,frame_1262.png
1262,21445,0x1740,$02:B04A,C8,200.184,73.227,True,frame_1262.png
1262,21445,0x1780,$02:B04A,C8,44.969,163.797,True,frame_1262.png
1262,21445,0x17C0,$02:93DD,D8,222.0,156.0,True,frame_1262.png
1262,21445,0x1800,$02:AFA5,80,-33.129,184.0,False,frame_1262.png
1262,21445,0x1840,$02:B04A,C8,255.754,159.168,True,frame_1262.png
1262,21445,0x1900,$02:9166,C8,98.688,184.0,True,frame_1262.png
1262,21445,0x1940,$02:9274,E0,98.0,176.0,True,frame_1262.png
1262,21445,0x1980,$02:A78D,9A,202.539,80.68,True,frame_1262.png
1262,21445,0x19C0,$02:B04A,C8,145.035,85.613,True,frame_1262.png
1262,21445,0x1AC0,$04:F97F,CC,212.219,30.781,True,frame_1262.png
1262,21445,0x1B00,$04:F97F,CC,186.523,38.0,True,frame_1262.png
1262,21445,0x1B40,$04:F97F,CC,210.398,86.0,True,frame_1262.png
1262,21445,0x1B80,$04:F97F,CC,252.344,-24.344,False,frame_1262.png
1262,21445,0x1C80,$04:F97F,CC,266.305,-4.305,False,frame_1262.png
1264,21447,0x1000,$04:DF96,80,199.5,123.0,True,frame_1264.png
1264,21447,0x1040,$04:F8BC,C0,199.0,123.0,True,frame_1264.png
1264,21447,0x16C0,$02:B04A,C8,30.508,143.391,True,frame_1264.png
1264,21447,0x1700,$02:93DD,D8,201.0,156.0,True,frame_1264.png
1264,21447,0x1740,$02:B04A,C8,202.027,74.715,True,frame_1264.png
1264,21447,0x1780,$02:B04A,C8,43.031,162.332,True,frame_1264.png
1264,21447,0x17C0,$02:93DD,D8,221.0,156.0,True,frame_1264.png
1264,21447,0x1800,$02:AFA5,80,-33.129,184.0,False,frame_1264.png
1264,21447,0x1840,$02:B04A,C8,253.262,157.504,True,frame_1264.png
1264,21447,0x1900,$02:9166,C8,99.312,184.0,True,frame_1264.png
1264,21447,0x1940,$02:9274,E0,99.0,176.0,True,frame_1264.png
1264,21447,0x1980,$02:A78D,9A,201.539,80.68,True,frame_1264.png
1264,21447,0x19C0,$02:B04A,C8,145.34,82.871,True,frame_1264.png
1264,21447,0x1AC0,$04:F97F,CC,214.516,28.484,True,frame_1264.png
1264,21447,0x1B00,$04:F97F,CC,185.281,35.0,True,frame_1264.png
1264,21447,0x1B40,$04:F97F,CC,209.156,83.0,True,frame_1264.png
1264,21447,0x1B80,$04:F97F,CC,254.641,-26.641,False,frame_1264.png
1264,21447,0x1C80,$04:F97F,CC,268.602,-6.602,False,frame_1264.png
1266,21449,0x1000,$04:DF96,C0,194.5,123.0,True,frame_1266.png
1266,21449,0x1040,$04:F8BC,C0,194.0,123.0,True,frame_1266.png
1266,21449,0x1080,$04:E6AF,C8,200.0,123.0,True,frame_1266.png
1266,21449,0x16C0,$02:B04A,C8,29.828,141.086,True,frame_1266.png
1266,21449,0x1700,$02:93DD,D8,200.0,156.0,True,frame_1266.png
1266,21449,0x1740,$02:B04A,C8,203.684,76.562,True,frame_1266.png
1266,21449,0x1780,$02:B04A,C8,41.219,160.789,True,frame_1266.png
1266,21449,0x17C0,$02:93DD,D8,220.0,156.0,True,frame_1266.png
1266,21449,0x1800,$02:AFA5,80,-33.129,184.0,False,frame_1266.png
1266,21449,0x1840,$02:B04A,C8,250.77,155.84,True,frame_1266.png
1266,21449,0x1900,$02:9166,C8,99.938,184.0,True,frame_1266.png
1266,21449,0x1940,$02:9274,E0,99.0,176.0,True,frame_1266.png
1266,21449,0x1980,$02:A78D,9A,200.539,80.68,True,frame_1266.png
1266,21449,0x19C0,$02:B04A,C8,145.863,80.41,True,frame_1266.png
1266,21449,0x1AC0,$04:F97F,CC,216.812,26.188,True,frame_1266.png
1266,21449,0x1B00,$04:F97F,CC,184.039,32.0,True,frame_1266.png
1266,21449,0x1B40,$04:F97F,CC,207.914,80.0,True,frame_1266.png
1266,21449,0x1B80,$04:F97F,CC,256.938,-28.938,False,frame_1266.png
1266,21449,0x1BC0,$04:F97F,CC,122.5,169.379,True,frame_1266.png
1266,21449,0x1C80,$04:F97F,CC,270.898,-8.898,False,frame_1266.png
1268,21451,0x1000,$04:DF96,80,189.5,123.0,True,frame_1268.png
1268,21451,0x1040,$04:F8BC,C0,189.0,123.0,True,frame_1268.png
1268,21451,0x1080,$04:E6AF,C8,222.0,123.0,True,frame_1268.png
1268,21451,0x16C0,$02:B04A,C8,29.18,138.719,True,frame_1268.png
1268,21451,0x1700,$02:93DD,D8,199.0,156.0,True,frame_1268.png
1268,21451,0x1740,$02:B04A,C8,205.152,78.77,True,frame_1268.png
1268,21451,0x1780,$02:B04A,C8,39.531,159.168,True,frame_1268.png
1268,21451,0x17C0,$02:93DD,D8,219.0,156.0,True,frame_1268.png
1268,21451,0x1800,$02:AFA5,80,-33.129,184.0,False,frame_1268.png
1268,21451,0x1840,$02:B04A,C8,248.277,154.176,True,frame_1268.png
1268,21451,0x1900,$02:9166,C8,100.562,184.0,True,frame_1268.png
1268,21451,0x1940,$02:9274,E0,100.0,176.0,True,frame_1268.png
1268,21451,0x1980,$02:A78D,9A,199.539,80.68,True,frame_1268.png
1268,21451,0x19C0,$02:B04A,C8,146.605,78.23,True,frame_1268.png
1268,21451,0x1AC0,$04:F97F,CC,219.109,23.891,True,frame_1268.png
1268,21451,0x1B00,$04:F97F,CC,182.797,29.0,True,frame_1268.png
1268,21451,0x1B40,$04:F97F,CC,206.672,77.0,True,frame_1268.png
1268,21451,0x1B80,$04:F97F,CC,259.234,-31.234,False,frame_1268.png
1268,21451,0x1BC0,$04:F97F,CC,125.5,168.137,True,frame_1268.png
1268,21451,0x1C80,$04:F97F,CC,273.195,-11.195,False,frame_1268.png
1270,21453,0x1000,$04:DF96,C0,184.5,123.0,True,frame_1270.png
1270,21453,0x1040,$04:F8BC,C0,184.0,123.0,True,frame_1270.png
1270,21453,0x1080,$04:E6AF,C8,244.0,123.0,True,frame_1270.png
1270,21453,0x16C0,$02:B04A,C8,28.562,136.289,True,frame_1270.png
1270,21453,0x1700,$02:93DD,D8,198.0,156.0,True,frame_1270.png
1270,21453,0x1740,$02:B04A,C8,206.434,81.336,True,frame_1270.png
1270,21453,0x1780,$02:B04A,C8,37.969,157.469,True,frame_1270.png
1270,21453,0x17C0,$02:93DD,D8,218.0,156.0,True,frame_1270.png
1270,21453,0x1800,$02:AFA5,80,-33.129,184.0,False,frame_1270.png
1270,21453,0x1840,$02:B04A,C8,245.785,152.512,True,frame_1270.png
1270,21453,0x1900,$02:9166,C8,101.188,184.0,True,frame_1270.png
1270,21453,0x1940,$02:9274,E0,101.0,176.0,True,frame_1270.png
1270,21453,0x1980,$02:A78D,9A,198.539,80.68,True,frame_1270.png
1270,21453,0x19C0,$02:B04A,C8,147.566,76.332,True,frame_1270.png
1270,21453,0x1AC0,$04:F97F,CC,221.406,21.594,True,frame_1270.png
1270,21453,0x1B00,$04:F97F,CC,181.555,26.0,True,frame_1270.png
1270,21453,0x1B40,$04:F97F,CC,205.43,74.0,True,frame_1270.png
1270,21453,0x1BC0,$04:F97F,CC,128.5,166.895,True,frame_1270.png
1270,21453,0x1C80,$04:F97F,CC,275.492,-13.492,False,frame_1270.png
1272,21455,0x1000,$04:DF96,80,179.5,123.0,True,frame_1272.png
1272,21455,0x1040,$04:F8BC,C0,179.0,123.0,True,frame_1272.png
1272,21455,0x16C0,$02:B04A,C8,27.977,133.797,True,frame_1272.png
1272,21455,0x1700,$02:93DD,D8,197.0,156.0,True,frame_1272.png
1272,21455,0x1740,$02:B04A,C8,207.527,84.262,True,frame_1272.png
1272,21455,0x1780,$02:B04A,C8,36.531,155.691,True,frame_1272.png
1272,21455,0x17C0,$02:93DD,D8,217.0,156.0,True,frame_1272.png
1272,21455,0x1800,$02:AFA5,80,-33.129,184.0,False,frame_1272.png
1272,21455,0x1840,$02:B04A,C8,243.293,150.848,True,frame_1272.png
1272,21455,0x1900,$02:9166,C8,101.812,184.0,True,frame_1272.png
1272,21455,0x1940,$02:9274,E0,101.0,176.0,True,frame_1272.png
1272,21455,0x1980,$02:A78D,9A,197.539,80.68,True,frame_1272.png
1272,21455,0x19C0,$02:B04A,C8,148.746,74.715,True,frame_1272.png
1272,21455,0x1AC0,$04:F97F,CC,223.703,19.297,True,frame_1272.png
1272,21455,0x1B00,$04:F97F,CC,180.312,23.0,True,frame_1272.png
1272,21455,0x1B40,$04:F97F,CC,204.188,71.0,True,frame_1272.png
1272,21455,0x1BC0,$04:F97F,CC,131.5,165.652,True,frame_1272.png
1272,21455,0x1C80,$04:F97F,CC,277.789,-15.789,False,frame_1272.png
1274,21457,0x1000,$04:DF96,C0,174.5,123.0,True,frame_1274.png
1274,21457,0x1040,$04:F8BC,C0,174.0,123.0,True,frame_1274.png
1274,21457,0x16C0,$02:B04A,C8,27.422,131.242,True,frame_1274.png
1274,21457,0x1700,$02:93DD,D8,196.0,156.0,True,frame_1274.png
1274,21457,0x1740,$02:B04A,C8,208.434,87.547,True,frame_1274.png
1274,21457,0x1780,$02:B04A,C8,35.219,153.836,True,frame_1274.png
1274,21457,0x17C0,$02:93DD,D8,216.0,156.0,True,frame_1274.png
1274,21457,0x1800,$02:AFA5,80,-33.129,184.0,False,frame_1274.png
1274,21457,0x1840,$02:B04A,C8,240.801,149.184,True,frame_1274.png
1274,21457,0x1880,$02:B04A,C8,270.5,128.0,False,frame_1274.png
1274,21457,0x1900,$02:9166,C8,102.438,184.0,True,frame_1274.png
1274,21457,0x1940,$02:9274,E0,102.0,176.0,True,frame_1274.png
1274,21457,0x1980,$02:A78D,9A,196.539,80.68,True,frame_1274.png
1274,21457,0x19C0,$02:B04A,C8,150.145,73.379,True,frame_1274.png
1274,21457,0x1AC0,$04:F97F,CC,226.0,17.0,True,frame_1274.png
1274,21457,0x1B00,$04:F97F,CC,179.07,20.0,True,frame_1274.png
1274,21457,0x1B40,$04:F97F,CC,202.945,68.0,True,frame_1274.png
1274,21457,0x1BC0,$04:F97F,CC,134.5,164.41,True,frame_1274.png
1274,21457,0x1C80,$04:F97F,CC,280.086,-18.086,False,frame_1274.png
1276,21459,0x1000,$04:DF96,80,169.5,123.0,True,frame_1276.png
1276,21459,0x1040,$04:F8BC,C0,169.0,123.0,True,frame_1276.png
1276,21459,0x1080,$04:E6AF,C8,175.0,123.0,True,frame_1276.png
1276,21459,0x16C0,$02:B04A,C8,26.898,128.625,True,frame_1276.png
1276,21459,0x1700,$02:93DD,D8,195.0,156.0,True,frame_1276.png
1276,21459,0x1740,$02:B04A,C8,209.035,90.758,True,frame_1276.png
1276,21459,0x1780,$02:B04A,C8,34.031,151.902,True,frame_1276.png
1276,21459,0x17C0,$02:93DD,D8,215.0,156.0,True,frame_1276.png
1276,21459,0x1800,$02:AFA5,80,-33.129,184.0,False,frame_1276.png
1276,21459,0x1840,$02:B04A,C8,238.309,147.52,True,frame_1276.png
1276,21459,0x1880,$02:B04A,C8,267.5,128.0,False,frame_1276.png
1276,21459,0x1900,$02:9166,C8,103.062,184.0,True,frame_1276.png
1276,21459,0x1940,$02:9274,E0,103.0,176.0,True,frame_1276.png
1276,21459,0x1980,$02:A78D,9A,195.539,80.68,True,frame_1276.png
1276,21459,0x19C0,$02:B04A,C8,151.762,72.324,True,frame_1276.png
1276,21459,0x1AC0,$04:F97F,CC,228.297,14.703,True,frame_1276.png
1276,21459,0x1B00,$04:F97F,CC,177.828,17.0,True,frame_1276.png
1276,21459,0x1B40,$04:F97F,CC,201.703,65.0,True,frame_1276.png
1276,21459,0x1BC0,$04:F97F,CC,137.5,163.168,True,frame_1276.png
1276,21459,0x1C80,$04:F97F,CC,282.383,-20.383,False,frame_1276.png
1278,21461,0x1000,$04:DF96,C0,164.5,123.0,True,frame_1278.png
1278,21461,0x1040,$04:F8BC,C0,164.0,123.0,True,frame_1278.png
1278,21461,0x1080,$04:E6AF,C8,197.0,123.0,True,frame_1278.png
1278,21461,0x16C0,$02:B04A,C8,26.406,125.945,True,frame_1278.png
1278,21461,0x1700,$02:93DD,D8,194.0,156.0,True,frame_1278.png
1278,21461,0x1740,$02:B04A,C8,209.293,93.75,True,frame_1278.png
1278,21461,0x1780,$02:B04A,C8,32.969,149.891,True,frame_1278.png
1278,21461,0x17C0,$02:93DD,D8,214.0,156.0,True,frame_1278.png
1278,21461,0x1800,$02:AFA5,80,-33.129,184.0,False,frame_1278.png
1278,21461,0x1840,$02:B04A,C8,235.816,145.855,True,frame_1278.png
1278,21461,0x1880,$02:B04A,C8,264.5,128.0,False,frame_1278.png
1278,21461,0x1900,$02:9166,C8,103.688,184.0,True,frame_1278.png
1278,21461,0x1940,$02:9274,E0,103.0,176.0,True,frame_1278.png
1278,21461,0x1980,$02:A78D,9A,194.539,80.68,True,frame_1278.png
1278,21461,0x19C0,$02:B04A,C8,153.598,71.551,True,frame_1278.png
1278,21461,0x1AC0,$04:F97F,CC,230.594,12.406,True,frame_1278.png
1278,21461,0x1B00,$04:F97F,CC,176.586,14.0,True,frame_1278.png
1278,21461,0x1B40,$04:F97F,CC,200.461,62.0,True,frame_1278.png
1278,21461,0x1BC0,$04:F97F,CC,140.5,161.926,True,frame_1278.png
1278,21461,0x1C80,$04:F97F,CC,284.68,-22.68,False,frame_1278.png
1280,21463,0x1000,$04:DF96,80,159.5,123.0,True,frame_1280.png
1280,21463,0x1040,$04:F8BC,C0,159.0,123.0,True,frame_1280.png
1280,21463,0x1080,$04:E6AF,C8,219.0,123.0,True,frame_1280.png
1280,21463,0x16C0,$02:B04A,C8,25.945,123.203,True,frame_1280.png
1280,21463,0x1700,$02:93DD,D8,193.0,156.0,True,frame_1280.png
1280,21463,0x1740,$02:B04A,C8,209.207,96.523,True,frame_1280.png
1280,21463,0x1780,$02:B04A,C8,32.031,147.801,True,frame_1280.png
1280,21463,0x17C0,$02:93DD,D8,213.0,156.0,True,frame_1280.png
1280,21463,0x1800,$02:AFA5,80,-33.129,184.0,False,frame_1280.png
1280,21463,0x1840,$02:B04A,C8,233.324,144.191,True,frame_1280.png
1280,21463,0x1880,$02:B04A,C8,261.5,128.0,False,frame_1280.png
1280,21463,0x1900,$02:9166,C8,104.312,184.0,True,frame_1280.png
1280,21463,0x1940,$02:9274,E0,104.0,176.0,True,frame_1280.png
1280,21463,0x1980,$02:A78D,9A,193.539,80.68,True,frame_1280.png
1280,21463,0x19C0,$02:B04A,C8,155.652,71.059,True,frame_1280.png
1280,21463,0x1AC0,$04:F97F,CC,232.891,10.109,True,frame_1280.png
1280,21463,0x1B00,$04:F97F,CC,175.344,11.0,True,frame_1280.png
1280,21463,0x1B40,$04:F97F,CC,199.219,59.0,True,frame_1280.png
1280,21463,0x1BC0,$04:F97F,CC,143.5,160.684,True,frame_1280.png
1280,21463,0x1C80,$04:F97F,CC,286.977,-24.977,False,frame_1280.png
1282,21465,0x1000,$04:DF96,C0,154.5,123.0,True,frame_1282.png
1282,21465,0x1040,$04:F8BC,C0,154.0,123.0,True,frame_1282.png
1282,21465,0x1080,$04:E6AF,C8,241.0,123.0,True,frame_1282.png
1282,21465,0x16C0,$02:B04A,C8,25.516,120.398,True,frame_1282.png
1282,21465,0x1700,$02:93DD,D8,192.0,156.0,True,frame_1282.png
1282,21465,0x1740,$02:B04A,C8,208.777,99.078,True,frame_1282.png
1282,21465,0x1780,$02:B04A,C8,31.219,145.633,True,frame_1282.png
1282,21465,0x17C0,$02:93DD,D8,212.0,156.0,True,frame_1282.png
1282,21465,0x1800,$02:AFA5,80,-33.129,184.0,False,frame_1282.png
1282,21465,0x1840,$02:B04A,C8,230.832,142.527,True,frame_1282.png
1282,21465,0x1880,$02:B04A,C8,258.5,128.0,False,frame_1282.png
1282,21465,0x1900,$02:9166,C8,104.938,184.0,True,frame_1282.png
1282,21465,0x1940,$02:9274,E0,104.0,176.0,True,frame_1282.png
1282,21465,0x1980,$02:A78D,9A,192.539,80.68,True,frame_1282.png
1282,21465,0x19C0,$02:B04A,C8,157.926,70.848,True,frame_1282.png
1282,21465,0x1AC0,$04:F97F,CC,235.188,7.812,True,frame_1282.png
1282,21465,0x1B00,$04:F97F,CC,174.102,8.0,True,frame_1282.png
1282,21465,0x1B40,$04:F97F,CC,197.977,56.0,True,frame_1282.png
1282,21465,0x1BC0,$04:F97F,CC,146.5,159.441,True,frame_1282.png
1284,21467,0x1000,$04:DF96,80,149.5,123.0,True,frame_1284.png
1284,21467,0x1040,$04:F8BC,C0,149.0,123.0,True,frame_1284.png
1284,21467,0x16C0,$02:B04A,C8,25.117,117.531,True,frame_1284.png
1284,21467,0x1700,$02:93DD,D8,191.0,156.0,True,frame_1284.png
1284,21467,0x1740,$02:B04A,C8,208.004,101.414,True,frame_1284.png
1284,21467,0x1780,$02:B04A,C8,30.508,143.391,True,frame_1284.png
1284,21467,0x17C0,$02:93DD,D8,211.0,156.0,True,frame_1284.png
1284,21467,0x1800,$02:AFA5,80,-33.129,184.0,False,frame_1284.png
1284,21467,0x1840,$02:B04A,C8,228.34,140.863,True,frame_1284.png
1284,21467,0x1880,$02:B04A,C8,255.754,127.168,True,frame_1284.png
1284,21467,0x1900,$02:9166,C8,105.562,184.0,True,frame_1284.png
1284,21467,0x1940,$02:9274,E0,105.0,176.0,True,frame_1284.png
1284,21467,0x1980,$02:A78D,9A,191.539,80.68,True,frame_1284.png
1284,21467,0x19C0,$02:B04A,C8,160.418,70.918,True,frame_1284.png
1284,21467,0x1AC0,$04:F97F,CC,237.484,5.516,True,frame_1284.png
1284,21467,0x1B00,$04:F97F,CC,172.859,5.0,True,frame_1284.png
1284,21467,0x1B40,$04:F97F,CC,196.734,53.0,True,frame_1284.png
1284,21467,0x1BC0,$04:F97F,CC,149.5,158.199,True,frame_1284.png
1286,21469,0x1000,$04:DF96,C0,144.5,123.0,True,frame_1286.png
1286,21469,0x1040,$04:F8BC,C0,144.0,123.0,True,frame_1286.png
1286,21469,0x16C0,$02:B04A,C8,24.75,114.602,True,frame_1286.png
1286,21469,0x1700,$02:93DD,D8,190.0,156.0,True,frame_1286.png
1286,21469,0x1740,$02:B04A,C8,206.887,103.531,True,frame_1286.png
1286,21469,0x1780,$02:B04A,C8,29.828,141.086,True,frame_1286.png
1286,21469,0x17C0,$02:93DD,D8,210.0,156.0,True,frame_1286.png
1286,21469,0x1800,$02:AFA5,80,-33.129,184.0,False,frame_1286.png
1286,21469,0x1840,$02:B04A,C8,225.848,139.199,True,frame_1286.png
1286,21469,0x1880,$02:B04A,C8,253.262,125.504,True,frame_1286.png
1286,21469,0x1900,$02:9166,C8,106.188,184.0,True,frame_1286.png
1286,21469,0x1940,$02:9274,E0,106.0,176.0,True,frame_1286.png
1286,21469,0x1980,$02:A78D,9A,190.539,80.68,True,frame_1286.png
1286,21469,0x19C0,$02:B04A,C8,162.965,70.918,True,frame_1286.png
1286,21469,0x1AC0,$04:F97F,CC,239.781,3.219,True,frame_1286.png
1286,21469,0x1B00,$04:F97F,CC,171.617,2.0,True,frame_1286.png
1286,21469,0x1B40,$04:F97F,CC,195.492,50.0,True,frame_1286.png
1286,21469,0x1BC0,$04:F97F,CC,152.5,156.957,True,frame_1286.png
1288,21471,0x1000,$04:DF96,80,139.5,123.0,True,frame_1288.png
1288,21471,0x1040,$04:F8BC,C0,139.0,123.0,True,frame_1288.png
1288,21471,0x16C0,$02:B04A,C8,24.441,111.637,True,frame_1288.png
1288,21471,0x1700,$02:93DD,D8,189.0,156.0,True,frame_1288.png
1288,21471,0x1740,$02:B04A,C8,205.426,105.43,True,frame_1288.png
1288,21471,0x1780,$02:B04A,C8,29.18,138.719,True,frame_1288.png
1288,21471,0x17C0,$02:93DD,D8,209.0,156.0,True,frame_1288.png
1288,21471,0x1800,$02:AFA5,80,-33.129,184.0,False,frame_1288.png
1288,21471,0x1840,$02:B04A,C8,223.355,137.535,True,frame_1288.png
1288,21471,0x1880,$02:B04A,C8,250.77,123.84,True,frame_1288.png
1288,21471,0x1900,$02:9166,C8,106.812,184.0,True,frame_1288.png
1288,21471,0x1940,$02:9274,E0,106.0,176.0,True,frame_1288.png
1288,21471,0x1980,$02:A78D,9A,189.539,80.68,True,frame_1288.png
1288,21471,0x19C0,$02:B04A,C8,165.512,70.918,True,frame_1288.png
1288,21471,0x1AC0,$04:F97F,CC,242.078,0.922,True,frame_1288.png
1288,21471,0x1B00,$04:F97F,CC,170.375,-1.0,False,frame_1288.png
1288,21471,0x1B40,$04:F97F,CC,194.25,47.0,True,frame_1288.png
1288,21471,0x1BC0,$04:F97F,CC,155.5,155.715,True,frame_1288.png
1290,21473,0x1000,$04:DF96,C0,134.5,123.0,True,frame_1290.png
1290,21473,0x1040,$04:F8BC,C0,134.0,123.0,True,frame_1290.png
1290,21473,0x1080,$04:E6AF,C8,140.0,123.0,True,frame_1290.png
1290,21473,0x16C0,$02:B04A,C8,24.273,108.719,True,frame_1290.png
1290,21473,0x1700,$02:93DD,D8,188.0,156.0,True,frame_1290.png
1290,21473,0x1740,$02:B04A,C8,203.621,107.109,True,frame_1290.png
1290,21473,0x1780,$02:B04A,C8,28.562,136.289,True,frame_1290.png
1290,21473,0x17C0,$02:93DD,D8,208.0,156.0,True,frame_1290.png
1290,21473,0x1800,$02:AFA5,80,-33.129,184.0,False,frame_1290.png
1290,21473,0x1840,$02:B04A,C8,220.727,136.133,True,frame_1290.png
1290,21473,0x1880,$02:B04A,C8,248.277,122.176,True,frame_1290.png
1290,21473,0x1900,$02:9166,C8,107.438,184.0,True,frame_1290.png
1290,21473,0x1940,$02:9274,E0,107.0,176.0,True,frame_1290.png
1290,21473,0x1980,$02:A78D,9A,188.539,80.68,True,frame_1290.png
1290,21473,0x19C0,$02:B04A,C8,168.059,70.918,True,frame_1290.png
1290,21473,0x1AC0,$04:F97F,CC,244.375,-1.375,False,frame_1290.png
1290,21473,0x1B00,$04:F97F,CC,169.133,-4.0,False,frame_1290.png
1290,21473,0x1B40,$04:F97F,CC,193.008,44.0,True,frame_1290.png
1290,21473,0x1BC0,$04:F97F,CC,158.5,154.473,True,frame_1290.png
1292,21475,0x1000,$04:DF96,80,129.5,123.0,True,frame_1292.png
1292,21475,0x1040,$04:F8BC,C0,129.0,123.0,True,frame_1292.png
1292,21475,0x1080,$04:E6AF,C8,162.0,123.0,True,frame_1292.png
1292,21475,0x16C0,$02:B04A,C8,24.246,105.848,True,frame_1292.png
1292,21475,0x1700,$02:93DD,D8,187.0,156.0,True,frame_1292.png
1292,21475,0x1740,$02:B04A,C8,201.473,108.57,True,frame_1292.png
1292,21475,0x1780,$02:B04A,C8,27.977,133.797,True,frame_1292.png
1292,21475,0x17C0,$02:93DD,D8,207.0,156.0,True,frame_1292.png
1292,21475,0x1800,$02:AFA5,80,-33.129,184.0,False,frame_1292.png
1292,21475,0x1840,$02:B04A,C8,217.961,134.992,True,frame_1292.png
1292,21475,0x1880,$02:B04A,C8,245.785,120.512,True,frame_1292.png
1292,21475,0x1900,$02:9166,C8,108.062,184.0,True,frame_1292.png
1292,21475,0x1940,$02:9274,E0,108.0,176.0,True,frame_1292.png
1292,21475,0x1980,$02:A78D,9A,187.539,80.68,True,frame_1292.png
1292,21475,0x19C0,$02:B04A,C8,170.605,70.918,True,frame_1292.png
1292,21475,0x1AC0,$04:F97F,CC,246.672,-3.672,False,frame_1292.png
1292,21475,0x1B00,$04:F97F,CC,167.891,-7.0,False,frame_1292.png
1292,21475,0x1B40,$04:F97F,CC,191.766,41.0,True,frame_1292.png
1292,21475,0x1BC0,$04:F97F,CC,161.5,153.23,True,frame_1292.png
1294,21477,0x1000,$04:DF96,C8,124.5,123.0,True,frame_1294.png
1294,21477,0x1040,$04:F8BC,C0,124.0,123.0,True,frame_1294.png
1294,21477,0x1080,$04:E6AF,C8,184.0,123.0,True,frame_1294.png
1294,21477,0x16C0,$02:B04A,C8,24.359,103.023,True,frame_1294.png
1294,21477,0x1700,$02:93DD,D8,186.0,156.0,True,frame_1294.png
1294,21477,0x1740,$02:B04A,C8,198.98,109.812,True,frame_1294.png
1294,21477,0x1780,$02:B04A,C8,27.422,131.242,True,frame_1294.png
1294,21477,0x17C0,$02:93DD,D8,206.0,156.0,True,frame_1294.png
1294,21477,0x1800,$02:AFA5,80,-33.129,184.0,False,frame_1294.png
1294,21477,0x1840,$02:B04A,C8,215.195,133.852,True,frame_1294.png
1294,21477,0x1880,$02:B04A,C8,243.293,118.848,True,frame_1294.png
1294,21477,0x1900,$02:9166,C8,108.688,184.0,True,frame_1294.png
1294,21477,0x1940,$02:9274,E0,108.0,176.0,True,frame_1294.png
1294,21477,0x1980,$02:A78D,9A,186.539,80.68,True,frame_1294.png
1294,21477,0x19C0,$02:B04A,C8,173.152,70.918,True,frame_1294.png
1294,21477,0x1AC0,$04:F97F,CC,248.969,-5.969,False,frame_1294.png
1294,21477,0x1B00,$04:F97F,CC,166.648,-10.0,False,frame_1294.png
1294,21477,0x1B40,$04:F97F,CC,190.523,38.0,True,frame_1294.png
1294,21477,0x1BC0,$04:F97F,CC,164.5,151.988,True,frame_1294.png
1296,21479,0x1000,$04:DF96,C8,119.5,123.0,True,frame_1296.png
1296,21479,0x1040,$04:F8BC,C0,119.0,123.0,True,frame_1296.png
1296,21479,0x1080,$04:E6E1,C0,195.0,123.0,True,frame_1296.png
1296,21479,0x16C0,$02:B04A,C8,24.613,100.246,True,frame_1296.png
1296,21479,0x1700,$02:93DD,D8,185.0,156.0,True,frame_1296.png
1296,21479,0x1740,$04:FCC0,D0,197.605,110.352,True,frame_1296.png
1296,21479,0x1780,$02:B04A,C8,26.898,128.625,True,frame_1296.png
1296,21479,0x17C0,$02:93DD,D8,205.0,156.0,True,frame_1296.png
1296,21479,0x1800,$02:AFA5,80,-33.129,184.0,False,frame_1296.png
1296,21479,0x1840,$02:B04A,C8,212.43,132.711,True,frame_1296.png
1296,21479,0x1880,$02:B04A,C8,240.801,117.184,True,frame_1296.png
1296,21479,0x18C0,$02:B04A,C8,270.5,160.0,False,frame_1296.png
1296,21479,0x1900,$02:9166,C8,109.312,184.0,True,frame_1296.png
1296,21479,0x1940,$02:9274,E0,109.0,176.0,True,frame_1296.png
1296,21479,0x1980,$02:A78D,9A,185.539,80.68,True,frame_1296.png
1296,21479,0x19C0,$02:B04A,C8,175.699,70.918,True,frame_1296.png
1296,21479,0x1AC0,$04:F97F,CC,251.266,-8.266,False,frame_1296.png
1296,21479,0x1B00,$04:F97F,CC,165.406,-13.0,False,frame_1296.png
1296,21479,0x1B40,$04:F97F,CC,189.281,35.0,True,frame_1296.png
1296,21479,0x1BC0,$04:F97F,CC,167.5,150.746,True,frame_1296.png
1298,21481,0x1000,$04:DF96,C8,114.5,123.0,True,frame_1298.png
1298,21481,0x1040,$04:F8BC,C0,114.0,123.0,True,frame_1298.png
1298,21481,0x16C0,$02:B04A,C8,25.008,97.516,True,frame_1298.png
1298,21481,0x1700,$02:93DD,D8,184.0,156.0,True,frame_1298.png
1298,21481,0x1740,$04:FCC0,D0,196.605,110.352,True,frame_1298.png
1298,21481,0x1780,$02:B04A,C8,26.406,125.945,True,frame_1298.png
1298,21481,0x17C0,$02:93DD,D8,204.0,156.0,True,frame_1298.png
1298,21481,0x1800,$02:AFA5,80,-33.129,184.0,False,frame_1298.png
1298,21481,0x1840,$02:B04A,C8,209.578,131.852,True,frame_1298.png
1298,21481,0x1880,$02:B04A,C8,238.309,115.52,True,frame_1298.png
1298,21481,0x18C0,$02:B04A,C8,267.5,160.0,False,frame_1298.png
1298,21481,0x1900,$02:9166,C8,109.938,184.0,True,frame_1298.png
1298,21481,0x1940,$02:9274,E0,109.0,176.0,True,frame_1298.png
1298,21481,0x1980,$02:A78D,9A,184.539,80.68,True,frame_1298.png
1298,21481,0x19C0,$02:B04A,C8,178.246,70.918,True,frame_1298.png
1298,21481,0x1AC0,$04:F97F,CC,253.562,-10.562,False,frame_1298.png
1298,21481,0x1B00,$04:F97F,CC,164.164,-16.0,False,frame_1298.png
1298,21481,0x1B40,$04:F97F,CC,188.039,32.0,True,frame_1298.png
1298,21481,0x1BC0,$04:F97F,CC,170.5,149.504,True,frame_1298.png
1300,21483,0x1000,$04:DF96,C8,109.5,123.0,True,frame_1300.png
1300,21483,0x1040,$04:F8BC,C0,109.0,123.0,True,frame_1300.png
1300,21483,0x1080,$04:E6AF,C8,115.0,123.0,True,frame_1300.png
1300,21483,0x16C0,$02:B04A,C8,25.543,94.832,True,frame_1300.png
1300,21483,0x1700,$02:93DD,D8,183.0,156.0,True,frame_1300.png
1300,21483,0x1740,$04:FCC0,D0,195.605,110.352,True,frame_1300.png
1300,21483,0x1780,$02:B04A,C8,25.945,123.203,True,frame_1300.png
1300,21483,0x17C0,$02:93DD,D8,203.0,156.0,True,frame_1300.png
1300,21483,0x1800,$02:AFA5,80,-33.129,184.0,False,frame_1300.png
1300,21483,0x1840,$02:B04A,C8,206.641,131.273,True,frame_1300.png
1300,21483,0x1880,$02:B04A,C8,235.816,113.855,True,frame_1300.png
1300,21483,0x18C0,$02:B04A,C8,264.5,160.0,False,frame_1300.png
1300,21483,0x1900,$02:9166,C8,110.562,184.0,True,frame_1300.png
1300,21483,0x1940,$02:9274,E0,110.0,176.0,True,frame_1300.png
1300,21483,0x1980,$02:A78D,9A,183.539,80.68,True,frame_1300.png
1300,21483,0x19C0,$02:B04A,C8,180.793,70.918,True,frame_1300.png
1300,21483,0x1AC0,$04:F97F,CC,255.859,-12.859,False,frame_1300.png
1300,21483,0x1B00,$04:F97F,CC,162.922,-19.0,False,frame_1300.png
1300,21483,0x1B40,$04:F97F,CC,186.797,29.0,True,frame_1300.png
1300,21483,0x1BC0,$04:F97F,CC,173.5,148.262,True,frame_1300.png
1302,21485,0x1000,$04:DF96,C8,104.5,123.0,True,frame_1302.png
1302,21485,0x1040,$04:F8BC,C0,104.0,123.0,True,frame_1302.png
1302,21485,0x1080,$04:E6AF,C8,137.0,123.0,True,frame_1302.png
1302,21485,0x16C0,$02:B04A,C8,26.219,92.195,True,frame_1302.png
1302,21485,0x1700,$02:93DD,D8,182.0,156.0,True,frame_1302.png
1302,21485,0x1740,$04:FCC0,D0,194.605,110.352,True,frame_1302.png
1302,21485,0x1780,$02:B04A,C8,25.516,120.398,True,frame_1302.png
1302,21485,0x17C0,$02:93DD,D8,202.0,156.0,True,frame_1302.png
1302,21485,0x1800,$02:AFA5,80,-33.129,184.0,False,frame_1302.png
1302,21485,0x1840,$02:B04A,C8,203.703,130.695,True,frame_1302.png
1302,21485,0x1880,$02:B04A,C8,233.324,112.191,True,frame_1302.png
1302,21485,0x18C0,$02:B04A,C8,261.5,160.0,False,frame_1302.png
1302,21485,0x1900,$02:9166,C8,111.188,184.0,True,frame_1302.png
1302,21485,0x1940,$02:9274,E0,111.0,176.0,True,frame_1302.png
1302,21485,0x1980,$02:A78D,9A,182.539,80.68,True,frame_1302.png
1302,21485,0x19C0,$02:B04A,C8,183.34,70.918,True,frame_1302.png
1302,21485,0x1AC0,$04:F97F,CC,258.156,-15.156,False,frame_1302.png
1302,21485,0x1B00,$04:F97F,CC,161.68,-22.0,False,frame_1302.png
1302,21485,0x1B40,$04:F97F,CC,185.555,26.0,True,frame_1302.png
1302,21485,0x1BC0,$04:F97F,CC,176.5,147.02,True,frame_1302.png
1304,21487,0x1000,$04:DF96,C8,99.5,123.0,True,frame_1304.png
1304,21487,0x1040,$04:F8BC,C0,99.0,123.0,True,frame_1304.png
1304,21487,0x1080,$04:E6AF,C8,159.0,123.0,True,frame_1304.png
1304,21487,0x16C0,$02:B04A,C8,27.035,89.605,True,frame_1304.png
1304,21487,0x1700,$02:93DD,D8,181.0,156.0,True,frame_1304.png
1304,21487,0x1740,$04:FCC0,D0,193.605,110.352,True,frame_1304.png
1304,21487,0x1780,$02:B04A,C8,25.117,117.531,True,frame_1304.png
1304,21487,0x17C0,$02:93DD,D8,201.0,156.0,True,frame_1304.png
1304,21487,0x1800,$02:AFA5,80,-33.129,184.0,False,frame_1304.png
1304,21487,0x1840,$02:B04A,C8,200.766,130.117,True,frame_1304.png
1304,21487,0x1880,$02:B04A,C8,230.832,110.527,True,frame_1304.png
1304,21487,0x18C0,$02:B04A,C8,258.5,160.0,False,frame_1304.png
1304,21487,0x1900,$02:9166,C8,111.812,184.0,True,frame_1304.png
1304,21487,0x1940,$02:9274,E0,111.0,176.0,True,frame_1304.png
1304,21487,0x1980,$02:A78D,9A,181.539,80.68,True,frame_1304.png
1304,21487,0x19C0,$02:B04A,C8,185.887,70.918,True,frame_1304.png
1304,21487,0x1AC0,$04:F97F,CC,260.453,-17.453,False,frame_1304.png
1304,21487,0x1B00,$04:F97F,CC,160.438,-25.0,False,frame_1304.png
1304,21487,0x1B40,$04:F97F,CC,184.312,23.0,True,frame_1304.png
1304,21487,0x1B80,$04:F97F,CC,174.0,143.0,True,frame_1304.png
1304,21487,0x1BC0,$04:F97F,CC,179.5,145.777,True,frame_1304.png
1306,21489,0x1000,$04:DF96,C8,94.5,123.0,True,frame_1306.png
1306,21489,0x1040,$04:F8BC,C0,94.0,123.0,True,frame_1306.png
1306,21489,0x1080,$04:E6AF,C8,181.0,123.0,True,frame_1306.png
1306,21489,0x16C0,$02:B04A,C8,27.992,87.062,True,frame_1306.png
1306,21489,0x1700,$02:93DD,D8,180.0,156.0,True,frame_1306.png
1306,21489,0x1740,$04:FCC0,D0,192.605,110.352,True,frame_1306.png
1306,21489,0x1780,$02:B04A,C8,24.75,114.602,True,frame_1306.png
1306,21489,0x17C0,$02:93DD,D8,200.0,156.0,True,frame_1306.png
1306,21489,0x1800,$02:AFA5,80,-33.129,184.0,False,frame_1306.png
1306,21489,0x1840,$02:B04A,C8,197.828,129.539,True,frame_1306.png
1306,21489,0x1880,$02:B04A,C8,228.34,108.863,True,frame_1306.png
1306,21489,0x18C0,$02:B04A,C8,255.754,159.168,True,frame_1306.png
1306,21489,0x1900,$02:9166,C8,112.438,184.0,True,frame_1306.png
1306,21489,0x1940,$02:9274,E0,112.0,176.0,True,frame_1306.png
1306,21489,0x1980,$02:A78D,9A,180.539,80.68,True,frame_1306.png
1306,21489,0x19C0,$02:B04A,C8,188.434,70.918,True,frame_1306.png
1306,21489,0x1AC0,$04:F97F,CC,262.75,-19.75,False,frame_1306.png
1306,21489,0x1B00,$04:F97F,CC,159.195,-28.0,False,frame_1306.png
1306,21489,0x1B40,$04:F97F,CC,183.07,20.0,True,frame_1306.png
1306,21489,0x1B80,$04:F97F,CC,172.758,140.0,True,frame_1306.png
1306,21489,0x1BC0,$04:F97F,CC,182.5,144.535,True,frame_1306.png
1308,21491,0x1000,$04:DF96,C8,89.5,123.0,True,frame_1308.png
1308,21491,0x1040,$04:F8BC,C0,89.0,123.0,True,frame_1308.png
1308,21491,0x1080,$04:E6E1,C0,192.0,123.0,True,frame_1308.png
1308,21491,0x16C0,$02:B04A,C8,29.09,84.566,True,frame_1308.png
1308,21491,0x1700,$02:93DD,D8,179.0,156.0,True,frame_1308.png
1308,21491,0x1740,$04:FCC0,D0,191.605,110.352,True,frame_1308.png
1308,21491,0x1780,$02:B04A,C8,24.441,111.637,True,frame_1308.png
1308,21491,0x17C0,$02:93DD,D8,199.0,156.0,True,frame_1308.png
1308,21491,0x1800,$02:AFA5,80,-33.129,184.0,False,frame_1308.png
1308,21491,0x1840,$04:FCC0,D0,196.359,129.25,True,frame_1308.png
1308,21491,0x1880,$02:B04A,C8,225.848,107.199,True,frame_1308.png
1308,21491,0x18C0,$02:B04A,C8,253.262,157.504,True,frame_1308.png
1308,21491,0x1900,$02:9166,C8,113.062,184.0,True,frame_1308.png
1308,21491,0x1940,$02:9274,E0,113.0,176.0,True,frame_1308.png
1308,21491,0x1980,$02:A78D,9A,179.539,80.68,True,frame_1308.png
1308,21491,0x19C0,$02:B04A,C8,190.98,70.918,True,frame_1308.png
1308,21491,0x1AC0,$04:F97F,CC,265.047,-22.047,False,frame_1308.png
1308,21491,0x1B00,$04:F97F,CC,157.953,-31.0,False,frame_1308.png
1308,21491,0x1B40,$04:F97F,CC,181.828,17.0,True,frame_1308.png
1308,21491,0x1B80,$04:F97F,CC,171.516,137.0,True,frame_1308.png
1308,21491,0x1BC0,$04:F97F,CC,185.5,143.293,True,frame_1308.png
1310,21493,0x1000,$04:DF96,C8,89.5,128.0,True,frame_1310.png
1310,21493,0x1040,$04:F8BC,C0,89.0,128.0,True,frame_1310.png
1310,21493,0x16C0,$02:B04A,C8,30.328,82.117,True,frame_1310.png
1310,21493,0x1700,$02:93DD,D8,178.0,156.0,True,frame_1310.png
1310,21493,0x1740,$04:FCC0,D0,190.605,110.352,True,frame_1310.png
1310,21493,0x1780,$02:B04A,C8,24.273,108.719,True,frame_1310.png
1310,21493,0x17C0,$02:93DD,D8,198.0,156.0,True,frame_1310.png
1310,21493,0x1800,$02:AFA5,80,-33.129,184.0,False,frame_1310.png
1310,21493,0x1840,$04:FCC0,D0,195.359,129.25,True,frame_1310.png
1310,21493,0x1880,$02:B04A,C8,223.355,105.535,True,frame_1310.png
1310,21493,0x18C0,$02:B04A,C8,250.77,155.84,True,frame_1310.png
1310,21493,0x1900,$02:9166,C8,113.688,184.0,True,frame_1310.png
1310,21493,0x1940,$02:9274,E0,113.0,176.0,True,frame_1310.png
1310,21493,0x1980,$02:A78D,9A,178.539,80.68,True,frame_1310.png
1310,21493,0x19C0,$02:B04A,C8,193.527,70.918,True,frame_1310.png
1310,21493,0x1AC0,$04:F97F,CC,267.344,-24.344,False,frame_1310.png
1310,21493,0x1B00,$04:F97F,CC,156.711,-34.0,False,frame_1310.png
1310,21493,0x1B40,$04:F97F,CC,180.586,14.0,True,frame_1310.png
1310,21493,0x1B80,$04:F97F,CC,170.273,134.0,True,frame_1310.png
1310,21493,0x1BC0,$04:F97F,CC,188.5,142.051,True,frame_1310.png
1312,21495,0x1000,$04:DF96,C8,89.5,133.0,True,frame_1312.png
1312,21495,0x1040,$04:F8BC,C0,89.0,133.0,True,frame_1312.png
1312,21495,0x16C0,$02:B04A,C8,31.691,79.746,True,frame_1312.png
1312,21495,0x1700,$02:93DD,D8,177.0,156.0,True,frame_1312.png
1312,21495,0x1740,$04:FCC0,D0,189.605,110.352,True,frame_1312.png
1312,21495,0x1780,$02:B04A,C8,24.246,105.848,True,frame_1312.png
1312,21495,0x17C0,$02:93DD,D8,197.0,156.0,True,frame_1312.png
1312,21495,0x1800,$02:AFA5,80,-33.129,184.0,False,frame_1312.png
1312,21495,0x1840,$04:FCC0,D0,194.359,129.25,True,frame_1312.png
1312,21495,0x1880,$02:B04A,C8,220.727,104.133,True,frame_1312.png
1312,21495,0x18C0,$02:B04A,C8,248.277,154.176,True,frame_1312.png
1312,21495,0x1900,$02:9166,C8,114.312,184.0,True,frame_1312.png
1312,21495,0x1940,$02:9274,E0,114.0,176.0,True,frame_1312.png
1312,21495,0x1980,$02:A78D,9A,177.539,80.68,True,frame_1312.png
1312,21495,0x19C0,$02:B04A,C8,195.934,71.328,True,frame_1312.png
1312,21495,0x1AC0,$04:F97F,CC,269.641,-26.641,False,frame_1312.png
1312,21495,0x1B40,$04:F97F,CC,179.344,11.0,True,frame_1312.png
1312,21495,0x1B80,$04:F97F,CC,169.031,131.0,True,frame_1312.png
1312,21495,0x1BC0,$04:F97F,CC,191.5,140.809,True,frame_1312.png
1314,21497,0x1000,$04:DF96,C8,89.5,138.0,True,frame_1314.png
1314,21497,0x1040,$04:F8BC,C0,89.0,138.0,True,frame_1314.png
1314,21497,0x1080,$04:E6AF,C8,95.0,138.0,True,frame_1314.png
1314,21497,0x16C0,$02:B04A,C8,33.133,77.547,True,frame_1314.png
1314,21497,0x1700,$02:93DD,D8,176.0,156.0,True,frame_1314.png
1314,21497,0x1740,$04:FCC0,D0,188.605,110.352,True,frame_1314.png
1314,21497,0x1780,$02:B04A,C8,24.359,103.023,True,frame_1314.png
1314,21497,0x17C0,$02:93DD,D8,196.0,156.0,True,frame_1314.png
1314,21497,0x1800,$02:AFA5,80,-33.129,184.0,False,frame_1314.png
1314,21497,0x1840,$04:FCC0,D0,193.359,129.25,True,frame_1314.png
1314,21497,0x1880,$02:B04A,C8,217.961,102.992,True,frame_1314.png
1314,21497,0x18C0,$02:B04A,C8,245.785,152.512,True,frame_1314.png
1314,21497,0x1900,$02:9166,C8,114.938,184.0,True,frame_1314.png
1314,21497,0x1940,$02:9274,E0,114.0,176.0,True,frame_1314.png
1314,21497,0x1980,$02:A78D,9A,176.539,80.68,True,frame_1314.png
1314,21497,0x19C0,$02:B04A,C8,198.152,72.098,True,frame_1314.png
1314,21497,0x1AC0,$04:F97F,CC,271.938,-28.938,False,frame_1314.png
1314,21497,0x1B00,$04:F97F,CC,126.621,157.5,True,frame_1314.png
1314,21497,0x1B40,$04:F97F,CC,178.102,8.0,True,frame_1314.png
1314,21497,0x1B80,$04:F97F,CC,167.789,128.0,True,frame_1314.png
1314,21497,0x1BC0,$04:F97F,CC,194.5,139.566,True,frame_1314.png
1316,21499,0x1000,$04:DF96,C8,89.5,143.0,True,frame_1316.png
1316,21499,0x1040,$04:F8BC,C0,89.0,143.0,True,frame_1316.png
1316,21499,0x1080,$04:E6AF,C8,117.0,138.0,True,frame_1316.png
1316,21499,0x16C0,$02:B04A,C8,34.652,75.52,True,frame_1316.png
1316,21499,0x1700,$02:93DD,D8,175.0,156.0,True,frame_1316.png
1316,21499,0x1740,$04:FCC0,D0,187.605,110.352,True,frame_1316.png
1316,21499,0x1780,$02:B04A,C8,24.613,100.246,True,frame_1316.png
1316,21499,0x17C0,$02:93DD,D8,195.0,156.0,True,frame_1316.png
1316,21499,0x1800,$02:AFA5,80,-33.129,184.0,False,frame_1316.png
1316,21499,0x1840,$04:FCC0,D0,192.359,129.25,True,frame_1316.png
1316,21499,0x1880,$02:B04A,C8,215.195,101.852,True,frame_1316.png
1316,21499,0x18C0,$02:B04A,C8,243.293,150.848,True,frame_1316.png
1316,21499,0x1900,$02:9166,C8,115.562,184.0,True,frame_1316.png
1316,21499,0x1940,$02:9274,E0,115.0,176.0,True,frame_1316.png
1316,21499,0x1980,$02:A78D,9A,175.539,80.68,True,frame_1316.png
1316,21499,0x19C0,$02:B04A,C8,200.184,73.227,True,frame_1316.png
1316,21499,0x1AC0,$04:F97F,CC,274.234,-31.234,False,frame_1316.png
1316,21499,0x1B00,$04:F97F,CC,127.863,154.5,True,frame_1316.png
1316,21499,0x1B40,$04:F97F,CC,176.859,5.0,True,frame_1316.png
1316,21499,0x1B80,$04:F97F,CC,166.547,125.0,True,frame_1316.png
1316,21499,0x1BC0,$04:F97F,CC,197.5,138.324,True,frame_1316.png
1318,21501,0x1000,$04:DF96,C8,89.5,148.0,True,frame_1318.png
1318,21501,0x1040,$04:F8BC,C0,89.0,148.0,True,frame_1318.png
1318,21501,0x1080,$04:E6AF,C8,139.0,138.0,True,frame_1318.png
1318,21501,0x16C0,$02:B04A,C8,36.25,73.664,True,frame_1318.png
1318,21501,0x1700,$02:93DD,D8,174.0,156.0,True,frame_1318.png
1318,21501,0x1740,$04:FCC0,D0,186.605,110.352,True,frame_1318.png
1318,21501,0x1780,$02:B04A,C8,25.008,97.516,True,frame_1318.png
1318,21501,0x17C0,$02:93DD,D8,194.0,156.0,True,frame_1318.png
1318,21501,0x1800,$02:B04A,88,272.0,128.0,False,frame_1318.png
1318,21501,0x1840,$04:FCC0,D0,191.359,129.25,True,frame_1318.png
1318,21501,0x1880,$02:B04A,C8,212.43,100.711,True,frame_1318.png
1318,21501,0x18C0,$02:B04A,C8,240.801,149.184,True,frame_1318.png
1318,21501,0x1900,$02:9166,C8,116.188,184.0,True,frame_1318.png
1318,21501,0x1940,$02:9274,E0,116.0,176.0,True,frame_1318.png
1318,21501,0x1980,$02:A78D,9A,174.539,80.68,True,frame_1318.png
1318,21501,0x19C0,$02:B04A,C8,202.027,74.715,True,frame_1318.png
1318,21501,0x1B00,$04:F97F,CC,129.105,151.5,True,frame_1318.png
1318,21501,0x1B40,$04:F97F,CC,175.617,2.0,True,frame_1318.png
1318,21501,0x1B80,$04:F97F,CC,165.305,122.0,True,frame_1318.png
1318,21501,0x1BC0,$04:F97F,CC,200.5,137.082,True,frame_1318.png
1320,21503,0x1000,$04:DF96,C8,89.5,153.0,True,frame_1320.png
1320,21503,0x1040,$04:F8BC,C0,89.0,153.0,True,frame_1320.png
1320,21503,0x1080,$04:E6AF,C8,161.0,138.0,True,frame_1320.png
1320,21503,0x16C0,$02:B04A,C8,37.926,71.98,True,frame_1320.png
1320,21503,0x1700,$02:93DD,D8,173.0,156.0,True,frame_1320.png
1320,21503,0x1740,$04:FCC0,D0,185.605,110.352,True,frame_1320.png
1320,21503,0x1780,$02:B04A,C8,25.543,94.832,True,frame_1320.png
1320,21503,0x17C0,$02:93DD,D8,193.0,156.0,True,frame_1320.png
1320,21503,0x1800,$02:B04A,C8,269.0,128.0,False,frame_1320.png
1320,21503,0x1840,$04:FCC0,D0,190.359,129.25,True,frame_1320.png
1320,21503,0x1880,$02:B04A,C8,209.578,99.852,True,frame_1320.png
1320,21503,0x18C0,$02:B04A,C8,238.309,147.52,True,frame_1320.png
1320,21503,0x1900,$02:9166,C8,116.812,184.0,True,frame_1320.png
1320,21503,0x1940,$02:9274,E0,116.0,176.0,True,frame_1320.png
1320,21503,0x1980,$02:A78D,9A,173.539,80.68,True,frame_1320.png
1320,21503,0x19C0,$02:B04A,C8,203.684,76.562,True,frame_1320.png
1320,21503,0x1AC0,$04:F97F,CC,181.0,151.0,True,frame_1320.png
1320,21503,0x1B00,$04:F97F,CC,130.348,148.5,True,frame_1320.png
1320,21503,0x1B40,$04:F97F,CC,174.375,-1.0,False,frame_1320.png
1320,21503,0x1B80,$04:F97F,CC,164.062,119.0,True,frame_1320.png
1320,21503,0x1BC0,$04:F97F,CC,203.5,135.84,True,frame_1320.png
1322,21505,0x1000,$04:DF96,C8,89.5,158.0,True,frame_1322.png
1322,21505,0x1040,$04:F8BC,C0,89.0,158.0,True,frame_1322.png
1322,21505,0x1080,$04:E6AF,C8,183.0,138.0,True,frame_1322.png
1322,21505,0x16C0,$02:B04A,C8,39.68,70.469,True,frame_1322.png
1322,21505,0x1700,$02:93DD,D8,172.0,156.0,True,frame_1322.png
1322,21505,0x1780,$02:B04A,C8,26.219,92.195,True,frame_1322.png
1322,21505,0x17C0,$02:93DD,D8,192.0,156.0,True,frame_1322.png
1322,21505,0x1800,$02:B04A,C8,266.0,128.0,False,frame_1322.png
1322,21505,0x1840,$04:FCC0,D0,189.359,129.25,True,frame_1322.png
1322,21505,0x1880,$02:B04A,C8,206.641,99.273,True,frame_1322.png
1322,21505,0x18C0,$02:B04A,C8,235.816,145.855,True,frame_1322.png
1322,21505,0x1900,$02:9166,C8,117.438,184.0,True,frame_1322.png
1322,21505,0x1940,$02:9274,E0,117.0,176.0,True,frame_1322.png
1322,21505,0x1980,$02:A78D,9A,172.539,80.68,True,frame_1322.png
1322,21505,0x19C0,$02:B04A,C8,205.152,78.77,True,frame_1322.png
1322,21505,0x1AC0,$04:F97F,CC,178.0,149.758,True,frame_1322.png
1322,21505,0x1B00,$04:F97F,CC,131.59,145.5,True,frame_1322.png
1322,21505,0x1B40,$04:F97F,CC,173.133,-4.0,False,frame_1322.png
1322,21505,0x1B80,$04:F97F,CC,162.82,116.0,True,frame_1322.png
1322,21505,0x1BC0,$04:F97F,CC,206.5,134.598,True,frame_1322.png
1324,21507,0x1000,$04:DF96,C8,89.5,163.0,True,frame_1324.png
1324,21507,0x1040,$04:F8BC,C0,89.0,163.0,True,frame_1324.png
1324,21507,0x1080,$04:E6AF,C8,205.0,138.0,True,frame_1324.png
1324,21507,0x10C0,$04:E6AF,C8,95.0,163.0,True,frame_1324.png
1324,21507,0x16C0,$02:B04A,C8,41.512,69.129,True,frame_1324.png
1324,21507,0x1700,$02:93DD,D8,171.0,156.0,True,frame_1324.png
1324,21507,0x1780,$02:B04A,C8,27.035,89.605,True,frame_1324.png
1324,21507,0x17C0,$02:93DD,D8,191.0,156.0,True,frame_1324.png
1324,21507,0x1800,$02:B04A,C8,263.0,128.0,False,frame_1324.png
1324,21507,0x1840,$04:FCC0,D0,188.359,129.25,True,frame_1324.png
1324,21507,0x1880,$02:B04A,C8,203.703,98.695,True,frame_1324.png
1324,21507,0x18C0,$02:B04A,C8,233.324,144.191,True,frame_1324.png
1324,21507,0x1900,$02:9166,C8,118.062,184.0,True,frame_1324.png
1324,21507,0x1940,$02:9274,E0,118.0,176.0,True,frame_1324.png
1324,21507,0x1980,$02:A78D,9A,171.539,80.68,True,frame_1324.png
1324,21507,0x19C0,$02:B04A,C8,206.434,81.336,True,frame_1324.png
1324,21507,0x1AC0,$04:F97F,CC,175.0,148.516,True,frame_1324.png
1324,21507,0x1B00,$04:F97F,CC,132.832,142.5,True,frame_1324.png
1324,21507,0x1B40,$04:F97F,CC,171.891,-7.0,False,frame_1324.png
1324,21507,0x1B80,$04:F97F,CC,161.578,113.0,True,frame_1324.png
1324,21507,0x1BC0,$04:F97F,CC,209.5,133.355,True,frame_1324.png
1326,21509,0x1000,$04:DF96,C8,89.5,168.0,True,frame_1326.png
1326,21509,0x1040,$04:F8BC,C0,89.0,168.0,True,frame_1326.png
1326,21509,0x1080,$04:E6AF,C8,227.0,138.0,True,frame_1326.png
1326,21509,0x10C0,$04:E6AF,C8,117.0,163.0,True,frame_1326.png
1326,21509,0x16C0,$02:B04A,C8,43.422,67.961,True,frame_1326.png
1326,21509,0x1700,$02:93DD,D8,170.0,156.0,True,frame_1326.png
1326,21509,0x1780,$02:B04A,C8,27.992,87.062,True,frame_1326.png
1326,21509,0x17C0,$02:93DD,D8,190.0,156.0,True,frame_1326.png
1326,21509,0x1800,$02:B04A,C8,260.0,128.0,False,frame_1326.png
1326,21509,0x1840,$04:FCC0,D0,187.359,129.25,True,frame_1326.png
1326,21509,0x1880,$02:B04A,C8,200.766,98.117,True,frame_1326.png
1326,21509,0x18C0,$02:B04A,C8,230.832,142.527,True,frame_1326.png
1326,21509,0x1900,$02:9166,C8,118.688,184.0,True,frame_1326.png
1326,21509,0x1940,$02:9274,E0,118.0,176.0,True,frame_1326.png
1326,21509,0x1980,$02:A78D,9A,170.539,80.68,True,frame_1326.png
1326,21509,0x19C0,$02:B04A,C8,207.527,84.262,True,frame_1326.png
1326,21509,0x1AC0,$04:F97F,CC,172.0,147.273,True,frame_1326.png
1326,21509,0x1B00,$04:F97F,CC,134.074,139.5,True,frame_1326.png
1326,21509,0x1B40,$04:F97F,CC,170.648,-10.0,False,frame_1326.png
1326,21509,0x1B80,$04:F97F,CC,160.336,110.0,True,frame_1326.png
1326,21509,0x1BC0,$04:F97F,CC,212.5,132.113,True,frame_1326.png
1328,21511,0x1000,$04:DF96,C8,89.5,173.0,True,frame_1328.png
1328,21511,0x1040,$04:F8BC,C0,89.0,173.0,True,frame_1328.png
1328,21511,0x10C0,$04:E6AF,C8,139.0,163.0,True,frame_1328.png
1328,21511,0x16C0,$02:B04A,C8,45.41,66.965,True,frame_1328.png
1328,21511,0x1700,$02:93DD,D8,169.0,156.0,True,frame_1328.png
1328,21511,0x1780,$02:B04A,C8,29.09,84.566,True,frame_1328.png
1328,21511,0x17C0,$02:93DD,D8,189.0,156.0,True,frame_1328.png
1328,21511,0x1800,$02:B04A,C8,257.0,128.0,False,frame_1328.png
1328,21511,0x1840,$04:FCC0,D0,186.359,129.25,True,frame_1328.png
1328,21511,0x1880,$02:B04A,C8,197.828,97.539,True,frame_1328.png
1328,21511,0x18C0,$04:FCC0,D0,230.832,142.527,True,frame_1328.png
1328,21511,0x1900,$02:9166,C8,119.312,184.0,True,frame_1328.png
1328,21511,0x1940,$02:9274,E0,119.0,176.0,True,frame_1328.png
1328,21511,0x1980,$02:A78D,9A,169.539,80.68,True,frame_1328.png
1328,21511,0x19C0,$02:B04A,C8,208.434,87.547,True,frame_1328.png
1328,21511,0x1AC0,$04:F97F,CC,169.0,146.031,True,frame_1328.png
1328,21511,0x1B00,$04:F97F,CC,135.316,136.5,True,frame_1328.png
1328,21511,0x1B40,$04:F97F,CC,169.406,-13.0,False,frame_1328.png
1328,21511,0x1B80,$04:F97F,CC,159.094,107.0,True,frame_1328.png
1328,21511,0x1BC0,$04:F97F,CC,215.5,130.871,True,frame_1328.png
1330,21513,0x1000,$04:DF96,C8,89.5,178.0,True,frame_1330.png
1330,21513,0x1040,$04:F8BC,C0,89.0,178.0,True,frame_1330.png
1330,21513,0x10C0,$04:E6AF,C8,161.0,163.0,True,frame_1330.png
1330,21513,0x16C0,$02:B04A,C8,47.477,66.141,True,frame_1330.png
1330,21513,0x1700,$02:93DD,D8,168.0,156.0,True,frame_1330.png
1330,21513,0x1780,$02:B04A,C8,30.328,82.117,True,frame_1330.png
1330,21513,0x17C0,$02:93DD,D8,188.0,156.0,True,frame_1330.png
1330,21513,0x1800,$02:B04A,C8,254.508,126.336,True,frame_1330.png
1330,21513,0x1840,$04:FCC0,D0,185.359,129.25,True,frame_1330.png
1330,21513,0x1880,$02:B04A,C8,194.859,97.25,True,frame_1330.png
1330,21513,0x18C0,$04:FCC0,D0,229.832,142.527,True,frame_1330.png
1330,21513,0x1900,$02:9166,C8,119.938,184.0,True,frame_1330.png
1330,21513,0x1940,$02:9274,E0,119.0,176.0,True,frame_1330.png
1330,21513,0x1980,$02:A78D,9A,168.539,80.68,True,frame_1330.png
1330,21513,0x19C0,$02:B04A,C8,209.035,90.758,True,frame_1330.png
1330,21513,0x1AC0,$04:F97F,CC,166.0,144.789,True,frame_1330.png
1330,21513,0x1B00,$04:F97F,CC,136.559,133.5,True,frame_1330.png
1330,21513,0x1B40,$04:F97F,CC,168.164,-16.0,False,frame_1330.png
1330,21513,0x1B80,$04:F97F,CC,157.852,104.0,True,frame_1330.png
1330,21513,0x1BC0,$04:F97F,CC,218.5,129.629,True,frame_1330.png
1332,21515,0x1000,$04:DF96,C8,89.5,183.0,True,frame_1332.png
1332,21515,0x1040,$04:F8BC,C0,89.0,183.0,True,frame_1332.png
1332,21515,0x16C0,$02:B04A,C8,49.621,65.488,True,frame_1332.png
1332,21515,0x1700,$02:93DD,D8,167.0,156.0,True,frame_1332.png
1332,21515,0x1780,$02:B04A,C8,31.691,79.746,True,frame_1332.png
1332,21515,0x17C0,$02:93DD,D8,187.0,156.0,True,frame_1332.png
1332,21515,0x1800,$02:B04A,C8,252.016,124.672,True,frame_1332.png
1332,21515,0x1840,$04:FCC0,D0,184.359,129.25,True,frame_1332.png
1332,21515,0x1880,$02:B04A,C8,191.859,97.25,True,frame_1332.png
1332,21515,0x18C0,$04:FCC0,D0,228.832,142.527,True,frame_1332.png
1332,21515,0x1900,$02:9166,C8,120.562,184.0,True,frame_1332.png
1332,21515,0x1940,$02:9274,E0,120.0,176.0,True,frame_1332.png
1332,21515,0x1980,$02:A78D,9A,167.539,80.68,True,frame_1332.png
1332,21515,0x19C0,$02:B04A,C8,209.293,93.75,True,frame_1332.png
1332,21515,0x1AC0,$04:F97F,CC,163.0,143.547,True,frame_1332.png
1332,21515,0x1B00,$04:F97F,CC,137.801,130.5,True,frame_1332.png
1332,21515,0x1B40,$04:F97F,CC,166.922,-19.0,False,frame_1332.png
1332,21515,0x1B80,$04:F97F,CC,156.609,101.0,True,frame_1332.png
1332,21515,0x1BC0,$04:F97F,CC,221.5,128.387,True,frame_1332.png
1334,21517,0x1000,$04:DF96,C8,89.5,188.0,True,frame_1334.png
1334,21517,0x1040,$04:F8BC,C0,89.0,188.0,True,frame_1334.png
1334,21517,0x16C0,$02:B04A,C8,51.844,65.008,True,frame_1334.png
1334,21517,0x1700,$02:93DD,D8,166.0,156.0,True,frame_1334.png
1334,21517,0x1780,$02:B04A,C8,33.133,77.547,True,frame_1334.png
1334,21517,0x17C0,$02:93DD,D8,186.0,156.0,True,frame_1334.png
1334,21517,0x1800,$02:B04A,C8,249.523,123.008,True,frame_1334.png
1334,21517,0x1880,$02:B04A,C8,188.859,97.25,True,frame_1334.png
1334,21517,0x18C0,$04:FCC0,D0,227.832,142.527,True,frame_1334.png
1334,21517,0x1900,$02:9166,C8,121.188,184.0,True,frame_1334.png
1334,21517,0x1940,$02:9274,E0,121.0,176.0,True,frame_1334.png
1334,21517,0x1980,$02:A78D,9A,166.539,80.68,True,frame_1334.png
1334,21517,0x19C0,$02:B04A,C8,209.207,96.523,True,frame_1334.png
1334,21517,0x1AC0,$04:F97F,CC,160.0,142.305,True,frame_1334.png
1334,21517,0x1B00,$04:F97F,CC,139.043,127.5,True,frame_1334.png
1334,21517,0x1B40,$04:F97F,CC,165.68,-22.0,False,frame_1334.png
1334,21517,0x1B80,$04:F97F,CC,155.367,98.0,True,frame_1334.png
1334,21517,0x1BC0,$04:F97F,CC,224.5,127.145,True,frame_1334.png
1336,21519,0x1000,$04:DF96,C8,89.5,191.0,True,frame_1336.png
1336,21519,0x1040,$04:F8BC,C0,89.0,191.0,True,frame_1336.png
1336,21519,0x16C0,$02:B04A,C8,54.145,64.699,True,frame_1336.png
1336,21519,0x1700,$02:93DD,D8,165.0,156.0,True,frame_1336.png
1336,21519,0x1780,$02:B04A,C8,34.652,75.52,True,frame_1336.png
1336,21519,0x17C0,$02:93DD,D8,185.0,156.0,True,frame_1336.png
1336,21519,0x1800,$02:B04A,C8,247.031,121.344,True,frame_1336.png
1336,21519,0x1880,$02:B04A,C8,185.859,97.25,True,frame_1336.png
1336,21519,0x18C0,$04:FCC0,D0,226.832,142.527,True,frame_1336.png
1336,21519,0x1900,$02:9166,C8,121.812,184.0,True,frame_1336.png
1336,21519,0x1940,$02:9274,E0,121.0,176.0,True,frame_1336.png
1336,21519,0x1980,$02:A78D,9A,165.539,80.68,True,frame_1336.png
1336,21519,0x19C0,$02:B04A,C8,208.777,99.078,True,frame_1336.png
1336,21519,0x1AC0,$04:F97F,CC,157.0,141.062,True,frame_1336.png
1336,21519,0x1B00,$04:F97F,CC,140.285,124.5,True,frame_1336.png
1336,21519,0x1B40,$04:F97F,CC,164.438,-25.0,False,frame_1336.png
1336,21519,0x1B80,$04:F97F,CC,154.125,95.0,True,frame_1336.png
1336,21519,0x1BC0,$04:F97F,CC,227.5,125.902,True,frame_1336.png
1338,21521,0x1000,$04:DF96,C8,89.5,191.0,True,frame_1338.png
1338,21521,0x1040,$04:F8BC,C0,89.0,191.0,True,frame_1338.png
1338,21521,0x1080,$04:E6AF,C8,95.0,191.0,True,frame_1338.png
1338,21521,0x16C0,$02:B04A,C8,56.523,64.562,True,frame_1338.png
1338,21521,0x1700,$02:93DD,D8,164.0,156.0,True,frame_1338.png
1338,21521,0x1740,$02:93CD,D0,272.0,188.0,False,frame_1338.png
1338,21521,0x1780,$02:B04A,C8,36.25,73.664,True,frame_1338.png
1338,21521,0x17C0,$02:93DD,D8,184.0,156.0,True,frame_1338.png
1338,21521,0x1800,$02:B04A,C8,244.539,119.68,True,frame_1338.png
1338,21521,0x1880,$02:B04A,C8,182.859,97.25,True,frame_1338.png
1338,21521,0x18C0,$04:FCC0,D0,225.832,142.527,True,frame_1338.png
1338,21521,0x1900,$02:9166,C8,122.438,184.0,True,frame_1338.png
1338,21521,0x1940,$02:9274,E0,122.0,176.0,True,frame_1338.png
1338,21521,0x1980,$02:A78D,9A,164.539,80.68,True,frame_1338.png
1338,21521,0x19C0,$02:B04A,C8,208.004,101.414,True,frame_1338.png
1338,21521,0x1AC0,$04:F97F,CC,154.0,139.82,True,frame_1338.png
1338,21521,0x1B00,$04:F97F,CC,141.527,121.5,True,frame_1338.png
1338,21521,0x1B40,$04:F97F,CC,163.195,-28.0,False,frame_1338.png
1338,21521,0x1B80,$04:F97F,CC,152.883,92.0,True,frame_1338.png
1338,21521,0x1BC0,$04:F97F,CC,230.5,124.66,True,frame_1338.png
1340,21523,0x1000,$04:DF96,C8,84.5,191.0,True,frame_1340.png
1340,21523,0x1040,$04:F8BC,C0,84.0,191.0,True,frame_1340.png
1340,21523,0x1080,$04:E6E1,C0,106.0,191.0,True,frame_1340.png
1340,21523,0x16C0,$02:B04A,C8,58.98,64.598,True,frame_1340.png
1340,21523,0x1700,$02:93DD,D8,163.0,156.0,True,frame_1340.png
1340,21523,0x1740,$02:93CD,D0,271.0,188.0,False,frame_1340.png
1340,21523,0x1780,$02:B04A,C8,37.926,71.98,True,frame_1340.png
1340,21523,0x17C0,$02:93DD,D8,183.0,156.0,True,frame_1340.png
1340,21523,0x1800,$02:B04A,C8,242.047,118.016,True,frame_1340.png
1340,21523,0x1880,$02:B04A,C8,179.859,97.25,True,frame_1340.png
1340,21523,0x18C0,$04:FCC0,D0,224.832,142.527,True,frame_1340.png
1340,21523,0x1900,$02:9166,C8,123.062,184.0,True,frame_1340.png
1340,21523,0x1940,$02:9274,E0,123.0,176.0,True,frame_1340.png
1340,21523,0x1980,$02:A78D,9A,163.539,80.68,True,frame_1340.png
1340,21523,0x19C0,$02:B04A,C8,206.887,103.531,True,frame_1340.png
1340,21523,0x1AC0,$04:F97F,CC,151.0,138.578,True,frame_1340.png
1340,21523,0x1B00,$04:F97F,CC,142.77,118.5,True,frame_1340.png
1340,21523,0x1B40,$04:F97F,CC,161.953,-31.0,False,frame_1340.png
1340,21523,0x1B80,$04:F97F,CC,151.641,89.0,True,frame_1340.png
1340,21523,0x1BC0,$04:F97F,CC,233.5,123.418,True,frame_1340.png
1342,21525,0x1000,$04:DF96,C8,79.5,191.0,True,frame_1342.png
1342,21525,0x1040,$04:F8BC,C0,79.0,191.0,True,frame_1342.png
1342,21525,0x16C0,$02:B04A,C8,61.496,64.68,True,frame_1342.png
1342,21525,0x1700,$02:93DD,D8,162.0,156.0,True,frame_1342.png
1342,21525,0x1740,$02:93CD,D0,270.0,188.0,False,frame_1342.png
1342,21525,0x1780,$02:B04A,C8,39.68,70.469,True,frame_1342.png
1342,21525,0x17C0,$02:93DD,D8,182.0,156.0,True,frame_1342.png
1342,21525,0x1800,$02:B04A,C8,239.555,116.352,True,frame_1342.png
1342,21525,0x1880,$02:B04A,C8,176.859,97.25,True,frame_1342.png
1342,21525,0x18C0,$04:FCC0,D0,223.832,142.527,True,frame_1342.png
1342,21525,0x1900,$02:9166,C8,123.688,184.0,True,frame_1342.png
1342,21525,0x1940,$02:9274,E0,123.0,176.0,True,frame_1342.png
1342,21525,0x1980,$02:A78D,9A,162.539,80.68,True,frame_1342.png
1342,21525,0x19C0,$02:B04A,C8,205.426,105.43,True,frame_1342.png
1342,21525,0x1AC0,$04:F97F,CC,148.0,137.336,True,frame_1342.png
1342,21525,0x1B00,$04:F97F,CC,144.012,115.5,True,frame_1342.png
1342,21525,0x1B40,$04:F97F,CC,160.711,-34.0,False,frame_1342.png
1342,21525,0x1B80,$04:F97F,CC,150.398,86.0,True,frame_1342.png
1342,21525,0x1BC0,$04:F97F,CC,236.5,122.176,True,frame_1342.png
1344,21527,0x1000,$04:DF96,C8,74.5,191.0,True,frame_1344.png
1344,21527,0x1040,$04:F8BC,C0,74.0,191.0,True,frame_1344.png
1344,21527,0x16C0,$02:B04A,C8,64.012,64.68,True,frame_1344.png
1344,21527,0x1700,$02:93DD,D8,161.0,156.0,True,frame_1344.png
1344,21527,0x1740,$02:93CD,D0,269.0,188.0,False,frame_1344.png
1344,21527,0x1780,$02:B04A,C8,41.512,69.129,True,frame_1344.png
1344,21527,0x17C0,$02:93DD,D8,181.0,156.0,True,frame_1344.png
1344,21527,0x1800,$02:B04A,C8,237.062,114.688,True,frame_1344.png
1344,21527,0x1880,$02:B04A,C8,173.859,97.25,True,frame_1344.png
1344,21527,0x18C0,$04:FCC0,D0,222.832,142.527,True,frame_1344.png
1344,21527,0x1900,$02:9166,C8,124.312,184.0,True,frame_1344.png
1344,21527,0x1940,$02:9274,E0,124.0,176.0,True,frame_1344.png
1344,21527,0x1980,$02:A78D,9A,161.539,80.68,True,frame_1344.png
1344,21527,0x19C0,$02:B04A,C8,203.621,107.109,True,frame_1344.png
1344,21527,0x1AC0,$04:F97F,CC,145.0,136.094,True,frame_1344.png
1344,21527,0x1B00,$04:F97F,CC,145.254,112.5,True,frame_1344.png
1344,21527,0x1B80,$04:F97F,CC,149.156,83.0,True,frame_1344.png
1344,21527,0x1BC0,$04:F97F,CC,239.5,120.934,True,frame_1344.png
1346,21529,0x1000,$04:DF96,C8,69.5,191.0,True,frame_1346.png
1346,21529,0x1040,$04:F8BC,C0,69.0,191.0,True,frame_1346.png
1346,21529,0x16C0,$02:B04A,C8,66.527,64.68,True,frame_1346.png
1346,21529,0x1700,$02:93DD,D8,160.0,156.0,True,frame_1346.png
1346,21529,0x1740,$02:93CD,D0,268.0,188.0,False,frame_1346.png
1346,21529,0x1780,$02:B04A,C8,43.422,67.961,True,frame_1346.png
1346,21529,0x17C0,$02:93DD,D8,180.0,156.0,True,frame_1346.png
1346,21529,0x1800,$02:B04A,C8,234.57,113.023,True,frame_1346.png
1346,21529,0x1880,$02:B04A,C8,170.859,97.25,True,frame_1346.png
1346,21529,0x18C0,$04:FCC0,D0,221.832,142.527,True,frame_1346.png
1346,21529,0x1900,$02:9166,C8,124.938,184.0,True,frame_1346.png
1346,21529,0x1940,$02:9274,E0,124.0,176.0,True,frame_1346.png
1346,21529,0x1980,$02:A78D,9A,160.539,80.68,True,frame_1346.png
1346,21529,0x19C0,$02:B04A,C8,201.473,108.57,True,frame_1346.png
1346,21529,0x1AC0,$04:F97F,CC,142.0,134.852,True,frame_1346.png
1346,21529,0x1B00,$04:F97F,CC,146.496,109.5,True,frame_1346.png
1346,21529,0x1B80,$04:F97F,CC,147.914,80.0,True,frame_1346.png
1346,21529,0x1BC0,$04:F97F,CC,242.5,119.691,True,frame_1346.png
1348,21531,0x1000,$04:DF96,C8,64.5,191.0,True,frame_1348.png
1348,21531,0x1040,$04:F8BC,C0,64.0,191.0,True,frame_1348.png
1348,21531,0x1080,$04:E6AF,C8,70.0,191.0,True,frame_1348.png
1348,21531,0x16C0,$02:B04A,C8,69.043,64.68,True,frame_1348.png
1348,21531,0x1700,$02:93DD,D8,159.0,156.0,True,frame_1348.png
1348,21531,0x1740,$02:93CD,D0,267.0,188.0,False,frame_1348.png
1348,21531,0x1780,$02:B04A,C8,45.41,66.965,True,frame_1348.png
1348,21531,0x17C0,$02:93DD,D8,179.0,156.0,True,frame_1348.png
1348,21531,0x1800,$02:B04A,C8,232.078,111.359,True,frame_1348.png
1348,21531,0x1880,$02:B04A,C8,167.859,97.25,True,frame_1348.png
1348,21531,0x18C0,$04:FCC0,D0,220.832,142.527,True,frame_1348.png
1348,21531,0x1900,$02:9166,C8,125.562,184.0,True,frame_1348.png
1348,21531,0x1940,$02:9274,E0,125.0,176.0,True,frame_1348.png
1348,21531,0x1980,$02:A78D,9A,159.539,80.68,True,frame_1348.png
1348,21531,0x19C0,$02:B04A,C8,198.98,109.812,True,frame_1348.png
1348,21531,0x1AC0,$04:F97F,CC,139.0,133.609,True,frame_1348.png
1348,21531,0x1B00,$04:F97F,CC,147.738,106.5,True,frame_1348.png
1348,21531,0x1B80,$04:F97F,CC,146.672,77.0,True,frame_1348.png
1348,21531,0x1BC0,$04:F97F,CC,245.5,118.449,True,frame_1348.png
1350,21533,0x1000,$04:DF96,C8,59.5,191.0,True,frame_1350.png
1350,21533,0x1040,$04:F8BC,C0,59.0,191.0,True,frame_1350.png
1350,21533,0x1080,$04:E6AF,C8,92.0,191.0,True,frame_1350.png
1350,21533,0x16C0,$02:B04A,C8,71.559,64.68,True,frame_1350.png
1350,21533,0x1700,$02:93DD,D8,158.0,156.0,True,frame_1350.png
1350,21533,0x1740,$02:93CD,D0,266.0,188.0,False,frame_1350.png
1350,21533,0x1780,$02:B04A,C8,47.477,66.141,True,frame_1350.png
1350,21533,0x17C0,$02:93DD,D8,178.0,156.0,True,frame_1350.png
1350,21533,0x1800,$02:B04A,C8,229.586,109.695,True,frame_1350.png
1350,21533,0x1880,$02:B04A,C8,164.859,97.25,True,frame_1350.png
1350,21533,0x18C0,$04:FCC0,D0,219.832,142.527,True,frame_1350.png
1350,21533,0x1900,$02:9166,C8,126.188,184.0,True,frame_1350.png
1350,21533,0x1940,$02:9274,E0,126.0,176.0,True,frame_1350.png
1350,21533,0x1980,$02:A78D,9A,158.539,80.68,True,frame_1350.png
1350,21533,0x19C0,$02:B04A,C8,196.145,110.836,True,frame_1350.png
1350,21533,0x1AC0,$04:F97F,CC,136.0,132.367,True,frame_1350.png
1350,21533,0x1B00,$04:F97F,CC,148.98,103.5,True,frame_1350.png
1350,21533,0x1B80,$04:F97F,CC,145.43,74.0,True,frame_1350.png
1350,21533,0x1BC0,$04:F97F,CC,248.5,117.207,True,frame_1350.png
1352,21535,0x1000,$04:DF96,C8,54.5,191.0,True,frame_1352.png
1352,21535,0x1040,$04:F8BC,C0,54.0,191.0,True,frame_1352.png
1352,21535,0x1080,$04:E6AF,C8,114.0,191.0,True,frame_1352.png
1352,21535,0x16C0,$02:B04A,C8,74.074,64.68,True,frame_1352.png
1352,21535,0x1700,$02:93DD,D8,157.0,156.0,True,frame_1352.png
1352,21535,0x1740,$02:93CD,D0,265.0,188.0,False,frame_1352.png
1352,21535,0x1780,$02:B04A,C8,49.621,65.488,True,frame_1352.png
1352,21535,0x17C0,$02:93DD,D8,177.0,156.0,True,frame_1352.png
1352,21535,0x1800,$02:B04A,C8,227.094,108.031,True,frame_1352.png
1352,21535,0x1880,$02:B04A,C8,161.859,97.25,True,frame_1352.png
1352,21535,0x18C0,$04:FCC0,D0,218.832,142.527,True,frame_1352.png
1352,21535,0x1900,$02:9203,D8,126.188,184.0,True,frame_1352.png
1352,21535,0x1940,$02:9274,E0,126.0,176.0,True,frame_1352.png
1352,21535,0x1980,$02:A78D,9A,157.539,80.68,True,frame_1352.png
1352,21535,0x19C0,$02:B04A,C8,192.965,111.641,True,frame_1352.png
1352,21535,0x1AC0,$04:F97F,CC,133.0,131.125,True,frame_1352.png
1352,21535,0x1B00,$04:F97F,CC,150.223,100.5,True,frame_1352.png
1352,21535,0x1B80,$04:F97F,CC,144.188,71.0,True,frame_1352.png
1352,21535,0x1BC0,$04:F97F,CC,251.5,115.965,True,frame_1352.png
1354,21537,0x1000,$04:DF96,C8,49.5,191.0,True,frame_1354.png
1354,21537,0x1040,$04:F8BC,C0,49.0,191.0,True,frame_1354.png
1354,21537,0x16C0,$02:B04A,C8,76.59,64.68,True,frame_1354.png
1354,21537,0x1700,$02:93DD,D8,156.0,156.0,True,frame_1354.png
1354,21537,0x1740,$02:93CD,D0,264.0,188.0,False,frame_1354.png
1354,21537,0x1780,$02:B04A,C8,51.844,65.008,True,frame_1354.png
1354,21537,0x17C0,$02:93DD,D8,176.0,156.0,True,frame_1354.png
1354,21537,0x1800,$02:B04A,C8,224.602,106.367,True,frame_1354.png
1354,21537,0x1880,$02:B04A,C8,158.859,97.25,True,frame_1354.png
1354,21537,0x1900,$04:FCC0,D0,126.188,184.0,True,frame_1354.png
1354,21537,0x1980,$02:A78D,9A,156.539,80.68,True,frame_1354.png
1354,21537,0x19C0,$02:B04A,C8,189.699,112.391,True,frame_1354.png
1354,21537,0x1AC0,$04:F97F,CC,130.0,129.883,True,frame_1354.png
1354,21537,0x1B00,$04:F97F,CC,151.465,97.5,True,frame_1354.png
1354,21537,0x1B80,$04:F97F,CC,142.945,68.0,True,frame_1354.png
1354,21537,0x1BC0,$04:F97F,CC,254.5,114.723,True,frame_1354.png
1356,21539,0x1000,$04:DF96,C8,44.5,191.0,True,frame_1356.png
1356,21539,0x1040,$04:F8BC,C0,44.0,191.0,True,frame_1356.png
1356,21539,0x16C0,$02:B04A,C8,79.105,64.68,True,frame_1356.png
1356,21539,0x1700,$02:93DD,D8,155.0,156.0,True,frame_1356.png
1356,21539,0x1740,$02:93CD,D0,263.0,188.0,False,frame_1356.png
1356,21539,0x1780,$02:B04A,C8,54.145,64.699,True,frame_1356.png
1356,21539,0x17C0,$02:93DD,D8,175.0,156.0,True,frame_1356.png
1356,21539,0x1800,$02:B04A,C8,222.109,104.703,True,frame_1356.png
1356,21539,0x1880,$02:B04A,C8,155.859,97.25,True,frame_1356.png
1356,21539,0x1900,$04:FCC0,D0,125.188,184.0,True,frame_1356.png
1356,21539,0x1980,$02:A78D,9A,155.539,80.68,True,frame_1356.png
1356,21539,0x19C0,$02:B04A,C8,186.434,113.141,True,frame_1356.png
1356,21539,0x1AC0,$04:F97F,CC,127.0,128.641,True,frame_1356.png
1356,21539,0x1B00,$04:F97F,CC,152.707,94.5,True,frame_1356.png
1356,21539,0x1B80,$04:F97F,CC,141.703,65.0,True,frame_1356.png
1356,21539,0x1BC0,$04:F97F,CC,257.5,113.48,False,frame_1356.png
1358,21541,0x1000,$04:DF96,C8,39.5,191.0,True,frame_1358.png
1358,21541,0x1040,$04:F8BC,C0,39.0,191.0,True,frame_1358.png
1358,21541,0x16C0,$02:B04A,C8,81.621,64.777,True,frame_1358.png
1358,21541,0x1700,$02:93DD,D8,154.0,156.0,True,frame_1358.png
1358,21541,0x1740,$02:93CD,D0,262.0,188.0,False,frame_1358.png
1358,21541,0x1780,$02:B04A,C8,56.523,64.562,True,frame_1358.png
1358,21541,0x17C0,$02:93DD,D8,174.0,156.0,True,frame_1358.png
1358,21541,0x1800,$02:B04A,C8,219.344,103.562,True,frame_1358.png
1358,21541,0x1880,$02:B04A,C8,152.859,97.25,True,frame_1358.png
1358,21541,0x1900,$04:FCC0,D0,124.188,184.0,True,frame_1358.png
1358,21541,0x1980,$02:A78D,9A,154.539,80.68,True,frame_1358.png
1358,21541,0x19C0,$02:B04A,C8,183.168,113.891,True,frame_1358.png
1358,21541,0x1AC0,$04:F97F,CC,124.0,127.398,True,frame_1358.png
1358,21541,0x1B00,$04:F97F,CC,153.949,91.5,True,frame_1358.png
1358,21541,0x1B80,$04:F97F,CC,140.461,62.0,True,frame_1358.png
1358,21541,0x1BC0,$04:F97F,CC,260.5,112.238,False,frame_1358.png
1360,21543,0x1000,$04:DF96,C8,34.5,191.0,True,frame_1360.png
1360,21543,0x1040,$04:F8BC,C0,34.0,191.0,True,frame_1360.png
1360,21543,0x16C0,$02:B04A,C8,84.137,65.02,True,frame_1360.png
1360,21543,0x1700,$02:93DD,D8,153.0,156.0,True,frame_1360.png
1360,21543,0x1740,$02:93CD,D0,261.0,188.0,False,frame_1360.png
1360,21543,0x1780,$02:B04A,C8,58.98,64.598,True,frame_1360.png
1360,21543,0x17C0,$02:93DD,D8,173.0,156.0,True,frame_1360.png
1360,21543,0x1800,$02:B04A,C8,216.578,102.422,True,frame_1360.png
1360,21543,0x1880,$02:B04A,C8,149.859,97.25,True,frame_1360.png
1360,21543,0x1900,$04:FCC0,D0,123.188,184.0,True,frame_1360.png
1360,21543,0x1980,$02:A78D,9A,153.539,80.68,True,frame_1360.png
1360,21543,0x19C0,$02:B04A,C8,179.902,114.641,True,frame_1360.png
1360,21543,0x1AC0,$04:F97F,CC,121.0,126.156,True,frame_1360.png
1360,21543,0x1B00,$04:F97F,CC,155.191,88.5,True,frame_1360.png
1360,21543,0x1B80,$04:F97F,CC,139.219,59.0,True,frame_1360.png
1360,21543,0x1BC0,$04:F97F,CC,263.5,110.996,False,frame_1360.png
1362,21545,0x1000,$04:DF96,C8,29.5,191.0,True,frame_1362.png
1362,21545,0x1040,$04:F8BC,C0,29.0,191.0,True,frame_1362.png
1362,21545,0x1080,$04:E6AF,C8,35.0,191.0,True,frame_1362.png
1362,21545,0x16C0,$02:B04A,C8,86.652,65.324,True,frame_1362.png
1362,21545,0x1700,$02:93DD,D8,152.0,156.0,True,frame_1362.png
1362,21545,0x1740,$02:93CD,D0,260.0,188.0,False,frame_1362.png
1362,21545,0x1780,$02:B04A,C8,61.496,64.68,True,frame_1362.png
1362,21545,0x17C0,$02:93DD,D8,172.0,156.0,True,frame_1362.png
1362,21545,0x1800,$02:B04A,C8,213.812,101.281,True,frame_1362.png
1362,21545,0x1880,$02:B04A,C8,146.859,97.25,True,frame_1362.png
1362,21545,0x1900,$04:FCC0,D0,122.188,184.0,True,frame_1362.png
1362,21545,0x1980,$02:A78D,9A,152.539,80.68,True,frame_1362.png
1362,21545,0x19C0,$02:B04A,C8,176.637,115.391,True,frame_1362.png
1362,21545,0x1AC0,$04:F97F,CC,118.0,124.914,True,frame_1362.png
1362,21545,0x1B00,$04:F97F,CC,156.434,85.5,True,frame_1362.png
1362,21545,0x1B80,$04:F97F,CC,137.977,56.0,True,frame_1362.png
1362,21545,0x1BC0,$04:F97F,CC,266.5,109.754,False,frame_1362.png
1364,21547,0x1000,$04:DF96,C8,24.5,191.0,True,frame_1364.png
1364,21547,0x1040,$04:F8BC,C0,24.0,191.0,True,frame_1364.png
1364,21547,0x1080,$04:E6AF,C8,57.0,191.0,True,frame_1364.png
1364,21547,0x16C0,$02:B04A,C8,89.168,65.691,True,frame_1364.png
1364,21547,0x1700,$02:93DD,D8,151.0,156.0,True,frame_1364.png
1364,21547,0x1740,$02:93CD,D0,259.0,188.0,False,frame_1364.png
1364,21547,0x1780,$02:B04A,C8,64.012,64.68,True,frame_1364.png
1364,21547,0x17C0,$02:93DD,D8,171.0,156.0,True,frame_1364.png
1364,21547,0x1800,$02:B04A,C8,211.047,100.141,True,frame_1364.png
1364,21547,0x1880,$02:B04A,C8,143.859,97.25,True,frame_1364.png
1364,21547,0x1900,$04:FCC0,D0,121.188,184.0,True,frame_1364.png
1364,21547,0x1980,$02:A78D,9A,151.539,80.68,True,frame_1364.png
1364,21547,0x19C0,$02:B04A,C8,173.371,116.141,True,frame_1364.png
1364,21547,0x1AC0,$04:F97F,CC,115.0,123.672,True,frame_1364.png
1364,21547,0x1B00,$04:F97F,CC,157.676,82.5,True,frame_1364.png
1364,21547,0x1B80,$04:F97F,CC,136.734,53.0,True,frame_1364.png
1364,21547,0x1BC0,$04:F97F,CC,269.5,108.512,False,frame_1364.png
1366,21549,0x1000,$04:DF96,C8,19.5,191.0,True,frame_1366.png
1366,21549,0x1040,$04:F8BC,C0,19.0,191.0,True,frame_1366.png
1366,21549,0x1080,$04:E6AF,C8,79.0,191.0,True,frame_1366.png
1366,21549,0x16C0,$02:B04A,C8,91.684,66.121,True,frame_1366.png
1366,21549,0x1700,$02:93DD,D8,150.0,156.0,True,frame_1366.png
1366,21549,0x1740,$02:93CD,D0,258.0,188.0,False,frame_1366.png
1366,21549,0x1780,$02:B04A,C8,66.527,64.68,True,frame_1366.png
1366,21549,0x17C0,$02:93DD,D8,170.0,156.0,True,frame_1366.png
1366,21549,0x1800,$02:B04A,C8,208.109,99.562,True,frame_1366.png
1366,21549,0x1880,$02:B04A,C8,140.859,97.25,True,frame_1366.png
1366,21549,0x1900,$04:FCC0,D0,120.188,184.0,True,frame_1366.png
1366,21549,0x1980,$02:A78D,9A,150.539,80.68,True,frame_1366.png
1366,21549,0x19C0,$02:B04A,C8,170.105,116.891,True,frame_1366.png
1366,21549,0x1AC0,$04:F97F,CC,112.0,122.43,True,frame_1366.png
1366,21549,0x1B00,$04:F97F,CC,158.918,79.5,True,frame_1366.png
1366,21549,0x1B80,$04:F97F,CC,135.492,50.0,True,frame_1366.png
1366,21549,0x1BC0,$04:F97F,CC,272.5,107.27,False,frame_1366.png
1368,21551,0x1000,$04:DF96,C8,16.5,191.0,True,frame_1368.png
1368,21551,0x1040,$04:F8BC,C0,16.0,191.0,True,frame_1368.png
1368,21551,0x1080,$04:E6AF,C8,101.0,191.0,True,frame_1368.png
1368,21551,0x16C0,$02:B04A,C8,94.199,66.613,True,frame_1368.png
1368,21551,0x1700,$02:93DD,D8,149.0,156.0,True,frame_1368.png
1368,21551,0x1740,$02:93CD,D0,257.0,188.0,False,frame_1368.png
1368,21551,0x1780,$02:B04A,C8,69.043,64.68,True,frame_1368.png
1368,21551,0x17C0,$02:93DD,D8,169.0,156.0,True,frame_1368.png
1368,21551,0x1800,$02:B04A,C8,205.172,98.984,True,frame_1368.png
1368,21551,0x1880,$02:B04A,C8,137.859,97.25,True,frame_1368.png
1368,21551,0x1900,$04:FCC0,D0,119.188,184.0,True,frame_1368.png
1368,21551,0x1980,$02:A78D,9A,149.539,80.68,True,frame_1368.png
1368,21551,0x19C0,$02:B04A,C8,166.84,117.641,True,frame_1368.png
1368,21551,0x1AC0,$04:F97F,CC,109.0,121.188,True,frame_1368.png
1368,21551,0x1B00,$04:F97F,CC,160.16,76.5,True,frame_1368.png
1368,21551,0x1B40,$04:F97F,CC,90.379,67.5,True,frame_1368.png
1368,21551,0x1B80,$04:F97F,CC,134.25,47.0,True,frame_1368.png
1368,21551,0x1BC0,$04:F97F,CC,275.5,106.027,False,frame_1368.png
1370,21553,0x1000,$04:DF96,C8,16.5,191.0,True,frame_1370.png
1370,21553,0x1040,$04:F8BC,C0,16.0,191.0,True,frame_1370.png
1370,21553,0x1080,$04:E6AF,C8,123.0,191.0,True,frame_1370.png
1370,21553,0x16C0,$02:B04A,C8,96.715,67.168,True,frame_1370.png
1370,21553,0x1700,$02:93DD,D8,148.0,156.0,True,frame_1370.png
1370,21553,0x1740,$02:93CD,D0,256.0,188.0,False,frame_1370.png
1370,21553,0x1780,$02:B04A,C8,71.559,64.68,True,frame_1370.png
1370,21553,0x17C0,$02:93DD,D8,168.0,156.0,True,frame_1370.png
1370,21553,0x1800,$02:B04A,C8,202.234,98.406,True,frame_1370.png
1370,21553,0x1880,$02:B04A,C8,134.859,97.25,True,frame_1370.png
1370,21553,0x1900,$04:FCC0,D0,118.188,184.0,True,frame_1370.png
1370,21553,0x1980,$02:A78D,9A,148.539,80.68,True,frame_1370.png
1370,21553,0x19C0,$02:B04A,C8,163.574,118.391,True,frame_1370.png
1370,21553,0x1AC0,$04:F97F,CC,106.0,119.945,True,frame_1370.png
1370,21553,0x1B00,$04:F97F,CC,161.402,73.5,True,frame_1370.png
1370,21553,0x1B40,$04:F97F,CC,89.137,70.5,True,frame_1370.png
1370,21553,0x1B80,$04:F97F,CC,133.008,44.0,True,frame_1370.png
1370,21553,0x1BC0,$04:F97F,CC,278.5,104.785,False,frame_1370.png
1372,21555,0x1000,$04:DF96,C8,16.5,191.0,True,frame_1372.png
1372,21555,0x1040,$04:F8BC,C0,16.0,191.0,True,frame_1372.png
1372,21555,0x1080,$04:E6E1,C8,145.0,191.0,True,frame_1372.png
1372,21555,0x10C0,$04:E6AF,C8,22.0,191.0,True,frame_1372.png
1372,21555,0x16C0,$02:B04A,C8,99.23,67.785,True,frame_1372.png
1372,21555,0x1700,$02:93DD,D8,147.0,156.0,True,frame_1372.png
1372,21555,0x1740,$02:93CD,D0,255.0,188.0,True,frame_1372.png
1372,21555,0x1780,$02:B04A,C8,74.074,64.68,True,frame_1372.png
1372,21555,0x17C0,$02:93DD,D8,167.0,156.0,True,frame_1372.png
1372,21555,0x1800,$02:B04A,C8,199.297,97.828,True,frame_1372.png
1372,21555,0x1880,$02:B04A,C8,131.859,97.25,True,frame_1372.png
1372,21555,0x1900,$04:FCC0,D0,117.188,184.0,True,frame_1372.png
1372,21555,0x1980,$02:A78D,9A,147.539,80.68,True,frame_1372.png
1372,21555,0x19C0,$02:B04A,C8,160.309,119.141,True,frame_1372.png
1372,21555,0x1AC0,$04:F97F,CC,103.0,118.703,True,frame_1372.png
1372,21555,0x1B00,$04:F97F,CC,162.645,70.5,True,frame_1372.png
1372,21555,0x1B40,$04:F97F,CC,87.895,73.5,True,frame_1372.png
1372,21555,0x1B80,$04:F97F,CC,131.766,41.0,True,frame_1372.png
1372,21555,0x1BC0,$04:F97F,CC,281.5,103.543,False,frame_1372.png
1372,21555,0x1C00,$04:F97F,CC,161.0,118.0,True,frame_1372.png
1374,21557,0x1000,$04:DF96,C8,16.5,191.0,True,frame_1374.png
1374,21557,0x1040,$04:F8BC,C0,16.0,191.0,True,frame_1374.png
1374,21557,0x10C0,$04:E6AF,C8,44.0,191.0,True,frame_1374.png
1374,21557,0x16C0,$02:B04A,C8,101.746,68.465,True,frame_1374.png
1374,21557,0x1700,$02:93DD,D8,146.0,156.0,True,frame_1374.png
1374,21557,0x1740,$02:93CD,D0,254.0,188.0,True,frame_1374.png
1374,21557,0x1780,$02:B04A,C8,76.59,64.68,True,frame_1374.png
1374,21557,0x17C0,$02:93DD,D8,166.0,156.0,True,frame_1374.png
1374,21557,0x1800,$02:B04A,C8,196.359,97.25,True,frame_1374.png
1374,21557,0x1880,$02:B04A,C8,128.859,97.25,True,frame_1374.png
1374,21557,0x1900,$04:FCC0,D0,116.188,184.0,True,frame_1374.png
1374,21557,0x1980,$02:A78D,9A,146.539,80.68,True,frame_1374.png
1374,21557,0x19C0,$02:B04A,C8,157.043,119.891,True,frame_1374.png
1374,21557,0x1AC0,$04:F97F,CC,100.0,117.461,True,frame_1374.png
1374,21557,0x1B00,$04:F97F,CC,163.887,67.5,True,frame_1374.png
1374,21557,0x1B40,$04:F97F,CC,86.652,76.5,True,frame_1374.png
1374,21557,0x1B80,$04:F97F,CC,130.523,38.0,True,frame_1374.png
1374,21557,0x1BC0,$04:F97F,CC,284.5,102.301,False,frame_1374.png
1374,21557,0x1C00,$04:F97F,CC,158.0,119.242,True,frame_1374.png
1376,21559,0x1000,$04:DF96,C8,16.5,191.0,True,frame_1376.png
1376,21559,0x1040,$04:F8BC,C0,16.0,191.0,True,frame_1376.png
1376,21559,0x10C0,$04:E6AF,C8,66.0,191.0,True,frame_1376.png
1376,21559,0x16C0,$02:B04A,C8,104.262,69.207,True,frame_1376.png
1376,21559,0x1700,$02:93DD,D8,145.0,156.0,True,frame_1376.png
1376,21559,0x1740,$02:93CD,D0,253.0,188.0,True,frame_1376.png
1376,21559,0x1780,$02:B04A,C8,79.105,64.68,True,frame_1376.png
1376,21559,0x17C0,$02:93DD,D8,165.0,156.0,True,frame_1376.png
1376,21559,0x1800,$02:B04A,C8,193.359,97.25,True,frame_1376.png
1376,21559,0x1880,$02:B04A,C8,125.859,97.25,True,frame_1376.png
1376,21559,0x1900,$04:FCC0,D0,115.188,184.0,True,frame_1376.png
1376,21559,0x1980,$02:A78D,9A,145.539,80.68,True,frame_1376.png
1376,21559,0x19C0,$02:B04A,C8,153.777,120.641,True,frame_1376.png
1376,21559,0x1AC0,$04:F97F,CC,97.0,116.219,True,frame_1376.png
1376,21559,0x1B00,$04:F97F,CC,165.129,64.5,True,frame_1376.png
1376,21559,0x1B40,$04:F97F,CC,85.41,79.5,True,frame_1376.png
1376,21559,0x1B80,$04:F97F,CC,129.281,35.0,True,frame_1376.png
1376,21559,0x1BC0,$04:F97F,CC,287.5,101.059,False,frame_1376.png
1376,21559,0x1C00,$04:F97F,CC,155.0,120.484,True,frame_1376.png
1378,21561,0x1000,$04:DF96,C8,16.5,191.0,True,frame_1378.png
1378,21561,0x1040,$04:F8BC,C0,16.0,191.0,True,frame_1378.png
1378,21561,0x10C0,$04:E6AF,C8,88.0,191.0,True,frame_1378.png
1378,21561,0x16C0,$02:B04A,C8,106.777,70.012,True,frame_1378.png
1378,21561,0x1700,$02:93DD,D8,144.0,156.0,True,frame_1378.png
1378,21561,0x1740,$02:93DD,D8,252.0,188.0,True,frame_1378.png
1378,21561,0x1780,$02:B04A,C8,81.621,64.777,True,frame_1378.png
1378,21561,0x17C0,$02:93DD,D8,164.0,156.0,True,frame_1378.png
1378,21561,0x1800,$02:B04A,C8,190.359,97.25,True,frame_1378.png
1378,21561,0x1880,$02:B04A,C8,122.859,97.25,True,frame_1378.png
1378,21561,0x1900,$04:FCC0,D0,114.188,184.0,True,frame_1378.png
1378,21561,0x1980,$02:A78D,9A,144.539,80.68,True,frame_1378.png
1378,21561,0x19C0,$02:B04A,C8,150.512,121.391,True,frame_1378.png
1378,21561,0x1AC0,$04:F97F,CC,94.0,114.977,True,frame_1378.png
1378,21561,0x1B00,$04:F97F,CC,166.371,61.5,True,frame_1378.png
1378,21561,0x1B40,$04:F97F,CC,84.168,82.5,True,frame_1378.png
1378,21561,0x1B80,$04:F97F,CC,128.039,32.0,True,frame_1378.png
1378,21561,0x1C00,$04:F97F,CC,152.0,121.727,True,frame_1378.png
1380,21563,0x1000,$04:DF96,C8,16.5,191.0,True,frame_1380.png
1380,21563,0x1040,$04:F8BC,C0,16.0,191.0,True,frame_1380.png
1380,21563,0x10C0,$04:E6AF,C8,110.0,191.0,True,frame_1380.png
1380,21563,0x16C0,$02:B04A,C8,109.293,70.879,True,frame_1380.png
1380,21563,0x1700,$02:93DD,D8,143.0,156.0,True,frame_1380.png
1380,21563,0x1740,$02:93DD,D8,251.0,188.0,True,frame_1380.png
1380,21563,0x1780,$02:B04A,C8,84.137,65.02,True,frame_1380.png
1380,21563,0x17C0,$02:93DD,D8,163.0,156.0,True,frame_1380.png
1380,21563,0x1800,$02:B04A,C8,187.359,97.25,True,frame_1380.png
1380,21563,0x1880,$02:B04A,C8,119.859,97.25,True,frame_1380.png
1380,21563,0x1980,$02:A78D,9A,143.539,80.68,True,frame_1380.png
1380,21563,0x19C0,$02:B04A,C8,147.246,122.141,True,frame_1380.png
1380,21563,0x1AC0,$04:F97F,CC,91.0,113.734,True,frame_1380.png
1380,21563,0x1B00,$04:F97F,CC,167.613,58.5,True,frame_1380.png
1380,21563,0x1B40,$04:F97F,CC,82.926,85.5,True,frame_1380.png
1380,21563,0x1B80,$04:F97F,CC,126.797,29.0,True,frame_1380.png
1380,21563,0x1C00,$04:F97F,CC,149.0,122.969,True,frame_1380.png
