frame,address,previous,current
20193,0x0004,18,22
20193,0x0020,112,200
20193,0x0021,0,76
20193,0x0022,104,0
20193,0x0028,0,32
20193,0x002E,65,0
20193,0x0049,2,4
20193,0x0068,16,24
20193,0x0069,191,201
20193,0x006B,121,131
20193,0x006D,0,48
20193,0x007B,39,44
20193,0x00AD,80,90
20193,0x00B7,0,2
20193,0x00B8,1,0
20193,0x00BA,0,1
20193,0x00BF,96,104
20193,0x00C2,4,5
20193,0x00CD,120,135
20193,0x00CE,240,14
20193,0x00CF,144,195
20193,0x00D0,49,119
20193,0x0176,21,20
20193,0x01BB,66,6
20193,0x01BC,8,233
20193,0x01FE,8,14
20193,0x02F6,155,16
20193,0x0305,88,92
20193,0x0306,152,151
20193,0x030D,102,106
20193,0x030E,152,151
20193,0x0315,116,120
20193,0x0316,152,151
20193,0x031D,130,134
20193,0x031E,152,151
20193,0x0325,144,148
20193,0x0326,152,151
20193,0x032D,158,162
20193,0x032E,152,151
20193,0x0501,137,139
20193,0x0508,66,69
20193,0x0509,94,85
20193,0x050A,4,20
20193,0x050B,8,20
20193,0x050F,2,138
20193,0x0510,84,86
20193,0x0512,12,40
20193,0x0620,224,0
20193,0x0621,22,0
20193,0x0622,240,0
20193,0x0623,22,0
20193,0x0624,9,0
20193,0x0625,23,0
20193,0x0626,11,0
20193,0x0627,16,0
20193,0x0628,15,0
20193,0x0629,23,0
20193,0x062A,29,0
20193,0x062B,23,0
20193,0x062C,11,0
20193,0x062D,16,0
20193,0x062E,199,0
20193,0x062F,22,0
20193,0x0630,195,0
20193,0x0631,22,0
20193,0x0632,199,0
20193,0x0633,22,0
20193,0x0901,224,104
20193,0x0905,224,104
20193,0x0B00,0,10
20193,0x0B22,9,11
20193,0x0B24,19,22
20193,0x0B26,39,44
20193,0x0B28,78,88
20193,0x0B82,9,11
20193,0x0B84,19,22
20193,0x0B86,39,44
20193,0x0B88,78,88
20193,0x0F99,39,44
20193,0x0F9D,39,44
20193,0x0FD1,39,44
20193,0x0FF0,39,44
20193,0x1000,128,192
20193,0x1033,40,30
20203,0x0004,22,24
20203,0x0020,200,112
20203,0x0021,76,0
20203,0x0022,0,104
20203,0x0028,32,0
20203,0x002E,0,65
20203,0x0049,4,2
20203,0x0068,24,16
20203,0x0069,201,211
20203,0x006B,131,141
20203,0x006D,48,0
20203,0x007B,44,49
20203,0x00AD,90,100
20203,0x00B7,2,0
20203,0x00CD,135,150
20203,0x00CE,14,44
20203,0x00CF,195,245
20203,0x00D0,119,189
20203,0x01BB,6,66
20203,0x01BC,233,8
20203,0x01FC,75,107
20203,0x01FE,14,4
20203,0x01FF,0,143
20203,0x02F6,16,155
20203,0x0301,8,41
20203,0x0303,14,10
20203,0x0305,92,220
20203,0x0306,151,148
20203,0x0309,40,73
20203,0x030B,14,10
20203,0x030D,106,230
20203,0x030E,151,148
20203,0x0311,72,105
20203,0x0313,14,10
20203,0x0315,120,240
20203,0x0316,151,148
20203,0x0319,104,137
20203,0x031B,14,10
20203,0x031D,134,250
20203,0x031E,151,148
20203,0x0501,139,67
20203,0x0502,86,94
20203,0x0503,20,4
20203,0x0508,69,3
20203,0x0509,85,84
20203,0x050B,20,4
20203,0x050F,138,134
20203,0x0510,86,94
20203,0x0512,40,24
20203,0x0516,132,70
20203,0x0517,94,85
20203,0x0519,32,44
20203,0x051D,68,140
20203,0x051E,85,86
20203,0x0520,52,64
20203,0x0600,0,116
20203,0x0601,0,16
20203,0x0602,0,118
20203,0x0603,0,16
20203,0x0618,0,226
20203,0x0619,0,22
20203,0x061A,0,242
20203,0x061B,0,22
20203,0x061C,0,11
20203,0x061D,0,23
20203,0x061E,0,11
20203,0x061F,0,16
20203,0x0620,0,11
20203,0x0621,0,16
20203,0x0622,0,11
20203,0x0623,0,16
20203,0x0624,0,11
20203,0x0625,0,16
20203,0x0626,0,93
20203,0x0627,0,23
20203,0x0628,0,197
20203,0x0629,0,22
20203,0x062A,0,201
20203,0x062B,0,22
20203,0x0901,104,224
20203,0x0905,104,224
20203,0x0B00,10,0
20203,0x0B22,11,12
20203,0x0B24,22,24
20203,0x0B26,44,49
20203,0x0B28,88,98
20203,0x0B82,11,12
20203,0x0B84,22,24
20203,0x0B86,44,49
20203,0x0B88,88,98
20203,0x0F99,44,49
20203,0x0F9D,44,49
20203,0x0FD1,44,49
20203,0x0FF0,44,49
20203,0x1000,192,128
20203,0x1033,30,20
20213,0x0004,24,26
20213,0x0020,112,80
20213,0x0028,0,32
20213,0x002E,65,0
20213,0x0048,32,0
20213,0x0049,2,0
20213,0x0068,16,24
20213,0x0069,211,221
20213,0x006B,141,151
20213,0x007B,49,54
20213,0x00AD,100,110
20213,0x00B7,0,2
20213,0x00CD,150,165
20213,0x00CE,44,74
20213,0x00CF,245,39
20213,0x00D0,189,4
20213,0x0176,20,21
20213,0x017D,52,53
20213,0x01BB,66,6
20213,0x01BC,8,233
20213,0x01FE,4,10
20213,0x02F6,155,8
20213,0x02FD,39,41
20213,0x0305,220,20
20213,0x030D,230,30
20213,0x0315,240,40
20213,0x031D,250,50
20213,0x0501,67,141
20213,0x0502,94,86
20213,0x0503,4,20
20213,0x0600,116,0
20213,0x0601,16,0
20213,0x0602,118,0
20213,0x0603,16,0
20213,0x0901,224,104
20213,0x0905,224,104
20213,0x0B00,0,10
20213,0x0B22,12,13
20213,0x0B24,24,27
20213,0x0B26,49,54
20213,0x0B28,98,108
20213,0x0B82,12,13
20213,0x0B84,24,27
20213,0x0B86,49,54
20213,0x0B88,98,108
20213,0x0F99,49,54
20213,0x0F9D,49,54
20213,0x0FD1,49,54
20213,0x0FF0,49,54
20213,0x1000,128,192
20213,0x1033,20,10
20223,0x0004,26,28
20223,0x0020,80,112
20223,0x0028,32,0
20223,0x002E,0,65
20223,0x0068,24,16
20223,0x0069,221,231
20223,0x006B,151,161
20223,0x007B,54,59
20223,0x00AD,110,120
20223,0x00B7,2,0
20223,0x00CD,165,180
20223,0x00CE,74,104
20223,0x00CF,39,89
20223,0x00D0,4,74
20223,0x017D,53,52
20223,0x01BB,6,66
20223,0x01BC,233,8
20223,0x02F6,8,155
20223,0x02FD,41,39
20223,0x0501,141,135
20223,0x0502,86,94
20223,0x0508,3,71
20223,0x0509,84,85
20223,0x050B,4,20
20223,0x050F,134,142
20223,0x0510,94,86
20223,0x0512,24,40
20223,0x0600,0,227
20223,0x0601,0,22
20223,0x0602,0,243
20223,0x0603,0,22
20223,0x0604,0,95
20223,0x0605,0,16
20223,0x0606,0,11
20223,0x0607,0,16
20223,0x0608,0,11
20223,0x0609,0,16
20223,0x060A,0,11
20223,0x060B,0,16
20223,0x060C,0,11
20223,0x060D,0,16
20223,0x060E,0,95
20223,0x060F,0,208
20223,0x0610,0,198
20223,0x0611,0,22
20223,0x0612,0,202
20223,0x0613,0,22
20223,0x0618,226,0
20223,0x0619,22,0
20223,0x061A,242,0
20223,0x061B,22,0
20223,0x061C,11,0
20223,0x061D,23,0
20223,0x061E,11,0
20223,0x061F,16,0
20223,0x0620,11,0
20223,0x0621,16,0
20223,0x0622,11,0
20223,0x0623,16,0
20223,0x0624,11,0
20223,0x0625,16,0
20223,0x0626,93,0
20223,0x0627,23,0
20223,0x0628,197,0
20223,0x0629,22,0
20223,0x062A,201,0
20223,0x062B,22,0
20223,0x0901,104,224
20223,0x0905,104,224
20223,0x0B00,10,0
20223,0x0B22,13,14
20223,0x0B24,27,29
20223,0x0B26,54,59
20223,0x0B28,108,118
20223,0x0B82,13,14
20223,0x0B84,27,29
20223,0x0B86,54,59
20223,0x0B88,108,118
20223,0x0F99,54,59
20223,0x0F9D,54,59
20223,0x0FD1,54,59
20223,0x0FF0,54,59
20223,0x1000,192,128
20223,0x1033,10,0
20233,0x0004,28,32
20233,0x0020,112,80
20233,0x0028,0,32
20233,0x002E,65,0
20233,0x0069,231,241
20233,0x006B,161,171
20233,0x007B,59,64
20233,0x00AD,120,130
20233,0x00B7,0,2
20233,0x00CD,180,195
20233,0x00CE,104,134
20233,0x00CF,89,139
20233,0x00D0,74,144
20233,0x0176,21,20
20233,0x01BB,66,6
20233,0x01BC,8,233
20233,0x0501,135,194
20233,0x0502,94,93
20233,0x0503,20,8
20233,0x0508,71,68
20233,0x0509,85,94
20233,0x050A,20,4
20233,0x050B,20,8
20233,0x050F,142,4
20233,0x0510,86,84
20233,0x0512,40,12
20233,0x0516,70,136
20233,0x0517,85,94
20233,0x0519,44,32
20233,0x051D,140,72
20233,0x051E,86,85
20233,0x0520,64,52
20233,0x0524,136,144
20233,0x0600,227,94
20233,0x0601,22,8
20233,0x0602,243,18
20233,0x0603,22,8
20233,0x0604,95,34
20233,0x0605,16,8
20233,0x0606,11,50
20233,0x0607,16,8
20233,0x0608,11,116
20233,0x060A,11,117
20233,0x060C,11,0
20233,0x060D,16,0
20233,0x060E,95,0
20233,0x060F,208,0
20233,0x0610,198,0
20233,0x0611,22,0
20233,0x0612,202,0
20233,0x0613,22,0
20233,0x0618,0,141
20233,0x0619,0,26
20233,0x0620,0,224
20233,0x0621,0,12
20233,0x0622,0,240
20233,0x0623,0,12
20233,0x0624,0,95
20233,0x0625,0,16
20233,0x0626,0,153
20233,0x0627,0,17
20233,0x0628,0,11
20233,0x0629,0,16
20233,0x062A,0,11
20233,0x062B,0,16
20233,0x062C,0,11
20233,0x062D,0,16
20233,0x062E,0,95
20233,0x062F,0,208
20233,0x0630,0,116
20233,0x0631,0,16
20233,0x0632,0,117
20233,0x0633,0,16
20233,0x0642,0,176
20233,0x0643,0,12
20233,0x0644,0,192
20233,0x0645,0,12
20233,0x0646,0,208
20233,0x0647,0,12
20233,0x0901,224,104
20233,0x0905,224,104
20233,0x0B00,0,10
20233,0x0B22,14,16
20233,0x0B24,29,32
20233,0x0B26,59,64
20233,0x0B28,118,128
20233,0x0B82,14,16
20233,0x0B84,29,32
20233,0x0B86,59,64
20233,0x0B88,118,128
20233,0x0F99,59,64
20233,0x0F9D,59,64
20233,0x0FD1,59,64
20233,0x0FF0,59,64
20233,0x1000,128,200
20243,0x0004,32,34
20243,0x0069,241,251
20243,0x006B,171,181
20243,0x007B,64,69
20243,0x00AD,130,140
20243,0x00CD,195,210
20243,0x00CE,134,164
20243,0x00CF,139,189
20243,0x00D0,144,214
20243,0x02FD,39,41
20243,0x0501,194,145
20243,0x0502,93,86
20243,0x0503,8,20
20243,0x0600,94,0
20243,0x0601,8,0
20243,0x0602,18,0
20243,0x0603,8,0
20243,0x0604,34,0
20243,0x0605,8,0
20243,0x0606,50,0
20243,0x0607,8,0
20243,0x0608,116,0
20243,0x0609,16,0
20243,0x060A,117,0
20243,0x060B,16,0
20243,0x0B22,16,17
20243,0x0B24,32,34
20243,0x0B26,64,69
20243,0x0B28,128,138
20243,0x0B82,16,17
20243,0x0B84,32,34
20243,0x0B86,64,69
20243,0x0B88,128,138
20243,0x0F99,64,69
20243,0x0F9D,64,69
20243,0x0FD1,64,69
20243,0x0FF0,64,69
20253,0x0004,34,36
20253,0x0069,251,5
20253,0x006B,181,191
20253,0x007B,69,74
20253,0x00AD,140,150
20253,0x00CD,210,225
20253,0x00CE,164,194
20253,0x00CF,189,239
20253,0x00D0,214,28
20253,0x0176,20,21
20253,0x02FD,41,39
20253,0x0501,145,137
20253,0x0502,86,94
20253,0x0508,68,73
20253,0x0509,94,85
20253,0x050A,4,20
20253,0x050B,8,20
20253,0x050F,4,146
20253,0x0510,84,86
20253,0x0512,12,40
20253,0x0600,0,225
20253,0x0601,0,12
20253,0x0602,0,241
20253,0x0603,0,12
20253,0x0604,0,217
20253,0x0605,0,16
20253,0x0606,0,154
20253,0x0607,0,17
20253,0x0608,0,11
20253,0x0609,0,16
20253,0x060A,0,11
20253,0x060B,0,16
20253,0x060C,0,11
20253,0x060D,0,16
20253,0x060E,0,217
20253,0x060F,0,144
20253,0x0610,0,116
20253,0x0611,0,16
20253,0x0612,0,118
20253,0x0613,0,16
20253,0x0618,141,0
20253,0x0619,26,0
20253,0x0620,224,0
20253,0x0621,12,0
20253,0x0622,240,177
20253,0x0624,95,193
20253,0x0625,16,12
20253,0x0626,153,209
20253,0x0627,17,12
20253,0x0628,11,0
20253,0x0629,16,0
20253,0x062A,11,0
20253,0x062B,16,0
20253,0x062C,11,0
20253,0x062D,16,0
20253,0x062E,95,0
20253,0x062F,208,0
20253,0x0630,116,0
20253,0x0631,16,0
20253,0x0632,117,0
20253,0x0633,16,0
20253,0x0B22,17,18
20253,0x0B24,34,37
20253,0x0B26,69,74
20253,0x0B28,138,148
20253,0x0B82,17,18
20253,0x0B84,34,37
20253,0x0B86,69,74
20253,0x0B88,138,148
20253,0x0F99,69,74
20253,0x0F9D,69,74
20253,0x0FD1,69,74
20253,0x0FF0,69,74
20263,0x0004,36,38
20263,0x0069,5,15
20263,0x006B,191,201
20263,0x007B,74,79
20263,0x00AD,150,160
20263,0x00CD,225,240
20263,0x00CE,194,224
20263,0x00CF,239,33
20263,0x00D0,28,99
20263,0x02FD,39,41
20263,0x0501,137,147
20263,0x0502,94,86
20263,0x0600,225,0
20263,0x0601,12,0
20263,0x0602,241,0
20263,0x0603,12,0
20263,0x0604,217,0
20263,0x0605,16,0
20263,0x0606,154,0
20263,0x0607,17,0
20263,0x0608,11,0
20263,0x0609,16,0
20263,0x060A,11,0
20263,0x060B,16,0
20263,0x060C,11,0
20263,0x060D,16,0
20263,0x060E,217,0
20263,0x060F,144,0
20263,0x0610,116,0
20263,0x0611,16,0
20263,0x0612,118,0
20263,0x0613,16,0
20263,0x0B22,18,19
20263,0x0B24,37,39
20263,0x0B26,74,79
20263,0x0B28,148,158
20263,0x0B82,18,19
20263,0x0B84,37,39
20263,0x0B86,74,79
20263,0x0B88,148,158
20263,0x0F99,74,79
20263,0x0F9D,74,79
20263,0x0FD1,74,79
20263,0x0FF0,74,79
20273,0x0004,38,42
20273,0x0069,15,25
20273,0x006B,201,211
20273,0x007B,79,84
20273,0x00AD,160,170
20273,0x00CD,240,255
20273,0x00CE,224,254
20273,0x00CF,33,83
20273,0x00D0,99,169
20273,0x0176,21,20
20273,0x0501,147,149
20273,0x0508,73,5
20273,0x0509,85,84
20273,0x050B,20,4
20273,0x050F,146,138
20273,0x0510,86,94
20273,0x0512,40,24
20273,0x0516,136,74
20273,0x0517,94,85
20273,0x0519,32,44
20273,0x051D,72,148
20273,0x051E,85,86
20273,0x0520,52,64
20273,0x0618,0,186
20273,0x0619,0,12
20273,0x061A,0,202
20273,0x061B,0,12
20273,0x061C,0,95
20273,0x061D,0,80
20273,0x061E,0,11
20273,0x061F,0,16
20273,0x0620,0,11
20273,0x0621,0,16
20273,0x0622,177,11
20273,0x0623,12,16
20273,0x0624,193,11
20273,0x0625,12,16
20273,0x0626,209,95
20273,0x0627,12,144
20273,0x0628,0,116
20273,0x0629,0,16
20273,0x062A,0,117
20273,0x062B,0,16
20273,0x063E,0,170
20273,0x063F,0,12
20273,0x0642,176,0
20273,0x0643,12,0
20273,0x0644,192,0
20273,0x0645,12,0
20273,0x0646,208,0
20273,0x0647,12,0
20273,0x0B22,19,21
20273,0x0B24,39,42
20273,0x0B26,79,84
20273,0x0B28,158,168
20273,0x0B82,19,21
20273,0x0B84,39,42
20273,0x0B86,79,84
20273,0x0B88,158,168
20273,0x0F99,79,84
20273,0x0F9D,79,84
20273,0x0FD1,79,84
20273,0x0FF0,79,84
20283,0x0004,42,44
20283,0x0069,25,35
20283,0x006B,211,221
20283,0x007B,84,89
20283,0x00AD,170,180
20283,0x00CD,255,14
20283,0x00CE,254,29
20283,0x00CF,83,134
20283,0x00D0,169,239
20283,0x02FD,41,39
20283,0x0501,149,139
20283,0x0502,86,94
20283,0x0508,5,75
20283,0x0509,84,85
20283,0x050B,4,20
20283,0x050F,138,150
20283,0x0510,94,86
20283,0x0512,24,40
20283,0x0600,0,187
20283,0x0601,0,12
20283,0x0602,0,203
20283,0x0603,0,12
20283,0x0604,0,217
20283,0x0605,0,80
20283,0x0606,0,154
20283,0x0607,0,17
20283,0x0608,0,11
20283,0x0609,0,16
20283,0x060A,0,11
20283,0x060B,0,16
20283,0x060C,0,11
20283,0x060D,0,16
20283,0x060E,0,217
20283,0x060F,0,208
20283,0x0610,0,116
20283,0x0611,0,16
20283,0x0612,0,118
20283,0x0613,0,16
20283,0x0618,186,0
20283,0x0619,12,0
20283,0x061A,202,0
20283,0x061B,12,0
20283,0x061C,95,0
20283,0x061D,80,0
20283,0x061E,11,0
20283,0x061F,16,0
20283,0x0620,11,0
20283,0x0621,16,0
20283,0x0622,11,0
20283,0x0623,16,0
20283,0x0624,11,0
20283,0x0625,16,0
20283,0x0626,95,171
20283,0x0627,144,12
20283,0x0628,116,0
20283,0x0629,16,0
20283,0x062A,117,0
20283,0x062B,16,0
20283,0x0B22,21,22
20283,0x0B24,42,44
20283,0x0B26,84,89
20283,0x0B28,168,178
20283,0x0B82,21,22
20283,0x0B84,42,44
20283,0x0B86,84,89
20283,0x0B88,168,178
20283,0x0F99,84,89
20283,0x0F9D,84,89
20283,0x0FD1,84,89
20283,0x0FF0,84,89
20293,0x0004,44,46
20293,0x0069,35,45
20293,0x006B,221,231
20293,0x007B,89,94
20293,0x00AD,180,190
20293,0x00CD,14,29
20293,0x00CE,29,59
20293,0x00CF,134,184
20293,0x00D0,239,53
20293,0x0176,20,21
20293,0x02FD,39,41
20293,0x0501,139,151
20293,0x0502,94,86
20293,0x0600,187,0
20293,0x0601,12,0
20293,0x0602,203,0
20293,0x0603,12,0
20293,0x0604,217,0
20293,0x0605,80,0
20293,0x0606,154,0
20293,0x0607,17,0
20293,0x0608,11,0
20293,0x0609,16,0
20293,0x060A,11,0
20293,0x060B,16,0
20293,0x060C,11,0
20293,0x060D,16,0
20293,0x060E,217,0
20293,0x060F,208,0
20293,0x0610,116,0
20293,0x0611,16,0
20293,0x0612,118,0
20293,0x0613,16,0
20293,0x0B22,22,23
20293,0x0B24,44,47
20293,0x0B26,89,94
20293,0x0B28,178,188
20293,0x0B82,22,23
20293,0x0B84,44,47
20293,0x0B86,89,94
20293,0x0B88,178,188
20293,0x0F99,89,94
20293,0x0F9D,89,94
20293,0x0FD1,89,94
20293,0x0FF0,89,94
20303,0x0004,46,48
20303,0x0069,45,55
20303,0x006B,231,241
20303,0x007B,94,99
20303,0x00AD,190,200
20303,0x00CD,29,44
20303,0x00CE,59,89
20303,0x00CF,184,234
20303,0x00D0,53,123
20303,0x0501,151,195
20303,0x0502,86,93
20303,0x0503,20,8
20303,0x0508,75,70
20303,0x0509,85,94
20303,0x050A,20,4
20303,0x050B,20,8
20303,0x050F,150,6
20303,0x0510,86,84
20303,0x0512,40,12
20303,0x0516,74,140
20303,0x0517,85,94
20303,0x0519,44,32
20303,0x051D,148,76
20303,0x051E,86,85
20303,0x0520,64,52
20303,0x0524,144,152
20303,0x0600,0,94
20303,0x0601,0,8
20303,0x0602,0,19
20303,0x0603,0,8
20303,0x0604,0,35
20303,0x0605,0,8
20303,0x0606,0,51
20303,0x0607,0,8
20303,0x0608,0,116
20303,0x0609,0,16
20303,0x060A,0,117
20303,0x060B,0,16
20303,0x0616,0,178
20303,0x0617,0,26
20303,0x0618,0,143
20303,0x0619,0,26
20303,0x061A,0,105
20303,0x061B,0,24
20303,0x0620,0,188
20303,0x0621,0,12
20303,0x0622,0,204
20303,0x0623,0,12
20303,0x0624,0,95
20303,0x0625,0,16
20303,0x0626,171,11
20303,0x0627,12,16
20303,0x0628,0,11
20303,0x0629,0,16
20303,0x062A,0,11
20303,0x062B,0,16
20303,0x062C,0,11
20303,0x062D,0,16
20303,0x062E,0,95
20303,0x062F,0,208
20303,0x0630,0,116
20303,0x0631,0,16
20303,0x0632,0,117
20303,0x0633,0,16
20303,0x063E,170,0
20303,0x063F,12,0
20303,0x0646,0,172
20303,0x0647,0,12
20303,0x0B22,23,24
20303,0x0B24,47,49
20303,0x0B26,94,99
20303,0x0B28,188,198
20303,0x0B82,23,24
20303,0x0B84,47,49
20303,0x0B86,94,99
20303,0x0B88,188,198
20303,0x0F99,94,99
20303,0x0F9D,94,99
20303,0x0FD1,94,99
20303,0x0FF0,94,99
20313,0x0004,48,52
20313,0x0069,55,65
20313,0x006B,241,251
20313,0x007B,99,104
20313,0x00AD,200,210
20313,0x00CD,44,59
20313,0x00CE,89,119
20313,0x00CF,234,28
20313,0x00D0,123,194
20313,0x0176,21,20
20313,0x02FD,41,39
20313,0x0501,195,141
20313,0x0502,93,94
20313,0x0503,8,20
20313,0x0508,70,77
20313,0x0509,94,85
20313,0x050A,4,20
20313,0x050B,8,20
20313,0x050F,6,154
20313,0x0510,84,86
20313,0x0512,12,40
20313,0x0600,94,189
20313,0x0601,8,12
20313,0x0602,19,205
20313,0x0603,8,12
20313,0x0604,35,217
20313,0x0605,8,16
20313,0x0606,51,11
20313,0x0607,8,16
20313,0x0608,116,11
20313,0x060A,117,11
20313,0x060C,0,11
20313,0x060D,0,16
20313,0x060E,0,217
20313,0x060F,0,144
20313,0x0610,0,116
20313,0x0611,0,16
20313,0x0612,0,118
20313,0x0613,0,16
20313,0x0616,178,0
20313,0x0617,26,0
20313,0x0618,143,0
20313,0x0619,26,0
20313,0x061A,105,0
20313,0x061B,24,0
20313,0x0620,188,0
20313,0x0621,12,0
20313,0x0622,204,0
20313,0x0623,12,0
20313,0x0624,95,0
20313,0x0625,16,0
20313,0x0626,11,172
20313,0x0627,16,12
20313,0x0628,11,0
20313,0x0629,16,0
20313,0x062A,11,0
20313,0x062B,16,0
20313,0x062C,11,0
20313,0x062D,16,0
20313,0x062E,95,0
20313,0x062F,208,0
20313,0x0630,116,0
20313,0x0631,16,0
20313,0x0632,117,0
20313,0x0633,16,0
20313,0x0B22,24,26
20313,0x0B24,49,52
20313,0x0B26,99,104
20313,0x0B28,198,208
20313,0x0B82,24,26
20313,0x0B84,49,52
20313,0x0B86,99,104
20313,0x0B88,198,208
20313,0x0F99,99,104
20313,0x0F9D,99,104
20313,0x0FD1,99,104
20313,0x0FF0,99,104
20323,0x0004,52,54
20323,0x0069,65,75
20323,0x006B,251,5
20323,0x007B,104,109
20323,0x00AD,210,220
20323,0x00CD,59,74
20323,0x00CE,119,149
20323,0x00CF,28,78
20323,0x00D0,194,8
20323,0x02FD,39,41
20323,0x0501,141,155
20323,0x0502,94,86
20323,0x0600,189,0
20323,0x0601,12,0
20323,0x0602,205,0
20323,0x0603,12,0
20323,0x0604,217,0
20323,0x0605,16,0
20323,0x0606,11,0
20323,0x0607,16,0
20323,0x0608,11,0
20323,0x0609,16,0
20323,0x060A,11,0
20323,0x060B,16,0
20323,0x060C,11,0
20323,0x060D,16,0
20323,0x060E,217,0
20323,0x060F,144,0
20323,0x0610,116,0
20323,0x0611,16,0
20323,0x0612,118,0
20323,0x0613,16,0
20323,0x0B22,26,27
20323,0x0B24,52,54
20323,0x0B26,104,109
20323,0x0B28,208,218
20323,0x0B82,26,27
20323,0x0B84,52,54
20323,0x0B86,104,109
20323,0x0B88,208,218
20323,0x0F99,104,109
20323,0x0F9D,104,109
20323,0x0FD1,104,109
20323,0x0FF0,104,109
20333,0x0004,54,56
20333,0x0069,75,85
20333,0x006B,5,15
20333,0x007B,109,114
20333,0x00AD,220,230
20333,0x00CD,74,89
20333,0x00CE,149,179
20333,0x00CF,78,128
20333,0x00D0,8,78
20333,0x0176,20,21
20333,0x02FD,41,39
20333,0x0501,155,71
20333,0x0502,86,94
20333,0x0503,20,4
20333,0x0508,77,7
20333,0x0509,85,84
20333,0x050B,20,4
20333,0x050F,154,142
20333,0x0510,86,94
20333,0x0512,40,24
20333,0x0516,140,78
20333,0x0517,94,85
20333,0x0519,32,44
20333,0x051D,76,156
20333,0x051E,85,86
20333,0x0520,52,64
20333,0x0600,0,116
20333,0x0601,0,16
20333,0x0602,0,118
20333,0x0603,0,16
20333,0x060E,0,179
20333,0x060F,0,26
20333,0x0610,0,156
20333,0x0611,0,26
20333,0x0612,0,106
20333,0x0613,0,24
20333,0x0618,0,188
20333,0x0619,0,12
20333,0x061A,0,204
20333,0x061B,0,12
20333,0x061C,0,95
20333,0x061D,0,16
20333,0x061E,0,153
20333,0x061F,0,17
20333,0x0620,0,11
20333,0x0621,0,16
20333,0x0622,0,11
20333,0x0623,0,16
20333,0x0624,0,28
20333,0x0625,0,17
20333,0x0626,172,44
20333,0x0627,12,17
20333,0x0628,0,116
20333,0x0629,0,16
20333,0x062A,0,117
20333,0x062B,0,16
20333,0x063A,0,184
20333,0x063B,0,12
20333,0x063C,0,200
20333,0x063D,0,12
20333,0x063E,0,172
20333,0x063F,0,12
20333,0x0646,172,0
20333,0x0647,12,0
20333,0x0B22,27,28
20333,0x0B24,54,57
20333,0x0B26,109,114
20333,0x0B28,218,228
20333,0x0B82,27,28
20333,0x0B84,54,57
20333,0x0B86,109,114
20333,0x0B88,218,228
20333,0x0F99,109,114
20333,0x0F9D,109,114
20333,0x0FD1,109,114
20333,0x0FF0,109,114
20343,0x0000,150,74
20343,0x0001,223,176
20343,0x0002,4,2
20343,0x0004,56,58
20343,0x0020,80,7
20343,0x0022,104,56
20343,0x0026,32,105
20343,0x0028,32,40
20343,0x002A,8,192
20343,0x0069,85,95
20343,0x006B,15,25
20343,0x007B,114,119
20343,0x00AD,230,240
20343,0x00B7,2,4
20343,0x00B8,0,16
20343,0x00B9,0,1
20343,0x00BA,1,64
20343,0x00BF,104,112
20343,0x00C2,5,6
20343,0x00CA,0,1
20343,0x00CD,89,104
20343,0x00CE,179,209
20343,0x00CF,128,178
20343,0x00D0,78,148
20343,0x0172,94,36
20343,0x0173,0,52
20343,0x0175,15,52
20343,0x0176,21,107
20343,0x0177,0,176
20343,0x0178,224,52
20343,0x01BA,16,23
20343,0x02FD,39,41
20343,0x0501,71,157
20343,0x0502,94,86
20343,0x0503,4,20
20343,0x0600,116,0
20343,0x0601,16,0
20343,0x0602,118,0
20343,0x0603,16,0
20343,0x060E,179,0
20343,0x060F,26,0
20343,0x0610,156,0
20343,0x0611,26,0
20343,0x0612,106,0
20343,0x0613,24,0
20343,0x0874,86,222
20343,0x0875,1,42
20343,0x0876,222,86
20343,0x0877,42,1
20343,0x0894,14,22
20343,0x0895,58,91
20343,0x0896,22,14
20343,0x0897,91,58
20343,0x0908,30,247
20343,0x0909,224,56
20343,0x090A,0,2
20343,0x090B,123,105
20343,0x090C,15,7
20343,0x090D,224,56
20343,0x090F,59,105
20343,0x0B00,10,234
20343,0x0B22,28,29
20343,0x0B24,57,59
20343,0x0B26,114,119
20343,0x0B28,228,238
20343,0x0B82,28,29
20343,0x0B84,57,59
20343,0x0B86,114,119
20343,0x0B88,228,238
20343,0x0F99,114,119
20343,0x0F9D,114,119
20343,0x0FD1,114,119
20343,0x0FF0,114,119
20343,0x16C0,0,128
20343,0x16C1,0,165
20343,0x16C2,0,175
20343,0x16C3,0,2
20343,0x16EF,0,5
20343,0x16F1,0,3
20343,0x16F8,0,17
20343,0x1700,0,200
20343,0x1701,0,74
20343,0x1702,0,176
20343,0x1703,0,2
20343,0x1704,0,54
20343,0x1705,0,177
20343,0x1706,0,2
20343,0x1708,0,3
20343,0x170A,0,2
20343,0x170B,0,3
20343,0x170C,0,9
20343,0x1710,0,4
20343,0x1711,0,7
20343,0x1712,0,1
20343,0x1714,0,64
20343,0x1716,0,52
20343,0x1717,0,254
20343,0x1718,0,255
20343,0x171E,0,9
20343,0x171F,0,12
20343,0x1720,0,154
20343,0x1721,0,2
20343,0x1722,0,220
20343,0x1723,0,8
20343,0x1724,0,222
20343,0x1725,0,8
20343,0x1726,0,250
20343,0x1727,0,8
20343,0x1729,0,1
20343,0x172A,0,238
20343,0x172B,0,4
20343,0x172C,0,124
20343,0x172D,0,12
20343,0x172F,0,5
20343,0x1735,0,187
20343,0x1736,0,110
20343,0x1738,0,14
20343,0x1739,0,6
20343,0x173A,0,95
20343,0x173B,0,193
20353,0x0004,58,62
20353,0x0020,7,245
20353,0x002A,192,128
20353,0x0069,95,105
20353,0x006B,25,35
20353,0x007B,119,124
20353,0x00AD,240,250
20353,0x00CD,104,119
20353,0x00CE,209,239
20353,0x00CF,178,228
20353,0x00D0,148,218
20353,0x0501,157,159
20353,0x0508,7,79
20353,0x0509,84,85
20353,0x050B,4,20
20353,0x050F,142,158
20353,0x0510,94,86
20353,0x0512,24,40
20353,0x0618,188,0
20353,0x0619,12,0
20353,0x061A,204,0
20353,0x061B,12,0
20353,0x061C,95,0
20353,0x061D,16,0
20353,0x061E,153,0
20353,0x061F,17,0
20353,0x0620,11,167
20353,0x0621,16,12
20353,0x0622,11,169
20353,0x0623,16,12
20353,0x0624,28,168
20353,0x0625,17,12
20353,0x0626,44,172
20353,0x0627,17,12
20353,0x0628,116,0
20353,0x0629,16,0
20353,0x062A,117,0
20353,0x062B,16,0
20353,0x063A,184,0
20353,0x063B,12,0
20353,0x0874,222,86
20353,0x0875,42,1
20353,0x0876,86,222
20353,0x0877,1,42
20353,0x0894,22,14
20353,0x0895,91,58
20353,0x0896,14,22
20353,0x0897,58,91
20353,0x0908,247,229
20353,0x090C,7,245
20353,0x0B00,234,170
20353,0x0B22,29,31
20353,0x0B24,59,62
20353,0x0B26,119,124
20353,0x0B28,238,248
20353,0x0B82,29,31
20353,0x0B84,59,62
20353,0x0B86,119,124
20353,0x0B88,238,248
20353,0x0F99,119,124
20353,0x0F9D,119,124
20353,0x0FD1,119,124
20353,0x0FF0,119,124
20353,0x16F8,17,7
20353,0x1710,4,12
20353,0x1711,7,245
20353,0x1712,1,0
20353,0x1726,250,240
20353,0x1735,187,177
20353,0x1738,14,4
20363,0x0004,62,0
20363,0x0020,245,10
20363,0x002A,128,12
20363,0x0069,105,115
20363,0x006B,35,45
20363,0x007B,124,129
20363,0x00AD,250,4
20363,0x00B7,4,6
20363,0x00CA,1,2
20363,0x00CD,119,144
20363,0x00CE,239,22
20363,0x00CF,228,29
20363,0x00D0,218,33
20363,0x0172,36,52
20363,0x0173,52,173
20363,0x0174,192,178
20363,0x01B9,0,64
20363,0x02FD,41,39
20363,0x0501,159,196
20363,0x0502,86,93
20363,0x0503,20,8
20363,0x0508,79,72
20363,0x0509,85,94
20363,0x050A,20,4
20363,0x050B,20,8
20363,0x050F,158,8
20363,0x0510,86,84
20363,0x0512,40,12
20363,0x0516,78,144
20363,0x0517,85,94
20363,0x0519,44,32
20363,0x051D,156,80
20363,0x051E,86,85
20363,0x0520,64,52
20363,0x0524,152,128
20363,0x0525,86,82
20363,0x0600,0,94
20363,0x0601,0,8
20363,0x0602,0,20
20363,0x0603,0,8
20363,0x0604,0,36
20363,0x0605,0,8
20363,0x0606,0,52
20363,0x0607,0,8
20363,0x0608,0,116
20363,0x0609,0,16
20363,0x060A,0,117
20363,0x060B,0,16
20363,0x0616,0,180
20363,0x0617,0,26
20363,0x0618,0,157
20363,0x0619,0,26
20363,0x061A,0,107
20363,0x061B,0,24
20363,0x0620,167,190
20363,0x0622,169,206
20363,0x0624,168,95
20363,0x0625,12,80
20363,0x0626,172,11
20363,0x0627,12,16
20363,0x0628,0,11
20363,0x0629,0,16
20363,0x062A,0,11
20363,0x062B,0,16
20363,0x062C,0,30
20363,0x062D,0,17
20363,0x062E,0,46
20363,0x062F,0,17
20363,0x0630,0,116
20363,0x0631,0,16
20363,0x0632,0,117
20363,0x0633,0,16
20363,0x063C,200,0
20363,0x063D,12,0
20363,0x063E,172,181
20363,0x0640,0,197
20363,0x0641,0,12
20363,0x0642,0,197
20363,0x0643,0,12
20363,0x0644,0,197
20363,0x0645,0,12
20363,0x0646,0,173
20363,0x0647,0,12
20363,0x0874,86,222
20363,0x0875,1,42
20363,0x0876,222,86
20363,0x0877,42,1
20363,0x0894,14,22
20363,0x0895,58,91
20363,0x0896,22,14
20363,0x0897,91,58
20363,0x0908,229,211
20363,0x0909,56,61
20363,0x090C,245,227
20363,0x090D,56,61
20363,0x0910,79,250
20363,0x0911,224,56
20363,0x0912,105,2
20363,0x0913,61,105
20363,0x0914,71,10
20363,0x0915,224,56
20363,0x0916,104,0
20363,0x0917,61,105
20363,0x0B01,0,14
20363,0x0B22,31,32
20363,0x0B24,62,64
20363,0x0B26,124,129
20363,0x0B28,248,2
20363,0x0B29,0,1
20363,0x0B82,31,32
20363,0x0B84,62,64
20363,0x0B86,124,129
20363,0x0B88,248,2
20363,0x0B89,0,1
20363,0x0F99,124,129
20363,0x0F9D,124,129
20363,0x0FD1,124,129
20363,0x0FF0,124,129
20363,0x16F1,3,2
20363,0x16F8,7,19
20363,0x1710,12,20
20363,0x1711,245,227
20363,0x1713,0,36
20363,0x1714,64,69
20363,0x1719,0,73
20363,0x171A,0,1
20363,0x171D,0,47
20363,0x1726,240,230
20363,0x1735,177,167
20363,0x1738,4,12
20363,0x1739,6,2
20363,0x173A,95,99
20363,0x1740,0,200
20363,0x1741,0,74
20363,0x1742,0,176
20363,0x1743,0,2
20363,0x1744,0,54
20363,0x1745,0,177
20363,0x1746,0,2
20363,0x1748,0,3
20363,0x174A,0,2
20363,0x174B,0,3
20363,0x174C,0,9
20363,0x1750,0,156
20363,0x1751,0,10
20363,0x1752,0,1
20363,0x1754,0,64
20363,0x1756,0,52
20363,0x1757,0,254
20363,0x1758,0,255
20363,0x175E,0,9
20363,0x175F,0,12
20363,0x1760,0,154
20363,0x1761,0,2
20363,0x1762,0,220
20363,0x1763,0,8
20363,0x1764,0,222
20363,0x1765,0,8
20363,0x1766,0,252
20363,0x1767,0,8
20363,0x1769,0,1
20363,0x176A,0,238
20363,0x176B,0,4
20363,0x176C,0,124
20363,0x176D,0,12
20363,0x176F,0,5
20363,0x1775,0,189
20363,0x1776,0,110
20363,0x1778,0,16
20363,0x1779,0,6
20363,0x177A,0,95
20363,0x177B,0,193
20373,0x0004,0,2
20373,0x0020,10,248
20373,0x002A,12,8
20373,0x0069,115,125
20373,0x006B,45,55
20373,0x007B,129,134
20373,0x00AD,4,14
20373,0x00CD,144,159
20373,0x00CE,22,52
20373,0x00CF,29,79
20373,0x00D0,33,103
20373,0x0501,196,129
20373,0x0502,93,82
20373,0x0503,8,20
20373,0x0600,94,0
20373,0x0601,8,0
20373,0x0602,20,0
20373,0x0603,8,0
20373,0x0604,36,62
20373,0x0605,8,63
20373,0x0606,52,63
20373,0x0607,8,63
20373,0x0608,116,88
20373,0x0609,16,63
20373,0x060A,117,88
20373,0x060B,16,63
20373,0x060C,0,88
20373,0x060D,0,63
20373,0x060E,0,88
20373,0x060F,0,63
20373,0x0610,0,88
20373,0x0611,0,63
20373,0x0612,0,88
20373,0x0613,0,63
20373,0x0874,222,86
20373,0x0875,42,1
20373,0x0876,86,222
20373,0x0877,1,42
20373,0x0894,22,14
20373,0x0895,91,58
20373,0x0896,14,22
20373,0x0897,58,91
20373,0x0908,211,193
20373,0x0909,61,84
20373,0x090C,227,209
20373,0x090D,61,84
20373,0x0910,250,232
20373,0x0914,10,248
20373,0x0B01,14,10
20373,0x0B22,32,33
20373,0x0B24,64,67
20373,0x0B26,129,134
20373,0x0B28,2,12
20373,0x0B82,32,33
20373,0x0B84,64,67
20373,0x0B86,129,134
20373,0x0B88,2,12
20373,0x0F99,129,134
20373,0x0F9D,129,134
20373,0x0FD1,129,134
20373,0x0FF0,129,134
20373,0x16F8,19,9
20373,0x1710,20,28
20373,0x1711,227,209
20373,0x1713,36,23
20373,0x1714,69,92
20373,0x1719,73,31
20373,0x171A,1,3
20373,0x1726,230,220
20373,0x1735,167,157
20373,0x1738,12,2
20373,0x1750,156,164
20373,0x1751,10,248
20373,0x1752,1,0
20373,0x1766,252,242
20373,0x1775,189,179
20373,0x1778,16,6
20383,0x0004,2,4
20383,0x0020,248,14
20383,0x002A,8,192
20383,0x0069,125,135
20383,0x006B,55,65
20383,0x007B,134,139
20383,0x00AD,14,24
20383,0x00B7,6,8
20383,0x00CA,2,3
20383,0x00CD,159,174
20383,0x00CE,52,82
20383,0x00CF,79,129
20383,0x00D0,103,173
20383,0x0172,52,36
20383,0x0173,173,52
20383,0x01B9,64,128
20383,0x0501,129,145
20383,0x0502,82,94
20383,0x0508,72,81
20383,0x0509,94,85
20383,0x050A,4,20
20383,0x050B,8,20
20383,0x050F,8,130
20383,0x0510,84,82
20383,0x0512,12,40
20383,0x0600,0,118
20383,0x0601,0,16
20383,0x0602,0,120
20383,0x0603,0,16
20383,0x0604,62,217
20383,0x0605,63,80
20383,0x0606,63,154
20383,0x0607,63,17
20383,0x0608,88,11
20383,0x0609,63,16
20383,0x060A,88,11
20383,0x060B,63,16
20383,0x060C,88,31
20383,0x060D,63,17
20383,0x060E,88,47
20383,0x060F,63,17
20383,0x0610,88,116
20383,0x0611,63,16
20383,0x0612,88,118
20383,0x0613,63,16
20383,0x0616,180,0
20383,0x0617,26,0
20383,0x0618,157,0
20383,0x0619,26,0
20383,0x061A,107,0
20383,0x061B,24,0
20383,0x0620,190,0
20383,0x0621,12,0
20383,0x0622,206,0
20383,0x0623,12,0
20383,0x0624,95,0
20383,0x0625,80,0
20383,0x0626,11,0
20383,0x0627,16,0
20383,0x0628,11,0
20383,0x0629,16,0
20383,0x062A,11,0
20383,0x062B,16,0
20383,0x062C,30,48
20383,0x062D,17,63
20383,0x062E,46,64
20383,0x062F,17,63
20383,0x0630,116,80
20383,0x0631,16,63
20383,0x0632,117,34
20383,0x0633,16,63
20383,0x0634,0,56
20383,0x0635,0,63
20383,0x0636,0,72
20383,0x0637,0,63
20383,0x0638,0,56
20383,0x0639,0,63
20383,0x063A,0,72
20383,0x063B,0,63
20383,0x0874,86,222
20383,0x0875,1,42
20383,0x0876,222,86
20383,0x0877,42,1
20383,0x0894,14,22
20383,0x0895,58,91
20383,0x0896,22,14
20383,0x0897,91,58
20383,0x0908,193,175
20383,0x0909,84,114
20383,0x090C,209,191
20383,0x090D,84,114
20383,0x0910,232,214
20383,0x0911,56,58
20383,0x0914,248,230
20383,0x0915,56,58
20383,0x0918,63,254
20383,0x0919,224,56
20383,0x091A,104,2
20383,0x091B,61,105
20383,0x091C,55,14
20383,0x091D,224,56
20383,0x091E,104,0
20383,0x091F,61,105
20383,0x0B01,10,234
20383,0x0B22,33,34
20383,0x0B24,67,69
20383,0x0B26,134,139
20383,0x0B28,12,22
20383,0x0B82,33,34
20383,0x0B84,67,69
20383,0x0B86,134,139
20383,0x0B88,12,22
20383,0x0F99,134,139
20383,0x0F9D,134,139
20383,0x0FD1,134,139
20383,0x0FF0,134,139
20383,0x16F1,2,1
20383,0x16F8,9,21
20383,0x1710,28,36
20383,0x1711,209,191
20383,0x1713,23,38
20383,0x1714,92,122
20383,0x1719,31,181
20383,0x171A,3,2
20383,0x171D,47,239
20383,0x1726,220,210
20383,0x1735,157,147
20383,0x1738,2,45
20383,0x173A,99,103
20383,0x1750,164,172
20383,0x1751,248,230
20383,0x1753,0,193
20383,0x1754,64,66
20383,0x1759,0,235
20383,0x175D,0,47
20383,0x1766,242,232
20383,0x1775,179,169
20383,0x1778,6,14
20383,0x1779,6,2
20383,0x177A,95,99
20383,0x1780,0,200
20383,0x1781,0,74
20383,0x1782,0,176
20383,0x1783,0,2
20383,0x1784,0,54
20383,0x1785,0,177
20383,0x1786,0,2
20383,0x1788,0,3
20383,0x178A,0,2
20383,0x178B,0,3
20383,0x178C,0,9
20383,0x1790,0,52
20383,0x1791,0,14
20383,0x1792,0,1
20383,0x1794,0,64
20383,0x1796,0,52
20383,0x1797,0,254
20383,0x1798,0,255
20383,0x179E,0,9
20383,0x179F,0,12
20383,0x17A0,0,154
20383,0x17A1,0,2
20383,0x17A2,0,220
20383,0x17A3,0,8
20383,0x17A4,0,222
20383,0x17A5,0,8
20383,0x17A6,0,254
20383,0x17A7,0,8
20383,0x17A9,0,1
20383,0x17AA,0,238
20383,0x17AB,0,4
20383,0x17AC,0,124
20383,0x17AD,0,12
20383,0x17AF,0,5
20383,0x17B5,0,191
20383,0x17B6,0,110
20383,0x17B8,0,18
20383,0x17B9,0,6
20383,0x17BA,0,95
20383,0x17BB,0,193
20393,0x0004,4,8
20393,0x0020,14,252
20393,0x002A,192,128
20393,0x0069,135,145
20393,0x006B,65,75
20393,0x007B,139,144
20393,0x00AD,24,34
20393,0x00CD,174,189
20393,0x00CE,82,112
20393,0x00CF,129,179
20393,0x00D0,173,243
20393,0x0172,36,52
20393,0x0173,52,173
20393,0x02FD,39,41
20393,0x0501,145,73
20393,0x0503,20,4
20393,0x0508,81,9
20393,0x0509,85,84
20393,0x050B,20,4
20393,0x050F,130,146
20393,0x0510,82,94
20393,0x0512,40,24
20393,0x0516,144,82
20393,0x0517,94,85
20393,0x0519,32,44
20393,0x051D,80,132
20393,0x051E,85,82
20393,0x0520,52,64
20393,0x0600,118,116
20393,0x0602,120,118
20393,0x0604,217,0
20393,0x0605,80,0
20393,0x0606,154,0
20393,0x0607,17,0
20393,0x0608,11,0
20393,0x0609,16,0
20393,0x060A,11,0
20393,0x060B,16,0
20393,0x060C,31,0
20393,0x060D,17,0
20393,0x060E,47,181
20393,0x060F,17,26
20393,0x0610,116,158
20393,0x0611,16,26
20393,0x0612,118,108
20393,0x0613,16,24
20393,0x0618,0,9
20393,0x0619,0,13
20393,0x061A,0,191
20393,0x061B,0,12
20393,0x061C,0,95
20393,0x061D,0,16
20393,0x061E,0,11
20393,0x061F,0,16
20393,0x0620,0,11
20393,0x0621,0,16
20393,0x0622,0,11
20393,0x0623,0,16
20393,0x0624,0,29
20393,0x0625,0,17
20393,0x0626,0,45
20393,0x0627,0,17
20393,0x0628,0,116
20393,0x0629,0,16
20393,0x062A,0,117
20393,0x062B,0,16
20393,0x062C,48,0
20393,0x062D,63,0
20393,0x062E,64,0
20393,0x062F,63,0
20393,0x0630,80,0
20393,0x0631,63,0
20393,0x0632,34,0
20393,0x0633,63,0
20393,0x0634,56,0
20393,0x0635,63,0
20393,0x0636,72,0
20393,0x0637,63,0
20393,0x0638,56,0
20393,0x0639,63,0
20393,0x063A,72,0
20393,0x063B,63,0
20393,0x063C,0,233
20393,0x063D,0,12
20393,0x063E,181,249
20393,0x0640,197,0
20393,0x0641,12,0
20393,0x0642,197,0
20393,0x0643,12,0
20393,0x0644,197,0
20393,0x0645,12,0
20393,0x0646,173,0
20393,0x0647,12,0
20393,0x0648,0,82
20393,0x0649,0,63
20393,0x064A,0,36
20393,0x064B,0,63
20393,0x064C,0,58
20393,0x064D,0,63
20393,0x064E,0,74
20393,0x064F,0,63
20393,0x0874,222,86
20393,0x0875,42,1
20393,0x0876,86,222
20393,0x0877,1,42
20393,0x0894,22,14
20393,0x0895,91,58
20393,0x0896,14,22
20393,0x0897,58,91
20393,0x0908,175,157
20393,0x0909,114,137
20393,0x090C,191,173
20393,0x090D,114,137
20393,0x0910,214,196
20393,0x0911,58,78
20393,0x0914,230,212
20393,0x0915,58,78
20393,0x0918,254,236
20393,0x091C,14,252
20393,0x0B01,234,170
20393,0x0B22,34,36
20393,0x0B24,69,72
20393,0x0B26,139,144
20393,0x0B28,22,32
20393,0x0B82,34,36
20393,0x0B84,69,72
20393,0x0B86,139,144
20393,0x0B88,22,32
20393,0x0F99,139,144
20393,0x0F9D,139,144
20393,0x0FD1,139,144
20393,0x0FF0,139,144
20393,0x16F8,21,11
20393,0x1710,36,44
20393,0x1711,191,173
20393,0x1713,38,145
20393,0x1714,122,145
20393,0x1719,181,11
20393,0x1726,210,200
20393,0x1735,147,137
20393,0x1738,45,35
20393,0x1750,172,180
20393,0x1751,230,212
20393,0x1753,193,8
20393,0x1754,66,86
20393,0x1759,235,193
20393,0x175A,0,2
20393,0x1766,232,222
20393,0x1775,169,159
20393,0x1778,14,4
20393,0x1790,52,60
20393,0x1791,14,252
20393,0x1792,1,0
20393,0x17A6,254,244
20393,0x17B5,191,181
20393,0x17B8,18,8
20403,0x0004,8,10
20403,0x0020,252,234
20403,0x0022,56,57
20403,0x0069,145,155
20403,0x006B,75,85
20403,0x007B,144,149
20403,0x00AD,34,44
20403,0x00CD,189,204
20403,0x00CE,112,142
20403,0x00CF,179,229
20403,0x00D0,243,57
20403,0x0501,73,133
20403,0x0502,94,82
20403,0x0503,4,20
20403,0x0600,116,0
20403,0x0601,16,0
20403,0x0602,118,0
20403,0x0603,16,0
20403,0x0608,0,83
20403,0x0609,0,63
20403,0x060A,0,37
20403,0x060B,0,63
20403,0x060C,0,59
20403,0x060D,0,63
20403,0x060E,181,75
20403,0x060F,26,63
20403,0x0610,158,0
20403,0x0611,26,0
20403,0x0612,108,0
20403,0x0613,24,0
20403,0x0874,86,222
20403,0x0875,1,42
20403,0x0876,222,86
20403,0x0877,42,1
20403,0x0894,14,22
20403,0x0895,58,91
20403,0x0896,22,14
20403,0x0897,91,58
20403,0x0908,157,139
20403,0x0909,137,154
20403,0x090C,173,155
20403,0x090D,137,154
20403,0x0910,196,178
20403,0x0911,78,108
20403,0x0914,212,194
20403,0x0915,78,108
20403,0x0918,236,218
20403,0x0919,56,57
20403,0x091C,252,234
20403,0x091D,56,57
20403,0x0B22,36,37
20403,0x0B24,72,74
20403,0x0B26,144,149
20403,0x0B28,32,42
20403,0x0B82,36,37
20403,0x0B84,72,74
20403,0x0B86,144,149
20403,0x0B88,32,42
20403,0x0F99,144,149
20403,0x0F9D,144,149
20403,0x0FD1,144,149
20403,0x0FF0,144,149
20403,0x16F8,11,1
20403,0x1710,44,52
20403,0x1711,173,155
20403,0x1713,145,88
20403,0x1714,145,162
20403,0x1719,11,97
20403,0x171A,2,1
20403,0x1726,200,190
20403,0x1735,137,127
20403,0x1738,35,25
20403,0x1750,180,188
20403,0x1751,212,194
20403,0x1753,8,171
20403,0x1754,86,116
20403,0x1759,193,215
20403,0x175D,47,239
20403,0x1766,222,212
20403,0x1775,159,149
20403,0x1778,4,47
20403,0x177A,99,103
20403,0x1790,60,68
20403,0x1791,252,234
20403,0x1793,0,26
20403,0x1794,64,65
20403,0x1799,0,141
20403,0x179D,0,47
20403,0x17A6,244,234
20403,0x17B5,181,171
20403,0x17B8,8,16
20403,0x17B9,6,2
20403,0x17BA,95,99
20413,0x0004,10,12
20413,0x0020,234,216
20413,0x0022,57,72
20413,0x0025,0,1
20413,0x002A,128,8
20413,0x0069,155,165
20413,0x006B,85,95
20413,0x007B,149,154
20413,0x00AD,44,54
20413,0x00B7,8,10
20413,0x00CA,3,4
20413,0x00CD,204,219
20413,0x00CE,142,172
20413,0x00CF,229,23
20413,0x00D0,57,128
20413,0x017D,52,116
20413,0x0501,133,147
20413,0x0502,82,94
20413,0x0508,9,83
20413,0x0509,84,85
20413,0x050B,4,20
20413,0x050F,146,134
20413,0x0510,94,82
20413,0x0512,24,40
20413,0x0600,0,10
20413,0x0601,0,13
20413,0x0602,0,207
20413,0x0603,0,12
20413,0x0604,0,217
20413,0x0605,0,16
20413,0x0606,0,11
20413,0x0607,0,16
20413,0x0608,83,11
20413,0x0609,63,16
20413,0x060A,37,11
20413,0x060B,63,16
20413,0x060C,59,30
20413,0x060D,63,17
20413,0x060E,75,46
20413,0x060F,63,17
20413,0x0610,0,116
20413,0x0611,0,16
20413,0x0612,0,118
20413,0x0613,0,16
20413,0x0616,0,21
20413,0x0617,0,13
20413,0x0618,9,0
20413,0x0619,13,0
20413,0x061A,191,0
20413,0x061B,12,0
20413,0x061C,95,16
20413,0x061D,16,13
20413,0x061E,11,32
20413,0x061F,16,13
20413,0x0620,11,3
20413,0x0621,16,13
20413,0x0622,11,218
20413,0x0623,16,12
20413,0x0624,29,234
20413,0x0625,17,12
20413,0x0626,45,250
20413,0x0627,17,12
20413,0x0628,116,0
20413,0x0629,16,0
20413,0x062A,117,0
20413,0x062B,16,0
20413,0x0630,0,82
20413,0x0631,0,63
20413,0x0632,0,36
20413,0x0633,0,63
20413,0x0634,0,58
20413,0x0635,0,63
20413,0x0636,0,74
20413,0x0637,0,63
20413,0x0874,222,86
20413,0x0875,42,1
20413,0x0876,86,222
20413,0x0877,1,42
20413,0x0894,22,14
20413,0x0895,91,58
20413,0x0896,14,22
20413,0x0897,58,91
20413,0x0908,139,241
20413,0x0909,154,56
20413,0x090C,155,1
20413,0x090D,154,56
20413,0x0910,178,121
20413,0x0911,108,164
20413,0x0914,194,137
20413,0x0915,108,164
20413,0x0918,218,160
20413,0x0919,57,133
20413,0x091C,234,176
20413,0x091D,57,133
20413,0x0920,71,200
20413,0x0921,224,72
20413,0x0922,6,2
20413,0x0923,61,105
20413,0x0924,55,216
20413,0x0925,224,72
20413,0x0926,4,0
20413,0x0927,61,105
20413,0x0B00,170,234
20413,0x0B02,0,10
20413,0x0B22,37,38
20413,0x0B24,74,77
20413,0x0B26,149,154
20413,0x0B28,42,52
20413,0x0B82,37,38
20413,0x0B84,74,77
20413,0x0B86,149,154
20413,0x0B88,42,52
20413,0x0F99,149,154
20413,0x0F9D,149,154
20413,0x0FD1,149,154
20413,0x0FF0,149,154
20413,0x16C0,128,200
20413,0x16C1,165,74
20413,0x16C2,175,176
20413,0x16C4,0,54
20413,0x16C5,0,177
20413,0x16C6,0,2
20413,0x16C8,0,3
20413,0x16CA,0,2
20413,0x16CB,0,3
20413,0x16CC,0,9
20413,0x16D0,0,160
20413,0x16D1,0,1
20413,0x16D2,0,1
20413,0x16D4,0,64
20413,0x16D6,0,52
20413,0x16D7,0,254
20413,0x16D8,0,255
20413,0x16DE,0,9
20413,0x16DF,0,12
20413,0x16E0,0,154
20413,0x16E1,0,2
20413,0x16E2,0,220
20413,0x16E3,0,8
20413,0x16E4,0,222
20413,0x16E5,0,8
20413,0x16E6,0,247
20413,0x16E7,0,8
20413,0x16E9,0,1
20413,0x16EA,0,238
20413,0x16EB,0,4
20413,0x16EC,0,124
20413,0x16ED,0,12
20413,0x16F1,1,0
20413,0x16F5,0,184
20413,0x16F6,0,110
20413,0x16F8,1,11
20413,0x16F9,0,6
20413,0x16FA,0,95
20413,0x16FB,0,193
20413,0x1710,52,60
20413,0x1711,155,137
20413,0x1713,88,123
20413,0x1714,162,172
20413,0x1719,97,183
20413,0x171A,1,0
20413,0x1726,190,180
20413,0x1735,127,117
20413,0x1738,25,15
20413,0x1750,188,196
20413,0x1751,194,176
20413,0x1753,171,106
20413,0x1754,116,141
20413,0x1759,215,45
20413,0x1766,212,202
20413,0x1775,149,139
20413,0x1778,47,37
20413,0x1790,68,76
20413,0x1791,234,216
20413,0x1793,26,181
20413,0x1794,65,80
20413,0x1799,141,99
20413,0x179A,0,2
20413,0x17A6,234,224
20413,0x17B5,171,161
20413,0x17B8,16,6
20423,0x0004,12,14
20423,0x0020,216,198
20423,0x0022,72,102
20423,0x0069,165,175
20423,0x006B,95,105
20423,0x007B,154,159
20423,0x00AD,54,64
20423,0x00CD,219,234
20423,0x00CE,172,202
20423,0x00CF,23,73
20423,0x00D0,128,198
20423,0x017D,116,52
20423,0x02FD,41,39
20423,0x0501,147,135
20423,0x0502,94,82
20423,0x0600,10,0
20423,0x0601,13,0
20423,0x0602,207,0
20423,0x0603,12,0
20423,0x0604,217,0
20423,0x0605,16,0
20423,0x0606,11,0
20423,0x0607,16,0
20423,0x0608,11,83
20423,0x0609,16,63
20423,0x060A,11,37
20423,0x060B,16,63
20423,0x060C,30,59
20423,0x060D,17,63
20423,0x060E,46,75
20423,0x060F,17,63
20423,0x0610,116,0
20423,0x0611,16,0
20423,0x0612,118,0
20423,0x0613,16,0
20423,0x0874,86,222
20423,0x0875,1,42
20423,0x0876,222,86
20423,0x0877,42,1
20423,0x0894,14,22
20423,0x0895,58,91
20423,0x0896,22,14
20423,0x0897,91,58
20423,0x0908,241,223
20423,0x090C,1,239
20423,0x0910,121,103
20423,0x0911,164,167
20423,0x0914,137,119
20423,0x0915,164,167
20423,0x0918,160,142
20423,0x0919,133,151
20423,0x091C,176,158
20423,0x091D,133,151
20423,0x0920,200,182
20423,0x0921,72,102
20423,0x0924,216,198
20423,0x0925,72,102
20423,0x0B00,234,170
20423,0x0B22,38,39
20423,0x0B24,77,79
20423,0x0B26,154,159
20423,0x0B28,52,62
20423,0x0B82,38,39
20423,0x0B84,77,79
20423,0x0B86,154,159
20423,0x0B88,52,62
20423,0x0F99,154,159
20423,0x0F9D,154,159
20423,0x0FD1,154,159
20423,0x0FF0,154,159
20423,0x16D0,160,168
20423,0x16D1,1,239
20423,0x16D2,1,0
20423,0x16E6,247,237
20423,0x16F5,184,174
20423,0x16F8,11,1
20423,0x1710,60,68
20423,0x1711,137,119
20423,0x1713,123,250
20423,0x1714,172,175
20423,0x1719,183,13
20423,0x1726,180,170
20423,0x1735,117,107
20423,0x1738,15,5
20423,0x1750,196,204
20423,0x1751,176,158
20423,0x1753,106,133
20423,0x1754,141,159
20423,0x1759,45,131
20423,0x175A,2,1
20423,0x1766,202,192
20423,0x1775,139,129
20423,0x1778,37,27
20423,0x1790,76,84
20423,0x1791,216,198
20423,0x1793,181,236
20423,0x1794,80,110
20423,0x1799,99,249
20423,0x179D,47,239
20423,0x17A6,224,214
20423,0x17B5,161,151
20423,0x17B8,6,49
20423,0x17BA,99,103
20433,0x0004,14,18
20433,0x0020,198,180
20433,0x0022,102,128
20433,0x0069,175,185
20433,0x006B,105,115
20433,0x007B,159,164
20433,0x00AD,64,74
20433,0x00CD,234,249
20433,0x00CE,202,232
20433,0x00CF,73,123
20433,0x00D0,198,12
20433,0x0501,135,137
20433,0x0508,83,74
20433,0x0509,85,94
20433,0x050A,20,4
20433,0x050B,20,8
20433,0x050F,134,10
20433,0x0510,82,84
20433,0x0512,40,12
20433,0x0516,82,148
20433,0x0517,85,94
20433,0x0519,44,32
20433,0x051D,132,84
20433,0x051E,82,85
20433,0x0520,64,52
20433,0x0524,128,136
20433,0x060E,75,50
20433,0x0614,0,166
20433,0x0615,0,26
20433,0x0616,21,182
20433,0x0617,13,26
20433,0x0618,0,159
20433,0x0619,0,26
20433,0x061A,0,109
20433,0x061B,0,24
20433,0x061C,16,0
20433,0x061D,13,0
20433,0x061E,32,0
20433,0x061F,13,0
20433,0x0620,3,11
20433,0x0622,218,207
20433,0x0624,234,95
20433,0x0625,12,16
20433,0x0626,250,153
20433,0x0627,12,17
20433,0x0628,0,11
20433,0x0629,0,16
20433,0x062A,0,11
20433,0x062B,0,16
20433,0x062C,0,31
20433,0x062D,0,17
20433,0x062E,0,47
20433,0x062F,0,17
20433,0x0630,82,116
20433,0x0631,63,16
20433,0x0632,36,117
20433,0x0633,63,16
20433,0x0634,58,20
20433,0x0635,63,13
20433,0x0636,74,22
20433,0x0637,63,13
20433,0x0638,0,24
20433,0x0639,0,13
20433,0x063A,0,25
20433,0x063B,0,13
20433,0x063C,233,17
20433,0x063D,12,13
20433,0x063E,249,33
20433,0x063F,12,13
20433,0x0640,0,4
20433,0x0641,0,13
20433,0x0642,0,219
20433,0x0643,0,12
20433,0x0644,0,235
20433,0x0645,0,12
20433,0x0646,0,251
20433,0x0647,0,12
20433,0x0648,82,0
20433,0x0649,63,0
20433,0x064A,36,0
20433,0x064B,63,0
20433,0x064C,58,0
20433,0x064D,63,0
20433,0x064E,74,0
20433,0x064F,63,0
20433,0x0650,0,82
20433,0x0651,0,63
20433,0x0652,0,36
20433,0x0653,0,63
20433,0x0654,0,58
20433,0x0655,0,63
20433,0x0874,222,86
20433,0x0875,42,1
20433,0x0876,86,222
20433,0x0877,1,42
20433,0x0894,22,14
20433,0x0895,91,58
20433,0x0896,14,22
20433,0x0897,58,91
20433,0x0908,223,205
20433,0x0909,56,66
20433,0x090C,239,221
20433,0x090D,56,66
20433,0x0910,103,85
20433,0x0914,119,101
20433,0x0918,142,124
20433,0x0919,151,162
20433,0x091C,158,140
20433,0x091D,151,162
20433,0x0920,182,164
20433,0x0921,102,128
20433,0x0924,198,180
20433,0x0925,102,128
20433,0x0B22,39,41
20433,0x0B24,79,82
20433,0x0B26,159,164
20433,0x0B28,62,72
20433,0x0B82,39,41
20433,0x0B84,79,82
20433,0x0B86,159,164
20433,0x0B88,62,72
20433,0x0F99,159,164
20433,0x0F9D,159,164
20433,0x0FD1,159,164
20433,0x0FF0,159,164
20433,0x16D0,168,176
20433,0x16D1,239,221
20433,0x16D3,0,25
20433,0x16D4,64,74
20433,0x16D9,0,214
20433,0x16DA,0,1
20433,0x16DD,0,47
20433,0x16E6,237,227
20433,0x16F5,174,164
20433,0x16F8,1,9
20433,0x16F9,6,2
20433,0x16FA,95,99
20433,0x1710,68,76
20433,0x1711,119,101
20433,0x1713,250,132
20433,0x1719,13,201
20433,0x171A,0,255
20433,0x171B,0,255
20433,0x1726,170,160
20433,0x1735,107,97
20433,0x1738,5,13
20433,0x1739,2,6
20433,0x173A,103,106
20433,0x1750,204,212
20433,0x1751,158,140
20433,0x1753,133,252
20433,0x1754,159,170
20433,0x1759,131,217
20433,0x175A,1,0
20433,0x1766,192,182
20433,0x1775,129,119
20433,0x1778,27,17
20433,0x1790,84,92
20433,0x1791,198,180
20433,0x1793,236,255
20433,0x1794,110,136
20433,0x1799,249,79
20433,0x17A6,214,204
20433,0x17B5,151,141
20433,0x17B8,49,39
20443,0x0004,18,20
20443,0x0020,180,162
20443,0x0022,128,148
20443,0x0069,185,195
20443,0x006B,115,125
20443,0x007B,164,169
20443,0x00AD,74,84
20443,0x00CD,249,8
20443,0x00CE,232,7
20443,0x00CF,123,174
20443,0x00D0,12,82
20443,0x02FD,39,41
20443,0x0501,137,149
20443,0x0502,82,94
20443,0x0508,74,85
20443,0x0509,94,85
20443,0x050A,4,20
20443,0x050B,8,20
20443,0x050F,10,138
20443,0x0510,84,82
20443,0x0512,12,40
20443,0x0600,0,12
20443,0x0601,0,13
20443,0x0602,0,207
20443,0x0603,0,12
20443,0x0604,0,217
20443,0x0605,0,16
20443,0x0606,0,154
20443,0x0607,0,17
20443,0x0608,83,11
20443,0x0609,63,16
20443,0x060A,37,11
20443,0x060B,63,16
20443,0x060C,59,29
20443,0x060D,63,17
20443,0x060E,50,45
20443,0x060F,63,17
20443,0x0610,0,116
20443,0x0611,0,16
20443,0x0612,0,118
20443,0x0613,0,16
20443,0x0614,166,0
20443,0x0615,26,0
20443,0x0616,182,23
20443,0x0617,26,13
20443,0x0618,159,0
20443,0x0619,26,0
20443,0x061A,109,26
20443,0x061B,24,13
20443,0x061C,0,18
20443,0x061D,0,13
20443,0x061E,0,34
20443,0x061F,0,13
20443,0x0620,11,5
20443,0x0622,207,220
20443,0x0624,95,236
20443,0x0625,16,12
20443,0x0626,153,252
20443,0x0627,17,12
20443,0x0628,11,0
20443,0x0629,16,0
20443,0x062A,11,0
20443,0x062B,16,0
20443,0x062C,31,0
20443,0x062D,17,0
20443,0x062E,47,0
20443,0x062F,17,0
20443,0x0630,116,82
20443,0x0631,16,63
20443,0x0632,117,36
20443,0x0633,16,63
20443,0x0634,20,58
20443,0x0635,13,63
20443,0x0636,22,74
20443,0x0637,13,63
20443,0x0638,24,0
20443,0x0639,13,0
20443,0x063A,25,0
20443,0x063B,13,0
20443,0x0874,86,222
20443,0x0875,1,42
20443,0x0876,222,86
20443,0x0877,42,1
20443,0x0894,14,22
20443,0x0895,58,91
20443,0x0896,22,14
20443,0x0897,91,58
20443,0x0908,205,187
20443,0x0909,66,93
20443,0x090C,221,203
20443,0x090D,66,93
20443,0x0910,85,67
20443,0x0914,101,83
20443,0x0918,124,106
20443,0x0919,162,167
20443,0x091C,140,122
20443,0x091D,162,167
20443,0x0920,164,146
20443,0x0921,128,148
20443,0x0924,180,162
20443,0x0925,128,148
20443,0x0B22,41,42
20443,0x0B24,82,84
20443,0x0B26,164,169
20443,0x0B28,72,82
20443,0x0B82,41,42
20443,0x0B84,82,84
20443,0x0B86,164,169
20443,0x0B88,72,82
20443,0x0F99,164,169
20443,0x0F9D,164,169
20443,0x0FD1,164,169
20443,0x0FF0,164,169
20443,0x16D0,176,184
20443,0x16D1,221,203
20443,0x16D3,25,206
20443,0x16D4,74,101
20443,0x16D9,214,44
20443,0x16DA,1,3
20443,0x16DD,47,239
20443,0x16E6,227,217
20443,0x16F5,164,154
20443,0x16F8,9,52
20443,0x16FA,99,103
20443,0x1710,76,84
20443,0x1711,101,83
20443,0x1726,160,150
20443,0x1735,97,87
20443,0x1738,13,3
20443,0x1750,212,220
20443,0x1751,140,122
20443,0x1753,252,207
20443,0x1754,170,175
20443,0x1759,217,47
20443,0x1766,182,172
20443,0x1775,119,109
20443,0x1778,17,7
20443,0x1790,92,100
20443,0x1791,180,162
20443,0x1793,255,110
20443,0x1794,136,156
20443,0x1799,79,165
20443,0x179A,2,1
20443,0x17A6,204,194
20443,0x17B5,141,131
20443,0x17B8,39,29
20453,0x0004,20,22
20453,0x0020,162,144
20453,0x0022,148,161
20453,0x0069,195,205
20453,0x006B,125,135
20453,0x007B,169,174
20453,0x00AD,84,94
20453,0x00CD,8,23
20453,0x00CE,7,37
20453,0x00CF,174,224
20453,0x00D0,82,152
20453,0x0501,149,139
20453,0x0502,94,82
20453,0x0600,12,0
20453,0x0601,13,0
20453,0x0602,207,0
20453,0x0603,12,0
20453,0x0604,217,0
20453,0x0605,16,0
20453,0x0606,154,67
20453,0x0607,17,63
20453,0x0608,11,68
20453,0x0609,16,63
20453,0x060A,11,37
20453,0x060B,16,63
20453,0x060C,29,59
20453,0x060D,17,63
20453,0x060E,45,75
20453,0x060F,17,63
20453,0x0610,116,0
20453,0x0611,16,0
20453,0x0612,118,0
20453,0x0613,16,0
20453,0x0874,222,86
20453,0x0875,42,1
20453,0x0876,86,222
20453,0x0877,1,42
20453,0x0894,22,14
20453,0x0895,91,58
20453,0x0896,14,22
20453,0x0897,58,91
20453,0x0908,187,169
20453,0x0909,93,121
20453,0x090C,203,185
20453,0x090D,93,121
20453,0x0910,67,50
20453,0x0911,167,165
20453,0x0912,2,6
20453,0x0914,83,66
20453,0x0915,167,165
20453,0x0916,0,4
20453,0x0918,106,88
20453,0x091C,122,104
20453,0x0920,146,128
20453,0x0921,148,161
20453,0x0924,162,144
20453,0x0925,148,161
20453,0x0B22,42,43
20453,0x0B24,84,87
20453,0x0B26,169,174
20453,0x0B28,82,92
20453,0x0B82,42,43
20453,0x0B84,84,87
20453,0x0B86,169,174
20453,0x0B88,82,92
20453,0x0F99,169,174
20453,0x0F9D,169,174
20453,0x0FD1,169,174
20453,0x0FF0,169,174
20453,0x16D0,184,192
20453,0x16D1,203,185
20453,0x16D3,206,223
20453,0x16D4,101,129
20453,0x16D9,44,130
20453,0x16DA,3,2
20453,0x16E6,217,207
20453,0x16F5,154,144
20453,0x16F8,52,42
20453,0x1710,84,124
20453,0x1711,83,66
20453,0x1713,132,24
20453,0x1714,175,173
20453,0x1716,52,116
20453,0x1719,201,161
20453,0x171C,0,8
20453,0x171D,239,251
20453,0x1722,220,217
20453,0x1724,222,219
20453,0x1726,150,247
20453,0x172C,124,111
20453,0x172D,12,43
20453,0x1735,87,77
20453,0x1738,3,39
20453,0x1739,6,0
20453,0x173A,106,111
20453,0x1750,220,228
20453,0x1751,122,104
20453,0x1753,207,132
20453,0x1759,47,201
20453,0x175A,0,255
20453,0x175B,0,255
20453,0x1766,172,162
20453,0x1775,109,99
20453,0x1778,7,15
20453,0x1779,2,6
20453,0x177A,103,106
20453,0x1790,100,108
20453,0x1791,162,144
20453,0x1793,110,57
20453,0x1794,156,169
20453,0x1799,165,251
20453,0x179A,1,0
20453,0x17A6,194,184
20453,0x17B5,131,121
20453,0x17B8,29,19
20463,0x0004,22,24
20463,0x0020,144,126
20463,0x0022,161,167
20463,0x0069,205,215
20463,0x006B,135,145
20463,0x007B,174,179
20463,0x00AD,94,104
20463,0x00CD,23,38
20463,0x00CE,37,67
20463,0x00CF,224,18
20463,0x00D0,152,223
20463,0x0501,139,75
20463,0x0502,82,94
20463,0x0503,20,4
20463,0x0508,85,11
20463,0x0509,85,84
20463,0x050B,20,4
20463,0x050F,138,150
20463,0x0510,82,94
20463,0x0512,40,24
20463,0x0516,148,86
20463,0x0517,94,85
20463,0x0519,32,44
20463,0x051D,84,140
20463,0x051E,85,82
20463,0x0520,52,64
20463,0x0600,0,116
20463,0x0601,0,16
20463,0x0602,0,118
20463,0x0603,0,16
20463,0x0606,67,0
20463,0x0607,63,0
20463,0x0608,68,0
20463,0x0609,63,0
20463,0x060A,37,0
20463,0x060B,63,0
20463,0x060C,59,167
20463,0x060D,63,26
20463,0x060E,75,183
20463,0x060F,63,26
20463,0x0610,0,173
20463,0x0611,0,26
20463,0x0612,0,127
20463,0x0613,0,24
20463,0x0616,23,0
20463,0x0617,13,0
20463,0x0618,0,13
20463,0x0619,0,13
20463,0x061A,26,207
20463,0x061B,13,12
20463,0x061C,18,95
20463,0x061D,13,80
20463,0x061E,34,11
20463,0x061F,13,16
20463,0x0620,5,11
20463,0x0621,13,16
20463,0x0622,220,11
20463,0x0623,12,16
20463,0x0624,236,30
20463,0x0625,12,17
20463,0x0626,252,46
20463,0x0627,12,17
20463,0x0628,0,116
20463,0x0629,0,16
20463,0x062A,0,117
20463,0x062B,0,16
20463,0x0630,82,0
20463,0x0631,63,0
20463,0x0632,36,27
20463,0x0633,63,13
20463,0x0634,58,19
20463,0x0635,63,13
20463,0x0636,74,35
20463,0x0637,63,13
20463,0x0638,0,6
20463,0x0639,0,13
20463,0x063A,0,221
20463,0x063B,0,12
20463,0x063C,17,237
20463,0x063D,13,12
20463,0x063E,33,253
20463,0x063F,13,12
20463,0x0640,4,0
20463,0x0641,13,0
20463,0x0642,219,0
20463,0x0643,12,0
20463,0x0644,235,0
20463,0x0645,12,0
20463,0x0646,251,0
20463,0x0647,12,0
20463,0x0648,0,82
20463,0x0649,0,63
20463,0x064A,0,36
20463,0x064B,0,63
20463,0x064C,0,58
20463,0x064D,0,63
20463,0x064E,0,74
20463,0x064F,0,63
20463,0x0650,82,0
20463,0x0651,63,0
20463,0x0652,36,0
20463,0x0653,63,0
20463,0x0874,86,222
20463,0x0875,1,42
20463,0x0876,222,86
20463,0x0877,42,1
20463,0x0894,14,22
20463,0x0895,58,91
20463,0x0896,22,14
20463,0x0897,91,58
20463,0x0908,169,151
20463,0x0909,121,143
20463,0x090C,185,167
20463,0x090D,121,143
20463,0x0910,50,36
20463,0x0911,165,160
20463,0x0914,66,52
20463,0x0915,165,160
20463,0x0918,88,70
20463,0x091C,104,86
20463,0x0920,128,110
20463,0x0921,161,167
20463,0x0924,144,126
20463,0x0925,161,167
20463,0x0B22,43,44
20463,0x0B24,87,89
20463,0x0B26,174,179
20463,0x0B28,92,102
20463,0x0B82,43,44
20463,0x0B84,87,89
20463,0x0B86,174,179
20463,0x0B88,92,102
20463,0x0F99,174,179
20463,0x0F9D,174,179
20463,0x0FD1,174,179
20463,0x0FF0,174,179
20463,0x16D0,192,200
20463,0x16D1,185,167
20463,0x16D3,223,76
20463,0x16D4,129,151
20463,0x16D9,130,216
20463,0x16DA,2,1
20463,0x16E6,207,197
20463,0x16F5,144,134
20463,0x16F8,42,32
20463,0x1710,124,188
20463,0x1711,66,52
20463,0x1713,24,79
20463,0x1714,173,168
20463,0x1716,116,196
20463,0x1719,161,111
20463,0x1726,247,237
20463,0x1735,77,67
20463,0x1738,39,29
20463,0x1750,228,236
20463,0x1751,104,86
20463,0x1766,162,152
20463,0x1775,99,89
20463,0x1778,15,5
20463,0x1790,108,116
20463,0x1791,144,126
20463,0x1793,57,96
20463,0x1794,169,175
20463,0x1799,251,81
20463,0x17A6,184,174
20463,0x17B5,121,111
20463,0x17B8,19,9
20473,0x0004,24,28
20473,0x0020,126,108
20473,0x0069,215,225
20473,0x006B,145,155
20473,0x007B,179,184
20473,0x00AD,104,114
20473,0x00CD,38,53
20473,0x00CE,67,97
20473,0x00CF,18,68
20473,0x00D0,223,37
20473,0x0172,52,54
20473,0x02FD,41,39
20473,0x0501,75,151
20473,0x0503,4,20
20473,0x0508,11,87
20473,0x0509,84,85
20473,0x050B,4,20
20473,0x050F,150,142
20473,0x0510,94,82
20473,0x0512,24,40
20473,0x0600,116,14
20473,0x0601,16,13
20473,0x0602,118,207
20473,0x0603,16,12
20473,0x0604,0,217
20473,0x0605,0,80
20473,0x0606,0,154
20473,0x0607,0,17
20473,0x0608,0,11
20473,0x0609,0,16
20473,0x060A,0,11
20473,0x060B,0,16
20473,0x060C,167,31
20473,0x060D,26,17
20473,0x060E,183,47
20473,0x060F,26,17
20473,0x0610,173,116
20473,0x0611,26,16
20473,0x0612,127,118
20473,0x0613,24,16
20473,0x0618,13,0
20473,0x0619,13,0
20473,0x061A,207,0
20473,0x061B,12,0
20473,0x061C,95,0
20473,0x061D,80,0
20473,0x061E,11,0
20473,0x061F,16,0
20473,0x0620,11,0
20473,0x0621,16,0
20473,0x0622,11,222
20473,0x0623,16,12
20473,0x0624,30,238
20473,0x0625,17,12
20473,0x0626,46,254
20473,0x0627,17,12
20473,0x0628,116,0
20473,0x0629,16,0
20473,0x062A,117,0
20473,0x062B,16,0
20473,0x0630,0,82
20473,0x0631,0,63
20473,0x0632,27,36
20473,0x0633,13,63
20473,0x0634,19,58
20473,0x0635,13,63
20473,0x0636,35,74
20473,0x0637,13,63
20473,0x0638,6,0
20473,0x0639,13,0
20473,0x063A,221,0
20473,0x063B,12,0
20473,0x0874,222,86
20473,0x0875,42,1
20473,0x0876,86,222
20473,0x0877,1,42
20473,0x0894,22,14
20473,0x0895,91,58
20473,0x0896,14,22
20473,0x0897,58,91
20473,0x0908,151,133
20473,0x0909,143,158
20473,0x090C,167,149
20473,0x090D,143,158
20473,0x0910,36,26
20473,0x0911,160,153
20473,0x0914,52,42
20473,0x0915,160,153
20473,0x0918,70,53
20473,0x0919,167,165
20473,0x091A,2,6
20473,0x091C,86,69
20473,0x091D,167,165
20473,0x091E,0,4
20473,0x0920,110,92
20473,0x0924,126,108
20473,0x0B22,44,46
20473,0x0B24,89,92
20473,0x0B26,179,184
20473,0x0B28,102,112
20473,0x0B82,44,46
20473,0x0B84,89,92
20473,0x0B86,179,184
20473,0x0B88,102,112
20473,0x0F99,179,184
20473,0x0F9D,179,184
20473,0x0FD1,179,184
20473,0x0FF0,179,184
20473,0x16D0,200,208
20473,0x16D1,167,149
20473,0x16D3,76,21
20473,0x16D4,151,166
20473,0x16D9,216,46
20473,0x16E6,197,187
20473,0x16F5,134,124
20473,0x16F8,32,22
20473,0x1710,188,28
20473,0x1711,52,42
20473,0x1713,79,146
20473,0x1714,168,161
20473,0x1716,196,20
20473,0x1717,254,255
20473,0x1719,111,61
20473,0x1726,237,227
20473,0x1735,67,57
20473,0x1738,29,19
20473,0x1750,236,156
20473,0x1751,86,69
20473,0x1753,132,209
20473,0x1754,175,173
20473,0x1756,52,100
20473,0x1759,201,171
20473,0x175C,0,8
20473,0x175D,239,251
20473,0x1762,220,217
20473,0x1764,222,219
20473,0x1766,152,249
20473,0x176C,124,111
20473,0x176D,12,43
20473,0x1775,89,79
20473,0x1778,5,41
20473,0x1779,6,0
20473,0x177A,106,111
20473,0x1790,116,124
20473,0x1791,126,108
20473,0x1793,96,132
20473,0x1799,81,201
20473,0x179A,0,255
20473,0x179B,0,255
20473,0x17A6,174,164
20473,0x17B5,111,101
20473,0x17B8,9,17
20473,0x17B9,2,6
20473,0x17BA,103,106
20483,0x0004,28,30
20483,0x0020,108,90
20483,0x0069,225,235
20483,0x006B,155,165
20483,0x007B,184,189
20483,0x00AD,114,124
20483,0x00CD,53,68
20483,0x00CE,97,127
20483,0x00CF,68,118
20483,0x00D0,37,107
20483,0x02FD,39,41
20483,0x0501,151,143
20483,0x0502,94,82
20483,0x0600,14,0
20483,0x0601,13,0
20483,0x0602,207,0
20483,0x0603,12,0
20483,0x0604,217,0
20483,0x0605,80,0
20483,0x0606,154,0
20483,0x0607,17,0
20483,0x0608,11,83
20483,0x0609,16,63
20483,0x060A,11,37
20483,0x060B,16,63
20483,0x060C,31,59
20483,0x060D,17,63
20483,0x060E,47,75
20483,0x060F,17,63
20483,0x0610,116,0
20483,0x0611,16,0
20483,0x0612,118,0
20483,0x0613,16,0
20483,0x0874,86,222
20483,0x0875,1,42
20483,0x0876,222,86
20483,0x0877,42,1
20483,0x0894,14,22
20483,0x0895,58,91
20483,0x0896,22,14
20483,0x0897,91,58
20483,0x0908,133,115
20483,0x0909,158,166
20483,0x090C,149,131
20483,0x090D,158,166
20483,0x0910,26,18
20483,0x0911,153,144
20483,0x0914,42,34
20483,0x0915,153,144
20483,0x0918,53,39
20483,0x0919,165,161
20483,0x091C,69,55
20483,0x091D,165,161
20483,0x0920,92,74
20483,0x0924,108,90
20483,0x0B22,46,47
20483,0x0B24,92,94
20483,0x0B26,184,189
20483,0x0B28,112,122
20483,0x0B82,46,47
20483,0x0B84,92,94
20483,0x0B86,184,189
20483,0x0B88,112,122
20483,0x0F99,184,189
20483,0x0F9D,184,189
20483,0x0FD1,184,189
20483,0x0FF0,184,189
20483,0x16D0,208,216
20483,0x16D1,149,131
20483,0x16D3,21,58
20483,0x16D4,166,174
20483,0x16D9,46,132
20483,0x16DA,1,0
20483,0x16E6,187,177
20483,0x16F5,124,114
20483,0x16F8,22,12
20483,0x1710,28,156
20483,0x1711,42,34
20483,0x1713,146,225
20483,0x1714,161,152
20483,0x1716,20,100
20483,0x1719,61,11
20483,0x1726,227,217
20483,0x1735,57,47
20483,0x1738,19,9
20483,0x1750,156,60
20483,0x1751,69,55
20483,0x1753,209,108
20483,0x1754,173,169
20483,0x1756,100,180
20483,0x1759,171,121
20483,0x1766,249,239
20483,0x1775,79,69
20483,0x1778,41,31
20483,0x1790,124,132
20483,0x1791,108,90
20483,0x17A6,164,154
20483,0x17B5,101,91
20483,0x17B8,17,7
20493,0x0004,30,32
20493,0x0020,90,72
20493,0x0022,167,166
20493,0x0024,0,4
20493,0x0069,235,245
20493,0x006B,165,175
20493,0x007B,189,194
20493,0x00AD,124,134
20493,0x00CD,68,83
20493,0x00CE,127,157
20493,0x00CF,118,168
20493,0x00D0,107,177
20493,0x0175,52,54
20493,0x0178,52,54
20493,0x0501,143,198
20493,0x0502,82,93
20493,0x0503,20,8
20493,0x0508,87,76
20493,0x0509,85,94
20493,0x050A,20,4
20493,0x050B,20,8
20493,0x050F,142,12
20493,0x0510,82,84
20493,0x0512,40,12
20493,0x0516,86,152
20493,0x0517,85,94
20493,0x0519,44,32
20493,0x051D,140,88
20493,0x051E,82,85
20493,0x0520,64,52
20493,0x0524,136,144
20493,0x0600,0,74
20493,0x0601,0,8
20493,0x0602,0,22
20493,0x0603,0,8
20493,0x0604,0,38
20493,0x0605,0,8
20493,0x0606,0,54
20493,0x0607,0,8
20493,0x0608,83,192
20493,0x0609,63,22
20493,0x060A,37,193
20493,0x060B,63,22
20493,0x060C,59,0
20493,0x060D,63,0
20493,0x060E,75,0
20493,0x060F,63,0
20493,0x0612,0,152
20493,0x0613,0,26
20493,0x0614,0,168
20493,0x0615,0,26
20493,0x0616,0,184
20493,0x0617,0,26
20493,0x0618,0,174
20493,0x0619,0,26
20493,0x061A,0,151
20493,0x061B,0,90
20493,0x0620,0,15
20493,0x0621,0,13
20493,0x0622,222,246
20493,0x0624,238,95
20493,0x0625,12,16
20493,0x0626,254,153
20493,0x0627,12,17
20493,0x0628,0,11
20493,0x0629,0,16
20493,0x062A,0,11
20493,0x062B,0,16
20493,0x062C,0,29
20493,0x062D,0,17
20493,0x062E,0,45
20493,0x062F,0,17
20493,0x0630,82,116
20493,0x0631,63,16
20493,0x0632,36,117
20493,0x0633,63,16
20493,0x0634,58,0
20493,0x0635,63,0
20493,0x0636,74,0
20493,0x0637,63,0
20493,0x063C,237,0
20493,0x063D,12,0
20493,0x063E,253,0
20493,0x063F,12,0
20493,0x0642,0,223
20493,0x0643,0,12
20493,0x0644,0,239
20493,0x0645,0,12
20493,0x0646,0,255
20493,0x0647,0,12
20493,0x0648,82,0
20493,0x0649,63,0
20493,0x064A,36,0
20493,0x064B,63,0
20493,0x064C,58,0
20493,0x064D,63,0
20493,0x064E,74,0
20493,0x064F,63,0
20493,0x0650,0,82
20493,0x0651,0,63
20493,0x0652,0,36
20493,0x0653,0,63
20493,0x0656,0,74
20493,0x0657,0,63
20493,0x0874,222,86
20493,0x0875,42,1
20493,0x0876,86,222
20493,0x0877,1,42
20493,0x0894,22,14
20493,0x0895,91,58
20493,0x0896,14,22
20493,0x0897,58,91
20493,0x0908,115,97
20493,0x0909,166,167
20493,0x090C,131,113
20493,0x090D,166,167
20493,0x0910,18,14
20493,0x0911,144,134
20493,0x0914,34,30
20493,0x0915,144,134
20493,0x0918,39,27
20493,0x0919,161,155
20493,0x091C,55,43
20493,0x091D,161,155
20493,0x0920,74,56
20493,0x0921,167,166
20493,0x0922,2,6
20493,0x0924,90,72
20493,0x0925,167,166
20493,0x0926,0,4
20493,0x0B22,47,48
20493,0x0B24,94,97
20493,0x0B26,189,194
20493,0x0B28,122,132
20493,0x0B82,47,48
20493,0x0B84,94,97
20493,0x0B86,189,194
20493,0x0B88,122,132
20493,0x0F99,189,194
20493,0x0F9D,189,194
20493,0x0FD1,189,194
20493,0x0FF0,189,194
20493,0x16D0,216,224
20493,0x16D1,131,113
20493,0x16D3,58,187
20493,0x16D4,174,175
20493,0x16D9,132,218
20493,0x16DA,0,255
20493,0x16DB,0,255
20493,0x16E6,177,167
20493,0x16F5,114,104
20493,0x16F8,12,2
20493,0x1710,156,42
20493,0x1711,34,30
20493,0x1713,225,63
20493,0x1714,152,142
20493,0x1716,100,168
20493,0x1719,11,219
20493,0x171A,255,254
20493,0x171C,8,2
20493,0x171D,251,252
20493,0x1722,217,13
20493,0x1723,8,12
20493,0x1724,219,15
20493,0x1725,8,12
20493,0x1726,217,4
20493,0x1735,47,37
20493,0x1738,9,23
20493,0x173A,111,116
20493,0x1750,60,252
20493,0x1751,55,43
20493,0x1753,108,19
20493,0x1754,169,163
20493,0x1756,180,4
20493,0x1757,254,255
20493,0x1759,121,71
20493,0x1766,239,229
20493,0x1775,69,59
20493,0x1778,31,21
20493,0x1790,132,220
20493,0x1791,90,72
20493,0x1793,132,118
20493,0x1794,175,174
20493,0x1796,52,84
20493,0x1799,201,181
20493,0x179C,0,8
20493,0x179D,239,251
20493,0x17A2,220,217
20493,0x17A4,222,219
20493,0x17A6,154,251
20493,0x17AC,124,111
20493,0x17AD,12,43
20493,0x17B5,91,81
20493,0x17B8,7,43
20493,0x17B9,6,0
20493,0x17BA,106,111
20503,0x0004,32,34
20503,0x0020,72,57
20503,0x0022,166,162
20503,0x0069,245,255
20503,0x006B,175,185
20503,0x007B,194,199
20503,0x00AD,134,144
20503,0x00CD,83,98
20503,0x00CE,157,187
20503,0x00CF,168,218
20503,0x00D0,177,247
20503,0x02FD,41,39
20503,0x0501,198,145
20503,0x0502,93,82
20503,0x0503,8,20
20503,0x0600,74,0
20503,0x0601,8,0
20503,0x0602,22,0
20503,0x0603,8,0
20503,0x0604,38,0
20503,0x0605,8,0
20503,0x0606,54,0
20503,0x0607,8,0
20503,0x0608,192,83
20503,0x0609,22,63
20503,0x060A,193,37
20503,0x060B,22,63
20503,0x060C,0,59
20503,0x060D,0,63
20503,0x060E,0,75
20503,0x060F,0,63
20503,0x0612,152,0
20503,0x0613,26,0
20503,0x0874,86,222
20503,0x0875,1,42
20503,0x0876,222,86
20503,0x0877,42,1
20503,0x0894,14,22
20503,0x0895,58,91
20503,0x0896,22,14
20503,0x0897,91,58
20503,0x0908,97,79
20503,0x090C,113,95
20503,0x0910,14,11
20503,0x0911,134,121
20503,0x0912,6,14
20503,0x0914,30,27
20503,0x0915,134,121
20503,0x0916,4,12
20503,0x0918,27,19
20503,0x0919,155,146
20503,0x091C,43,35
20503,0x091D,155,146
20503,0x0920,56,41
20503,0x0921,166,162
20503,0x0924,72,57
20503,0x0925,166,162
20503,0x0B22,48,49
20503,0x0B24,97,99
20503,0x0B26,194,199
20503,0x0B28,132,142
20503,0x0B82,48,49
20503,0x0B84,97,99
20503,0x0B86,194,199
20503,0x0B88,132,142
20503,0x0F99,194,199
20503,0x0F9D,194,199
20503,0x0FD1,194,199
20503,0x0FF0,194,199
20503,0x16D0,224,232
20503,0x16D1,113,95
20503,0x16D3,187,132
20503,0x16D9,218,201
20503,0x16E6,167,157
20503,0x16F5,104,94
20503,0x16F8,2,10
20503,0x16F9,2,6
20503,0x16FA,103,106
20503,0x1710,42,40
20503,0x1711,30,27
20503,0x1713,63,241
20503,0x1714,142,129
20503,0x1716,168,188
20503,0x1719,219,179
20503,0x1724,15,19
20503,0x1726,4,6
20503,0x172C,111,93
20503,0x1735,37,27
20503,0x1738,23,13
20503,0x1750,252,220
20503,0x1751,43,35
20503,0x1753,19,198
20503,0x1754,163,154
20503,0x1756,4,84
20503,0x1759,71,21
20503,0x1766,229,219
20503,0x1775,59,49
20503,0x1778,21,11
20503,0x1791,72,57
20503,0x1793,118,117
20503,0x1794,174,170
20503,0x1796,84,164
20503,0x1799,181,131
20503,0x17A6,251,241
20503,0x17B5,81,71
20503,0x17B8,43,33
20513,0x0004,34,38
20513,0x0020,57,45
20513,0x0022,162,156
20513,0x0069,255,9
20513,0x006B,185,195
20513,0x007B,199,204
20513,0x00AD,144,154
20513,0x00CD,98,113
20513,0x00CE,187,217
20513,0x00CF,218,12
20513,0x00D0,247,62
20513,0x02FD,39,41
20513,0x0501,145,147
20513,0x0508,76,89
20513,0x0509,94,85
20513,0x050A,4,20
20513,0x050B,8,20
20513,0x050F,12,146
20513,0x0510,84,82
20513,0x0512,12,40
20513,0x0606,0,67
20513,0x0607,0,63
20513,0x0608,83,68
20513,0x060E,75,50
20513,0x0614,168,0
20513,0x0615,26,0
20513,0x0616,184,0
20513,0x0617,26,0
20513,0x0618,174,0
20513,0x0619,26,0
20513,0x061A,151,0
20513,0x061B,90,0
20513,0x0620,15,0
20513,0x0621,13,0
20513,0x0622,246,0
20513,0x0623,12,13
20513,0x0624,95,1
20513,0x0625,16,13
20513,0x0626,153,2
20513,0x0627,17,13
20513,0x0628,11,0
20513,0x0629,16,0
20513,0x062A,11,0
20513,0x062B,16,0
20513,0x062C,29,0
20513,0x062D,17,0
20513,0x062E,45,0
20513,0x062F,17,0
20513,0x0630,116,82
20513,0x0631,16,63
20513,0x0632,117,36
20513,0x0633,16,63
20513,0x0634,0,58
20513,0x0635,0,63
20513,0x0874,222,86
20513,0x0875,42,1
20513,0x0876,86,222
20513,0x0877,1,42
20513,0x0894,22,14
20513,0x0895,91,58
20513,0x0896,14,22
20513,0x0897,58,91
20513,0x0908,79,61
20513,0x090A,2,6
20513,0x090C,95,77
20513,0x090E,0,4
20513,0x0910,11,24
20513,0x0911,121,108
20513,0x0913,105,41
20513,0x0914,27,8
20513,0x0915,121,108
20513,0x0917,105,41
20513,0x0918,19,14
20513,0x0919,146,136
20513,0x091C,35,30
20513,0x091D,146,136
20513,0x0920,41,29
20513,0x0921,162,156
20513,0x0924,57,45
20513,0x0925,162,156
20513,0x0B22,49,51
20513,0x0B24,99,102
20513,0x0B26,199,204
20513,0x0B28,142,152
20513,0x0B82,49,51
20513,0x0B84,99,102
20513,0x0B86,199,204
20513,0x0B88,142,152
20513,0x0F99,199,204
20513,0x0F9D,199,204
20513,0x0FD1,199,204
20513,0x0FF0,199,204
20513,0x16D0,232,248
20513,0x16D1,95,77
20513,0x16D3,132,72
20513,0x16D6,52,60
20513,0x16D9,201,196
20513,0x16DC,0,8
20513,0x16DD,239,251
20513,0x16E2,220,217
20513,0x16E4,222,219
20513,0x16E6,157,254
20513,0x16EC,124,111
20513,0x16ED,12,43
20513,0x16F5,94,84
20513,0x16F8,10,46
20513,0x16F9,6,0
20513,0x16FA,106,111
20513,0x1710,40,238
20513,0x1711,27,24
20513,0x1713,241,19
20513,0x1714,129,116
20513,0x1716,188,208
20513,0x1719,179,139
20513,0x1724,19,21
20513,0x1726,6,2
20513,0x172C,93,129
20513,0x1735,27,17
20513,0x1738,13,3
20513,0x1751,35,30
20513,0x1753,198,133
20513,0x1754,154,144
20513,0x1756,84,164
20513,0x1759,21,227
20513,0x175A,255,254
20513,0x1766,219,209
20513,0x1775,49,39
20513,0x1778,11,1
20513,0x1790,220,252
20513,0x1791,57,45
20513,0x1793,117,128
20513,0x1794,170,164
20513,0x1796,164,244
20513,0x1799,131,81
20513,0x17A6,241,231
20513,0x17B5,71,61
20513,0x17B8,33,23
20523,0x0004,38,40
20523,0x0020,45,37
20523,0x0022,156,148
20523,0x0069,9,19
20523,0x006B,195,205
20523,0x007B,204,209
20523,0x00AD,154,164
20523,0x00CD,113,128
20523,0x00CE,217,247
20523,0x00CF,12,62
20523,0x00D0,62,132
20523,0x017D,52,116
20523,0x02FD,41,39
20523,0x0501,147,77
20523,0x0502,82,94
20523,0x0503,20,4
20523,0x0508,89,13
20523,0x0509,85,84
20523,0x050B,20,4
20523,0x050F,146,154
20523,0x0510,82,94
20523,0x0512,40,24
20523,0x0516,152,90
20523,0x0517,94,85
20523,0x0519,32,44
20523,0x051D,88,148
20523,0x051E,85,82
20523,0x0520,52,64
20523,0x0600,0,192
20523,0x0601,0,22
20523,0x0602,0,209
20523,0x0603,0,22
20523,0x0606,67,0
20523,0x0607,63,0
20523,0x0608,68,0
20523,0x0609,63,0
20523,0x060A,37,153
20523,0x060B,63,26
20523,0x060C,59,169
20523,0x060D,63,26
20523,0x060E,50,185
20523,0x060F,63,26
20523,0x0610,0,175
20523,0x0611,0,26
20523,0x0612,0,127
20523,0x0613,0,88
20523,0x0618,0,213
20523,0x0619,0,12
20523,0x061A,0,119
20523,0x061B,0,12
20523,0x061C,0,95
20523,0x061D,0,16
20523,0x061E,0,153
20523,0x061F,0,17
20523,0x0620,0,11
20523,0x0621,0,16
20523,0x0622,0,11
20523,0x0623,13,16
20523,0x0624,1,31
20523,0x0625,13,17
20523,0x0626,2,47
20523,0x0627,13,17
20523,0x0628,0,116
20523,0x0629,0,16
20523,0x062A,0,117
20523,0x062B,0,16
20523,0x0630,82,0
20523,0x0631,63,0
20523,0x0632,36,0
20523,0x0633,63,0
20523,0x0634,58,0
20523,0x0635,63,0
20523,0x0636,0,181
20523,0x0637,0,12
20523,0x0638,0,197
20523,0x0639,0,12
20523,0x063A,0,197
20523,0x063B,0,12
20523,0x063C,0,197
20523,0x063D,0,12
20523,0x063E,0,197
20523,0x063F,0,12
20523,0x0642,223,0
20523,0x0643,12,0
20523,0x0644,239,0
20523,0x0645,12,0
20523,0x0646,255,0
20523,0x0647,12,0
20523,0x0648,0,82
20523,0x0649,0,63
20523,0x064A,0,36
20523,0x064B,0,63
20523,0x064C,0,58
20523,0x064D,0,63
20523,0x064E,0,74
20523,0x064F,0,63
20523,0x0650,82,0
20523,0x0651,63,0
20523,0x0652,36,0
20523,0x0653,63,0
20523,0x0874,86,222
20523,0x0875,1,42
20523,0x0876,222,86
20523,0x0877,42,1
20523,0x0894,14,22
20523,0x0895,58,91
20523,0x0896,22,14
20523,0x0897,91,58
20523,0x0908,61,46
20523,0x0909,167,163
20523,0x090C,77,62
20523,0x090D,167,163
20523,0x0911,108,93
20523,0x0912,14,6
20523,0x0915,108,93
20523,0x0916,12,4
20523,0x0918,14,11
20523,0x0919,136,124
20523,0x091A,6,10
20523,0x091C,30,27
20523,0x091D,136,124
20523,0x091E,4,8
20523,0x0920,29,21
20523,0x0921,156,148
20523,0x0924,45,37
20523,0x0925,156,148
20523,0x0B22,51,52
20523,0x0B24,102,104
20523,0x0B26,204,209
20523,0x0B28,152,162
20523,0x0B82,51,52
20523,0x0B84,102,104
20523,0x0B86,204,209
20523,0x0B88,152,162
20523,0x0F99,204,209
20523,0x0F9D,204,209
20523,0x0FD1,204,209
20523,0x0FF0,204,209
20523,0x16D0,248,8
20523,0x16D1,77,62
20523,0x16D3,72,221
20523,0x16D4,175,171
20523,0x16D6,60,140
20523,0x16D9,196,146
20523,0x16E6,254,244
20523,0x16F5,84,74
20523,0x16F8,46,36
20523,0x1710,238,120
20523,0x1713,19,161
20523,0x1714,116,101
20523,0x1716,208,28
20523,0x1717,255,0
20523,0x1718,255,0
20523,0x1719,139,155
20523,0x171C,2,9
20523,0x171D,252,3
20523,0x1724,21,25
20523,0x1726,2,253
20523,0x172C,129,147
20523,0x1735,17,7
20523,0x1738,3,17
20523,0x173A,116,121
20523,0x1750,220,178
20523,0x1751,30,27
20523,0x1753,133,135
20523,0x1754,144,132
20523,0x1756,164,184
20523,0x1759,227,187
20523,0x175C,8,2
20523,0x175D,251,252
20523,0x1762,217,13
20523,0x1763,8,12
20523,0x1764,219,17
20523,0x1765,8,12
20523,0x1766,209,2
20523,0x176C,111,102
20523,0x1775,39,29
20523,0x1778,1,15
20523,0x177A,111,116
20523,0x1790,252,60
20523,0x1791,45,37
20523,0x1793,128,151
20523,0x1794,164,156
20523,0x1796,244,68
20523,0x1797,254,255
20523,0x1799,81,31
20523,0x17A6,231,221
20523,0x17B5,61,51
20523,0x17B8,23,13
20533,0x0000,74,127
20533,0x0001,176,249
20533,0x0002,2,4
20533,0x0004,40,42
20533,0x0020,37,25
20533,0x0022,148,89
20533,0x0024,4,7
20533,0x0025,1,0
20533,0x0026,105,36
20533,0x0028,40,36
20533,0x002A,8,0
20533,0x0069,19,29
20533,0x006B,205,215
20533,0x007B,209,214
20533,0x00AD,164,174
20533,0x00B7,10,11
20533,0x00CD,128,143
20533,0x00CE,247,46
20533,0x00CF,62,113
20533,0x00D0,132,202
20533,0x00D1,0,1
20533,0x016C,0,19
20533,0x016F,1,23
20533,0x0170,0,36
20533,0x0171,0,192
20533,0x0175,54,52
20533,0x0176,107,144
20533,0x0177,176,249
20533,0x0178,54,180
20533,0x017D,116,52
20533,0x01B9,128,192
20533,0x01BA,23,26
20533,0x02FD,39,41
20533,0x0501,77,149
20533,0x0502,94,82
20533,0x0503,4,20
20533,0x0600,192,0
20533,0x0601,22,0
20533,0x0602,209,0
20533,0x0603,22,0
20533,0x0608,0,83
20533,0x0609,0,63
20533,0x060A,153,37
20533,0x060B,26,63
20533,0x060C,169,59
20533,0x060D,26,63
20533,0x060E,185,75
20533,0x060F,26,63
20533,0x0610,175,0
20533,0x0611,26,0
20533,0x0612,127,0
20533,0x0613,88,0
20533,0x0874,222,86
20533,0x0875,42,1
20533,0x0876,86,222
20533,0x0877,1,42
20533,0x0894,22,14
20533,0x0895,91,58
20533,0x0896,14,22
20533,0x0897,58,91
20533,0x0908,46,33
20533,0x0909,163,158
20533,0x090C,62,49
20533,0x090D,163,158
20533,0x0910,24,27
20533,0x0911,93,80
20533,0x0914,8,11
20533,0x0915,93,80
20533,0x0918,11,25
20533,0x0919,124,110
20533,0x091A,10,14
20533,0x091B,105,41
20533,0x091C,27,9
20533,0x091D,124,110
20533,0x091E,8,12
20533,0x091F,105,41
20533,0x0920,21,15
20533,0x0921,148,138
20533,0x0924,37,31
20533,0x0925,148,138
20533,0x0928,119,25
20533,0x0929,224,89
20533,0x092A,110,7
20533,0x092B,61,36
20533,0x0B22,52,53
20533,0x0B24,104,107
20533,0x0B26,209,214
20533,0x0B28,162,172
20533,0x0B82,52,53
20533,0x0B84,104,107
20533,0x0B86,209,214
20533,0x0B88,162,172
20533,0x0F99,209,214
20533,0x0F9D,209,214
20533,0x0FD1,209,214
20533,0x0FF0,209,214
20533,0x16D0,8,56
20533,0x16D1,62,49
20533,0x16D3,221,126
20533,0x16D4,171,166
20533,0x16D6,140,220
20533,0x16D9,146,96
20533,0x16E6,244,234
20533,0x16F5,74,64
20533,0x16F8,36,26
20533,0x1710,120,127
20533,0x1711,24,27
20533,0x1713,161,84
20533,0x1714,101,88
20533,0x1716,28,118
20533,0x1719,155,185
20533,0x1726,253,243
20533,0x1735,7,252
20533,0x1738,17,7
20533,0x1750,178,80
20533,0x1751,27,25
20533,0x1753,135,249
20533,0x1754,132,118
20533,0x1756,184,204
20533,0x1759,187,147
20533,0x1764,17,21
20533,0x1766,2,4
20533,0x176C,102,129
20533,0x1775,29,19
20533,0x1778,15,5
20533,0x1790,60,156
20533,0x1791,37,31
20533,0x1793,151,186
20533,0x1794,156,146
20533,0x1796,68,148
20533,0x1799,31,237
20533,0x179A,255,254
20533,0x17A6,221,211
20533,0x17B5,51,41
20533,0x17B8,13,3
20533,0x1AC0,0,204
20533,0x1AC1,0,127
20533,0x1AC2,0,249
20533,0x1AC3,0,4
20533,0x1AC4,0,203
20533,0x1AC5,0,249
20533,0x1AC6,0,4
20533,0x1AC8,0,1
20533,0x1ACA,0,1
20533,0x1ACD,0,9
20533,0x1ACE,0,160
20533,0x1ACF,0,1
20533,0x1AD0,0,197
20533,0x1AD1,0,29
20533,0x1AD3,0,243
20533,0x1AD4,0,93
20533,0x1ADE,0,2
20533,0x1ADF,0,2
20533,0x1AE0,0,80
20533,0x1AE1,0,2
20533,0x1AE2,0,180
20533,0x1AE3,0,10
20533,0x1AE4,0,182
20533,0x1AE5,0,10
20533,0x1AE6,0,2
20533,0x1AE7,0,4
20533,0x1AE8,0,6
20533,0x1AEA,0,22
20533,0x1AEB,0,4
20533,0x1AEC,0,61
20533,0x1AED,0,36
20533,0x1AF0,0,3
20543,0x0004,42,44
20543,0x0020,25,41
20543,0x0022,89,93
20543,0x0025,0,1
20543,0x0026,36,34
20543,0x0028,36,34
20543,0x0069,29,39
20543,0x006B,215,225
20543,0x007B,214,219
20543,0x00AD,174,184
20543,0x00CD,143,158
20543,0x00CE,46,76
20543,0x00CF,113,163
20543,0x00D0,202,16
20543,0x0501,149,155
20543,0x0502,82,94
20543,0x0508,13,91
20543,0x0509,84,85
20543,0x050B,4,20
20543,0x050F,154,150
20543,0x0510,94,82
20543,0x0512,24,40
20543,0x0600,0,198
20543,0x0601,0,12
20543,0x0602,0,214
20543,0x0603,0,12
20543,0x0604,0,217
20543,0x0605,0,16
20543,0x0606,0,154
20543,0x0607,0,17
20543,0x0608,83,11
20543,0x0609,63,16
20543,0x060A,37,11
20543,0x060B,63,16
20543,0x060C,59,29
20543,0x060D,63,17
20543,0x060E,75,45
20543,0x060F,63,17
20543,0x0610,0,116
20543,0x0611,0,16
20543,0x0612,0,118
20543,0x0613,0,16
20543,0x0618,213,166
20543,0x061A,119,182
20543,0x061C,95,182
20543,0x061D,16,12
20543,0x061E,153,182
20543,0x061F,17,12
20543,0x0620,11,182
20543,0x0621,16,12
20543,0x0622,11,182
20543,0x0623,16,12
20543,0x0624,31,182
20543,0x0625,17,12
20543,0x0626,47,182
20543,0x0627,17,12
20543,0x0628,116,0
20543,0x0629,16,0
20543,0x062A,117,0
20543,0x062B,16,0
20543,0x0630,0,82
20543,0x0631,0,63
20543,0x0632,0,36
20543,0x0633,0,63
20543,0x0634,0,58
20543,0x0635,0,63
20543,0x0636,181,74
20543,0x0637,12,63
20543,0x0638,197,0
20543,0x0639,12,0
20543,0x063A,197,0
20543,0x063B,12,0
20543,0x0874,86,222
20543,0x0875,1,42
20543,0x0876,222,86
20543,0x0877,42,1
20543,0x0894,14,22
20543,0x0895,58,91
20543,0x0896,22,14
20543,0x0897,91,58
20543,0x0908,33,23
20543,0x0909,158,151
20543,0x090C,49,39
20543,0x090D,158,151
20543,0x0910,27,33
20543,0x0911,80,68
20543,0x0912,6,2
20543,0x0914,11,17
20543,0x0915,80,68
20543,0x0916,4,0
20543,0x0918,25,24
20543,0x0919,110,96
20543,0x091A,14,6
20543,0x091C,9,8
20543,0x091D,110,96
20543,0x091E,12,4
20543,0x0920,15,12
20543,0x0921,138,127
20543,0x0922,6,10
20543,0x0924,31,28
20543,0x0925,138,127
20543,0x0926,4,8
20543,0x0928,25,41
20543,0x0929,89,93
20543,0x092B,36,34
20543,0x0B22,53,54
20543,0x0B24,107,109
20543,0x0B26,214,219
20543,0x0B28,172,182
20543,0x0B82,53,54
20543,0x0B84,107,109
20543,0x0B86,214,219
20543,0x0B88,172,182
20543,0x0F99,214,219
20543,0x0F9D,214,219
20543,0x0FD1,214,219
20543,0x0FF0,214,219
20543,0x16D0,56,136
20543,0x16D1,49,39
20543,0x16D3,126,43
20543,0x16D4,166,159
20543,0x16D6,220,44
20543,0x16D7,254,255
20543,0x16D9,96,46
20543,0x16E6,234,224
20543,0x16F5,64,54
20543,0x16F8,26,16
20543,0x1710,127,226
20543,0x1711,27,33
20543,0x1713,84,131
20543,0x1714,88,76
20543,0x1716,118,192
20543,0x1719,185,247
20543,0x171C,9,5
20543,0x171D,3,11
20543,0x1722,13,65
20543,0x1723,12,7
20543,0x1724,25,67
20543,0x1725,12,7
20543,0x1726,243,251
20543,0x172D,43,12
20543,0x1735,252,242
20543,0x1738,7,27
20543,0x173A,121,126
20543,0x1750,80,73
20543,0x1751,25,24
20543,0x1753,249,110
20543,0x1754,118,104
20543,0x1756,204,10
20543,0x1757,255,0
20543,0x1758,255,0
20543,0x1759,147,149
20543,0x175C,2,9
20543,0x175D,252,3
20543,0x1764,21,25
20543,0x1766,4,255
20543,0x176C,129,147
20543,0x1775,19,9
20543,0x1778,5,19
20543,0x177A,116,121
20543,0x1790,156,68
20543,0x1791,31,28
20543,0x1793,186,13
20543,0x1794,146,135
20543,0x1796,148,180
20543,0x1799,237,195
20543,0x179C,8,2
20543,0x179D,251,252
20543,0x17A2,217,13
20543,0x17A3,8,12
20543,0x17A4,219,17
20543,0x17A5,8,12
20543,0x17A6,211,4
20543,0x17AC,111,102
20543,0x17B5,41,31
20543,0x17B8,3,17
20543,0x17BA,111,116
20543,0x1AD0,197,171
20543,0x1AD1,29,45
20543,0x1AD3,243,29
20543,0x1AD4,93,97
20543,0x1AE6,2,1
20543,0x1AE7,4,2
20543,0x1AF0,3,2
20553,0x0004,44,48
20553,0x0020,41,57
20553,0x0022,93,96
20553,0x0024,7,6
20553,0x0026,34,36
20553,0x0028,34,36
20553,0x0069,39,49
20553,0x006B,225,235
20553,0x007B,219,224
20553,0x00AD,184,194
20553,0x00CD,158,173
20553,0x00CE,76,106
20553,0x00CF,163,238
20553,0x00D0,16,86
20553,0x00D1,1,2
20553,0x02FD,41,39
20553,0x0501,155,199
20553,0x0502,94,93
20553,0x0503,20,8
20553,0x0508,91,78
20553,0x0509,85,94
20553,0x050A,20,4
20553,0x050B,20,8
20553,0x050F,150,14
20553,0x0510,82,84
20553,0x0512,40,12
20553,0x0516,90,156
20553,0x0517,85,94
20553,0x0519,44,32
20553,0x051D,148,92
20553,0x051E,82,85
20553,0x0520,64,52
20553,0x0524,144,152
20553,0x0600,198,75
20553,0x0601,12,8
20553,0x0602,214,23
20553,0x0603,12,8
20553,0x0604,217,39
20553,0x0605,16,8
20553,0x0606,154,55
20553,0x0607,17,8
20553,0x0608,11,116
20553,0x060A,11,117
20553,0x060C,29,0
20553,0x060D,17,0
20553,0x060E,45,0
20553,0x060F,17,0
20553,0x0610,116,0
20553,0x0611,16,0
20553,0x0612,118,154
20553,0x0613,16,26
20553,0x0614,0,170
20553,0x0615,0,26
20553,0x0616,0,186
20553,0x0617,0,26
20553,0x0618,166,176
20553,0x0619,12,26
20553,0x061A,182,109
20553,0x061B,12,88
20553,0x061C,182,0
20553,0x061D,12,0
20553,0x061E,182,0
20553,0x061F,12,0
20553,0x0620,182,186
20553,0x0622,182,202
20553,0x0624,182,95
20553,0x0625,12,80
20553,0x0626,182,11
20553,0x0627,12,16
20553,0x0628,0,11
20553,0x0629,0,16
20553,0x062A,0,11
20553,0x062B,0,16
20553,0x062C,0,30
20553,0x062D,0,17
20553,0x062E,0,46
20553,0x062F,0,17
20553,0x0630,82,116
20553,0x0631,63,16
20553,0x0632,36,117
20553,0x0633,63,16
20553,0x0634,58,0
20553,0x0635,63,0
20553,0x0636,74,0
20553,0x0637,63,0
20553,0x063C,197,0
20553,0x063D,12,0
20553,0x063E,197,149
20553,0x0640,0,154
20553,0x0641,0,12
20553,0x0642,0,154
20553,0x0643,0,12
20553,0x0644,0,154
20553,0x0645,0,12
20553,0x0646,0,170
20553,0x0647,0,12
20553,0x0648,82,0
20553,0x0649,63,0
20553,0x064A,36,0
20553,0x064B,63,0
20553,0x064C,58,0
20553,0x064D,63,0
20553,0x064E,74,0
20553,0x064F,63,0
20553,0x0650,0,82
20553,0x0651,0,63
20553,0x0652,0,36
20553,0x0653,0,63
20553,0x0874,222,86
20553,0x0875,42,1
20553,0x0876,86,222
20553,0x0877,1,42
20553,0x0894,22,14
20553,0x0895,91,58
20553,0x0896,14,22
20553,0x0897,58,91
20553,0x0908,23,16
20553,0x0909,151,141
20553,0x090C,39,32
20553,0x090D,151,141
20553,0x0910,33,42
20553,0x0911,68,60
20553,0x0914,17,26
20553,0x0915,68,60
20553,0x0918,24,26
20553,0x0919,96,82
20553,0x091C,8,10
20553,0x091D,96,82
20553,0x0920,12,25
20553,0x0921,127,113
20553,0x0922,10,14
20553,0x0923,105,41
20553,0x0924,28,9
20553,0x0925,127,113
20553,0x0926,8,12
20553,0x0927,105,41
20553,0x0928,41,57
20553,0x0929,93,96
20553,0x092A,7,6
20553,0x092B,34,36
20553,0x0B22,54,56
20553,0x0B24,109,112
20553,0x0B26,219,224
20553,0x0B28,182,192
20553,0x0B82,54,56
20553,0x0B84,109,112
20553,0x0B86,219,224
20553,0x0B88,182,192
20553,0x0F99,219,224
20553,0x0F9D,219,224
20553,0x0FD1,219,224
20553,0x0FF0,219,224
20553,0x16D0,136,248
20553,0x16D1,39,32
20553,0x16D3,43,228
20553,0x16D4,159,149
20553,0x16D6,44,124
20553,0x16D9,46,252
20553,0x16DA,255,254
20553,0x16E6,224,214
20553,0x16F5,54,44
20553,0x16F8,16,6
20553,0x1710,226,117
20553,0x1711,33,42
20553,0x1713,131,134
20553,0x1714,76,68
20553,0x1716,192,242
20553,0x1719,247,101
20553,0x171A,254,255
20553,0x1726,251,241
20553,0x1735,242,232
20553,0x1738,27,17
20553,0x1750,73,156
20553,0x1751,24,26
20553,0x1753,110,229
20553,0x1754,104,90
20553,0x1756,10,100
20553,0x1759,149,179
20553,0x1766,255,245
20553,0x1775,9,149
20553,0x1778,19,9
20553,0x1790,68,186
20553,0x1791,28,25
20553,0x1793,13,207
20553,0x1794,135,121
20553,0x1796,180,200
20553,0x1799,195,155
20553,0x17A4,17,21
20553,0x17A6,4,6
20553,0x17AC,102,129
20553,0x17B5,31,21
20553,0x17B8,17,7
20553,0x1AD0,171,145
20553,0x1AD1,45,61
20553,0x1AD3,29,71
20553,0x1AD4,97,100
20553,0x1AE4,182,184
20553,0x1AE7,2,4
20553,0x1AEC,61,56
20553,0x1AF0,2,1
20563,0x0004,48,50
20563,0x0020,57,73
20563,0x0022,96,99
20563,0x0024,6,7
20563,0x0069,49,59
20563,0x006B,235,245
20563,0x007B,224,229
20563,0x00AD,194,204
20563,0x00B7,11,13
20563,0x00BF,112,120
20563,0x00C2,6,7
20563,0x00CA,4,5
20563,0x00CD,173,188
20563,0x00CE,106,136
20563,0x00CF,238,32
20563,0x00D0,86,157
20563,0x0172,54,36
20563,0x0173,173,52
20563,0x0501,199,153
20563,0x0502,93,82
20563,0x0503,8,20
20563,0x0600,75,0
20563,0x0601,8,0
20563,0x0602,23,0
20563,0x0603,8,0
20563,0x0604,39,62
20563,0x0605,8,63
20563,0x0606,55,63
20563,0x0607,8,63
20563,0x0608,116,84
20563,0x0609,16,63
20563,0x060A,117,38
20563,0x060B,16,63
20563,0x060C,0,60
20563,0x060D,0,63
20563,0x060E,0,76
20563,0x060F,0,63
20563,0x0610,0,88
20563,0x0611,0,63
20563,0x0612,154,88
20563,0x0613,26,63
20563,0x0874,86,222
20563,0x0875,1,42
20563,0x0876,222,86
20563,0x0877,42,1
20563,0x0894,14,22
20563,0x0895,58,91
20563,0x0896,22,14
20563,0x0897,91,58
20563,0x0908,16,13
20563,0x0909,141,130
20563,0x090C,32,29
20563,0x090D,141,130
20563,0x0910,42,52
20563,0x0911,60,56
20563,0x0914,26,36
20563,0x0915,60,56
20563,0x0918,26,32
20563,0x0919,82,70
20563,0x091A,6,2
20563,0x091C,10,16
20563,0x091D,82,70
20563,0x091E,4,0
20563,0x0920,25,24
20563,0x0921,113,99
20563,0x0922,14,10
20563,0x0924,9,8
20563,0x0925,113,99
20563,0x0926,12,8
20563,0x0928,57,254
20563,0x0929,96,56
20563,0x092A,6,2
20563,0x092B,36,103
20563,0x092C,111,14
20563,0x092D,224,56
20563,0x092E,109,0
20563,0x092F,61,103
20563,0x0930,103,73
20563,0x0931,224,99
20563,0x0932,108,7
20563,0x0933,61,36
20563,0x0B02,10,234
20563,0x0B22,56,57
20563,0x0B24,112,114
20563,0x0B26,224,229
20563,0x0B28,192,202
20563,0x0B82,56,57
20563,0x0B84,112,114
20563,0x0B86,224,229
20563,0x0B88,192,202
20563,0x0D66,3,4
20563,0x0F99,224,229
20563,0x0F9D,224,229
20563,0x0FD1,224,229
20563,0x0FF0,224,229
20563,0x16D0,248,46
20563,0x16D1,32,29
20563,0x16D3,228,184
20563,0x16D4,149,138
20563,0x16D6,124,174
20563,0x16D9,252,207
20563,0x16DC,8,2
20563,0x16DD,251,252
20563,0x16E2,217,13
20563,0x16E3,8,12
20563,0x16E4,219,15
20563,0x16E5,8,12
20563,0x16E6,214,1
20563,0x16F5,44,34
20563,0x16F8,6,20
20563,0x16FA,111,116
20563,0x1710,117,252
20563,0x1711,42,52
20563,0x1713,134,213
20563,0x1714,68,64
20563,0x1716,242,36
20563,0x1717,0,1
20563,0x1719,101,211
20563,0x1726,241,231
20563,0x1735,232,222
20563,0x1738,17,7
20563,0x1750,156,103
20563,0x1751,26,32
20563,0x1753,229,160
20563,0x1754,90,78
20563,0x1756,100,182
20563,0x1759,179,225
20563,0x175C,9,5
20563,0x175D,3,11
20563,0x1762,13,65
20563,0x1763,12,7
20563,0x1764,25,67
20563,0x1765,12,7
20563,0x1766,245,253
20563,0x176D,43,12
20563,0x1775,149,139
20563,0x1778,9,29
20563,0x177A,121,126
20563,0x1790,186,62
20563,0x1791,25,24
20563,0x1793,207,71
20563,0x1794,121,107
20563,0x1796,200,248
20563,0x1799,155,143
20563,0x179C,2,9
20563,0x179D,252,3
20563,0x17A4,21,23
20563,0x17A6,6,2
20563,0x17AC,129,138
20563,0x17B5,21,11
20563,0x17B8,7,21
20563,0x17BA,116,121
20563,0x17C0,0,128
20563,0x17C1,0,165
20563,0x17C2,0,175
20563,0x17C3,0,2
20563,0x17EF,0,6
20563,0x17F0,0,128
20563,0x17F1,0,3
20563,0x17F8,0,21
20563,0x1800,0,200
20563,0x1801,0,74
20563,0x1802,0,176
20563,0x1803,0,2
20563,0x1804,0,54
20563,0x1805,0,177
20563,0x1806,0,2
20563,0x1808,0,3
20563,0x180A,0,2
20563,0x180B,0,3
20563,0x180C,0,9
20563,0x1810,0,52
20563,0x1811,0,14
20563,0x1812,0,1
20563,0x1814,0,64
20563,0x1816,0,52
20563,0x1817,0,254
20563,0x1818,0,255
20563,0x181E,0,9
20563,0x181F,0,12
20563,0x1820,0,154
20563,0x1821,0,2
20563,0x1822,0,220
20563,0x1823,0,8
20563,0x1824,0,222
20563,0x1825,0,8
20563,0x1826,0,254
20563,0x1827,0,6
20563,0x1829,0,1
20563,0x182A,0,238
20563,0x182B,0,4
20563,0x182C,0,124
20563,0x182D,0,12
20563,0x182F,0,6
20563,0x1830,0,128
20563,0x1835,0,191
20563,0x1836,0,110
20563,0x1838,0,18
20563,0x1839,0,6
20563,0x183A,0,95
20563,0x183B,0,193
20563,0x1AD0,145,119
20563,0x1AD1,61,77
20563,0x1AD3,71,113
20563,0x1AD4,100,103
20563,0x1AE4,184,182
20563,0x1AE6,1,2
20563,0x1AEC,56,61
20563,0x1AF0,1,3
20573,0x0004,50,52
20573,0x0020,73,89
20573,0x0022,99,102
20573,0x0026,36,34
20573,0x0028,36,34
20573,0x0069,59,69
20573,0x006B,245,255
20573,0x007B,229,234
20573,0x00AD,204,214
20573,0x00CD,188,203
20573,0x00CE,136,166
20573,0x00CF,32,82
20573,0x00D0,157,227
20573,0x0172,36,54
20573,0x0173,52,173
20573,0x0178,180,53
20573,0x0501,153,157
20573,0x0502,82,94
20573,0x0508,78,93
20573,0x0509,94,85
20573,0x050A,4,20
20573,0x050B,8,20
20573,0x050F,14,154
20573,0x0510,84,82
20573,0x0512,12,40
20573,0x0600,0,187
20573,0x0601,0,12
20573,0x0602,0,203
20573,0x0603,0,12
20573,0x0604,62,217
20573,0x0605,63,80
20573,0x0606,63,154
20573,0x0607,63,17
20573,0x0608,84,11
20573,0x0609,63,16
20573,0x060A,38,11
20573,0x060B,63,16
20573,0x060C,60,36
20573,0x060D,63,17
20573,0x060E,76,37
20573,0x060F,63,17
20573,0x0610,88,116
20573,0x0611,63,16
20573,0x0612,88,118
20573,0x0613,63,16
20573,0x0614,170,0
20573,0x0615,26,0
20573,0x0616,186,0
20573,0x0617,26,0
20573,0x0618,176,0
20573,0x0619,26,0
20573,0x061A,109,0
20573,0x061B,88,0
20573,0x061E,0,150
20573,0x061F,0,12
20573,0x0620,186,155
20573,0x0622,202,155
20573,0x0624,95,161
20573,0x0625,80,12
20573,0x0626,11,171
20573,0x0627,16,12
20573,0x0628,11,0
20573,0x0629,16,0
20573,0x062A,11,0
20573,0x062B,16,0
20573,0x062C,30,48
20573,0x062D,17,63
20573,0x062E,46,64
20573,0x062F,17,63
20573,0x0630,116,80
20573,0x0631,16,63
20573,0x0632,117,34
20573,0x0633,16,63
20573,0x0634,0,56
20573,0x0635,0,63
20573,0x0636,0,72
20573,0x0637,0,63
20573,0x0638,0,56
20573,0x0639,0,63
20573,0x063A,0,72
20573,0x063B,0,63
20573,0x0874,222,86
20573,0x0875,42,1
20573,0x0876,86,222
20573,0x0877,1,42
20573,0x0894,22,14
20573,0x0895,91,58
20573,0x0896,14,22
20573,0x0897,58,91
20573,0x0908,13,10
20573,0x0909,130,117
20573,0x090A,6,14
20573,0x090C,29,26
20573,0x090D,130,117
20573,0x090E,4,12
20573,0x0910,52,65
20573,0x0914,36,49
20573,0x0918,32,40
20573,0x0919,70,61
20573,0x091C,16,24
20573,0x091D,70,61
20573,0x0920,24,25
20573,0x0921,99,85
20573,0x0922,10,6
20573,0x0924,8,9
20573,0x0925,99,85
20573,0x0926,8,4
20573,0x0928,254,236
20573,0x092C,14,252
20573,0x0930,73,89
20573,0x0931,99,102
20573,0x0933,36,34
20573,0x0B02,234,170
20573,0x0B22,57,58
20573,0x0B24,114,117
20573,0x0B26,229,234
20573,0x0B28,202,212
20573,0x0B82,57,58
20573,0x0B84,114,117
20573,0x0B86,229,234
20573,0x0B88,202,212
20573,0x0F99,229,234
20573,0x0F9D,229,234
20573,0x0FD1,229,234
20573,0x0FF0,229,234
20573,0x16D0,46,104
20573,0x16D1,29,26
20573,0x16D3,184,242
20573,0x16D4,138,125
20573,0x16D6,174,194
20573,0x16D9,207,167
20573,0x16E4,15,19
20573,0x16E6,1,3
20573,0x16EC,111,93
20573,0x16F5,34,24
20573,0x16F8,20,10
20573,0x1710,252,69
20573,0x1711,52,65
20573,0x1713,213,174
20573,0x1716,36,66
20573,0x1719,211,21
20573,0x171A,255,0
20573,0x171B,255,0
20573,0x1726,231,221
20573,0x1735,222,212
20573,0x1738,7,13
20573,0x1739,0,6
20573,0x173A,126,129
20573,0x1750,103,150
20573,0x1751,32,40
20573,0x1753,160,199
20573,0x1754,78,69
20573,0x1756,182,232
20573,0x1759,225,79
20573,0x175A,254,255
20573,0x1766,253,243
20573,0x1775,139,129
20573,0x1778,29,19
20573,0x1790,62,221
20573,0x1791,24,25
20573,0x1793,71,130
20573,0x1794,107,93
20573,0x1796,248,82
20573,0x1797,255,0
20573,0x1798,255,0
20573,0x1799,143,173
20573,0x17A4,23,25
20573,0x17A6,2,247
20573,0x17AC,138,147
20573,0x17B5,11,1
20573,0x17B8,21,11
20573,0x17F8,21,11
20573,0x1810,52,60
20573,0x1811,14,252
20573,0x1812,1,0
20573,0x1826,254,244
20573,0x1835,191,181
20573,0x1838,18,8
20573,0x1AD0,119,93
20573,0x1AD1,77,93
20573,0x1AD3,113,155
20573,0x1AD4,103,106
20573,0x1AE6,2,1
20573,0x1AE7,4,2
20573,0x1AF0,3,2
20583,0x0004,52,54
20583,0x0020,89,35
20583,0x0022,102,91
20583,0x0026,34,36
20583,0x0028,34,36
20583,0x0048,0,32
20583,0x0049,0,3
20583,0x004A,52,134
20583,0x004C,250,252
20583,0x0050,0,32
20583,0x0051,1,3
20583,0x0052,16,22
20583,0x0069,69,79
20583,0x006B,255,9
20583,0x0071,118,120
20583,0x0072,118,120
20583,0x0073,0,1
20583,0x0075,34,44
20583,0x007B,234,239
20583,0x00AD,214,224
20583,0x00CD,203,218
20583,0x00CE,166,196
20583,0x00CF,82,132
20583,0x00D0,227,66
20583,0x00D1,2,3
20583,0x016E,0,128
20583,0x016F,23,20
20583,0x0170,36,139
20583,0x0171,192,227
20583,0x0172,54,52
20583,0x0176,144,165
20583,0x0178,53,180
20583,0x01B9,192,0
20583,0x01BA,26,27
20583,0x01FD,201,36
20583,0x01FE,10,157
20583,0x01FF,143,201
20583,0x023D,202,37
20583,0x023E,18,67
20583,0x02F6,155,148
20583,0x02FB,1,2
20583,0x02FD,39,41
20583,0x0301,41,0
20583,0x0302,76,96
20583,0x0303,10,128
20583,0x0305,20,0
20583,0x0306,148,171
20583,0x0307,1,15
20583,0x0309,73,0
20583,0x030A,76,97
20583,0x030B,10,128
20583,0x030D,30,0
20583,0x030E,148,173
20583,0x030F,1,15
20583,0x0311,105,0
20583,0x0312,76,98
20583,0x0313,10,64
20583,0x0315,40,64
20583,0x0316,148,229
20583,0x0317,1,14
20583,0x0319,137,0
20583,0x031A,76,99
20583,0x031B,10,64
20583,0x031D,50,64
20583,0x031E,148,231
20583,0x031F,1,14
20583,0x0321,136,41
20583,0x0323,14,10
20583,0x0325,148,100
20583,0x0326,151,148
20583,0x0329,168,73
20583,0x032B,14,10
20583,0x032D,162,110
20583,0x032E,151,148
20583,0x0330,0,1
20583,0x0331,96,105
20583,0x0332,96,76
20583,0x0333,64,10
20583,0x0335,0,120
20583,0x0336,252,148
20583,0x0337,15,1
20583,0x0339,112,137
20583,0x033A,97,76
20583,0x033B,32,10
20583,0x033D,64,130
20583,0x033E,252,148
20583,0x033F,15,1
20583,0x0341,0,38
20583,0x0342,104,79
20583,0x0343,128,20
20583,0x0344,13,0
20583,0x0345,64,88
20583,0x0346,238,144
20583,0x0347,13,1
20583,0x0349,0,70
20583,0x034A,111,79
20583,0x034B,128,20
20583,0x034C,1,0
20583,0x034D,192,108
20583,0x034E,251,144
20583,0x034F,13,1
20583,0x0351,0,102
20583,0x0352,124,79
20583,0x0353,0,20
20583,0x0354,4,0
20583,0x0355,0,128
20583,0x0356,252,144
20583,0x0357,12,1
20583,0x0501,157,155
20583,0x0502,94,82
20583,0x0600,187,0
20583,0x0601,12,0
20583,0x0602,203,0
20583,0x0603,12,0
20583,0x0604,217,49
20583,0x0605,80,63
20583,0x0606,154,65
20583,0x0607,17,63
20583,0x0608,11,81
20583,0x0609,16,63
20583,0x060A,11,35
20583,0x060B,16,63
20583,0x060C,36,57
20583,0x060D,17,63
20583,0x060E,37,73
20583,0x060F,17,63
20583,0x0610,116,57
20583,0x0611,16,63
20583,0x0612,118,73
20583,0x0613,16,63
20583,0x0874,86,222
20583,0x0875,1,42
20583,0x0876,222,86
20583,0x0877,42,1
20583,0x0894,14,22
20583,0x0895,58,91
20583,0x0896,22,14
20583,0x0897,91,58
20583,0x0900,96,92
20583,0x0902,2,32
20583,0x0903,32,34
20583,0x0904,80,24
20583,0x0905,104,103
20583,0x0906,0,10
20583,0x0907,32,41
20583,0x0908,10,8
20583,0x0909,117,103
20583,0x090A,14,8
20583,0x090B,105,41
20583,0x090C,26,77
20583,0x090D,117,56
20583,0x090E,12,2
20583,0x090F,105,41
20583,0x0910,65,61
20583,0x0912,2,0
20583,0x0914,49,50
20583,0x0915,56,57
20583,0x0916,0,2
20583,0x0918,40,34
20583,0x0919,61,57
20583,0x091A,2,0
20583,0x091C,24,31
20583,0x091D,61,72
20583,0x091E,0,6
20583,0x0920,25,15
20583,0x0921,85,72
20583,0x0922,6,4
20583,0x0924,9,218
20583,0x0925,85,57
20583,0x0926,4,2
20583,0x0927,41,103
20583,0x0928,236,234
20583,0x0929,56,57
20583,0x092A,2,0
20583,0x092C,252,102
20583,0x092D,56,105
20583,0x092E,0,23
20583,0x092F,103,36
20583,0x0930,89,35
20583,0x0931,102,91
20583,0x0933,34,36
20583,0x0934,95,96
20583,0x0936,104,2
20583,0x0937,61,32
20583,0x0938,103,80
20583,0x093A,107,0
20583,0x093B,61,32
20583,0x0B02,170,42
20583,0x0B22,58,59
20583,0x0B24,117,119
20583,0x0B26,234,239
20583,0x0B28,212,222
20583,0x0B82,58,59
20583,0x0B84,117,119
20583,0x0B86,234,239
20583,0x0B88,212,222
20583,0x0C56,240,41
20583,0x0C57,0,224
20583,0x0E82,0,8
20583,0x0E83,2,12
20583,0x0F99,234,239
20583,0x0F9D,234,239
20583,0x0FD1,234,239
20583,0x0FF0,234,239
20583,0x1000,200,128
20583,0x1008,8,7
20583,0x1022,62,251
20583,0x1023,7,6
20583,0x1024,64,253
20583,0x1025,7,6
20583,0x1026,8,6
20583,0x1030,0,4
20583,0x1033,0,92
20583,0x1034,0,180
20583,0x1040,0,192
20583,0x1041,0,161
20583,0x1042,0,248
20583,0x1043,0,4
20583,0x1051,0,96
20583,0x1054,0,112
20583,0x105E,0,10
20583,0x105F,0,2
20583,0x1060,0,48
20583,0x1061,0,2
20583,0x1062,0,91
20583,0x1063,0,10
20583,0x1064,0,93
20583,0x1065,0,10
20583,0x1066,0,3
20583,0x1067,0,2
20583,0x106A,0,140
20583,0x106B,0,3
20583,0x106C,0,161
20583,0x106D,0,33
20583,0x106E,0,148
20583,0x106F,0,178
20583,0x1074,0,12
20583,0x1077,0,23
20583,0x16D0,104,113
20583,0x16D1,26,24
20583,0x16D3,242,163
20583,0x16D4,125,111
20583,0x16D6,194,221
20583,0x16D9,167,134
20583,0x16DC,2,9
20583,0x16DD,252,3
20583,0x16E4,19,23
20583,0x16E6,3,5
20583,0x16EC,93,138
20583,0x16F5,24,14
20583,0x16F8,10,24
20583,0x16FA,116,121
20583,0x1710,69,217
20583,0x1711,65,77
20583,0x1726,221,211
20583,0x1735,212,202
20583,0x1738,13,3
20583,0x1750,150,185
20583,0x1751,40,50
20583,0x1753,199,58
20583,0x1754,69,65
20583,0x1756,232,26
20583,0x1757,0,1
20583,0x1759,79,189
20583,0x1766,243,233
20583,0x1775,129,119
20583,0x1778,19,9
20583,0x1790,221,0
20583,0x1791,25,31
20583,0x1793,130,233
20583,0x1794,93,80
20583,0x1796,82,172
20583,0x1799,173,203
20583,0x17A6,247,237
20583,0x17B5,1,141
20583,0x17B8,11,1
20583,0x17F8,11,1
20583,0x1810,60,68
20583,0x1811,252,234
20583,0x1813,0,26
20583,0x1814,64,65
20583,0x1819,0,141
20583,0x181D,0,47
20583,0x1826,244,234
20583,0x1835,181,171
20583,0x1838,8,16
20583,0x1839,6,2
20583,0x183A,95,99
20583,0x1AC0,204,192
20583,0x1AC1,127,195
20583,0x1AC8,1,247
20583,0x1AD0,93,21
20583,0x1AD1,93,106
20583,0x1AD3,155,35
20583,0x1AD4,106,109
20583,0x1AE2,180,177
20583,0x1AE4,182,179
20583,0x1AE7,2,4
20583,0x1AEC,61,171
20583,0x1AED,36,33
20583,0x1AF0,2,3
20583,0x1AF1,0,3
20583,0x1B00,0,204
20583,0x1B01,0,127
20583,0x1B02,0,249
20583,0x1B03,0,4
20583,0x1B04,0,203
20583,0x1B05,0,249
20583,0x1B06,0,4
20583,0x1B08,0,1
20583,0x1B0A,0,1
20583,0x1B0D,0,9
20583,0x1B0E,0,160
20583,0x1B0F,0,1
20583,0x1B10,0,79
20583,0x1B11,0,39
20583,0x1B13,0,217
20583,0x1B14,0,95
20583,0x1B1E,0,2
20583,0x1B1F,0,2
20583,0x1B20,0,80
20583,0x1B21,0,2
20583,0x1B22,0,180
20583,0x1B23,0,10
20583,0x1B24,0,182
20583,0x1B25,0,10
20583,0x1B26,0,2
20583,0x1B27,0,4
20583,0x1B28,0,6
20583,0x1B2A,0,22
20583,0x1B2B,0,4
20583,0x1B2C,0,61
20583,0x1B2D,0,36
20583,0x1B30,0,3
20583,0xFFFF,124,125
20593,0x0004,54,58
20593,0x0020,35,51
20593,0x0022,91,95
20593,0x0026,36,34
20593,0x0028,36,34
20593,0x0049,3,1
20593,0x0051,3,1
20593,0x0069,79,89
20593,0x006B,9,19
20593,0x0073,1,0
20593,0x0075,44,34
20593,0x007B,239,244
20593,0x00AD,224,234
20593,0x00B7,13,19
20593,0x00CA,5,6
20593,0x00CD,218,233
20593,0x00CE,196,226
20593,0x00CF,132,182
20593,0x00D0,66,136
20593,0x0176,165,144
20593,0x0178,180,53
20593,0x02F6,148,143
20593,0x02FB,2,1
20593,0x0302,96,98
20593,0x0303,128,192
20593,0x0305,0,128
20593,0x0306,171,228
20593,0x0307,15,14
20593,0x030A,97,99
20593,0x030B,128,192
20593,0x030D,0,128
20593,0x030E,173,230
20593,0x030F,15,14
20593,0x0311,0,41
20593,0x0312,98,76
20593,0x0313,64,10
20593,0x0315,64,100
20593,0x0316,229,148
20593,0x0317,14,1
20593,0x0319,0,73
20593,0x031A,99,76
20593,0x031B,64,10
20593,0x031D,64,110
20593,0x031E,231,148
20593,0x031F,14,1
20593,0x0321,41,105
20593,0x0325,100,120
20593,0x0329,73,137
20593,0x032D,110,130
20593,0x0331,105,38
20593,0x0332,76,79
20593,0x0333,10,20
20593,0x0335,120,208
20593,0x0336,148,144
20593,0x0339,137,70
20593,0x033A,76,79
20593,0x033B,10,20
20593,0x033D,130,228
20593,0x033E,148,144
20593,0x0341,38,102
20593,0x0345,88,248
20593,0x0501,155,157
20593,0x0508,93,15
20593,0x0509,85,84
20593,0x050B,20,4
20593,0x050F,154,158
20593,0x0510,82,94
20593,0x0512,40,24
20593,0x0516,156,94
20593,0x0517,94,85
20593,0x0519,32,44
20593,0x051D,92,156
20593,0x051E,85,82
20593,0x0520,52,64
20593,0x0604,49,0
20593,0x0605,63,0
20593,0x0606,65,0
20593,0x0607,63,0
20593,0x0608,81,83
20593,0x060A,35,37
20593,0x060C,57,59
20593,0x060E,73,75
20593,0x0610,57,0
20593,0x0611,63,0
20593,0x0612,73,0
20593,0x0613,63,0
20593,0x0618,0,188
20593,0x0619,0,12
20593,0x061A,0,204
20593,0x061B,0,12
20593,0x061C,0,95
20593,0x061D,0,16
20593,0x061E,150,11
20593,0x061F,12,16
20593,0x0620,155,11
20593,0x0621,12,16
20593,0x0622,155,11
20593,0x0623,12,16
20593,0x0624,161,11
20593,0x0625,12,16
20593,0x0626,171,95
20593,0x0627,12,144
20593,0x0628,0,116
20593,0x0629,0,16
20593,0x062A,0,117
20593,0x062B,0,16
20593,0x062C,48,0
20593,0x062D,63,0
20593,0x062E,64,0
20593,0x062F,63,0
20593,0x0630,80,0
20593,0x0631,63,0
20593,0x0632,34,0
20593,0x0633,63,0
20593,0x0634,56,146
20593,0x0635,63,12
20593,0x0636,72,151
20593,0x0637,63,12
20593,0x0638,56,156
20593,0x0639,63,12
20593,0x063A,72,156
20593,0x063B,63,12
20593,0x063C,0,162
20593,0x063D,0,12
20593,0x063E,149,172
20593,0x0640,154,0
20593,0x0641,12,0
20593,0x0642,154,0
20593,0x0643,12,0
20593,0x0644,154,0
20593,0x0645,12,0
20593,0x0646,170,0
20593,0x0647,12,0
20593,0x0648,0,82
20593,0x0649,0,63
20593,0x064A,0,36
20593,0x064B,0,63
20593,0x064C,0,58
20593,0x064D,0,63
20593,0x064E,0,74
20593,0x064F,0,63
20593,0x0650,82,0
20593,0x0651,63,0
20593,0x0652,36,0
20593,0x0653,63,0
20593,0x0874,222,86
20593,0x0875,42,1
20593,0x0876,86,222
20593,0x0877,1,42
20593,0x0894,22,14
20593,0x0895,91,58
20593,0x0896,14,22
20593,0x0897,58,91
20593,0x0900,92,96
20593,0x0902,32,2
20593,0x0903,34,32
20593,0x0904,24,80
20593,0x0905,103,104
20593,0x0906,10,0
20593,0x0907,41,32
20593,0x0908,8,96
20593,0x0909,103,112
20593,0x090A,8,36
20593,0x090B,41,34
20593,0x090C,77,80
20593,0x090D,56,112
20593,0x090E,2,34
20593,0x090F,41,34
20593,0x0910,61,96
20593,0x0911,56,96
20593,0x0912,0,36
20593,0x0913,41,162
20593,0x0914,50,80
20593,0x0915,57,96
20593,0x0916,2,32
20593,0x0917,41,34
20593,0x0918,34,25
20593,0x0919,57,89
20593,0x091A,0,6
20593,0x091C,31,9
20593,0x091D,72,89
20593,0x091E,6,4
20593,0x0920,15,90
20593,0x0921,72,57
20593,0x0922,4,2
20593,0x0924,218,74
20593,0x0926,2,0
20593,0x0927,103,41
20593,0x0928,234,62
20593,0x0929,57,56
20593,0x092A,0,2
20593,0x092B,103,41
20593,0x092C,102,46
20593,0x092D,105,56
20593,0x092E,23,0
20593,0x092F,36,41
20593,0x0930,35,38
20593,0x0931,91,63
20593,0x0932,7,2
20593,0x0933,36,41
20593,0x0934,96,22
20593,0x0935,224,63
20593,0x0936,2,0
20593,0x0937,32,41
20593,0x0938,80,200
20593,0x0939,224,72
20593,0x093A,0,2
20593,0x093B,32,103
20593,0x093C,95,216
20593,0x093D,224,72
20593,0x093E,106,0
20593,0x093F,61,103
20593,0x0940,111,239
20593,0x0941,224,56
20593,0x0942,10,2
20593,0x0943,61,103
20593,0x0944,95,255
20593,0x0945,224,56
20593,0x0946,8,0
20593,0x0947,61,103
20593,0x0948,143,51
20593,0x0949,224,95
20593,0x094A,111,7
20593,0x094B,61,34
20593,0x0B02,42,170
20593,0x0B03,0,170
20593,0x0B04,0,10
20593,0x0B22,59,61
20593,0x0B24,119,122
20593,0x0B26,239,244
20593,0x0B28,222,232
20593,0x0B82,59,61
20593,0x0B84,119,122
20593,0x0B86,239,244
20593,0x0B88,222,232
20593,0x0E82,8,7
20593,0x0E83,12,8
20593,0x0F99,239,244
20593,0x0F9D,239,244
20593,0x0FD1,239,244
20593,0x0FF0,239,244
20593,0x1000,128,192
20593,0x1024,253,255
20593,0x1026,6,4
20593,0x1033,92,82
20593,0x1064,93,97
20593,0x1066,3,1
20593,0x106C,161,127
20593,0x1074,12,0
20593,0x1077,23,13
20593,0x16D0,113,2
20593,0x16D1,24,25
20593,0x16D3,163,132
20593,0x16D4,111,97
20593,0x16D6,221,55
20593,0x16D7,255,0
20593,0x16D8,255,0
20593,0x16D9,134,164
20593,0x16E4,23,25
20593,0x16E6,5,250
20593,0x16EC,138,147
20593,0x16F5,14,4
20593,0x16F8,24,14
20593,0x1710,217,109
20593,0x1711,77,90
20593,0x1713,174,230
20593,0x1714,64,65
20593,0x1719,21,53
20593,0x171D,11,4
20593,0x1726,211,201
20593,0x1735,202,192
20593,0x1738,3,32
20593,0x1739,6,2
20593,0x173A,129,133
20593,0x1750,185,193
20593,0x1751,50,62
20593,0x1753,58,174
20593,0x1754,65,64
20593,0x1756,26,66
20593,0x1759,189,21
20593,0x175A,255,0
20593,0x175B,255,0
20593,0x1766,233,223
20593,0x1775,119,109
20593,0x1778,9,15
20593,0x1779,0,6
20593,0x177A,126,129
20593,0x1790,0,203
20593,0x1791,31,38
20593,0x1793,233,52
20593,0x1794,80,71
20593,0x1796,172,222
20593,0x1799,203,57
20593,0x179A,254,255
20593,0x179C,9,5
20593,0x179D,3,11
20593,0x17A2,13,65
20593,0x17A3,12,7
20593,0x17A4,25,67
20593,0x17A5,12,7
20593,0x17A6,237,245
20593,0x17AD,43,12
20593,0x17B5,141,131
20593,0x17B8,1,21
20593,0x17BA,121,126
20593,0x17F1,3,2
20593,0x17F8,1,13
20593,0x1810,68,76
20593,0x1811,234,216
20593,0x1813,26,181
20593,0x1814,65,80
20593,0x1819,141,99
20593,0x181A,0,2
20593,0x1826,234,224
20593,0x1835,171,161
20593,0x1838,16,6
20593,0x1840,0,200
20593,0x1841,0,74
20593,0x1842,0,176
20593,0x1843,0,2
20593,0x1844,0,54
20593,0x1845,0,177
20593,0x1846,0,2
20593,0x1848,0,3
20593,0x184A,0,2
20593,0x184B,0,3
20593,0x184C,0,9
20593,0x1850,0,212
20593,0x1851,0,255
20593,0x1854,0,64
20593,0x1856,0,52
20593,0x1857,0,254
20593,0x1858,0,255
20593,0x185E,0,9
20593,0x185F,0,12
20593,0x1860,0,154
20593,0x1861,0,2
20593,0x1862,0,220
20593,0x1863,0,8
20593,0x1864,0,222
20593,0x1865,0,8
20593,0x1866,0,246
20593,0x1867,0,6
20593,0x1869,0,1
20593,0x186A,0,238
20593,0x186B,0,4
20593,0x186C,0,124
20593,0x186D,0,12
20593,0x186F,0,6
20593,0x1870,0,128
20593,0x1875,0,183
20593,0x1876,0,110
20593,0x1878,0,10
20593,0x1879,0,6
20593,0x187A,0,95
20593,0x187B,0,193
20593,0x1AC0,192,0
20593,0x1AF1,3,0
20593,0x1B10,79,53
20593,0x1B11,39,55
20593,0x1B13,217,3
20593,0x1B14,95,99
20593,0x1B26,2,1
20593,0x1B27,4,2
20593,0x1B30,3,2
20603,0x0004,58,60
20603,0x0020,51,67
20603,0x0022,95,98
20603,0x0024,7,6
20603,0x0026,34,36
20603,0x0028,34,36
20603,0x0049,1,3
20603,0x0051,1,3
20603,0x0069,89,99
20603,0x006B,19,29
20603,0x007B,244,249
20603,0x00AD,234,244
20603,0x00B7,19,17
20603,0x00CD,233,17
20603,0x00CE,226,0
20603,0x00CF,182,233
20603,0x00D0,136,206
20603,0x00D1,3,0
20603,0x0176,144,165
20603,0x0178,53,180
20603,0x01FE,157,171
20603,0x02F6,143,192
20603,0x02FB,1,2
20603,0x0303,192,0
20603,0x0304,0,1
20603,0x0306,228,227
20603,0x030B,192,0
20603,0x030C,0,1
20603,0x030E,230,229
20603,0x0315,100,140
20603,0x031D,110,150
20603,0x0325,120,160
20603,0x032D,130,170
20603,0x0335,208,132
20603,0x0336,144,145
20603,0x033D,228,152
20603,0x033E,144,145
20603,0x0345,248,172
20603,0x0346,144,145
20603,0x0501,157,159
20603,0x0502,82,94
20603,0x0508,15,95
20603,0x0509,84,85
20603,0x050B,4,20
20603,0x0510,94,82
20603,0x0512,24,40
20603,0x0600,0,189
20603,0x0601,0,12
20603,0x0602,0,205
20603,0x0603,0,12
20603,0x0604,0,217
20603,0x0605,0,16
20603,0x0606,0,11
20603,0x0607,0,16
20603,0x0608,83,11
20603,0x0609,63,16
20603,0x060A,37,11
20603,0x060B,63,16
20603,0x060C,59,11
20603,0x060D,63,16
20603,0x060E,75,217
20603,0x060F,63,208
20603,0x0610,0,116
20603,0x0611,0,16
20603,0x0612,0,118
20603,0x0613,0,16
20603,0x0618,188,0
20603,0x0619,12,0
20603,0x061A,204,0
20603,0x061B,12,0
20603,0x061C,95,147
20603,0x061D,16,12
20603,0x061E,11,152
20603,0x061F,16,12
20603,0x0620,11,157
20603,0x0621,16,12
20603,0x0622,11,157
20603,0x0623,16,12
20603,0x0624,11,163
20603,0x0625,16,12
20603,0x0626,95,172
20603,0x0627,144,12
20603,0x0628,116,0
20603,0x0629,16,0
20603,0x062A,117,0
20603,0x062B,16,0
20603,0x0630,0,82
20603,0x0631,0,63
20603,0x0632,0,69
20603,0x0633,0,63
20603,0x0634,146,85
20603,0x0635,12,63
20603,0x0636,151,39
20603,0x0637,12,63
20603,0x0638,156,0
20603,0x0639,12,0
20603,0x063A,156,0
20603,0x063B,12,0
20603,0x0874,86,222
20603,0x0875,1,42
20603,0x0876,222,86
20603,0x0877,42,1
20603,0x0894,14,22
20603,0x0895,58,91
20603,0x0896,22,14
20603,0x0897,91,58
20603,0x0901,104,112
20603,0x0902,2,38
20603,0x0903,32,34
20603,0x0905,104,112
20603,0x0906,0,36
20603,0x0907,32,34
20603,0x0909,112,96
20603,0x090A,36,34
20603,0x090D,112,96
20603,0x090E,34,32
20603,0x0910,96,29
20603,0x0911,96,76
20603,0x0912,36,6
20603,0x0913,162,41
20603,0x0914,80,13
20603,0x0915,96,76
20603,0x0916,32,4
20603,0x0917,34,41
20603,0x0918,25,103
20603,0x0919,89,60
20603,0x091A,6,2
20603,0x091C,9,87
20603,0x091D,89,60
20603,0x091E,4,0
20603,0x0920,90,75
20603,0x0921,57,56
20603,0x0924,74,59
20603,0x0925,57,56
20603,0x0928,62,48
20603,0x0929,56,57
20603,0x092C,46,32
20603,0x092D,56,57
20603,0x0930,38,182
20603,0x0931,63,102
20603,0x0933,41,103
20603,0x0934,22,198
20603,0x0935,63,102
20603,0x0937,41,103
20603,0x0938,200,221
20603,0x0939,72,56
20603,0x093C,216,237
20603,0x093D,72,56
20603,0x0940,239,67
20603,0x0941,56,98
20603,0x0942,2,6
20603,0x0943,103,36
20603,0x0944,255,96
20603,0x0945,56,224
20603,0x0946,0,2
20603,0x0947,103,32
20603,0x0948,51,80
20603,0x0949,95,224
20603,0x094A,7,0
20603,0x094B,34,32
20603,0x0B04,10,0
20603,0x0B22,61,62
20603,0x0B24,122,124
20603,0x0B26,244,249
20603,0x0B28,232,242
20603,0x0B82,61,62
20603,0x0B84,122,124
20603,0x0B86,244,249
20603,0x0B88,232,242
20603,0x0E82,7,6
20603,0x0E83,8,2
20603,0x0F99,244,249
20603,0x0F9D,244,249
20603,0x0FD1,244,249
20603,0x0FF0,244,249
20603,0x1000,192,128
20603,0x1024,255,1
20603,0x1025,6,7
20603,0x1026,4,2
20603,0x1033,82,72
20603,0x1064,97,103
20603,0x1066,1,254
20603,0x106C,127,110
20603,0x1077,13,3
20603,0x16D0,2,23
20603,0x16D1,25,29
20603,0x16D3,132,145
20603,0x16D4,97,84
20603,0x16D6,55,145
20603,0x16D9,164,194
20603,0x16E6,250,240
20603,0x16F5,4,144
20603,0x16F8,14,4
20603,0x1710,109,1
20603,0x1711,90,103
20603,0x1713,230,212
20603,0x1714,65,68
20603,0x1719,53,93
20603,0x1726,201,191
20603,0x1735,192,182
20603,0x1738,32,22
20603,0x1750,193,85
20603,0x1751,62,75
20603,0x1766,223,213
20603,0x1775,109,99
20603,0x1778,15,5
20603,0x1790,203,138
20603,0x1791,38,48
20603,0x1793,52,203
20603,0x1794,71,65
20603,0x1796,222,16
20603,0x1797,0,1
20603,0x1799,57,167
20603,0x17A6,245,235
20603,0x17B5,131,121
20603,0x17B8,21,11
20603,0x17F8,13,3
20603,0x1810,76,84
20603,0x1811,216,198
20603,0x1813,181,236
20603,0x1814,80,110
20603,0x1819,99,249
20603,0x181D,47,239
20603,0x1826,224,214
20603,0x1835,161,151
20603,0x1838,6,49
20603,0x183A,99,103
20603,0x1850,212,220
20603,0x1851,255,237
20603,0x1853,0,47
20603,0x1859,0,47
20603,0x185D,0,47
20603,0x1866,246,236
20603,0x1875,183,173
20603,0x1878,10,18
20603,0x1879,6,2
20603,0x187A,95,99
20603,0x1B10,53,27
20603,0x1B11,55,71
20603,0x1B13,3,45
20603,0x1B14,99,102
20603,0x1B24,182,184
20603,0x1B27,2,4
20603,0x1B2C,61,56
20603,0x1B30,2,1
20613,0x0004,60,62
20613,0x0020,67,83
20613,0x0022,98,101
20613,0x0024,6,7
20613,0x0049,3,1
20613,0x0051,3,5
20613,0x0069,99,109
20613,0x006B,29,39
20613,0x006D,0,16
20613,0x007B,249,254
20613,0x00AD,244,254
20613,0x00B7,17,19
20613,0x00CA,6,7
20613,0x00CD,17,32
20613,0x00CE,0,30
20613,0x00CF,233,27
20613,0x00D0,206,21
20613,0x0176,165,144
20613,0x0178,180,53
20613,0x023E,67,91
20613,0x02F6,192,53
20613,0x02FB,2,1
20613,0x0302,98,96
20613,0x0303,0,128
20613,0x0304,1,0
20613,0x0305,128,0
20613,0x0306,227,171
20613,0x0307,14,15
20613,0x030A,99,97
20613,0x030B,0,128
20613,0x030C,1,0
20613,0x030D,128,0
20613,0x030E,229,173
20613,0x030F,14,15
20613,0x0311,41,105
20613,0x0315,140,160
20613,0x0319,73,137
20613,0x031D,150,170
20613,0x0325,160,120
20613,0x032D,170,130
20613,0x0335,132,192
20613,0x033D,152,212
20613,0x0345,172,232
20613,0x0502,94,82
20613,0x0600,189,0
20613,0x0601,12,0
20613,0x0602,205,0
20613,0x0603,12,0
20613,0x0604,217,0
20613,0x0605,16,0
20613,0x0606,11,0
20613,0x0607,16,0
20613,0x0608,11,0
20613,0x0609,16,0
20613,0x060A,11,70
20613,0x060B,16,63
20613,0x060C,11,86
20613,0x060D,16,63
20613,0x060E,217,40
20613,0x060F,208,63
20613,0x0610,116,0
20613,0x0611,16,0
20613,0x0612,118,0
20613,0x0613,16,0
20613,0x0874,222,86
20613,0x0875,42,1
20613,0x0876,86,222
20613,0x0877,1,42
20613,0x0894,22,14
20613,0x0895,91,58
20613,0x0896,14,22
20613,0x0897,58,91
20613,0x0901,112,104
20613,0x0902,38,2
20613,0x0903,34,32
20613,0x0905,112,104
20613,0x0906,36,0
20613,0x0907,34,32
20613,0x0908,96,82
20613,0x0909,96,104
20613,0x090C,80,66
20613,0x090D,96,104
20613,0x0910,29,36
20613,0x0911,76,65
20613,0x0912,6,2
20613,0x0914,13,20
20613,0x0915,76,65
20613,0x0916,4,0
20613,0x0918,103,115
20613,0x0919,60,65
20613,0x091C,87,99
20613,0x091D,60,65
20613,0x0920,75,87
20613,0x0921,56,57
20613,0x0924,59,71
20613,0x0925,56,57
20613,0x0928,48,60
20613,0x0929,57,56
20613,0x092C,32,44
20613,0x092D,57,56
20613,0x0930,182,164
20613,0x0931,102,128
20613,0x0934,198,180
20613,0x0935,102,128
20613,0x0938,221,203
20613,0x0939,56,68
20613,0x093C,237,219
20613,0x093D,56,68
20613,0x0940,67,243
20613,0x0941,98,56
20613,0x0942,6,2
20613,0x0943,36,103
20613,0x0944,96,3
20613,0x0945,224,56
20613,0x0946,2,0
20613,0x0947,32,103
20613,0x0948,80,83
20613,0x0949,224,101
20613,0x094A,0,7
20613,0x094B,32,36
20613,0x0B04,0,14
20613,0x0B22,62,63
20613,0x0B24,124,127
20613,0x0B26,249,254
20613,0x0B28,242,252
20613,0x0B82,62,63
20613,0x0B84,124,127
20613,0x0B86,249,254
20613,0x0B88,242,252
20613,0x0E82,6,5
20613,0x0F99,249,254
20613,0x0F9D,249,254
20613,0x0FD1,249,254
20613,0x0FF0,249,254
20613,0x1000,128,192
20613,0x1024,1,5
20613,0x1026,2,8
20613,0x1033,72,62
20613,0x1041,161,188
20613,0x1062,91,84
20613,0x1064,103,86
20613,0x1066,254,1
20613,0x106C,110,45
20613,0x1077,3,0
20613,0x16D0,23,64
20613,0x16D1,29,36
20613,0x16D3,145,170
20613,0x16D4,84,73
20613,0x16D6,145,207
20613,0x16D9,194,24
20613,0x16DA,254,255
20613,0x16DC,9,5
20613,0x16DD,3,11
20613,0x16E2,13,65
20613,0x16E3,12,7
20613,0x16E4,25,67
20613,0x16E5,12,7
20613,0x16E6,240,248
20613,0x16ED,43,12
20613,0x16F5,144,134
20613,0x16F8,4,24
20613,0x16FA,121,126
20613,0x1710,1,149
20613,0x1711,103,115
20613,0x1713,212,82
20613,0x1714,68,73
20613,0x1719,93,133
20613,0x1726,191,181
20613,0x1735,182,172
20613,0x1738,22,12
20613,0x1750,85,233
20613,0x1751,75,87
20613,0x1753,174,128
20613,0x1754,64,65
20613,0x1759,21,45
20613,0x175D,11,4
20613,0x1766,213,203
20613,0x1775,99,89
20613,0x1778,5,34
20613,0x1779,6,2
20613,0x177A,129,133
20613,0x1790,138,61
20613,0x1791,48,60
20613,0x1793,203,174
20613,0x1794,65,64
20613,0x1796,16,66
20613,0x1799,167,21
20613,0x179A,255,0
20613,0x179B,255,0
20613,0x17A6,235,225
20613,0x17B5,121,111
20613,0x17B8,11,1
20613,0x17F1,2,1
20613,0x17F8,3,15
20613,0x1810,84,92
20613,0x1811,198,180
20613,0x1813,236,255
20613,0x1814,110,136
20613,0x1819,249,79
20613,0x1826,214,204
20613,0x1835,151,141
20613,0x1838,49,39
20613,0x1850,220,228
20613,0x1851,237,219
20613,0x1853,47,30
20613,0x1854,64,76
20613,0x1859,47,5
20613,0x185A,0,2
20613,0x1866,236,226
20613,0x1875,173,163
20613,0x1878,18,8
20613,0x1880,0,200
20613,0x1881,0,74
20613,0x1882,0,176
20613,0x1883,0,2
20613,0x1884,0,54
20613,0x1885,0,177
20613,0x1886,0,2
20613,0x1888,0,3
20613,0x188A,0,2
20613,0x188B,0,3
20613,0x188C,0,9
20613,0x1890,0,108
20613,0x1891,0,3
20613,0x1892,0,1
20613,0x1894,0,64
20613,0x1896,0,52
20613,0x1897,0,254
20613,0x1898,0,255
20613,0x189E,0,9
20613,0x189F,0,12
20613,0x18A0,0,154
20613,0x18A1,0,2
20613,0x18A2,0,220
20613,0x18A3,0,8
20613,0x18A4,0,222
20613,0x18A5,0,8
20613,0x18A6,0,248
20613,0x18A7,0,6
20613,0x18A9,0,1
20613,0x18AA,0,238
20613,0x18AB,0,4
20613,0x18AC,0,124
20613,0x18AD,0,12
20613,0x18AF,0,6
20613,0x18B0,0,128
20613,0x18B5,0,185
20613,0x18B6,0,110
20613,0x18B8,0,12
20613,0x18B9,0,6
20613,0x18BA,0,95
20613,0x18BB,0,193
20613,0x1B10,27,1
20613,0x1B11,71,87
20613,0x1B13,45,87
20613,0x1B14,102,105
20613,0x1B24,184,182
20613,0x1B26,1,2
20613,0x1B2C,56,61
20613,0x1B30,1,3
20623,0x0004,62,0
20623,0x0020,83,98
20623,0x0022,101,104
20623,0x0026,36,34
20623,0x0028,36,34
20623,0x0049,1,3
20623,0x0051,5,1
20623,0x0069,109,119
20623,0x006B,39,49
20623,0x006D,16,0
20623,0x007B,254,3
20623,0x007C,0,1
20623,0x00AD,254,8
20623,0x00B7,19,17
20623,0x00CD,32,155
20623,0x00CE,30,132
20623,0x00CF,27,112
20623,0x00D0,21,91
20623,0x0176,144,165
20623,0x0178,53,180
20623,0x01FE,171,157
20623,0x023D,37,52
20623,0x023E,91,111
20623,0x02F6,53,24
20623,0x02FD,41,39
20623,0x0301,0,41
20623,0x0302,96,76
20623,0x0303,128,10
20623,0x0305,0,100
20623,0x0306,171,148
20623,0x0307,15,1
20623,0x0309,0,73
20623,0x030A,97,76
20623,0x030B,128,10
20623,0x030D,0,110
20623,0x030E,173,148
20623,0x030F,15,1
20623,0x0315,160,120
20623,0x031D,170,130
20623,0x0321,105,38
20623,0x0322,76,79
20623,0x0323,10,20
20623,0x0325,120,56
20623,0x0326,148,146
20623,0x0329,137,70
20623,0x032A,76,79
20623,0x032B,10,20
20623,0x032D,130,76
20623,0x032E,148,146
20623,0x0331,38,102
20623,0x0335,192,96
20623,0x0336,145,146
20623,0x0501,159,200
20623,0x0502,82,93
20623,0x0503,20,8
20623,0x0508,95,80
20623,0x0509,85,94
20623,0x050A,20,4
20623,0x050B,20,8
20623,0x050F,158,16
20623,0x0510,82,84
20623,0x0512,40,12
20623,0x0516,94,128
20623,0x0517,85,90
20623,0x0519,44,32
20623,0x051D,156,64
20623,0x051E,82,81
20623,0x0520,64,52
20623,0x0524,152,128
20623,0x0525,82,86
20623,0x0600,0,76
20623,0x0601,0,8
20623,0x0602,0,24
20623,0x0603,0,8
20623,0x0604,0,40
20623,0x0605,0,8
20623,0x0606,0,56
20623,0x0607,0,8
20623,0x0608,0,116
20623,0x0609,0,16
20623,0x060A,70,117
20623,0x060B,63,16
20623,0x060C,86,0
20623,0x060D,63,0
20623,0x060E,40,0
20623,0x060F,63,0
20623,0x0614,0,172
20623,0x0615,0,26
20623,0x0616,0,188
20623,0x0617,0,26
20623,0x0618,0,112
20623,0x0619,0,24
20623,0x061A,0,107
20623,0x061B,0,88
20623,0x061C,147,0
20623,0x061D,12,0
20623,0x061E,152,0
20623,0x061F,12,0
20623,0x0620,157,188
20623,0x0622,157,204
20623,0x0624,163,95
20623,0x0625,12,16
20623,0x0626,172,153
20623,0x0627,12,17
20623,0x0628,0,11
20623,0x0629,0,16
20623,0x062A,0,11
20623,0x062B,0,16
20623,0x062C,0,11
20623,0x062D,0,16
20623,0x062E,0,95
20623,0x062F,0,208
20623,0x0630,82,116
20623,0x0631,63,16
20623,0x0632,69,117
20623,0x0633,63,16
20623,0x0634,85,0
20623,0x0635,63,0
20623,0x0636,39,0
20623,0x0637,63,0
20623,0x063C,162,148
20623,0x063E,172,153
20623,0x0640,0,158
20623,0x0641,0,12
20623,0x0642,0,158
20623,0x0643,0,12
20623,0x0644,0,164
20623,0x0645,0,12
20623,0x0646,0,172
20623,0x0647,0,12
20623,0x0648,82,0
20623,0x0649,63,0
20623,0x064A,36,0
20623,0x064B,63,0
20623,0x064C,58,0
20623,0x064D,63,0
20623,0x064E,74,0
20623,0x064F,63,0
20623,0x0654,58,0
20623,0x0655,63,0
20623,0x0656,74,0
20623,0x0657,63,0
20623,0x071A,165,94
20623,0x071B,28,115
20623,0x071C,60,30
20623,0x071D,1,0
20623,0x071E,62,8
20623,0x071F,2,0
20623,0x0874,86,222
20623,0x0875,1,42
20623,0x0876,222,86
20623,0x0877,42,1
20623,0x0894,14,22
20623,0x0895,58,91
20623,0x0896,22,14
20623,0x0897,91,58
20623,0x0900,96,82
20623,0x0902,2,40
20623,0x0903,32,34
20623,0x0904,80,66
20623,0x0906,0,38
20623,0x0907,32,34
20623,0x0908,82,45
20623,0x0909,104,58
20623,0x090A,34,2
20623,0x090B,34,41
20623,0x090C,66,29
20623,0x090D,104,58
20623,0x090E,32,0
20623,0x090F,34,41
20623,0x0910,36,128
20623,0x0911,65,71
20623,0x0914,20,112
20623,0x0915,65,71
20623,0x0918,115,100
20623,0x0919,65,60
20623,0x091C,99,84
20623,0x091D,65,60
20623,0x0920,87,72
20623,0x0921,57,56
20623,0x0924,71,56
20623,0x0925,57,56
20623,0x0928,60,146
20623,0x0929,56,148
20623,0x092B,41,103
20623,0x092C,44,162
20623,0x092D,56,148
20623,0x092F,41,103
20623,0x0930,164,185
20623,0x0931,128,96
20623,0x0934,180,201
20623,0x0935,128,96
20623,0x0938,203,225
20623,0x0939,68,56
20623,0x093C,219,241
20623,0x093D,68,56
20623,0x0940,243,98
20623,0x0941,56,104
20623,0x0942,2,7
20623,0x0943,103,34
20623,0x0944,3,96
20623,0x0945,56,224
20623,0x0946,0,2
20623,0x0947,103,32
20623,0x0948,83,80
20623,0x0949,101,224
20623,0x094A,7,0
20623,0x094B,36,32
20623,0x0B04,14,0
20623,0x0B22,63,64
20623,0x0B24,127,129
20623,0x0B26,254,3
20623,0x0B27,0,1
20623,0x0B28,252,6
20623,0x0B29,1,2
20623,0x0B82,63,64
20623,0x0B84,127,129
20623,0x0B86,254,3
20623,0x0B87,0,1
20623,0x0B88,252,6
20623,0x0B89,1,2
20623,0x0E82,5,3
20623,0x0F99,254,3
20623,0x0F9A,0,1
20623,0x0F9D,254,3
20623,0x0F9E,0,1
20623,0x0FD1,254,3
20623,0x0FD2,0,1
20623,0x0FF0,254,3
20623,0x0FF1,0,1
20623,0x1000,192,128
20623,0x1024,5,7
20623,0x1026,8,6
20623,0x1033,62,52
20623,0x1064,86,90
20623,0x106C,45,31
20623,0x16D0,64,105
20623,0x16D1,36,45
20623,0x16D3,170,247
20623,0x16D4,73,66
20623,0x16D6,207,1
20623,0x16D7,0,1
20623,0x16D9,24,134
20623,0x16E6,248,238
20623,0x16F5,134,124
20623,0x16F8,24,14
20623,0x1710,149,41
20623,0x1711,115,128
20623,0x1713,82,96
20623,0x1714,73,79
20623,0x1719,133,173
20623,0x1726,181,171
20623,0x1735,172,162
20623,0x1738,12,2
20623,0x1750,233,125
20623,0x1751,87,100
20623,0x1753,128,30
20623,0x1754,65,68
20623,0x1759,45,85
20623,0x1766,203,193
20623,0x1775,89,79
20623,0x1778,34,24
20623,0x1790,61,209
20623,0x1791,60,72
20623,0x17A6,225,215
20623,0x17B5,111,101
20623,0x17B8,1,7
20623,0x17B9,0,6
20623,0x17BA,126,129
20623,0x17F8,15,5
20623,0x1810,92,100
20623,0x1811,180,162
20623,0x1813,255,110
20623,0x1814,136,156
20623,0x1819,79,165
20623,0x181A,2,1
20623,0x1826,204,194
20623,0x1835,141,131
20623,0x1838,39,29
20623,0x1850,228,236
20623,0x1851,219,201
20623,0x1853,30,233
20623,0x1854,76,104
20623,0x1859,5,27
20623,0x185A,2,3
20623,0x185D,47,239
20623,0x1866,226,216
20623,0x1875,163,153
20623,0x1878,8,51
20623,0x187A,99,103
20623,0x1890,108,116
20623,0x1891,3,241
20623,0x1892,1,0
20623,0x18A6,248,238
20623,0x18B5,185,175
20623,0x18B8,12,2
20623,0x1B10,1,231
20623,0x1B11,87,102
20623,0x1B13,87,129
20623,0x1B14,105,108
20623,0x1B26,2,1
20623,0x1B27,4,2
20623,0x1B30,3,2
20633,0x0004,0,4
20633,0x0020,98,114
20633,0x0022,104,107
20633,0x0024,7,6
20633,0x0026,34,36
20633,0x0028,34,36
20633,0x0049,3,1
20633,0x0051,1,9
20633,0x0069,119,129
20633,0x006B,49,59
20633,0x007B,3,8
20633,0x00AD,8,18
20633,0x00B7,17,20
20633,0x00CA,7,8
20633,0x00CD,155,170
20633,0x00CE,132,162
20633,0x00CF,112,162
20633,0x00D0,91,161
20633,0x0176,165,144
20633,0x0178,180,52
20633,0x023D,52,36
20633,0x023E,111,91
20633,0x02F6,24,44
20633,0x02FD,39,41
20633,0x0325,56,252
20633,0x0326,146,145
20633,0x032D,76,16
20633,0x0335,96,36
20633,0x0501,200,129
20633,0x0502,93,90
20633,0x0503,8,20
20633,0x0508,80,65
20633,0x0509,94,81
20633,0x050A,4,20
20633,0x050B,8,20
20633,0x050F,16,130
20633,0x0510,84,86
20633,0x0512,12,40
20633,0x0600,76,189
20633,0x0601,8,12
20633,0x0602,24,205
20633,0x0603,8,12
20633,0x0604,40,217
20633,0x0605,8,16
20633,0x0606,56,154
20633,0x0607,8,17
20633,0x0608,116,11
20633,0x060A,117,11
20633,0x060C,0,11
20633,0x060D,0,16
20633,0x060E,0,217
20633,0x060F,0,144
20633,0x0610,0,116
20633,0x0611,0,16
20633,0x0612,0,118
20633,0x0613,0,16
20633,0x0614,172,0
20633,0x0615,26,0
20633,0x0616,188,0
20633,0x0617,26,0
20633,0x0618,112,0
20633,0x0619,24,0
20633,0x061A,107,0
20633,0x061B,88,0
20633,0x0620,188,0
20633,0x0621,12,0
20633,0x0622,204,185
20633,0x0624,95,165
20633,0x0625,16,12
20633,0x0626,153,172
20633,0x0627,17,12
20633,0x0628,11,0
20633,0x0629,16,0
20633,0x062A,11,0
20633,0x062B,16,0
20633,0x062C,11,0
20633,0x062D,16,0
20633,0x062E,95,0
20633,0x062F,208,0
20633,0x0630,116,0
20633,0x0631,16,0
20633,0x0632,117,0
20633,0x0633,16,0
20633,0x071A,94,165
20633,0x071B,115,28
20633,0x071C,30,60
20633,0x071D,0,1
20633,0x071E,8,62
20633,0x071F,0,2
20633,0x0874,222,86
20633,0x0875,42,1
20633,0x0876,86,222
20633,0x0877,1,42
20633,0x0894,22,14
20633,0x0895,91,58
20633,0x0896,14,22
20633,0x0897,58,91
20633,0x0900,82,96
20633,0x0902,40,2
20633,0x0903,34,32
20633,0x0904,66,80
20633,0x0906,38,0
20633,0x0907,34,32
20633,0x0908,45,74
20633,0x0909,58,104
20633,0x090A,2,36
20633,0x090B,41,34
20633,0x090C,29,56
20633,0x090D,58,56
20633,0x090E,0,2
20633,0x0910,128,40
20633,0x0911,71,56
20633,0x0912,2,0
20633,0x0914,112,141
20633,0x0915,71,77
20633,0x0916,0,2
20633,0x0918,100,125
20633,0x0919,60,77
20633,0x091A,2,0
20633,0x091C,84,113
20633,0x091D,60,64
20633,0x091E,0,2
20633,0x0920,72,97
20633,0x0921,56,64
20633,0x0922,2,0
20633,0x0924,56,85
20633,0x0925,56,57
20633,0x0926,0,2
20633,0x0928,146,69
20633,0x0929,148,57
20633,0x092A,2,0
20633,0x092B,103,41
20633,0x092C,162,248
20633,0x092D,148,56
20633,0x092E,0,2
20633,0x0930,185,8
20633,0x0931,96,56
20633,0x0932,2,0
20633,0x0934,201,128
20633,0x0935,96,161
20633,0x0936,0,2
20633,0x0938,225,144
20633,0x0939,56,161
20633,0x093A,2,0
20633,0x093C,241,167
20633,0x093D,56,124
20633,0x093E,0,2
20633,0x0940,98,183
20633,0x0941,104,124
20633,0x0942,7,0
20633,0x0943,34,103
20633,0x0944,96,207
20633,0x0945,224,64
20633,0x0947,32,103
20633,0x0948,80,223
20633,0x0949,224,64
20633,0x094B,32,103
20633,0x094C,143,114
20633,0x094D,224,107
20633,0x094E,122,6
20633,0x094F,61,36
20633,0x0950,135,80
20633,0x0952,120,0
20633,0x0953,189,32
20633,0x0B03,170,171
20633,0x0B04,0,42
20633,0x0B22,64,66
20633,0x0B24,129,132
20633,0x0B26,3,8
20633,0x0B28,6,16
20633,0x0B82,64,66
20633,0x0B84,129,132
20633,0x0B86,3,8
20633,0x0B88,6,16
20633,0x0E82,3,2
20633,0x0F99,3,8
20633,0x0F9D,3,8
20633,0x0FD1,3,8
20633,0x0FF0,3,8
20633,0x1000,128,192
20633,0x1024,7,9
20633,0x1026,6,4
20633,0x1033,52,42
20633,0x1064,90,88
20633,0x106C,31,40
20633,0x16D0,105,134
20633,0x16D1,45,56
20633,0x16D3,247,144
20633,0x16D4,66,64
20633,0x16D6,1,51
20633,0x16D9,134,244
20633,0x16E6,238,228
20633,0x16F5,124,114
20633,0x16F8,14,4
20633,0x1710,41,68
20633,0x1711,128,141
20633,0x1713,96,195
20633,0x1714,79,85
20633,0x1716,66,93
20633,0x1719,173,150
20633,0x171C,5,3
20633,0x171D,4,253
20633,0x1726,171,161
20633,0x1735,162,152
20633,0x1738,2,30
20633,0x1739,2,0
20633,0x173A,133,138
20633,0x1750,125,17
20633,0x1751,100,113
20633,0x1753,30,76
20633,0x1754,68,72
20633,0x1759,85,125
20633,0x1766,193,183
20633,0x1775,79,69
20633,0x1778,24,14
20633,0x1790,209,101
20633,0x1791,72,85
20633,0x1793,174,42
20633,0x1794,64,65
20633,0x1799,21,37
20633,0x179D,11,4
20633,0x17A6,215,205
20633,0x17B5,101,91
20633,0x17B8,7,36
20633,0x17B9,6,2
20633,0x17BA,129,133
20633,0x17C0,128,200
20633,0x17C1,165,74
20633,0x17C2,175,176
20633,0x17C4,0,54
20633,0x17C5,0,177
20633,0x17C6,0,2
20633,0x17C8,0,3
20633,0x17CA,0,2
20633,0x17CB,0,3
20633,0x17CC,0,9
20633,0x17D0,0,208
20633,0x17D1,0,8
20633,0x17D2,0,1
20633,0x17D4,0,64
20633,0x17D6,0,52
20633,0x17D7,0,254
20633,0x17D8,0,255
20633,0x17DE,0,9
20633,0x17DF,0,12
20633,0x17E0,0,154
20633,0x17E1,0,2
20633,0x17E2,0,220
20633,0x17E3,0,8
20633,0x17E4,0,222
20633,0x17E5,0,8
20633,0x17E6,0,251
20633,0x17E7,0,6
20633,0x17E9,0,1
20633,0x17EA,0,238
20633,0x17EB,0,4
20633,0x17EC,0,124
20633,0x17ED,0,12
20633,0x17F1,1,0
20633,0x17F5,0,188
20633,0x17F6,0,110
20633,0x17F8,5,15
20633,0x17F9,0,6
20633,0x17FA,0,95
20633,0x17FB,0,193
20633,0x1810,100,108
20633,0x1811,162,144
20633,0x1813,110,57
20633,0x1814,156,169
20633,0x1819,165,251
20633,0x181A,1,0
20633,0x1826,194,184
20633,0x1835,131,121
20633,0x1838,29,19
20633,0x1850,236,244
20633,0x1851,201,183
20633,0x1853,233,80
20633,0x1854,104,132
20633,0x1859,27,113
20633,0x185A,3,2
20633,0x1866,216,206
20633,0x1875,153,143
20633,0x1878,51,41
20633,0x1890,116,124
20633,0x1891,241,223
20633,0x1893,0,67
20633,0x1894,64,72
20633,0x1899,0,167
20633,0x189A,0,1
20633,0x189D,0,47
20633,0x18A6,238,228
20633,0x18B5,175,165
20633,0x18B8,2,10
20633,0x18B9,6,2
20633,0x18BA,95,99
20633,0x1B10,231,205
20633,0x1B11,102,118
20633,0x1B13,129,171
20633,0x1B14,108,111
20633,0x1B24,182,184
20633,0x1B27,2,4
20633,0x1B2C,61,56
20633,0x1B30,2,1
20643,0x0004,4,6
20643,0x0020,114,130
20643,0x0022,107,110
20643,0x0024,6,7
20643,0x0049,1,3
20643,0x0051,9,5
20643,0x0069,129,139
20643,0x006B,59,69
20643,0x007B,8,13
20643,0x00AD,18,28
20643,0x00B7,20,19
20643,0x00CD,170,185
20643,0x00CE,162,192
20643,0x00CF,162,212
20643,0x00D0,161,231
20643,0x0176,144,165
20643,0x0178,52,180
20643,0x01FE,157,171
20643,0x023D,36,52
20643,0x023E,91,111
20643,0x02F6,44,32
20643,0x02FB,1,2
20643,0x02FD,41,39
20643,0x0305,100,140
20643,0x030D,110,150
20643,0x0315,120,160
20643,0x031D,130,170
20643,0x0325,252,56
20643,0x0326,145,146
20643,0x032D,16,76
20643,0x0335,36,96
20643,0x0501,129,131
20643,0x0502,90,86
20643,0x0600,189,0
20643,0x0601,12,0
20643,0x0602,205,0
20643,0x0603,12,0
20643,0x0604,217,0
20643,0x0605,16,0
20643,0x0606,154,0
20643,0x0607,17,0
20643,0x0608,11,0
20643,0x0609,16,0
20643,0x060A,11,0
20643,0x060B,16,0
20643,0x060C,11,0
20643,0x060D,16,0
20643,0x060E,217,0
20643,0x060F,144,0
20643,0x0610,116,0
20643,0x0611,16,0
20643,0x0612,118,0
20643,0x0613,16,0
20643,0x071A,165,94
20643,0x071B,28,115
20643,0x071C,60,30
20643,0x071D,1,0
20643,0x071E,62,8
20643,0x071F,2,0
20643,0x0874,86,222
20643,0x0875,1,42
20643,0x0876,222,86
20643,0x0877,42,1
20643,0x0894,14,22
20643,0x0895,58,91
20643,0x0896,22,14
20643,0x0897,91,58
20643,0x0900,96,82
20643,0x0902,2,34
20643,0x0903,32,34
20643,0x0904,80,66
20643,0x0906,0,32
20643,0x0907,32,34
20643,0x0908,74,69
20643,0x0909,104,56
20643,0x090A,36,2
20643,0x090B,34,41
20643,0x090C,56,53
20643,0x090E,2,0
20643,0x0910,40,155
20643,0x0911,56,82
20643,0x0912,0,2
20643,0x0914,141,139
20643,0x0915,77,82
20643,0x0916,2,0
20643,0x0919,77,70
20643,0x091A,0,2
20643,0x091C,113,109
20643,0x091D,64,70
20643,0x091E,2,0
20643,0x0921,64,59
20643,0x0922,0,2
20643,0x0924,85,81
20643,0x0925,57,59
20643,0x0926,2,0
20643,0x0928,69,230
20643,0x0929,57,56
20643,0x092A,0,2
20643,0x092B,41,103
20643,0x092C,248,246
20643,0x092E,2,0
20643,0x0930,8,110
20643,0x0931,56,167
20643,0x0932,0,2
20643,0x0934,128,126
20643,0x0935,161,167
20643,0x0936,2,0
20643,0x0938,144,149
20643,0x0939,161,145
20643,0x093A,0,2
20643,0x093C,167,165
20643,0x093D,124,145
20643,0x093E,2,0
20643,0x0940,183,189
20643,0x0941,124,90
20643,0x0942,0,2
20643,0x0944,207,205
20643,0x0945,64,90
20643,0x0946,2,0
20643,0x0948,223,130
20643,0x0949,64,110
20643,0x094A,0,7
20643,0x094B,103,36
20643,0x094C,114,96
20643,0x094D,107,224
20643,0x094E,6,2
20643,0x094F,36,32
20643,0x0B03,171,170
20643,0x0B04,42,10
20643,0x0B22,66,67
20643,0x0B24,132,134
20643,0x0B26,8,13
20643,0x0B28,16,26
20643,0x0B82,66,67
20643,0x0B84,132,134
20643,0x0B86,8,13
20643,0x0B88,16,26
20643,0x0E82,2,1
20643,0x0F99,8,13
20643,0x0F9D,8,13
20643,0x0FD1,8,13
20643,0x0FF0,8,13
20643,0x1000,192,128
20643,0x1022,251,62
20643,0x1023,6,7
20643,0x1024,9,64
20643,0x1026,4,9
20643,0x1027,0,6
20643,0x1030,4,2
20643,0x1033,42,32
20643,0x1034,180,175
20643,0x1064,88,86
20643,0x106C,40,45
20643,0x16D0,134,11
20643,0x16D1,56,69
20643,0x16D3,144,174
20643,0x16D6,51,66
20643,0x16D9,244,21
20643,0x16DA,255,0
20643,0x16DB,255,0
20643,0x16E6,228,218
20643,0x16F5,114,104
20643,0x16F8,4,10
20643,0x16F9,0,6
20643,0x16FA,126,129
20643,0x1710,68,139
20643,0x1711,141,155
20643,0x1713,195,250
20643,0x1714,85,90
20643,0x1716,93,123
20643,0x1719,150,120
20643,0x1726,161,151
20643,0x1735,152,142
20643,0x1738,30,20
20643,0x1750,17,165
20643,0x1751,113,125
20643,0x1753,76,10
20643,0x1754,72,78
20643,0x1759,125,165
20643,0x1766,183,173
20643,0x1775,69,59
20643,0x1778,14,4
20643,0x1790,101,249
20643,0x1791,85,97
20643,0x1793,42,120
20643,0x1794,65,67
20643,0x1799,37,77
20643,0x17A6,205,195
20643,0x17B5,91,81
20643,0x17B8,36,26
20643,0x17D0,208,216
20643,0x17D1,8,246
20643,0x17D2,1,0
20643,0x17E6,251,241
20643,0x17F5,188,178
20643,0x17F8,15,5
20643,0x1810,108,116
20643,0x1811,144,126
20643,0x1813,57,96
20643,0x1814,169,175
20643,0x1819,251,81
20643,0x1826,184,174
20643,0x1835,121,111
20643,0x1838,19,9
20643,0x1850,244,252
20643,0x1851,183,165
20643,0x1853,80,19
20643,0x1854,132,153
20643,0x1859,113,199
20643,0x185A,2,1
20643,0x1866,206,196
20643,0x1875,143,133
20643,0x1878,41,31
20643,0x1890,124,132
20643,0x1891,223,205
20643,0x1893,67,162
20643,0x1894,72,98
20643,0x1899,167,61
20643,0x189A,1,3
20643,0x189D,47,239
20643,0x18A6,228,218
20643,0x18B5,165,155
20643,0x18B8,10,53
20643,0x18BA,99,103
20643,0x1B10,205,179
20643,0x1B11,118,134
20643,0x1B13,171,213
20643,0x1B14,111,114
20643,0x1B24,184,182
20643,0x1B26,1,2
20643,0x1B2C,56,61
20643,0x1B30,1,3
20653,0x0004,6,8
20653,0x0020,130,146
20653,0x0022,110,113
20653,0x0026,36,34
20653,0x0028,36,34
20653,0x0049,3,5
20653,0x0051,5,1
20653,0x0069,139,149
20653,0x006B,69,79
20653,0x0071,120,122
20653,0x0072,120,122
20653,0x007B,13,18
20653,0x00AD,28,38
20653,0x00B7,19,21
20653,0x00CD,185,200
20653,0x00CE,192,222
20653,0x00CF,212,6
20653,0x00D0,231,46
20653,0x0176,165,144
20653,0x0178,180,52
20653,0x01FD,36,52
20653,0x01FE,171,207
20653,0x023E,111,123
20653,0x02F6,32,39
20653,0x02FB,2,1
20653,0x0305,140,60
20653,0x030D,150,70
20653,0x0315,160,80
20653,0x031D,170,90
20653,0x0501,131,81
20653,0x0502,86,94
20653,0x0503,20,4
20653,0x0508,65,17
20653,0x0509,81,84
20653,0x050B,20,4
20653,0x0510,86,90
20653,0x0512,40,24
20653,0x0516,128,66
20653,0x0517,90,81
20653,0x0519,32,44
20653,0x051D,64,132
20653,0x051E,81,86
20653,0x0520,52,64
20653,0x0600,0,116
20653,0x0601,0,16
20653,0x0602,0,118
20653,0x0603,0,16
20653,0x060E,0,189
20653,0x060F,0,26
20653,0x0610,0,113
20653,0x0611,0,24
20653,0x0612,0,106
20653,0x0613,0,88
20653,0x0618,0,190
20653,0x0619,0,12
20653,0x061A,0,206
20653,0x061B,0,12
20653,0x061C,0,95
20653,0x061D,0,80
20653,0x061E,0,11
20653,0x061F,0,16
20653,0x0620,0,11
20653,0x0621,0,16
20653,0x0622,185,11
20653,0x0623,12,16
20653,0x0624,165,28
20653,0x0625,12,17
20653,0x0626,172,44
20653,0x0627,12,17
20653,0x0628,0,116
20653,0x0629,0,16
20653,0x062A,0,117
20653,0x062B,0,16
20653,0x0632,0,181
20653,0x0633,0,12
20653,0x0634,0,197
20653,0x0635,0,12
20653,0x0636,0,197
20653,0x0637,0,12
20653,0x0638,0,197
20653,0x0639,0,12
20653,0x063A,0,197
20653,0x063B,0,12
20653,0x063C,148,197
20653,0x063E,153,173
20653,0x0640,158,0
20653,0x0641,12,0
20653,0x0642,158,0
20653,0x0643,12,0
20653,0x0644,164,0
20653,0x0645,12,0
20653,0x0646,172,0
20653,0x0647,12,0
20653,0x071A,94,90
20653,0x071B,115,107
20653,0x071C,30,10
20653,0x071E,8,0
20653,0x0874,222,86
20653,0x0875,42,1
20653,0x0876,86,222
20653,0x0877,1,42
20653,0x0894,22,14
20653,0x0895,91,58
20653,0x0896,14,22
20653,0x0897,58,91
20653,0x0900,82,96
20653,0x0902,34,2
20653,0x0903,34,38
20653,0x0904,66,80
20653,0x0906,32,0
20653,0x0907,34,38
20653,0x0908,69,82
20653,0x0909,56,104
20653,0x090A,2,40
20653,0x090B,41,34
20653,0x090C,53,66
20653,0x090D,56,104
20653,0x090E,0,38
20653,0x090F,41,34
20653,0x0910,155,81
20653,0x0911,82,56
20653,0x0914,139,65
20653,0x0915,82,56
20653,0x0918,125,170
20653,0x0919,70,87
20653,0x091C,109,154
20653,0x091D,70,87
20653,0x0920,97,138
20653,0x0921,59,76
20653,0x0924,81,122
20653,0x0925,59,76
20653,0x0928,230,110
20653,0x0929,56,63
20653,0x092B,103,41
20653,0x092C,246,94
20653,0x092D,56,63
20653,0x092F,103,41
20653,0x0930,110,212
20653,0x0931,167,59
20653,0x0934,126,228
20653,0x0935,167,59
20653,0x0938,149,92
20653,0x0939,145,167
20653,0x093C,165,108
20653,0x093D,145,167
20653,0x0940,189,132
20653,0x0941,90,159
20653,0x0944,205,148
20653,0x0945,90,159
20653,0x0948,130,171
20653,0x0949,110,119
20653,0x094A,7,2
20653,0x094B,36,103
20653,0x094C,96,187
20653,0x094D,224,119
20653,0x094E,2,0
20653,0x094F,32,103
20653,0x0950,80,146
20653,0x0951,224,113
20653,0x0952,0,7
20653,0x0953,32,34
20653,0x0B04,10,170
20653,0x0B22,67,68
20653,0x0B24,134,137
20653,0x0B26,13,18
20653,0x0B28,26,36
20653,0x0B82,67,68
20653,0x0B84,134,137
20653,0x0B86,13,18
20653,0x0B88,26,36
20653,0x0C58,4,36
20653,0x0E82,1,0
20653,0x0F99,13,18
20653,0x0F9D,13,18
20653,0x0FD1,13,18
20653,0x0FF0,13,18
20653,0x1000,128,192
20653,0x1033,32,22
20653,0x1034,175,165
20653,0x1064,86,90
20653,0x106C,45,31
20653,0x16D0,11,159
20653,0x16D1,69,81
20653,0x16D3,174,199
20653,0x16D9,21,25
20653,0x16DD,11,4
20653,0x16E6,218,208
20653,0x16F5,104,94
20653,0x16F8,10,39
20653,0x16F9,6,2
20653,0x16FA,129,133
20653,0x1710,139,254
20653,0x1711,155,170
20653,0x1713,250,5
20653,0x1714,90,95
20653,0x1716,123,153
20653,0x1719,120,90
20653,0x1726,151,141
20653,0x1735,142,132
20653,0x1738,20,10
20653,0x1750,165,141
20653,0x1751,125,138
20653,0x1753,10,148
20653,0x1754,78,84
20653,0x1756,66,87
20653,0x1759,165,156
20653,0x175C,5,3
20653,0x175D,4,253
20653,0x1766,173,163
20653,0x1775,59,49
20653,0x1778,4,32
20653,0x1779,2,0
20653,0x177A,133,138
20653,0x1790,249,141
20653,0x1791,97,110
20653,0x1793,120,86
20653,0x1794,67,71
20653,0x1799,77,117
20653,0x17A6,195,185
20653,0x17B5,81,71
20653,0x17B8,26,16
20653,0x17D0,216,224
20653,0x17D1,246,228
20653,0x17D3,0,219
20653,0x17D4,64,67
20653,0x17D9,0,26
20653,0x17DA,0,1
20653,0x17DD,0,47
20653,0x17E6,241,231
20653,0x17F5,178,168
20653,0x17F8,5,13
20653,0x17F9,6,2
20653,0x17FA,95,99
20653,0x1810,116,124
20653,0x1811,126,108
20653,0x1813,96,132
20653,0x1819,81,201
20653,0x181A,0,255
20653,0x181B,0,255
20653,0x1826,174,164
20653,0x1835,111,101
20653,0x1838,9,17
20653,0x1839,2,6
20653,0x183A,103,106
20653,0x1850,252,4
20653,0x1851,165,148
20653,0x1853,19,50
20653,0x1854,153,167
20653,0x1859,199,29
20653,0x1866,196,186
20653,0x1875,133,123
20653,0x1878,31,21
20653,0x1890,132,140
20653,0x1891,205,187
20653,0x1893,162,93
20653,0x1894,98,127
20653,0x1899,61,147
20653,0x189A,3,2
20653,0x18A6,218,208
20653,0x18B5,155,145
20653,0x18B8,53,43
20653,0x1B10,179,153
20653,0x1B11,134,150
20653,0x1B13,213,255
20653,0x1B14,114,117
20653,0x1B26,2,1
20653,0x1B27,4,2
20653,0x1B30,3,2
20653,0xFFFF,125,126
20663,0x0004,8,10
20663,0x0020,146,162
20663,0x0022,113,117
20663,0x0024,7,6
20663,0x0026,34,36
20663,0x0028,34,36
20663,0x0049,5,7
20663,0x0051,1,3
20663,0x0069,149,159
20663,0x006B,79,89
20663,0x007B,18,23
20663,0x00AD,38,48
20663,0x00B7,21,18
20663,0x00CD,200,215
20663,0x00CE,222,252
20663,0x00CF,6,56
20663,0x00D0,46,116
20663,0x0176,144,165
20663,0x0178,52,180
20663,0x01FE,207,215
20663,0x023D,52,36
20663,0x023E,123,91
20663,0x02F6,39,155
20663,0x0301,41,38
20663,0x0302,76,79
20663,0x0303,10,20
20663,0x0305,60,252
20663,0x0306,148,145
20663,0x0309,73,70
20663,0x030A,76,79
20663,0x030B,10,20
20663,0x030D,70,16
20663,0x030E,148,146
20663,0x0311,105,102
20663,0x0312,76,79
20663,0x0313,10,20
20663,0x0315,80,36
20663,0x0316,148,146
20663,0x0501,81,133
20663,0x0502,94,86
20663,0x0503,4,20
20663,0x0600,116,0
20663,0x0601,16,0
20663,0x0602,118,0
20663,0x0603,16,0
20663,0x060E,189,0
20663,0x060F,26,0
20663,0x0610,113,0
20663,0x0611,24,0
20663,0x0612,106,0
20663,0x0613,88,0
20663,0x071A,90,165
20663,0x071B,107,28
20663,0x071C,10,60
20663,0x071D,0,1
20663,0x071E,0,62
20663,0x071F,0,2
20663,0x072C,220,92
20663,0x072D,74,9
20663,0x072E,222,30
20663,0x072F,123,10
20663,0x0734,16,142
20663,0x0735,74,8
20663,0x0736,222,88
20663,0x0737,123,9
20663,0x073C,149,150
20663,0x073D,17,8
20663,0x073E,220,92
20663,0x073F,74,9
20663,0x0874,86,222
20663,0x0875,1,42
20663,0x0876,222,86
20663,0x0877,42,1
20663,0x0894,14,22
20663,0x0895,58,91
20663,0x0896,22,14
20663,0x0897,91,58
20663,0x0900,96,74
20663,0x0902,2,36
20663,0x0903,38,34
20663,0x0904,80,94
20663,0x0905,104,58
20663,0x0906,0,2
20663,0x0907,38,41
20663,0x0908,82,78
20663,0x0909,104,58
20663,0x090A,40,0
20663,0x090B,34,41
20663,0x090C,66,187
20663,0x090D,104,89
20663,0x090E,38,2
20663,0x090F,34,41
20663,0x0910,81,171
20663,0x0911,56,89
20663,0x0912,2,0
20663,0x0914,65,152
20663,0x0915,56,82
20663,0x0916,0,2
20663,0x0918,170,136
20663,0x0919,87,82
20663,0x091A,2,0
20663,0x091C,154,123
20663,0x091D,87,68
20663,0x091E,0,2
20663,0x0920,138,107
20663,0x0921,76,68
20663,0x0922,2,0
20663,0x0924,122,194
20663,0x0925,76,80
20663,0x0926,0,2
20663,0x0927,41,103
20663,0x0928,110,210
20663,0x0929,63,80
20663,0x092A,2,0
20663,0x092B,41,103
20663,0x092C,94,74
20663,0x092D,63,167
20663,0x092E,0,2
20663,0x092F,41,103
20663,0x0930,212,90
20663,0x0931,59,167
20663,0x0932,2,0
20663,0x0934,228,114
20663,0x0935,59,166
20663,0x0936,0,2
20663,0x0938,92,130
20663,0x0939,167,166
20663,0x093A,2,0
20663,0x093C,108,153
20663,0x093D,167,141
20663,0x093E,0,2
20663,0x0940,132,169
20663,0x0941,159,141
20663,0x0942,2,0
20663,0x0944,148,162
20663,0x0945,159,117
20663,0x0946,0,6
20663,0x0947,103,36
20663,0x0948,171,96
20663,0x0949,119,224
20663,0x094B,103,38
20663,0x094C,187,80
20663,0x094D,119,224
20663,0x094F,103,38
20663,0x0950,146,159
20663,0x0951,113,224
20663,0x0953,34,36
20663,0x0B04,170,2
20663,0x0B22,68,69
20663,0x0B24,137,139
20663,0x0B26,18,23
20663,0x0B28,36,46
20663,0x0B82,68,69
20663,0x0B84,137,139
20663,0x0B86,18,23
20663,0x0B88,36,46
20663,0x0F99,18,23
20663,0x0F9D,18,23
20663,0x0FD1,18,23
20663,0x0FF0,18,23
20663,0x1000,192,128
20663,0x1033,22,12
20663,0x1034,165,155
20663,0x1064,90,88
20663,0x106C,31,40
20663,0x16D0,159,51
20663,0x16D1,81,94
20663,0x16D3,199,157
20663,0x16D4,64,66
20663,0x16D9,25,65
20663,0x16E6,208,198
20663,0x16F5,94,84
20663,0x16F8,39,29
20663,0x1710,254,154
20663,0x1711,170,187
20663,0x1713,5,168
20663,0x1714,95,97
20663,0x1716,153,180
20663,0x1719,90,63
20663,0x1726,141,131
20663,0x1735,132,122
20663,0x1738,10,50
20663,0x1739,0,6
20663,0x173A,138,141
20663,0x1750,141,152
20663,0x1751,138,152
20663,0x1753,148,7
20663,0x1754,84,90
20663,0x1756,87,117
20663,0x1759,156,126
20663,0x1766,163,153
20663,0x1775,49,39
20663,0x1778,32,22
20663,0x1790,141,33
20663,0x1791,110,123
20663,0x1793,86,196
20663,0x1794,71,76
20663,0x1799,117,157
20663,0x17A6,185,175
20663,0x17B5,71,61
20663,0x17B8,16,6
20663,0x17D0,224,232
20663,0x17D1,228,210
20663,0x17D3,219,248
20663,0x17D4,67,88
20663,0x17D9,26,240
20663,0x17DA,1,2
20663,0x17E6,231,221
20663,0x17F5,168,158
20663,0x17F8,13,3
20663,0x1810,124,132
20663,0x1811,108,90
20663,0x1826,164,154
20663,0x1835,101,91
20663,0x1838,17,7
20663,0x1850,4,12
20663,0x1851,148,130
20663,0x1853,50,173
20663,0x1854,167,174
20663,0x1859,29,115
20663,0x185A,1,0
20663,0x1866,186,176
20663,0x1875,123,113
20663,0x1878,21,11
20663,0x1890,140,148
20663,0x1891,187,169
20663,0x1893,93,116
20663,0x1894,127,149
20663,0x1899,147,233
20663,0x189A,2,1
20663,0x18A6,208,198
20663,0x18B5,145,135
20663,0x18B8,43,33
20663,0x1B10,153,127
20663,0x1B11,150,166
20663,0x1B13,255,41
20663,0x1B14,117,121
20663,0x1B24,182,184
20663,0x1B27,2,4
20663,0x1B2C,61,56
20663,0x1B30,2,1
20673,0x0004,10,14
20673,0x0020,162,178
20673,0x0022,117,120
20673,0x0024,6,7
20673,0x0049,7,9
20673,0x0051,3,5
20673,0x0069,159,169
20673,0x006B,89,99
20673,0x0071,122,124
20673,0x0072,122,124
20673,0x007B,23,28
20673,0x00AD,48,58
20673,0x00B7,18,21
20673,0x00CD,215,230
20673,0x00CE,252,26
20673,0x00CF,56,107
20673,0x00D0,116,186
20673,0x0176,165,144
20673,0x0178,180,52
20673,0x01FE,215,207
20673,0x023D,36,52
20673,0x023E,91,123
20673,0x02F6,155,32
20673,0x02FB,1,2
20673,0x0305,252,56
20673,0x0306,145,146
20673,0x030D,16,76
20673,0x0315,36,96
20673,0x0501,133,135
20673,0x0508,17,67
20673,0x0509,84,81
20673,0x050B,4,20
20673,0x050F,130,134
20673,0x0510,90,86
20673,0x0512,24,40
20673,0x0618,190,0
20673,0x0619,12,0
20673,0x061A,206,0
20673,0x061B,12,0
20673,0x061C,95,0
20673,0x061D,80,0
20673,0x061E,11,0
20673,0x061F,16,0
20673,0x0620,11,0
20673,0x0621,16,0
20673,0x0622,11,0
20673,0x0623,16,0
20673,0x0624,28,0
20673,0x0625,17,0
20673,0x0626,44,0
20673,0x0627,17,0
20673,0x0628,116,0
20673,0x0629,16,0
20673,0x062A,117,0
20673,0x062B,16,0
20673,0x0632,181,0
20673,0x0633,12,0
20673,0x0634,197,0
20673,0x0635,12,0
20673,0x0636,197,0
20673,0x0637,12,0
20673,0x0638,197,0
20673,0x0639,12,0
20673,0x063A,197,0
20673,0x063B,12,0
20673,0x071A,165,90
20673,0x071B,28,107
20673,0x071C,60,10
20673,0x071D,1,0
20673,0x071E,62,0
20673,0x071F,2,0
20673,0x072C,92,220
20673,0x072D,9,74
20673,0x072E,30,222
20673,0x072F,10,123
20673,0x0734,142,16
20673,0x0735,8,74
20673,0x0736,88,222
20673,0x0737,9,123
20673,0x073C,150,149
20673,0x073D,8,17
20673,0x073E,92,220
20673,0x073F,9,74
20673,0x0874,222,86
20673,0x0875,42,1
20673,0x0876,86,222
20673,0x0877,1,42
20673,0x0894,22,14
20673,0x0895,91,58
20673,0x0896,14,22
20673,0x0897,58,91
20673,0x0900,74,96
20673,0x0902,36,2
20673,0x0903,34,32
20673,0x0904,94,80
20673,0x0905,58,104
20673,0x0906,2,0
20673,0x0907,41,32
20673,0x0908,78,82
20673,0x0909,58,104
20673,0x090A,0,34
20673,0x090B,41,34
20673,0x090C,187,66
20673,0x090D,89,104
20673,0x090E,2,32
20673,0x090F,41,34
20673,0x0910,171,106
20673,0x0911,89,62
20673,0x0912,0,2
20673,0x0914,152,90
20673,0x0915,82,62
20673,0x0916,2,0
20673,0x0918,136,204
20673,0x0919,82,89
20673,0x091A,0,2
20673,0x091C,123,188
20673,0x091D,68,89
20673,0x091E,2,0
20673,0x0920,107,167
20673,0x0921,68,86
20673,0x0922,0,2
20673,0x0924,194,151
20673,0x0925,80,86
20673,0x0926,2,0
20673,0x0927,103,41
20673,0x0928,210,135
20673,0x0929,80,75
20673,0x092A,0,2
20673,0x092B,103,41
20673,0x092C,74,119
20673,0x092D,167,75
20673,0x092E,2,0
20673,0x092F,103,41
20673,0x0930,90,176
20673,0x0931,167,111
20673,0x0932,0,2
20673,0x0934,114,192
20673,0x0935,166,111
20673,0x0936,2,0
20673,0x0938,130,56
20673,0x093A,0,6
20673,0x093C,153,72
20673,0x093D,141,166
20673,0x093E,2,4
20673,0x0940,169,96
20673,0x0941,141,167
20673,0x0942,0,2
20673,0x0944,162,112
20673,0x0945,117,167
20673,0x0946,6,0
20673,0x0947,36,103
20673,0x0948,96,135
20673,0x0949,224,156
20673,0x094B,38,103
20673,0x094C,80,151
20673,0x094D,224,156
20673,0x094F,38,103
20673,0x0950,159,178
20673,0x0951,224,120
20673,0x0B04,2,170
20673,0x0B22,69,71
20673,0x0B24,139,142
20673,0x0B26,23,28
20673,0x0B28,46,56
20673,0x0B82,69,71
20673,0x0B84,139,142
20673,0x0B86,23,28
20673,0x0B88,46,56
20673,0x0C5A,41,36
20673,0x0C5B,157,0
20673,0x0F99,23,28
20673,0x0F9D,23,28
20673,0x0FD1,23,28
20673,0x0FF0,23,28
20673,0x1000,128,192
20673,0x1027,6,0
20673,0x1033,12,2
20673,0x1034,155,145
20673,0x1064,88,86
20673,0x106C,40,45
20673,0x16D0,51,199
20673,0x16D1,94,106
20673,0x16D3,157,3
20673,0x16D4,66,70
20673,0x16D9,65,105
20673,0x16E6,198,188
20673,0x16F5,84,74
20673,0x16F8,29,19
20673,0x1710,154,162
20673,0x1711,187,204
20673,0x1726,131,121
20673,0x1735,122,112
20673,0x1738,50,40
20673,0x1750,152,207
20673,0x1751,152,167
20673,0x1753,7,78
20673,0x1754,90,94
20673,0x1756,117,147
20673,0x1759,126,96
20673,0x1766,153,143
20673,0x1775,39,29
20673,0x1778,22,12
20673,0x1790,33,226
20673,0x1791,123,135
20673,0x1793,196,89
20673,0x1794,76,83
20673,0x1796,66,81
20673,0x1799,157,162
20673,0x179C,5,3
20673,0x179D,4,253
20673,0x17A6,175,165
20673,0x17B5,61,51
20673,0x17B8,6,34
20673,0x17B9,2,0
20673,0x17BA,133,138
20673,0x17D0,232,240
20673,0x17D1,210,192
20673,0x17D3,248,113
20673,0x17D4,88,119
20673,0x17D9,240,198
20673,0x17DD,47,239
20673,0x17E6,221,211
20673,0x17F5,158,148
20673,0x17F8,3,46
20673,0x17FA,99,103
20673,0x1810,132,220
20673,0x1811,90,72
20673,0x1813,132,118
20673,0x1814,175,174
20673,0x1816,52,84
20673,0x1819,201,181
20673,0x181C,0,8
20673,0x181D,239,251
20673,0x1822,220,217
20673,0x1824,222,219
20673,0x1826,154,251
20673,0x182C,124,111
20673,0x182D,12,43
20673,0x1835,91,81
20673,0x1838,7,43
20673,0x1839,6,0
20673,0x183A,106,111
20673,0x1850,12,20
20673,0x1851,130,112
20673,0x1853,173,132
20673,0x1854,174,175
20673,0x1859,115,201
20673,0x185A,0,255
20673,0x185B,0,255
20673,0x1866,176,166
20673,0x1875,113,103
20673,0x1878,11,1
20673,0x1890,148,156
20673,0x1891,169,151
20673,0x1893,116,231
20673,0x1894,149,164
20673,0x1899,233,63
20673,0x18A6,198,188
20673,0x18B5,135,125
20673,0x18B8,33,23
20673,0x1B10,127,101
20673,0x1B11,166,182
20673,0x1B13,41,83
20673,0x1B14,121,124
20673,0x1B24,184,182
20673,0x1B26,1,2
20673,0x1B2C,56,61
20673,0x1B30,1,3
20673,0xFFFF,126,127
20683,0x0004,14,16
20683,0x0020,178,194
20683,0x0022,120,123
20683,0x0026,36,34
20683,0x0028,36,34
20683,0x0049,9,11
20683,0x0051,5,7
20683,0x0069,169,179
20683,0x006B,99,109
20683,0x007B,28,33
20683,0x00AD,58,68
20683,0x00CD,230,245
20683,0x00CE,26,56
20683,0x00CF,107,157
20683,0x00D0,186,0
20683,0x0176,144,165
20683,0x0178,52,180
20683,0x017D,52,53
20683,0x01FE,207,215
20683,0x023D,52,36
20683,0x023E,123,91
20683,0x02F6,32,255
20683,0x02FB,2,1
20683,0x02FD,39,41
20683,0x0305,56,252
20683,0x0306,146,145
20683,0x030D,76,16
20683,0x0315,96,36
20683,0x0501,135,201
20683,0x0502,86,93
20683,0x0503,20,8
20683,0x0508,67,82
20683,0x0509,81,94
20683,0x050A,20,4
20683,0x050B,20,8
20683,0x050F,134,18
20683,0x0510,86,84
20683,0x0512,40,12
20683,0x0516,66,132
20683,0x0517,81,90
20683,0x0519,44,32
20683,0x051D,132,68
20683,0x051E,86,81
20683,0x0520,64,52
20683,0x0524,128,136
20683,0x0600,0,77
20683,0x0601,0,8
20683,0x0602,0,25
20683,0x0603,0,8
20683,0x0604,0,41
20683,0x0605,0,8
20683,0x0606,0,57
20683,0x0607,0,8
20683,0x0608,0,116
20683,0x0609,0,16
20683,0x060A,0,117
20683,0x060B,0,16
20683,0x0616,0,190
20683,0x0617,0,26
20683,0x0618,0,114
20683,0x0619,0,24
20683,0x061A,0,105
20683,0x061B,0,88
20683,0x0620,0,232
20683,0x0621,0,12
20683,0x0622,0,119
20683,0x0623,0,12
20683,0x0624,0,95
20683,0x0625,0,16
20683,0x0626,0,153
20683,0x0627,0,17
20683,0x0628,0,11
20683,0x0629,0,16
20683,0x062A,0,11
20683,0x062B,0,16
20683,0x062C,0,30
20683,0x062D,0,17
20683,0x062E,0,46
20683,0x062F,0,17
20683,0x0630,0,116
20683,0x0631,0,16
20683,0x0632,0,117
20683,0x0633,0,16
20683,0x063C,197,0
20683,0x063D,12,0
20683,0x063E,173,0
20683,0x063F,12,0
20683,0x0642,0,184
20683,0x0643,0,12
20683,0x0644,0,200
20683,0x0645,0,12
20683,0x0646,0,216
20683,0x0647,0,12
20683,0x071A,90,165
20683,0x071B,107,28
20683,0x071C,10,60
20683,0x071D,0,1
20683,0x071E,0,62
20683,0x071F,0,2
20683,0x072C,220,92
20683,0x072D,74,9
20683,0x072E,222,30
20683,0x072F,123,10
20683,0x0734,16,142
20683,0x0735,74,8
20683,0x0736,222,88
20683,0x0737,123,9
20683,0x073C,149,150
20683,0x073D,17,8
20683,0x073E,220,92
20683,0x073F,74,9
20683,0x0874,86,222
20683,0x0875,1,42
20683,0x0876,222,86
20683,0x0877,42,1
20683,0x0894,14,22
20683,0x0895,58,91
20683,0x0896,22,14
20683,0x0897,91,58
20683,0x0903,32,38
20683,0x0907,32,38
20683,0x090A,34,40
20683,0x090E,32,38
20683,0x0910,106,119
20683,0x0911,62,66
20683,0x0914,90,103
20683,0x0915,62,66
20683,0x0918,204,221
20683,0x091C,188,205
20683,0x0920,167,184
20683,0x0921,86,89
20683,0x0924,151,168
20683,0x0925,86,89
20683,0x0928,135,149
20683,0x0929,75,81
20683,0x092C,119,133
20683,0x092D,75,81
20683,0x0930,176,158
20683,0x0931,111,135
20683,0x0934,192,174
20683,0x0935,111,135
20683,0x0938,56,41
20683,0x0939,166,162
20683,0x093C,72,57
20683,0x093D,166,162
20683,0x0940,96,78
20683,0x0944,112,94
20683,0x0948,135,117
20683,0x0949,156,165
20683,0x094C,151,133
20683,0x094D,156,165
20683,0x0950,178,194
20683,0x0951,120,123
20683,0x0953,36,34
20683,0x0B22,71,72
20683,0x0B24,142,144
20683,0x0B26,28,33
20683,0x0B28,56,66
20683,0x0B82,71,72
20683,0x0B84,142,144
20683,0x0B86,28,33
20683,0x0B88,56,66
20683,0x0F99,28,33
20683,0x0F9D,28,33
20683,0x0FD1,28,33
20683,0x0FF0,28,33
20683,0x1000,192,200
20683,0x1027,0,6
20683,0x1033,2,0
20683,0x1034,145,135
20683,0x1064,86,90
20683,0x106C,45,31
20683,0x16D0,199,91
20683,0x16D1,106,119
20683,0x16D3,3,249
20683,0x16D4,70,74
20683,0x16D9,105,145
20683,0x16E6,188,178
20683,0x16F5,74,64
20683,0x16F8,19,9
20683,0x1710,162,170
20683,0x1711,204,221
20683,0x1726,121,111
20683,0x1735,112,102
20683,0x1738,40,30
20683,0x1750,207,50
20683,0x1751,167,184
20683,0x1753,78,105
20683,0x1754,94,97
20683,0x1756,147,177
20683,0x1759,96,66
20683,0x1766,143,133
20683,0x1775,29,19
20683,0x1778,12,2
20683,0x1790,226,177
20683,0x1791,135,149
20683,0x1793,89,8
20683,0x1794,83,89
20683,0x1796,81,111
20683,0x1799,162,132
20683,0x17A6,165,155
20683,0x17B5,51,41
20683,0x17B8,34,24
20683,0x17D0,240,248
20683,0x17D1,192,174
20683,0x17D3,113,134
20683,0x17D4,119,143
20683,0x17D9,198,28
20683,0x17E6,211,201
20683,0x17F5,148,138
20683,0x17F8,46,36
20683,0x1811,72,57
20683,0x1813,118,117
20683,0x1814,174,170
20683,0x1816,84,164
20683,0x1819,181,131
20683,0x1826,251,241
20683,0x1835,81,71
20683,0x1838,43,33
20683,0x1850,20,28
20683,0x1851,112,94
20683,0x1866,166,156
20683,0x1875,103,93
20683,0x1878,1,9
20683,0x1879,2,6
20683,0x187A,103,106
20683,0x1890,156,164
20683,0x1891,151,133
20683,0x1893,231,182
20683,0x1894,164,173
20683,0x1899,63,149
20683,0x189A,1,0
20683,0x18A6,188,178
20683,0x18B5,125,115
20683,0x18B8,23,13
20683,0x1B10,101,75
20683,0x1B11,182,198
20683,0x1B13,83,125
20683,0x1B14,124,127
20683,0x1B26,2,1
20683,0x1B27,4,2
20683,0x1B30,3,2
20693,0x0004,16,18
20693,0x0020,194,210
20693,0x0022,123,126
20693,0x0024,7,6
20693,0x0026,34,36
20693,0x0028,34,36
20693,0x0049,11,1
20693,0x0051,7,3
20693,0x0069,179,189
20693,0x006B,109,119
20693,0x007B,33,38
20693,0x00AD,68,78
20693,0x00B7,21,20
20693,0x00CD,245,4
20693,0x00CE,56,87
20693,0x00CF,157,207
20693,0x00D0,0,70
20693,0x0176,165,144
20693,0x0178,180,52
20693,0x017D,53,52
20693,0x023D,36,52
20693,0x023E,91,111
20693,0x02F6,255,155
20693,0x0305,252,56
20693,0x0306,145,146
20693,0x030D,16,76
20693,0x0315,36,96
20693,0x0501,201,137
20693,0x0502,93,86
20693,0x0503,8,20
20693,0x0600,77,0
20693,0x0601,8,0
20693,0x0602,25,0
20693,0x0603,8,0
20693,0x0604,41,0
20693,0x0605,8,0
20693,0x0606,57,0
20693,0x0607,8,0
20693,0x0608,116,0
20693,0x0609,16,0
20693,0x060A,117,0
20693,0x060B,16,0
20693,0x071A,165,94
20693,0x071B,28,115
20693,0x071C,60,30
20693,0x071D,1,0
20693,0x071E,62,8
20693,0x071F,2,0
20693,0x0874,222,86
20693,0x0875,42,1
20693,0x0876,86,222
20693,0x0877,1,42
20693,0x0894,22,14
20693,0x0895,91,58
20693,0x0896,14,22
20693,0x0897,58,91
20693,0x0908,82,74
20693,0x090A,40,36
20693,0x090C,66,131
20693,0x090D,104,73
20693,0x090E,38,2
20693,0x090F,34,41
20693,0x0910,119,115
20693,0x0911,66,73
20693,0x0912,2,0
20693,0x0914,103,238
20693,0x0915,66,89
20693,0x0916,0,2
20693,0x0918,221,222
20693,0x091A,2,0
20693,0x091C,205,201
20693,0x091E,0,2
20693,0x0920,184,185
20693,0x0922,2,0
20693,0x0924,168,164
20693,0x0925,89,85
20693,0x0926,0,2
20693,0x0928,149,148
20693,0x0929,81,85
20693,0x092A,2,0
20693,0x092C,133,141
20693,0x092D,81,152
20693,0x092E,0,2
20693,0x092F,41,103
20693,0x0930,158,157
20693,0x0931,135,152
20693,0x0932,2,0
20693,0x0934,174,29
20693,0x0935,135,156
20693,0x0936,0,6
20693,0x0938,41,45
20693,0x0939,162,156
20693,0x093A,6,4
20693,0x093C,57,60
20693,0x093D,162,167
20693,0x093E,4,6
20693,0x0940,78,76
20693,0x0942,2,4
20693,0x0944,94,99
20693,0x0946,0,2
20693,0x0948,117,115
20693,0x0949,165,167
20693,0x094A,2,0
20693,0x094C,133,210
20693,0x094D,165,126
20693,0x094E,0,6
20693,0x094F,103,36
20693,0x0950,194,207
20693,0x0951,123,224
20693,0x0953,34,36
20693,0x0B04,170,42
20693,0x0B22,72,73
20693,0x0B24,144,147
20693,0x0B26,33,38
20693,0x0B28,66,76
20693,0x0B82,72,73
20693,0x0B84,144,147
20693,0x0B86,33,38
20693,0x0B88,66,76
20693,0x0F99,33,38
20693,0x0F9D,33,38
20693,0x0FD1,33,38
20693,0x0FF0,33,38
20693,0x1034,135,125
20693,0x1064,90,88
20693,0x106C,31,40
20693,0x16D0,91,248
20693,0x16D1,119,131
20693,0x16D3,249,106
20693,0x16D4,74,81
20693,0x16D6,66,72
20693,0x16D9,145,171
20693,0x16DC,5,3
20693,0x16DD,4,253
20693,0x16E6,178,168
20693,0x16F5,64,54
20693,0x16F8,9,37
20693,0x16F9,2,0
20693,0x16FA,133,138
20693,0x1710,170,178
20693,0x1711,221,238
20693,0x1726,111,101
20693,0x1735,102,92
20693,0x1738,30,20
20693,0x1750,50,58
20693,0x1751,184,201
20693,0x1753,105,168
20693,0x1756,177,180
20693,0x1759,66,63
20693,0x1766,133,123
20693,0x1775,19,9
20693,0x1778,2,42
20693,0x1779,0,6
20693,0x177A,138,141
20693,0x1790,177,172
20693,0x1791,149,164
20693,0x1793,8,139
20693,0x1794,89,93
20693,0x1796,111,141
20693,0x1799,132,102
20693,0x17A6,155,145
20693,0x17B5,41,31
20693,0x17B8,24,14
20693,0x17D0,248,0
20693,0x17D1,174,157
20693,0x17D3,134,247
20693,0x17D4,143,160
20693,0x17D9,28,114
20693,0x17DA,2,1
20693,0x17E6,201,191
20693,0x17F5,138,128
20693,0x17F8,36,26
20693,0x1810,220,252
20693,0x1811,57,45
20693,0x1813,117,128
20693,0x1814,170,164
20693,0x1816,164,244
20693,0x1819,131,81
20693,0x1826,241,231
20693,0x1835,71,61
20693,0x1838,33,23
20693,0x1850,28,60
20693,0x1851,94,76
20693,0x1853,132,7
20693,0x1856,52,68
20693,0x1859,201,191
20693,0x185C,0,8
20693,0x185D,239,251
20693,0x1862,220,217
20693,0x1864,222,219
20693,0x1866,156,253
20693,0x186C,124,111
20693,0x186D,12,43
20693,0x1875,93,83
20693,0x1878,9,45
20693,0x1879,6,0
20693,0x187A,106,111
20693,0x1890,164,172
20693,0x1891,133,115
20693,0x1893,182,225
20693,0x1894,173,175
20693,0x1899,149,235
20693,0x189A,0,255
20693,0x189B,0,255
20693,0x18A6,178,168
20693,0x18B5,115,105
20693,0x18B8,13,3
20693,0x1B10,75,49
20693,0x1B11,198,214
20693,0x1B13,125,167
20693,0x1B14,127,130
20693,0x1B24,182,184
20693,0x1B27,2,4
20693,0x1B2C,61,56
20693,0x1B30,2,1
20703,0x0004,18,20
20703,0x0020,210,226
20703,0x0022,126,129
20703,0x0024,6,7
20703,0x0025,1,2
20703,0x0049,1,3
20703,0x0051,3,11
20703,0x0069,189,199
20703,0x006B,119,129
20703,0x0071,124,126
20703,0x0072,124,126
20703,0x007B,38,43
20703,0x00AD,78,88
20703,0x00B7,20,21
20703,0x00CD,4,19
20703,0x00CE,87,75
20703,0x00CF,207,1
20703,0x00D0,70,141
20703,0x00D1,0,1
20703,0x0172,52,54
20703,0x0176,144,165
20703,0x0178,52,180
20703,0x01FE,215,207
20703,0x023D,52,36
20703,0x023E,111,91
20703,0x02F6,155,56
20703,0x02FB,1,2
20703,0x02FD,41,39
20703,0x0305,56,252
20703,0x0306,146,145
20703,0x030D,76,16
20703,0x0315,96,36
20703,0x0501,137,133
20703,0x0502,86,90
20703,0x0508,82,69
20703,0x0509,94,81
20703,0x050A,4,20
20703,0x050B,8,20
20703,0x050F,18,138
20703,0x0510,84,86
20703,0x0512,12,40
20703,0x0600,0,231
20703,0x0601,0,12
20703,0x0602,0,120
20703,0x0603,0,12
20703,0x0604,0,217
20703,0x0605,0,16
20703,0x0606,0,154
20703,0x0607,0,17
20703,0x0608,0,11
20703,0x0609,0,16
20703,0x060A,0,11
20703,0x060B,0,16
20703,0x060C,0,31
20703,0x060D,0,17
20703,0x060E,0,47
20703,0x060F,0,17
20703,0x0610,0,116
20703,0x0611,0,16
20703,0x0612,0,118
20703,0x0613,0,16
20703,0x0616,190,0
20703,0x0617,26,0
20703,0x0618,114,0
20703,0x0619,24,0
20703,0x061A,105,0
20703,0x061B,88,0
20703,0x0620,232,167
20703,0x0622,119,169
20703,0x0624,95,168
20703,0x0625,16,12
20703,0x0626,153,183
20703,0x0627,17,12
20703,0x0628,11,0
20703,0x0629,16,0
20703,0x062A,11,0
20703,0x062B,16,0
20703,0x062C,30,0
20703,0x062D,17,0
20703,0x062E,46,0
20703,0x062F,17,0
20703,0x0630,116,0
20703,0x0631,16,0
20703,0x0632,117,0
20703,0x0633,16,0
20703,0x071A,94,165
20703,0x071B,115,28
20703,0x071C,30,60
20703,0x071D,0,1
20703,0x071E,8,62
20703,0x071F,0,2
20703,0x072C,92,220
20703,0x072D,9,74
20703,0x072E,30,222
20703,0x072F,10,123
20703,0x0734,142,16
20703,0x0735,8,74
20703,0x0736,88,222
20703,0x0737,9,123
20703,0x073C,150,149
20703,0x073D,8,17
20703,0x073E,92,220
20703,0x073F,9,74
20703,0x0874,86,222
20703,0x0875,1,42
20703,0x0876,222,86
20703,0x0877,42,1
20703,0x0894,14,22
20703,0x0895,58,91
20703,0x0896,22,14
20703,0x0897,91,58
20703,0x0903,38,32
20703,0x0907,38,32
20703,0x0908,74,82
20703,0x090A,36,34
20703,0x090C,131,66
20703,0x090D,73,104
20703,0x090E,2,32
20703,0x090F,41,34
20703,0x0910,115,145
20703,0x0911,73,79
20703,0x0912,0,2
20703,0x0914,238,129
20703,0x0915,89,79
20703,0x0916,2,0
20703,0x0918,222,255
20703,0x091A,0,2
20703,0x091C,201,239
20703,0x091E,2,0
20703,0x0920,185,218
20703,0x0922,0,2
20703,0x0924,164,202
20703,0x0925,85,89
20703,0x0926,2,0
20703,0x0928,148,180
20703,0x0929,85,88
20703,0x092A,0,2
20703,0x092C,141,164
20703,0x092D,152,88
20703,0x092E,2,0
20703,0x092F,103,41
20703,0x0930,157,123
20703,0x0931,152,163
20703,0x0932,0,2
20703,0x0934,29,139
20703,0x0935,156,163
20703,0x0936,6,0
20703,0x0938,45,21
20703,0x0939,156,148
20703,0x093A,4,6
20703,0x093C,60,37
20703,0x093D,167,148
20703,0x093E,6,4
20703,0x0940,76,44
20703,0x0941,167,163
20703,0x0942,4,6
20703,0x0944,99,60
20703,0x0945,167,163
20703,0x0946,2,4
20703,0x0948,115,81
20703,0x094A,0,2
20703,0x094C,210,97
20703,0x094D,126,167
20703,0x094E,6,0
20703,0x094F,36,103
20703,0x0950,207,226
20703,0x0951,224,129
20703,0x0B04,42,170
20703,0x0B22,73,74
20703,0x0B24,147,149
20703,0x0B26,38,43
20703,0x0B28,76,86
20703,0x0B82,73,74
20703,0x0B84,147,149
20703,0x0B86,38,43
20703,0x0B88,76,86
20703,0x0F99,38,43
20703,0x0F9D,38,43
20703,0x0FD1,38,43
20703,0x0FF0,38,43
20703,0x1027,6,0
20703,0x1034,125,115
20703,0x1064,88,86
20703,0x106C,40,45
20703,0x16D0,248,109
20703,0x16D1,131,145
20703,0x16D3,106,115
20703,0x16D4,81,87
20703,0x16D6,72,102
20703,0x16D9,171,141
20703,0x16E6,168,158
20703,0x16F5,54,44
20703,0x16F8,37,27
20703,0x1710,178,186
20703,0x1711,238,255
20703,0x1726,101,91
20703,0x1735,92,82
20703,0x1738,20,10
20703,0x1750,58,66
20703,0x1751,201,218
20703,0x1766,123,113
20703,0x1775,9,79
20703,0x1778,42,32
20703,0x1790,172,211
20703,0x1791,164,180
20703,0x1793,139,226
20703,0x1794,93,96
20703,0x1796,141,171
20703,0x1799,102,72
20703,0x17A6,145,135
20703,0x17B5,31,21
20703,0x17B8,14,4
20703,0x17D0,0,8
20703,0x17D1,157,139
20703,0x17D3,247,196
20703,0x17D4,160,171
20703,0x17D9,114,200
20703,0x17DA,1,0
20703,0x17E6,191,181
20703,0x17F5,128,118
20703,0x17F8,26,16
20703,0x1810,252,60
20703,0x1811,45,37
20703,0x1813,128,151
20703,0x1814,164,156
20703,0x1816,244,68
20703,0x1817,254,255
20703,0x1819,81,31
20703,0x1826,231,221
20703,0x1835,61,51
20703,0x1838,23,13
20703,0x1850,60,156
20703,0x1851,76,60
20703,0x1853,7,106
20703,0x1854,175,171
20703,0x1856,68,148
20703,0x1859,191,141
20703,0x1866,253,243
20703,0x1875,83,73
20703,0x1878,45,35
20703,0x1890,172,180
20703,0x1891,115,97
20703,0x1893,225,132
20703,0x1899,235,201
20703,0x18A6,168,158
20703,0x18B5,105,95
20703,0x18B8,3,11
20703,0x18B9,2,6
20703,0x18BA,103,106
20703,0x1B10,49,23
20703,0x1B11,214,230
20703,0x1B13,167,209
20703,0x1B14,130,133
20703,0x1B24,184,182
20703,0x1B26,1,2
20703,0x1B2C,56,61
20703,0x1B30,1,3
20703,0xFFFF,127,128
20713,0x0004,20,24
20713,0x0020,226,241
20713,0x0022,129,132
20713,0x0026,36,34
20713,0x0028,36,34
20713,0x0049,3,5
20713,0x0051,11,1
20713,0x0069,199,209
20713,0x006B,129,139
20713,0x007B,43,48
20713,0x00AD,88,98
20713,0x00B7,21,23
20713,0x00B8,16,0
20713,0x00B9,1,0
20713,0x00BA,64,184
20713,0x00BF,120,128
20713,0x00C2,7,8
20713,0x00CA,8,7
20713,0x00CD,19,34
20713,0x00CE,75,105
20713,0x00CF,1,51
20713,0x00D0,141,211
20713,0x00D1,1,2
20713,0x0176,165,144
20713,0x0178,180,244
20713,0x01FE,207,215
20713,0x02F6,56,155
20713,0x02FB,2,1
20713,0x02FD,39,41
20713,0x0501,133,83
20713,0x0502,90,94
20713,0x0503,20,4
20713,0x0508,69,19
20713,0x0509,81,84
20713,0x050B,20,4
20713,0x050F,138,134
20713,0x0510,86,90
20713,0x0512,40,24
20713,0x0516,132,70
20713,0x0517,90,81
20713,0x0519,32,44
20713,0x051D,68,140
20713,0x051E,81,86
20713,0x0520,52,64
20713,0x0600,231,116
20713,0x0601,12,16
20713,0x0602,120,118
20713,0x0603,12,16
20713,0x0604,217,0
20713,0x0605,16,0
20713,0x0606,154,0
20713,0x0607,17,0
20713,0x0608,11,0
20713,0x0609,16,0
20713,0x060A,11,0
20713,0x060B,16,0
20713,0x060C,31,0
20713,0x060D,17,0
20713,0x060E,47,0
20713,0x060F,17,0
20713,0x0610,116,115
20713,0x0611,16,24
20713,0x0612,118,0
20713,0x0613,16,0
20713,0x0618,0,9
20713,0x0619,0,13
20713,0x061A,0,191
20713,0x061B,0,12
20713,0x061C,0,95
20713,0x061D,0,16
20713,0x061E,0,153
20713,0x061F,0,17
20713,0x0620,167,11
20713,0x0621,12,16
20713,0x0622,169,11
20713,0x0623,12,16
20713,0x0624,168,29
20713,0x0625,12,17
20713,0x0626,183,45
20713,0x0627,12,17
20713,0x0628,0,116
20713,0x0629,0,16
20713,0x062A,0,117
20713,0x062B,0,16
20713,0x063C,0,233
20713,0x063D,0,12
20713,0x063E,0,249
20713,0x063F,0,12
20713,0x0642,184,0
20713,0x0643,12,0
20713,0x0644,200,0
20713,0x0645,12,0
20713,0x0646,216,0
20713,0x0647,12,0
20713,0x0648,0,82
20713,0x0649,0,63
20713,0x064A,0,36
20713,0x064B,0,63
20713,0x064C,0,58
20713,0x064D,0,63
20713,0x064E,0,74
20713,0x064F,0,63
20713,0x072C,220,92
20713,0x072D,74,9
20713,0x072E,222,30
20713,0x072F,123,10
20713,0x0734,16,142
20713,0x0735,74,8
20713,0x0736,222,88
20713,0x0737,123,9
20713,0x073C,149,150
20713,0x073D,17,8
20713,0x073E,220,92
20713,0x073F,74,9
20713,0x0874,222,86
20713,0x0875,42,1
20713,0x0876,86,222
20713,0x0877,1,42
20713,0x0894,22,14
20713,0x0895,91,58
20713,0x0896,14,22
20713,0x0897,58,91
20713,0x0900,96,1
20713,0x0901,104,169
20713,0x0902,2,142
20713,0x0903,32,45
20713,0x0904,80,241
20713,0x0905,104,169
20713,0x0906,0,140
20713,0x0907,32,45
20713,0x0908,82,96
20713,0x090A,34,2
20713,0x090B,34,38
20713,0x090C,66,80
20713,0x090E,32,0
20713,0x090F,34,38
20713,0x0910,145,82
20713,0x0911,79,104
20713,0x0912,2,40
20713,0x0913,41,34
20713,0x0914,129,66
20713,0x0915,79,104
20713,0x0916,0,38
20713,0x0917,41,34
20713,0x0918,255,160
20713,0x0919,89,84
20713,0x091C,239,144
20713,0x091D,89,84
20713,0x0920,218,235
20713,0x0924,202,219
20713,0x0928,180,197
20713,0x0929,88,89
20713,0x092C,164,181
20713,0x092D,88,89
20713,0x0930,123,105
20713,0x0931,163,167
20713,0x0934,139,121
20713,0x0935,163,167
20713,0x0938,21,15
20713,0x0939,148,138
20713,0x093C,37,31
20713,0x093D,148,138
20713,0x0940,44,32
20713,0x0941,163,157
20713,0x0944,60,48
20713,0x0945,163,157
20713,0x0948,81,63
20713,0x094C,97,79
20713,0x0950,226,12
20713,0x0951,129,176
20713,0x0952,7,134
20713,0x0953,36,45
20713,0x0954,143,252
20713,0x0955,224,176
20713,0x0956,121,132
20713,0x0957,61,45
20713,0x0958,135,241
20713,0x0959,224,132
20713,0x095A,120,7
20713,0x095B,61,34
20713,0x095C,143,96
20713,0x095E,121,2
20713,0x095F,189,38
20713,0x0960,135,80
20713,0x0962,104,0
20713,0x0963,61,38
20713,0x0B00,170,171
20713,0x0B05,0,11
20713,0x0B22,74,76
20713,0x0B24,149,152
20713,0x0B26,43,48
20713,0x0B28,86,96
20713,0x0B82,74,76
20713,0x0B84,149,152
20713,0x0B86,43,48
20713,0x0B88,86,96
20713,0x0F99,43,48
20713,0x0F9D,43,48
20713,0x0FD1,43,48
20713,0x0FF0,43,48
20713,0x1027,0,6
20713,0x1034,115,105
20713,0x1064,86,90
20713,0x106C,45,31
20713,0x16D0,109,14
20713,0x16D1,145,160
20713,0x16D3,115,80
20713,0x16D4,87,92
20713,0x16D6,102,132
20713,0x16D9,141,111
20713,0x16E6,158,148
20713,0x16F5,44,34
20713,0x16F8,27,17
20713,0x1700,200,0
20713,0x1710,186,14
20713,0x1711,255,15
20713,0x1712,0,1
20713,0x1726,91,82
20713,0x1735,82,72
20713,0x1738,10,0
20713,0x1750,66,74
20713,0x1751,218,235
20713,0x1766,113,103
20713,0x1775,79,69
20713,0x1778,32,22
20713,0x1790,211,210
20713,0x1791,180,197
20713,0x1793,226,168
20713,0x1794,96,97
20713,0x1796,171,180
20713,0x1799,72,63
20713,0x17A6,135,125
20713,0x17B5,21,11
20713,0x17B8,4,44
20713,0x17B9,0,6
20713,0x17BA,138,141
20713,0x17D0,8,16
20713,0x17D1,139,121
20713,0x17D3,196,237
20713,0x17D4,171,175
20713,0x17D9,200,30
20713,0x17E6,181,171
20713,0x17F5,118,108
20713,0x17F8,16,6
20713,0x1810,60,156
20713,0x1811,37,31
20713,0x1813,151,186
20713,0x1814,156,146
20713,0x1816,68,148
20713,0x1819,31,237
20713,0x181A,255,254
20713,0x1826,221,211
20713,0x1835,51,41
20713,0x1838,13,3
20713,0x1850,156,28
20713,0x1851,60,48
20713,0x1853,106,217
20713,0x1854,171,165
20713,0x1856,148,228
20713,0x1859,141,91
20713,0x1866,243,233
20713,0x1875,73,63
20713,0x1878,35,25
20713,0x1890,180,188
20713,0x1891,97,79
20713,0x18A6,158,148
20713,0x18B5,95,85
20713,0x18B8,11,1
20713,0x18C0,0,200
20713,0x18C1,0,240
20713,0x18C2,0,144
20713,0x18C3,0,2
20713,0x18C4,0,74
20713,0x18C5,0,147
20713,0x18C6,0,2
20713,0x18C8,0,5
20713,0x18CA,0,2
20713,0x18CB,0,3
20713,0x18CC,0,9
20713,0x18D1,0,12
20713,0x18D2,0,1
20713,0x18D4,0,184
20713,0x18D7,0,255
20713,0x18D8,0,255
20713,0x18DE,0,12
20713,0x18DF,0,8
20713,0x18E0,0,170
20713,0x18E1,0,3
20713,0x18E2,0,245
20713,0x18E3,0,9
20713,0x18E4,0,249
20713,0x18E5,0,9
20713,0x18E6,0,2
20713,0x18E7,0,12
20713,0x18E8,0,128
20713,0x18E9,0,1
20713,0x18EA,0,168
20713,0x18EB,0,6
20713,0x18EC,0,147
20713,0x18ED,0,43
20713,0x18F3,0,25
20713,0x18F8,0,124
20713,0x1900,0,224
20713,0x1901,0,116
20713,0x1902,0,146
20713,0x1903,0,2
20713,0x1908,0,5
20713,0x190A,0,2
20713,0x190B,0,3
20713,0x190C,0,9
20713,0x1911,0,12
20713,0x1912,0,1
20713,0x1914,0,176
20713,0x191E,0,12
20713,0x191F,0,8
20713,0x1920,0,170
20713,0x1921,0,3
20713,0x1922,0,223
20713,0x1923,0,8
20713,0x1924,0,225
20713,0x1925,0,8
20713,0x1926,0,255
20713,0x1927,0,12
20713,0x1928,0,128
20713,0x1929,0,1
20713,0x192A,0,168
20713,0x192B,0,6
20713,0x192C,0,221
20713,0x192D,0,52
20713,0x1935,0,60
20713,0x1939,0,116
20713,0x1B10,23,253
20713,0x1B11,230,245
20713,0x1B13,209,251
20713,0x1B14,133,136
20713,0x1B26,2,1
20713,0x1B27,4,2
20713,0x1B30,3,2
20723,0x0004,24,26
20723,0x0020,241,1
20723,0x0022,132,136
20723,0x0024,7,6
20723,0x0026,34,36
20723,0x0028,34,36
20723,0x002A,0,4
20723,0x0049,5,7
20723,0x0051,1,3
20723,0x0069,209,219
20723,0x006B,139,149
20723,0x0071,126,0
20723,0x0072,126,0
20723,0x007B,48,53
20723,0x00AD,98,108
20723,0x00B7,23,22
20723,0x00CD,34,49
20723,0x00CE,105,135
20723,0x00CF,51,101
20723,0x00D0,211,25
20723,0x0176,144,165
20723,0x0178,244,180
20723,0x01FE,215,207
20723,0x023D,36,52
20723,0x023E,91,123
20723,0x02FD,41,39
20723,0x0305,252,56
20723,0x0306,145,146
20723,0x030D,16,76
20723,0x0315,36,96
20723,0x0501,83,141
20723,0x0502,94,86
20723,0x0503,4,20
20723,0x0600,116,0
20723,0x0601,16,0
20723,0x0602,118,0
20723,0x0603,16,0
20723,0x0604,0,62
20723,0x0605,0,63
20723,0x0606,0,63
20723,0x0607,0,63
20723,0x0608,0,84
20723,0x0609,0,63
20723,0x060A,0,38
20723,0x060B,0,63
20723,0x060C,0,60
20723,0x060D,0,63
20723,0x060E,0,76
20723,0x060F,0,63
20723,0x0610,115,88
20723,0x0611,24,63
20723,0x0612,0,88
20723,0x0613,0,63
20723,0x071A,165,90
20723,0x071B,28,107
20723,0x071C,60,10
20723,0x071D,1,0
20723,0x071E,62,0
20723,0x071F,2,0
20723,0x072C,92,220
20723,0x072D,9,74
20723,0x072E,30,222
20723,0x072F,10,123
20723,0x0734,142,16
20723,0x0735,8,74
20723,0x0736,88,222
20723,0x0737,9,123
20723,0x073C,150,149
20723,0x073D,8,17
20723,0x073E,92,220
20723,0x073F,9,74
20723,0x0874,86,222
20723,0x0875,1,42
20723,0x0876,222,86
20723,0x0877,42,1
20723,0x0894,14,22
20723,0x0895,58,91
20723,0x0896,22,14
20723,0x0897,91,58
20723,0x0900,1,247
20723,0x0904,241,231
20723,0x0910,82,74
20723,0x0912,40,36
20723,0x0914,66,175
20723,0x0915,104,88
20723,0x0916,38,2
20723,0x0917,34,41
20723,0x0918,160,159
20723,0x0919,84,88
20723,0x091A,2,0
20723,0x091C,144,252
20723,0x091D,84,89
20723,0x091E,0,2
20723,0x0920,235,236
20723,0x0922,2,0
20723,0x0924,219,214
20723,0x0926,0,2
20723,0x0928,197,198
20723,0x092A,2,0
20723,0x092C,181,87
20723,0x092D,89,167
20723,0x092E,0,2
20723,0x092F,41,103
20723,0x0930,105,103
20723,0x0932,2,0
20723,0x0934,121,12
20723,0x0935,167,127
20723,0x0936,0,10
20723,0x0938,15,28
20723,0x0939,138,127
20723,0x093A,6,8
20723,0x093C,31,22
20723,0x093D,138,150
20723,0x093E,4,6
20723,0x0940,32,38
20723,0x0941,157,150
20723,0x0942,6,4
20723,0x0944,48,47
20723,0x0945,157,164
20723,0x0946,4,6
20723,0x0949,167,164
20723,0x094A,2,4
20723,0x094C,79,2
20723,0x094D,167,176
20723,0x094E,0,134
20723,0x094F,103,45
20723,0x0950,12,242
20723,0x0952,134,132
20723,0x0954,252,1
20723,0x0955,176,136
20723,0x0956,132,6
20723,0x0957,45,36
20723,0x0958,241,254
20723,0x0959,132,224
20723,0x095B,34,36
20723,0x0B00,171,170
20723,0x0B04,170,234
20723,0x0B05,11,6
20723,0x0B22,76,77
20723,0x0B24,152,154
20723,0x0B26,48,53
20723,0x0B28,96,106
20723,0x0B82,76,77
20723,0x0B84,152,154
20723,0x0B86,48,53
20723,0x0B88,96,106
20723,0x0F99,48,53
20723,0x0F9D,48,53
20723,0x0FD1,48,53
20723,0x0FF0,48,53
20723,0x1034,105,95
20723,0x1064,90,88
20723,0x106C,31,40
20723,0x16D0,14,219
20723,0x16D1,160,175
20723,0x16D3,80,1
20723,0x16D4,92,96
20723,0x16D6,132,162
20723,0x16D9,111,81
20723,0x16E6,148,138
20723,0x16F5,34,24
20723,0x16F8,17,7
20723,0x1750,74,82
20723,0x1751,235,252
20723,0x1766,103,93
20723,0x1775,69,59
20723,0x1778,22,12
20723,0x1790,210,218
20723,0x1791,197,214
20723,0x17A6,125,115
20723,0x17B5,11,1
20723,0x17B8,44,34
20723,0x17D0,16,24
20723,0x17D1,121,103
20723,0x17D3,237,132
20723,0x17D9,30,201
20723,0x17DA,0,255
20723,0x17DB,0,255
20723,0x17E6,171,161
20723,0x17F5,108,98
20723,0x17F8,6,14
20723,0x17F9,2,6
20723,0x17FA,103,106
20723,0x1810,156,68
20723,0x1811,31,28
20723,0x1813,186,13
20723,0x1814,146,135
20723,0x1816,148,180
20723,0x1819,237,195
20723,0x181C,8,2
20723,0x181D,251,252
20723,0x1822,217,13
20723,0x1823,8,12
20723,0x1824,219,17
20723,0x1825,8,12
20723,0x1826,211,4
20723,0x182C,111,102
20723,0x1835,41,31
20723,0x1838,3,17
20723,0x183A,111,116
20723,0x1850,28,188
20723,0x1851,48,38
20723,0x1853,217,84
20723,0x1854,165,158
20723,0x1856,228,52
20723,0x1857,254,255
20723,0x1859,91,41
20723,0x1866,233,223
20723,0x1875,63,53
20723,0x1878,25,15
20723,0x1890,188,124
20723,0x1891,79,63
20723,0x1893,132,75
20723,0x1894,175,172
20723,0x1896,52,132
20723,0x1899,201,151
20723,0x189C,0,8
20723,0x189D,239,251
20723,0x18A2,220,217
20723,0x18A4,222,219
20723,0x18A6,148,245
20723,0x18AC,124,111
20723,0x18AD,12,43
20723,0x18B5,85,75
20723,0x18B8,1,37
20723,0x18B9,6,0
20723,0x18BA,106,111
20723,0x18D1,12,2
20723,0x18E6,2,1
20723,0x18F8,124,114
20723,0x1911,12,2
20723,0x1935,60,50
20723,0x1939,116,106
20723,0x1B10,253,227
20723,0x1B11,245,5
20723,0x1B12,0,1
20723,0x1B13,251,37
20723,0x1B14,136,140
20723,0x1B24,182,184
20723,0x1B27,2,4
20723,0x1B2C,61,56
20723,0x1B30,2,1
20723,0xFFFF,128,129
20733,0x0004,26,28
20733,0x0020,1,17
20733,0x0022,136,139
20733,0x0024,6,7
20733,0x002A,4,16
20733,0x0049,7,9
20733,0x0051,3,5
20733,0x0069,219,229
20733,0x006B,149,159
20733,0x007B,53,58
20733,0x00AD,108,118
20733,0x00B7,22,23
20733,0x00CD,49,64
20733,0x00CE,135,165
20733,0x00CF,101,151
20733,0x00D0,25,53
20733,0x00D1,2,3
20733,0x0176,165,144
20733,0x0178,180,244
20733,0x01FE,207,215
20733,0x023D,52,36
20733,0x023E,123,91
20733,0x02FD,39,41
20733,0x0305,56,252
20733,0x0306,146,145
20733,0x030D,76,16
20733,0x0315,96,36
20733,0x0501,141,135
20733,0x0502,86,90
20733,0x0508,19,71
20733,0x0509,84,81
20733,0x050B,4,20
20733,0x050F,134,142
20733,0x0510,90,86
20733,0x0512,24,40
20733,0x0600,0,10
20733,0x0601,0,13
20733,0x0602,0,207
20733,0x0603,0,12
20733,0x0604,62,217
20733,0x0605,63,16
20733,0x0606,63,154
20733,0x0607,63,17
20733,0x0608,84,11
20733,0x0609,63,16
20733,0x060A,38,11
20733,0x060B,63,16
20733,0x060C,60,30
20733,0x060D,63,17
20733,0x060E,76,46
20733,0x060F,63,17
20733,0x0610,88,116
20733,0x0611,63,16
20733,0x0612,88,118
20733,0x0613,63,16
20733,0x0616,0,21
20733,0x0617,0,13
20733,0x0618,9,0
20733,0x0619,13,0
20733,0x061A,191,0
20733,0x061B,12,0
20733,0x061C,95,16
20733,0x061D,16,13
20733,0x061E,153,32
20733,0x061F,17,13
20733,0x0620,11,3
20733,0x0621,16,13
20733,0x0622,11,218
20733,0x0623,16,12
20733,0x0624,29,234
20733,0x0625,17,12
20733,0x0626,45,250
20733,0x0627,17,12
20733,0x0628,116,0
20733,0x0629,16,0
20733,0x062A,117,0
20733,0x062B,16,0
20733,0x062C,0,48
20733,0x062D,0,63
20733,0x062E,0,64
20733,0x062F,0,63
20733,0x0630,0,80
20733,0x0631,0,63
20733,0x0632,0,34
20733,0x0633,0,63
20733,0x0634,0,56
20733,0x0635,0,63
20733,0x0636,0,72
20733,0x0637,0,63
20733,0x0638,0,56
20733,0x0639,0,63
20733,0x063A,0,72
20733,0x063B,0,63
20733,0x071A,90,165
20733,0x071B,107,28
20733,0x071C,10,60
20733,0x071D,0,1
20733,0x071E,0,62
20733,0x071F,0,2
20733,0x072C,220,92
20733,0x072D,74,9
20733,0x072E,222,30
20733,0x072F,123,10
20733,0x0734,16,142
20733,0x0735,74,8
20733,0x0736,222,88
20733,0x0737,123,9
20733,0x073C,149,150
20733,0x073D,17,8
20733,0x073E,220,92
20733,0x073F,74,9
20733,0x0874,222,86
20733,0x0875,42,1
20733,0x0876,86,222
20733,0x0877,1,42
20733,0x0894,22,14
20733,0x0895,91,58
20733,0x0896,14,22
20733,0x0897,58,91
20733,0x0900,247,237
20733,0x0904,231,221
20733,0x0910,74,82
20733,0x0912,36,34
20733,0x0914,175,66
20733,0x0915,88,104
20733,0x0916,2,32
20733,0x0917,41,34
20733,0x0918,159,192
20733,0x0919,88,89
20733,0x091A,0,2
20733,0x091C,252,176
20733,0x091E,2,0
20733,0x0920,236,13
20733,0x0922,0,2
20733,0x0924,214,253
20733,0x0926,2,0
20733,0x0928,198,231
20733,0x092A,0,2
20733,0x092C,87,215
20733,0x092D,167,89
20733,0x092E,2,0
20733,0x092F,103,41
20733,0x0930,103,69
20733,0x0932,0,2
20733,0x0934,12,85
20733,0x0935,127,167
20733,0x0936,10,0
20733,0x0938,28,25
20733,0x0939,127,113
20733,0x093A,8,14
20733,0x093B,103,39
20733,0x093C,22,9
20733,0x093D,150,113
20733,0x093E,6,12
20733,0x093F,103,39
20733,0x0940,38,16
20733,0x0941,150,140
20733,0x0942,4,6
20733,0x0944,47,32
20733,0x0945,164,140
20733,0x0946,6,4
20733,0x0948,63,34
20733,0x0949,164,159
20733,0x094A,4,6
20733,0x094C,2,50
20733,0x094D,176,159
20733,0x094E,134,4
20733,0x094F,45,103
20733,0x0950,242,248
20733,0x0952,132,138
20733,0x0954,1,232
20733,0x0955,136,176
20733,0x0956,6,136
20733,0x0957,36,45
20733,0x0958,254,17
20733,0x0959,224,139
20733,0x0B02,170,171
20733,0x0B04,234,170
20733,0x0B05,6,26
20733,0x0B22,77,78
20733,0x0B24,154,157
20733,0x0B26,53,58
20733,0x0B28,106,116
20733,0x0B82,77,78
20733,0x0B84,154,157
20733,0x0B86,53,58
20733,0x0B88,106,116
20733,0x0F99,53,58
20733,0x0F9D,53,58
20733,0x0FD1,53,58
20733,0x0FF0,53,58
20733,0x1034,95,85
20733,0x1064,88,86
20733,0x106C,40,45
20733,0x16D0,219,182
20733,0x16D1,175,192
20733,0x16D3,1,168
20733,0x16D4,96,97
20733,0x16D6,162,180
20733,0x16D9,81,63
20733,0x16E6,138,128
20733,0x16F5,24,14
20733,0x16F8,7,47
20733,0x16F9,0,6
20733,0x16FA,138,141
20733,0x1750,82,90
20733,0x1751,252,13
20733,0x1752,0,1
20733,0x1766,93,83
20733,0x1775,59,49
20733,0x1778,12,2
20733,0x1790,218,226
20733,0x1791,214,231
20733,0x17A6,115,105
20733,0x17B5,1,71
20733,0x17B8,34,24
20733,0x17D0,24,32
20733,0x17D1,103,85
20733,0x17E6,161,151
20733,0x17F5,98,88
20733,0x17F8,14,4
20733,0x1810,68,186
20733,0x1811,28,25
20733,0x1813,13,207
20733,0x1814,135,121
20733,0x1816,180,200
20733,0x1819,195,155
20733,0x1824,17,21
20733,0x1826,4,6
20733,0x182C,102,129
20733,0x1835,31,21
20733,0x1838,17,7
20733,0x1850,188,124
20733,0x1851,38,32
20733,0x1853,84,219
20733,0x1854,158,148
20733,0x1856,52,132
20733,0x1859,41,247
20733,0x185A,255,254
20733,0x1866,223,213
20733,0x1875,53,43
20733,0x1878,15,5
20733,0x1890,124,92
20733,0x1891,63,50
20733,0x1893,75,30
20733,0x1894,172,167
20733,0x1896,132,212
20733,0x1899,151,101
20733,0x18A6,245,235
20733,0x18B5,75,65
20733,0x18B8,37,27
20733,0x18D1,2,248
20733,0x18D2,1,0
20733,0x18E4,249,251
20733,0x18E6,1,3
20733,0x18EC,147,138
20733,0x18F8,114,104
20733,0x1911,2,248
20733,0x1912,1,0
20733,0x1935,50,40
20733,0x1939,106,96
20733,0x1B10,227,201
20733,0x1B11,5,21
20733,0x1B13,37,79
20733,0x1B14,140,143
20733,0x1B24,184,182
20733,0x1B26,1,2
20733,0x1B2C,56,61
20733,0x1B30,1,3
20743,0x0004,28,30
20743,0x0020,17,222
20743,0x0022,139,176
20743,0x0024,7,136
20743,0x0026,36,45
20743,0x0028,36,44
20743,0x002A,16,128
20743,0x0049,9,11
20743,0x0051,5,1
20743,0x0069,229,239
20743,0x006B,159,169
20743,0x0071,0,2
20743,0x0072,0,2
20743,0x007B,58,63
20743,0x00AD,118,128
20743,0x00B7,23,24
20743,0x00BA,184,196
20743,0x00BF,128,136
20743,0x00C2,8,9
20743,0x00CA,7,6
20743,0x00CD,64,79
20743,0x00CE,165,195
20743,0x00CF,151,201
20743,0x00D0,53,123
20743,0x00D1,3,0
20743,0x0176,144,165
20743,0x0178,244,4
20743,0x01B9,0,192
20743,0x01BA,27,24
20743,0x01FE,215,207
20743,0x023D,36,52
20743,0x023E,91,111
20743,0x02F6,155,255
20743,0x0305,252,56
20743,0x0306,145,146
20743,0x030D,16,76
20743,0x0315,36,96
20743,0x0501,135,143
20743,0x0502,90,86
20743,0x0600,10,0
20743,0x0601,13,0
20743,0x0602,207,0
20743,0x0603,12,0
20743,0x0604,217,49
20743,0x0605,16,63
20743,0x0606,154,65
20743,0x0607,17,63
20743,0x0608,11,81
20743,0x0609,16,63
20743,0x060A,11,35
20743,0x060B,16,63
20743,0x060C,30,57
20743,0x060D,17,63
20743,0x060E,46,73
20743,0x060F,17,63
20743,0x0610,116,57
20743,0x0611,16,63
20743,0x0612,118,73
20743,0x0613,16,63
20743,0x071A,165,94
20743,0x071B,28,115
20743,0x071C,60,30
20743,0x071D,1,0
20743,0x071E,62,8
20743,0x071F,2,0
20743,0x072C,92,220
20743,0x072D,9,74
20743,0x072E,30,222
20743,0x072F,10,123
20743,0x0734,142,16
20743,0x0735,8,74
20743,0x0736,88,222
20743,0x0737,9,123
20743,0x073C,150,149
20743,0x073D,8,17
20743,0x073E,92,220
20743,0x073F,9,74
20743,0x0874,86,222
20743,0x0875,1,42
20743,0x0876,222,86
20743,0x0877,42,1
20743,0x0894,14,22
20743,0x0895,58,91
20743,0x0896,22,14
20743,0x0897,91,58
20743,0x0900,237,3
20743,0x0901,169,181
20743,0x0904,221,243
20743,0x0905,169,181
20743,0x0908,96,227
20743,0x0909,104,169
20743,0x090A,2,142
20743,0x090B,38,45
20743,0x090C,80,211
20743,0x090D,104,169
20743,0x090E,0,140
20743,0x090F,38,45
20743,0x0910,82,96
20743,0x0912,34,2
20743,0x0913,34,38
20743,0x0914,66,80
20743,0x0916,32,0
20743,0x0917,34,38
20743,0x0918,192,82
20743,0x0919,89,104
20743,0x091A,2,40
20743,0x091B,41,34
20743,0x091C,176,66
20743,0x091D,89,104
20743,0x091E,0,38
20743,0x091F,41,34
20743,0x0920,13,209
20743,0x0924,253,193
20743,0x0928,231,14
20743,0x0929,89,188
20743,0x092A,2,130
20743,0x092B,41,45
20743,0x092C,215,254
20743,0x092D,89,188
20743,0x092E,0,128
20743,0x092F,41,45
20743,0x0930,69,248
20743,0x0931,167,89
20743,0x0933,103,41
20743,0x0934,85,232
20743,0x0935,167,89
20743,0x0937,103,41
20743,0x0938,25,52
20743,0x0939,113,165
20743,0x093A,14,6
20743,0x093B,39,103
20743,0x093C,9,68
20743,0x093D,113,165
20743,0x093E,12,4
20743,0x093F,39,103
20743,0x0940,16,24
20743,0x0941,140,99
20743,0x0942,6,10
20743,0x0943,103,39
20743,0x0944,32,8
20743,0x0945,140,99
20743,0x0946,4,8
20743,0x0947,103,39
20743,0x0948,34,12
20743,0x0949,159,129
20743,0x094A,6,10
20743,0x094C,50,28
20743,0x094D,159,129
20743,0x094E,4,8
20743,0x0950,248,24
20743,0x0951,176,151
20743,0x0952,138,6
20743,0x0953,45,103
20743,0x0954,232,40
20743,0x0955,176,151
20743,0x0956,136,4
20743,0x0957,45,103
20743,0x0958,17,238
20743,0x0959,139,176
20743,0x095A,7,138
20743,0x095B,36,45
20743,0x095C,96,222
20743,0x095D,224,176
20743,0x095E,2,136
20743,0x095F,38,45
20743,0x0B00,170,171
20743,0x0B02,171,186
20743,0x0B05,26,170
20743,0x0B22,78,79
20743,0x0B24,157,159
20743,0x0B26,58,63
20743,0x0B28,116,126
20743,0x0B82,78,79
20743,0x0B84,157,159
20743,0x0B86,58,63
20743,0x0B88,116,126
20743,0x0BE0,240,36
20743,0x0F99,58,63
20743,0x0F9D,58,63
20743,0x0FD1,58,63
20743,0x0FF0,58,63
20743,0x1034,85,75
20743,0x1064,86,90
20743,0x106C,45,31
20743,0x16D0,182,190
20743,0x16D1,192,209
20743,0x16E6,128,118
20743,0x16F5,14,4
20743,0x16F8,47,37
20743,0x1700,0,200
20743,0x1701,74,240
20743,0x1702,176,144
20743,0x1704,54,74
20743,0x1705,177,147
20743,0x1708,3,5
20743,0x1710,14,0
20743,0x1711,15,14
20743,0x1713,168,0
20743,0x1714,97,196
20743,0x1716,180,0
20743,0x1717,1,255
20743,0x1718,0,255
20743,0x171E,9,12
20743,0x171F,12,8
20743,0x1720,154,170
20743,0x1721,2,3
20743,0x1722,65,245
20743,0x1723,7,9
20743,0x1724,67,247
20743,0x1725,7,9
20743,0x1726,82,1
20743,0x1727,8,12
20743,0x1728,0,128
20743,0x172A,238,168
20743,0x172B,4,6
20743,0x1732,0,64
20743,0x1733,0,23
20743,0x1738,0,126
20743,0x1739,6,0
20743,0x1740,200,224
20743,0x1741,74,116
20743,0x1742,176,146
20743,0x1748,3,5
20743,0x1750,90,0
20743,0x1751,13,14
20743,0x1753,168,0
20743,0x1754,97,188
20743,0x175E,9,12
20743,0x175F,12,8
20743,0x1760,154,170
20743,0x1761,2,3
20743,0x1762,65,223
20743,0x1763,7,8
20743,0x1764,67,225
20743,0x1765,7,8
20743,0x1766,83,255
20743,0x1767,8,12
20743,0x1768,0,128
20743,0x176A,238,168
20743,0x176B,4,6
20743,0x176C,147,221
20743,0x176D,12,52
20743,0x1775,49,62
20743,0x1776,110,0
20743,0x1778,2,0
20743,0x1779,6,118
20743,0x1790,226,234
20743,0x1791,231,248
20743,0x17A6,105,95
20743,0x17B5,71,61
20743,0x17B8,24,14
20743,0x17D0,32,8
20743,0x17D1,85,68
20743,0x17D3,132,119
20743,0x17D4,175,173
20743,0x17D6,52,108
20743,0x17D9,201,166
20743,0x17DC,0,8
20743,0x17DD,239,251
20743,0x17E2,220,217
20743,0x17E4,222,219
20743,0x17E6,151,248
20743,0x17EC,124,111
20743,0x17ED,12,43
20743,0x17F5,88,78
20743,0x17F8,4,40
20743,0x17F9,6,0
20743,0x17FA,106,111
20743,0x1810,186,62
20743,0x1811,25,24
20743,0x1813,207,71
20743,0x1814,121,107
20743,0x1816,200,248
20743,0x1819,155,143
20743,0x181C,2,9
20743,0x181D,252,3
20743,0x1824,21,23
20743,0x1826,6,2
20743,0x182C,129,138
20743,0x1835,21,11
20743,0x1838,7,21
20743,0x183A,116,121
20743,0x1850,124,222
20743,0x1851,32,28
20743,0x1853,219,131
20743,0x1854,148,137
20743,0x1856,132,176
20743,0x1859,247,203
20743,0x185C,8,2
20743,0x185D,251,252
20743,0x1862,217,13
20743,0x1863,8,12
20743,0x1864,219,17
20743,0x1865,8,12
20743,0x1866,213,6
20743,0x186C,111,102
20743,0x1875,43,33
20743,0x1878,5,19
20743,0x187A,111,116
20743,0x1891,50,40
20743,0x1893,30,253
20743,0x1894,167,159
20743,0x1896,212,36
20743,0x1897,254,255
20743,0x1899,101,51
20743,0x18A6,235,225
20743,0x18B5,65,55
20743,0x18B8,27,17
20743,0x18D1,248,238
20743,0x18E6,3,2
20743,0x18F8,104,94
20743,0x1911,248,238
20743,0x1935,40,30
20743,0x1939,96,86
20743,0x1B00,204,0
20743,0x1B10,201,175
20743,0x1B11,21,37
20743,0x1B13,79,121
20743,0x1B14,143,146
20743,0x1B27,4,2
20743,0x1B30,3,2
20743,0xFFFF,129,130
20753,0x0004,30,34
20753,0x0020,222,200
20753,0x0022,176,94
20753,0x0024,136,7
20753,0x0026,45,34
20753,0x0028,44,34
20753,0x002A,128,0
20753,0x0049,11,1
20753,0x0051,1,9
20753,0x0069,239,249
20753,0x006B,169,179
20753,0x007B,63,68
20753,0x00AD,128,138
20753,0x00CD,79,94
20753,0x00CE,195,183
20753,0x00CF,201,251
20753,0x00D0,123,193
20753,0x00D1,0,1
20753,0x016C,19,15
20753,0x016E,128,192
20753,0x016F,20,22
20753,0x0170,139,36
20753,0x0171,227,192
20753,0x0176,165,144
20753,0x0178,4,180
20753,0x01BA,24,26
20753,0x023D,52,36
20753,0x023E,111,91
20753,0x02F6,255,155
20753,0x0305,56,252
20753,0x0306,146,145
20753,0x030D,76,16
20753,0x0315,96,36
20753,0x0501,143,145
20753,0x0508,71,84
20753,0x0509,81,94
20753,0x050A,20,4
20753,0x050B,20,8
20753,0x050F,142,20
20753,0x0510,86,84
20753,0x0512,40,12
20753,0x0516,70,136
20753,0x0517,81,90
20753,0x0519,44,32
20753,0x051D,140,72
20753,0x051E,86,81
20753,0x0520,64,52
20753,0x0524,136,144
20753,0x0604,49,0
20753,0x0605,63,0
20753,0x0606,65,0
20753,0x0607,63,0
20753,0x0608,81,83
20753,0x060A,35,37
20753,0x060C,57,59
20753,0x060E,73,75
20753,0x0610,57,0
20753,0x0611,63,0
20753,0x0612,73,0
20753,0x0613,63,0
20753,0x0616,21,0
20753,0x0617,13,0
20753,0x061C,16,149
20753,0x061D,13,90
20753,0x061E,32,165
20753,0x061F,13,90
20753,0x0620,3,11
20753,0x0622,218,207
20753,0x0624,234,95
20753,0x0625,12,80
20753,0x0626,250,11
20753,0x0627,12,16
20753,0x0628,0,11
20753,0x0629,0,16
20753,0x062A,0,11
20753,0x062B,0,16
20753,0x062C,48,31
20753,0x062D,63,17
20753,0x062E,64,47
20753,0x062F,63,17
20753,0x0630,80,116
20753,0x0631,63,16
20753,0x0632,34,117
20753,0x0633,63,16
20753,0x0634,56,20
20753,0x0635,63,13
20753,0x0636,72,22
20753,0x0637,63,13
20753,0x0638,56,24
20753,0x0639,63,13
20753,0x063A,72,25
20753,0x063B,63,13
20753,0x063C,233,17
20753,0x063D,12,13
20753,0x063E,249,33
20753,0x063F,12,13
20753,0x0640,0,4
20753,0x0641,0,13
20753,0x0642,0,219
20753,0x0643,0,12
20753,0x0644,0,235
20753,0x0645,0,12
20753,0x0646,0,251
20753,0x0647,0,12
20753,0x0648,82,0
20753,0x0649,63,0
20753,0x064A,36,0
20753,0x064B,63,0
20753,0x064C,58,0
20753,0x064D,63,0
20753,0x064E,74,0
20753,0x064F,63,0
20753,0x0650,0,82
20753,0x0651,0,63
20753,0x0652,0,36
20753,0x0653,0,63
20753,0x0654,0,58
20753,0x0655,0,63
20753,0x0656,0,74
20753,0x0657,0,63
20753,0x071A,94,165
20753,0x071B,115,28
20753,0x071C,30,60
20753,0x071D,0,1
20753,0x071E,8,62
20753,0x071F,0,2
20753,0x0874,222,86
20753,0x0875,42,1
20753,0x0876,86,222
20753,0x0877,1,42
20753,0x0894,22,14
20753,0x0895,91,58
20753,0x0896,14,22
20753,0x0897,58,91
20753,0x0900,3,249
20753,0x0904,243,233
20753,0x0908,227,217
20753,0x090C,211,201
20753,0x0913,38,32
20753,0x0917,38,32
20753,0x0918,82,74
20753,0x091A,40,36
20753,0x091C,66,226
20753,0x091D,104,89
20753,0x091E,38,2
20753,0x091F,34,41
20753,0x0920,209,210
20753,0x0922,2,0
20753,0x0924,193,4
20753,0x0925,89,188
20753,0x0926,0,134
20753,0x0927,41,45
20753,0x0928,14,244
20753,0x092A,130,132
20753,0x092C,254,9
20753,0x092D,188,89
20753,0x092E,128,2
20753,0x092F,45,41
20753,0x0930,248,249
20753,0x0932,2,0
20753,0x0934,232,37
20753,0x0935,89,160
20753,0x0936,0,6
20753,0x0937,41,103
20753,0x0938,52,53
20753,0x0939,165,160
20753,0x093A,6,4
20753,0x093C,68,25
20753,0x093D,165,85
20753,0x093E,4,6
20753,0x093F,103,39
20753,0x0940,24,9
20753,0x0941,99,85
20753,0x0942,10,4
20753,0x0944,8,10
20753,0x0945,99,116
20753,0x0946,8,14
20753,0x0947,39,103
20753,0x0948,12,26
20753,0x0949,129,116
20753,0x094A,10,12
20753,0x094C,28,17
20753,0x094D,129,142
20753,0x094E,8,6
20753,0x0950,24,33
20753,0x0951,151,142
20753,0x0952,6,4
20753,0x0954,40,228
20753,0x0955,151,176
20753,0x0956,4,138
20753,0x0957,103,45
20753,0x0958,238,212
20753,0x095A,138,136
20753,0x095C,222,200
20753,0x095D,176,94
20753,0x095E,136,7
20753,0x095F,45,34
20753,0x0960,80,203
20753,0x0962,0,7
20753,0x0963,38,36
20753,0x0B00,171,170
20753,0x0B02,186,238
20753,0x0B05,170,42
20753,0x0B22,79,81
20753,0x0B24,159,162
20753,0x0B26,63,68
20753,0x0B28,126,136
20753,0x0B82,79,81
20753,0x0B84,159,162
20753,0x0B86,63,68
20753,0x0B88,126,136
20753,0x0F99,63,68
20753,0x0F9D,63,68
20753,0x0FD1,63,68
20753,0x0FF0,63,68
20753,0x1027,6,0
20753,0x1034,75,65
20753,0x1064,90,88
20753,0x106C,31,40
20753,0x16D0,190,198
20753,0x16D1,209,226
20753,0x16E6,118,108
20753,0x16F5,4,49
20753,0x16F8,37,27
20753,0x1711,14,4
20753,0x1724,247,249
20753,0x1726,1,3
20753,0x172D,12,43
20753,0x1738,126,116
20753,0x1751,14,4
20753,0x1775,62,52
20753,0x1779,118,108
20753,0x1790,234,242
20753,0x1791,248,9
20753,0x1792,0,1
20753,0x17A6,95,85
20753,0x17B5,61,51
20753,0x17B8,14,4
20753,0x17D0,8,248
20753,0x17D1,68,53
20753,0x17D3,119,224
20753,0x17D4,173,168
20753,0x17D6,108,188
20753,0x17D9,166,116
20753,0x17E6,248,238
20753,0x17F5,78,68
20753,0x17F8,40,30
20753,0x1810,62,221
20753,0x1811,24,25
20753,0x1813,71,130
20753,0x1814,107,93
20753,0x1816,248,82
20753,0x1817,255,0
20753,0x1818,255,0
20753,0x1819,143,173
20753,0x1824,23,25
20753,0x1826,2,247
20753,0x182C,138,147
20753,0x1835,11,1
20753,0x1838,21,11
20753,0x1850,222,44
20753,0x1851,28,26
20753,0x1853,131,149
20753,0x1854,137,124
20753,0x1856,176,196
20753,0x1859,203,163
20753,0x1864,17,19
20753,0x1866,6,2
20753,0x186C,102,93
20753,0x1875,33,23
20753,0x1878,19,9
20753,0x1890,92,124
20753,0x1891,40,33
20753,0x1893,253,232
20753,0x1894,159,150
20753,0x1896,36,116
20753,0x1899,51,1
20753,0x18A6,225,215
20753,0x18B5,55,45
20753,0x18B8,17,7
20753,0x18D1,238,228
20753,0x18E6,2,1
20753,0x18F8,94,84
20753,0x1911,238,228
20753,0x1935,30,20
20753,0x1939,86,76
20753,0x1AC0,0,204
20753,0x1AC1,195,127
20753,0x1AC8,247,1
20753,0x1ACD,9,23
20753,0x1AD0,21,118
20753,0x1AD1,106,204
20753,0x1AD3,35,230
20753,0x1AD4,109,98
20753,0x1AE2,177,180
20753,0x1AE4,179,182
20753,0x1AE6,1,2
20753,0x1AE7,4,2
20753,0x1AEC,171,61
20753,0x1AED,33,36
20763,0x0004,34,36
20763,0x0020,200,184
20763,0x0022,94,98
20763,0x0026,34,36
20763,0x0028,34,36
20763,0x0049,1,3
20763,0x0051,9,5
20763,0x0069,249,3
20763,0x006B,179,189
20763,0x007B,68,73
20763,0x00AD,138,148
20763,0x00B7,24,23
20763,0x00CA,6,5
20763,0x00CD,94,109
20763,0x00CE,183,213
20763,0x00CF,251,70
20763,0x00D0,193,7
20763,0x00D1,1,2
20763,0x01FE,207,215
20763,0x023D,36,52
20763,0x023E,91,111
20763,0x02F6,155,32
20763,0x02FB,1,2
20763,0x0305,252,56
20763,0x0306,145,146
20763,0x030D,16,76
20763,0x0315,36,96
20763,0x0501,145,137
20763,0x0502,86,90
20763,0x0508,84,73
20763,0x0509,94,81
20763,0x050A,4,20
20763,0x050B,8,20
20763,0x050F,20,146
20763,0x0510,84,86
20763,0x0512,12,40
20763,0x0600,0,12
20763,0x0601,0,13
20763,0x0602,0,207
20763,0x0603,0,12
20763,0x0604,0,217
20763,0x0605,0,80
20763,0x0606,0,154
20763,0x0607,0,17
20763,0x0608,83,11
20763,0x0609,63,16
20763,0x060A,37,11
20763,0x060B,63,16
20763,0x060C,59,29
20763,0x060D,63,17
20763,0x060E,75,45
20763,0x060F,63,17
20763,0x0610,0,116
20763,0x0611,0,16
20763,0x0612,0,118
20763,0x0613,0,16
20763,0x0616,0,23
20763,0x0617,0,13
20763,0x061A,0,26
20763,0x061B,0,13
20763,0x061C,149,18
20763,0x061D,90,13
20763,0x061E,165,34
20763,0x061F,90,13
20763,0x0620,11,5
20763,0x0622,207,220
20763,0x0624,95,236
20763,0x0625,80,12
20763,0x0626,11,252
20763,0x0627,16,12
20763,0x0628,11,0
20763,0x0629,16,0
20763,0x062A,11,0
20763,0x062B,16,0
20763,0x062C,31,0
20763,0x062D,17,0
20763,0x062E,47,0
20763,0x062F,17,0
20763,0x0630,116,82
20763,0x0631,16,63
20763,0x0632,117,36
20763,0x0633,16,63
20763,0x0634,20,58
20763,0x0635,13,63
20763,0x0636,22,74
20763,0x0637,13,63
20763,0x0638,24,0
20763,0x0639,13,0
20763,0x063A,25,0
20763,0x063B,13,0
20763,0x071A,165,94
20763,0x071B,28,115
20763,0x071C,60,30
20763,0x071D,1,0
20763,0x071E,62,8
20763,0x071F,2,0
20763,0x072C,220,92
20763,0x072D,74,9
20763,0x072E,222,30
20763,0x072F,123,10
20763,0x0734,16,142
20763,0x0735,74,8
20763,0x0736,222,88
20763,0x0737,123,9
20763,0x073C,149,150
20763,0x073D,17,8
20763,0x073E,220,92
20763,0x073F,74,9
20763,0x0874,86,222
20763,0x0875,1,42
20763,0x0876,222,86
20763,0x0877,42,1
20763,0x0894,14,22
20763,0x0895,58,91
20763,0x0896,22,14
20763,0x0897,91,58
20763,0x0900,249,239
20763,0x0904,233,223
20763,0x0908,217,207
20763,0x090C,201,191
20763,0x0913,32,38
20763,0x0917,32,38
20763,0x0918,74,82
20763,0x091A,36,34
20763,0x091C,226,66
20763,0x091D,89,104
20763,0x091E,2,32
20763,0x091F,41,34
20763,0x0920,210,243
20763,0x0922,0,2
20763,0x0924,4,227
20763,0x0925,188,89
20763,0x0926,134,0
20763,0x0927,45,41
20763,0x0928,244,250
20763,0x092A,132,134
20763,0x092C,9,234
20763,0x092D,89,188
20763,0x092E,2,132
20763,0x092F,41,45
20763,0x0930,249,27
20763,0x0931,89,154
20763,0x0932,0,6
20763,0x0933,41,103
20763,0x0934,37,43
20763,0x0935,160,154
20763,0x0936,6,4
20763,0x0938,53,31
20763,0x0939,160,72
20763,0x093A,4,6
20763,0x093B,103,39
20763,0x093C,25,15
20763,0x093D,85,72
20763,0x093E,6,4
20763,0x0940,9,24
20763,0x0941,85,102
20763,0x0942,4,10
20763,0x0944,10,8
20763,0x0945,116,102
20763,0x0946,14,8
20763,0x0947,103,39
20763,0x0948,26,13
20763,0x0949,116,131
20763,0x094A,12,6
20763,0x094C,17,29
20763,0x094D,142,131
20763,0x094E,6,4
20763,0x0950,33,218
20763,0x0951,142,176
20763,0x0952,4,130
20763,0x0953,103,45
20763,0x0954,228,202
20763,0x0956,138,128
20763,0x0958,212,184
20763,0x0959,176,98
20763,0x095A,136,7
20763,0x095B,45,36
20763,0x095C,200,96
20763,0x095D,94,224
20763,0x095E,7,2
20763,0x095F,34,38
20763,0x0960,203,80
20763,0x0962,7,0
20763,0x0963,36,38
20763,0x0B02,238,170
20763,0x0B05,42,10
20763,0x0B22,81,82
20763,0x0B24,162,164
20763,0x0B26,68,73
20763,0x0B28,136,146
20763,0x0B82,81,82
20763,0x0B84,162,164
20763,0x0B86,68,73
20763,0x0B88,136,146
20763,0x0F99,68,73
20763,0x0F9D,68,73
20763,0x0FD1,68,73
20763,0x0FF0,68,73
20763,0x1027,0,6
20763,0x1034,65,55
20763,0x1064,88,86
20763,0x106C,40,45
20763,0x16D0,198,206
20763,0x16D1,226,243
20763,0x16E6,108,98
20763,0x16F5,49,39
20763,0x16F8,27,17
20763,0x1711,4,250
20763,0x1712,1,0
20763,0x1726,3,2
20763,0x1738,116,106
20763,0x1751,4,250
20763,0x1752,1,0
20763,0x1775,52,42
20763,0x1779,108,98
20763,0x1780,200,0
20763,0x1790,242,14
20763,0x1791,9,15
20763,0x17A6,85,82
20763,0x17B5,51,47
20763,0x17B8,4,0
20763,0x17D0,248,8
20763,0x17D1,53,43
20763,0x17D3,224,85
20763,0x17D4,168,162
20763,0x17D6,188,12
20763,0x17D7,254,255
20763,0x17D9,116,66
20763,0x17E6,238,228
20763,0x17F5,68,58
20763,0x17F8,30,20
20763,0x1810,221,0
20763,0x1811,25,31
20763,0x1813,130,233
20763,0x1814,93,80
20763,0x1816,82,172
20763,0x1819,173,203
20763,0x1826,247,237
20763,0x1835,1,246
20763,0x1838,11,1
20763,0x1850,44,87
20763,0x1851,26,24
20763,0x1853,149,44
20763,0x1854,124,110
20763,0x1856,196,230
20763,0x1859,163,137
20763,0x185C,2,9
20763,0x185D,252,3
20763,0x1864,19,23
20763,0x1866,2,4
20763,0x186C,93,138
20763,0x1875,23,13
20763,0x1878,9,23
20763,0x187A,116,121
20763,0x1890,124,128
20763,0x1891,33,29
20763,0x1893,232,233
20763,0x1894,150,139
20763,0x1896,116,172
20763,0x1899,1,211
20763,0x189A,255,254
20763,0x189C,8,2
20763,0x189D,251,252
20763,0x18A2,217,13
20763,0x18A3,8,12
20763,0x18A4,219,15
20763,0x18A5,8,12
20763,0x18A6,215,2
20763,0x18B5,45,35
20763,0x18B8,7,21
20763,0x18BA,111,116
20763,0x18D1,228,218
20763,0x18E4,251,247
20763,0x18E6,1,3
20763,0x18EC,138,147
20763,0x18ED,43,12
20763,0x18F8,84,74
20763,0x1911,228,218
20763,0x1935,20,10
20763,0x1939,76,66
20763,0x1AD0,118,144
20763,0x1AD1,204,188
20763,0x1AD3,230,16
20763,0x1AD4,98,102
20763,0x1AE6,2,1
20763,0x1AE7,2,4
20763,0x1AF0,3,2
20773,0x0004,36,38
20773,0x0020,184,168
20773,0x0022,98,101
20773,0x0024,7,6
20773,0x0025,2,0
20773,0x0026,36,34
20773,0x0028,36,34
20773,0x0029,0,2
20773,0x002B,0,2
20773,0x002C,112,224
20773,0x0049,3,5
20773,0x0051,5,1
20773,0x0069,3,13
20773,0x006B,189,199
20773,0x0071,2,4
20773,0x0072,2,4
20773,0x007B,73,78
20773,0x00AD,148,158
20773,0x00CD,109,124
20773,0x00CE,213,243
20773,0x00CF,70,120
20773,0x00D0,7,77
20773,0x0171,192,64
20773,0x0172,54,0
20773,0x0173,173,0
20773,0x0174,178,25
20773,0x01FE,215,207
20773,0x023E,111,123
20773,0x02F6,32,155
20773,0x02FB,2,1
20773,0x0501,137,147
20773,0x0502,90,86
20773,0x0600,12,0
20773,0x0601,13,0
20773,0x0602,207,0
20773,0x0603,12,0
20773,0x0604,217,0
20773,0x0605,80,0
20773,0x0606,154,0
20773,0x0607,17,0
20773,0x0608,11,83
20773,0x0609,16,63
20773,0x060A,11,37
20773,0x060B,16,63
20773,0x060C,29,59
20773,0x060D,17,63
20773,0x060E,45,75
20773,0x060F,17,63
20773,0x0610,116,0
20773,0x0611,16,0
20773,0x0612,118,0
20773,0x0613,16,0
20773,0x071A,94,90
20773,0x071B,115,107
20773,0x071C,30,10
20773,0x071E,8,0
20773,0x072C,92,220
20773,0x072D,9,74
20773,0x072E,30,222
20773,0x072F,10,123
20773,0x0734,142,16
20773,0x0735,8,74
20773,0x0736,88,222
20773,0x0737,9,123
20773,0x073C,150,149
20773,0x073D,8,17
20773,0x073E,92,220
20773,0x073F,9,74
20773,0x0874,222,86
20773,0x0875,42,1
20773,0x0876,86,222
20773,0x0877,1,42
20773,0x0894,22,14
20773,0x0895,91,58
20773,0x0896,14,22
20773,0x0897,58,91
20773,0x0900,239,229
20773,0x0904,223,213
20773,0x0908,207,198
20773,0x090A,142,162
20773,0x090C,191,182
20773,0x090E,140,160
20773,0x091A,34,40
20773,0x091E,32,38
20773,0x0920,243,4
20773,0x0924,227,244
20773,0x0928,250,240
20773,0x092C,234,224
20773,0x0930,27,19
20773,0x0931,154,145
20773,0x0934,43,35
20773,0x0935,154,145
20773,0x0938,31,38
20773,0x0939,72,63
20773,0x093A,6,2
20773,0x093C,15,22
20773,0x093D,72,63
20773,0x093E,4,0
20773,0x0940,24,25
20773,0x0941,102,88
20773,0x0942,10,6
20773,0x0944,8,9
20773,0x0945,102,88
20773,0x0946,8,4
20773,0x0948,13,10
20773,0x0949,131,119
20773,0x094A,6,14
20773,0x094C,29,26
20773,0x094D,131,119
20773,0x094E,4,12
20773,0x0950,218,208
20773,0x0954,202,192
20773,0x0958,184,168
20773,0x0959,98,101
20773,0x095A,7,6
20773,0x095B,36,34
20773,0x0B02,170,171
20773,0x0B22,82,83
20773,0x0B24,164,167
20773,0x0B26,73,78
20773,0x0B28,146,156
20773,0x0B82,82,83
20773,0x0B84,164,167
20773,0x0B86,73,78
20773,0x0B88,146,156
20773,0x0BE2,42,36
20773,0x0BE3,230,0
20773,0x0F99,73,78
20773,0x0F9D,73,78
20773,0x0FD1,73,78
20773,0x0FF0,73,78
20773,0x1034,55,45
20773,0x1064,86,90
20773,0x106C,45,31
20773,0x16D0,206,214
20773,0x16D1,243,4
20773,0x16D2,0,1
20773,0x16E6,98,88
20773,0x16F5,39,29
20773,0x16F8,17,7
20773,0x1711,250,240
20773,0x1726,2,1
20773,0x1738,106,96
20773,0x1751,250,240
20773,0x1775,42,32
20773,0x1779,98,88
20773,0x17D0,8,56
20773,0x17D1,43,35
20773,0x17D3,85,214
20773,0x17D4,162,153
20773,0x17D6,12,92
20773,0x17D9,66,16
20773,0x17E6,228,218
20773,0x17F5,58,48
20773,0x17F8,20,10
20773,0x1810,0,203
20773,0x1811,31,38
20773,0x1813,233,52
20773,0x1814,80,71
20773,0x1816,172,222
20773,0x1819,203,57
20773,0x181A,254,255
20773,0x181C,9,5
20773,0x181D,3,11
20773,0x1822,13,65
20773,0x1823,12,7
20773,0x1824,25,67
20773,0x1825,12,7
20773,0x1826,237,245
20773,0x182D,43,12
20773,0x1835,246,236
20773,0x1838,1,21
20773,0x183A,121,126
20773,0x1850,87,66
20773,0x1851,24,25
20773,0x1853,44,43
20773,0x1854,110,96
20773,0x1856,230,64
20773,0x1857,255,0
20773,0x1858,255,0
20773,0x1859,137,167
20773,0x1864,23,25
20773,0x1866,4,249
20773,0x186C,138,147
20773,0x1875,13,3
20773,0x1878,23,13
20773,0x1890,128,166
20773,0x1891,29,26
20773,0x1893,233,75
20773,0x1894,139,127
20773,0x1896,172,192
20773,0x1899,211,171
20773,0x18A4,15,19
20773,0x18A6,2,4
20773,0x18AC,111,93
20773,0x18B5,35,25
20773,0x18B8,21,11
20773,0x18D1,218,208
20773,0x18E6,3,2
20773,0x18F8,74,64
20773,0x190D,0,1
20773,0x1911,218,208
20773,0x1922,223,196
20773,0x1924,225,198
20773,0x192C,221,212
20773,0x1935,10,16
20773,0x1939,66,56
20773,0x1AD0,144,170
20773,0x1AD1,188,172
20773,0x1AD3,16,58
20773,0x1AD4,102,105
20773,0x1AE4,182,184
20773,0x1AE7,4,2
20773,0x1AEC,61,56
20773,0x1AF0,2,1
20773,0xFFFF,130,131
20783,0x0004,38,40
20783,0x0020,168,152
20783,0x0022,101,104
20783,0x0024,6,7
20783,0x0025,0,2
20783,0x0029,2,0
20783,0x002B,2,0
20783,0x002C,224,112
20783,0x0049,5,7
20783,0x0051,1,3
20783,0x0069,13,23
20783,0x006B,199,209
20783,0x007B,78,83
20783,0x00AD,158,168
20783,0x00B7,23,20
20783,0x00CA,5,4
20783,0x00CD,124,139
20783,0x00CE,243,17
20783,0x00CF,120,171
20783,0x00D0,77,172
20783,0x00D1,2,3
20783,0x0172,0,54
20783,0x0173,0,173
20783,0x0174,25,178
20783,0x01FE,207,215
20783,0x023D,52,36
20783,0x023E,123,91
20783,0x0305,56,252
20783,0x0306,146,145
20783,0x030D,76,16
20783,0x0315,96,36
20783,0x0501,147,85
20783,0x0502,86,94
20783,0x0503,20,4
20783,0x0508,73,21
20783,0x0509,81,84
20783,0x050B,20,4
20783,0x050F,146,138
20783,0x0510,86,90
20783,0x0512,40,24
20783,0x0516,136,74
20783,0x0517,90,81
20783,0x0519,32,44
20783,0x051D,72,148
20783,0x051E,81,86
20783,0x0520,52,64
20783,0x0600,0,192
20783,0x0601,0,22
20783,0x0602,0,211
20783,0x0603,0,22
20783,0x0608,83,0
20783,0x0609,63,0
20783,0x060A,37,0
20783,0x060B,63,0
20783,0x060C,59,0
20783,0x060D,63,0
20783,0x060E,75,0
20783,0x060F,63,0
20783,0x0614,0,148
20783,0x0615,0,90
20783,0x0616,23,164
20783,0x0617,13,90
20783,0x0618,0,13
20783,0x0619,0,13
20783,0x061A,26,207
20783,0x061B,13,12
20783,0x061C,18,95
20783,0x061D,13,80
20783,0x061E,34,153
20783,0x061F,13,17
20783,0x0620,5,11
20783,0x0621,13,16
20783,0x0622,220,11
20783,0x0623,12,16
20783,0x0624,236,38
20783,0x0625,12,17
20783,0x0626,252,40
20783,0x0627,12,17
20783,0x0628,0,116
20783,0x0629,0,16
20783,0x062A,0,117
20783,0x062B,0,16
20783,0x0630,82,0
20783,0x0631,63,0
20783,0x0632,36,27
20783,0x0633,63,13
20783,0x0634,58,19
20783,0x0635,63,13
20783,0x0636,74,35
20783,0x0637,63,13
20783,0x0638,0,6
20783,0x0639,0,13
20783,0x063A,0,221
20783,0x063B,0,12
20783,0x063C,17,237
20783,0x063D,13,12
20783,0x063E,33,253
20783,0x063F,13,12
20783,0x0640,4,0
20783,0x0641,13,0
20783,0x0642,219,0
20783,0x0643,12,0
20783,0x0644,235,0
20783,0x0645,12,0
20783,0x0646,251,0
20783,0x0647,12,0
20783,0x0648,0,82
20783,0x0649,0,63
20783,0x064A,0,36
20783,0x064B,0,63
20783,0x064C,0,58
20783,0x064D,0,63
20783,0x0650,82,0
20783,0x0651,63,0
20783,0x0652,36,0
20783,0x0653,63,0
20783,0x071A,90,165
20783,0x071B,107,28
20783,0x071C,10,60
20783,0x071D,0,1
20783,0x071E,0,62
20783,0x071F,0,2
20783,0x072C,220,92
20783,0x072D,74,9
20783,0x072E,222,30
20783,0x072F,123,10
20783,0x0734,16,142
20783,0x0735,74,8
20783,0x0736,222,88
20783,0x0737,123,9
20783,0x073C,149,150
20783,0x073D,17,8
20783,0x073E,220,92
20783,0x073F,74,9
20783,0x0874,86,222
20783,0x0875,1,42
20783,0x0876,222,86
20783,0x0877,42,1
20783,0x0894,14,22
20783,0x0895,58,91
20783,0x0896,22,14
20783,0x0897,91,58
20783,0x0900,229,219
20783,0x0904,213,203
20783,0x0908,198,188
20783,0x090C,182,172
20783,0x0913,38,32
20783,0x0917,38,32
20783,0x0918,82,74
20783,0x091A,40,36
20783,0x091C,66,230
20783,0x091D,104,188
20783,0x091E,38,138
20783,0x091F,34,45
20783,0x0920,4,214
20783,0x0921,89,188
20783,0x0922,2,136
20783,0x0923,41,45
20783,0x0924,244,14
20783,0x0925,89,135
20783,0x0926,0,6
20783,0x0927,41,103
20783,0x0928,240,30
20783,0x0929,188,135
20783,0x092A,134,4
20783,0x092B,45,103
20783,0x092C,224,48
20783,0x092D,188,57
20783,0x092E,132,2
20783,0x092F,45,39
20783,0x0930,19,32
20783,0x0931,145,57
20783,0x0932,6,0
20783,0x0933,103,39
20783,0x0934,35,29
20783,0x0935,145,75
20783,0x0936,4,6
20783,0x0937,103,39
20783,0x0938,38,13
20783,0x0939,63,75
20783,0x093A,2,4
20783,0x093C,22,24
20783,0x093D,63,105
20783,0x093E,0,10
20783,0x0940,25,8
20783,0x0941,88,105
20783,0x0942,6,8
20783,0x0944,9,198
20783,0x0945,88,176
20783,0x0946,4,130
20783,0x0947,39,45
20783,0x0948,10,182
20783,0x0949,119,176
20783,0x094A,14,128
20783,0x094B,103,45
20783,0x094C,26,152
20783,0x094D,119,104
20783,0x094E,12,7
20783,0x094F,103,34
20783,0x0950,208,155
20783,0x0951,176,224
20783,0x0952,130,7
20783,0x0953,45,36
20783,0x0954,192,186
20783,0x0955,176,224
20783,0x0956,128,136
20783,0x0958,168,159
20783,0x0959,101,224
20783,0x0B02,171,170
20783,0x0B04,170,42
20783,0x0B05,10,0
20783,0x0B22,83,84
20783,0x0B24,167,169
20783,0x0B26,78,83
20783,0x0B28,156,166
20783,0x0B82,83,84
20783,0x0B84,167,169
20783,0x0B86,78,83
20783,0x0B88,156,166
20783,0x0F99,78,83
20783,0x0F9D,78,83
20783,0x0FD1,78,83
20783,0x0FF0,78,83
20783,0x1027,6,0
20783,0x1034,45,35
20783,0x1064,90,88
20783,0x106C,31,40
20783,0x16C0,200,0
20783,0x16D0,214,14
20783,0x16D1,4,15
20783,0x16E6,88,82
20783,0x16F5,29,22
20783,0x16F8,7,0
20783,0x1711,240,230
20783,0x1724,249,251
20783,0x1726,1,3
20783,0x172C,147,138
20783,0x1738,96,86
20783,0x1751,240,230
20783,0x1775,32,22
20783,0x1779,88,78
20783,0x17D0,56,130
20783,0x17D1,35,30
20783,0x17D3,214,100
20783,0x17D4,153,143
20783,0x17D6,92,166
20783,0x17D9,16,223
20783,0x17DA,255,254
20783,0x17DC,8,2
20783,0x17DD,251,252
20783,0x17E2,217,13
20783,0x17E3,8,12
20783,0x17E4,219,15
20783,0x17E5,8,12
20783,0x17E6,218,5
20783,0x17F5,48,38
20783,0x17F8,10,24
20783,0x17FA,111,116
20783,0x1810,203,138
20783,0x1811,38,48
20783,0x1813,52,203
20783,0x1814,71,65
20783,0x1816,222,16
20783,0x1817,0,1
20783,0x1819,57,167
20783,0x1826,245,235
20783,0x1835,236,226
20783,0x1838,21,11
20783,0x1850,66,177
20783,0x1851,25,29
20783,0x1853,43,86
20783,0x1854,96,83
20783,0x1856,64,154
20783,0x1859,167,197
20783,0x1866,249,239
20783,0x1875,3,143
20783,0x1878,13,3
20783,0x1890,166,148
20783,0x1891,26,24
20783,0x1893,75,29
20783,0x1894,127,113
20783,0x1896,192,212
20783,0x1899,171,131
20783,0x18A4,19,23
20783,0x18A6,4,6
20783,0x18AC,93,138
20783,0x18B5,25,15
20783,0x18B8,11,1
20783,0x18D1,208,198
20783,0x18E6,2,1
20783,0x18F8,64,54
20783,0x1911,208,198
20783,0x1935,16,6
20783,0x1939,56,46
20783,0x1AD0,170,196
20783,0x1AD1,172,156
20783,0x1AD3,58,100
20783,0x1AD4,105,108
20783,0x1AE4,184,182
20783,0x1AE6,1,2
20783,0x1AEC,56,61
20783,0x1AF0,1,3
20793,0x0004,40,44
20793,0x0020,152,136
20793,0x0022,104,107
20793,0x0026,34,36
20793,0x0028,34,36
20793,0x0049,7,9
20793,0x0051,3,5
20793,0x0069,23,33
20793,0x006B,209,219
20793,0x0071,4,6
20793,0x0072,4,6
20793,0x007B,83,88
20793,0x00AD,168,178
20793,0x00B7,20,21
20793,0x00B8,0,16
20793,0x00B9,0,1
20793,0x00BA,196,104
20793,0x00BF,136,144
20793,0x00C2,9,10
20793,0x00CA,4,5
20793,0x00CD,139,154
20793,0x00CE,17,47
20793,0x00CF,171,221
20793,0x00D0,172,242
20793,0x01FE,215,207
20793,0x023D,36,52
20793,0x023E,91,123
20793,0x02F6,155,32
20793,0x02FB,1,2
20793,0x02FD,41,39
20793,0x0305,252,56
20793,0x0306,145,146
20793,0x030D,16,76
20793,0x0315,36,96
20793,0x0501,85,139
20793,0x0502,94,90
20793,0x0503,4,20
20793,0x0508,21,75
20793,0x0509,84,81
20793,0x050B,4,20
20793,0x050F,138,150
20793,0x0510,90,86
20793,0x0512,24,40
20793,0x0600,192,14
20793,0x0601,22,13
20793,0x0602,211,207
20793,0x0603,22,12
20793,0x0604,0,217
20793,0x0605,0,80
20793,0x0606,0,154
20793,0x0607,0,17
20793,0x0608,0,11
20793,0x0609,0,16
20793,0x060A,0,11
20793,0x060B,0,16
20793,0x060C,0,38
20793,0x060D,0,17
20793,0x060E,0,41
20793,0x060F,0,17
20793,0x0610,0,116
20793,0x0611,0,16
20793,0x0612,0,118
20793,0x0613,0,16
20793,0x0614,148,0
20793,0x0615,90,0
20793,0x0616,164,0
20793,0x0617,90,0
20793,0x0618,13,0
20793,0x0619,13,0
20793,0x061A,207,0
20793,0x061B,12,0
20793,0x061C,95,0
20793,0x061D,80,0
20793,0x061E,153,0
20793,0x061F,17,0
20793,0x0620,11,0
20793,0x0621,16,0
20793,0x0622,11,222
20793,0x0623,16,12
20793,0x0624,38,238
20793,0x0625,17,12
20793,0x0626,40,254
20793,0x0627,17,12
20793,0x0628,116,0
20793,0x0629,16,0
20793,0x062A,117,0
20793,0x062B,16,0
20793,0x0630,0,82
20793,0x0631,0,63
20793,0x0632,27,36
20793,0x0633,13,63
20793,0x0634,19,58
20793,0x0635,13,63
20793,0x0636,35,74
20793,0x0637,13,63
20793,0x0638,6,0
20793,0x0639,13,0
20793,0x063A,221,0
20793,0x063B,12,0
20793,0x071A,165,90
20793,0x071B,28,107
20793,0x071C,60,10
20793,0x071D,1,0
20793,0x071E,62,0
20793,0x071F,2,0
20793,0x072C,92,220
20793,0x072D,9,74
20793,0x072E,30,222
20793,0x072F,10,123
20793,0x0734,142,16
20793,0x0735,8,74
20793,0x0736,88,222
20793,0x0737,9,123
20793,0x073C,150,149
20793,0x073D,8,17
20793,0x073E,92,220
20793,0x073F,9,74
20793,0x0874,222,86
20793,0x0875,42,1
20793,0x0876,86,222
20793,0x0877,1,42
20793,0x0894,22,14
20793,0x0895,91,58
20793,0x0896,14,22
20793,0x0897,58,91
20793,0x0900,219,209
20793,0x0904,203,193
20793,0x0908,188,178
20793,0x090C,172,162
20793,0x0913,32,38
20793,0x0917,32,38
20793,0x0918,74,82
20793,0x091A,36,34
20793,0x091C,230,66
20793,0x091D,188,104
20793,0x091E,138,32
20793,0x091F,45,34
20793,0x0920,214,220
20793,0x0922,136,138
20793,0x0924,14,204
20793,0x0925,135,188
20793,0x0926,6,136
20793,0x0927,103,45
20793,0x0928,30,11
20793,0x0929,135,123
20793,0x092A,4,10
20793,0x092C,48,27
20793,0x092D,57,123
20793,0x092E,2,8
20793,0x092F,39,103
20793,0x0930,32,60
20793,0x0931,57,56
20793,0x0932,0,2
20793,0x0934,29,44
20793,0x0935,75,56
20793,0x0936,6,0
20793,0x0938,13,37
20793,0x0939,75,64
20793,0x093A,4,2
20793,0x093C,24,21
20793,0x093D,105,64
20793,0x093E,10,0
20793,0x0940,8,24
20793,0x0941,105,90
20793,0x0942,8,6
20793,0x0944,198,8
20793,0x0945,176,90
20793,0x0946,130,4
20793,0x0947,45,39
20793,0x0948,182,188
20793,0x094A,128,134
20793,0x094C,152,172
20793,0x094D,104,176
20793,0x094E,7,132
20793,0x094F,34,45
20793,0x0950,155,136
20793,0x0951,224,107
20793,0x0B04,42,170
20793,0x0B22,84,86
20793,0x0B24,169,172
20793,0x0B26,83,88
20793,0x0B28,166,176
20793,0x0B82,84,86
20793,0x0B84,169,172
20793,0x0B86,83,88
20793,0x0B88,166,176
20793,0x0BE4,240,36
20793,0x0F99,83,88
20793,0x0F9D,83,88
20793,0x0FD1,83,88
20793,0x0FF0,83,88
20793,0x1027,0,6
20793,0x1034,35,25
20793,0x1064,88,86
20793,0x106C,40,45
20793,0x16C0,0,136
20793,0x16D0,14,0
20793,0x16D1,15,16
20793,0x16D3,168,0
20793,0x16D4,97,104
20793,0x16D6,180,52
20793,0x16D7,1,254
20793,0x16D8,0,255
20793,0x16D9,63,0
20793,0x16EF,5,0
20793,0x16F0,0,1
20793,0x16F5,22,192
20793,0x16FA,141,145
20793,0x1711,230,220
20793,0x1726,3,2
20793,0x1738,86,76
20793,0x1751,230,220
20793,0x1775,22,12
20793,0x1779,78,68
20793,0x17D0,130,108
20793,0x17D1,30,27
20793,0x17D3,100,62
20793,0x17D4,143,131
20793,0x17D6,166,186
20793,0x17D9,223,183
20793,0x17E4,15,17
20793,0x17E6,5,1
20793,0x17EC,111,102
20793,0x17F5,38,28
20793,0x17F8,24,14
20793,0x1810,138,61
20793,0x1811,48,60
20793,0x1813,203,174
20793,0x1814,65,64
20793,0x1816,16,66
20793,0x1819,167,21
20793,0x181A,255,0
20793,0x181B,255,0
20793,0x1826,235,225
20793,0x1835,226,216
20793,0x1838,11,1
20793,0x1850,177,20
20793,0x1851,29,37
20793,0x1853,86,205
20793,0x1854,83,72
20793,0x1856,154,212
20793,0x1859,197,35
20793,0x185A,254,255
20793,0x185C,9,5
20793,0x185D,3,11
20793,0x1862,13,65
20793,0x1863,12,7
20793,0x1864,25,67
20793,0x1865,12,7
20793,0x1866,239,247
20793,0x186D,43,12
20793,0x1875,143,133
20793,0x1878,3,23
20793,0x187A,121,126
20793,0x1890,148,203
20793,0x1893,29,224
20793,0x1894,113,98
20793,0x1896,212,46
20793,0x1897,255,0
20793,0x1898,255,0
20793,0x1899,131,161
20793,0x189C,2,9
20793,0x189D,252,3
20793,0x18A4,23,25
20793,0x18A6,6,251
20793,0x18AC,138,147
20793,0x18B5,15,5
20793,0x18B8,1,15
20793,0x18BA,116,121
20793,0x18D1,198,188
20793,0x18E4,247,249
20793,0x18E6,1,3
20793,0x18ED,12,43
20793,0x18F8,54,44
20793,0x1911,198,188
20793,0x1935,6,12
20793,0x1939,46,36
20793,0x1AD0,196,222
20793,0x1AD1,156,140
20793,0x1AD3,100,142
20793,0x1AD4,108,111
20793,0x1AE6,2,1
20793,0x1AE7,2,4
20793,0x1AF0,3,2
20793,0xFFFF,131,132
20803,0x0004,44,46
20803,0x0020,136,120
20803,0x0022,107,110
20803,0x0024,7,6
20803,0x0026,36,34
20803,0x0028,36,34
20803,0x0049,9,11
20803,0x0051,5,7
20803,0x0069,33,43
20803,0x006B,219,229
20803,0x007B,88,93
20803,0x00AD,178,188
20803,0x00B7,21,23
20803,0x00CD,154,194
20803,0x00CE,47,77
20803,0x00CF,221,15
20803,0x00D0,242,57
20803,0x00D1,3,0
20803,0x01FE,207,215
20803,0x023D,52,36
20803,0x023E,123,91
20803,0x02F6,32,255
20803,0x02FB,2,1
20803,0x0305,56,252
20803,0x0306,146,145
20803,0x030D,76,16
20803,0x0315,96,36
20803,0x0501,139,151
20803,0x0502,90,86
20803,0x0600,14,0
20803,0x0601,13,0
20803,0x0602,207,0
20803,0x0603,12,0
20803,0x0604,217,0
20803,0x0605,80,0
20803,0x0606,154,67
20803,0x0607,17,63
20803,0x0608,11,68
20803,0x0609,16,63
20803,0x060A,11,37
20803,0x060B,16,63
20803,0x060C,38,59
20803,0x060D,17,63
20803,0x060E,41,75
20803,0x060F,17,63
20803,0x0610,116,0
20803,0x0611,16,0
20803,0x0612,118,0
20803,0x0613,16,0
20803,0x071A,90,165
20803,0x071B,107,28
20803,0x071C,10,60
20803,0x071D,0,1
20803,0x071E,0,62
20803,0x071F,0,2
20803,0x072C,220,92
20803,0x072D,74,9
20803,0x072E,222,30
20803,0x072F,123,10
20803,0x0734,16,142
20803,0x0735,74,8
20803,0x0736,222,88
20803,0x0737,123,9
20803,0x073C,149,150
20803,0x073D,17,8
20803,0x073E,220,92
20803,0x073F,74,9
20803,0x0874,86,222
20803,0x0875,1,42
20803,0x0876,222,86
20803,0x0877,42,1
20803,0x0894,14,22
20803,0x0895,58,91
20803,0x0896,22,14
20803,0x0897,91,58
20803,0x0900,209,199
20803,0x0904,193,183
20803,0x0908,178,168
20803,0x090C,162,152
20803,0x091A,34,40
20803,0x091E,32,38
20803,0x0920,220,238
20803,0x0921,188,96
20803,0x0922,138,2
20803,0x0923,45,105
20803,0x0924,204,254
20803,0x0925,188,96
20803,0x0926,136,0
20803,0x0927,45,105
20803,0x0928,11,210
20803,0x0929,123,188
20803,0x092A,10,138
20803,0x092B,103,45
20803,0x092C,27,194
20803,0x092D,123,188
20803,0x092E,8,136
20803,0x092F,103,45
20803,0x0930,60,25
20803,0x0931,56,109
20803,0x0932,2,14
20803,0x0934,44,9
20803,0x0935,56,109
20803,0x0936,0,12
20803,0x0938,37,72
20803,0x0939,64,56
20803,0x093C,21,56
20803,0x093D,64,56
20803,0x0940,24,46
20803,0x0941,90,58
20803,0x0942,6,2
20803,0x0944,8,30
20803,0x0945,90,58
20803,0x0946,4,0
20803,0x0948,188,28
20803,0x0949,176,77
20803,0x094A,134,6
20803,0x094B,45,39
20803,0x094C,172,12
20803,0x094D,176,77
20803,0x094E,132,4
20803,0x094F,45,39
20803,0x0950,136,178
20803,0x0951,107,176
20803,0x0952,7,134
20803,0x0953,36,45
20803,0x0954,186,162
20803,0x0955,224,176
20803,0x0956,136,132
20803,0x0958,159,120
20803,0x0959,224,110
20803,0x0B05,0,10
20803,0x0B22,86,87
20803,0x0B24,172,174
20803,0x0B26,88,93
20803,0x0B28,176,186
20803,0x0B82,86,87
20803,0x0B84,172,174
20803,0x0B86,88,93
20803,0x0B88,176,186
20803,0x0F99,88,93
20803,0x0F9D,88,93
20803,0x0FD1,88,93
20803,0x0FF0,88,93
20803,0x1034,25,15
20803,0x1064,86,90
20803,0x106C,45,31
20803,0x16C0,136,200
20803,0x16D0,0,8
20803,0x16D1,16,254
20803,0x16D2,1,0
20803,0x16E2,65,220
20803,0x16E3,7,8
20803,0x16E4,67,222
20803,0x16E5,7,8
20803,0x16E6,82,245
20803,0x16EC,147,124
20803,0x16F5,192,182
20803,0x16F8,0,53
20803,0x16FA,145,148
20803,0x1711,220,210
20803,0x1726,2,1
20803,0x1738,76,66
20803,0x1751,220,210
20803,0x1775,12,2
20803,0x1779,68,58
20803,0x17D0,108,30
20803,0x17D1,27,25
20803,0x17D3,62,136
20803,0x17D4,131,117
20803,0x17D6,186,206
20803,0x17D9,183,143
20803,0x17E4,17,21
20803,0x17E6,1,3
20803,0x17EC,102,129
20803,0x17F5,28,18
20803,0x17F8,14,4
20803,0x1810,61,209
20803,0x1811,60,72
20803,0x1826,225,215
20803,0x1835,216,206
20803,0x1838,1,7
20803,0x1839,0,6
20803,0x183A,126,129
20803,0x1850,20,111
20803,0x1851,37,46
20803,0x1853,205,136
20803,0x1854,72,66
20803,0x1856,212,6
20803,0x1857,0,1
20803,0x1859,35,145
20803,0x1866,247,237
20803,0x1875,133,123
20803,0x1878,23,13
20803,0x1890,203,134
20803,0x1891,24,28
20803,0x1893,224,207
20803,0x1894,98,85
20803,0x1896,46,136
20803,0x1899,161,191
20803,0x18A6,251,241
20803,0x18B5,5,145
20803,0x18B8,15,5
20803,0x18D1,188,178
20803,0x18E6,3,2
20803,0x18F8,44,34
20803,0x1911,188,178
20803,0x1935,12,2
20803,0x1939,36,26
20803,0x1AD0,222,248
20803,0x1AD1,140,124
20803,0x1AD3,142,184
20803,0x1AD4,111,114
20803,0x1AE4,182,184
20803,0x1AE7,4,2
20803,0x1AEC,61,56
20803,0x1AF0,2,1
20813,0x0004,46,48
20813,0x0020,120,105
20813,0x0022,110,113
20813,0x0024,6,7
20813,0x0025,2,1
20813,0x0049,11,1
20813,0x0051,7,3
20813,0x0069,43,53
20813,0x006B,229,239
20813,0x007B,93,98
20813,0x00AD,188,198
20813,0x00B7,23,22
20813,0x00CD,194,209
20813,0x00CE,77,107
20813,0x00CF,15,65
20813,0x00D0,57,127
20813,0x023D,36,52
20813,0x023E,91,111
20813,0x02F6,255,155
20813,0x0305,252,56
20813,0x0306,145,146
20813,0x030D,16,76
20813,0x0315,36,96
20813,0x0501,151,203
20813,0x0502,86,93
20813,0x0503,20,8
20813,0x0508,75,86
20813,0x0509,81,94
20813,0x050A,20,4
20813,0x050B,20,8
20813,0x050F,150,22
20813,0x0510,86,84
20813,0x0512,40,12
20813,0x0516,74,140
20813,0x0517,81,90
20813,0x0519,44,32
20813,0x051D,148,76
20813,0x051E,86,81
20813,0x0520,64,52
20813,0x0524,144,152
20813,0x0600,0,79
20813,0x0601,0,8
20813,0x0602,0,27
20813,0x0603,0,8
20813,0x0604,0,43
20813,0x0605,0,8
20813,0x0606,67,59
20813,0x0607,63,8
20813,0x0608,68,116
20813,0x0609,63,16
20813,0x060A,37,117
20813,0x060B,63,16
20813,0x060C,59,0
20813,0x060D,63,0
20813,0x060E,75,0
20813,0x060F,63,0
20813,0x0614,0,141
20813,0x0615,0,26
20813,0x061C,0,147
20813,0x061D,0,90
20813,0x061E,0,163
20813,0x061F,0,90
20813,0x0620,0,15
20813,0x0621,0,13
20813,0x0622,222,246
20813,0x0624,238,95
20813,0x0625,12,16
20813,0x0626,254,11
20813,0x0627,12,16
20813,0x0628,0,11
20813,0x0629,0,16
20813,0x062A,0,11
20813,0x062B,0,16
20813,0x062C,0,39
20813,0x062D,0,17
20813,0x062E,0,40
20813,0x062F,0,17
20813,0x0630,82,116
20813,0x0631,63,16
20813,0x0632,36,117
20813,0x0633,63,16
20813,0x0634,58,0
20813,0x0635,63,0
20813,0x0636,74,0
20813,0x0637,63,0
20813,0x063C,237,0
20813,0x063D,12,0
20813,0x063E,253,0
20813,0x063F,12,0
20813,0x0642,0,223
20813,0x0643,0,12
20813,0x0644,0,239
20813,0x0645,0,12
20813,0x0646,0,255
20813,0x0647,0,12
20813,0x0648,82,0
20813,0x0649,63,0
20813,0x064A,36,0
20813,0x064B,63,0
20813,0x064C,58,0
20813,0x064D,63,0
20813,0x0650,0,82
20813,0x0651,0,63
20813,0x0652,0,36
20813,0x0653,0,63
20813,0x071A,165,94
20813,0x071B,28,115
20813,0x071C,60,30
20813,0x071D,1,0
20813,0x071E,62,8
20813,0x071F,2,0
20813,0x0874,222,86
20813,0x0875,42,1
20813,0x0876,86,222
20813,0x0877,1,42
20813,0x0894,22,14
20813,0x0895,91,58
20813,0x0896,14,22
20813,0x0897,58,91
20813,0x0900,199,190
20813,0x0902,142,162
20813,0x0904,183,174
20813,0x0906,140,160
20813,0x0908,168,158
20813,0x090C,152,142
20813,0x0918,82,74
20813,0x091A,40,36
20813,0x091C,66,220
20813,0x091D,104,96
20813,0x091E,38,2
20813,0x091F,34,105
20813,0x0920,238,236
20813,0x0922,2,0
20813,0x0924,254,200
20813,0x0925,96,188
20813,0x0926,0,130
20813,0x0927,105,45
20813,0x0928,210,184
20813,0x092A,138,128
20813,0x092C,194,24
20813,0x092D,188,95
20813,0x092E,136,6
20813,0x092F,45,39
20813,0x0930,25,8
20813,0x0931,109,95
20813,0x0932,14,4
20813,0x0934,9,85
20813,0x0935,109,57
20813,0x0936,12,2
20813,0x0938,72,69
20813,0x0939,56,57
20813,0x093A,2,0
20813,0x093C,56,57
20813,0x093E,0,2
20813,0x0940,46,41
20813,0x0941,58,56
20813,0x0942,2,0
20813,0x0944,30,35
20813,0x0945,58,66
20813,0x0946,0,2
20813,0x0948,28,19
20813,0x0949,77,66
20813,0x094A,6,0
20813,0x094C,12,168
20813,0x094D,77,176
20813,0x094E,4,134
20813,0x094F,39,45
20813,0x0950,178,152
20813,0x0952,134,132
20813,0x0954,162,105
20813,0x0955,176,113
20813,0x0956,132,7
20813,0x0957,45,34
20813,0x0958,120,108
20813,0x0959,110,224
20813,0x095A,6,7
20813,0x095B,34,36
20813,0x0B05,10,2
20813,0x0B22,87,88
20813,0x0B24,174,177
20813,0x0B26,93,98
20813,0x0B28,186,196
20813,0x0B82,87,88
20813,0x0B84,174,177
20813,0x0B86,93,98
20813,0x0B88,186,196
20813,0x0F99,93,98
20813,0x0F9D,93,98
20813,0x0FD1,93,98
20813,0x0FF0,93,98
20813,0x1034,15,5
20813,0x1064,90,88
20813,0x106C,31,40
20813,0x16D0,8,16
20813,0x16D1,254,236
20813,0x16E6,245,235
20813,0x16F5,182,172
20813,0x16F8,53,43
20813,0x1711,210,200
20813,0x1724,251,247
20813,0x1726,1,3
20813,0x172C,138,147
20813,0x172D,43,12
20813,0x1738,66,56
20813,0x174D,0,1
20813,0x1751,210,200
20813,0x1762,223,196
20813,0x1764,225,198
20813,0x176C,221,212
20813,0x1775,2,8
20813,0x1779,58,48
20813,0x17D0,30,92
20813,0x17D1,25,24
20813,0x17D3,136,6
20813,0x17D4,117,103
20813,0x17D6,206,19
20813,0x17D7,255,0
20813,0x17D8,255,0
20813,0x17D9,143,152
20813,0x17DC,2,9
20813,0x17DD,252,3
20813,0x17E4,21,25
20813,0x17E6,3,254
20813,0x17EC,129,147
20813,0x17F5,18,8
20813,0x17F8,4,18
20813,0x17FA,116,121
20813,0x1810,209,101
20813,0x1811,72,85
20813,0x1813,174,42
20813,0x1814,64,65
20813,0x1819,21,37
20813,0x181D,11,4
20813,0x1826,215,205
20813,0x1835,206,196
20813,0x1838,7,36
20813,0x1839,6,2
20813,0x183A,129,133
20813,0x1850,111,190
20813,0x1851,46,57
20813,0x1853,136,143
20813,0x1854,66,64
20813,0x1856,6,56
20813,0x1859,145,255
20813,0x1866,237,227
20813,0x1875,123,113
20813,0x1878,13,3
20813,0x1890,134,113
20813,0x1891,28,35
20813,0x1893,207,146
20813,0x1894,85,74
20813,0x1896,136,202
20813,0x1899,191,13
20813,0x189A,254,255
20813,0x189C,9,5
20813,0x189D,3,11
20813,0x18A2,13,65
20813,0x18A3,12,7
20813,0x18A4,25,67
20813,0x18A5,12,7
20813,0x18A6,241,249
20813,0x18AD,43,12
20813,0x18B5,145,135
20813,0x18B8,5,25
20813,0x18BA,121,126
20813,0x18D1,178,168
20813,0x18E6,2,1
20813,0x18F8,34,24
20813,0x1911,178,168
20813,0x1935,2,8
20813,0x1939,26,16
20813,0x1AD0,248,18
20813,0x1AD1,124,109
20813,0x1AD3,184,226
20813,0x1AD4,114,117
20813,0x1AE4,184,182
20813,0x1AE6,1,2
20813,0x1AEC,56,61
20813,0x1AF0,1,3
20823,0x0004,48,50
20823,0x0020,105,89
20823,0x0022,113,117
20823,0x0026,34,36
20823,0x0028,34,36
20823,0x0048,32,0
20823,0x0049,1,9
20823,0x004A,134,117
20823,0x0051,3,27
20823,0x0052,22,126
20823,0x0069,53,63
20823,0x006B,239,249
20823,0x0071,6,8
20823,0x0072,6,8
20823,0x007B,98,103
20823,0x00AD,198,208
20823,0x00B7,22,23
20823,0x00BF,144,152
20823,0x00C2,10,11
20823,0x00CA,5,6
20823,0x00CD,209,224
20823,0x00CE,107,162
20823,0x00CF,65,115
20823,0x00D0,127,197
20823,0x00D1,0,1
20823,0x016F,22,21
20823,0x0170,36,170
20823,0x0171,64,76
20823,0x01FE,215,130
20823,0x023E,111,147
20823,0x02FD,39,41
20823,0x0301,38,41
20823,0x0302,79,76
20823,0x0303,20,10
20823,0x0305,56,20
20823,0x0306,146,148
20823,0x0309,70,73
20823,0x030A,79,76
20823,0x030B,20,10
20823,0x030D,76,30
20823,0x030E,146,148
20823,0x0311,102,105
20823,0x0312,79,76
20823,0x0313,20,10
20823,0x0315,96,40
20823,0x0316,146,148
20823,0x031D,90,50
20823,0x0325,56,116
20823,0x032D,76,136
20823,0x0335,96,156
20823,0x0501,203,153
20823,0x0502,93,86
20823,0x0503,8,20
20823,0x0600,79,0
20823,0x0601,8,0
20823,0x0602,27,0
20823,0x0603,8,0
20823,0x0604,43,0
20823,0x0605,8,0
20823,0x0606,59,0
20823,0x0607,8,0
20823,0x0608,116,83
20823,0x0609,16,63
20823,0x060A,117,37
20823,0x060B,16,63
20823,0x060C,0,59
20823,0x060D,0,63
20823,0x060E,0,75
20823,0x060F,0,63
20823,0x071A,94,0
20823,0x071B,115,60
20823,0x071C,30,204
20823,0x071D,0,123
20823,0x071E,8,0
20823,0x071F,0,24
20823,0x072C,92,220
20823,0x072D,9,74
20823,0x072E,30,222
20823,0x072F,10,123
20823,0x0734,142,16
20823,0x0735,8,74
20823,0x0736,88,222
20823,0x0737,9,123
20823,0x073C,150,149
20823,0x073D,8,17
20823,0x073E,92,220
20823,0x073F,9,74
20823,0x0874,86,222
20823,0x0875,1,42
20823,0x0876,222,86
20823,0x0877,42,1
20823,0x0894,14,22
20823,0x0895,58,91
20823,0x0896,22,14
20823,0x0897,91,58
20823,0x0900,190,180
20823,0x0904,174,164
20823,0x0908,158,133
20823,0x0909,169,161
20823,0x090A,162,164
20823,0x090C,142,149
20823,0x090E,160,166
20823,0x0913,38,32
20823,0x0917,38,32
20823,0x0918,74,202
20823,0x0919,104,96
20823,0x091A,36,2
20823,0x091B,34,105
20823,0x091C,220,218
20823,0x091E,2,0
20823,0x0920,236,190
20823,0x0921,96,188
20823,0x0922,0,130
20823,0x0923,105,45
20823,0x0924,200,174
20823,0x0926,130,128
20823,0x0928,184,252
20823,0x0929,188,96
20823,0x092A,128,2
20823,0x092B,45,105
20823,0x092C,24,12
20823,0x092D,95,96
20823,0x092E,6,0
20823,0x092F,39,105
20823,0x0930,8,27
20823,0x0931,95,81
20823,0x0932,4,6
20823,0x0934,85,11
20823,0x0935,57,81
20823,0x0936,2,4
20823,0x0938,69,97
20823,0x0939,57,59
20823,0x093A,0,2
20823,0x093C,57,81
20823,0x093D,56,59
20823,0x093E,2,0
20823,0x0940,41,70
20823,0x0942,0,2
20823,0x0944,35,54
20823,0x0945,66,56
20823,0x0946,2,0
20823,0x0948,19,44
20823,0x0949,66,59
20823,0x094A,0,2
20823,0x094C,168,28
20823,0x094D,176,59
20823,0x094E,134,0
20823,0x094F,45,39
20823,0x0950,152,158
20823,0x0952,132,138
20823,0x0954,105,142
20823,0x0955,113,176
20823,0x0956,7,136
20823,0x0957,34,45
20823,0x0958,108,89
20823,0x0959,224,117
20823,0x0B02,170,234
20823,0x0B05,2,10
20823,0x0B22,88,89
20823,0x0B24,177,179
20823,0x0B26,98,103
20823,0x0B28,196,206
20823,0x0B82,88,89
20823,0x0B84,177,179
20823,0x0B86,98,103
20823,0x0B88,196,206
20823,0x0BE6,240,36
20823,0x0F99,98,103
20823,0x0F9D,98,103
20823,0x0FD1,98,103
20823,0x0FF0,98,103
20823,0x1027,6,0
20823,0x1030,2,0
20823,0x1034,5,0
20823,0x1040,192,0
20823,0x1066,1,2
20823,0x16D0,16,24
20823,0x16D1,236,218
20823,0x16E6,235,225
20823,0x16F5,172,162
20823,0x16F8,43,33
20823,0x1711,200,190
20823,0x1726,3,2
20823,0x1738,56,46
20823,0x1751,200,190
20823,0x1775,8,14
20823,0x1779,48,38
20823,0x1780,0,200
20823,0x1790,14,104
20823,0x1791,15,12
20823,0x1793,168,0
20823,0x1794,97,104
20823,0x1796,180,52
20823,0x1797,1,254
20823,0x1798,0,255
20823,0x1799,63,0
20823,0x17A2,65,220
20823,0x17A3,7,8
20823,0x17A4,67,222
20823,0x17A5,7,8
20823,0x17A6,82,253
20823,0x17AC,147,124
20823,0x17AF,5,0
20823,0x17B0,0,1
20823,0x17B5,47,190
20823,0x17B8,0,61
20823,0x17BA,141,148
20823,0x17D0,92,9
20823,0x17D1,24,27
20823,0x17D3,6,155
20823,0x17D4,103,89
20823,0x17D6,19,109
20823,0x17D9,152,182
20823,0x17E6,254,244
20823,0x17F5,8,53
20823,0x17F8,18,8
20823,0x1810,101,249
20823,0x1811,85,97
20823,0x1813,42,120
20823,0x1814,65,67
20823,0x1819,37,77
20823,0x1826,205,195
20823,0x1835,196,186
20823,0x1838,36,26
20823,0x1850,190,77
20823,0x1851,57,70
20823,0x1853,143,174
20823,0x1856,56,66
20823,0x1859,255,21
20823,0x185A,255,0
20823,0x185B,255,0
20823,0x1866,227,217
20823,0x1875,113,103
20823,0x1878,3,9
20823,0x1879,0,6
20823,0x187A,126,129
20823,0x1890,113,104
20823,0x1891,35,44
20823,0x1893,146,113
20823,0x1894,74,67
20823,0x1896,202,252
20823,0x1899,13,123
20823,0x18A6,249,239
20823,0x18B5,135,125
20823,0x18B8,25,15
20823,0x18D1,168,158
20823,0x18E4,249,251
20823,0x18E6,1,3
20823,0x18EC,147,138
20823,0x18F8,24,14
20823,0x190D,1,2
20823,0x1911,168,158
20823,0x1922,196,220
20823,0x1924,198,222
20823,0x192C,212,203
20823,0x1935,8,14
20823,0x1939,16,6
20823,0x1AD0,18,44
20823,0x1AD1,109,93
20823,0x1AD3,226,12
20823,0x1AD4,117,121
20823,0x1AE6,2,1
20823,0x1AE7,2,4
20823,0x1AF0,3,2
20823,0xFFFF,132,133
20833,0x0004,50,54
20833,0x0020,89,73
20833,0x0022,117,120
20833,0x0024,7,6
20833,0x0026,36,34
20833,0x0028,36,34
20833,0x0051,27,17
20833,0x0069,63,73
20833,0x006B,249,3
20833,0x007B,103,108
20833,0x00AD,208,218
20833,0x00CD,224,239
20833,0x00CE,162,192
20833,0x00CF,115,61
20833,0x00D0,197,11
20833,0x00D1,1,2
20833,0x0178,180,53
20833,0x0501,153,155
20833,0x0508,86,77
20833,0x0509,94,81
20833,0x050A,4,20
20833,0x050B,8,20
20833,0x050F,22,154
20833,0x0510,84,86
20833,0x0512,12,40
20833,0x0614,141,0
20833,0x0615,26,0
20833,0x061C,147,0
20833,0x061D,90,0
20833,0x061E,163,0
20833,0x061F,90,0
20833,0x0620,15,0
20833,0x0621,13,0
20833,0x0622,246,0
20833,0x0623,12,13
20833,0x0624,95,1
20833,0x0625,16,13
20833,0x0626,11,2
20833,0x0627,16,13
20833,0x0628,11,0
20833,0x0629,16,0
20833,0x062A,11,0
20833,0x062B,16,0
20833,0x062C,39,0
20833,0x062D,17,0
20833,0x062E,40,0
20833,0x062F,17,0
20833,0x0630,116,82
20833,0x0631,16,63
20833,0x0632,117,36
20833,0x0633,16,63
20833,0x0634,0,58
20833,0x0635,0,63
20833,0x0636,0,74
20833,0x0637,0,63
20833,0x0874,222,86
20833,0x0875,42,1
20833,0x0876,86,222
20833,0x0877,1,42
20833,0x0894,22,14
20833,0x0895,91,58
20833,0x0896,14,22
20833,0x0897,58,91
20833,0x0900,180,170
20833,0x0904,164,154
20833,0x0908,133,123
20833,0x090C,149,139
20833,0x0918,202,184
20833,0x091C,218,200
20833,0x0920,190,180
20833,0x0924,174,164
20833,0x0928,252,234
20833,0x092C,12,250
20833,0x0930,27,33
20833,0x0931,81,69
20833,0x0932,6,2
20833,0x0934,11,17
20833,0x0935,81,69
20833,0x0936,4,0
20833,0x0938,97,110
20833,0x0939,59,63
20833,0x093C,81,94
20833,0x093D,59,63
20833,0x0940,70,82
20833,0x0944,54,66
20833,0x0948,44,55
20833,0x0949,59,56
20833,0x094C,28,39
20833,0x094D,59,56
20833,0x0950,158,148
20833,0x0954,142,132
20833,0x0958,89,73
20833,0x0959,117,120
20833,0x095A,7,6
20833,0x095B,36,34
20833,0x0B02,234,170
20833,0x0B22,89,91
20833,0x0B24,179,182
20833,0x0B26,103,108
20833,0x0B28,206,216
20833,0x0B82,89,91
20833,0x0B84,179,182
20833,0x0B86,103,108
20833,0x0B88,206,216
20833,0x0F99,103,108
20833,0x0F9D,103,108
20833,0x0FD1,103,108
20833,0x0FF0,103,108
20833,0x16D0,24,32
20833,0x16D1,218,200
20833,0x16E6,225,215
20833,0x16F5,162,152
20833,0x16F8,33,23
20833,0x1711,190,180
20833,0x1726,2,1
20833,0x1738,46,36
20833,0x1751,190,180
20833,0x1775,14,4
20833,0x1779,38,28
20833,0x1790,104,112
20833,0x1791,12,250
20833,0x1792,1,0
20833,0x17A6,253,243
20833,0x17B5,190,180
20833,0x17B8,61,51
20833,0x17D0,9,34
20833,0x17D1,27,33
20833,0x17D3,155,140
20833,0x17D4,89,77
20833,0x17D6,109,187
20833,0x17D9,182,236
20833,0x17DC,9,5
20833,0x17DD,3,11
20833,0x17E2,13,65
20833,0x17E3,12,7
20833,0x17E4,25,67
20833,0x17E5,12,7
20833,0x17E6,244,252
20833,0x17ED,43,12
20833,0x17F5,53,43
20833,0x17F8,8,28
20833,0x17FA,121,126
20833,0x1810,249,141
20833,0x1811,97,110
20833,0x1813,120,86
20833,0x1814,67,71
20833,0x1819,77,117
20833,0x1826,195,185
20833,0x1835,186,176
20833,0x1838,26,16
20833,0x1850,77,225
20833,0x1851,70,82
20833,0x1853,174,228
20833,0x1859,21,29
20833,0x185D,11,4
20833,0x1866,217,207
20833,0x1875,103,93
20833,0x1878,9,38
20833,0x1879,6,2
20833,0x187A,129,133
20833,0x1890,104,83
20833,0x1891,44,55
20833,0x1893,113,156
20833,0x1894,67,64
20833,0x1896,252,46
20833,0x1897,0,1
20833,0x1899,123,233
20833,0x18A6,239,229
20833,0x18B5,125,115
20833,0x18B8,15,5
20833,0x18D1,158,148
20833,0x18E6,3,2
20833,0x18F8,14,4
20833,0x1911,158,148
20833,0x1935,14,4
20833,0x1939,6,44
20833,0x1AD0,44,70
20833,0x1AD1,93,77
20833,0x1AD3,12,54
20833,0x1AD4,121,124
20833,0x1AE4,182,184
20833,0x1AE7,4,2
20833,0x1AEC,61,56
20833,0x1AF0,2,1
