"sample","emu_frame","snapshot_index","component","pixels","min_x","max_x","min_y","max_y","center_x","center_y","screenshot","interpretation"
"550","20733","31","0","13","182","187","93","97","184.5","95","frame_0550.png","unclassified green sprite pixels"
"550","20733","31","1","13","221","226","93","97","223.5","95","frame_0550.png","unclassified green sprite pixels"
"550","20733","31","2","4","190","191","95","97","190.5","96","frame_0550.png","unclassified green sprite pixels"
"550","20733","31","3","4","229","230","95","97","229.5","96","frame_0550.png","unclassified green sprite pixels"
"550","20733","31","4","19","193","197","96","102","195","99","frame_0550.png","unclassified green sprite pixels"
"550","20733","31","5","19","232","236","96","102","234","99","frame_0550.png","unclassified green sprite pixels"
"550","20733","31","6","8","199","201","101","103","200","102","frame_0550.png","unclassified green sprite pixels"
"550","20733","31","7","8","238","240","101","103","239","102","frame_0550.png","unclassified green sprite pixels"
"552","20735","32","0","13","185","190","93","97","187.5","95","frame_0552.png","unclassified green sprite pixels"
"552","20735","32","1","13","224","229","93","97","226.5","95","frame_0552.png","unclassified green sprite pixels"
"552","20735","32","2","4","193","194","95","97","193.5","96","frame_0552.png","unclassified green sprite pixels"
"552","20735","32","3","4","232","233","95","97","232.5","96","frame_0552.png","unclassified green sprite pixels"
"552","20735","32","4","19","196","200","96","102","198","99","frame_0552.png","unclassified green sprite pixels"
"552","20735","32","5","19","235","239","96","102","237","99","frame_0552.png","unclassified green sprite pixels"
"552","20735","32","6","8","202","204","101","103","203","102","frame_0552.png","unclassified green sprite pixels"
"552","20735","32","7","8","241","243","101","103","242","102","frame_0552.png","unclassified green sprite pixels"
"554","20737","33","0","13","188","193","93","97","190.5","95","frame_0554.png","unclassified green sprite pixels"
"554","20737","33","1","13","227","232","93","97","229.5","95","frame_0554.png","unclassified green sprite pixels"
"554","20737","33","2","4","196","197","95","97","196.5","96","frame_0554.png","unclassified green sprite pixels"
"554","20737","33","3","4","235","236","95","97","235.5","96","frame_0554.png","unclassified green sprite pixels"
"554","20737","33","4","19","199","203","96","102","201","99","frame_0554.png","unclassified green sprite pixels"
"554","20737","33","5","19","238","242","96","102","240","99","frame_0554.png","unclassified green sprite pixels"
"554","20737","33","6","8","205","207","101","103","206","102","frame_0554.png","unclassified green sprite pixels"
"554","20737","33","7","8","244","246","101","103","245","102","frame_0554.png","unclassified green sprite pixels"
"556","20739","34","0","13","192","197","93","97","194.5","95","frame_0556.png","unclassified green sprite pixels"
"556","20739","34","1","13","231","236","93","97","233.5","95","frame_0556.png","unclassified green sprite pixels"
"556","20739","34","2","4","200","201","95","97","200.5","96","frame_0556.png","unclassified green sprite pixels"
"556","20739","34","3","4","239","240","95","97","239.5","96","frame_0556.png","unclassified green sprite pixels"
"556","20739","34","4","19","203","207","96","102","205","99","frame_0556.png","unclassified green sprite pixels"
"556","20739","34","5","19","242","246","96","102","244","99","frame_0556.png","unclassified green sprite pixels"
"556","20739","34","6","8","209","211","101","103","210","102","frame_0556.png","unclassified green sprite pixels"
"556","20739","34","7","8","248","250","101","103","249","102","frame_0556.png","unclassified green sprite pixels"
"558","20741","35","0","13","195","200","93","97","197.5","95","frame_0558.png","unclassified green sprite pixels"
"558","20741","35","1","13","234","239","93","97","236.5","95","frame_0558.png","unclassified green sprite pixels"
"558","20741","35","2","4","203","204","95","97","203.5","96","frame_0558.png","unclassified green sprite pixels"
"558","20741","35","3","4","242","243","95","97","242.5","96","frame_0558.png","unclassified green sprite pixels"
"558","20741","35","4","19","206","210","96","102","208","99","frame_0558.png","unclassified green sprite pixels"
"558","20741","35","5","19","245","249","96","102","247","99","frame_0558.png","unclassified green sprite pixels"
"558","20741","35","6","8","212","214","101","103","213","102","frame_0558.png","unclassified green sprite pixels"
"558","20741","35","7","8","251","253","101","103","252","102","frame_0558.png","unclassified green sprite pixels"
"560","20743","36","0","13","199","204","93","97","201.5","95","frame_0560.png","unclassified green sprite pixels"
"560","20743","36","1","13","238","243","93","97","240.5","95","frame_0560.png","unclassified green sprite pixels"
"560","20743","36","2","4","207","208","95","97","207.5","96","frame_0560.png","unclassified green sprite pixels"
"560","20743","36","3","4","246","247","95","97","246.5","96","frame_0560.png","unclassified green sprite pixels"
"560","20743","36","4","19","210","214","96","102","212","99","frame_0560.png","unclassified green sprite pixels"
"560","20743","36","5","19","249","253","96","102","251","99","frame_0560.png","unclassified green sprite pixels"
"560","20743","36","6","8","216","218","101","103","217","102","frame_0560.png","unclassified green sprite pixels"
"560","20743","36","7","2","255","255","102","103","255","102.5","frame_0560.png","unclassified green sprite pixels"
"562","20745","37","0","13","202","207","93","97","204.5","95","frame_0562.png","unclassified green sprite pixels"
"562","20745","37","1","13","241","246","93","97","243.5","95","frame_0562.png","unclassified green sprite pixels"
"562","20745","37","2","4","210","211","95","97","210.5","96","frame_0562.png","unclassified green sprite pixels"
"562","20745","37","3","4","249","250","95","97","249.5","96","frame_0562.png","unclassified green sprite pixels"
"562","20745","37","4","19","213","217","96","102","215","99","frame_0562.png","unclassified green sprite pixels"
"562","20745","37","5","13","252","255","96","102","253.5","99","frame_0562.png","unclassified green sprite pixels"
"562","20745","37","6","8","219","221","101","103","220","102","frame_0562.png","unclassified green sprite pixels"
"564","20747","38","0","13","205","210","93","97","207.5","95","frame_0564.png","unclassified green sprite pixels"
"564","20747","38","1","13","245","250","93","97","247.5","95","frame_0564.png","unclassified green sprite pixels"
"564","20747","38","2","4","213","214","95","97","213.5","96","frame_0564.png","unclassified green sprite pixels"
"564","20747","38","3","4","253","254","95","97","253.5","96","frame_0564.png","unclassified green sprite pixels"
"564","20747","38","4","19","216","220","96","102","218","99","frame_0564.png","unclassified green sprite pixels"
"564","20747","38","5","8","222","224","101","103","223","102","frame_0564.png","unclassified green sprite pixels"
"566","20749","39","0","2","209","209","93","94","209","93.5","frame_0566.png","unclassified green sprite pixels"
"566","20749","39","1","13","248","253","93","97","250.5","95","frame_0566.png","unclassified green sprite pixels"
"566","20749","39","2","4","213","214","94","97","213.5","95.5","frame_0566.png","unclassified green sprite pixels"
"566","20749","39","3","4","217","218","95","97","217.5","96","frame_0566.png","unclassified green sprite pixels"
"566","20749","39","4","19","220","224","96","102","222","99","frame_0566.png","unclassified green sprite pixels"
"566","20749","39","5","8","226","228","101","103","227","102","frame_0566.png","unclassified green sprite pixels"
"568","20751","40","0","13","212","217","93","97","214.5","95","frame_0568.png","unclassified green sprite pixels"
"568","20751","40","1","10","251","255","93","96","253","94.5","frame_0568.png","unclassified green sprite pixels"
"568","20751","40","2","4","220","221","95","97","220.5","96","frame_0568.png","unclassified green sprite pixels"
"568","20751","40","3","19","223","227","96","102","225","99","frame_0568.png","unclassified green sprite pixels"
"568","20751","40","4","8","229","231","101","103","230","102","frame_0568.png","unclassified green sprite pixels"
"570","20753","41","0","13","216","221","93","97","218.5","95","frame_0570.png","unclassified green sprite pixels"
"570","20753","41","1","2","255","255","93","94","255","93.5","frame_0570.png","unclassified green sprite pixels"
"570","20753","41","2","4","224","225","95","97","224.5","96","frame_0570.png","unclassified green sprite pixels"
"570","20753","41","3","19","227","231","96","102","229","99","frame_0570.png","unclassified green sprite pixels"
"570","20753","41","4","8","233","235","101","103","234","102","frame_0570.png","unclassified green sprite pixels"
"572","20755","42","0","13","219","224","93","97","221.5","95","frame_0572.png","unclassified green sprite pixels"
"572","20755","42","1","4","227","228","95","97","227.5","96","frame_0572.png","unclassified green sprite pixels"
"572","20755","42","2","19","230","234","96","102","232","99","frame_0572.png","unclassified green sprite pixels"
"572","20755","42","3","8","236","238","101","103","237","102","frame_0572.png","unclassified green sprite pixels"
"574","20757","43","0","13","222","227","93","97","224.5","95","frame_0574.png","unclassified green sprite pixels"
"574","20757","43","1","4","230","231","95","97","230.5","96","frame_0574.png","unclassified green sprite pixels"
"574","20757","43","2","19","233","237","96","102","235","99","frame_0574.png","unclassified green sprite pixels"
"574","20757","43","3","8","239","241","101","103","240","102","frame_0574.png","unclassified green sprite pixels"
"576","20759","44","0","13","226","231","93","97","228.5","95","frame_0576.png","unclassified green sprite pixels"
"576","20759","44","1","4","234","235","95","97","234.5","96","frame_0576.png","unclassified green sprite pixels"
"576","20759","44","2","19","237","241","96","102","239","99","frame_0576.png","unclassified green sprite pixels"
"576","20759","44","3","8","243","245","101","103","244","102","frame_0576.png","unclassified green sprite pixels"
"578","20761","45","0","13","229","234","93","97","231.5","95","frame_0578.png","unclassified green sprite pixels"
"578","20761","45","1","4","237","238","95","97","237.5","96","frame_0578.png","unclassified green sprite pixels"
"578","20761","45","2","19","240","244","96","102","242","99","frame_0578.png","unclassified green sprite pixels"
"578","20761","45","3","8","246","248","101","103","247","102","frame_0578.png","unclassified green sprite pixels"
"580","20763","46","0","13","233","238","93","97","235.5","95","frame_0580.png","unclassified green sprite pixels"
"580","20763","46","1","4","241","242","95","97","241.5","96","frame_0580.png","unclassified green sprite pixels"
"580","20763","46","2","19","244","248","96","102","246","99","frame_0580.png","unclassified green sprite pixels"
"580","20763","46","3","8","250","252","101","103","251","102","frame_0580.png","unclassified green sprite pixels"
"582","20765","47","0","13","236","241","93","97","238.5","95","frame_0582.png","unclassified green sprite pixels"
"582","20765","47","1","4","244","245","95","97","244.5","96","frame_0582.png","unclassified green sprite pixels"
"582","20765","47","2","19","247","251","96","102","249","99","frame_0582.png","unclassified green sprite pixels"
"582","20765","47","3","8","253","255","101","103","254","102","frame_0582.png","unclassified green sprite pixels"
"584","20767","48","0","13","239","244","93","97","241.5","95","frame_0584.png","unclassified green sprite pixels"
"584","20767","48","1","4","247","248","95","97","247.5","96","frame_0584.png","unclassified green sprite pixels"
"584","20767","48","2","19","250","254","96","102","252","99","frame_0584.png","unclassified green sprite pixels"
"586","20769","49","0","13","243","248","93","97","245.5","95","frame_0586.png","unclassified green sprite pixels"
"586","20769","49","1","4","251","252","95","97","251.5","96","frame_0586.png","unclassified green sprite pixels"
"586","20769","49","2","3","254","255","100","101","254.5","100.5","frame_0586.png","unclassified green sprite pixels"
"588","20771","50","0","13","246","251","93","97","248.5","95","frame_0588.png","unclassified green sprite pixels"
"588","20771","50","1","4","254","255","95","97","254.5","96","frame_0588.png","unclassified green sprite pixels"
"590","20773","51","0","13","250","255","93","97","252.5","95","frame_0590.png","unclassified green sprite pixels"
"592","20775","52","0","6","253","255","93","95","254","94","frame_0592.png","unclassified green sprite pixels"
"614","20797","63","0","3","255","255","108","110","255","109","frame_0614.png","unclassified green sprite pixels"
"616","20799","64","0","8","252","254","108","110","253","109","frame_0616.png","unclassified green sprite pixels"
"618","20801","65","0","18","252","255","103","109","253.5","106","frame_0618.png","unclassified green sprite pixels"
"618","20801","65","1","8","248","250","108","110","249","109","frame_0618.png","unclassified green sprite pixels"
"620","20803","66","0","4","254","255","102","104","254.5","103","frame_0620.png","unclassified green sprite pixels"
"620","20803","66","1","19","248","252","103","109","250","106","frame_0620.png","unclassified green sprite pixels"
"620","20803","66","2","8","244","246","108","110","245","109","frame_0620.png","unclassified green sprite pixels"
"622","20805","67","0","4","251","252","102","104","251.5","103","frame_0622.png","unclassified green sprite pixels"
"622","20805","67","1","3","255","255","102","104","255","103","frame_0622.png","unclassified green sprite pixels"
"622","20805","67","2","19","245","249","103","109","247","106","frame_0622.png","unclassified green sprite pixels"
"622","20805","67","3","8","241","243","108","110","242","109","frame_0622.png","unclassified green sprite pixels"
"624","20807","68","0","11","251","255","101","104","253","102.5","frame_0624.png","unclassified green sprite pixels"
"624","20807","68","1","4","247","248","102","104","247.5","103","frame_0624.png","unclassified green sprite pixels"
"624","20807","68","2","19","241","245","103","109","243","106","frame_0624.png","unclassified green sprite pixels"
"624","20807","68","3","8","237","239","108","110","238","109","frame_0624.png","unclassified green sprite pixels"
"626","20809","69","0","13","248","253","100","104","250.5","102","frame_0626.png","unclassified green sprite pixels"
"626","20809","69","1","4","244","245","102","104","244.5","103","frame_0626.png","unclassified green sprite pixels"
"626","20809","69","2","19","238","242","103","109","240","106","frame_0626.png","unclassified green sprite pixels"
"626","20809","69","3","8","234","236","108","110","235","109","frame_0626.png","unclassified green sprite pixels"
"628","20811","70","0","13","244","249","100","104","246.5","102","frame_0628.png","unclassified green sprite pixels"
"628","20811","70","1","4","240","241","102","104","240.5","103","frame_0628.png","unclassified green sprite pixels"
"628","20811","70","2","19","234","238","103","109","236","106","frame_0628.png","unclassified green sprite pixels"
"628","20811","70","3","8","230","232","108","110","231","109","frame_0628.png","unclassified green sprite pixels"
"630","20813","71","0","13","240","245","100","104","242.5","102","frame_0630.png","unclassified green sprite pixels"
"630","20813","71","1","4","236","237","102","104","236.5","103","frame_0630.png","unclassified green sprite pixels"
"630","20813","71","2","19","230","234","103","109","232","106","frame_0630.png","unclassified green sprite pixels"
"630","20813","71","3","8","226","228","108","110","227","109","frame_0630.png","unclassified green sprite pixels"
"632","20815","72","0","13","237","242","100","104","239.5","102","frame_0632.png","unclassified green sprite pixels"
"632","20815","72","1","4","233","234","102","104","233.5","103","frame_0632.png","unclassified green sprite pixels"
"632","20815","72","2","19","227","231","103","109","229","106","frame_0632.png","unclassified green sprite pixels"
"632","20815","72","3","8","223","225","108","110","224","109","frame_0632.png","unclassified green sprite pixels"
"634","20817","73","0","13","233","238","100","104","235.5","102","frame_0634.png","unclassified green sprite pixels"
"634","20817","73","1","4","229","230","102","104","229.5","103","frame_0634.png","unclassified green sprite pixels"
"634","20817","73","2","19","223","227","103","109","225","106","frame_0634.png","unclassified green sprite pixels"
"634","20817","73","3","8","219","221","108","110","220","109","frame_0634.png","unclassified green sprite pixels"
"636","20819","74","0","13","230","235","100","104","232.5","102","frame_0636.png","unclassified green sprite pixels"
"636","20819","74","1","4","226","227","102","104","226.5","103","frame_0636.png","unclassified green sprite pixels"
"636","20819","74","2","19","220","224","103","109","222","106","frame_0636.png","unclassified green sprite pixels"
"636","20819","74","3","8","216","218","108","110","217","109","frame_0636.png","unclassified green sprite pixels"
"638","20821","75","0","13","226","231","100","104","228.5","102","frame_0638.png","unclassified green sprite pixels"
"638","20821","75","1","4","222","223","102","104","222.5","103","frame_0638.png","unclassified green sprite pixels"
"638","20821","75","2","19","216","220","103","109","218","106","frame_0638.png","unclassified green sprite pixels"
"638","20821","75","3","8","212","214","108","110","213","109","frame_0638.png","unclassified green sprite pixels"
"640","20823","76","0","13","222","227","100","104","224.5","102","frame_0640.png","unclassified green sprite pixels"
"640","20823","76","1","4","218","219","102","104","218.5","103","frame_0640.png","unclassified green sprite pixels"
"640","20823","76","2","19","212","216","103","109","214","106","frame_0640.png","unclassified green sprite pixels"
"640","20823","76","3","8","208","210","108","110","209","109","frame_0640.png","unclassified green sprite pixels"
"642","20825","77","0","13","219","224","100","104","221.5","102","frame_0642.png","unclassified green sprite pixels"
"642","20825","77","1","4","215","216","102","104","215.5","103","frame_0642.png","unclassified green sprite pixels"
"642","20825","77","2","19","209","213","103","109","211","106","frame_0642.png","unclassified green sprite pixels"
"642","20825","77","3","8","205","207","108","110","206","109","frame_0642.png","unclassified green sprite pixels"
"642","20825","77","4","3","255","255","108","110","255","109","frame_0642.png","unclassified green sprite pixels"
"644","20827","78","0","13","215","220","100","104","217.5","102","frame_0644.png","unclassified green sprite pixels"
"644","20827","78","1","4","211","212","102","104","211.5","103","frame_0644.png","unclassified green sprite pixels"
"644","20827","78","2","19","205","209","103","109","207","106","frame_0644.png","unclassified green sprite pixels"
"644","20827","78","3","8","201","203","108","110","202","109","frame_0644.png","unclassified green sprite pixels"
"644","20827","78","4","8","252","254","108","110","253","109","frame_0644.png","unclassified green sprite pixels"
"646","20829","79","0","13","212","217","100","104","214.5","102","frame_0646.png","unclassified green sprite pixels"
"646","20829","79","1","4","208","209","102","104","208.5","103","frame_0646.png","unclassified green sprite pixels"
"646","20829","79","2","19","202","206","103","109","204","106","frame_0646.png","unclassified green sprite pixels"
"646","20829","79","3","18","252","255","103","109","253.5","106","frame_0646.png","unclassified green sprite pixels"
"646","20829","79","4","8","198","200","108","110","199","109","frame_0646.png","unclassified green sprite pixels"
"646","20829","79","5","8","248","250","108","110","249","109","frame_0646.png","unclassified green sprite pixels"
"648","20831","80","0","13","208","213","100","104","210.5","102","frame_0648.png","unclassified green sprite pixels"
"648","20831","80","1","4","204","205","102","104","204.5","103","frame_0648.png","unclassified green sprite pixels"
"648","20831","80","2","4","254","255","102","104","254.5","103","frame_0648.png","unclassified green sprite pixels"
"648","20831","80","3","19","198","202","103","109","200","106","frame_0648.png","unclassified green sprite pixels"
"648","20831","80","4","19","248","252","103","109","250","106","frame_0648.png","unclassified green sprite pixels"
"648","20831","80","5","8","194","196","108","110","195","109","frame_0648.png","unclassified green sprite pixels"
"648","20831","80","6","8","244","246","108","110","245","109","frame_0648.png","unclassified green sprite pixels"
"650","20833","81","0","13","204","209","100","104","206.5","102","frame_0650.png","unclassified green sprite pixels"
"650","20833","81","1","4","200","201","102","104","200.5","103","frame_0650.png","unclassified green sprite pixels"
"650","20833","81","2","4","251","252","102","104","251.5","103","frame_0650.png","unclassified green sprite pixels"
"650","20833","81","3","3","255","255","102","104","255","103","frame_0650.png","unclassified green sprite pixels"
"650","20833","81","4","19","194","198","103","109","196","106","frame_0650.png","unclassified green sprite pixels"
"650","20833","81","5","19","245","249","103","109","247","106","frame_0650.png","unclassified green sprite pixels"
"650","20833","81","6","8","190","192","108","110","191","109","frame_0650.png","unclassified green sprite pixels"
"650","20833","81","7","8","241","243","108","110","242","109","frame_0650.png","unclassified green sprite pixels"
"652","20835","82","0","13","201","206","100","104","203.5","102","frame_0652.png","unclassified green sprite pixels"
"652","20835","82","1","11","251","255","101","104","253","102.5","frame_0652.png","unclassified green sprite pixels"
"652","20835","82","2","4","197","198","102","104","197.5","103","frame_0652.png","unclassified green sprite pixels"
"652","20835","82","3","4","247","248","102","104","247.5","103","frame_0652.png","unclassified green sprite pixels"
"652","20835","82","4","19","191","195","103","109","193","106","frame_0652.png","unclassified green sprite pixels"
"652","20835","82","5","19","241","245","103","109","243","106","frame_0652.png","unclassified green sprite pixels"
"652","20835","82","6","8","187","189","108","110","188","109","frame_0652.png","unclassified green sprite pixels"
"652","20835","82","7","8","237","239","108","110","238","109","frame_0652.png","unclassified green sprite pixels"
"654","20837","83","0","13","197","202","100","104","199.5","102","frame_0654.png","unclassified green sprite pixels"
"654","20837","83","1","13","248","253","100","104","250.5","102","frame_0654.png","unclassified green sprite pixels"
"654","20837","83","2","4","193","194","102","104","193.5","103","frame_0654.png","unclassified green sprite pixels"
"654","20837","83","3","4","244","245","102","104","244.5","103","frame_0654.png","unclassified green sprite pixels"
"654","20837","83","4","19","187","191","103","109","189","106","frame_0654.png","unclassified green sprite pixels"
"654","20837","83","5","19","238","242","103","109","240","106","frame_0654.png","unclassified green sprite pixels"
"654","20837","83","6","8","183","185","108","110","184","109","frame_0654.png","unclassified green sprite pixels"
"654","20837","83","7","8","234","236","108","110","235","109","frame_0654.png","unclassified green sprite pixels"
"656","20839","84","0","13","194","199","100","104","196.5","102","frame_0656.png","unclassified green sprite pixels"
"656","20839","84","1","13","244","249","100","104","246.5","102","frame_0656.png","unclassified green sprite pixels"
"656","20839","84","2","4","190","191","102","104","190.5","103","frame_0656.png","unclassified green sprite pixels"
"656","20839","84","3","4","240","241","102","104","240.5","103","frame_0656.png","unclassified green sprite pixels"
"656","20839","84","4","19","184","188","103","109","186","106","frame_0656.png","unclassified green sprite pixels"
"656","20839","84","5","19","234","238","103","109","236","106","frame_0656.png","unclassified green sprite pixels"
"656","20839","84","6","8","180","182","108","110","181","109","frame_0656.png","unclassified green sprite pixels"
"656","20839","84","7","8","230","232","108","110","231","109","frame_0656.png","unclassified green sprite pixels"
"658","20841","85","0","13","190","195","100","104","192.5","102","frame_0658.png","unclassified green sprite pixels"
"658","20841","85","1","13","240","245","100","104","242.5","102","frame_0658.png","unclassified green sprite pixels"
"658","20841","85","2","4","186","187","102","104","186.5","103","frame_0658.png","unclassified green sprite pixels"
"658","20841","85","3","4","236","237","102","104","236.5","103","frame_0658.png","unclassified green sprite pixels"
"658","20841","85","4","19","180","184","103","109","182","106","frame_0658.png","unclassified green sprite pixels"
"658","20841","85","5","19","230","234","103","109","232","106","frame_0658.png","unclassified green sprite pixels"
"658","20841","85","6","8","176","178","108","110","177","109","frame_0658.png","unclassified green sprite pixels"
"658","20841","85","7","8","226","228","108","110","227","109","frame_0658.png","unclassified green sprite pixels"
"660","20843","86","0","13","186","191","100","104","188.5","102","frame_0660.png","unclassified green sprite pixels"
"660","20843","86","1","13","237","242","100","104","239.5","102","frame_0660.png","unclassified green sprite pixels"
"660","20843","86","2","4","182","183","102","104","182.5","103","frame_0660.png","unclassified green sprite pixels"
"660","20843","86","3","4","233","234","102","104","233.5","103","frame_0660.png","unclassified green sprite pixels"
"660","20843","86","4","19","176","180","103","109","178","106","frame_0660.png","unclassified green sprite pixels"
"660","20843","86","5","19","227","231","103","109","229","106","frame_0660.png","unclassified green sprite pixels"
"660","20843","86","6","8","172","174","108","110","173","109","frame_0660.png","unclassified green sprite pixels"
"660","20843","86","7","8","223","225","108","110","224","109","frame_0660.png","unclassified green sprite pixels"
"662","20845","87","0","13","183","188","100","104","185.5","102","frame_0662.png","unclassified green sprite pixels"
"662","20845","87","1","13","233","238","100","104","235.5","102","frame_0662.png","unclassified green sprite pixels"
"662","20845","87","2","4","179","180","102","104","179.5","103","frame_0662.png","unclassified green sprite pixels"
"662","20845","87","3","4","229","230","102","104","229.5","103","frame_0662.png","unclassified green sprite pixels"
"662","20845","87","4","19","173","177","103","109","175","106","frame_0662.png","unclassified green sprite pixels"
"662","20845","87","5","19","223","227","103","109","225","106","frame_0662.png","unclassified green sprite pixels"
"662","20845","87","6","8","169","171","108","110","170","109","frame_0662.png","unclassified green sprite pixels"
"662","20845","87","7","8","219","221","108","110","220","109","frame_0662.png","unclassified green sprite pixels"
"664","20847","88","0","13","179","184","100","104","181.5","102","frame_0664.png","unclassified green sprite pixels"
"664","20847","88","1","13","230","235","100","104","232.5","102","frame_0664.png","unclassified green sprite pixels"
"664","20847","88","2","4","175","176","102","104","175.5","103","frame_0664.png","unclassified green sprite pixels"
"664","20847","88","3","4","226","227","102","104","226.5","103","frame_0664.png","unclassified green sprite pixels"
"664","20847","88","4","19","169","173","103","109","171","106","frame_0664.png","unclassified green sprite pixels"
"664","20847","88","5","19","220","224","103","109","222","106","frame_0664.png","unclassified green sprite pixels"
"664","20847","88","6","8","165","167","108","110","166","109","frame_0664.png","unclassified green sprite pixels"
"664","20847","88","7","8","216","218","108","110","217","109","frame_0664.png","unclassified green sprite pixels"
"666","20849","89","0","13","176","181","100","104","178.5","102","frame_0666.png","unclassified green sprite pixels"
"666","20849","89","1","13","226","231","100","104","228.5","102","frame_0666.png","unclassified green sprite pixels"
"666","20849","89","2","4","172","173","102","104","172.5","103","frame_0666.png","unclassified green sprite pixels"
"666","20849","89","3","4","222","223","102","104","222.5","103","frame_0666.png","unclassified green sprite pixels"
"666","20849","89","4","19","166","170","103","109","168","106","frame_0666.png","unclassified green sprite pixels"
"666","20849","89","5","19","216","220","103","109","218","106","frame_0666.png","unclassified green sprite pixels"
"666","20849","89","6","8","162","164","108","110","163","109","frame_0666.png","unclassified green sprite pixels"
"666","20849","89","7","8","212","214","108","110","213","109","frame_0666.png","unclassified green sprite pixels"
"668","20851","90","0","13","172","177","100","104","174.5","102","frame_0668.png","unclassified green sprite pixels"
"668","20851","90","1","13","222","227","100","104","224.5","102","frame_0668.png","unclassified green sprite pixels"
"668","20851","90","2","4","168","169","102","104","168.5","103","frame_0668.png","unclassified green sprite pixels"
"668","20851","90","3","4","218","219","102","104","218.5","103","frame_0668.png","unclassified green sprite pixels"
"668","20851","90","4","19","162","166","103","109","164","106","frame_0668.png","unclassified green sprite pixels"
"668","20851","90","5","19","212","216","103","109","214","106","frame_0668.png","unclassified green sprite pixels"
"668","20851","90","6","8","158","160","108","110","159","109","frame_0668.png","unclassified green sprite pixels"
"668","20851","90","7","8","208","210","108","110","209","109","frame_0668.png","unclassified green sprite pixels"
"670","20853","91","0","13","168","173","100","104","170.5","102","frame_0670.png","unclassified green sprite pixels"
"670","20853","91","1","13","219","224","100","104","221.5","102","frame_0670.png","unclassified green sprite pixels"
"670","20853","91","2","4","164","165","102","104","164.5","103","frame_0670.png","unclassified green sprite pixels"
"670","20853","91","3","4","215","216","102","104","215.5","103","frame_0670.png","unclassified green sprite pixels"
"670","20853","91","4","19","158","162","103","109","160","106","frame_0670.png","unclassified green sprite pixels"
"670","20853","91","5","19","209","213","103","109","211","106","frame_0670.png","unclassified green sprite pixels"
"670","20853","91","6","8","154","156","108","110","155","109","frame_0670.png","unclassified green sprite pixels"
"670","20853","91","7","8","205","207","108","110","206","109","frame_0670.png","unclassified green sprite pixels"
"670","20853","91","8","3","255","255","108","110","255","109","frame_0670.png","unclassified green sprite pixels"
"672","20855","92","0","13","165","170","100","104","167.5","102","frame_0672.png","unclassified green sprite pixels"
"672","20855","92","1","13","215","220","100","104","217.5","102","frame_0672.png","unclassified green sprite pixels"
"672","20855","92","2","4","161","162","102","104","161.5","103","frame_0672.png","unclassified green sprite pixels"
"672","20855","92","3","4","211","212","102","104","211.5","103","frame_0672.png","unclassified green sprite pixels"
"672","20855","92","4","19","155","159","103","109","157","106","frame_0672.png","unclassified green sprite pixels"
"672","20855","92","5","19","205","209","103","109","207","106","frame_0672.png","unclassified green sprite pixels"
"672","20855","92","6","8","151","153","108","110","152","109","frame_0672.png","unclassified green sprite pixels"
"672","20855","92","7","8","201","203","108","110","202","109","frame_0672.png","unclassified green sprite pixels"
"672","20855","92","8","8","252","254","108","110","253","109","frame_0672.png","unclassified green sprite pixels"
"674","20857","93","0","18","150","153","100","106","151.5","103","frame_0674.png","unclassified green sprite pixels"
"674","20857","93","1","14","157","162","100","104","159.5","102","frame_0674.png","unclassified green sprite pixels"
"674","20857","93","2","13","212","217","100","104","214.5","102","frame_0674.png","unclassified green sprite pixels"
"674","20857","93","3","4","165","166","101","102","165.5","101.5","frame_0674.png","unclassified green sprite pixels"
"674","20857","93","4","4","208","209","102","104","208.5","103","frame_0674.png","unclassified green sprite pixels"
"674","20857","93","5","9","146","148","103","106","147","104.5","frame_0674.png","unclassified green sprite pixels"
"674","20857","93","6","19","202","206","103","109","204","106","frame_0674.png","unclassified green sprite pixels"
"674","20857","93","7","18","252","255","103","109","253.5","106","frame_0674.png","unclassified green sprite pixels"
"674","20857","93","8","8","198","200","108","110","199","109","frame_0674.png","unclassified green sprite pixels"
"674","20857","93","9","8","248","250","108","110","249","109","frame_0674.png","unclassified green sprite pixels"
"676","20859","94","0","18","147","150","100","106","148.5","103","frame_0676.png","unclassified green sprite pixels"
"676","20859","94","1","14","154","159","100","104","156.5","102","frame_0676.png","unclassified green sprite pixels"
"676","20859","94","2","13","208","213","100","104","210.5","102","frame_0676.png","unclassified green sprite pixels"
"676","20859","94","3","4","162","163","101","102","162.5","101.5","frame_0676.png","unclassified green sprite pixels"
"676","20859","94","4","4","204","205","102","104","204.5","103","frame_0676.png","unclassified green sprite pixels"
"676","20859","94","5","4","254","255","102","104","254.5","103","frame_0676.png","unclassified green sprite pixels"
"676","20859","94","6","9","143","145","103","106","144","104.5","frame_0676.png","unclassified green sprite pixels"
"676","20859","94","7","19","198","202","103","109","200","106","frame_0676.png","unclassified green sprite pixels"
"676","20859","94","8","19","248","252","103","109","250","106","frame_0676.png","unclassified green sprite pixels"
"676","20859","94","9","8","194","196","108","110","195","109","frame_0676.png","unclassified green sprite pixels"
"676","20859","94","10","8","244","246","108","110","245","109","frame_0676.png","unclassified green sprite pixels"
"678","20861","95","0","18","145","148","99","105","146.5","102","frame_0678.png","unclassified green sprite pixels"
"678","20861","95","1","14","152","157","99","103","154.5","101","frame_0678.png","unclassified green sprite pixels"
"678","20861","95","2","4","160","161","100","101","160.5","100.5","frame_0678.png","unclassified green sprite pixels"
"678","20861","95","3","13","204","209","100","104","206.5","102","frame_0678.png","unclassified green sprite pixels"
"678","20861","95","4","9","141","143","102","105","142","103.5","frame_0678.png","unclassified green sprite pixels"
"678","20861","95","5","4","200","201","102","104","200.5","103","frame_0678.png","unclassified green sprite pixels"
"678","20861","95","6","4","251","252","102","104","251.5","103","frame_0678.png","unclassified green sprite pixels"
"678","20861","95","7","3","255","255","102","104","255","103","frame_0678.png","unclassified green sprite pixels"
"678","20861","95","8","19","194","198","103","109","196","106","frame_0678.png","unclassified green sprite pixels"
"678","20861","95","9","19","245","249","103","109","247","106","frame_0678.png","unclassified green sprite pixels"
"678","20861","95","10","8","190","192","108","110","191","109","frame_0678.png","unclassified green sprite pixels"
"678","20861","95","11","8","241","243","108","110","242","109","frame_0678.png","unclassified green sprite pixels"
"680","20863","96","0","18","142","145","98","104","143.5","101","frame_0680.png","unclassified green sprite pixels"
"680","20863","96","1","14","149","154","98","102","151.5","100","frame_0680.png","unclassified green sprite pixels"
"680","20863","96","2","4","157","158","99","100","157.5","99.5","frame_0680.png","unclassified green sprite pixels"
"680","20863","96","3","13","201","206","100","104","203.5","102","frame_0680.png","unclassified green sprite pixels"
"680","20863","96","4","9","138","140","101","104","139","102.5","frame_0680.png","unclassified green sprite pixels"
"680","20863","96","5","11","251","255","101","104","253","102.5","frame_0680.png","unclassified green sprite pixels"
"680","20863","96","6","4","197","198","102","104","197.5","103","frame_0680.png","unclassified green sprite pixels"
"680","20863","96","7","4","247","248","102","104","247.5","103","frame_0680.png","unclassified green sprite pixels"
"680","20863","96","8","19","191","195","103","109","193","106","frame_0680.png","unclassified green sprite pixels"
"680","20863","96","9","19","241","245","103","109","243","106","frame_0680.png","unclassified green sprite pixels"
"680","20863","96","10","8","187","189","108","110","188","109","frame_0680.png","unclassified green sprite pixels"
"680","20863","96","11","8","237","239","108","110","238","109","frame_0680.png","unclassified green sprite pixels"
"682","20865","97","0","18","140","143","96","102","141.5","99","frame_0682.png","unclassified green sprite pixels"
"682","20865","97","1","14","147","152","96","100","149.5","98","frame_0682.png","unclassified green sprite pixels"
"682","20865","97","2","4","155","156","97","98","155.5","97.5","frame_0682.png","unclassified green sprite pixels"
"682","20865","97","3","9","136","138","99","102","137","100.5","frame_0682.png","unclassified green sprite pixels"
"682","20865","97","4","13","197","202","100","104","199.5","102","frame_0682.png","unclassified green sprite pixels"
"682","20865","97","5","13","248","253","100","104","250.5","102","frame_0682.png","unclassified green sprite pixels"
"682","20865","97","6","4","193","194","102","104","193.5","103","frame_0682.png","unclassified green sprite pixels"
"682","20865","97","7","4","244","245","102","104","244.5","103","frame_0682.png","unclassified green sprite pixels"
"682","20865","97","8","19","187","191","103","109","189","106","frame_0682.png","unclassified green sprite pixels"
"682","20865","97","9","19","238","242","103","109","240","106","frame_0682.png","unclassified green sprite pixels"
"682","20865","97","10","8","183","185","108","110","184","109","frame_0682.png","unclassified green sprite pixels"
"682","20865","97","11","8","234","236","108","110","235","109","frame_0682.png","unclassified green sprite pixels"
"684","20867","98","0","18","139","142","95","101","140.5","98","frame_0684.png","unclassified green sprite pixels"
"684","20867","98","1","14","146","151","95","99","148.5","97","frame_0684.png","unclassified green sprite pixels"
"684","20867","98","2","4","154","155","96","97","154.5","96.5","frame_0684.png","unclassified green sprite pixels"
"684","20867","98","3","9","135","137","98","101","136","99.5","frame_0684.png","unclassified green sprite pixels"
"684","20867","98","4","13","194","199","100","104","196.5","102","frame_0684.png","unclassified green sprite pixels"
"684","20867","98","5","13","244","249","100","104","246.5","102","frame_0684.png","unclassified green sprite pixels"
"684","20867","98","6","4","190","191","102","104","190.5","103","frame_0684.png","unclassified green sprite pixels"
"684","20867","98","7","4","240","241","102","104","240.5","103","frame_0684.png","unclassified green sprite pixels"
"684","20867","98","8","19","184","188","103","109","186","106","frame_0684.png","unclassified green sprite pixels"
"684","20867","98","9","19","234","238","103","109","236","106","frame_0684.png","unclassified green sprite pixels"
"684","20867","98","10","8","180","182","108","110","181","109","frame_0684.png","unclassified green sprite pixels"
"684","20867","98","11","8","230","232","108","110","231","109","frame_0684.png","unclassified green sprite pixels"
"686","20869","99","0","18","138","141","92","98","139.5","95","frame_0686.png","unclassified green sprite pixels"
"686","20869","99","1","14","145","150","92","96","147.5","94","frame_0686.png","unclassified green sprite pixels"
"686","20869","99","2","4","153","154","93","94","153.5","93.5","frame_0686.png","unclassified green sprite pixels"
"686","20869","99","3","9","134","136","95","98","135","96.5","frame_0686.png","unclassified green sprite pixels"
"686","20869","99","4","13","190","195","100","104","192.5","102","frame_0686.png","unclassified green sprite pixels"
"686","20869","99","5","13","240","245","100","104","242.5","102","frame_0686.png","unclassified green sprite pixels"
"686","20869","99","6","4","186","187","102","104","186.5","103","frame_0686.png","unclassified green sprite pixels"
"686","20869","99","7","4","236","237","102","104","236.5","103","frame_0686.png","unclassified green sprite pixels"
"686","20869","99","8","19","180","184","103","109","182","106","frame_0686.png","unclassified green sprite pixels"
"686","20869","99","9","19","230","234","103","109","232","106","frame_0686.png","unclassified green sprite pixels"
"686","20869","99","10","8","176","178","108","110","177","109","frame_0686.png","unclassified green sprite pixels"
"686","20869","99","11","8","226","228","108","110","227","109","frame_0686.png","unclassified green sprite pixels"
"688","20871","100","0","18","137","140","90","96","138.5","93","frame_0688.png","unclassified green sprite pixels"
"688","20871","100","1","14","144","149","90","94","146.5","92","frame_0688.png","unclassified green sprite pixels"
"688","20871","100","2","3","152","153","91","92","152.5","91.5","frame_0688.png","unclassified green sprite pixels"
"688","20871","100","3","9","133","135","93","96","134","94.5","frame_0688.png","unclassified green sprite pixels"
"688","20871","100","4","13","186","191","100","104","188.5","102","frame_0688.png","unclassified green sprite pixels"
"688","20871","100","5","13","237","242","100","104","239.5","102","frame_0688.png","unclassified green sprite pixels"
"688","20871","100","6","4","182","183","102","104","182.5","103","frame_0688.png","unclassified green sprite pixels"
"688","20871","100","7","4","233","234","102","104","233.5","103","frame_0688.png","unclassified green sprite pixels"
"688","20871","100","8","19","176","180","103","109","178","106","frame_0688.png","unclassified green sprite pixels"
"688","20871","100","9","19","227","231","103","109","229","106","frame_0688.png","unclassified green sprite pixels"
"688","20871","100","10","8","172","174","108","110","173","109","frame_0688.png","unclassified green sprite pixels"
"688","20871","100","11","8","223","225","108","110","224","109","frame_0688.png","unclassified green sprite pixels"
"690","20873","101","0","18","136","139","87","93","137.5","90","frame_0690.png","unclassified green sprite pixels"
"690","20873","101","1","10","144","148","88","91","146","89.5","frame_0690.png","unclassified green sprite pixels"
"690","20873","101","2","9","132","134","90","93","133","91.5","frame_0690.png","unclassified green sprite pixels"
"690","20873","101","3","13","183","188","100","104","185.5","102","frame_0690.png","unclassified green sprite pixels"
"690","20873","101","4","13","233","238","100","104","235.5","102","frame_0690.png","unclassified green sprite pixels"
"690","20873","101","5","4","179","180","102","104","179.5","103","frame_0690.png","unclassified green sprite pixels"
"690","20873","101","6","4","229","230","102","104","229.5","103","frame_0690.png","unclassified green sprite pixels"
"690","20873","101","7","19","173","177","103","109","175","106","frame_0690.png","unclassified green sprite pixels"
"690","20873","101","8","19","223","227","103","109","225","106","frame_0690.png","unclassified green sprite pixels"
"690","20873","101","9","8","169","171","108","110","170","109","frame_0690.png","unclassified green sprite pixels"
"690","20873","101","10","8","219","221","108","110","220","109","frame_0690.png","unclassified green sprite pixels"
"692","20875","102","0","5","147","148","85","87","147.5","86","frame_0692.png","unclassified green sprite pixels"
"692","20875","102","1","2","151","151","85","86","151","85.5","frame_0692.png","unclassified green sprite pixels"
"692","20875","102","2","9","132","134","87","90","133","88.5","frame_0692.png","unclassified green sprite pixels"
"692","20875","102","3","13","136","139","87","90","137.5","88.5","frame_0692.png","unclassified green sprite pixels"
"692","20875","102","4","13","179","184","100","104","181.5","102","frame_0692.png","unclassified green sprite pixels"
"692","20875","102","5","13","230","235","100","104","232.5","102","frame_0692.png","unclassified green sprite pixels"
"692","20875","102","6","4","175","176","102","104","175.5","103","frame_0692.png","unclassified green sprite pixels"
"692","20875","102","7","4","226","227","102","104","226.5","103","frame_0692.png","unclassified green sprite pixels"
"692","20875","102","8","19","169","173","103","109","171","106","frame_0692.png","unclassified green sprite pixels"
"692","20875","102","9","19","220","224","103","109","222","106","frame_0692.png","unclassified green sprite pixels"
"692","20875","102","10","8","165","167","108","110","166","109","frame_0692.png","unclassified green sprite pixels"
"692","20875","102","11","8","216","218","108","110","217","109","frame_0692.png","unclassified green sprite pixels"
"694","20877","103","0","3","144","145","81","82","144.5","81.5","frame_0694.png","unclassified green sprite pixels"
"694","20877","103","1","6","147","149","82","85","148","83.5","frame_0694.png","unclassified green sprite pixels"
"694","20877","103","2","4","152","153","82","83","152.5","82.5","frame_0694.png","unclassified green sprite pixels"
"694","20877","103","3","8","133","135","85","87","134","86","frame_0694.png","unclassified green sprite pixels"
"694","20877","103","4","2","137","138","87","87","137.5","87","frame_0694.png","unclassified green sprite pixels"
"694","20877","103","5","13","226","231","100","104","228.5","102","frame_0694.png","unclassified green sprite pixels"
"694","20877","103","6","6","176","177","101","104","176.5","102.5","frame_0694.png","unclassified green sprite pixels"
"694","20877","103","7","3","179","180","101","102","179.5","101.5","frame_0694.png","unclassified green sprite pixels"
"694","20877","103","8","4","172","173","102","104","172.5","103","frame_0694.png","unclassified green sprite pixels"
"694","20877","103","9","4","222","223","102","104","222.5","103","frame_0694.png","unclassified green sprite pixels"
"694","20877","103","10","19","166","170","103","109","168","106","frame_0694.png","unclassified green sprite pixels"
"694","20877","103","11","19","216","220","103","109","218","106","frame_0694.png","unclassified green sprite pixels"
"694","20877","103","12","8","162","164","108","110","163","109","frame_0694.png","unclassified green sprite pixels"
"694","20877","103","13","8","212","214","108","110","213","109","frame_0694.png","unclassified green sprite pixels"
"696","20879","104","0","2","138","138","78","79","138","78.5","frame_0696.png","unclassified green sprite pixels"
"696","20879","104","1","6","144","145","78","81","144.5","79.5","frame_0696.png","unclassified green sprite pixels"
"696","20879","104","2","7","147","149","79","82","148","80.5","frame_0696.png","unclassified green sprite pixels"
"696","20879","104","3","4","152","153","79","80","152.5","79.5","frame_0696.png","unclassified green sprite pixels"
"696","20879","104","4","5","137","139","81","82","138","81.5","frame_0696.png","unclassified green sprite pixels"
"696","20879","104","5","13","222","227","100","104","224.5","102","frame_0696.png","unclassified green sprite pixels"
"696","20879","104","6","12","172","177","101","104","174.5","102.5","frame_0696.png","unclassified green sprite pixels"
"696","20879","104","7","4","168","169","102","104","168.5","103","frame_0696.png","unclassified green sprite pixels"
"696","20879","104","8","4","218","219","102","104","218.5","103","frame_0696.png","unclassified green sprite pixels"
"696","20879","104","9","19","162","166","103","109","164","106","frame_0696.png","unclassified green sprite pixels"
"696","20879","104","10","19","212","216","103","109","214","106","frame_0696.png","unclassified green sprite pixels"
"696","20879","104","11","8","158","160","108","110","159","109","frame_0696.png","unclassified green sprite pixels"
"696","20879","104","12","8","208","210","108","110","209","109","frame_0696.png","unclassified green sprite pixels"
"698","20881","105","0","14","138","141","76","82","139.5","79","frame_0698.png","unclassified green sprite pixels"
"698","20881","105","1","14","145","150","76","80","147.5","78","frame_0698.png","unclassified green sprite pixels"
"698","20881","105","2","4","153","154","77","78","153.5","77.5","frame_0698.png","unclassified green sprite pixels"
"698","20881","105","3","9","134","136","79","82","135","80.5","frame_0698.png","unclassified green sprite pixels"
"698","20881","105","4","13","168","173","100","104","170.5","102","frame_0698.png","unclassified green sprite pixels"
"698","20881","105","5","13","219","224","100","104","221.5","102","frame_0698.png","unclassified green sprite pixels"
"698","20881","105","6","4","164","165","102","104","164.5","103","frame_0698.png","unclassified green sprite pixels"
"698","20881","105","7","4","215","216","102","104","215.5","103","frame_0698.png","unclassified green sprite pixels"
"698","20881","105","8","19","158","162","103","109","160","106","frame_0698.png","unclassified green sprite pixels"
"698","20881","105","9","19","209","213","103","109","211","106","frame_0698.png","unclassified green sprite pixels"
"698","20881","105","10","8","154","156","108","110","155","109","frame_0698.png","unclassified green sprite pixels"
"698","20881","105","11","8","205","207","108","110","206","109","frame_0698.png","unclassified green sprite pixels"
"700","20883","106","0","18","139","142","74","80","140.5","77","frame_0700.png","unclassified green sprite pixels"
"700","20883","106","1","14","146","151","74","78","148.5","76","frame_0700.png","unclassified green sprite pixels"
"700","20883","106","2","4","154","155","75","76","154.5","75.5","frame_0700.png","unclassified green sprite pixels"
"700","20883","106","3","9","135","137","77","80","136","78.5","frame_0700.png","unclassified green sprite pixels"
"700","20883","106","4","13","165","170","100","104","167.5","102","frame_0700.png","unclassified green sprite pixels"
"700","20883","106","5","13","215","220","100","104","217.5","102","frame_0700.png","unclassified green sprite pixels"
"700","20883","106","6","4","161","162","102","104","161.5","103","frame_0700.png","unclassified green sprite pixels"
"700","20883","106","7","4","211","212","102","104","211.5","103","frame_0700.png","unclassified green sprite pixels"
"700","20883","106","8","19","155","159","103","109","157","106","frame_0700.png","unclassified green sprite pixels"
"700","20883","106","9","19","205","209","103","109","207","106","frame_0700.png","unclassified green sprite pixels"
"700","20883","106","10","8","151","153","108","110","152","109","frame_0700.png","unclassified green sprite pixels"
"700","20883","106","11","8","201","203","108","110","202","109","frame_0700.png","unclassified green sprite pixels"
"702","20885","107","0","18","140","143","72","78","141.5","75","frame_0702.png","unclassified green sprite pixels"
"702","20885","107","1","14","147","152","72","76","149.5","74","frame_0702.png","unclassified green sprite pixels"
"702","20885","107","2","4","155","156","73","74","155.5","73.5","frame_0702.png","unclassified green sprite pixels"
"702","20885","107","3","9","136","138","75","78","137","76.5","frame_0702.png","unclassified green sprite pixels"
"702","20885","107","4","18","150","153","100","106","151.5","103","frame_0702.png","unclassified green sprite pixels"
"702","20885","107","5","14","157","162","100","104","159.5","102","frame_0702.png","unclassified green sprite pixels"
"702","20885","107","6","13","212","217","100","104","214.5","102","frame_0702.png","unclassified green sprite pixels"
"702","20885","107","7","4","165","166","101","102","165.5","101.5","frame_0702.png","unclassified green sprite pixels"
"702","20885","107","8","4","208","209","102","104","208.5","103","frame_0702.png","unclassified green sprite pixels"
"702","20885","107","9","9","146","148","103","106","147","104.5","frame_0702.png","unclassified green sprite pixels"
"702","20885","107","10","19","202","206","103","109","204","106","frame_0702.png","unclassified green sprite pixels"
"702","20885","107","11","8","198","200","108","110","199","109","frame_0702.png","unclassified green sprite pixels"
"704","20887","108","0","18","141","144","71","77","142.5","74","frame_0704.png","unclassified green sprite pixels"
"704","20887","108","1","14","148","153","71","75","150.5","73","frame_0704.png","unclassified green sprite pixels"
"704","20887","108","2","4","156","157","72","73","156.5","72.5","frame_0704.png","unclassified green sprite pixels"
"704","20887","108","3","9","137","139","74","77","138","75.5","frame_0704.png","unclassified green sprite pixels"
"704","20887","108","4","18","147","150","100","106","148.5","103","frame_0704.png","unclassified green sprite pixels"
"704","20887","108","5","14","154","159","100","104","156.5","102","frame_0704.png","unclassified green sprite pixels"
"704","20887","108","6","13","208","213","100","104","210.5","102","frame_0704.png","unclassified green sprite pixels"
"704","20887","108","7","4","162","163","101","102","162.5","101.5","frame_0704.png","unclassified green sprite pixels"
"704","20887","108","8","4","204","205","102","104","204.5","103","frame_0704.png","unclassified green sprite pixels"
"704","20887","108","9","9","143","145","103","106","144","104.5","frame_0704.png","unclassified green sprite pixels"
"704","20887","108","10","19","198","202","103","109","200","106","frame_0704.png","unclassified green sprite pixels"
"704","20887","108","11","8","194","196","108","110","195","109","frame_0704.png","unclassified green sprite pixels"
"706","20889","109","0","18","142","145","69","75","143.5","72","frame_0706.png","unclassified green sprite pixels"
"706","20889","109","1","14","149","154","69","73","151.5","71","frame_0706.png","unclassified green sprite pixels"
"706","20889","109","2","4","157","158","70","71","157.5","70.5","frame_0706.png","unclassified green sprite pixels"
"706","20889","109","3","9","138","140","72","75","139","73.5","frame_0706.png","unclassified green sprite pixels"
"706","20889","109","4","18","145","148","99","105","146.5","102","frame_0706.png","unclassified green sprite pixels"
"706","20889","109","5","14","152","157","99","103","154.5","101","frame_0706.png","unclassified green sprite pixels"
"706","20889","109","6","4","160","161","100","101","160.5","100.5","frame_0706.png","unclassified green sprite pixels"
"706","20889","109","7","13","204","209","100","104","206.5","102","frame_0706.png","unclassified green sprite pixels"
"706","20889","109","8","9","141","143","102","105","142","103.5","frame_0706.png","unclassified green sprite pixels"
"706","20889","109","9","4","200","201","102","104","200.5","103","frame_0706.png","unclassified green sprite pixels"
"706","20889","109","10","19","194","198","103","109","196","106","frame_0706.png","unclassified green sprite pixels"
"706","20889","109","11","8","190","192","108","110","191","109","frame_0706.png","unclassified green sprite pixels"
"708","20891","110","0","18","144","147","68","74","145.5","71","frame_0708.png","unclassified green sprite pixels"
"708","20891","110","1","14","151","156","68","72","153.5","70","frame_0708.png","unclassified green sprite pixels"
"708","20891","110","2","4","159","160","69","70","159.5","69.5","frame_0708.png","unclassified green sprite pixels"
"708","20891","110","3","9","140","142","71","74","141","72.5","frame_0708.png","unclassified green sprite pixels"
"708","20891","110","4","18","142","145","98","104","143.5","101","frame_0708.png","unclassified green sprite pixels"
"708","20891","110","5","14","149","154","98","102","151.5","100","frame_0708.png","unclassified green sprite pixels"
"708","20891","110","6","4","157","158","99","100","157.5","99.5","frame_0708.png","unclassified green sprite pixels"
"708","20891","110","7","13","201","206","100","104","203.5","102","frame_0708.png","unclassified green sprite pixels"
"708","20891","110","8","9","138","140","101","104","139","102.5","frame_0708.png","unclassified green sprite pixels"
"708","20891","110","9","4","197","198","102","104","197.5","103","frame_0708.png","unclassified green sprite pixels"
"708","20891","110","10","19","191","195","103","109","193","106","frame_0708.png","unclassified green sprite pixels"
"708","20891","110","11","8","187","189","108","110","188","109","frame_0708.png","unclassified green sprite pixels"
"710","20893","111","0","18","146","149","68","74","147.5","71","frame_0710.png","unclassified green sprite pixels"
"710","20893","111","1","14","153","158","68","72","155.5","70","frame_0710.png","unclassified green sprite pixels"
"710","20893","111","2","4","161","162","69","70","161.5","69.5","frame_0710.png","unclassified green sprite pixels"
"710","20893","111","3","9","142","144","71","74","143","72.5","frame_0710.png","unclassified green sprite pixels"
"710","20893","111","4","18","140","143","96","102","141.5","99","frame_0710.png","unclassified green sprite pixels"
"710","20893","111","5","14","147","152","96","100","149.5","98","frame_0710.png","unclassified green sprite pixels"
"710","20893","111","6","4","155","156","97","98","155.5","97.5","frame_0710.png","unclassified green sprite pixels"
"710","20893","111","7","9","136","138","99","102","137","100.5","frame_0710.png","unclassified green sprite pixels"
"710","20893","111","8","13","197","202","100","104","199.5","102","frame_0710.png","unclassified green sprite pixels"
"710","20893","111","9","4","193","194","102","104","193.5","103","frame_0710.png","unclassified green sprite pixels"
"710","20893","111","10","19","187","191","103","109","189","106","frame_0710.png","unclassified green sprite pixels"
"710","20893","111","11","8","183","185","108","110","184","109","frame_0710.png","unclassified green sprite pixels"
"712","20895","112","0","18","148","151","67","73","149.5","70","frame_0712.png","unclassified green sprite pixels"
"712","20895","112","1","14","155","160","67","71","157.5","69","frame_0712.png","unclassified green sprite pixels"
"712","20895","112","2","4","163","164","68","69","163.5","68.5","frame_0712.png","unclassified green sprite pixels"
"712","20895","112","3","9","144","146","70","73","145","71.5","frame_0712.png","unclassified green sprite pixels"
"712","20895","112","4","18","139","142","95","101","140.5","98","frame_0712.png","unclassified green sprite pixels"
"712","20895","112","5","14","146","151","95","99","148.5","97","frame_0712.png","unclassified green sprite pixels"
"712","20895","112","6","4","154","155","96","97","154.5","96.5","frame_0712.png","unclassified green sprite pixels"
"712","20895","112","7","9","135","137","98","101","136","99.5","frame_0712.png","unclassified green sprite pixels"
"712","20895","112","8","13","194","199","100","104","196.5","102","frame_0712.png","unclassified green sprite pixels"
"712","20895","112","9","4","190","191","102","104","190.5","103","frame_0712.png","unclassified green sprite pixels"
"712","20895","112","10","19","184","188","103","109","186","106","frame_0712.png","unclassified green sprite pixels"
"712","20895","112","11","8","180","182","108","110","181","109","frame_0712.png","unclassified green sprite pixels"
"714","20897","113","0","18","151","154","67","73","152.5","70","frame_0714.png","unclassified green sprite pixels"
"714","20897","113","1","14","158","163","67","71","160.5","69","frame_0714.png","unclassified green sprite pixels"
"714","20897","113","2","4","166","167","68","69","166.5","68.5","frame_0714.png","unclassified green sprite pixels"
"714","20897","113","3","9","147","149","70","73","148","71.5","frame_0714.png","unclassified green sprite pixels"
"714","20897","113","4","18","138","141","92","98","139.5","95","frame_0714.png","unclassified green sprite pixels"
"714","20897","113","5","14","145","150","92","96","147.5","94","frame_0714.png","unclassified green sprite pixels"
"714","20897","113","6","4","153","154","93","94","153.5","93.5","frame_0714.png","unclassified green sprite pixels"
"714","20897","113","7","9","134","136","95","98","135","96.5","frame_0714.png","unclassified green sprite pixels"
"714","20897","113","8","13","190","195","100","104","192.5","102","frame_0714.png","unclassified green sprite pixels"
"714","20897","113","9","4","186","187","102","104","186.5","103","frame_0714.png","unclassified green sprite pixels"
"714","20897","113","10","19","180","184","103","109","182","106","frame_0714.png","unclassified green sprite pixels"
"714","20897","113","11","8","176","178","108","110","177","109","frame_0714.png","unclassified green sprite pixels"
"716","20899","114","0","18","153","156","67","73","154.5","70","frame_0716.png","unclassified green sprite pixels"
"716","20899","114","1","14","160","165","67","71","162.5","69","frame_0716.png","unclassified green sprite pixels"
"716","20899","114","2","4","168","169","68","69","168.5","68.5","frame_0716.png","unclassified green sprite pixels"
"716","20899","114","3","9","149","151","70","73","150","71.5","frame_0716.png","unclassified green sprite pixels"
"716","20899","114","4","18","137","140","90","96","138.5","93","frame_0716.png","unclassified green sprite pixels"
"716","20899","114","5","14","144","149","90","94","146.5","92","frame_0716.png","unclassified green sprite pixels"
"716","20899","114","6","4","152","153","91","92","152.5","91.5","frame_0716.png","unclassified green sprite pixels"
"716","20899","114","7","9","133","135","93","96","134","94.5","frame_0716.png","unclassified green sprite pixels"
"716","20899","114","8","13","186","191","100","104","188.5","102","frame_0716.png","unclassified green sprite pixels"
"716","20899","114","9","4","182","183","102","104","182.5","103","frame_0716.png","unclassified green sprite pixels"
"716","20899","114","10","19","176","180","103","109","178","106","frame_0716.png","unclassified green sprite pixels"
"716","20899","114","11","8","172","174","108","110","173","109","frame_0716.png","unclassified green sprite pixels"
"718","20901","115","0","18","156","159","67","73","157.5","70","frame_0718.png","unclassified green sprite pixels"
"718","20901","115","1","14","163","168","67","71","165.5","69","frame_0718.png","unclassified green sprite pixels"
"718","20901","115","2","4","171","172","68","69","171.5","68.5","frame_0718.png","unclassified green sprite pixels"
"718","20901","115","3","9","152","154","70","73","153","71.5","frame_0718.png","unclassified green sprite pixels"
"718","20901","115","4","17","136","139","88","93","137.5","90.5","frame_0718.png","unclassified green sprite pixels"
"718","20901","115","5","3","151","152","88","89","151.5","88.5","frame_0718.png","unclassified green sprite pixels"
"718","20901","115","6","9","132","134","90","93","133","91.5","frame_0718.png","unclassified green sprite pixels"
"718","20901","115","7","2","145","146","91","91","145.5","91","frame_0718.png","unclassified green sprite pixels"
"718","20901","115","8","13","183","188","100","104","185.5","102","frame_0718.png","unclassified green sprite pixels"
"718","20901","115","9","4","179","180","102","104","179.5","103","frame_0718.png","unclassified green sprite pixels"
"718","20901","115","10","19","173","177","103","109","175","106","frame_0718.png","unclassified green sprite pixels"
"718","20901","115","11","8","169","171","108","110","170","109","frame_0718.png","unclassified green sprite pixels"
"720","20903","116","0","18","158","161","67","73","159.5","70","frame_0720.png","unclassified green sprite pixels"
"720","20903","116","1","14","165","170","67","71","167.5","69","frame_0720.png","unclassified green sprite pixels"
"720","20903","116","2","4","173","174","68","69","173.5","68.5","frame_0720.png","unclassified green sprite pixels"
"720","20903","116","3","9","154","156","70","73","155","71.5","frame_0720.png","unclassified green sprite pixels"
"720","20903","116","4","4","151","152","85","86","151.5","85.5","frame_0720.png","unclassified green sprite pixels"
"720","20903","116","5","13","136","139","86","90","137.5","88","frame_0720.png","unclassified green sprite pixels"
"720","20903","116","6","9","132","134","87","90","133","88.5","frame_0720.png","unclassified green sprite pixels"
"720","20903","116","7","13","179","184","100","104","181.5","102","frame_0720.png","unclassified green sprite pixels"
"720","20903","116","8","4","175","176","102","104","175.5","103","frame_0720.png","unclassified green sprite pixels"
"720","20903","116","9","19","169","173","103","109","171","106","frame_0720.png","unclassified green sprite pixels"
"720","20903","116","10","8","165","167","108","110","166","109","frame_0720.png","unclassified green sprite pixels"
"722","20905","117","0","18","161","164","67","73","162.5","70","frame_0722.png","unclassified green sprite pixels"
"722","20905","117","1","14","168","173","67","71","170.5","69","frame_0722.png","unclassified green sprite pixels"
"722","20905","117","2","4","176","177","68","69","176.5","68.5","frame_0722.png","unclassified green sprite pixels"
"722","20905","117","3","9","157","159","70","73","158","71.5","frame_0722.png","unclassified green sprite pixels"
"722","20905","117","4","5","137","139","81","83","138","82","frame_0722.png","unclassified green sprite pixels"
"722","20905","117","5","2","144","145","81","81","144.5","81","frame_0722.png","unclassified green sprite pixels"
"722","20905","117","6","2","148","149","82","82","148.5","82","frame_0722.png","unclassified green sprite pixels"
"722","20905","117","7","4","152","153","82","83","152.5","82.5","frame_0722.png","unclassified green sprite pixels"
"722","20905","117","8","2","145","145","83","84","145","83.5","frame_0722.png","unclassified green sprite pixels"
"722","20905","117","9","9","133","135","84","87","134","85.5","frame_0722.png","unclassified green sprite pixels"
"722","20905","117","10","2","147","148","84","84","147.5","84","frame_0722.png","unclassified green sprite pixels"
"722","20905","117","11","4","137","139","86","87","138","86.5","frame_0722.png","unclassified green sprite pixels"
"722","20905","117","12","13","176","181","100","104","178.5","102","frame_0722.png","unclassified green sprite pixels"
"722","20905","117","13","4","172","173","102","104","172.5","103","frame_0722.png","unclassified green sprite pixels"
"722","20905","117","14","19","166","170","103","109","168","106","frame_0722.png","unclassified green sprite pixels"
"722","20905","117","15","8","162","164","108","110","163","109","frame_0722.png","unclassified green sprite pixels"
"724","20907","118","0","18","163","166","67","73","164.5","70","frame_0724.png","unclassified green sprite pixels"
"724","20907","118","1","14","170","175","67","71","172.5","69","frame_0724.png","unclassified green sprite pixels"
"724","20907","118","2","4","178","179","68","69","178.5","68.5","frame_0724.png","unclassified green sprite pixels"
"724","20907","118","3","9","159","161","70","73","160","71.5","frame_0724.png","unclassified green sprite pixels"
"724","20907","118","4","13","137","140","78","84","138.5","81","frame_0724.png","unclassified green sprite pixels"
"724","20907","118","5","14","144","149","78","82","146.5","80","frame_0724.png","unclassified green sprite pixels"
"724","20907","118","6","4","152","153","79","80","152.5","79.5","frame_0724.png","unclassified green sprite pixels"
"724","20907","118","7","5","133","134","82","84","133.5","83","frame_0724.png","unclassified green sprite pixels"
"724","20907","118","8","13","172","177","100","104","174.5","102","frame_0724.png","unclassified green sprite pixels"
"724","20907","118","9","4","168","169","102","104","168.5","103","frame_0724.png","unclassified green sprite pixels"
"724","20907","118","10","19","162","166","103","109","164","106","frame_0724.png","unclassified green sprite pixels"
"724","20907","118","11","8","158","160","108","110","159","109","frame_0724.png","unclassified green sprite pixels"
"726","20909","119","0","18","166","169","67","73","167.5","70","frame_0726.png","unclassified green sprite pixels"
"726","20909","119","1","14","173","178","67","71","175.5","69","frame_0726.png","unclassified green sprite pixels"
"726","20909","119","2","4","181","182","68","69","181.5","68.5","frame_0726.png","unclassified green sprite pixels"
"726","20909","119","3","9","162","164","70","73","163","71.5","frame_0726.png","unclassified green sprite pixels"
"726","20909","119","4","15","138","141","76","82","139.5","79","frame_0726.png","unclassified green sprite pixels"
"726","20909","119","5","14","145","150","76","80","147.5","78","frame_0726.png","unclassified green sprite pixels"
"726","20909","119","6","4","153","154","77","78","153.5","77.5","frame_0726.png","unclassified green sprite pixels"
"726","20909","119","7","9","134","136","79","82","135","80.5","frame_0726.png","unclassified green sprite pixels"
"726","20909","119","8","13","168","173","100","104","170.5","102","frame_0726.png","unclassified green sprite pixels"
"726","20909","119","9","4","164","165","102","104","164.5","103","frame_0726.png","unclassified green sprite pixels"
"726","20909","119","10","19","158","162","103","109","160","106","frame_0726.png","unclassified green sprite pixels"
"726","20909","119","11","8","154","156","108","110","155","109","frame_0726.png","unclassified green sprite pixels"
"728","20911","120","0","18","168","171","67","73","169.5","70","frame_0728.png","unclassified green sprite pixels"
"728","20911","120","1","14","175","180","67","71","177.5","69","frame_0728.png","unclassified green sprite pixels"
"728","20911","120","2","4","183","184","68","69","183.5","68.5","frame_0728.png","unclassified green sprite pixels"
"728","20911","120","3","9","164","166","70","73","165","71.5","frame_0728.png","unclassified green sprite pixels"
"728","20911","120","4","18","139","142","74","80","140.5","77","frame_0728.png","unclassified green sprite pixels"
"728","20911","120","5","14","146","151","74","78","148.5","76","frame_0728.png","unclassified green sprite pixels"
"728","20911","120","6","4","154","155","75","76","154.5","75.5","frame_0728.png","unclassified green sprite pixels"
"728","20911","120","7","8","135","137","77","80","136","78.5","frame_0728.png","unclassified green sprite pixels"
"728","20911","120","8","13","165","170","100","104","167.5","102","frame_0728.png","unclassified green sprite pixels"
"728","20911","120","9","4","161","162","102","104","161.5","103","frame_0728.png","unclassified green sprite pixels"
"728","20911","120","10","19","155","159","103","109","157","106","frame_0728.png","unclassified green sprite pixels"
"728","20911","120","11","8","151","153","108","110","152","109","frame_0728.png","unclassified green sprite pixels"
"730","20913","121","0","18","171","174","67","73","172.5","70","frame_0730.png","unclassified green sprite pixels"
"730","20913","121","1","14","178","183","67","71","180.5","69","frame_0730.png","unclassified green sprite pixels"
"730","20913","121","2","4","186","187","68","69","186.5","68.5","frame_0730.png","unclassified green sprite pixels"
"730","20913","121","3","9","167","169","70","73","168","71.5","frame_0730.png","unclassified green sprite pixels"
"730","20913","121","4","18","140","143","72","78","141.5","75","frame_0730.png","unclassified green sprite pixels"
"730","20913","121","5","14","147","152","72","76","149.5","74","frame_0730.png","unclassified green sprite pixels"
"730","20913","121","6","4","155","156","73","74","155.5","73.5","frame_0730.png","unclassified green sprite pixels"
"730","20913","121","7","6","136","138","75","78","137","76.5","frame_0730.png","unclassified green sprite pixels"
"730","20913","121","8","18","150","153","100","106","151.5","103","frame_0730.png","unclassified green sprite pixels"
"730","20913","121","9","14","157","162","100","104","159.5","102","frame_0730.png","unclassified green sprite pixels"
"730","20913","121","10","4","165","166","101","102","165.5","101.5","frame_0730.png","unclassified green sprite pixels"
"730","20913","121","11","9","146","148","103","106","147","104.5","frame_0730.png","unclassified green sprite pixels"
"732","20915","122","0","18","174","177","67","73","175.5","70","frame_0732.png","unclassified green sprite pixels"
"732","20915","122","1","14","181","186","67","71","183.5","69","frame_0732.png","unclassified green sprite pixels"
"732","20915","122","2","4","189","190","68","69","189.5","68.5","frame_0732.png","unclassified green sprite pixels"
"732","20915","122","3","9","170","172","70","73","171","71.5","frame_0732.png","unclassified green sprite pixels"
"732","20915","122","4","18","141","144","71","77","142.5","74","frame_0732.png","unclassified green sprite pixels"
"732","20915","122","5","14","148","153","71","75","150.5","73","frame_0732.png","unclassified green sprite pixels"
"732","20915","122","6","4","156","157","72","73","156.5","72.5","frame_0732.png","unclassified green sprite pixels"
"732","20915","122","7","6","137","139","74","76","138","75","frame_0732.png","unclassified green sprite pixels"
"732","20915","122","8","18","147","150","100","106","148.5","103","frame_0732.png","unclassified green sprite pixels"
"732","20915","122","9","14","154","159","100","104","156.5","102","frame_0732.png","unclassified green sprite pixels"
"732","20915","122","10","4","162","163","101","102","162.5","101.5","frame_0732.png","unclassified green sprite pixels"
"732","20915","122","11","9","143","145","103","106","144","104.5","frame_0732.png","unclassified green sprite pixels"
"734","20917","123","0","18","176","179","67","73","177.5","70","frame_0734.png","unclassified green sprite pixels"
"734","20917","123","1","14","183","188","67","71","185.5","69","frame_0734.png","unclassified green sprite pixels"
"734","20917","123","2","4","191","192","68","69","191.5","68.5","frame_0734.png","unclassified green sprite pixels"
"734","20917","123","3","18","142","145","69","75","143.5","72","frame_0734.png","unclassified green sprite pixels"
"734","20917","123","4","14","149","154","69","73","151.5","71","frame_0734.png","unclassified green sprite pixels"
"734","20917","123","5","4","157","158","70","71","157.5","70.5","frame_0734.png","unclassified green sprite pixels"
"734","20917","123","6","9","172","174","70","73","173","71.5","frame_0734.png","unclassified green sprite pixels"
"734","20917","123","7","9","138","140","72","75","139","73.5","frame_0734.png","unclassified green sprite pixels"
"734","20917","123","8","18","145","148","99","105","146.5","102","frame_0734.png","unclassified green sprite pixels"
"734","20917","123","9","14","152","157","99","103","154.5","101","frame_0734.png","unclassified green sprite pixels"
"734","20917","123","10","4","160","161","100","101","160.5","100.5","frame_0734.png","unclassified green sprite pixels"
"734","20917","123","11","9","141","143","102","105","142","103.5","frame_0734.png","unclassified green sprite pixels"
"736","20919","124","0","18","179","182","67","73","180.5","70","frame_0736.png","unclassified green sprite pixels"
"736","20919","124","1","14","186","191","67","71","188.5","69","frame_0736.png","unclassified green sprite pixels"
"736","20919","124","2","18","144","147","68","74","145.5","71","frame_0736.png","unclassified green sprite pixels"
"736","20919","124","3","14","151","156","68","72","153.5","70","frame_0736.png","unclassified green sprite pixels"
"736","20919","124","4","4","194","195","68","69","194.5","68.5","frame_0736.png","unclassified green sprite pixels"
"736","20919","124","5","4","159","160","69","70","159.5","69.5","frame_0736.png","unclassified green sprite pixels"
"736","20919","124","6","9","175","177","70","73","176","71.5","frame_0736.png","unclassified green sprite pixels"
"736","20919","124","7","9","140","142","71","74","141","72.5","frame_0736.png","unclassified green sprite pixels"
"736","20919","124","8","18","142","145","98","104","143.5","101","frame_0736.png","unclassified green sprite pixels"
"736","20919","124","9","14","149","154","98","102","151.5","100","frame_0736.png","unclassified green sprite pixels"
"736","20919","124","10","4","157","158","99","100","157.5","99.5","frame_0736.png","unclassified green sprite pixels"
"736","20919","124","11","9","138","140","101","104","139","102.5","frame_0736.png","unclassified green sprite pixels"
"738","20921","125","0","18","181","184","67","73","182.5","70","frame_0738.png","unclassified green sprite pixels"
"738","20921","125","1","14","188","193","67","71","190.5","69","frame_0738.png","unclassified green sprite pixels"
"738","20921","125","2","18","146","149","68","74","147.5","71","frame_0738.png","unclassified green sprite pixels"
"738","20921","125","3","14","153","158","68","72","155.5","70","frame_0738.png","unclassified green sprite pixels"
"738","20921","125","4","4","196","197","68","69","196.5","68.5","frame_0738.png","unclassified green sprite pixels"
"738","20921","125","5","4","161","162","69","70","161.5","69.5","frame_0738.png","unclassified green sprite pixels"
"738","20921","125","6","9","177","179","70","73","178","71.5","frame_0738.png","unclassified green sprite pixels"
"738","20921","125","7","9","142","144","71","74","143","72.5","frame_0738.png","unclassified green sprite pixels"
"738","20921","125","8","18","140","143","96","102","141.5","99","frame_0738.png","unclassified green sprite pixels"
"738","20921","125","9","14","147","152","96","100","149.5","98","frame_0738.png","unclassified green sprite pixels"
"738","20921","125","10","4","155","156","97","98","155.5","97.5","frame_0738.png","unclassified green sprite pixels"
"738","20921","125","11","9","136","138","99","102","137","100.5","frame_0738.png","unclassified green sprite pixels"
"740","20923","126","0","18","148","151","67","73","149.5","70","frame_0740.png","unclassified green sprite pixels"
"740","20923","126","1","14","155","160","67","71","157.5","69","frame_0740.png","unclassified green sprite pixels"
"740","20923","126","2","18","184","187","67","73","185.5","70","frame_0740.png","unclassified green sprite pixels"
"740","20923","126","3","14","191","196","67","71","193.5","69","frame_0740.png","unclassified green sprite pixels"
"740","20923","126","4","4","163","164","68","69","163.5","68.5","frame_0740.png","unclassified green sprite pixels"
"740","20923","126","5","4","199","200","68","69","199.5","68.5","frame_0740.png","unclassified green sprite pixels"
"740","20923","126","6","9","144","146","70","73","145","71.5","frame_0740.png","unclassified green sprite pixels"
"740","20923","126","7","9","180","182","70","73","181","71.5","frame_0740.png","unclassified green sprite pixels"
"740","20923","126","8","18","139","142","95","101","140.5","98","frame_0740.png","unclassified green sprite pixels"
"740","20923","126","9","14","146","151","95","99","148.5","97","frame_0740.png","unclassified green sprite pixels"
"740","20923","126","10","4","154","155","96","97","154.5","96.5","frame_0740.png","unclassified green sprite pixels"
"740","20923","126","11","9","135","137","98","101","136","99.5","frame_0740.png","unclassified green sprite pixels"
"742","20925","127","0","18","151","154","67","73","152.5","70","frame_0742.png","unclassified green sprite pixels"
"742","20925","127","1","14","158","163","67","71","160.5","69","frame_0742.png","unclassified green sprite pixels"
"742","20925","127","2","13","197","202","67","71","199.5","69","frame_0742.png","unclassified green sprite pixels"
"742","20925","127","3","4","166","167","68","69","166.5","68.5","frame_0742.png","unclassified green sprite pixels"
"742","20925","127","4","4","193","194","69","71","193.5","70","frame_0742.png","unclassified green sprite pixels"
"742","20925","127","5","9","147","149","70","73","148","71.5","frame_0742.png","unclassified green sprite pixels"
"742","20925","127","6","19","187","191","70","76","189","73","frame_0742.png","unclassified green sprite pixels"
"742","20925","127","7","8","183","185","75","77","184","76","frame_0742.png","unclassified green sprite pixels"
"742","20925","127","8","18","138","141","92","98","139.5","95","frame_0742.png","unclassified green sprite pixels"
"742","20925","127","9","14","145","150","92","96","147.5","94","frame_0742.png","unclassified green sprite pixels"
"742","20925","127","10","4","153","154","93","94","153.5","93.5","frame_0742.png","unclassified green sprite pixels"
"742","20925","127","11","9","134","136","95","98","135","96.5","frame_0742.png","unclassified green sprite pixels"
"744","20927","128","0","18","153","156","67","73","154.5","70","frame_0744.png","unclassified green sprite pixels"
"744","20927","128","1","14","160","165","67","71","162.5","69","frame_0744.png","unclassified green sprite pixels"
"744","20927","128","2","13","200","205","67","71","202.5","69","frame_0744.png","unclassified green sprite pixels"
"744","20927","128","3","4","168","169","68","69","168.5","68.5","frame_0744.png","unclassified green sprite pixels"
"744","20927","128","4","4","196","197","69","71","196.5","70","frame_0744.png","unclassified green sprite pixels"
"744","20927","128","5","9","149","151","70","73","150","71.5","frame_0744.png","unclassified green sprite pixels"
"744","20927","128","6","19","190","194","70","76","192","73","frame_0744.png","unclassified green sprite pixels"
"744","20927","128","7","8","186","188","75","77","187","76","frame_0744.png","unclassified green sprite pixels"
"744","20927","128","8","18","137","140","90","96","138.5","93","frame_0744.png","unclassified green sprite pixels"
"744","20927","128","9","14","144","149","90","94","146.5","92","frame_0744.png","unclassified green sprite pixels"
"744","20927","128","10","4","152","153","91","92","152.5","91.5","frame_0744.png","unclassified green sprite pixels"
"744","20927","128","11","9","133","135","93","96","134","94.5","frame_0744.png","unclassified green sprite pixels"
"746","20929","129","0","18","156","159","67","73","157.5","70","frame_0746.png","unclassified green sprite pixels"
"746","20929","129","1","14","163","168","67","71","165.5","69","frame_0746.png","unclassified green sprite pixels"
"746","20929","129","2","4","171","172","68","69","171.5","68.5","frame_0746.png","unclassified green sprite pixels"
"746","20929","129","3","13","202","207","68","72","204.5","70","frame_0746.png","unclassified green sprite pixels"
"746","20929","129","4","9","152","154","70","73","153","71.5","frame_0746.png","unclassified green sprite pixels"
"746","20929","129","5","4","198","199","70","72","198.5","71","frame_0746.png","unclassified green sprite pixels"
"746","20929","129","6","19","192","196","71","77","194","74","frame_0746.png","unclassified green sprite pixels"
"746","20929","129","7","8","188","190","76","78","189","77","frame_0746.png","unclassified green sprite pixels"
"746","20929","129","8","18","136","139","87","93","137.5","90","frame_0746.png","unclassified green sprite pixels"
"746","20929","129","9","14","143","148","87","91","145.5","89","frame_0746.png","unclassified green sprite pixels"
"746","20929","129","10","4","151","152","88","89","151.5","88.5","frame_0746.png","unclassified green sprite pixels"
"746","20929","129","11","9","132","134","90","93","133","91.5","frame_0746.png","unclassified green sprite pixels"
"748","20931","130","0","18","158","161","67","73","159.5","70","frame_0748.png","unclassified green sprite pixels"
"748","20931","130","1","14","165","170","67","71","167.5","69","frame_0748.png","unclassified green sprite pixels"
"748","20931","130","2","4","173","174","68","69","173.5","68.5","frame_0748.png","unclassified green sprite pixels"
"748","20931","130","3","13","204","209","69","73","206.5","71","frame_0748.png","unclassified green sprite pixels"
"748","20931","130","4","9","154","156","70","73","155","71.5","frame_0748.png","unclassified green sprite pixels"
"748","20931","130","5","4","200","201","71","73","200.5","72","frame_0748.png","unclassified green sprite pixels"
"748","20931","130","6","19","194","198","72","78","196","75","frame_0748.png","unclassified green sprite pixels"
"748","20931","130","7","8","190","192","77","79","191","78","frame_0748.png","unclassified green sprite pixels"
"748","20931","130","8","18","136","139","84","90","137.5","87","frame_0748.png","unclassified green sprite pixels"
"748","20931","130","9","14","143","148","84","88","145.5","86","frame_0748.png","unclassified green sprite pixels"
"748","20931","130","10","4","151","152","85","86","151.5","85.5","frame_0748.png","unclassified green sprite pixels"
"748","20931","130","11","9","132","134","87","90","133","88.5","frame_0748.png","unclassified green sprite pixels"
"750","20933","131","0","18","161","164","67","73","162.5","70","frame_0750.png","unclassified green sprite pixels"
"750","20933","131","1","14","168","173","67","71","170.5","69","frame_0750.png","unclassified green sprite pixels"
"750","20933","131","2","4","176","177","68","69","176.5","68.5","frame_0750.png","unclassified green sprite pixels"
"750","20933","131","3","9","157","159","70","73","158","71.5","frame_0750.png","unclassified green sprite pixels"
"750","20933","131","4","13","205","210","71","75","207.5","73","frame_0750.png","unclassified green sprite pixels"
"750","20933","131","5","4","201","202","73","75","201.5","74","frame_0750.png","unclassified green sprite pixels"
"750","20933","131","6","19","195","199","74","80","197","77","frame_0750.png","unclassified green sprite pixels"
"750","20933","131","7","8","191","193","79","81","192","80","frame_0750.png","unclassified green sprite pixels"
"750","20933","131","8","18","137","140","81","87","138.5","84","frame_0750.png","unclassified green sprite pixels"
"750","20933","131","9","14","144","149","81","85","146.5","83","frame_0750.png","unclassified green sprite pixels"
"750","20933","131","10","4","152","153","82","83","152.5","82.5","frame_0750.png","unclassified green sprite pixels"
"750","20933","131","11","9","133","135","84","87","134","85.5","frame_0750.png","unclassified green sprite pixels"
"752","20935","132","0","18","163","166","67","73","164.5","70","frame_0752.png","unclassified green sprite pixels"
"752","20935","132","1","14","170","175","67","71","172.5","69","frame_0752.png","unclassified green sprite pixels"
"752","20935","132","2","4","178","179","68","69","178.5","68.5","frame_0752.png","unclassified green sprite pixels"
"752","20935","132","3","9","159","161","70","73","160","71.5","frame_0752.png","unclassified green sprite pixels"
"752","20935","132","4","13","207","212","73","77","209.5","75","frame_0752.png","unclassified green sprite pixels"
"752","20935","132","5","4","203","204","75","77","203.5","76","frame_0752.png","unclassified green sprite pixels"
"752","20935","132","6","19","197","201","76","82","199","79","frame_0752.png","unclassified green sprite pixels"
"752","20935","132","7","18","137","140","78","84","138.5","81","frame_0752.png","unclassified green sprite pixels"
"752","20935","132","8","14","144","149","78","82","146.5","80","frame_0752.png","unclassified green sprite pixels"
"752","20935","132","9","4","152","153","79","80","152.5","79.5","frame_0752.png","unclassified green sprite pixels"
"752","20935","132","10","9","133","135","81","84","134","82.5","frame_0752.png","unclassified green sprite pixels"
"752","20935","132","11","8","193","195","81","83","194","82","frame_0752.png","unclassified green sprite pixels"
"754","20937","133","0","18","166","169","67","73","167.5","70","frame_0754.png","unclassified green sprite pixels"
"754","20937","133","1","14","173","178","67","71","175.5","69","frame_0754.png","unclassified green sprite pixels"
"754","20937","133","2","4","181","182","68","69","181.5","68.5","frame_0754.png","unclassified green sprite pixels"
"754","20937","133","3","9","162","164","70","73","163","71.5","frame_0754.png","unclassified green sprite pixels"
"754","20937","133","4","18","138","141","76","82","139.5","79","frame_0754.png","unclassified green sprite pixels"
"754","20937","133","5","14","145","150","76","80","147.5","78","frame_0754.png","unclassified green sprite pixels"
"754","20937","133","6","13","208","213","76","80","210.5","78","frame_0754.png","unclassified green sprite pixels"
"754","20937","133","7","4","153","154","77","78","153.5","77.5","frame_0754.png","unclassified green sprite pixels"
"754","20937","133","8","4","204","205","78","80","204.5","79","frame_0754.png","unclassified green sprite pixels"
"754","20937","133","9","9","134","136","79","82","135","80.5","frame_0754.png","unclassified green sprite pixels"
"754","20937","133","10","19","198","202","79","85","200","82","frame_0754.png","unclassified green sprite pixels"
"754","20937","133","11","8","194","196","84","86","195","85","frame_0754.png","unclassified green sprite pixels"
"756","20939","134","0","18","168","171","67","73","169.5","70","frame_0756.png","unclassified green sprite pixels"
"756","20939","134","1","14","175","180","67","71","177.5","69","frame_0756.png","unclassified green sprite pixels"
"756","20939","134","2","4","183","184","68","69","183.5","68.5","frame_0756.png","unclassified green sprite pixels"
"756","20939","134","3","9","164","166","70","73","165","71.5","frame_0756.png","unclassified green sprite pixels"
"756","20939","134","4","18","139","142","74","80","140.5","77","frame_0756.png","unclassified green sprite pixels"
"756","20939","134","5","14","146","151","74","78","148.5","76","frame_0756.png","unclassified green sprite pixels"
"756","20939","134","6","4","154","155","75","76","154.5","75.5","frame_0756.png","unclassified green sprite pixels"
"756","20939","134","7","9","135","137","77","80","136","78.5","frame_0756.png","unclassified green sprite pixels"
"756","20939","134","8","13","210","215","78","82","212.5","80","frame_0756.png","unclassified green sprite pixels"
"756","20939","134","9","4","206","207","80","82","206.5","81","frame_0756.png","unclassified green sprite pixels"
"756","20939","134","10","19","200","204","81","87","202","84","frame_0756.png","unclassified green sprite pixels"
"756","20939","134","11","8","196","198","86","88","197","87","frame_0756.png","unclassified green sprite pixels"
"758","20941","135","0","18","171","174","67","73","172.5","70","frame_0758.png","unclassified green sprite pixels"
"758","20941","135","1","14","178","183","67","71","180.5","69","frame_0758.png","unclassified green sprite pixels"
"758","20941","135","2","4","186","187","68","69","186.5","68.5","frame_0758.png","unclassified green sprite pixels"
"758","20941","135","3","9","167","169","70","73","168","71.5","frame_0758.png","unclassified green sprite pixels"
"758","20941","135","4","18","140","143","72","78","141.5","75","frame_0758.png","unclassified green sprite pixels"
"758","20941","135","5","14","147","152","72","76","149.5","74","frame_0758.png","unclassified green sprite pixels"
"758","20941","135","6","4","155","156","73","74","155.5","73.5","frame_0758.png","unclassified green sprite pixels"
"758","20941","135","7","9","136","138","75","78","137","76.5","frame_0758.png","unclassified green sprite pixels"
"758","20941","135","8","13","211","216","81","85","213.5","83","frame_0758.png","unclassified green sprite pixels"
"758","20941","135","9","4","207","208","83","85","207.5","84","frame_0758.png","unclassified green sprite pixels"
"758","20941","135","10","19","201","205","84","90","203","87","frame_0758.png","unclassified green sprite pixels"
"758","20941","135","11","6","197","199","89","91","198","90","frame_0758.png","unclassified green sprite pixels"
"760","20943","136","0","18","174","177","67","73","175.5","70","frame_0760.png","unclassified green sprite pixels"
"760","20943","136","1","14","181","186","67","71","183.5","69","frame_0760.png","unclassified green sprite pixels"
"760","20943","136","2","4","189","190","68","69","189.5","68.5","frame_0760.png","unclassified green sprite pixels"
"760","20943","136","3","9","170","172","70","73","171","71.5","frame_0760.png","unclassified green sprite pixels"
"760","20943","136","4","18","141","144","71","77","142.5","74","frame_0760.png","unclassified green sprite pixels"
"760","20943","136","5","14","148","153","71","75","150.5","73","frame_0760.png","unclassified green sprite pixels"
"760","20943","136","6","4","156","157","72","73","156.5","72.5","frame_0760.png","unclassified green sprite pixels"
"760","20943","136","7","9","137","139","74","77","138","75.5","frame_0760.png","unclassified green sprite pixels"
"760","20943","136","8","13","211","216","85","89","213.5","87","frame_0760.png","unclassified green sprite pixels"
"760","20943","136","9","4","207","208","87","89","207.5","88","frame_0760.png","unclassified green sprite pixels"
"760","20943","136","10","15","201","205","88","94","203","91","frame_0760.png","unclassified green sprite pixels"
"762","20945","137","0","18","176","179","67","73","177.5","70","frame_0762.png","unclassified green sprite pixels"
"762","20945","137","1","14","183","188","67","71","185.5","69","frame_0762.png","unclassified green sprite pixels"
"762","20945","137","2","4","191","192","68","69","191.5","68.5","frame_0762.png","unclassified green sprite pixels"
"762","20945","137","3","18","142","145","69","75","143.5","72","frame_0762.png","unclassified green sprite pixels"
"762","20945","137","4","14","149","154","69","73","151.5","71","frame_0762.png","unclassified green sprite pixels"
"762","20945","137","5","4","157","158","70","71","157.5","70.5","frame_0762.png","unclassified green sprite pixels"
"762","20945","137","6","9","172","174","70","73","173","71.5","frame_0762.png","unclassified green sprite pixels"
"762","20945","137","7","9","138","140","72","75","139","73.5","frame_0762.png","unclassified green sprite pixels"
"762","20945","137","8","13","212","217","88","92","214.5","90","frame_0762.png","unclassified green sprite pixels"
"762","20945","137","9","3","208","209","90","91","208.5","90.5","frame_0762.png","unclassified green sprite pixels"
"762","20945","137","10","5","202","203","91","93","202.5","92","frame_0762.png","unclassified green sprite pixels"
"762","20945","137","11","8","198","200","96","98","199","97","frame_0762.png","unclassified green sprite pixels"
"764","20947","138","0","18","179","182","67","73","180.5","70","frame_0764.png","unclassified green sprite pixels"
"764","20947","138","1","14","186","191","67","71","188.5","69","frame_0764.png","unclassified green sprite pixels"
"764","20947","138","2","18","144","147","68","74","145.5","71","frame_0764.png","unclassified green sprite pixels"
"764","20947","138","3","14","151","156","68","72","153.5","70","frame_0764.png","unclassified green sprite pixels"
"764","20947","138","4","4","194","195","68","69","194.5","68.5","frame_0764.png","unclassified green sprite pixels"
"764","20947","138","5","4","159","160","69","70","159.5","69.5","frame_0764.png","unclassified green sprite pixels"
"764","20947","138","6","9","175","177","70","73","176","71.5","frame_0764.png","unclassified green sprite pixels"
"764","20947","138","7","9","140","142","71","74","141","72.5","frame_0764.png","unclassified green sprite pixels"
"764","20947","138","8","9","212","217","91","94","214.5","92.5","frame_0764.png","unclassified green sprite pixels"
"764","20947","138","9","3","208","209","93","94","208.5","93.5","frame_0764.png","unclassified green sprite pixels"
"764","20947","138","10","18","202","206","94","100","204","97","frame_0764.png","unclassified green sprite pixels"
"764","20947","138","11","8","198","200","99","101","199","100","frame_0764.png","unclassified green sprite pixels"
"766","20949","139","0","18","181","184","67","73","182.5","70","frame_0766.png","unclassified green sprite pixels"
"766","20949","139","1","14","188","193","67","71","190.5","69","frame_0766.png","unclassified green sprite pixels"
"766","20949","139","2","18","146","149","68","74","147.5","71","frame_0766.png","unclassified green sprite pixels"
"766","20949","139","3","14","153","158","68","72","155.5","70","frame_0766.png","unclassified green sprite pixels"
"766","20949","139","4","4","196","197","68","69","196.5","68.5","frame_0766.png","unclassified green sprite pixels"
"766","20949","139","5","4","161","162","69","70","161.5","69.5","frame_0766.png","unclassified green sprite pixels"
"766","20949","139","6","9","177","179","70","73","178","71.5","frame_0766.png","unclassified green sprite pixels"
"766","20949","139","7","9","142","144","71","74","143","72.5","frame_0766.png","unclassified green sprite pixels"
"766","20949","139","8","5","213","217","94","94","215","94","frame_0766.png","unclassified green sprite pixels"
"766","20949","139","9","19","202","206","96","102","204","99","frame_0766.png","unclassified green sprite pixels"
"766","20949","139","10","8","198","200","101","103","199","102","frame_0766.png","unclassified green sprite pixels"
"768","20951","140","0","18","148","151","67","73","149.5","70","frame_0768.png","unclassified green sprite pixels"
"768","20951","140","1","14","155","160","67","71","157.5","69","frame_0768.png","unclassified green sprite pixels"
"768","20951","140","2","18","184","187","67","73","185.5","70","frame_0768.png","unclassified green sprite pixels"
"768","20951","140","3","14","191","196","67","71","193.5","69","frame_0768.png","unclassified green sprite pixels"
"768","20951","140","4","4","163","164","68","69","163.5","68.5","frame_0768.png","unclassified green sprite pixels"
"768","20951","140","5","4","199","200","68","69","199.5","68.5","frame_0768.png","unclassified green sprite pixels"
"768","20951","140","6","9","144","146","70","73","145","71.5","frame_0768.png","unclassified green sprite pixels"
"768","20951","140","7","9","180","182","70","73","181","71.5","frame_0768.png","unclassified green sprite pixels"
"768","20951","140","8","8","211","214","97","100","212.5","98.5","frame_0768.png","unclassified green sprite pixels"
"768","20951","140","9","4","207","208","98","100","207.5","99","frame_0768.png","unclassified green sprite pixels"
"768","20951","140","10","19","201","205","99","105","203","102","frame_0768.png","unclassified green sprite pixels"
"768","20951","140","11","8","197","199","104","106","198","105","frame_0768.png","unclassified green sprite pixels"
"770","20953","141","0","18","151","154","67","73","152.5","70","frame_0770.png","unclassified green sprite pixels"
"770","20953","141","1","14","158","163","67","71","160.5","69","frame_0770.png","unclassified green sprite pixels"
"770","20953","141","2","13","197","202","67","71","199.5","69","frame_0770.png","unclassified green sprite pixels"
"770","20953","141","3","4","166","167","68","69","166.5","68.5","frame_0770.png","unclassified green sprite pixels"
"770","20953","141","4","4","193","194","69","71","193.5","70","frame_0770.png","unclassified green sprite pixels"
"770","20953","141","5","9","147","149","70","73","148","71.5","frame_0770.png","unclassified green sprite pixels"
"770","20953","141","6","19","187","191","70","76","189","73","frame_0770.png","unclassified green sprite pixels"
"770","20953","141","7","8","183","185","75","77","184","76","frame_0770.png","unclassified green sprite pixels"
"770","20953","141","8","13","210","215","98","102","212.5","100","frame_0770.png","unclassified green sprite pixels"
"770","20953","141","9","4","206","207","100","102","206.5","101","frame_0770.png","unclassified green sprite pixels"
"770","20953","141","10","19","200","204","101","107","202","104","frame_0770.png","unclassified green sprite pixels"
"770","20953","141","11","8","196","198","106","108","197","107","frame_0770.png","unclassified green sprite pixels"
"772","20955","142","0","18","153","156","67","73","154.5","70","frame_0772.png","unclassified green sprite pixels"
"772","20955","142","1","14","160","165","67","71","162.5","69","frame_0772.png","unclassified green sprite pixels"
"772","20955","142","2","13","200","205","67","71","202.5","69","frame_0772.png","unclassified green sprite pixels"
"772","20955","142","3","4","168","169","68","69","168.5","68.5","frame_0772.png","unclassified green sprite pixels"
"772","20955","142","4","4","196","197","69","71","196.5","70","frame_0772.png","unclassified green sprite pixels"
"772","20955","142","5","9","149","151","70","73","150","71.5","frame_0772.png","unclassified green sprite pixels"
"772","20955","142","6","19","190","194","70","76","192","73","frame_0772.png","unclassified green sprite pixels"
"772","20955","142","7","8","186","188","75","77","187","76","frame_0772.png","unclassified green sprite pixels"
"772","20955","142","8","13","209","214","100","104","211.5","102","frame_0772.png","unclassified green sprite pixels"
"772","20955","142","9","4","205","206","102","104","205.5","103","frame_0772.png","unclassified green sprite pixels"
"772","20955","142","10","15","199","203","105","109","201","107","frame_0772.png","unclassified green sprite pixels"
"772","20955","142","11","8","195","197","108","110","196","109","frame_0772.png","unclassified green sprite pixels"
"774","20957","143","0","18","156","159","67","73","157.5","70","frame_0774.png","unclassified green sprite pixels"
"774","20957","143","1","14","163","168","67","71","165.5","69","frame_0774.png","unclassified green sprite pixels"
"774","20957","143","2","4","171","172","68","69","171.5","68.5","frame_0774.png","unclassified green sprite pixels"
"774","20957","143","3","13","202","207","68","72","204.5","70","frame_0774.png","unclassified green sprite pixels"
"774","20957","143","4","9","152","154","70","73","153","71.5","frame_0774.png","unclassified green sprite pixels"
"774","20957","143","5","4","198","199","70","72","198.5","71","frame_0774.png","unclassified green sprite pixels"
"774","20957","143","6","19","192","196","71","77","194","74","frame_0774.png","unclassified green sprite pixels"
"774","20957","143","7","8","188","190","76","78","189","77","frame_0774.png","unclassified green sprite pixels"
"774","20957","143","8","13","207","212","102","106","209.5","104","frame_0774.png","unclassified green sprite pixels"
"774","20957","143","9","19","197","201","105","111","199","108","frame_0774.png","unclassified green sprite pixels"
"774","20957","143","10","2","204","204","105","106","204","105.5","frame_0774.png","unclassified green sprite pixels"
"774","20957","143","11","8","193","195","110","112","194","111","frame_0774.png","unclassified green sprite pixels"
"776","20959","144","0","18","158","161","67","73","159.5","70","frame_0776.png","unclassified green sprite pixels"
"776","20959","144","1","14","165","170","67","71","167.5","69","frame_0776.png","unclassified green sprite pixels"
"776","20959","144","2","4","173","174","68","69","173.5","68.5","frame_0776.png","unclassified green sprite pixels"
"776","20959","144","3","13","204","209","69","73","206.5","71","frame_0776.png","unclassified green sprite pixels"
"776","20959","144","4","9","154","156","70","73","155","71.5","frame_0776.png","unclassified green sprite pixels"
"776","20959","144","5","4","200","201","71","73","200.5","72","frame_0776.png","unclassified green sprite pixels"
"776","20959","144","6","19","194","198","72","78","196","75","frame_0776.png","unclassified green sprite pixels"
"776","20959","144","7","8","190","192","77","79","191","78","frame_0776.png","unclassified green sprite pixels"
"776","20959","144","8","6","208","210","103","105","209","104","frame_0776.png","unclassified green sprite pixels"
"776","20959","144","9","4","201","202","105","107","201.5","106","frame_0776.png","unclassified green sprite pixels"
"776","20959","144","10","5","205","206","105","107","205.5","106","frame_0776.png","unclassified green sprite pixels"
"776","20959","144","11","19","195","199","106","112","197","109","frame_0776.png","unclassified green sprite pixels"
"776","20959","144","12","8","191","193","111","113","192","112","frame_0776.png","unclassified green sprite pixels"
"778","20961","145","0","18","161","164","67","73","162.5","70","frame_0778.png","unclassified green sprite pixels"
"778","20961","145","1","14","168","173","67","71","170.5","69","frame_0778.png","unclassified green sprite pixels"
"778","20961","145","2","4","176","177","68","69","176.5","68.5","frame_0778.png","unclassified green sprite pixels"
"778","20961","145","3","9","157","159","70","73","158","71.5","frame_0778.png","unclassified green sprite pixels"
"778","20961","145","4","13","205","210","71","75","207.5","73","frame_0778.png","unclassified green sprite pixels"
"778","20961","145","5","4","201","202","73","75","201.5","74","frame_0778.png","unclassified green sprite pixels"
"778","20961","145","6","19","195","199","74","80","197","77","frame_0778.png","unclassified green sprite pixels"
"778","20961","145","7","8","191","193","79","81","192","80","frame_0778.png","unclassified green sprite pixels"
"778","20961","145","8","13","203","208","105","109","205.5","107","frame_0778.png","unclassified green sprite pixels"
"778","20961","145","9","4","199","200","107","109","199.5","108","frame_0778.png","unclassified green sprite pixels"
"778","20961","145","10","19","193","197","108","114","195","111","frame_0778.png","unclassified green sprite pixels"
"778","20961","145","11","8","189","191","113","115","190","114","frame_0778.png","unclassified green sprite pixels"
"780","20963","146","0","18","163","166","67","73","164.5","70","frame_0780.png","unclassified green sprite pixels"
"780","20963","146","1","14","170","175","67","71","172.5","69","frame_0780.png","unclassified green sprite pixels"
"780","20963","146","2","4","178","179","68","69","178.5","68.5","frame_0780.png","unclassified green sprite pixels"
"780","20963","146","3","9","159","161","70","73","160","71.5","frame_0780.png","unclassified green sprite pixels"
"780","20963","146","4","13","207","212","73","77","209.5","75","frame_0780.png","unclassified green sprite pixels"
"780","20963","146","5","4","203","204","75","77","203.5","76","frame_0780.png","unclassified green sprite pixels"
"780","20963","146","6","19","197","201","76","82","199","79","frame_0780.png","unclassified green sprite pixels"
"780","20963","146","7","8","193","195","81","83","194","82","frame_0780.png","unclassified green sprite pixels"
"780","20963","146","8","13","200","205","106","110","202.5","108","frame_0780.png","unclassified green sprite pixels"
"780","20963","146","9","4","196","197","108","110","196.5","109","frame_0780.png","unclassified green sprite pixels"
"780","20963","146","10","19","190","194","109","115","192","112","frame_0780.png","unclassified green sprite pixels"
"780","20963","146","11","8","186","188","114","116","187","115","frame_0780.png","unclassified green sprite pixels"
"782","20965","147","0","18","166","169","67","73","167.5","70","frame_0782.png","unclassified green sprite pixels"
"782","20965","147","1","14","173","178","67","71","175.5","69","frame_0782.png","unclassified green sprite pixels"
"782","20965","147","2","4","181","182","68","69","181.5","68.5","frame_0782.png","unclassified green sprite pixels"
"782","20965","147","3","9","162","164","70","73","163","71.5","frame_0782.png","unclassified green sprite pixels"
"782","20965","147","4","13","208","213","76","80","210.5","78","frame_0782.png","unclassified green sprite pixels"
"782","20965","147","5","4","204","205","78","80","204.5","79","frame_0782.png","unclassified green sprite pixels"
"782","20965","147","6","19","198","202","79","85","200","82","frame_0782.png","unclassified green sprite pixels"
"782","20965","147","7","8","194","196","84","86","195","85","frame_0782.png","unclassified green sprite pixels"
"782","20965","147","8","13","197","202","107","111","199.5","109","frame_0782.png","unclassified green sprite pixels"
"782","20965","147","9","4","193","194","109","111","193.5","110","frame_0782.png","unclassified green sprite pixels"
"782","20965","147","10","19","187","191","110","116","189","113","frame_0782.png","unclassified green sprite pixels"
"782","20965","147","11","8","183","185","115","117","184","116","frame_0782.png","unclassified green sprite pixels"
"784","20967","148","0","18","168","171","67","73","169.5","70","frame_0784.png","unclassified green sprite pixels"
"784","20967","148","1","14","175","180","67","71","177.5","69","frame_0784.png","unclassified green sprite pixels"
"784","20967","148","2","4","183","184","68","69","183.5","68.5","frame_0784.png","unclassified green sprite pixels"
"784","20967","148","3","9","164","166","70","73","165","71.5","frame_0784.png","unclassified green sprite pixels"
"784","20967","148","4","13","210","215","78","82","212.5","80","frame_0784.png","unclassified green sprite pixels"
"784","20967","148","5","4","206","207","80","82","206.5","81","frame_0784.png","unclassified green sprite pixels"
"784","20967","148","6","19","200","204","81","87","202","84","frame_0784.png","unclassified green sprite pixels"
"784","20967","148","7","8","196","198","86","88","197","87","frame_0784.png","unclassified green sprite pixels"
"784","20967","148","8","13","194","199","108","112","196.5","110","frame_0784.png","unclassified green sprite pixels"
"784","20967","148","9","4","190","191","110","112","190.5","111","frame_0784.png","unclassified green sprite pixels"
"784","20967","148","10","19","184","188","111","117","186","114","frame_0784.png","unclassified green sprite pixels"
"784","20967","148","11","8","180","182","116","118","181","117","frame_0784.png","unclassified green sprite pixels"
"786","20969","149","0","18","171","174","67","73","172.5","70","frame_0786.png","unclassified green sprite pixels"
"786","20969","149","1","14","178","183","67","71","180.5","69","frame_0786.png","unclassified green sprite pixels"
"786","20969","149","2","4","186","187","68","69","186.5","68.5","frame_0786.png","unclassified green sprite pixels"
"786","20969","149","3","9","167","169","70","73","168","71.5","frame_0786.png","unclassified green sprite pixels"
"786","20969","149","4","13","211","216","81","85","213.5","83","frame_0786.png","unclassified green sprite pixels"
"786","20969","149","5","4","207","208","83","85","207.5","84","frame_0786.png","unclassified green sprite pixels"
"786","20969","149","6","19","201","205","84","90","203","87","frame_0786.png","unclassified green sprite pixels"
"786","20969","149","7","13","191","196","108","112","193.5","110","frame_0786.png","unclassified green sprite pixels"
"786","20969","149","8","4","187","188","110","112","187.5","111","frame_0786.png","unclassified green sprite pixels"
"786","20969","149","9","19","181","185","111","117","183","114","frame_0786.png","unclassified green sprite pixels"
"786","20969","149","10","8","177","179","116","118","178","117","frame_0786.png","unclassified green sprite pixels"
"788","20971","150","0","18","174","177","67","73","175.5","70","frame_0788.png","unclassified green sprite pixels"
"788","20971","150","1","14","181","186","67","71","183.5","69","frame_0788.png","unclassified green sprite pixels"
"788","20971","150","2","4","189","190","68","69","189.5","68.5","frame_0788.png","unclassified green sprite pixels"
"788","20971","150","3","9","170","172","70","73","171","71.5","frame_0788.png","unclassified green sprite pixels"
"788","20971","150","4","13","211","216","85","89","213.5","87","frame_0788.png","unclassified green sprite pixels"
"788","20971","150","5","4","207","208","87","89","207.5","88","frame_0788.png","unclassified green sprite pixels"
"788","20971","150","6","3","201","202","88","89","201.5","88.5","frame_0788.png","unclassified green sprite pixels"
"788","20971","150","7","8","197","199","93","95","198","94","frame_0788.png","unclassified green sprite pixels"
"788","20971","150","8","13","187","192","109","113","189.5","111","frame_0788.png","unclassified green sprite pixels"
"788","20971","150","9","4","183","184","111","113","183.5","112","frame_0788.png","unclassified green sprite pixels"
"788","20971","150","10","19","177","181","112","118","179","115","frame_0788.png","unclassified green sprite pixels"
"788","20971","150","11","8","173","175","117","119","174","118","frame_0788.png","unclassified green sprite pixels"
"790","20973","151","0","18","176","179","67","73","177.5","70","frame_0790.png","unclassified green sprite pixels"
"790","20973","151","1","14","183","188","67","71","185.5","69","frame_0790.png","unclassified green sprite pixels"
"790","20973","151","2","4","191","192","68","69","191.5","68.5","frame_0790.png","unclassified green sprite pixels"
"790","20973","151","3","9","172","174","70","73","173","71.5","frame_0790.png","unclassified green sprite pixels"
"790","20973","151","4","10","212","217","88","90","214.5","89","frame_0790.png","unclassified green sprite pixels"
"790","20973","151","5","4","208","209","90","92","208.5","91","frame_0790.png","unclassified green sprite pixels"
"790","20973","151","6","19","202","206","91","97","204","94","frame_0790.png","unclassified green sprite pixels"
"790","20973","151","7","8","198","200","96","98","199","97","frame_0790.png","unclassified green sprite pixels"
"790","20973","151","8","13","184","189","110","114","186.5","112","frame_0790.png","unclassified green sprite pixels"
"790","20973","151","9","4","180","181","112","114","180.5","113","frame_0790.png","unclassified green sprite pixels"
"790","20973","151","10","19","174","178","113","119","176","116","frame_0790.png","unclassified green sprite pixels"
"790","20973","151","11","8","170","172","118","120","171","119","frame_0790.png","unclassified green sprite pixels"
"792","20975","152","0","18","179","182","67","73","180.5","70","frame_0792.png","unclassified green sprite pixels"
"792","20975","152","1","14","186","191","67","71","188.5","69","frame_0792.png","unclassified green sprite pixels"
"792","20975","152","2","4","194","195","68","69","194.5","68.5","frame_0792.png","unclassified green sprite pixels"
"792","20975","152","3","9","175","177","70","73","176","71.5","frame_0792.png","unclassified green sprite pixels"
"792","20975","152","4","8","213","217","92","93","215","92.5","frame_0792.png","unclassified green sprite pixels"
"792","20975","152","5","19","202","206","94","100","204","97","frame_0792.png","unclassified green sprite pixels"
"792","20975","152","6","2","209","209","94","95","209","94.5","frame_0792.png","unclassified green sprite pixels"
"792","20975","152","7","8","198","200","99","101","199","100","frame_0792.png","unclassified green sprite pixels"
"792","20975","152","8","13","181","186","111","115","183.5","113","frame_0792.png","unclassified green sprite pixels"
"792","20975","152","9","4","177","178","113","115","177.5","114","frame_0792.png","unclassified green sprite pixels"
"792","20975","152","10","19","171","175","114","120","173","117","frame_0792.png","unclassified green sprite pixels"
"792","20975","152","11","8","167","169","119","121","168","120","frame_0792.png","unclassified green sprite pixels"
"794","20977","153","0","18","181","184","67","73","182.5","70","frame_0794.png","unclassified green sprite pixels"
"794","20977","153","1","14","188","193","67","71","190.5","69","frame_0794.png","unclassified green sprite pixels"
"794","20977","153","2","4","196","197","68","69","196.5","68.5","frame_0794.png","unclassified green sprite pixels"
"794","20977","153","3","9","177","179","70","73","178","71.5","frame_0794.png","unclassified green sprite pixels"
"794","20977","153","4","8","212","215","94","97","213.5","95.5","frame_0794.png","unclassified green sprite pixels"
"794","20977","153","5","4","208","209","95","97","208.5","96","frame_0794.png","unclassified green sprite pixels"
"794","20977","153","6","19","202","206","96","102","204","99","frame_0794.png","unclassified green sprite pixels"
"794","20977","153","7","8","198","200","101","103","199","102","frame_0794.png","unclassified green sprite pixels"
"794","20977","153","8","13","178","183","111","115","180.5","113","frame_0794.png","unclassified green sprite pixels"
"794","20977","153","9","4","174","175","113","115","174.5","114","frame_0794.png","unclassified green sprite pixels"
"794","20977","153","10","19","168","172","114","120","170","117","frame_0794.png","unclassified green sprite pixels"
"794","20977","153","11","8","164","166","119","121","165","120","frame_0794.png","unclassified green sprite pixels"
"796","20979","154","0","18","184","187","67","73","185.5","70","frame_0796.png","unclassified green sprite pixels"
"796","20979","154","1","14","191","196","67","71","193.5","69","frame_0796.png","unclassified green sprite pixels"
"796","20979","154","2","4","199","200","68","69","199.5","68.5","frame_0796.png","unclassified green sprite pixels"
"796","20979","154","3","9","180","182","70","73","181","71.5","frame_0796.png","unclassified green sprite pixels"
"796","20979","154","4","13","211","216","96","100","213.5","98","frame_0796.png","unclassified green sprite pixels"
"796","20979","154","5","4","207","208","98","100","207.5","99","frame_0796.png","unclassified green sprite pixels"
"796","20979","154","6","19","201","205","99","105","203","102","frame_0796.png","unclassified green sprite pixels"
"796","20979","154","7","8","197","199","104","106","198","105","frame_0796.png","unclassified green sprite pixels"
"796","20979","154","8","13","174","179","112","116","176.5","114","frame_0796.png","unclassified green sprite pixels"
"796","20979","154","9","4","170","171","114","116","170.5","115","frame_0796.png","unclassified green sprite pixels"
"796","20979","154","10","19","164","168","115","121","166","118","frame_0796.png","unclassified green sprite pixels"
"796","20979","154","11","8","160","162","120","122","161","121","frame_0796.png","unclassified green sprite pixels"
"798","20981","155","0","13","197","202","67","71","199.5","69","frame_0798.png","unclassified green sprite pixels"
"798","20981","155","1","4","193","194","69","71","193.5","70","frame_0798.png","unclassified green sprite pixels"
"798","20981","155","2","19","187","191","70","76","189","73","frame_0798.png","unclassified green sprite pixels"
"798","20981","155","3","8","183","185","75","77","184","76","frame_0798.png","unclassified green sprite pixels"
"798","20981","155","4","13","210","215","98","102","212.5","100","frame_0798.png","unclassified green sprite pixels"
"798","20981","155","5","4","206","207","100","102","206.5","101","frame_0798.png","unclassified green sprite pixels"
"798","20981","155","6","19","200","204","101","107","202","104","frame_0798.png","unclassified green sprite pixels"
"798","20981","155","7","8","196","198","106","108","197","107","frame_0798.png","unclassified green sprite pixels"
"798","20981","155","8","13","171","176","113","117","173.5","115","frame_0798.png","unclassified green sprite pixels"
"798","20981","155","9","4","167","168","115","117","167.5","116","frame_0798.png","unclassified green sprite pixels"
"798","20981","155","10","19","161","165","116","122","163","119","frame_0798.png","unclassified green sprite pixels"
"798","20981","155","11","8","157","159","121","123","158","122","frame_0798.png","unclassified green sprite pixels"
"800","20983","156","0","13","200","205","67","71","202.5","69","frame_0800.png","unclassified green sprite pixels"
"800","20983","156","1","4","196","197","69","71","196.5","70","frame_0800.png","unclassified green sprite pixels"
"800","20983","156","2","19","190","194","70","76","192","73","frame_0800.png","unclassified green sprite pixels"
"800","20983","156","3","8","186","188","75","77","187","76","frame_0800.png","unclassified green sprite pixels"
"800","20983","156","4","13","209","214","100","104","211.5","102","frame_0800.png","unclassified green sprite pixels"
"800","20983","156","5","4","205","206","102","104","205.5","103","frame_0800.png","unclassified green sprite pixels"
"800","20983","156","6","19","199","203","103","109","201","106","frame_0800.png","unclassified green sprite pixels"
"800","20983","156","7","8","195","197","108","110","196","109","frame_0800.png","unclassified green sprite pixels"
"800","20983","156","8","13","168","173","114","118","170.5","116","frame_0800.png","unclassified green sprite pixels"
"800","20983","156","9","4","164","165","116","118","164.5","117","frame_0800.png","unclassified green sprite pixels"
"800","20983","156","10","19","158","162","117","123","160","120","frame_0800.png","unclassified green sprite pixels"
"800","20983","156","11","8","154","156","122","124","155","123","frame_0800.png","unclassified green sprite pixels"
"802","20985","157","0","13","202","207","68","72","204.5","70","frame_0802.png","unclassified green sprite pixels"
"802","20985","157","1","4","198","199","70","72","198.5","71","frame_0802.png","unclassified green sprite pixels"
"802","20985","157","2","19","192","196","71","77","194","74","frame_0802.png","unclassified green sprite pixels"
"802","20985","157","3","8","188","190","76","78","189","77","frame_0802.png","unclassified green sprite pixels"
"802","20985","157","4","13","207","212","102","106","209.5","104","frame_0802.png","unclassified green sprite pixels"
"802","20985","157","5","4","203","204","104","106","203.5","105","frame_0802.png","unclassified green sprite pixels"
"802","20985","157","6","19","197","201","105","111","199","108","frame_0802.png","unclassified green sprite pixels"
"802","20985","157","7","8","193","195","110","112","194","111","frame_0802.png","unclassified green sprite pixels"
"802","20985","157","8","13","164","169","114","118","166.5","116","frame_0802.png","unclassified green sprite pixels"
"802","20985","157","9","4","160","161","116","118","160.5","117","frame_0802.png","unclassified green sprite pixels"
"802","20985","157","10","19","154","158","117","123","156","120","frame_0802.png","unclassified green sprite pixels"
"802","20985","157","11","8","150","152","122","124","151","123","frame_0802.png","unclassified green sprite pixels"
"804","20987","158","0","13","204","209","69","73","206.5","71","frame_0804.png","unclassified green sprite pixels"
"804","20987","158","1","4","200","201","71","73","200.5","72","frame_0804.png","unclassified green sprite pixels"
"804","20987","158","2","19","194","198","72","78","196","75","frame_0804.png","unclassified green sprite pixels"
"804","20987","158","3","8","190","192","77","79","191","78","frame_0804.png","unclassified green sprite pixels"
"804","20987","158","4","13","205","210","103","107","207.5","105","frame_0804.png","unclassified green sprite pixels"
"804","20987","158","5","4","201","202","105","107","201.5","106","frame_0804.png","unclassified green sprite pixels"
"804","20987","158","6","19","195","199","106","112","197","109","frame_0804.png","unclassified green sprite pixels"
"804","20987","158","7","8","191","193","111","113","192","112","frame_0804.png","unclassified green sprite pixels"
"804","20987","158","8","13","161","166","115","119","163.5","117","frame_0804.png","unclassified green sprite pixels"
"804","20987","158","9","19","151","155","118","124","153","121","frame_0804.png","unclassified green sprite pixels"
"804","20987","158","10","5","147","149","123","124","148","123.5","frame_0804.png","unclassified green sprite pixels"
"806","20989","159","0","13","205","210","71","75","207.5","73","frame_0806.png","unclassified green sprite pixels"
"806","20989","159","1","4","201","202","73","75","201.5","74","frame_0806.png","unclassified green sprite pixels"
"806","20989","159","2","19","195","199","74","80","197","77","frame_0806.png","unclassified green sprite pixels"
"806","20989","159","3","8","191","193","79","81","192","80","frame_0806.png","unclassified green sprite pixels"
"806","20989","159","4","13","203","208","105","109","205.5","107","frame_0806.png","unclassified green sprite pixels"
"806","20989","159","5","4","199","200","107","109","199.5","108","frame_0806.png","unclassified green sprite pixels"
"806","20989","159","6","19","193","197","108","114","195","111","frame_0806.png","unclassified green sprite pixels"
"806","20989","159","7","8","189","191","113","115","190","114","frame_0806.png","unclassified green sprite pixels"
"806","20989","159","8","13","158","163","116","120","160.5","118","frame_0806.png","unclassified green sprite pixels"
"806","20989","159","9","18","148","152","119","124","150","121.5","frame_0806.png","unclassified green sprite pixels"
"806","20989","159","10","2","144","145","124","124","144.5","124","frame_0806.png","unclassified green sprite pixels"
"808","20991","160","0","13","207","212","73","77","209.5","75","frame_0808.png","unclassified green sprite pixels"
"808","20991","160","1","4","203","204","75","77","203.5","76","frame_0808.png","unclassified green sprite pixels"
"808","20991","160","2","19","197","201","76","82","199","79","frame_0808.png","unclassified green sprite pixels"
"808","20991","160","3","8","193","195","81","83","194","82","frame_0808.png","unclassified green sprite pixels"
"808","20991","160","4","13","200","205","106","110","202.5","108","frame_0808.png","unclassified green sprite pixels"
"808","20991","160","5","4","196","197","108","110","196.5","109","frame_0808.png","unclassified green sprite pixels"
"808","20991","160","6","19","190","194","109","115","192","112","frame_0808.png","unclassified green sprite pixels"
"808","20991","160","7","8","186","188","114","116","187","115","frame_0808.png","unclassified green sprite pixels"
"808","20991","160","8","13","155","160","117","121","157.5","119","frame_0808.png","unclassified green sprite pixels"
"808","20991","160","9","13","145","148","120","124","146.5","122","frame_0808.png","unclassified green sprite pixels"
"810","20993","161","0","13","208","213","76","80","210.5","78","frame_0810.png","unclassified green sprite pixels"
"810","20993","161","1","4","204","205","78","80","204.5","79","frame_0810.png","unclassified green sprite pixels"
"810","20993","161","2","19","198","202","79","85","200","82","frame_0810.png","unclassified green sprite pixels"
"810","20993","161","3","8","194","196","84","86","195","85","frame_0810.png","unclassified green sprite pixels"
"810","20993","161","4","13","197","202","107","111","199.5","109","frame_0810.png","unclassified green sprite pixels"
"810","20993","161","5","4","193","194","109","111","193.5","110","frame_0810.png","unclassified green sprite pixels"
"810","20993","161","6","19","187","191","110","116","189","113","frame_0810.png","unclassified green sprite pixels"
"810","20993","161","7","8","183","185","115","117","184","116","frame_0810.png","unclassified green sprite pixels"
"810","20993","161","8","13","151","156","117","121","153.5","119","frame_0810.png","unclassified green sprite pixels"
"810","20993","161","9","13","141","144","120","124","142.5","122","frame_0810.png","unclassified green sprite pixels"
"810","20993","161","10","2","148","148","120","121","148","120.5","frame_0810.png","unclassified green sprite pixels"
"812","20995","162","0","13","210","215","78","82","212.5","80","frame_0812.png","unclassified green sprite pixels"
"812","20995","162","1","4","206","207","80","82","206.5","81","frame_0812.png","unclassified green sprite pixels"
"812","20995","162","2","19","200","204","81","87","202","84","frame_0812.png","unclassified green sprite pixels"
"812","20995","162","3","8","196","198","86","88","197","87","frame_0812.png","unclassified green sprite pixels"
"812","20995","162","4","13","194","199","108","112","196.5","110","frame_0812.png","unclassified green sprite pixels"
"812","20995","162","5","4","190","191","110","112","190.5","111","frame_0812.png","unclassified green sprite pixels"
"812","20995","162","6","19","184","188","111","117","186","114","frame_0812.png","unclassified green sprite pixels"
"812","20995","162","7","8","180","182","116","118","181","117","frame_0812.png","unclassified green sprite pixels"
"812","20995","162","8","13","148","153","118","122","150.5","120","frame_0812.png","unclassified green sprite pixels"
"812","20995","162","9","4","144","145","120","122","144.5","121","frame_0812.png","unclassified green sprite pixels"
"812","20995","162","10","9","138","140","121","124","139","122.5","frame_0812.png","unclassified green sprite pixels"
"814","20997","163","0","13","211","216","81","85","213.5","83","frame_0814.png","unclassified green sprite pixels"
"814","20997","163","1","4","207","208","83","85","207.5","84","frame_0814.png","unclassified green sprite pixels"
"814","20997","163","2","19","201","205","84","90","203","87","frame_0814.png","unclassified green sprite pixels"
"814","20997","163","3","8","197","199","89","91","198","90","frame_0814.png","unclassified green sprite pixels"
"814","20997","163","4","13","191","196","108","112","193.5","110","frame_0814.png","unclassified green sprite pixels"
"814","20997","163","5","4","187","188","110","112","187.5","111","frame_0814.png","unclassified green sprite pixels"
"814","20997","163","6","19","181","185","111","117","183","114","frame_0814.png","unclassified green sprite pixels"
"814","20997","163","7","8","177","179","116","118","178","117","frame_0814.png","unclassified green sprite pixels"
"814","20997","163","8","13","145","150","119","123","147.5","121","frame_0814.png","unclassified green sprite pixels"
"814","20997","163","9","4","141","142","121","123","141.5","122","frame_0814.png","unclassified green sprite pixels"
"814","20997","163","10","6","135","136","122","124","135.5","123","frame_0814.png","unclassified green sprite pixels"
"816","20999","164","0","13","211","216","85","89","213.5","87","frame_0816.png","unclassified green sprite pixels"
"816","20999","164","1","4","207","208","87","89","207.5","88","frame_0816.png","unclassified green sprite pixels"
"816","20999","164","2","19","201","205","88","94","203","91","frame_0816.png","unclassified green sprite pixels"
"816","20999","164","3","8","197","199","93","95","198","94","frame_0816.png","unclassified green sprite pixels"
"816","20999","164","4","13","187","192","109","113","189.5","111","frame_0816.png","unclassified green sprite pixels"
"816","20999","164","5","4","183","184","111","113","183.5","112","frame_0816.png","unclassified green sprite pixels"
"816","20999","164","6","19","177","181","112","118","179","115","frame_0816.png","unclassified green sprite pixels"
"816","20999","164","7","8","173","175","117","119","174","118","frame_0816.png","unclassified green sprite pixels"
"816","20999","164","8","13","142","147","120","124","144.5","122","frame_0816.png","unclassified green sprite pixels"
"816","20999","164","9","4","138","139","122","124","138.5","123","frame_0816.png","unclassified green sprite pixels"
"816","20999","164","10","4","132","133","123","124","132.5","123.5","frame_0816.png","unclassified green sprite pixels"
"818","21001","165","0","13","212","217","88","92","214.5","90","frame_0818.png","unclassified green sprite pixels"
"818","21001","165","1","4","208","209","90","92","208.5","91","frame_0818.png","unclassified green sprite pixels"
"818","21001","165","2","19","202","206","91","97","204","94","frame_0818.png","unclassified green sprite pixels"
"818","21001","165","3","8","198","200","96","98","199","97","frame_0818.png","unclassified green sprite pixels"
"818","21001","165","4","13","184","189","110","114","186.5","112","frame_0818.png","unclassified green sprite pixels"
"818","21001","165","5","4","180","181","112","114","180.5","113","frame_0818.png","unclassified green sprite pixels"
"818","21001","165","6","19","174","178","113","119","176","116","frame_0818.png","unclassified green sprite pixels"
"818","21001","165","7","8","170","172","118","120","171","119","frame_0818.png","unclassified green sprite pixels"
"818","21001","165","8","13","138","143","120","124","140.5","122","frame_0818.png","unclassified green sprite pixels"
"818","21001","165","9","4","134","135","122","124","134.5","123","frame_0818.png","unclassified green sprite pixels"
"818","21001","165","10","4","128","129","123","124","128.5","123.5","frame_0818.png","unclassified green sprite pixels"
"820","21003","166","0","13","212","217","91","95","214.5","93","frame_0820.png","unclassified green sprite pixels"
"820","21003","166","1","4","208","209","93","95","208.5","94","frame_0820.png","unclassified green sprite pixels"
"820","21003","166","2","19","202","206","94","100","204","97","frame_0820.png","unclassified green sprite pixels"
"820","21003","166","3","8","198","200","99","101","199","100","frame_0820.png","unclassified green sprite pixels"
"820","21003","166","4","13","181","186","111","115","183.5","113","frame_0820.png","unclassified green sprite pixels"
"820","21003","166","5","4","177","178","113","115","177.5","114","frame_0820.png","unclassified green sprite pixels"
"820","21003","166","6","19","171","175","114","120","173","117","frame_0820.png","unclassified green sprite pixels"
"820","21003","166","7","8","167","169","119","121","168","120","frame_0820.png","unclassified green sprite pixels"
"820","21003","166","8","12","135","140","121","124","137.5","122.5","frame_0820.png","unclassified green sprite pixels"
"820","21003","166","9","3","131","132","123","124","131.5","123.5","frame_0820.png","unclassified green sprite pixels"
"820","21003","166","10","2","125","126","124","124","125.5","124","frame_0820.png","unclassified green sprite pixels"
"822","21005","167","0","13","212","217","93","97","214.5","95","frame_0822.png","unclassified green sprite pixels"
"822","21005","167","1","4","208","209","95","97","208.5","96","frame_0822.png","unclassified green sprite pixels"
"822","21005","167","2","19","202","206","96","102","204","99","frame_0822.png","unclassified green sprite pixels"
"822","21005","167","3","8","198","200","101","103","199","102","frame_0822.png","unclassified green sprite pixels"
"822","21005","167","4","13","178","183","111","115","180.5","113","frame_0822.png","unclassified green sprite pixels"
"822","21005","167","5","4","174","175","113","115","174.5","114","frame_0822.png","unclassified green sprite pixels"
"822","21005","167","6","19","168","172","114","120","170","117","frame_0822.png","unclassified green sprite pixels"
"822","21005","167","7","8","164","166","119","121","165","120","frame_0822.png","unclassified green sprite pixels"
"822","21005","167","8","10","132","137","122","124","134.5","123","frame_0822.png","unclassified green sprite pixels"
"822","21005","167","9","2","128","129","124","124","128.5","124","frame_0822.png","unclassified green sprite pixels"
"824","21007","168","0","13","211","216","96","100","213.5","98","frame_0824.png","unclassified green sprite pixels"
"824","21007","168","1","4","207","208","98","100","207.5","99","frame_0824.png","unclassified green sprite pixels"
"824","21007","168","2","19","201","205","99","105","203","102","frame_0824.png","unclassified green sprite pixels"
"824","21007","168","3","8","197","199","104","106","198","105","frame_0824.png","unclassified green sprite pixels"
"824","21007","168","4","13","174","179","112","116","176.5","114","frame_0824.png","unclassified green sprite pixels"
"824","21007","168","5","4","170","171","114","116","170.5","115","frame_0824.png","unclassified green sprite pixels"
"824","21007","168","6","19","164","168","115","121","166","118","frame_0824.png","unclassified green sprite pixels"
"824","21007","168","7","8","160","162","120","122","161","121","frame_0824.png","unclassified green sprite pixels"
"824","21007","168","8","2","125","126","124","124","125.5","124","frame_0824.png","unclassified green sprite pixels"
"826","21009","169","0","13","210","215","98","102","212.5","100","frame_0826.png","unclassified green sprite pixels"
"826","21009","169","1","4","206","207","100","102","206.5","101","frame_0826.png","unclassified green sprite pixels"
"826","21009","169","2","19","200","204","101","107","202","104","frame_0826.png","unclassified green sprite pixels"
"826","21009","169","3","8","196","198","106","108","197","107","frame_0826.png","unclassified green sprite pixels"
"826","21009","169","4","13","171","176","113","117","173.5","115","frame_0826.png","unclassified green sprite pixels"
"826","21009","169","5","4","167","168","115","117","167.5","116","frame_0826.png","unclassified green sprite pixels"
"826","21009","169","6","19","161","165","116","122","163","119","frame_0826.png","unclassified green sprite pixels"
"826","21009","169","7","8","157","159","121","123","158","122","frame_0826.png","unclassified green sprite pixels"
"826","21009","169","8","2","122","123","124","124","122.5","124","frame_0826.png","unclassified green sprite pixels"
"828","21011","170","0","13","209","214","100","104","211.5","102","frame_0828.png","unclassified green sprite pixels"
"828","21011","170","1","4","205","206","102","104","205.5","103","frame_0828.png","unclassified green sprite pixels"
"828","21011","170","2","19","199","203","103","109","201","106","frame_0828.png","unclassified green sprite pixels"
"828","21011","170","3","8","195","197","108","110","196","109","frame_0828.png","unclassified green sprite pixels"
"828","21011","170","4","13","168","173","114","118","170.5","116","frame_0828.png","unclassified green sprite pixels"
"828","21011","170","5","4","164","165","116","118","164.5","117","frame_0828.png","unclassified green sprite pixels"
"828","21011","170","6","19","158","162","117","123","160","120","frame_0828.png","unclassified green sprite pixels"
"828","21011","170","7","8","154","156","122","124","155","123","frame_0828.png","unclassified green sprite pixels"
"830","21013","171","0","13","207","212","102","106","209.5","104","frame_0830.png","unclassified green sprite pixels"
"830","21013","171","1","4","203","204","104","106","203.5","105","frame_0830.png","unclassified green sprite pixels"
"830","21013","171","2","19","197","201","105","111","199","108","frame_0830.png","unclassified green sprite pixels"
"830","21013","171","3","8","193","195","110","112","194","111","frame_0830.png","unclassified green sprite pixels"
"830","21013","171","4","13","164","169","114","118","166.5","116","frame_0830.png","unclassified green sprite pixels"
"830","21013","171","5","4","160","161","116","118","160.5","117","frame_0830.png","unclassified green sprite pixels"
"830","21013","171","6","19","154","158","117","123","156","120","frame_0830.png","unclassified green sprite pixels"
"830","21013","171","7","8","150","152","122","124","151","123","frame_0830.png","unclassified green sprite pixels"
"832","21015","172","0","13","205","210","103","107","207.5","105","frame_0832.png","unclassified green sprite pixels"
"832","21015","172","1","4","201","202","105","107","201.5","106","frame_0832.png","unclassified green sprite pixels"
"832","21015","172","2","19","195","199","106","112","197","109","frame_0832.png","unclassified green sprite pixels"
"832","21015","172","3","8","191","193","111","113","192","112","frame_0832.png","unclassified green sprite pixels"
"832","21015","172","4","13","161","166","115","119","163.5","117","frame_0832.png","unclassified green sprite pixels"
"832","21015","172","5","4","157","158","117","119","157.5","118","frame_0832.png","unclassified green sprite pixels"
"832","21015","172","6","19","151","155","118","124","153","121","frame_0832.png","unclassified green sprite pixels"
"832","21015","172","7","5","147","149","123","124","148","123.5","frame_0832.png","unclassified green sprite pixels"
"834","21017","173","0","13","203","208","105","109","205.5","107","frame_0834.png","unclassified green sprite pixels"
"834","21017","173","1","4","199","200","107","109","199.5","108","frame_0834.png","unclassified green sprite pixels"
"834","21017","173","2","19","193","197","108","114","195","111","frame_0834.png","unclassified green sprite pixels"
"834","21017","173","3","8","189","191","113","115","190","114","frame_0834.png","unclassified green sprite pixels"
"834","21017","173","4","13","158","163","116","120","160.5","118","frame_0834.png","unclassified green sprite pixels"
"834","21017","173","5","4","154","155","118","120","154.5","119","frame_0834.png","unclassified green sprite pixels"
"834","21017","173","6","18","148","152","119","124","150","121.5","frame_0834.png","unclassified green sprite pixels"
"834","21017","173","7","2","144","145","124","124","144.5","124","frame_0834.png","unclassified green sprite pixels"
"836","21019","174","0","13","200","205","106","110","202.5","108","frame_0836.png","unclassified green sprite pixels"
"836","21019","174","1","4","196","197","108","110","196.5","109","frame_0836.png","unclassified green sprite pixels"
"836","21019","174","2","19","190","194","109","115","192","112","frame_0836.png","unclassified green sprite pixels"
"836","21019","174","3","8","186","188","114","116","187","115","frame_0836.png","unclassified green sprite pixels"
"836","21019","174","4","13","155","160","117","121","157.5","119","frame_0836.png","unclassified green sprite pixels"
"836","21019","174","5","4","151","152","119","121","151.5","120","frame_0836.png","unclassified green sprite pixels"
"836","21019","174","6","13","145","148","120","124","146.5","122","frame_0836.png","unclassified green sprite pixels"
"838","21021","175","0","13","197","202","107","111","199.5","109","frame_0838.png","unclassified green sprite pixels"
"838","21021","175","1","4","193","194","109","111","193.5","110","frame_0838.png","unclassified green sprite pixels"
"838","21021","175","2","19","187","191","110","116","189","113","frame_0838.png","unclassified green sprite pixels"
"838","21021","175","3","8","183","185","115","117","184","116","frame_0838.png","unclassified green sprite pixels"
"838","21021","175","4","13","151","156","117","121","153.5","119","frame_0838.png","unclassified green sprite pixels"
"838","21021","175","5","4","147","148","119","121","147.5","120","frame_0838.png","unclassified green sprite pixels"
"838","21021","175","6","13","141","144","120","124","142.5","122","frame_0838.png","unclassified green sprite pixels"
"840","21023","176","0","13","194","199","108","112","196.5","110","frame_0840.png","unclassified green sprite pixels"
"840","21023","176","1","4","190","191","110","112","190.5","111","frame_0840.png","unclassified green sprite pixels"
"840","21023","176","2","19","184","188","111","117","186","114","frame_0840.png","unclassified green sprite pixels"
"840","21023","176","3","8","180","182","116","118","181","117","frame_0840.png","unclassified green sprite pixels"
"840","21023","176","4","13","148","153","118","122","150.5","120","frame_0840.png","unclassified green sprite pixels"
"840","21023","176","5","4","144","145","120","122","144.5","121","frame_0840.png","unclassified green sprite pixels"
"840","21023","176","6","9","138","140","121","124","139","122.5","frame_0840.png","unclassified green sprite pixels"
"842","21025","177","0","13","191","196","108","112","193.5","110","frame_0842.png","unclassified green sprite pixels"
"842","21025","177","1","4","187","188","110","112","187.5","111","frame_0842.png","unclassified green sprite pixels"
"842","21025","177","2","19","181","185","111","117","183","114","frame_0842.png","unclassified green sprite pixels"
"842","21025","177","3","8","177","179","116","118","178","117","frame_0842.png","unclassified green sprite pixels"
"842","21025","177","4","13","145","150","119","123","147.5","121","frame_0842.png","unclassified green sprite pixels"
"842","21025","177","5","4","141","142","121","123","141.5","122","frame_0842.png","unclassified green sprite pixels"
"842","21025","177","6","6","135","136","122","124","135.5","123","frame_0842.png","unclassified green sprite pixels"
"844","21027","178","0","13","187","192","109","113","189.5","111","frame_0844.png","unclassified green sprite pixels"
"844","21027","178","1","4","183","184","111","113","183.5","112","frame_0844.png","unclassified green sprite pixels"
"844","21027","178","2","19","177","181","112","118","179","115","frame_0844.png","unclassified green sprite pixels"
"844","21027","178","3","8","173","175","117","119","174","118","frame_0844.png","unclassified green sprite pixels"
"844","21027","178","4","13","142","147","120","124","144.5","122","frame_0844.png","unclassified green sprite pixels"
"844","21027","178","5","4","138","139","122","124","138.5","123","frame_0844.png","unclassified green sprite pixels"
"844","21027","178","6","4","132","133","123","124","132.5","123.5","frame_0844.png","unclassified green sprite pixels"
"846","21029","179","0","13","184","189","110","114","186.5","112","frame_0846.png","unclassified green sprite pixels"
"846","21029","179","1","4","180","181","112","114","180.5","113","frame_0846.png","unclassified green sprite pixels"
"846","21029","179","2","19","174","178","113","119","176","116","frame_0846.png","unclassified green sprite pixels"
"846","21029","179","3","8","170","172","118","120","171","119","frame_0846.png","unclassified green sprite pixels"
"846","21029","179","4","13","138","143","120","124","140.5","122","frame_0846.png","unclassified green sprite pixels"
"846","21029","179","5","4","134","135","122","124","134.5","123","frame_0846.png","unclassified green sprite pixels"
"846","21029","179","6","4","128","129","123","124","128.5","123.5","frame_0846.png","unclassified green sprite pixels"
"848","21031","180","0","13","181","186","111","115","183.5","113","frame_0848.png","unclassified green sprite pixels"
"848","21031","180","1","4","177","178","113","115","177.5","114","frame_0848.png","unclassified green sprite pixels"
"848","21031","180","2","19","171","175","114","120","173","117","frame_0848.png","unclassified green sprite pixels"
"848","21031","180","3","8","167","169","119","121","168","120","frame_0848.png","unclassified green sprite pixels"
"848","21031","180","4","12","135","140","121","124","137.5","122.5","frame_0848.png","unclassified green sprite pixels"
"848","21031","180","5","3","131","132","123","124","131.5","123.5","frame_0848.png","unclassified green sprite pixels"
"848","21031","180","6","2","125","126","124","124","125.5","124","frame_0848.png","unclassified green sprite pixels"
"850","21033","181","0","13","178","183","111","115","180.5","113","frame_0850.png","unclassified green sprite pixels"
"850","21033","181","1","4","174","175","113","115","174.5","114","frame_0850.png","unclassified green sprite pixels"
"850","21033","181","2","19","168","172","114","120","170","117","frame_0850.png","unclassified green sprite pixels"
"850","21033","181","3","8","164","166","119","121","165","120","frame_0850.png","unclassified green sprite pixels"
"850","21033","181","4","10","132","137","122","124","134.5","123","frame_0850.png","unclassified green sprite pixels"
"850","21033","181","5","2","128","129","124","124","128.5","124","frame_0850.png","unclassified green sprite pixels"
"852","21035","182","0","13","174","179","112","116","176.5","114","frame_0852.png","unclassified green sprite pixels"
"852","21035","182","1","4","170","171","114","116","170.5","115","frame_0852.png","unclassified green sprite pixels"
"852","21035","182","2","19","164","168","115","121","166","118","frame_0852.png","unclassified green sprite pixels"
"852","21035","182","3","8","160","162","120","122","161","121","frame_0852.png","unclassified green sprite pixels"
"852","21035","182","4","2","125","126","124","124","125.5","124","frame_0852.png","unclassified green sprite pixels"
"854","21037","183","0","13","171","176","113","117","173.5","115","frame_0854.png","unclassified green sprite pixels"
"854","21037","183","1","4","167","168","115","117","167.5","116","frame_0854.png","unclassified green sprite pixels"
"854","21037","183","2","19","161","165","116","122","163","119","frame_0854.png","unclassified green sprite pixels"
"854","21037","183","3","8","157","159","121","123","158","122","frame_0854.png","unclassified green sprite pixels"
"854","21037","183","4","2","122","123","124","124","122.5","124","frame_0854.png","unclassified green sprite pixels"
"856","21039","184","0","13","168","173","114","118","170.5","116","frame_0856.png","unclassified green sprite pixels"
"856","21039","184","1","4","164","165","116","118","164.5","117","frame_0856.png","unclassified green sprite pixels"
"856","21039","184","2","19","158","162","117","123","160","120","frame_0856.png","unclassified green sprite pixels"
"856","21039","184","3","8","154","156","122","124","155","123","frame_0856.png","unclassified green sprite pixels"
"858","21041","185","0","13","164","169","114","118","166.5","116","frame_0858.png","unclassified green sprite pixels"
"858","21041","185","1","4","160","161","116","118","160.5","117","frame_0858.png","unclassified green sprite pixels"
"858","21041","185","2","19","154","158","117","123","156","120","frame_0858.png","unclassified green sprite pixels"
"858","21041","185","3","8","150","152","122","124","151","123","frame_0858.png","unclassified green sprite pixels"
"860","21043","186","0","13","161","166","115","119","163.5","117","frame_0860.png","unclassified green sprite pixels"
"860","21043","186","1","19","151","155","118","124","153","121","frame_0860.png","unclassified green sprite pixels"
"860","21043","186","2","5","147","149","123","124","148","123.5","frame_0860.png","unclassified green sprite pixels"
"862","21045","187","0","13","158","163","116","120","160.5","118","frame_0862.png","unclassified green sprite pixels"
"862","21045","187","1","18","148","152","119","124","150","121.5","frame_0862.png","unclassified green sprite pixels"
"862","21045","187","2","2","144","145","124","124","144.5","124","frame_0862.png","unclassified green sprite pixels"
"864","21047","188","0","13","155","160","117","121","157.5","119","frame_0864.png","unclassified green sprite pixels"
"864","21047","188","1","13","145","148","120","124","146.5","122","frame_0864.png","unclassified green sprite pixels"
"866","21049","189","0","13","151","156","117","121","153.5","119","frame_0866.png","unclassified green sprite pixels"
"866","21049","189","1","13","141","144","120","124","142.5","122","frame_0866.png","unclassified green sprite pixels"
"866","21049","189","2","2","148","148","120","121","148","120.5","frame_0866.png","unclassified green sprite pixels"
"868","21051","190","0","13","148","153","118","122","150.5","120","frame_0868.png","unclassified green sprite pixels"
"868","21051","190","1","4","144","145","120","122","144.5","121","frame_0868.png","unclassified green sprite pixels"
"868","21051","190","2","9","138","140","121","124","139","122.5","frame_0868.png","unclassified green sprite pixels"
"870","21053","191","0","13","145","150","119","123","147.5","121","frame_0870.png","unclassified green sprite pixels"
"870","21053","191","1","4","141","142","121","123","141.5","122","frame_0870.png","unclassified green sprite pixels"
"870","21053","191","2","6","135","136","122","124","135.5","123","frame_0870.png","unclassified green sprite pixels"
"872","21055","192","0","3","255","255","100","102","255","101","frame_0872.png","unclassified green sprite pixels"
"872","21055","192","1","13","142","147","120","124","144.5","122","frame_0872.png","unclassified green sprite pixels"
"872","21055","192","2","4","138","139","122","124","138.5","123","frame_0872.png","unclassified green sprite pixels"
"872","21055","192","3","4","132","133","123","124","132.5","123.5","frame_0872.png","unclassified green sprite pixels"
"874","21057","193","0","8","252","254","100","102","253","101","frame_0874.png","unclassified green sprite pixels"
"874","21057","193","1","13","138","143","120","124","140.5","122","frame_0874.png","unclassified green sprite pixels"
"874","21057","193","2","4","134","135","122","124","134.5","123","frame_0874.png","unclassified green sprite pixels"
"874","21057","193","3","4","128","129","123","124","128.5","123.5","frame_0874.png","unclassified green sprite pixels"
"876","21059","194","0","16","253","255","95","101","254","98","frame_0876.png","unclassified green sprite pixels"
"876","21059","194","1","8","249","251","100","102","250","101","frame_0876.png","unclassified green sprite pixels"
"876","21059","194","2","12","135","140","121","124","137.5","122.5","frame_0876.png","unclassified green sprite pixels"
"876","21059","194","3","3","131","132","123","124","131.5","123.5","frame_0876.png","unclassified green sprite pixels"
"876","21059","194","4","2","125","126","124","124","125.5","124","frame_0876.png","unclassified green sprite pixels"
"878","21061","195","0","19","250","254","95","101","252","98","frame_0878.png","unclassified green sprite pixels"
"878","21061","195","1","8","246","248","100","102","247","101","frame_0878.png","unclassified green sprite pixels"
"878","21061","195","2","10","132","137","122","124","134.5","123","frame_0878.png","unclassified green sprite pixels"
"878","21061","195","3","2","128","129","124","124","128.5","124","frame_0878.png","unclassified green sprite pixels"
"880","21063","196","0","4","253","254","92","94","253.5","93","frame_0880.png","unclassified green sprite pixels"
"880","21063","196","1","19","247","251","93","99","249","96","frame_0880.png","unclassified green sprite pixels"
"880","21063","196","2","8","243","245","98","100","244","99","frame_0880.png","unclassified green sprite pixels"
"880","21063","196","3","2","125","126","124","124","125.5","124","frame_0880.png","unclassified green sprite pixels"
"882","21065","197","0","4","251","252","90","92","251.5","91","frame_0882.png","unclassified green sprite pixels"
"882","21065","197","1","3","255","255","90","92","255","91","frame_0882.png","unclassified green sprite pixels"
"882","21065","197","2","19","245","249","91","97","247","94","frame_0882.png","unclassified green sprite pixels"
"882","21065","197","3","8","241","243","96","98","242","97","frame_0882.png","unclassified green sprite pixels"
"882","21065","197","4","2","122","123","124","124","122.5","124","frame_0882.png","unclassified green sprite pixels"
"884","21067","198","0","9","252","255","88","91","253.5","89.5","frame_0884.png","unclassified green sprite pixels"
"884","21067","198","1","4","248","249","89","91","248.5","90","frame_0884.png","unclassified green sprite pixels"
"884","21067","198","2","19","242","246","90","96","244","93","frame_0884.png","unclassified green sprite pixels"
"884","21067","198","3","8","238","240","95","97","239","96","frame_0884.png","unclassified green sprite pixels"
"886","21069","199","0","13","250","255","85","89","252.5","87","frame_0886.png","unclassified green sprite pixels"
"886","21069","199","1","4","246","247","87","89","246.5","88","frame_0886.png","unclassified green sprite pixels"
"886","21069","199","2","19","240","244","88","94","242","91","frame_0886.png","unclassified green sprite pixels"
"886","21069","199","3","8","236","238","93","95","237","94","frame_0886.png","unclassified green sprite pixels"
"888","21071","200","0","13","247","252","83","87","249.5","85","frame_0888.png","unclassified green sprite pixels"
"888","21071","200","1","4","243","244","85","87","243.5","86","frame_0888.png","unclassified green sprite pixels"
"888","21071","200","2","19","237","241","86","92","239","89","frame_0888.png","unclassified green sprite pixels"
"888","21071","200","3","8","233","235","91","93","234","92","frame_0888.png","unclassified green sprite pixels"
"890","21073","201","0","13","245","250","82","86","247.5","84","frame_0890.png","unclassified green sprite pixels"
"890","21073","201","1","4","241","242","84","86","241.5","85","frame_0890.png","unclassified green sprite pixels"
"890","21073","201","2","19","235","239","85","91","237","88","frame_0890.png","unclassified green sprite pixels"
"890","21073","201","3","8","231","233","90","92","232","91","frame_0890.png","unclassified green sprite pixels"
"892","21075","202","0","13","242","247","80","84","244.5","82","frame_0892.png","unclassified green sprite pixels"
"892","21075","202","1","4","238","239","82","84","238.5","83","frame_0892.png","unclassified green sprite pixels"
"892","21075","202","2","19","232","236","83","89","234","86","frame_0892.png","unclassified green sprite pixels"
"892","21075","202","3","8","228","230","88","90","229","89","frame_0892.png","unclassified green sprite pixels"
"894","21077","203","0","13","240","245","78","82","242.5","80","frame_0894.png","unclassified green sprite pixels"
"894","21077","203","1","4","236","237","80","82","236.5","81","frame_0894.png","unclassified green sprite pixels"
"894","21077","203","2","19","230","234","81","87","232","84","frame_0894.png","unclassified green sprite pixels"
"894","21077","203","3","8","226","228","86","88","227","87","frame_0894.png","unclassified green sprite pixels"
"896","21079","204","0","13","237","242","77","81","239.5","79","frame_0896.png","unclassified green sprite pixels"
"896","21079","204","1","4","233","234","79","81","233.5","80","frame_0896.png","unclassified green sprite pixels"
"896","21079","204","2","19","227","231","80","86","229","83","frame_0896.png","unclassified green sprite pixels"
"896","21079","204","3","8","223","225","85","87","224","86","frame_0896.png","unclassified green sprite pixels"
"898","21081","205","0","13","235","240","75","79","237.5","77","frame_0898.png","unclassified green sprite pixels"
"898","21081","205","1","4","231","232","77","79","231.5","78","frame_0898.png","unclassified green sprite pixels"
"898","21081","205","2","19","225","229","78","84","227","81","frame_0898.png","unclassified green sprite pixels"
"898","21081","205","3","8","221","223","83","85","222","84","frame_0898.png","unclassified green sprite pixels"
"900","21083","206","0","13","232","237","73","77","234.5","75","frame_0900.png","unclassified green sprite pixels"
"900","21083","206","1","4","228","229","75","77","228.5","76","frame_0900.png","unclassified green sprite pixels"
"900","21083","206","2","19","222","226","76","82","224","79","frame_0900.png","unclassified green sprite pixels"
"900","21083","206","3","8","218","220","81","83","219","82","frame_0900.png","unclassified green sprite pixels"
