"sample","emu_frame","snapshot_index","component","pixels","min_x","max_x","min_y","max_y","center_x","center_y","screenshot","interpretation"
"550","20733","31","0","4","83","86","105","108","84.5","106.5","frame_0550.png","unclassified orange sprite pixels"
"550","20733","31","1","12","88","98","109","111","93","110","frame_0550.png","unclassified orange sprite pixels"
"550","20733","31","2","6","101","105","110","111","103","110.5","frame_0550.png","unclassified orange sprite pixels"
"550","20733","31","3","10","25","34","118","118","29.5","118","frame_0550.png","unclassified orange sprite pixels"
"550","20733","31","4","2","32","32","121","122","32","121.5","frame_0550.png","unclassified orange sprite pixels"
"550","20733","31","5","2","24","25","122","122","24.5","122","frame_0550.png","unclassified orange sprite pixels"
"550","20733","31","6","2","22","22","123","124","22","123.5","frame_0550.png","unclassified orange sprite pixels"
"550","20733","31","7","11","29","39","144","144","34","144","frame_0550.png","unclassified orange sprite pixels"
"550","20733","31","8","5","42","45","144","147","43.5","145.5","frame_0550.png","unclassified orange sprite pixels"
"550","20733","31","9","4","27","30","147","147","28.5","147","frame_0550.png","unclassified orange sprite pixels"
"550","20733","31","10","2","37","38","148","148","37.5","148","frame_0550.png","unclassified orange sprite pixels"
"550","20733","31","11","2","29","30","150","150","29.5","150","frame_0550.png","unclassified orange sprite pixels"
"550","20733","31","12","11","48","58","162","162","53","162","frame_0550.png","unclassified orange sprite pixels"
"550","20733","31","13","5","61","64","162","165","62.5","163.5","frame_0550.png","unclassified orange sprite pixels"
"550","20733","31","14","4","46","49","165","165","47.5","165","frame_0550.png","unclassified orange sprite pixels"
"550","20733","31","15","2","56","57","166","166","56.5","166","frame_0550.png","unclassified orange sprite pixels"
"550","20733","31","16","2","48","49","168","168","48.5","168","frame_0550.png","unclassified orange sprite pixels"
"550","20733","31","17","10","82","91","169","171","86.5","170","frame_0550.png","unclassified orange sprite pixels"
"550","20733","31","18","2","81","82","174","174","81.5","174","frame_0550.png","unclassified orange sprite pixels"
"550","20733","31","19","4","84","85","174","176","84.5","175","frame_0550.png","unclassified orange sprite pixels"
"550","20733","31","20","2","77","78","179","179","77.5","179","frame_0550.png","unclassified orange sprite pixels"
"552","20735","32","0","15","81","88","105","109","84.5","107","frame_0552.png","unclassified orange sprite pixels"
"552","20735","32","1","2","91","92","109","110","91.5","109.5","frame_0552.png","unclassified orange sprite pixels"
"552","20735","32","2","3","95","97","109","109","96","109","frame_0552.png","unclassified orange sprite pixels"
"552","20735","32","3","7","101","105","110","111","103","110.5","frame_0552.png","unclassified orange sprite pixels"
"552","20735","32","4","3","83","85","114","114","84","114","frame_0552.png","unclassified orange sprite pixels"
"552","20735","32","5","10","26","35","115","115","30.5","115","frame_0552.png","unclassified orange sprite pixels"
"552","20735","32","6","2","17","17","118","119","17","118.5","frame_0552.png","unclassified orange sprite pixels"
"552","20735","32","7","2","24","25","119","119","24.5","119","frame_0552.png","unclassified orange sprite pixels"
"552","20735","32","8","2","27","27","120","121","27","120.5","frame_0552.png","unclassified orange sprite pixels"
"552","20735","32","9","11","17","27","142","142","22","142","frame_0552.png","unclassified orange sprite pixels"
"552","20735","32","10","5","42","45","142","145","43.5","143.5","frame_0552.png","unclassified orange sprite pixels"
"552","20735","32","11","4","27","30","145","145","28.5","145","frame_0552.png","unclassified orange sprite pixels"
"552","20735","32","12","2","37","38","146","146","37.5","146","frame_0552.png","unclassified orange sprite pixels"
"552","20735","32","13","2","29","30","148","148","29.5","148","frame_0552.png","unclassified orange sprite pixels"
"552","20735","32","14","11","34","44","161","161","39","161","frame_0552.png","unclassified orange sprite pixels"
"552","20735","32","15","5","59","62","161","164","60.5","162.5","frame_0552.png","unclassified orange sprite pixels"
"552","20735","32","16","4","44","47","164","164","45.5","164","frame_0552.png","unclassified orange sprite pixels"
"552","20735","32","17","2","54","55","165","165","54.5","165","frame_0552.png","unclassified orange sprite pixels"
"552","20735","32","18","2","46","47","167","167","46.5","167","frame_0552.png","unclassified orange sprite pixels"
"552","20735","32","19","10","68","77","172","174","72.5","173","frame_0552.png","unclassified orange sprite pixels"
"552","20735","32","20","2","78","79","174","174","78.5","174","frame_0552.png","unclassified orange sprite pixels"
"552","20735","32","21","4","81","82","174","176","81.5","175","frame_0552.png","unclassified orange sprite pixels"
"552","20735","32","22","2","74","75","179","179","74.5","179","frame_0552.png","unclassified orange sprite pixels"
"554","20737","33","0","10","15","24","112","112","19.5","112","frame_0554.png","unclassified orange sprite pixels"
"554","20737","33","1","2","17","17","115","116","17","115.5","frame_0554.png","unclassified orange sprite pixels"
"554","20737","33","2","2","24","25","116","116","24.5","116","frame_0554.png","unclassified orange sprite pixels"
"554","20737","33","3","2","27","27","117","118","27","117.5","frame_0554.png","unclassified orange sprite pixels"
"554","20737","33","4","11","28","38","140","140","33","140","frame_0554.png","unclassified orange sprite pixels"
"554","20737","33","5","5","41","44","140","143","42.5","141.5","frame_0554.png","unclassified orange sprite pixels"
"554","20737","33","6","4","26","29","143","143","27.5","143","frame_0554.png","unclassified orange sprite pixels"
"554","20737","33","7","2","36","37","144","144","36.5","144","frame_0554.png","unclassified orange sprite pixels"
"554","20737","33","8","2","28","29","146","146","28.5","146","frame_0554.png","unclassified orange sprite pixels"
"554","20737","33","9","11","44","54","160","160","49","160","frame_0554.png","unclassified orange sprite pixels"
"554","20737","33","10","5","57","60","160","163","58.5","161.5","frame_0554.png","unclassified orange sprite pixels"
"554","20737","33","11","4","42","45","163","163","43.5","163","frame_0554.png","unclassified orange sprite pixels"
"554","20737","33","12","2","52","53","164","164","52.5","164","frame_0554.png","unclassified orange sprite pixels"
"554","20737","33","13","2","44","45","166","166","44.5","166","frame_0554.png","unclassified orange sprite pixels"
"554","20737","33","14","10","75","84","169","171","79.5","170","frame_0554.png","unclassified orange sprite pixels"
"554","20737","33","15","2","74","75","174","174","74.5","174","frame_0554.png","unclassified orange sprite pixels"
"554","20737","33","16","4","77","78","174","176","77.5","175","frame_0554.png","unclassified orange sprite pixels"
"554","20737","33","17","2","70","71","179","179","70.5","179","frame_0554.png","unclassified orange sprite pixels"
"556","20739","34","0","10","25","34","109","109","29.5","109","frame_0556.png","unclassified orange sprite pixels"
"556","20739","34","1","2","16","16","112","113","16","112.5","frame_0556.png","unclassified orange sprite pixels"
"556","20739","34","2","2","23","24","113","113","23.5","113","frame_0556.png","unclassified orange sprite pixels"
"556","20739","34","3","2","26","26","114","115","26","114.5","frame_0556.png","unclassified orange sprite pixels"
"556","20739","34","4","11","15","25","138","138","20","138","frame_0556.png","unclassified orange sprite pixels"
"556","20739","34","5","5","40","43","138","141","41.5","139.5","frame_0556.png","unclassified orange sprite pixels"
"556","20739","34","6","4","25","28","141","141","26.5","141","frame_0556.png","unclassified orange sprite pixels"
"556","20739","34","7","2","35","36","142","142","35.5","142","frame_0556.png","unclassified orange sprite pixels"
"556","20739","34","8","2","27","28","144","144","27.5","144","frame_0556.png","unclassified orange sprite pixels"
"556","20739","34","9","11","29","39","158","158","34","158","frame_0556.png","unclassified orange sprite pixels"
"556","20739","34","10","5","54","57","158","161","55.5","159.5","frame_0556.png","unclassified orange sprite pixels"
"556","20739","34","11","4","39","42","161","161","40.5","161","frame_0556.png","unclassified orange sprite pixels"
"556","20739","34","12","2","49","50","162","162","49.5","162","frame_0556.png","unclassified orange sprite pixels"
"556","20739","34","13","2","41","42","164","164","41.5","164","frame_0556.png","unclassified orange sprite pixels"
"556","20739","34","14","11","61","71","170","170","66","170","frame_0556.png","unclassified orange sprite pixels"
"556","20739","34","15","5","86","89","170","173","87.5","171.5","frame_0556.png","unclassified orange sprite pixels"
"556","20739","34","16","4","71","74","173","173","72.5","173","frame_0556.png","unclassified orange sprite pixels"
"556","20739","34","17","2","81","82","174","174","81.5","174","frame_0556.png","unclassified orange sprite pixels"
"556","20739","34","18","2","73","74","176","176","73.5","176","frame_0556.png","unclassified orange sprite pixels"
"558","20741","35","0","4","83","86","105","108","84.5","106.5","frame_0558.png","unclassified orange sprite pixels"
"558","20741","35","1","10","16","25","106","106","20.5","106","frame_0558.png","unclassified orange sprite pixels"
"558","20741","35","2","2","15","16","109","109","15.5","109","frame_0558.png","unclassified orange sprite pixels"
"558","20741","35","3","2","25","26","109","109","25.5","109","frame_0558.png","unclassified orange sprite pixels"
"558","20741","35","4","12","88","98","109","111","93","110","frame_0558.png","unclassified orange sprite pixels"
"558","20741","35","5","6","101","105","110","111","103","110.5","frame_0558.png","unclassified orange sprite pixels"
"558","20741","35","6","3","83","85","114","114","84","114","frame_0558.png","unclassified orange sprite pixels"
"558","20741","35","7","11","26","36","136","136","31","136","frame_0558.png","unclassified orange sprite pixels"
"558","20741","35","8","5","39","42","136","139","40.5","137.5","frame_0558.png","unclassified orange sprite pixels"
"558","20741","35","9","4","24","27","139","139","25.5","139","frame_0558.png","unclassified orange sprite pixels"
"558","20741","35","10","2","34","35","140","140","34.5","140","frame_0558.png","unclassified orange sprite pixels"
"558","20741","35","11","2","26","27","142","142","26.5","142","frame_0558.png","unclassified orange sprite pixels"
"558","20741","35","12","11","40","50","157","157","45","157","frame_0558.png","unclassified orange sprite pixels"
"558","20741","35","13","5","53","56","157","160","54.5","158.5","frame_0558.png","unclassified orange sprite pixels"
"558","20741","35","14","4","38","41","160","160","39.5","160","frame_0558.png","unclassified orange sprite pixels"
"558","20741","35","15","2","48","49","161","161","48.5","161","frame_0558.png","unclassified orange sprite pixels"
"558","20741","35","16","2","40","41","163","163","40.5","163","frame_0558.png","unclassified orange sprite pixels"
"558","20741","35","17","11","69","79","169","169","74","169","frame_0558.png","unclassified orange sprite pixels"
"558","20741","35","18","5","82","85","169","172","83.5","170.5","frame_0558.png","unclassified orange sprite pixels"
"558","20741","35","19","4","67","70","172","172","68.5","172","frame_0558.png","unclassified orange sprite pixels"
"558","20741","35","20","2","77","78","173","173","77.5","173","frame_0558.png","unclassified orange sprite pixels"
"558","20741","35","21","2","69","70","175","175","69.5","175","frame_0558.png","unclassified orange sprite pixels"
"560","20743","36","0","10","27","36","103","103","31.5","103","frame_0560.png","unclassified orange sprite pixels"
"560","20743","36","1","15","81","88","105","109","84.5","107","frame_0560.png","unclassified orange sprite pixels"
"560","20743","36","2","2","15","16","106","106","15.5","106","frame_0560.png","unclassified orange sprite pixels"
"560","20743","36","3","2","25","26","106","106","25.5","106","frame_0560.png","unclassified orange sprite pixels"
"560","20743","36","4","2","91","92","109","110","91.5","109.5","frame_0560.png","unclassified orange sprite pixels"
"560","20743","36","5","3","95","97","109","109","96","109","frame_0560.png","unclassified orange sprite pixels"
"560","20743","36","6","7","101","105","110","111","103","110.5","frame_0560.png","unclassified orange sprite pixels"
"560","20743","36","7","11","14","24","133","133","19","133","frame_0560.png","unclassified orange sprite pixels"
"560","20743","36","8","5","39","42","133","136","40.5","134.5","frame_0560.png","unclassified orange sprite pixels"
"560","20743","36","9","4","24","27","136","136","25.5","136","frame_0560.png","unclassified orange sprite pixels"
"560","20743","36","10","2","34","35","137","137","34.5","137","frame_0560.png","unclassified orange sprite pixels"
"560","20743","36","11","2","26","27","139","139","26.5","139","frame_0560.png","unclassified orange sprite pixels"
"560","20743","36","12","11","26","36","155","155","31","155","frame_0560.png","unclassified orange sprite pixels"
"560","20743","36","13","5","51","54","155","158","52.5","156.5","frame_0560.png","unclassified orange sprite pixels"
"560","20743","36","14","4","36","39","158","158","37.5","158","frame_0560.png","unclassified orange sprite pixels"
"560","20743","36","15","2","46","47","159","159","46.5","159","frame_0560.png","unclassified orange sprite pixels"
"560","20743","36","16","2","38","39","161","161","38.5","161","frame_0560.png","unclassified orange sprite pixels"
"560","20743","36","17","11","54","64","168","168","59","168","frame_0560.png","unclassified orange sprite pixels"
"560","20743","36","18","5","79","82","168","171","80.5","169.5","frame_0560.png","unclassified orange sprite pixels"
"560","20743","36","19","4","64","67","171","171","65.5","171","frame_0560.png","unclassified orange sprite pixels"
"560","20743","36","20","2","74","75","172","172","74.5","172","frame_0560.png","unclassified orange sprite pixels"
"560","20743","36","21","2","66","67","174","174","66.5","174","frame_0560.png","unclassified orange sprite pixels"
"562","20745","37","0","10","16","25","100","100","20.5","100","frame_0562.png","unclassified orange sprite pixels"
"562","20745","37","1","2","15","16","103","103","15.5","103","frame_0562.png","unclassified orange sprite pixels"
"562","20745","37","2","2","25","26","103","103","25.5","103","frame_0562.png","unclassified orange sprite pixels"
"562","20745","37","3","4","83","86","105","108","84.5","106.5","frame_0562.png","unclassified orange sprite pixels"
"562","20745","37","4","12","88","98","109","111","93","110","frame_0562.png","unclassified orange sprite pixels"
"562","20745","37","5","6","101","105","110","111","103","110.5","frame_0562.png","unclassified orange sprite pixels"
"562","20745","37","6","10","26","35","131","131","30.5","131","frame_0562.png","unclassified orange sprite pixels"
"562","20745","37","7","2","25","26","134","134","25.5","134","frame_0562.png","unclassified orange sprite pixels"
"562","20745","37","8","2","35","36","134","134","35.5","134","frame_0562.png","unclassified orange sprite pixels"
"562","20745","37","9","11","36","46","154","154","41","154","frame_0562.png","unclassified orange sprite pixels"
"562","20745","37","10","5","49","52","154","157","50.5","155.5","frame_0562.png","unclassified orange sprite pixels"
"562","20745","37","11","4","34","37","157","157","35.5","157","frame_0562.png","unclassified orange sprite pixels"
"562","20745","37","12","2","44","45","158","158","44.5","158","frame_0562.png","unclassified orange sprite pixels"
"562","20745","37","13","2","36","37","160","160","36.5","160","frame_0562.png","unclassified orange sprite pixels"
"562","20745","37","14","11","63","73","168","168","68","168","frame_0562.png","unclassified orange sprite pixels"
"562","20745","37","15","5","76","79","168","171","77.5","169.5","frame_0562.png","unclassified orange sprite pixels"
"562","20745","37","16","4","61","64","171","171","62.5","171","frame_0562.png","unclassified orange sprite pixels"
"562","20745","37","17","2","71","72","172","172","71.5","172","frame_0562.png","unclassified orange sprite pixels"
"562","20745","37","18","2","63","64","174","174","63.5","174","frame_0562.png","unclassified orange sprite pixels"
"564","20747","38","0","5","10","13","98","101","11.5","99.5","frame_0564.png","unclassified orange sprite pixels"
"564","20747","38","1","11","28","38","98","98","33","98","frame_0564.png","unclassified orange sprite pixels"
"564","20747","38","2","4","25","28","101","101","26.5","101","frame_0564.png","unclassified orange sprite pixels"
"564","20747","38","3","2","17","18","102","102","17.5","102","frame_0564.png","unclassified orange sprite pixels"
"564","20747","38","4","2","25","26","104","104","25.5","104","frame_0564.png","unclassified orange sprite pixels"
"564","20747","38","5","15","81","88","105","109","84.5","107","frame_0564.png","unclassified orange sprite pixels"
"564","20747","38","6","2","91","92","109","110","91.5","109.5","frame_0564.png","unclassified orange sprite pixels"
"564","20747","38","7","3","95","97","109","109","96","109","frame_0564.png","unclassified orange sprite pixels"
"564","20747","38","8","7","101","105","110","111","103","110.5","frame_0564.png","unclassified orange sprite pixels"
"564","20747","38","9","3","83","85","114","114","84","114","frame_0564.png","unclassified orange sprite pixels"
"564","20747","38","10","10","14","23","128","128","18.5","128","frame_0564.png","unclassified orange sprite pixels"
"564","20747","38","11","2","24","25","131","131","24.5","131","frame_0564.png","unclassified orange sprite pixels"
"564","20747","38","12","2","34","35","131","131","34.5","131","frame_0564.png","unclassified orange sprite pixels"
"564","20747","38","13","11","22","32","152","152","27","152","frame_0564.png","unclassified orange sprite pixels"
"564","20747","38","14","5","47","50","152","155","48.5","153.5","frame_0564.png","unclassified orange sprite pixels"
"564","20747","38","15","4","32","35","155","155","33.5","155","frame_0564.png","unclassified orange sprite pixels"
"564","20747","38","16","2","42","43","156","156","42.5","156","frame_0564.png","unclassified orange sprite pixels"
"564","20747","38","17","2","34","35","158","158","34.5","158","frame_0564.png","unclassified orange sprite pixels"
"564","20747","38","18","11","48","58","167","167","53","167","frame_0564.png","unclassified orange sprite pixels"
"564","20747","38","19","5","73","76","167","170","74.5","168.5","frame_0564.png","unclassified orange sprite pixels"
"564","20747","38","20","4","58","61","170","170","59.5","170","frame_0564.png","unclassified orange sprite pixels"
"564","20747","38","21","2","68","69","171","171","68.5","171","frame_0564.png","unclassified orange sprite pixels"
"564","20747","38","22","2","60","61","173","173","60.5","173","frame_0564.png","unclassified orange sprite pixels"
"566","20749","39","0","5","10","13","95","98","11.5","96.5","frame_0566.png","unclassified orange sprite pixels"
"566","20749","39","1","11","16","26","95","95","21","95","frame_0566.png","unclassified orange sprite pixels"
"566","20749","39","2","4","25","28","98","98","26.5","98","frame_0566.png","unclassified orange sprite pixels"
"566","20749","39","3","2","17","18","99","99","17.5","99","frame_0566.png","unclassified orange sprite pixels"
"566","20749","39","4","2","25","26","101","101","25.5","101","frame_0566.png","unclassified orange sprite pixels"
"566","20749","39","5","4","83","86","105","108","84.5","106.5","frame_0566.png","unclassified orange sprite pixels"
"566","20749","39","6","12","88","98","109","111","93","110","frame_0566.png","unclassified orange sprite pixels"
"566","20749","39","7","6","101","105","110","111","103","110.5","frame_0566.png","unclassified orange sprite pixels"
"566","20749","39","8","10","25","34","126","126","29.5","126","frame_0566.png","unclassified orange sprite pixels"
"566","20749","39","9","2","24","25","129","129","24.5","129","frame_0566.png","unclassified orange sprite pixels"
"566","20749","39","10","2","34","35","129","129","34.5","129","frame_0566.png","unclassified orange sprite pixels"
"566","20749","39","11","11","33","43","150","150","38","150","frame_0566.png","unclassified orange sprite pixels"
"566","20749","39","12","5","46","49","150","153","47.5","151.5","frame_0566.png","unclassified orange sprite pixels"
"566","20749","39","13","4","31","34","153","153","32.5","153","frame_0566.png","unclassified orange sprite pixels"
"566","20749","39","14","2","41","42","154","154","41.5","154","frame_0566.png","unclassified orange sprite pixels"
"566","20749","39","15","2","33","34","156","156","33.5","156","frame_0566.png","unclassified orange sprite pixels"
"566","20749","39","16","11","57","67","166","166","62","166","frame_0566.png","unclassified orange sprite pixels"
"566","20749","39","17","5","70","73","166","169","71.5","167.5","frame_0566.png","unclassified orange sprite pixels"
"566","20749","39","18","4","55","58","169","169","56.5","169","frame_0566.png","unclassified orange sprite pixels"
"566","20749","39","19","2","65","66","170","170","65.5","170","frame_0566.png","unclassified orange sprite pixels"
"566","20749","39","20","2","57","58","172","172","57.5","172","frame_0566.png","unclassified orange sprite pixels"
"568","20751","40","0","5","11","14","92","95","12.5","93.5","frame_0568.png","unclassified orange sprite pixels"
"568","20751","40","1","11","29","39","92","92","34","92","frame_0568.png","unclassified orange sprite pixels"
"568","20751","40","2","4","26","29","95","95","27.5","95","frame_0568.png","unclassified orange sprite pixels"
"568","20751","40","3","2","18","19","96","96","18.5","96","frame_0568.png","unclassified orange sprite pixels"
"568","20751","40","4","2","26","27","98","98","26.5","98","frame_0568.png","unclassified orange sprite pixels"
"568","20751","40","5","11","81","88","105","109","84.5","107","frame_0568.png","unclassified orange sprite pixels"
"568","20751","40","6","3","95","97","109","109","96","109","frame_0568.png","unclassified orange sprite pixels"
"568","20751","40","7","7","101","105","110","111","103","110.5","frame_0568.png","unclassified orange sprite pixels"
"568","20751","40","8","10","15","24","123","123","19.5","123","frame_0568.png","unclassified orange sprite pixels"
"568","20751","40","9","2","33","33","126","127","33","126.5","frame_0568.png","unclassified orange sprite pixels"
"568","20751","40","10","2","25","26","127","127","25.5","127","frame_0568.png","unclassified orange sprite pixels"
"568","20751","40","11","2","23","23","128","129","23","128.5","frame_0568.png","unclassified orange sprite pixels"
"568","20751","40","12","11","20","30","148","148","25","148","frame_0568.png","unclassified orange sprite pixels"
"568","20751","40","13","5","45","48","148","151","46.5","149.5","frame_0568.png","unclassified orange sprite pixels"
"568","20751","40","14","4","30","33","151","151","31.5","151","frame_0568.png","unclassified orange sprite pixels"
"568","20751","40","15","2","40","41","152","152","40.5","152","frame_0568.png","unclassified orange sprite pixels"
"568","20751","40","16","2","32","33","154","154","32.5","154","frame_0568.png","unclassified orange sprite pixels"
"568","20751","40","17","11","42","52","165","165","47","165","frame_0568.png","unclassified orange sprite pixels"
"568","20751","40","18","5","67","70","165","168","68.5","166.5","frame_0568.png","unclassified orange sprite pixels"
"568","20751","40","19","4","52","55","168","168","53.5","168","frame_0568.png","unclassified orange sprite pixels"
"568","20751","40","20","2","62","63","169","169","62.5","169","frame_0568.png","unclassified orange sprite pixels"
"568","20751","40","21","2","54","55","171","171","54.5","171","frame_0568.png","unclassified orange sprite pixels"
"570","20753","41","0","5","11","14","89","92","12.5","90.5","frame_0570.png","unclassified orange sprite pixels"
"570","20753","41","1","11","17","27","89","89","22","89","frame_0570.png","unclassified orange sprite pixels"
"570","20753","41","2","4","26","29","92","92","27.5","92","frame_0570.png","unclassified orange sprite pixels"
"570","20753","41","3","2","18","19","93","93","18.5","93","frame_0570.png","unclassified orange sprite pixels"
"570","20753","41","4","2","26","27","95","95","26.5","95","frame_0570.png","unclassified orange sprite pixels"
"570","20753","41","5","10","26","35","120","120","30.5","120","frame_0570.png","unclassified orange sprite pixels"
"570","20753","41","6","2","33","33","123","124","33","123.5","frame_0570.png","unclassified orange sprite pixels"
"570","20753","41","7","2","25","26","124","124","25.5","124","frame_0570.png","unclassified orange sprite pixels"
"570","20753","41","8","2","23","23","125","126","23","125.5","frame_0570.png","unclassified orange sprite pixels"
"570","20753","41","9","11","31","41","146","146","36","146","frame_0570.png","unclassified orange sprite pixels"
"570","20753","41","10","5","44","47","146","149","45.5","147.5","frame_0570.png","unclassified orange sprite pixels"
"570","20753","41","11","4","29","32","149","149","30.5","149","frame_0570.png","unclassified orange sprite pixels"
"570","20753","41","12","2","39","40","150","150","39.5","150","frame_0570.png","unclassified orange sprite pixels"
"570","20753","41","13","2","31","32","152","152","31.5","152","frame_0570.png","unclassified orange sprite pixels"
"570","20753","41","14","11","52","62","164","164","57","164","frame_0570.png","unclassified orange sprite pixels"
"570","20753","41","15","5","65","68","164","167","66.5","165.5","frame_0570.png","unclassified orange sprite pixels"
"570","20753","41","16","4","50","53","167","167","51.5","167","frame_0570.png","unclassified orange sprite pixels"
"570","20753","41","17","2","60","61","168","168","60.5","168","frame_0570.png","unclassified orange sprite pixels"
"570","20753","41","18","2","52","53","170","170","52.5","170","frame_0570.png","unclassified orange sprite pixels"
"572","20755","42","0","5","12","15","87","90","13.5","88.5","frame_0572.png","unclassified orange sprite pixels"
"572","20755","42","1","11","30","40","87","87","35","87","frame_0572.png","unclassified orange sprite pixels"
"572","20755","42","2","4","27","30","90","90","28.5","90","frame_0572.png","unclassified orange sprite pixels"
"572","20755","42","3","2","19","20","91","91","19.5","91","frame_0572.png","unclassified orange sprite pixels"
"572","20755","42","4","2","27","28","93","93","27.5","93","frame_0572.png","unclassified orange sprite pixels"
"572","20755","42","5","10","14","23","118","118","18.5","118","frame_0572.png","unclassified orange sprite pixels"
"572","20755","42","6","2","32","32","121","122","32","121.5","frame_0572.png","unclassified orange sprite pixels"
"572","20755","42","7","2","24","25","122","122","24.5","122","frame_0572.png","unclassified orange sprite pixels"
"572","20755","42","8","2","22","22","123","124","22","123.5","frame_0572.png","unclassified orange sprite pixels"
"572","20755","42","9","11","17","27","144","144","22","144","frame_0572.png","unclassified orange sprite pixels"
"572","20755","42","10","5","42","45","144","147","43.5","145.5","frame_0572.png","unclassified orange sprite pixels"
"572","20755","42","11","4","27","30","147","147","28.5","147","frame_0572.png","unclassified orange sprite pixels"
"572","20755","42","12","2","37","38","148","148","37.5","148","frame_0572.png","unclassified orange sprite pixels"
"572","20755","42","13","2","29","30","150","150","29.5","150","frame_0572.png","unclassified orange sprite pixels"
"572","20755","42","14","11","37","47","163","163","42","163","frame_0572.png","unclassified orange sprite pixels"
"572","20755","42","15","5","62","65","163","166","63.5","164.5","frame_0572.png","unclassified orange sprite pixels"
"572","20755","42","16","4","47","50","166","166","48.5","166","frame_0572.png","unclassified orange sprite pixels"
"572","20755","42","17","2","57","58","167","167","57.5","167","frame_0572.png","unclassified orange sprite pixels"
"572","20755","42","18","2","49","50","169","169","49.5","169","frame_0572.png","unclassified orange sprite pixels"
"574","20757","43","0","5","13","16","84","87","14.5","85.5","frame_0574.png","unclassified orange sprite pixels"
"574","20757","43","1","11","19","29","84","84","24","84","frame_0574.png","unclassified orange sprite pixels"
"574","20757","43","2","4","28","31","87","87","29.5","87","frame_0574.png","unclassified orange sprite pixels"
"574","20757","43","3","2","20","21","88","88","20.5","88","frame_0574.png","unclassified orange sprite pixels"
"574","20757","43","4","2","28","29","90","90","28.5","90","frame_0574.png","unclassified orange sprite pixels"
"574","20757","43","5","4","83","86","105","108","84.5","106.5","frame_0574.png","unclassified orange sprite pixels"
"574","20757","43","6","12","88","98","109","111","93","110","frame_0574.png","unclassified orange sprite pixels"
"574","20757","43","7","6","101","105","110","111","103","110.5","frame_0574.png","unclassified orange sprite pixels"
"574","20757","43","8","10","15","24","115","115","19.5","115","frame_0574.png","unclassified orange sprite pixels"
"574","20757","43","9","2","17","17","118","119","17","118.5","frame_0574.png","unclassified orange sprite pixels"
"574","20757","43","10","2","24","25","119","119","24.5","119","frame_0574.png","unclassified orange sprite pixels"
"574","20757","43","11","2","27","27","120","121","27","120.5","frame_0574.png","unclassified orange sprite pixels"
"574","20757","43","12","11","29","39","142","142","34","142","frame_0574.png","unclassified orange sprite pixels"
"574","20757","43","13","5","42","45","142","145","43.5","143.5","frame_0574.png","unclassified orange sprite pixels"
"574","20757","43","14","4","27","30","145","145","28.5","145","frame_0574.png","unclassified orange sprite pixels"
"574","20757","43","15","2","37","38","146","146","37.5","146","frame_0574.png","unclassified orange sprite pixels"
"574","20757","43","16","2","29","30","148","148","29.5","148","frame_0574.png","unclassified orange sprite pixels"
"574","20757","43","17","11","47","57","162","162","52","162","frame_0574.png","unclassified orange sprite pixels"
"574","20757","43","18","5","60","63","162","165","61.5","163.5","frame_0574.png","unclassified orange sprite pixels"
"574","20757","43","19","4","45","48","165","165","46.5","165","frame_0574.png","unclassified orange sprite pixels"
"574","20757","43","20","2","55","56","166","166","55.5","166","frame_0574.png","unclassified orange sprite pixels"
"574","20757","43","21","2","47","48","168","168","47.5","168","frame_0574.png","unclassified orange sprite pixels"
"576","20759","44","0","5","13","16","82","85","14.5","83.5","frame_0576.png","unclassified orange sprite pixels"
"576","20759","44","1","11","31","41","82","82","36","82","frame_0576.png","unclassified orange sprite pixels"
"576","20759","44","2","4","28","31","85","85","29.5","85","frame_0576.png","unclassified orange sprite pixels"
"576","20759","44","3","2","20","21","86","86","20.5","86","frame_0576.png","unclassified orange sprite pixels"
"576","20759","44","4","2","28","29","88","88","28.5","88","frame_0576.png","unclassified orange sprite pixels"
"576","20759","44","5","15","81","88","105","109","84.5","107","frame_0576.png","unclassified orange sprite pixels"
"576","20759","44","6","2","91","92","109","110","91.5","109.5","frame_0576.png","unclassified orange sprite pixels"
"576","20759","44","7","3","95","97","109","109","96","109","frame_0576.png","unclassified orange sprite pixels"
"576","20759","44","8","7","101","105","110","111","103","110.5","frame_0576.png","unclassified orange sprite pixels"
"576","20759","44","9","10","26","35","112","112","30.5","112","frame_0576.png","unclassified orange sprite pixels"
"576","20759","44","10","3","83","85","114","114","84","114","frame_0576.png","unclassified orange sprite pixels"
"576","20759","44","11","2","17","17","115","116","17","115.5","frame_0576.png","unclassified orange sprite pixels"
"576","20759","44","12","2","24","25","116","116","24.5","116","frame_0576.png","unclassified orange sprite pixels"
"576","20759","44","13","2","27","27","117","118","27","117.5","frame_0576.png","unclassified orange sprite pixels"
"576","20759","44","14","11","16","26","140","140","21","140","frame_0576.png","unclassified orange sprite pixels"
"576","20759","44","15","5","41","44","140","143","42.5","141.5","frame_0576.png","unclassified orange sprite pixels"
"576","20759","44","16","4","26","29","143","143","27.5","143","frame_0576.png","unclassified orange sprite pixels"
"576","20759","44","17","2","36","37","144","144","36.5","144","frame_0576.png","unclassified orange sprite pixels"
"576","20759","44","18","2","28","29","146","146","28.5","146","frame_0576.png","unclassified orange sprite pixels"
"576","20759","44","19","11","33","43","160","160","38","160","frame_0576.png","unclassified orange sprite pixels"
"576","20759","44","20","5","58","61","160","163","59.5","161.5","frame_0576.png","unclassified orange sprite pixels"
"576","20759","44","21","4","43","46","163","163","44.5","163","frame_0576.png","unclassified orange sprite pixels"
"576","20759","44","22","2","53","54","164","164","53.5","164","frame_0576.png","unclassified orange sprite pixels"
"576","20759","44","23","2","45","46","166","166","45.5","166","frame_0576.png","unclassified orange sprite pixels"
"578","20761","45","0","5","15","18","79","82","16.5","80.5","frame_0578.png","unclassified orange sprite pixels"
"578","20761","45","1","11","21","31","79","79","26","79","frame_0578.png","unclassified orange sprite pixels"
"578","20761","45","2","4","30","33","82","82","31.5","82","frame_0578.png","unclassified orange sprite pixels"
"578","20761","45","3","2","22","23","83","83","22.5","83","frame_0578.png","unclassified orange sprite pixels"
"578","20761","45","4","2","30","31","85","85","30.5","85","frame_0578.png","unclassified orange sprite pixels"
"578","20761","45","5","4","83","86","105","108","84.5","106.5","frame_0578.png","unclassified orange sprite pixels"
"578","20761","45","6","10","14","23","109","109","18.5","109","frame_0578.png","unclassified orange sprite pixels"
"578","20761","45","7","12","88","98","109","111","93","110","frame_0578.png","unclassified orange sprite pixels"
"578","20761","45","8","6","101","105","110","111","103","110.5","frame_0578.png","unclassified orange sprite pixels"
"578","20761","45","9","2","16","16","112","113","16","112.5","frame_0578.png","unclassified orange sprite pixels"
"578","20761","45","10","2","23","24","113","113","23.5","113","frame_0578.png","unclassified orange sprite pixels"
"578","20761","45","11","2","26","26","114","115","26","114.5","frame_0578.png","unclassified orange sprite pixels"
"578","20761","45","12","11","27","37","138","138","32","138","frame_0578.png","unclassified orange sprite pixels"
"578","20761","45","13","5","40","43","138","141","41.5","139.5","frame_0578.png","unclassified orange sprite pixels"
"578","20761","45","14","4","25","28","141","141","26.5","141","frame_0578.png","unclassified orange sprite pixels"
"578","20761","45","15","2","35","36","142","142","35.5","142","frame_0578.png","unclassified orange sprite pixels"
"578","20761","45","16","2","27","28","144","144","27.5","144","frame_0578.png","unclassified orange sprite pixels"
"578","20761","45","17","11","42","52","159","159","47","159","frame_0578.png","unclassified orange sprite pixels"
"578","20761","45","18","5","55","58","159","162","56.5","160.5","frame_0578.png","unclassified orange sprite pixels"
"578","20761","45","19","4","40","43","162","162","41.5","162","frame_0578.png","unclassified orange sprite pixels"
"578","20761","45","20","2","50","51","163","163","50.5","163","frame_0578.png","unclassified orange sprite pixels"
"578","20761","45","21","2","42","43","165","165","42.5","165","frame_0578.png","unclassified orange sprite pixels"
"580","20763","46","0","5","16","19","77","80","17.5","78.5","frame_0580.png","unclassified orange sprite pixels"
"580","20763","46","1","11","34","44","77","77","39","77","frame_0580.png","unclassified orange sprite pixels"
"580","20763","46","2","4","31","34","80","80","32.5","80","frame_0580.png","unclassified orange sprite pixels"
"580","20763","46","3","2","23","24","81","81","23.5","81","frame_0580.png","unclassified orange sprite pixels"
"580","20763","46","4","2","31","32","83","83","31.5","83","frame_0580.png","unclassified orange sprite pixels"
"580","20763","46","5","11","81","88","105","109","84.5","107","frame_0580.png","unclassified orange sprite pixels"
"580","20763","46","6","10","27","36","106","106","31.5","106","frame_0580.png","unclassified orange sprite pixels"
"580","20763","46","7","2","15","16","109","109","15.5","109","frame_0580.png","unclassified orange sprite pixels"
"580","20763","46","8","2","25","26","109","109","25.5","109","frame_0580.png","unclassified orange sprite pixels"
"580","20763","46","9","3","95","97","109","109","96","109","frame_0580.png","unclassified orange sprite pixels"
"580","20763","46","10","7","101","105","110","111","103","110.5","frame_0580.png","unclassified orange sprite pixels"
"580","20763","46","11","11","14","24","136","136","19","136","frame_0580.png","unclassified orange sprite pixels"
"580","20763","46","12","5","39","42","136","139","40.5","137.5","frame_0580.png","unclassified orange sprite pixels"
"580","20763","46","13","4","24","27","139","139","25.5","139","frame_0580.png","unclassified orange sprite pixels"
"580","20763","46","14","2","34","35","140","140","34.5","140","frame_0580.png","unclassified orange sprite pixels"
"580","20763","46","15","2","26","27","142","142","26.5","142","frame_0580.png","unclassified orange sprite pixels"
"580","20763","46","16","11","28","38","158","158","33","158","frame_0580.png","unclassified orange sprite pixels"
"580","20763","46","17","5","53","56","158","161","54.5","159.5","frame_0580.png","unclassified orange sprite pixels"
"580","20763","46","18","4","38","41","161","161","39.5","161","frame_0580.png","unclassified orange sprite pixels"
"580","20763","46","19","2","48","49","162","162","48.5","162","frame_0580.png","unclassified orange sprite pixels"
"580","20763","46","20","2","40","41","164","164","40.5","164","frame_0580.png","unclassified orange sprite pixels"
"582","20765","47","0","10","25","34","73","75","29.5","74","frame_0582.png","unclassified orange sprite pixels"
"582","20765","47","1","4","31","32","78","80","31.5","79","frame_0582.png","unclassified orange sprite pixels"
"582","20765","47","2","2","34","35","78","78","34.5","78","frame_0582.png","unclassified orange sprite pixels"
"582","20765","47","3","2","38","39","83","83","38.5","83","frame_0582.png","unclassified orange sprite pixels"
"582","20765","47","4","10","16","25","103","103","20.5","103","frame_0582.png","unclassified orange sprite pixels"
"582","20765","47","5","4","83","86","105","108","84.5","106.5","frame_0582.png","unclassified orange sprite pixels"
"582","20765","47","6","2","15","16","106","106","15.5","106","frame_0582.png","unclassified orange sprite pixels"
"582","20765","47","7","2","25","26","106","106","25.5","106","frame_0582.png","unclassified orange sprite pixels"
"582","20765","47","8","12","88","98","109","111","93","110","frame_0582.png","unclassified orange sprite pixels"
"582","20765","47","9","6","101","105","110","111","103","110.5","frame_0582.png","unclassified orange sprite pixels"
"582","20765","47","10","3","83","85","114","114","84","114","frame_0582.png","unclassified orange sprite pixels"
"582","20765","47","11","11","26","36","133","133","31","133","frame_0582.png","unclassified orange sprite pixels"
"582","20765","47","12","5","39","42","133","136","40.5","134.5","frame_0582.png","unclassified orange sprite pixels"
"582","20765","47","13","4","24","27","136","136","25.5","136","frame_0582.png","unclassified orange sprite pixels"
"582","20765","47","14","2","34","35","137","137","34.5","137","frame_0582.png","unclassified orange sprite pixels"
"582","20765","47","15","2","26","27","139","139","26.5","139","frame_0582.png","unclassified orange sprite pixels"
"582","20765","47","16","11","39","49","156","156","44","156","frame_0582.png","unclassified orange sprite pixels"
"582","20765","47","17","5","52","55","156","159","53.5","157.5","frame_0582.png","unclassified orange sprite pixels"
"582","20765","47","18","4","37","40","159","159","38.5","159","frame_0582.png","unclassified orange sprite pixels"
"582","20765","47","19","2","47","48","160","160","47.5","160","frame_0582.png","unclassified orange sprite pixels"
"582","20765","47","20","2","39","40","162","162","39.5","162","frame_0582.png","unclassified orange sprite pixels"
"584","20767","48","0","10","38","47","74","76","42.5","75","frame_0584.png","unclassified orange sprite pixels"
"584","20767","48","1","4","33","34","76","78","33.5","77","frame_0584.png","unclassified orange sprite pixels"
"584","20767","48","2","2","36","37","76","76","36.5","76","frame_0584.png","unclassified orange sprite pixels"
"584","20767","48","3","2","40","41","81","81","40.5","81","frame_0584.png","unclassified orange sprite pixels"
"584","20767","48","4","10","27","36","100","100","31.5","100","frame_0584.png","unclassified orange sprite pixels"
"584","20767","48","5","2","15","16","103","103","15.5","103","frame_0584.png","unclassified orange sprite pixels"
"584","20767","48","6","2","25","26","103","103","25.5","103","frame_0584.png","unclassified orange sprite pixels"
"584","20767","48","7","15","81","88","105","109","84.5","107","frame_0584.png","unclassified orange sprite pixels"
"584","20767","48","8","2","91","92","109","110","91.5","109.5","frame_0584.png","unclassified orange sprite pixels"
"584","20767","48","9","3","95","97","109","109","96","109","frame_0584.png","unclassified orange sprite pixels"
"584","20767","48","10","7","101","105","110","111","103","110.5","frame_0584.png","unclassified orange sprite pixels"
"584","20767","48","11","10","15","24","131","131","19.5","131","frame_0584.png","unclassified orange sprite pixels"
"584","20767","48","12","2","25","26","134","134","25.5","134","frame_0584.png","unclassified orange sprite pixels"
"584","20767","48","13","2","35","36","134","134","35.5","134","frame_0584.png","unclassified orange sprite pixels"
"584","20767","48","14","11","25","35","154","154","30","154","frame_0584.png","unclassified orange sprite pixels"
"584","20767","48","15","5","50","53","154","157","51.5","155.5","frame_0584.png","unclassified orange sprite pixels"
"584","20767","48","16","4","35","38","157","157","36.5","157","frame_0584.png","unclassified orange sprite pixels"
"584","20767","48","17","2","45","46","158","158","45.5","158","frame_0584.png","unclassified orange sprite pixels"
"584","20767","48","18","2","37","38","160","160","37.5","160","frame_0584.png","unclassified orange sprite pixels"
"586","20769","49","0","10","28","37","69","71","32.5","70","frame_0586.png","unclassified orange sprite pixels"
"586","20769","49","1","4","34","35","74","76","34.5","75","frame_0586.png","unclassified orange sprite pixels"
"586","20769","49","2","2","37","38","74","74","37.5","74","frame_0586.png","unclassified orange sprite pixels"
"586","20769","49","3","2","41","42","79","79","41.5","79","frame_0586.png","unclassified orange sprite pixels"
"586","20769","49","4","5","10","13","98","101","11.5","99.5","frame_0586.png","unclassified orange sprite pixels"
"586","20769","49","5","11","16","26","98","98","21","98","frame_0586.png","unclassified orange sprite pixels"
"586","20769","49","6","4","25","28","101","101","26.5","101","frame_0586.png","unclassified orange sprite pixels"
"586","20769","49","7","2","17","18","102","102","17.5","102","frame_0586.png","unclassified orange sprite pixels"
"586","20769","49","8","2","25","26","104","104","25.5","104","frame_0586.png","unclassified orange sprite pixels"
"586","20769","49","9","10","25","34","128","128","29.5","128","frame_0586.png","unclassified orange sprite pixels"
"586","20769","49","10","2","24","25","131","131","24.5","131","frame_0586.png","unclassified orange sprite pixels"
"586","20769","49","11","2","34","35","131","131","34.5","131","frame_0586.png","unclassified orange sprite pixels"
"586","20769","49","12","11","35","45","153","153","40","153","frame_0586.png","unclassified orange sprite pixels"
"586","20769","49","13","5","48","51","153","156","49.5","154.5","frame_0586.png","unclassified orange sprite pixels"
"586","20769","49","14","4","33","36","156","156","34.5","156","frame_0586.png","unclassified orange sprite pixels"
"586","20769","49","15","2","43","44","157","157","43.5","157","frame_0586.png","unclassified orange sprite pixels"
"586","20769","49","16","2","35","36","159","159","35.5","159","frame_0586.png","unclassified orange sprite pixels"
"588","20771","50","0","10","41","50","70","72","45.5","71","frame_0588.png","unclassified orange sprite pixels"
"588","20771","50","1","4","36","37","72","74","36.5","73","frame_0588.png","unclassified orange sprite pixels"
"588","20771","50","2","2","39","40","72","72","39.5","72","frame_0588.png","unclassified orange sprite pixels"
"588","20771","50","3","2","43","44","77","77","43.5","77","frame_0588.png","unclassified orange sprite pixels"
"588","20771","50","4","5","10","13","95","98","11.5","96.5","frame_0588.png","unclassified orange sprite pixels"
"588","20771","50","5","11","28","38","95","95","33","95","frame_0588.png","unclassified orange sprite pixels"
"588","20771","50","6","4","25","28","98","98","26.5","98","frame_0588.png","unclassified orange sprite pixels"
"588","20771","50","7","2","17","18","99","99","17.5","99","frame_0588.png","unclassified orange sprite pixels"
"588","20771","50","8","2","25","26","101","101","25.5","101","frame_0588.png","unclassified orange sprite pixels"
"588","20771","50","9","10","14","23","126","126","18.5","126","frame_0588.png","unclassified orange sprite pixels"
"588","20771","50","10","2","24","25","129","129","24.5","129","frame_0588.png","unclassified orange sprite pixels"
"588","20771","50","11","2","34","35","129","129","34.5","129","frame_0588.png","unclassified orange sprite pixels"
"588","20771","50","12","11","22","32","151","151","27","151","frame_0588.png","unclassified orange sprite pixels"
"588","20771","50","13","5","47","50","151","154","48.5","152.5","frame_0588.png","unclassified orange sprite pixels"
"588","20771","50","14","4","32","35","154","154","33.5","154","frame_0588.png","unclassified orange sprite pixels"
"588","20771","50","15","2","42","43","155","155","42.5","155","frame_0588.png","unclassified orange sprite pixels"
"588","20771","50","16","2","34","35","157","157","34.5","157","frame_0588.png","unclassified orange sprite pixels"
"590","20773","51","0","10","31","40","65","67","35.5","66","frame_0590.png","unclassified orange sprite pixels"
"590","20773","51","1","4","37","38","70","72","37.5","71","frame_0590.png","unclassified orange sprite pixels"
"590","20773","51","2","2","40","41","70","70","40.5","70","frame_0590.png","unclassified orange sprite pixels"
"590","20773","51","3","2","44","45","75","75","44.5","75","frame_0590.png","unclassified orange sprite pixels"
"590","20773","51","4","5","11","14","92","95","12.5","93.5","frame_0590.png","unclassified orange sprite pixels"
"590","20773","51","5","11","17","27","92","92","22","92","frame_0590.png","unclassified orange sprite pixels"
"590","20773","51","6","4","26","29","95","95","27.5","95","frame_0590.png","unclassified orange sprite pixels"
"590","20773","51","7","2","18","19","96","96","18.5","96","frame_0590.png","unclassified orange sprite pixels"
"590","20773","51","8","2","26","27","98","98","26.5","98","frame_0590.png","unclassified orange sprite pixels"
"590","20773","51","9","4","83","86","105","108","84.5","106.5","frame_0590.png","unclassified orange sprite pixels"
"590","20773","51","10","12","88","98","109","111","93","110","frame_0590.png","unclassified orange sprite pixels"
"590","20773","51","11","6","101","105","110","111","103","110.5","frame_0590.png","unclassified orange sprite pixels"
"590","20773","51","12","10","26","35","123","123","30.5","123","frame_0590.png","unclassified orange sprite pixels"
"590","20773","51","13","2","33","33","126","127","33","126.5","frame_0590.png","unclassified orange sprite pixels"
"590","20773","51","14","2","25","26","127","127","25.5","127","frame_0590.png","unclassified orange sprite pixels"
"590","20773","51","15","2","23","23","128","129","23","128.5","frame_0590.png","unclassified orange sprite pixels"
"590","20773","51","16","11","32","42","149","149","37","149","frame_0590.png","unclassified orange sprite pixels"
"590","20773","51","17","5","45","48","149","152","46.5","150.5","frame_0590.png","unclassified orange sprite pixels"
"590","20773","51","18","4","30","33","152","152","31.5","152","frame_0590.png","unclassified orange sprite pixels"
"590","20773","51","19","2","40","41","153","153","40.5","153","frame_0590.png","unclassified orange sprite pixels"
"590","20773","51","20","2","32","33","155","155","32.5","155","frame_0590.png","unclassified orange sprite pixels"
"592","20775","52","0","10","44","53","67","69","48.5","68","frame_0592.png","unclassified orange sprite pixels"
"592","20775","52","1","4","39","40","69","71","39.5","70","frame_0592.png","unclassified orange sprite pixels"
"592","20775","52","2","2","42","43","69","69","42.5","69","frame_0592.png","unclassified orange sprite pixels"
"592","20775","52","3","2","46","47","74","74","46.5","74","frame_0592.png","unclassified orange sprite pixels"
"592","20775","52","4","5","11","14","89","92","12.5","90.5","frame_0592.png","unclassified orange sprite pixels"
"592","20775","52","5","11","29","39","89","89","34","89","frame_0592.png","unclassified orange sprite pixels"
"592","20775","52","6","4","26","29","92","92","27.5","92","frame_0592.png","unclassified orange sprite pixels"
"592","20775","52","7","2","18","19","93","93","18.5","93","frame_0592.png","unclassified orange sprite pixels"
"592","20775","52","8","2","26","27","95","95","26.5","95","frame_0592.png","unclassified orange sprite pixels"
"592","20775","52","9","11","81","88","105","109","84.5","107","frame_0592.png","unclassified orange sprite pixels"
"592","20775","52","10","3","95","97","109","109","96","109","frame_0592.png","unclassified orange sprite pixels"
"592","20775","52","11","7","101","105","110","111","103","110.5","frame_0592.png","unclassified orange sprite pixels"
"592","20775","52","12","10","15","24","120","120","19.5","120","frame_0592.png","unclassified orange sprite pixels"
"592","20775","52","13","2","33","33","123","124","33","123.5","frame_0592.png","unclassified orange sprite pixels"
"592","20775","52","14","2","25","26","124","124","25.5","124","frame_0592.png","unclassified orange sprite pixels"
"592","20775","52","15","2","23","23","125","126","23","125.5","frame_0592.png","unclassified orange sprite pixels"
"592","20775","52","16","11","19","29","147","147","24","147","frame_0592.png","unclassified orange sprite pixels"
"592","20775","52","17","5","44","47","147","150","45.5","148.5","frame_0592.png","unclassified orange sprite pixels"
"592","20775","52","18","4","29","32","150","150","30.5","150","frame_0592.png","unclassified orange sprite pixels"
"592","20775","52","19","2","39","40","151","151","39.5","151","frame_0592.png","unclassified orange sprite pixels"
"592","20775","52","20","2","31","32","153","153","31.5","153","frame_0592.png","unclassified orange sprite pixels"
"594","20777","53","0","10","35","44","63","65","39.5","64","frame_0594.png","unclassified orange sprite pixels"
"594","20777","53","1","4","41","42","68","70","41.5","69","frame_0594.png","unclassified orange sprite pixels"
"594","20777","53","2","2","44","45","68","68","44.5","68","frame_0594.png","unclassified orange sprite pixels"
"594","20777","53","3","2","48","49","73","73","48.5","73","frame_0594.png","unclassified orange sprite pixels"
"594","20777","53","4","5","12","15","87","90","13.5","88.5","frame_0594.png","unclassified orange sprite pixels"
"594","20777","53","5","11","18","28","87","87","23","87","frame_0594.png","unclassified orange sprite pixels"
"594","20777","53","6","4","27","30","90","90","28.5","90","frame_0594.png","unclassified orange sprite pixels"
"594","20777","53","7","2","19","20","91","91","19.5","91","frame_0594.png","unclassified orange sprite pixels"
"594","20777","53","8","2","27","28","93","93","27.5","93","frame_0594.png","unclassified orange sprite pixels"
"594","20777","53","9","4","83","86","105","108","84.5","106.5","frame_0594.png","unclassified orange sprite pixels"
"594","20777","53","10","12","88","98","109","111","93","110","frame_0594.png","unclassified orange sprite pixels"
"594","20777","53","11","6","101","105","110","111","103","110.5","frame_0594.png","unclassified orange sprite pixels"
"594","20777","53","12","3","83","85","114","114","84","114","frame_0594.png","unclassified orange sprite pixels"
"594","20777","53","13","10","25","34","118","118","29.5","118","frame_0594.png","unclassified orange sprite pixels"
"594","20777","53","14","2","32","32","121","122","32","121.5","frame_0594.png","unclassified orange sprite pixels"
"594","20777","53","15","2","24","25","122","122","24.5","122","frame_0594.png","unclassified orange sprite pixels"
"594","20777","53","16","2","22","22","123","124","22","123.5","frame_0594.png","unclassified orange sprite pixels"
"594","20777","53","17","11","30","40","145","145","35","145","frame_0594.png","unclassified orange sprite pixels"
"594","20777","53","18","5","43","46","145","148","44.5","146.5","frame_0594.png","unclassified orange sprite pixels"
"594","20777","53","19","4","28","31","148","148","29.5","148","frame_0594.png","unclassified orange sprite pixels"
"594","20777","53","20","2","38","39","149","149","38.5","149","frame_0594.png","unclassified orange sprite pixels"
"594","20777","53","21","2","30","31","151","151","30.5","151","frame_0594.png","unclassified orange sprite pixels"
"596","20779","54","0","10","48","57","64","66","52.5","65","frame_0596.png","unclassified orange sprite pixels"
"596","20779","54","1","4","43","44","66","68","43.5","67","frame_0596.png","unclassified orange sprite pixels"
"596","20779","54","2","2","46","47","66","66","46.5","66","frame_0596.png","unclassified orange sprite pixels"
"596","20779","54","3","2","50","51","71","71","50.5","71","frame_0596.png","unclassified orange sprite pixels"
"596","20779","54","4","5","13","16","84","87","14.5","85.5","frame_0596.png","unclassified orange sprite pixels"
"596","20779","54","5","11","31","41","84","84","36","84","frame_0596.png","unclassified orange sprite pixels"
"596","20779","54","6","4","28","31","87","87","29.5","87","frame_0596.png","unclassified orange sprite pixels"
"596","20779","54","7","2","20","21","88","88","20.5","88","frame_0596.png","unclassified orange sprite pixels"
"596","20779","54","8","2","28","29","90","90","28.5","90","frame_0596.png","unclassified orange sprite pixels"
"596","20779","54","9","15","81","88","105","109","84.5","107","frame_0596.png","unclassified orange sprite pixels"
"596","20779","54","10","2","91","92","109","110","91.5","109.5","frame_0596.png","unclassified orange sprite pixels"
"596","20779","54","11","3","95","97","109","109","96","109","frame_0596.png","unclassified orange sprite pixels"
"596","20779","54","12","7","101","105","110","111","103","110.5","frame_0596.png","unclassified orange sprite pixels"
"596","20779","54","13","10","26","35","115","115","30.5","115","frame_0596.png","unclassified orange sprite pixels"
"596","20779","54","14","2","17","17","118","119","17","118.5","frame_0596.png","unclassified orange sprite pixels"
"596","20779","54","15","2","24","25","119","119","24.5","119","frame_0596.png","unclassified orange sprite pixels"
"596","20779","54","16","2","27","27","120","121","27","120.5","frame_0596.png","unclassified orange sprite pixels"
"596","20779","54","17","11","17","27","143","143","22","143","frame_0596.png","unclassified orange sprite pixels"
"596","20779","54","18","5","42","45","143","146","43.5","144.5","frame_0596.png","unclassified orange sprite pixels"
"596","20779","54","19","4","27","30","146","146","28.5","146","frame_0596.png","unclassified orange sprite pixels"
"596","20779","54","20","2","37","38","147","147","37.5","147","frame_0596.png","unclassified orange sprite pixels"
"596","20779","54","21","2","29","30","149","149","29.5","149","frame_0596.png","unclassified orange sprite pixels"
"598","20781","55","0","10","39","48","60","62","43.5","61","frame_0598.png","unclassified orange sprite pixels"
"598","20781","55","1","4","45","46","65","67","45.5","66","frame_0598.png","unclassified orange sprite pixels"
"598","20781","55","2","2","48","49","65","65","48.5","65","frame_0598.png","unclassified orange sprite pixels"
"598","20781","55","3","2","52","53","70","70","52.5","70","frame_0598.png","unclassified orange sprite pixels"
"598","20781","55","4","5","13","16","82","85","14.5","83.5","frame_0598.png","unclassified orange sprite pixels"
"598","20781","55","5","11","19","29","82","82","24","82","frame_0598.png","unclassified orange sprite pixels"
"598","20781","55","6","4","28","31","85","85","29.5","85","frame_0598.png","unclassified orange sprite pixels"
"598","20781","55","7","2","20","21","86","86","20.5","86","frame_0598.png","unclassified orange sprite pixels"
"598","20781","55","8","2","28","29","88","88","28.5","88","frame_0598.png","unclassified orange sprite pixels"
"598","20781","55","9","4","83","86","105","108","84.5","106.5","frame_0598.png","unclassified orange sprite pixels"
"598","20781","55","10","12","88","98","109","111","93","110","frame_0598.png","unclassified orange sprite pixels"
"598","20781","55","11","6","101","105","110","111","103","110.5","frame_0598.png","unclassified orange sprite pixels"
"598","20781","55","12","10","15","24","112","112","19.5","112","frame_0598.png","unclassified orange sprite pixels"
"598","20781","55","13","2","17","17","115","116","17","115.5","frame_0598.png","unclassified orange sprite pixels"
"598","20781","55","14","2","24","25","116","116","24.5","116","frame_0598.png","unclassified orange sprite pixels"
"598","20781","55","15","2","27","27","117","118","27","117.5","frame_0598.png","unclassified orange sprite pixels"
"598","20781","55","16","11","28","38","141","141","33","141","frame_0598.png","unclassified orange sprite pixels"
"598","20781","55","17","5","41","44","141","144","42.5","142.5","frame_0598.png","unclassified orange sprite pixels"
"598","20781","55","18","4","26","29","144","144","27.5","144","frame_0598.png","unclassified orange sprite pixels"
"598","20781","55","19","2","36","37","145","145","36.5","145","frame_0598.png","unclassified orange sprite pixels"
"598","20781","55","20","2","28","29","147","147","28.5","147","frame_0598.png","unclassified orange sprite pixels"
"600","20783","56","0","10","52","61","63","65","56.5","64","frame_0600.png","unclassified orange sprite pixels"
"600","20783","56","1","4","47","48","65","67","47.5","66","frame_0600.png","unclassified orange sprite pixels"
"600","20783","56","2","2","50","51","65","65","50.5","65","frame_0600.png","unclassified orange sprite pixels"
"600","20783","56","3","2","54","55","70","70","54.5","70","frame_0600.png","unclassified orange sprite pixels"
"600","20783","56","4","5","15","18","79","82","16.5","80.5","frame_0600.png","unclassified orange sprite pixels"
"600","20783","56","5","11","33","43","79","79","38","79","frame_0600.png","unclassified orange sprite pixels"
"600","20783","56","6","4","30","33","82","82","31.5","82","frame_0600.png","unclassified orange sprite pixels"
"600","20783","56","7","2","22","23","83","83","22.5","83","frame_0600.png","unclassified orange sprite pixels"
"600","20783","56","8","2","30","31","85","85","30.5","85","frame_0600.png","unclassified orange sprite pixels"
"600","20783","56","9","15","81","88","105","109","84.5","107","frame_0600.png","unclassified orange sprite pixels"
"600","20783","56","10","10","25","34","109","109","29.5","109","frame_0600.png","unclassified orange sprite pixels"
"600","20783","56","11","2","91","92","109","110","91.5","109.5","frame_0600.png","unclassified orange sprite pixels"
"600","20783","56","12","3","95","97","109","109","96","109","frame_0600.png","unclassified orange sprite pixels"
"600","20783","56","13","7","101","105","110","111","103","110.5","frame_0600.png","unclassified orange sprite pixels"
"600","20783","56","14","2","16","16","112","113","16","112.5","frame_0600.png","unclassified orange sprite pixels"
"600","20783","56","15","2","23","24","113","113","23.5","113","frame_0600.png","unclassified orange sprite pixels"
"600","20783","56","16","2","26","26","114","115","26","114.5","frame_0600.png","unclassified orange sprite pixels"
"600","20783","56","17","3","83","85","114","114","84","114","frame_0600.png","unclassified orange sprite pixels"
"600","20783","56","18","11","15","25","139","139","20","139","frame_0600.png","unclassified orange sprite pixels"
"600","20783","56","19","5","40","43","139","142","41.5","140.5","frame_0600.png","unclassified orange sprite pixels"
"600","20783","56","20","4","25","28","142","142","26.5","142","frame_0600.png","unclassified orange sprite pixels"
"600","20783","56","21","2","35","36","143","143","35.5","143","frame_0600.png","unclassified orange sprite pixels"
"600","20783","56","22","2","27","28","145","145","27.5","145","frame_0600.png","unclassified orange sprite pixels"
"602","20785","57","0","10","43","52","59","61","47.5","60","frame_0602.png","unclassified orange sprite pixels"
"602","20785","57","1","4","49","50","64","66","49.5","65","frame_0602.png","unclassified orange sprite pixels"
"602","20785","57","2","2","52","53","64","64","52.5","64","frame_0602.png","unclassified orange sprite pixels"
"602","20785","57","3","2","56","57","69","69","56.5","69","frame_0602.png","unclassified orange sprite pixels"
"602","20785","57","4","5","16","19","77","80","17.5","78.5","frame_0602.png","unclassified orange sprite pixels"
"602","20785","57","5","11","22","32","77","77","27","77","frame_0602.png","unclassified orange sprite pixels"
"602","20785","57","6","4","31","34","80","80","32.5","80","frame_0602.png","unclassified orange sprite pixels"
"602","20785","57","7","2","23","24","81","81","23.5","81","frame_0602.png","unclassified orange sprite pixels"
"602","20785","57","8","2","31","32","83","83","31.5","83","frame_0602.png","unclassified orange sprite pixels"
"602","20785","57","9","10","16","25","106","106","20.5","106","frame_0602.png","unclassified orange sprite pixels"
"602","20785","57","10","2","15","16","109","109","15.5","109","frame_0602.png","unclassified orange sprite pixels"
"602","20785","57","11","2","25","26","109","109","25.5","109","frame_0602.png","unclassified orange sprite pixels"
"602","20785","57","12","11","27","37","137","137","32","137","frame_0602.png","unclassified orange sprite pixels"
"602","20785","57","13","5","40","43","137","140","41.5","138.5","frame_0602.png","unclassified orange sprite pixels"
"602","20785","57","14","4","25","28","140","140","26.5","140","frame_0602.png","unclassified orange sprite pixels"
"602","20785","57","15","2","35","36","141","141","35.5","141","frame_0602.png","unclassified orange sprite pixels"
"602","20785","57","16","2","27","28","143","143","27.5","143","frame_0602.png","unclassified orange sprite pixels"
"604","20787","58","0","10","56","65","62","64","60.5","63","frame_0604.png","unclassified orange sprite pixels"
"604","20787","58","1","4","51","52","64","66","51.5","65","frame_0604.png","unclassified orange sprite pixels"
"604","20787","58","2","2","54","55","64","64","54.5","64","frame_0604.png","unclassified orange sprite pixels"
"604","20787","58","3","2","58","59","69","69","58.5","69","frame_0604.png","unclassified orange sprite pixels"
"604","20787","58","4","10","36","45","76","78","40.5","77","frame_0604.png","unclassified orange sprite pixels"
"604","20787","58","5","4","31","32","78","80","31.5","79","frame_0604.png","unclassified orange sprite pixels"
"604","20787","58","6","2","34","35","78","78","34.5","78","frame_0604.png","unclassified orange sprite pixels"
"604","20787","58","7","2","38","39","83","83","38.5","83","frame_0604.png","unclassified orange sprite pixels"
"604","20787","58","8","10","27","36","103","103","31.5","103","frame_0604.png","unclassified orange sprite pixels"
"604","20787","58","9","2","15","16","106","106","15.5","106","frame_0604.png","unclassified orange sprite pixels"
"604","20787","58","10","2","25","26","106","106","25.5","106","frame_0604.png","unclassified orange sprite pixels"
"604","20787","58","11","11","14","24","134","134","19","134","frame_0604.png","unclassified orange sprite pixels"
"604","20787","58","12","5","39","42","134","137","40.5","135.5","frame_0604.png","unclassified orange sprite pixels"
"604","20787","58","13","4","24","27","137","137","25.5","137","frame_0604.png","unclassified orange sprite pixels"
"604","20787","58","14","2","34","35","138","138","34.5","138","frame_0604.png","unclassified orange sprite pixels"
"604","20787","58","15","2","26","27","140","140","26.5","140","frame_0604.png","unclassified orange sprite pixels"
"606","20789","59","0","10","48","57","58","60","52.5","59","frame_0606.png","unclassified orange sprite pixels"
"606","20789","59","1","4","54","55","63","65","54.5","64","frame_0606.png","unclassified orange sprite pixels"
"606","20789","59","2","2","57","58","63","63","57.5","63","frame_0606.png","unclassified orange sprite pixels"
"606","20789","59","3","2","61","62","68","68","61.5","68","frame_0606.png","unclassified orange sprite pixels"
"606","20789","59","4","10","27","36","71","73","31.5","72","frame_0606.png","unclassified orange sprite pixels"
"606","20789","59","5","4","33","34","76","78","33.5","77","frame_0606.png","unclassified orange sprite pixels"
"606","20789","59","6","2","36","37","76","76","36.5","76","frame_0606.png","unclassified orange sprite pixels"
"606","20789","59","7","2","40","41","81","81","40.5","81","frame_0606.png","unclassified orange sprite pixels"
"606","20789","59","8","10","16","25","100","100","20.5","100","frame_0606.png","unclassified orange sprite pixels"
"606","20789","59","9","2","15","16","103","103","15.5","103","frame_0606.png","unclassified orange sprite pixels"
"606","20789","59","10","2","25","26","103","103","25.5","103","frame_0606.png","unclassified orange sprite pixels"
"606","20789","59","11","4","83","86","105","108","84.5","106.5","frame_0606.png","unclassified orange sprite pixels"
"606","20789","59","12","12","88","98","109","111","93","110","frame_0606.png","unclassified orange sprite pixels"
"606","20789","59","13","6","101","105","110","111","103","110.5","frame_0606.png","unclassified orange sprite pixels"
"606","20789","59","14","3","83","85","114","114","84","114","frame_0606.png","unclassified orange sprite pixels"
"606","20789","59","15","10","26","35","132","132","30.5","132","frame_0606.png","unclassified orange sprite pixels"
"606","20789","59","16","2","25","26","135","135","25.5","135","frame_0606.png","unclassified orange sprite pixels"
"606","20789","59","17","2","35","36","135","135","35.5","135","frame_0606.png","unclassified orange sprite pixels"
"608","20791","60","0","10","61","70","61","63","65.5","62","frame_0608.png","unclassified orange sprite pixels"
"608","20791","60","1","4","56","57","63","65","56.5","64","frame_0608.png","unclassified orange sprite pixels"
"608","20791","60","2","2","59","60","63","63","59.5","63","frame_0608.png","unclassified orange sprite pixels"
"608","20791","60","3","2","63","64","68","68","63.5","68","frame_0608.png","unclassified orange sprite pixels"
"608","20791","60","4","10","39","48","72","74","43.5","73","frame_0608.png","unclassified orange sprite pixels"
"608","20791","60","5","4","34","35","74","76","34.5","75","frame_0608.png","unclassified orange sprite pixels"
"608","20791","60","6","2","37","38","74","74","37.5","74","frame_0608.png","unclassified orange sprite pixels"
"608","20791","60","7","2","41","42","79","79","41.5","79","frame_0608.png","unclassified orange sprite pixels"
"608","20791","60","8","5","10","13","98","101","11.5","99.5","frame_0608.png","unclassified orange sprite pixels"
"608","20791","60","9","11","28","38","98","98","33","98","frame_0608.png","unclassified orange sprite pixels"
"608","20791","60","10","4","25","28","101","101","26.5","101","frame_0608.png","unclassified orange sprite pixels"
"608","20791","60","11","2","17","18","102","102","17.5","102","frame_0608.png","unclassified orange sprite pixels"
"608","20791","60","12","2","25","26","104","104","25.5","104","frame_0608.png","unclassified orange sprite pixels"
"608","20791","60","13","15","81","88","105","109","84.5","107","frame_0608.png","unclassified orange sprite pixels"
"608","20791","60","14","2","91","92","109","110","91.5","109.5","frame_0608.png","unclassified orange sprite pixels"
"608","20791","60","15","3","95","97","109","109","96","109","frame_0608.png","unclassified orange sprite pixels"
"608","20791","60","16","7","101","105","110","111","103","110.5","frame_0608.png","unclassified orange sprite pixels"
"608","20791","60","17","10","15","24","130","130","19.5","130","frame_0608.png","unclassified orange sprite pixels"
"608","20791","60","18","2","25","26","133","133","25.5","133","frame_0608.png","unclassified orange sprite pixels"
"608","20791","60","19","2","35","36","133","133","35.5","133","frame_0608.png","unclassified orange sprite pixels"
"610","20793","61","0","10","52","61","58","60","56.5","59","frame_0610.png","unclassified orange sprite pixels"
"610","20793","61","1","4","58","59","63","65","58.5","64","frame_0610.png","unclassified orange sprite pixels"
"610","20793","61","2","2","61","62","63","63","61.5","63","frame_0610.png","unclassified orange sprite pixels"
"610","20793","61","3","10","30","39","67","69","34.5","68","frame_0610.png","unclassified orange sprite pixels"
"610","20793","61","4","2","65","66","68","68","65.5","68","frame_0610.png","unclassified orange sprite pixels"
"610","20793","61","5","4","36","37","72","74","36.5","73","frame_0610.png","unclassified orange sprite pixels"
"610","20793","61","6","2","39","40","72","72","39.5","72","frame_0610.png","unclassified orange sprite pixels"
"610","20793","61","7","2","43","44","77","77","43.5","77","frame_0610.png","unclassified orange sprite pixels"
"610","20793","61","8","5","10","13","95","98","11.5","96.5","frame_0610.png","unclassified orange sprite pixels"
"610","20793","61","9","11","16","26","95","95","21","95","frame_0610.png","unclassified orange sprite pixels"
"610","20793","61","10","4","25","28","98","98","26.5","98","frame_0610.png","unclassified orange sprite pixels"
"610","20793","61","11","2","17","18","99","99","17.5","99","frame_0610.png","unclassified orange sprite pixels"
"610","20793","61","12","2","25","26","101","101","25.5","101","frame_0610.png","unclassified orange sprite pixels"
"610","20793","61","13","4","83","86","105","108","84.5","106.5","frame_0610.png","unclassified orange sprite pixels"
"610","20793","61","14","12","88","98","109","111","93","110","frame_0610.png","unclassified orange sprite pixels"
"610","20793","61","15","6","101","105","110","111","103","110.5","frame_0610.png","unclassified orange sprite pixels"
"610","20793","61","16","10","25","34","127","127","29.5","127","frame_0610.png","unclassified orange sprite pixels"
"610","20793","61","17","2","24","25","130","130","24.5","130","frame_0610.png","unclassified orange sprite pixels"
"610","20793","61","18","2","34","35","130","130","34.5","130","frame_0610.png","unclassified orange sprite pixels"
"612","20795","62","0","10","66","75","61","63","70.5","62","frame_0612.png","unclassified orange sprite pixels"
"612","20795","62","1","4","61","62","63","65","61.5","64","frame_0612.png","unclassified orange sprite pixels"
"612","20795","62","2","2","64","65","63","63","64.5","63","frame_0612.png","unclassified orange sprite pixels"
"612","20795","62","3","10","42","51","68","70","46.5","69","frame_0612.png","unclassified orange sprite pixels"
"612","20795","62","4","2","68","69","68","68","68.5","68","frame_0612.png","unclassified orange sprite pixels"
"612","20795","62","5","4","37","38","70","72","37.5","71","frame_0612.png","unclassified orange sprite pixels"
"612","20795","62","6","2","40","41","70","70","40.5","70","frame_0612.png","unclassified orange sprite pixels"
"612","20795","62","7","2","44","45","75","75","44.5","75","frame_0612.png","unclassified orange sprite pixels"
"612","20795","62","8","5","11","14","92","95","12.5","93.5","frame_0612.png","unclassified orange sprite pixels"
"612","20795","62","9","11","29","39","92","92","34","92","frame_0612.png","unclassified orange sprite pixels"
"612","20795","62","10","4","26","29","95","95","27.5","95","frame_0612.png","unclassified orange sprite pixels"
"612","20795","62","11","2","18","19","96","96","18.5","96","frame_0612.png","unclassified orange sprite pixels"
"612","20795","62","12","2","26","27","98","98","26.5","98","frame_0612.png","unclassified orange sprite pixels"
"612","20795","62","13","15","81","88","105","109","84.5","107","frame_0612.png","unclassified orange sprite pixels"
"612","20795","62","14","2","91","92","109","110","91.5","109.5","frame_0612.png","unclassified orange sprite pixels"
"612","20795","62","15","3","95","97","109","109","96","109","frame_0612.png","unclassified orange sprite pixels"
"612","20795","62","16","7","101","105","110","111","103","110.5","frame_0612.png","unclassified orange sprite pixels"
"612","20795","62","17","3","83","85","114","114","84","114","frame_0612.png","unclassified orange sprite pixels"
"612","20795","62","18","10","16","25","124","124","20.5","124","frame_0612.png","unclassified orange sprite pixels"
"612","20795","62","19","2","34","34","127","128","34","127.5","frame_0612.png","unclassified orange sprite pixels"
"612","20795","62","20","2","26","27","128","128","26.5","128","frame_0612.png","unclassified orange sprite pixels"
"612","20795","62","21","2","24","24","129","130","24","129.5","frame_0612.png","unclassified orange sprite pixels"
"614","20797","63","0","10","58","67","58","60","62.5","59","frame_0614.png","unclassified orange sprite pixels"
"614","20797","63","1","4","64","65","63","65","64.5","64","frame_0614.png","unclassified orange sprite pixels"
"614","20797","63","2","2","67","68","63","63","67.5","63","frame_0614.png","unclassified orange sprite pixels"
"614","20797","63","3","10","33","42","64","66","37.5","65","frame_0614.png","unclassified orange sprite pixels"
"614","20797","63","4","2","71","72","68","68","71.5","68","frame_0614.png","unclassified orange sprite pixels"
"614","20797","63","5","4","39","40","69","71","39.5","70","frame_0614.png","unclassified orange sprite pixels"
"614","20797","63","6","2","42","43","69","69","42.5","69","frame_0614.png","unclassified orange sprite pixels"
"614","20797","63","7","2","46","47","74","74","46.5","74","frame_0614.png","unclassified orange sprite pixels"
"614","20797","63","8","5","11","14","89","92","12.5","90.5","frame_0614.png","unclassified orange sprite pixels"
"614","20797","63","9","11","17","27","89","89","22","89","frame_0614.png","unclassified orange sprite pixels"
"614","20797","63","10","4","26","29","92","92","27.5","92","frame_0614.png","unclassified orange sprite pixels"
"614","20797","63","11","2","18","19","93","93","18.5","93","frame_0614.png","unclassified orange sprite pixels"
"614","20797","63","12","2","26","27","95","95","26.5","95","frame_0614.png","unclassified orange sprite pixels"
"614","20797","63","13","4","83","86","105","108","84.5","106.5","frame_0614.png","unclassified orange sprite pixels"
"614","20797","63","14","12","88","98","109","111","93","110","frame_0614.png","unclassified orange sprite pixels"
"614","20797","63","15","6","101","105","110","111","103","110.5","frame_0614.png","unclassified orange sprite pixels"
"614","20797","63","16","10","26","35","122","122","30.5","122","frame_0614.png","unclassified orange sprite pixels"
"614","20797","63","17","2","33","33","125","126","33","125.5","frame_0614.png","unclassified orange sprite pixels"
"614","20797","63","18","2","25","26","126","126","25.5","126","frame_0614.png","unclassified orange sprite pixels"
"614","20797","63","19","2","23","23","127","128","23","127.5","frame_0614.png","unclassified orange sprite pixels"
"616","20799","64","0","10","71","80","61","63","75.5","62","frame_0616.png","unclassified orange sprite pixels"
"616","20799","64","1","4","66","67","63","65","66.5","64","frame_0616.png","unclassified orange sprite pixels"
"616","20799","64","2","2","69","70","63","63","69.5","63","frame_0616.png","unclassified orange sprite pixels"
"616","20799","64","3","10","46","55","66","68","50.5","67","frame_0616.png","unclassified orange sprite pixels"
"616","20799","64","4","4","41","42","68","70","41.5","69","frame_0616.png","unclassified orange sprite pixels"
"616","20799","64","5","2","44","45","68","68","44.5","68","frame_0616.png","unclassified orange sprite pixels"
"616","20799","64","6","2","73","74","68","68","73.5","68","frame_0616.png","unclassified orange sprite pixels"
"616","20799","64","7","2","48","49","73","73","48.5","73","frame_0616.png","unclassified orange sprite pixels"
"616","20799","64","8","5","12","15","87","90","13.5","88.5","frame_0616.png","unclassified orange sprite pixels"
"616","20799","64","9","11","30","40","87","87","35","87","frame_0616.png","unclassified orange sprite pixels"
"616","20799","64","10","4","27","30","90","90","28.5","90","frame_0616.png","unclassified orange sprite pixels"
"616","20799","64","11","2","19","20","91","91","19.5","91","frame_0616.png","unclassified orange sprite pixels"
"616","20799","64","12","2","27","28","93","93","27.5","93","frame_0616.png","unclassified orange sprite pixels"
"616","20799","64","13","11","81","88","105","109","84.5","107","frame_0616.png","unclassified orange sprite pixels"
"616","20799","64","14","3","95","97","109","109","96","109","frame_0616.png","unclassified orange sprite pixels"
"616","20799","64","15","7","101","105","110","111","103","110.5","frame_0616.png","unclassified orange sprite pixels"
"616","20799","64","16","10","15","24","119","119","19.5","119","frame_0616.png","unclassified orange sprite pixels"
"616","20799","64","17","2","33","33","122","123","33","122.5","frame_0616.png","unclassified orange sprite pixels"
"616","20799","64","18","2","25","26","123","123","25.5","123","frame_0616.png","unclassified orange sprite pixels"
"616","20799","64","19","2","23","23","124","125","23","124.5","frame_0616.png","unclassified orange sprite pixels"
"618","20801","65","0","10","63","72","58","60","67.5","59","frame_0618.png","unclassified orange sprite pixels"
"618","20801","65","1","10","37","46","61","63","41.5","62","frame_0618.png","unclassified orange sprite pixels"
"618","20801","65","2","4","69","70","63","65","69.5","64","frame_0618.png","unclassified orange sprite pixels"
"618","20801","65","3","2","72","73","63","63","72.5","63","frame_0618.png","unclassified orange sprite pixels"
"618","20801","65","4","4","43","44","66","68","43.5","67","frame_0618.png","unclassified orange sprite pixels"
"618","20801","65","5","2","46","47","66","66","46.5","66","frame_0618.png","unclassified orange sprite pixels"
"618","20801","65","6","2","76","77","68","68","76.5","68","frame_0618.png","unclassified orange sprite pixels"
"618","20801","65","7","2","50","51","71","71","50.5","71","frame_0618.png","unclassified orange sprite pixels"
"618","20801","65","8","5","13","16","84","87","14.5","85.5","frame_0618.png","unclassified orange sprite pixels"
"618","20801","65","9","11","19","29","84","84","24","84","frame_0618.png","unclassified orange sprite pixels"
"618","20801","65","10","4","28","31","87","87","29.5","87","frame_0618.png","unclassified orange sprite pixels"
"618","20801","65","11","2","20","21","88","88","20.5","88","frame_0618.png","unclassified orange sprite pixels"
"618","20801","65","12","2","28","29","90","90","28.5","90","frame_0618.png","unclassified orange sprite pixels"
"618","20801","65","13","10","15","24","116","116","19.5","116","frame_0618.png","unclassified orange sprite pixels"
"618","20801","65","14","2","17","17","119","120","17","119.5","frame_0618.png","unclassified orange sprite pixels"
"618","20801","65","15","2","24","25","120","120","24.5","120","frame_0618.png","unclassified orange sprite pixels"
"618","20801","65","16","2","27","27","121","122","27","121.5","frame_0618.png","unclassified orange sprite pixels"
"620","20803","66","0","10","76","85","61","63","80.5","62","frame_0620.png","unclassified orange sprite pixels"
"620","20803","66","1","10","50","59","63","65","54.5","64","frame_0620.png","unclassified orange sprite pixels"
"620","20803","66","2","4","71","72","63","65","71.5","64","frame_0620.png","unclassified orange sprite pixels"
"620","20803","66","3","2","74","75","63","63","74.5","63","frame_0620.png","unclassified orange sprite pixels"
"620","20803","66","4","4","45","46","65","67","45.5","66","frame_0620.png","unclassified orange sprite pixels"
"620","20803","66","5","2","48","49","65","65","48.5","65","frame_0620.png","unclassified orange sprite pixels"
"620","20803","66","6","2","78","79","68","68","78.5","68","frame_0620.png","unclassified orange sprite pixels"
"620","20803","66","7","2","52","53","70","70","52.5","70","frame_0620.png","unclassified orange sprite pixels"
"620","20803","66","8","5","13","16","82","85","14.5","83.5","frame_0620.png","unclassified orange sprite pixels"
"620","20803","66","9","11","31","41","82","82","36","82","frame_0620.png","unclassified orange sprite pixels"
"620","20803","66","10","4","28","31","85","85","29.5","85","frame_0620.png","unclassified orange sprite pixels"
"620","20803","66","11","2","20","21","86","86","20.5","86","frame_0620.png","unclassified orange sprite pixels"
"620","20803","66","12","2","28","29","88","88","28.5","88","frame_0620.png","unclassified orange sprite pixels"
"620","20803","66","13","10","26","35","113","113","30.5","113","frame_0620.png","unclassified orange sprite pixels"
"620","20803","66","14","2","17","17","116","117","17","116.5","frame_0620.png","unclassified orange sprite pixels"
"620","20803","66","15","2","24","25","117","117","24.5","117","frame_0620.png","unclassified orange sprite pixels"
"620","20803","66","16","2","27","27","118","119","27","118.5","frame_0620.png","unclassified orange sprite pixels"
"622","20805","67","0","10","68","77","58","60","72.5","59","frame_0622.png","unclassified orange sprite pixels"
"622","20805","67","1","10","41","50","60","62","45.5","61","frame_0622.png","unclassified orange sprite pixels"
"622","20805","67","2","4","74","75","63","65","74.5","64","frame_0622.png","unclassified orange sprite pixels"
"622","20805","67","3","2","77","78","63","63","77.5","63","frame_0622.png","unclassified orange sprite pixels"
"622","20805","67","4","4","47","48","65","67","47.5","66","frame_0622.png","unclassified orange sprite pixels"
"622","20805","67","5","2","50","51","65","65","50.5","65","frame_0622.png","unclassified orange sprite pixels"
"622","20805","67","6","2","81","82","68","68","81.5","68","frame_0622.png","unclassified orange sprite pixels"
"622","20805","67","7","2","54","55","70","70","54.5","70","frame_0622.png","unclassified orange sprite pixels"
"622","20805","67","8","5","15","18","79","82","16.5","80.5","frame_0622.png","unclassified orange sprite pixels"
"622","20805","67","9","11","21","31","79","79","26","79","frame_0622.png","unclassified orange sprite pixels"
"622","20805","67","10","4","30","33","82","82","31.5","82","frame_0622.png","unclassified orange sprite pixels"
"622","20805","67","11","2","22","23","83","83","22.5","83","frame_0622.png","unclassified orange sprite pixels"
"622","20805","67","12","2","30","31","85","85","30.5","85","frame_0622.png","unclassified orange sprite pixels"
"622","20805","67","13","4","83","86","105","108","84.5","106.5","frame_0622.png","unclassified orange sprite pixels"
"622","20805","67","14","12","88","98","109","111","93","110","frame_0622.png","unclassified orange sprite pixels"
"622","20805","67","15","6","101","105","110","111","103","110.5","frame_0622.png","unclassified orange sprite pixels"
"622","20805","67","16","10","14","23","111","111","18.5","111","frame_0622.png","unclassified orange sprite pixels"
"622","20805","67","17","2","16","16","114","115","16","114.5","frame_0622.png","unclassified orange sprite pixels"
"622","20805","67","18","2","23","24","115","115","23.5","115","frame_0622.png","unclassified orange sprite pixels"
"622","20805","67","19","2","26","26","116","117","26","116.5","frame_0622.png","unclassified orange sprite pixels"
"624","20807","68","0","10","81","90","61","63","85.5","62","frame_0624.png","unclassified orange sprite pixels"
"624","20807","68","1","10","54","63","62","64","58.5","63","frame_0624.png","unclassified orange sprite pixels"
"624","20807","68","2","4","76","77","63","65","76.5","64","frame_0624.png","unclassified orange sprite pixels"
"624","20807","68","3","2","79","80","63","63","79.5","63","frame_0624.png","unclassified orange sprite pixels"
"624","20807","68","4","4","49","50","64","66","49.5","65","frame_0624.png","unclassified orange sprite pixels"
"624","20807","68","5","2","52","53","64","64","52.5","64","frame_0624.png","unclassified orange sprite pixels"
"624","20807","68","6","2","83","84","68","68","83.5","68","frame_0624.png","unclassified orange sprite pixels"
"624","20807","68","7","2","56","57","69","69","56.5","69","frame_0624.png","unclassified orange sprite pixels"
"624","20807","68","8","5","16","19","77","80","17.5","78.5","frame_0624.png","unclassified orange sprite pixels"
"624","20807","68","9","11","34","44","77","77","39","77","frame_0624.png","unclassified orange sprite pixels"
"624","20807","68","10","4","31","34","80","80","32.5","80","frame_0624.png","unclassified orange sprite pixels"
"624","20807","68","11","2","23","24","81","81","23.5","81","frame_0624.png","unclassified orange sprite pixels"
"624","20807","68","12","2","31","32","83","83","31.5","83","frame_0624.png","unclassified orange sprite pixels"
"624","20807","68","13","15","81","88","105","109","84.5","107","frame_0624.png","unclassified orange sprite pixels"
"624","20807","68","14","10","27","36","108","108","31.5","108","frame_0624.png","unclassified orange sprite pixels"
"624","20807","68","15","2","91","92","109","110","91.5","109.5","frame_0624.png","unclassified orange sprite pixels"
"624","20807","68","16","3","95","97","109","109","96","109","frame_0624.png","unclassified orange sprite pixels"
"624","20807","68","17","7","101","105","110","111","103","110.5","frame_0624.png","unclassified orange sprite pixels"
"624","20807","68","18","2","15","16","111","111","15.5","111","frame_0624.png","unclassified orange sprite pixels"
"624","20807","68","19","2","25","26","111","111","25.5","111","frame_0624.png","unclassified orange sprite pixels"
"624","20807","68","20","3","83","85","114","114","84","114","frame_0624.png","unclassified orange sprite pixels"
"626","20809","69","0","10","73","82","58","60","77.5","59","frame_0626.png","unclassified orange sprite pixels"
"626","20809","69","1","10","45","54","59","61","49.5","60","frame_0626.png","unclassified orange sprite pixels"
"626","20809","69","2","4","79","80","63","65","79.5","64","frame_0626.png","unclassified orange sprite pixels"
"626","20809","69","3","2","82","83","63","63","82.5","63","frame_0626.png","unclassified orange sprite pixels"
"626","20809","69","4","4","51","52","64","66","51.5","65","frame_0626.png","unclassified orange sprite pixels"
"626","20809","69","5","2","54","55","64","64","54.5","64","frame_0626.png","unclassified orange sprite pixels"
"626","20809","69","6","2","86","87","68","68","86.5","68","frame_0626.png","unclassified orange sprite pixels"
"626","20809","69","7","2","58","59","69","69","58.5","69","frame_0626.png","unclassified orange sprite pixels"
"626","20809","69","8","10","25","34","73","75","29.5","74","frame_0626.png","unclassified orange sprite pixels"
"626","20809","69","9","4","31","32","78","80","31.5","79","frame_0626.png","unclassified orange sprite pixels"
"626","20809","69","10","2","34","35","78","78","34.5","78","frame_0626.png","unclassified orange sprite pixels"
"626","20809","69","11","2","38","39","83","83","38.5","83","frame_0626.png","unclassified orange sprite pixels"
"626","20809","69","12","10","16","25","105","105","20.5","105","frame_0626.png","unclassified orange sprite pixels"
"626","20809","69","13","4","83","86","105","108","84.5","106.5","frame_0626.png","unclassified orange sprite pixels"
"626","20809","69","14","2","15","16","108","108","15.5","108","frame_0626.png","unclassified orange sprite pixels"
"626","20809","69","15","2","25","26","108","108","25.5","108","frame_0626.png","unclassified orange sprite pixels"
"626","20809","69","16","12","88","98","109","111","93","110","frame_0626.png","unclassified orange sprite pixels"
"626","20809","69","17","6","101","105","110","111","103","110.5","frame_0626.png","unclassified orange sprite pixels"
"628","20811","70","0","10","59","68","61","63","63.5","62","frame_0628.png","unclassified orange sprite pixels"
"628","20811","70","1","10","86","95","61","63","90.5","62","frame_0628.png","unclassified orange sprite pixels"
"628","20811","70","2","4","54","55","63","65","54.5","64","frame_0628.png","unclassified orange sprite pixels"
"628","20811","70","3","2","57","58","63","63","57.5","63","frame_0628.png","unclassified orange sprite pixels"
"628","20811","70","4","4","81","82","63","65","81.5","64","frame_0628.png","unclassified orange sprite pixels"
"628","20811","70","5","2","84","85","63","63","84.5","63","frame_0628.png","unclassified orange sprite pixels"
"628","20811","70","6","2","61","62","68","68","61.5","68","frame_0628.png","unclassified orange sprite pixels"
"628","20811","70","7","2","88","89","68","68","88.5","68","frame_0628.png","unclassified orange sprite pixels"
"628","20811","70","8","10","38","47","74","76","42.5","75","frame_0628.png","unclassified orange sprite pixels"
"628","20811","70","9","4","33","34","76","78","33.5","77","frame_0628.png","unclassified orange sprite pixels"
"628","20811","70","10","2","36","37","76","76","36.5","76","frame_0628.png","unclassified orange sprite pixels"
"628","20811","70","11","2","40","41","81","81","40.5","81","frame_0628.png","unclassified orange sprite pixels"
"628","20811","70","12","10","27","36","102","102","31.5","102","frame_0628.png","unclassified orange sprite pixels"
"628","20811","70","13","2","15","16","105","105","15.5","105","frame_0628.png","unclassified orange sprite pixels"
"628","20811","70","14","2","25","26","105","105","25.5","105","frame_0628.png","unclassified orange sprite pixels"
"628","20811","70","15","11","81","88","105","109","84.5","107","frame_0628.png","unclassified orange sprite pixels"
"628","20811","70","16","3","95","97","109","109","96","109","frame_0628.png","unclassified orange sprite pixels"
"628","20811","70","17","7","101","105","110","111","103","110.5","frame_0628.png","unclassified orange sprite pixels"
"630","20813","71","0","10","50","59","58","60","54.5","59","frame_0630.png","unclassified orange sprite pixels"
"630","20813","71","1","10","78","87","59","61","82.5","60","frame_0630.png","unclassified orange sprite pixels"
"630","20813","71","2","4","56","57","63","65","56.5","64","frame_0630.png","unclassified orange sprite pixels"
"630","20813","71","3","2","59","60","63","63","59.5","63","frame_0630.png","unclassified orange sprite pixels"
"630","20813","71","4","4","84","85","64","66","84.5","65","frame_0630.png","unclassified orange sprite pixels"
"630","20813","71","5","2","87","88","64","64","87.5","64","frame_0630.png","unclassified orange sprite pixels"
"630","20813","71","6","2","63","64","68","68","63.5","68","frame_0630.png","unclassified orange sprite pixels"
"630","20813","71","7","10","28","37","69","71","32.5","70","frame_0630.png","unclassified orange sprite pixels"
"630","20813","71","8","2","91","92","69","69","91.5","69","frame_0630.png","unclassified orange sprite pixels"
"630","20813","71","9","4","34","35","74","76","34.5","75","frame_0630.png","unclassified orange sprite pixels"
"630","20813","71","10","2","37","38","74","74","37.5","74","frame_0630.png","unclassified orange sprite pixels"
"630","20813","71","11","2","41","42","79","79","41.5","79","frame_0630.png","unclassified orange sprite pixels"
"630","20813","71","12","5","10","13","99","102","11.5","100.5","frame_0630.png","unclassified orange sprite pixels"
"630","20813","71","13","11","16","26","99","99","21","99","frame_0630.png","unclassified orange sprite pixels"
"630","20813","71","14","4","25","28","102","102","26.5","102","frame_0630.png","unclassified orange sprite pixels"
"630","20813","71","15","2","17","18","103","103","17.5","103","frame_0630.png","unclassified orange sprite pixels"
"630","20813","71","16","2","25","26","105","105","25.5","105","frame_0630.png","unclassified orange sprite pixels"
"630","20813","71","17","4","83","86","105","108","84.5","106.5","frame_0630.png","unclassified orange sprite pixels"
"630","20813","71","18","12","88","98","109","111","93","110","frame_0630.png","unclassified orange sprite pixels"
"630","20813","71","19","6","101","105","110","111","103","110.5","frame_0630.png","unclassified orange sprite pixels"
"630","20813","71","20","3","83","85","114","114","84","114","frame_0630.png","unclassified orange sprite pixels"
"632","20815","72","0","10","63","72","61","63","67.5","62","frame_0632.png","unclassified orange sprite pixels"
"632","20815","72","1","10","91","100","62","64","95.5","63","frame_0632.png","unclassified orange sprite pixels"
"632","20815","72","2","4","58","59","63","65","58.5","64","frame_0632.png","unclassified orange sprite pixels"
"632","20815","72","3","2","61","62","63","63","61.5","63","frame_0632.png","unclassified orange sprite pixels"
"632","20815","72","4","4","86","87","64","66","86.5","65","frame_0632.png","unclassified orange sprite pixels"
"632","20815","72","5","2","89","90","64","64","89.5","64","frame_0632.png","unclassified orange sprite pixels"
"632","20815","72","6","2","65","66","68","68","65.5","68","frame_0632.png","unclassified orange sprite pixels"
"632","20815","72","7","2","93","94","69","69","93.5","69","frame_0632.png","unclassified orange sprite pixels"
"632","20815","72","8","10","41","50","70","72","45.5","71","frame_0632.png","unclassified orange sprite pixels"
"632","20815","72","9","4","36","37","72","74","36.5","73","frame_0632.png","unclassified orange sprite pixels"
"632","20815","72","10","2","39","40","72","72","39.5","72","frame_0632.png","unclassified orange sprite pixels"
"632","20815","72","11","2","43","44","77","77","43.5","77","frame_0632.png","unclassified orange sprite pixels"
"632","20815","72","12","5","10","13","96","99","11.5","97.5","frame_0632.png","unclassified orange sprite pixels"
"632","20815","72","13","11","28","38","96","96","33","96","frame_0632.png","unclassified orange sprite pixels"
"632","20815","72","14","4","25","28","99","99","26.5","99","frame_0632.png","unclassified orange sprite pixels"
"632","20815","72","15","2","17","18","100","100","17.5","100","frame_0632.png","unclassified orange sprite pixels"
"632","20815","72","16","2","25","26","102","102","25.5","102","frame_0632.png","unclassified orange sprite pixels"
"632","20815","72","17","15","81","88","105","109","84.5","107","frame_0632.png","unclassified orange sprite pixels"
"632","20815","72","18","2","91","92","109","110","91.5","109.5","frame_0632.png","unclassified orange sprite pixels"
"632","20815","72","19","3","95","97","109","109","96","109","frame_0632.png","unclassified orange sprite pixels"
"632","20815","72","20","7","101","105","110","111","103","110.5","frame_0632.png","unclassified orange sprite pixels"
"634","20817","73","0","10","55","64","58","60","59.5","59","frame_0634.png","unclassified orange sprite pixels"
"634","20817","73","1","10","83","92","59","61","87.5","60","frame_0634.png","unclassified orange sprite pixels"
"634","20817","73","2","4","61","62","63","65","61.5","64","frame_0634.png","unclassified orange sprite pixels"
"634","20817","73","3","2","64","65","63","63","64.5","63","frame_0634.png","unclassified orange sprite pixels"
"634","20817","73","4","4","89","90","64","66","89.5","65","frame_0634.png","unclassified orange sprite pixels"
"634","20817","73","5","2","92","93","64","64","92.5","64","frame_0634.png","unclassified orange sprite pixels"
"634","20817","73","6","10","31","40","65","67","35.5","66","frame_0634.png","unclassified orange sprite pixels"
"634","20817","73","7","2","68","69","68","68","68.5","68","frame_0634.png","unclassified orange sprite pixels"
"634","20817","73","8","2","96","97","69","69","96.5","69","frame_0634.png","unclassified orange sprite pixels"
"634","20817","73","9","4","37","38","70","72","37.5","71","frame_0634.png","unclassified orange sprite pixels"
"634","20817","73","10","2","40","41","70","70","40.5","70","frame_0634.png","unclassified orange sprite pixels"
"634","20817","73","11","2","44","45","75","75","44.5","75","frame_0634.png","unclassified orange sprite pixels"
"634","20817","73","12","5","10","13","93","96","11.5","94.5","frame_0634.png","unclassified orange sprite pixels"
"634","20817","73","13","11","16","26","93","93","21","93","frame_0634.png","unclassified orange sprite pixels"
"634","20817","73","14","4","25","28","96","96","26.5","96","frame_0634.png","unclassified orange sprite pixels"
"634","20817","73","15","2","17","18","97","97","17.5","97","frame_0634.png","unclassified orange sprite pixels"
"634","20817","73","16","2","25","26","99","99","25.5","99","frame_0634.png","unclassified orange sprite pixels"
"636","20819","74","0","10","69","78","61","63","73.5","62","frame_0636.png","unclassified orange sprite pixels"
"636","20819","74","1","4","64","65","63","65","64.5","64","frame_0636.png","unclassified orange sprite pixels"
"636","20819","74","2","2","67","68","63","63","67.5","63","frame_0636.png","unclassified orange sprite pixels"
"636","20819","74","3","10","96","105","63","65","100.5","64","frame_0636.png","unclassified orange sprite pixels"
"636","20819","74","4","4","91","92","65","67","91.5","66","frame_0636.png","unclassified orange sprite pixels"
"636","20819","74","5","2","94","95","65","65","94.5","65","frame_0636.png","unclassified orange sprite pixels"
"636","20819","74","6","10","44","53","67","69","48.5","68","frame_0636.png","unclassified orange sprite pixels"
"636","20819","74","7","2","71","72","68","68","71.5","68","frame_0636.png","unclassified orange sprite pixels"
"636","20819","74","8","4","39","40","69","71","39.5","70","frame_0636.png","unclassified orange sprite pixels"
"636","20819","74","9","2","42","43","69","69","42.5","69","frame_0636.png","unclassified orange sprite pixels"
"636","20819","74","10","2","98","99","70","70","98.5","70","frame_0636.png","unclassified orange sprite pixels"
"636","20819","74","11","2","46","47","74","74","46.5","74","frame_0636.png","unclassified orange sprite pixels"
"636","20819","74","12","5","11","14","91","94","12.5","92.5","frame_0636.png","unclassified orange sprite pixels"
"636","20819","74","13","11","29","39","91","91","34","91","frame_0636.png","unclassified orange sprite pixels"
"636","20819","74","14","4","26","29","94","94","27.5","94","frame_0636.png","unclassified orange sprite pixels"
"636","20819","74","15","2","18","19","95","95","18.5","95","frame_0636.png","unclassified orange sprite pixels"
"636","20819","74","16","2","26","27","97","97","26.5","97","frame_0636.png","unclassified orange sprite pixels"
"638","20821","75","0","10","60","69","58","60","64.5","59","frame_0638.png","unclassified orange sprite pixels"
"638","20821","75","1","10","88","97","60","62","92.5","61","frame_0638.png","unclassified orange sprite pixels"
"638","20821","75","2","10","35","44","63","65","39.5","64","frame_0638.png","unclassified orange sprite pixels"
"638","20821","75","3","4","66","67","63","65","66.5","64","frame_0638.png","unclassified orange sprite pixels"
"638","20821","75","4","2","69","70","63","63","69.5","63","frame_0638.png","unclassified orange sprite pixels"
"638","20821","75","5","4","94","95","65","67","94.5","66","frame_0638.png","unclassified orange sprite pixels"
"638","20821","75","6","2","97","98","65","65","97.5","65","frame_0638.png","unclassified orange sprite pixels"
"638","20821","75","7","4","41","42","68","70","41.5","69","frame_0638.png","unclassified orange sprite pixels"
"638","20821","75","8","2","44","45","68","68","44.5","68","frame_0638.png","unclassified orange sprite pixels"
"638","20821","75","9","2","73","74","68","68","73.5","68","frame_0638.png","unclassified orange sprite pixels"
"638","20821","75","10","2","101","102","70","70","101.5","70","frame_0638.png","unclassified orange sprite pixels"
"638","20821","75","11","2","48","49","73","73","48.5","73","frame_0638.png","unclassified orange sprite pixels"
"638","20821","75","12","5","11","14","88","91","12.5","89.5","frame_0638.png","unclassified orange sprite pixels"
"638","20821","75","13","11","17","27","88","88","22","88","frame_0638.png","unclassified orange sprite pixels"
"638","20821","75","14","4","26","29","91","91","27.5","91","frame_0638.png","unclassified orange sprite pixels"
"638","20821","75","15","2","18","19","92","92","18.5","92","frame_0638.png","unclassified orange sprite pixels"
"638","20821","75","16","2","26","27","94","94","26.5","94","frame_0638.png","unclassified orange sprite pixels"
"640","20823","76","0","11","74","84","61","63","79","62","frame_0640.png","unclassified orange sprite pixels"
"640","20823","76","1","4","69","70","63","65","69.5","64","frame_0640.png","unclassified orange sprite pixels"
"640","20823","76","2","2","72","73","63","63","72.5","63","frame_0640.png","unclassified orange sprite pixels"
"640","20823","76","3","10","48","57","64","66","52.5","65","frame_0640.png","unclassified orange sprite pixels"
"640","20823","76","4","10","101","110","64","66","105.5","65","frame_0640.png","unclassified orange sprite pixels"
"640","20823","76","5","4","43","44","66","68","43.5","67","frame_0640.png","unclassified orange sprite pixels"
"640","20823","76","6","2","46","47","66","66","46.5","66","frame_0640.png","unclassified orange sprite pixels"
"640","20823","76","7","4","96","97","66","68","96.5","67","frame_0640.png","unclassified orange sprite pixels"
"640","20823","76","8","2","99","100","66","66","99.5","66","frame_0640.png","unclassified orange sprite pixels"
"640","20823","76","9","2","76","77","68","68","76.5","68","frame_0640.png","unclassified orange sprite pixels"
"640","20823","76","10","2","50","51","71","71","50.5","71","frame_0640.png","unclassified orange sprite pixels"
"640","20823","76","11","2","103","104","71","71","103.5","71","frame_0640.png","unclassified orange sprite pixels"
"640","20823","76","12","5","12","15","85","88","13.5","86.5","frame_0640.png","unclassified orange sprite pixels"
"640","20823","76","13","11","30","40","85","85","35","85","frame_0640.png","unclassified orange sprite pixels"
"640","20823","76","14","4","27","30","88","88","28.5","88","frame_0640.png","unclassified orange sprite pixels"
"640","20823","76","15","2","19","20","89","89","19.5","89","frame_0640.png","unclassified orange sprite pixels"
"640","20823","76","16","2","27","28","91","91","27.5","91","frame_0640.png","unclassified orange sprite pixels"
"642","20825","77","0","10","65","74","58","60","69.5","59","frame_0642.png","unclassified orange sprite pixels"
"642","20825","77","1","10","39","48","60","62","43.5","61","frame_0642.png","unclassified orange sprite pixels"
"642","20825","77","2","10","93","102","61","63","97.5","62","frame_0642.png","unclassified orange sprite pixels"
"642","20825","77","3","4","71","72","63","65","71.5","64","frame_0642.png","unclassified orange sprite pixels"
"642","20825","77","4","2","74","75","63","63","74.5","63","frame_0642.png","unclassified orange sprite pixels"
"642","20825","77","5","4","45","46","65","67","45.5","66","frame_0642.png","unclassified orange sprite pixels"
"642","20825","77","6","2","48","49","65","65","48.5","65","frame_0642.png","unclassified orange sprite pixels"
"642","20825","77","7","4","99","100","66","68","99.5","67","frame_0642.png","unclassified orange sprite pixels"
"642","20825","77","8","2","102","103","66","66","102.5","66","frame_0642.png","unclassified orange sprite pixels"
"642","20825","77","9","2","78","79","68","68","78.5","68","frame_0642.png","unclassified orange sprite pixels"
"642","20825","77","10","2","52","53","70","70","52.5","70","frame_0642.png","unclassified orange sprite pixels"
"642","20825","77","11","2","106","107","71","71","106.5","71","frame_0642.png","unclassified orange sprite pixels"
"642","20825","77","12","5","13","16","83","86","14.5","84.5","frame_0642.png","unclassified orange sprite pixels"
"642","20825","77","13","11","19","29","83","83","24","83","frame_0642.png","unclassified orange sprite pixels"
"642","20825","77","14","4","28","31","86","86","29.5","86","frame_0642.png","unclassified orange sprite pixels"
"642","20825","77","15","2","20","21","87","87","20.5","87","frame_0642.png","unclassified orange sprite pixels"
"642","20825","77","16","2","28","29","89","89","28.5","89","frame_0642.png","unclassified orange sprite pixels"
"644","20827","78","0","11","79","89","61","63","84","62","frame_0644.png","unclassified orange sprite pixels"
"644","20827","78","1","10","52","61","63","65","56.5","64","frame_0644.png","unclassified orange sprite pixels"
"644","20827","78","2","4","74","75","63","65","74.5","64","frame_0644.png","unclassified orange sprite pixels"
"644","20827","78","3","2","77","78","63","63","77.5","63","frame_0644.png","unclassified orange sprite pixels"
"644","20827","78","4","4","47","48","65","67","47.5","66","frame_0644.png","unclassified orange sprite pixels"
"644","20827","78","5","2","50","51","65","65","50.5","65","frame_0644.png","unclassified orange sprite pixels"
"644","20827","78","6","10","106","115","65","67","110.5","66","frame_0644.png","unclassified orange sprite pixels"
"644","20827","78","7","4","101","102","67","69","101.5","68","frame_0644.png","unclassified orange sprite pixels"
"644","20827","78","8","2","104","105","67","67","104.5","67","frame_0644.png","unclassified orange sprite pixels"
"644","20827","78","9","2","81","82","68","68","81.5","68","frame_0644.png","unclassified orange sprite pixels"
"644","20827","78","10","2","54","55","70","70","54.5","70","frame_0644.png","unclassified orange sprite pixels"
"644","20827","78","11","2","108","109","72","72","108.5","72","frame_0644.png","unclassified orange sprite pixels"
"644","20827","78","12","5","14","17","80","83","15.5","81.5","frame_0644.png","unclassified orange sprite pixels"
"644","20827","78","13","11","32","42","80","80","37","80","frame_0644.png","unclassified orange sprite pixels"
"644","20827","78","14","4","29","32","83","83","30.5","83","frame_0644.png","unclassified orange sprite pixels"
"644","20827","78","15","2","21","22","84","84","21.5","84","frame_0644.png","unclassified orange sprite pixels"
"644","20827","78","16","2","29","30","86","86","29.5","86","frame_0644.png","unclassified orange sprite pixels"
"646","20829","79","0","10","70","79","58","60","74.5","59","frame_0646.png","unclassified orange sprite pixels"
"646","20829","79","1","10","43","52","59","61","47.5","60","frame_0646.png","unclassified orange sprite pixels"
"646","20829","79","2","4","76","77","63","65","76.5","64","frame_0646.png","unclassified orange sprite pixels"
"646","20829","79","3","2","79","80","63","63","79.5","63","frame_0646.png","unclassified orange sprite pixels"
"646","20829","79","4","10","98","107","63","65","102.5","64","frame_0646.png","unclassified orange sprite pixels"
"646","20829","79","5","4","49","50","64","66","49.5","65","frame_0646.png","unclassified orange sprite pixels"
"646","20829","79","6","2","52","53","64","64","52.5","64","frame_0646.png","unclassified orange sprite pixels"
"646","20829","79","7","2","83","84","68","68","83.5","68","frame_0646.png","unclassified orange sprite pixels"
"646","20829","79","8","4","104","105","68","70","104.5","69","frame_0646.png","unclassified orange sprite pixels"
"646","20829","79","9","2","107","108","68","68","107.5","68","frame_0646.png","unclassified orange sprite pixels"
"646","20829","79","10","2","56","57","69","69","56.5","69","frame_0646.png","unclassified orange sprite pixels"
"646","20829","79","11","2","111","112","73","73","111.5","73","frame_0646.png","unclassified orange sprite pixels"
"646","20829","79","12","5","15","18","78","81","16.5","79.5","frame_0646.png","unclassified orange sprite pixels"
"646","20829","79","13","11","21","31","78","78","26","78","frame_0646.png","unclassified orange sprite pixels"
"646","20829","79","14","4","30","33","81","81","31.5","81","frame_0646.png","unclassified orange sprite pixels"
"646","20829","79","15","2","22","23","82","82","22.5","82","frame_0646.png","unclassified orange sprite pixels"
"646","20829","79","16","2","30","31","84","84","30.5","84","frame_0646.png","unclassified orange sprite pixels"
"648","20831","80","0","11","84","93","61","63","88.5","62","frame_0648.png","unclassified orange sprite pixels"
"648","20831","80","1","10","56","65","62","64","60.5","63","frame_0648.png","unclassified orange sprite pixels"
"648","20831","80","2","4","79","80","63","65","79.5","64","frame_0648.png","unclassified orange sprite pixels"
"648","20831","80","3","2","82","83","63","63","82.5","63","frame_0648.png","unclassified orange sprite pixels"
"648","20831","80","4","4","51","52","64","66","51.5","65","frame_0648.png","unclassified orange sprite pixels"
"648","20831","80","5","2","54","55","64","64","54.5","64","frame_0648.png","unclassified orange sprite pixels"
"648","20831","80","6","10","111","120","67","69","115.5","68","frame_0648.png","unclassified orange sprite pixels"
"648","20831","80","7","2","86","87","68","68","86.5","68","frame_0648.png","unclassified orange sprite pixels"
"648","20831","80","8","2","58","59","69","69","58.5","69","frame_0648.png","unclassified orange sprite pixels"
"648","20831","80","9","4","106","107","69","71","106.5","70","frame_0648.png","unclassified orange sprite pixels"
"648","20831","80","10","2","109","110","69","69","109.5","69","frame_0648.png","unclassified orange sprite pixels"
"648","20831","80","11","2","113","114","74","74","113.5","74","frame_0648.png","unclassified orange sprite pixels"
"648","20831","80","12","5","17","20","75","78","18.5","76.5","frame_0648.png","unclassified orange sprite pixels"
"648","20831","80","13","11","35","45","75","75","40","75","frame_0648.png","unclassified orange sprite pixels"
"648","20831","80","14","4","32","35","78","78","33.5","78","frame_0648.png","unclassified orange sprite pixels"
"648","20831","80","15","2","24","25","79","79","24.5","79","frame_0648.png","unclassified orange sprite pixels"
"648","20831","80","16","2","32","33","81","81","32.5","81","frame_0648.png","unclassified orange sprite pixels"
"650","20833","81","0","10","48","57","58","60","52.5","59","frame_0650.png","unclassified orange sprite pixels"
"650","20833","81","1","10","75","84","58","60","79.5","59","frame_0650.png","unclassified orange sprite pixels"
"650","20833","81","2","4","54","55","63","65","54.5","64","frame_0650.png","unclassified orange sprite pixels"
"650","20833","81","3","2","57","58","63","63","57.5","63","frame_0650.png","unclassified orange sprite pixels"
"650","20833","81","4","4","81","82","63","65","81.5","64","frame_0650.png","unclassified orange sprite pixels"
"650","20833","81","5","2","84","85","63","63","84.5","63","frame_0650.png","unclassified orange sprite pixels"
"650","20833","81","6","10","103","112","64","66","107.5","65","frame_0650.png","unclassified orange sprite pixels"
"650","20833","81","7","2","61","62","68","68","61.5","68","frame_0650.png","unclassified orange sprite pixels"
"650","20833","81","8","2","88","89","68","68","88.5","68","frame_0650.png","unclassified orange sprite pixels"
"650","20833","81","9","4","109","110","69","71","109.5","70","frame_0650.png","unclassified orange sprite pixels"
"650","20833","81","10","2","112","113","69","69","112.5","69","frame_0650.png","unclassified orange sprite pixels"
"650","20833","81","11","10","26","35","72","74","30.5","73","frame_0650.png","unclassified orange sprite pixels"
"650","20833","81","12","2","116","117","74","74","116.5","74","frame_0650.png","unclassified orange sprite pixels"
"650","20833","81","13","4","32","33","77","79","32.5","78","frame_0650.png","unclassified orange sprite pixels"
"650","20833","81","14","2","35","36","77","77","35.5","77","frame_0650.png","unclassified orange sprite pixels"
"650","20833","81","15","2","39","40","82","82","39.5","82","frame_0650.png","unclassified orange sprite pixels"
"652","20835","82","0","10","61","70","61","63","65.5","62","frame_0652.png","unclassified orange sprite pixels"
"652","20835","82","1","11","89","98","62","64","93.5","63","frame_0652.png","unclassified orange sprite pixels"
"652","20835","82","2","4","56","57","63","65","56.5","64","frame_0652.png","unclassified orange sprite pixels"
"652","20835","82","3","2","59","60","63","63","59.5","63","frame_0652.png","unclassified orange sprite pixels"
"652","20835","82","4","4","84","85","64","66","84.5","65","frame_0652.png","unclassified orange sprite pixels"
"652","20835","82","5","2","87","88","64","64","87.5","64","frame_0652.png","unclassified orange sprite pixels"
"652","20835","82","6","2","63","64","68","68","63.5","68","frame_0652.png","unclassified orange sprite pixels"
"652","20835","82","7","10","116","125","68","70","120.5","69","frame_0652.png","unclassified orange sprite pixels"
"652","20835","82","8","2","91","92","69","69","91.5","69","frame_0652.png","unclassified orange sprite pixels"
"652","20835","82","9","4","111","112","70","72","111.5","71","frame_0652.png","unclassified orange sprite pixels"
"652","20835","82","10","2","114","115","70","70","114.5","70","frame_0652.png","unclassified orange sprite pixels"
"652","20835","82","11","10","38","47","73","75","42.5","74","frame_0652.png","unclassified orange sprite pixels"
"652","20835","82","12","4","33","34","75","77","33.5","76","frame_0652.png","unclassified orange sprite pixels"
"652","20835","82","13","2","36","37","75","75","36.5","75","frame_0652.png","unclassified orange sprite pixels"
"652","20835","82","14","2","118","119","75","75","118.5","75","frame_0652.png","unclassified orange sprite pixels"
"652","20835","82","15","2","40","41","80","80","40.5","80","frame_0652.png","unclassified orange sprite pixels"
"654","20837","83","0","10","52","61","58","60","56.5","59","frame_0654.png","unclassified orange sprite pixels"
"654","20837","83","1","10","80","89","59","61","84.5","60","frame_0654.png","unclassified orange sprite pixels"
"654","20837","83","2","4","58","59","63","65","58.5","64","frame_0654.png","unclassified orange sprite pixels"
"654","20837","83","3","2","61","62","63","63","61.5","63","frame_0654.png","unclassified orange sprite pixels"
"654","20837","83","4","4","86","87","64","66","86.5","65","frame_0654.png","unclassified orange sprite pixels"
"654","20837","83","5","2","89","90","64","64","89.5","64","frame_0654.png","unclassified orange sprite pixels"
"654","20837","83","6","10","108","117","66","68","112.5","67","frame_0654.png","unclassified orange sprite pixels"
"654","20837","83","7","10","29","38","68","70","33.5","69","frame_0654.png","unclassified orange sprite pixels"
"654","20837","83","8","2","65","66","68","68","65.5","68","frame_0654.png","unclassified orange sprite pixels"
"654","20837","83","9","2","93","94","69","69","93.5","69","frame_0654.png","unclassified orange sprite pixels"
"654","20837","83","10","4","114","115","71","73","114.5","72","frame_0654.png","unclassified orange sprite pixels"
"654","20837","83","11","2","117","118","71","71","117.5","71","frame_0654.png","unclassified orange sprite pixels"
"654","20837","83","12","4","35","36","73","75","35.5","74","frame_0654.png","unclassified orange sprite pixels"
"654","20837","83","13","2","38","39","73","73","38.5","73","frame_0654.png","unclassified orange sprite pixels"
"654","20837","83","14","2","121","122","76","76","121.5","76","frame_0654.png","unclassified orange sprite pixels"
"654","20837","83","15","2","42","43","78","78","42.5","78","frame_0654.png","unclassified orange sprite pixels"
"656","20839","84","0","10","66","75","61","63","70.5","62","frame_0656.png","unclassified orange sprite pixels"
"656","20839","84","1","11","94","103","62","65","98.5","63.5","frame_0656.png","unclassified orange sprite pixels"
"656","20839","84","2","4","61","62","63","65","61.5","64","frame_0656.png","unclassified orange sprite pixels"
"656","20839","84","3","2","64","65","63","63","64.5","63","frame_0656.png","unclassified orange sprite pixels"
"656","20839","84","4","4","89","90","64","66","89.5","65","frame_0656.png","unclassified orange sprite pixels"
"656","20839","84","5","2","92","93","64","64","92.5","64","frame_0656.png","unclassified orange sprite pixels"
"656","20839","84","6","2","68","69","68","68","68.5","68","frame_0656.png","unclassified orange sprite pixels"
"656","20839","84","7","10","42","51","69","71","46.5","70","frame_0656.png","unclassified orange sprite pixels"
"656","20839","84","8","2","96","97","69","69","96.5","69","frame_0656.png","unclassified orange sprite pixels"
"656","20839","84","9","10","121","130","70","72","125.5","71","frame_0656.png","unclassified orange sprite pixels"
"656","20839","84","10","4","37","38","71","73","37.5","72","frame_0656.png","unclassified orange sprite pixels"
"656","20839","84","11","2","40","41","71","71","40.5","71","frame_0656.png","unclassified orange sprite pixels"
"656","20839","84","12","4","116","117","72","74","116.5","73","frame_0656.png","unclassified orange sprite pixels"
"656","20839","84","13","2","119","120","72","72","119.5","72","frame_0656.png","unclassified orange sprite pixels"
"656","20839","84","14","2","44","45","76","76","44.5","76","frame_0656.png","unclassified orange sprite pixels"
"656","20839","84","15","2","123","124","77","77","123.5","77","frame_0656.png","unclassified orange sprite pixels"
"658","20841","85","0","10","58","67","58","60","62.5","59","frame_0658.png","unclassified orange sprite pixels"
"658","20841","85","1","10","85","94","60","62","89.5","61","frame_0658.png","unclassified orange sprite pixels"
"658","20841","85","2","4","64","65","63","65","64.5","64","frame_0658.png","unclassified orange sprite pixels"
"658","20841","85","3","2","67","68","63","63","67.5","63","frame_0658.png","unclassified orange sprite pixels"
"658","20841","85","4","10","32","41","65","67","36.5","66","frame_0658.png","unclassified orange sprite pixels"
"658","20841","85","5","4","91","92","65","67","91.5","66","frame_0658.png","unclassified orange sprite pixels"
"658","20841","85","6","2","94","95","65","65","94.5","65","frame_0658.png","unclassified orange sprite pixels"
"658","20841","85","7","2","71","72","68","68","71.5","68","frame_0658.png","unclassified orange sprite pixels"
"658","20841","85","8","10","113","122","68","70","117.5","69","frame_0658.png","unclassified orange sprite pixels"
"658","20841","85","9","4","38","39","70","72","38.5","71","frame_0658.png","unclassified orange sprite pixels"
"658","20841","85","10","2","41","42","70","70","41.5","70","frame_0658.png","unclassified orange sprite pixels"
"658","20841","85","11","2","98","99","70","70","98.5","70","frame_0658.png","unclassified orange sprite pixels"
"658","20841","85","12","4","119","120","73","75","119.5","74","frame_0658.png","unclassified orange sprite pixels"
"658","20841","85","13","2","122","123","73","73","122.5","73","frame_0658.png","unclassified orange sprite pixels"
"658","20841","85","14","2","45","46","75","75","45.5","75","frame_0658.png","unclassified orange sprite pixels"
"658","20841","85","15","2","126","127","78","78","126.5","78","frame_0658.png","unclassified orange sprite pixels"
"660","20843","86","0","10","71","80","61","63","75.5","62","frame_0660.png","unclassified orange sprite pixels"
"660","20843","86","1","4","66","67","63","65","66.5","64","frame_0660.png","unclassified orange sprite pixels"
"660","20843","86","2","2","69","70","63","63","69.5","63","frame_0660.png","unclassified orange sprite pixels"
"660","20843","86","3","10","99","108","63","65","103.5","64","frame_0660.png","unclassified orange sprite pixels"
"660","20843","86","4","4","94","95","65","67","94.5","66","frame_0660.png","unclassified orange sprite pixels"
"660","20843","86","5","2","97","98","65","65","97.5","65","frame_0660.png","unclassified orange sprite pixels"
"660","20843","86","6","10","45","54","66","68","49.5","67","frame_0660.png","unclassified orange sprite pixels"
"660","20843","86","7","4","40","41","68","70","40.5","69","frame_0660.png","unclassified orange sprite pixels"
"660","20843","86","8","2","43","44","68","68","43.5","68","frame_0660.png","unclassified orange sprite pixels"
"660","20843","86","9","2","73","74","68","68","73.5","68","frame_0660.png","unclassified orange sprite pixels"
"660","20843","86","10","2","101","102","70","70","101.5","70","frame_0660.png","unclassified orange sprite pixels"
"660","20843","86","11","2","47","48","73","73","47.5","73","frame_0660.png","unclassified orange sprite pixels"
"660","20843","86","12","10","126","135","73","75","130.5","74","frame_0660.png","unclassified orange sprite pixels"
"660","20843","86","13","4","121","122","75","77","121.5","76","frame_0660.png","unclassified orange sprite pixels"
"660","20843","86","14","2","124","125","75","75","124.5","75","frame_0660.png","unclassified orange sprite pixels"
"660","20843","86","15","2","128","129","80","80","128.5","80","frame_0660.png","unclassified orange sprite pixels"
"662","20845","87","0","10","63","72","58","60","67.5","59","frame_0662.png","unclassified orange sprite pixels"
"662","20845","87","1","10","90","99","61","63","94.5","62","frame_0662.png","unclassified orange sprite pixels"
"662","20845","87","2","10","36","45","62","64","40.5","63","frame_0662.png","unclassified orange sprite pixels"
"662","20845","87","3","4","69","70","63","65","69.5","64","frame_0662.png","unclassified orange sprite pixels"
"662","20845","87","4","2","72","73","63","63","72.5","63","frame_0662.png","unclassified orange sprite pixels"
"662","20845","87","5","4","96","97","66","68","96.5","67","frame_0662.png","unclassified orange sprite pixels"
"662","20845","87","6","2","99","100","66","66","99.5","66","frame_0662.png","unclassified orange sprite pixels"
"662","20845","87","7","4","42","43","67","69","42.5","68","frame_0662.png","unclassified orange sprite pixels"
"662","20845","87","8","2","45","46","67","67","45.5","67","frame_0662.png","unclassified orange sprite pixels"
"662","20845","87","9","2","76","77","68","68","76.5","68","frame_0662.png","unclassified orange sprite pixels"
"662","20845","87","10","2","103","104","71","71","103.5","71","frame_0662.png","unclassified orange sprite pixels"
"662","20845","87","11","10","118","127","71","73","122.5","72","frame_0662.png","unclassified orange sprite pixels"
"662","20845","87","12","2","49","50","72","72","49.5","72","frame_0662.png","unclassified orange sprite pixels"
"662","20845","87","13","4","124","125","76","78","124.5","77","frame_0662.png","unclassified orange sprite pixels"
"662","20845","87","14","2","127","128","76","76","127.5","76","frame_0662.png","unclassified orange sprite pixels"
"662","20845","87","15","2","131","132","81","81","131.5","81","frame_0662.png","unclassified orange sprite pixels"
"664","20847","88","0","10","76","85","61","63","80.5","62","frame_0664.png","unclassified orange sprite pixels"
"664","20847","88","1","4","71","72","63","65","71.5","64","frame_0664.png","unclassified orange sprite pixels"
"664","20847","88","2","2","74","75","63","63","74.5","63","frame_0664.png","unclassified orange sprite pixels"
"664","20847","88","3","10","49","58","64","66","53.5","65","frame_0664.png","unclassified orange sprite pixels"
"664","20847","88","4","10","104","113","64","66","108.5","65","frame_0664.png","unclassified orange sprite pixels"
"664","20847","88","5","4","44","45","66","68","44.5","67","frame_0664.png","unclassified orange sprite pixels"
"664","20847","88","6","2","47","48","66","66","47.5","66","frame_0664.png","unclassified orange sprite pixels"
"664","20847","88","7","4","99","100","66","68","99.5","67","frame_0664.png","unclassified orange sprite pixels"
"664","20847","88","8","2","102","103","66","66","102.5","66","frame_0664.png","unclassified orange sprite pixels"
"664","20847","88","9","2","78","79","68","68","78.5","68","frame_0664.png","unclassified orange sprite pixels"
"664","20847","88","10","2","51","52","71","71","51.5","71","frame_0664.png","unclassified orange sprite pixels"
"664","20847","88","11","2","106","107","71","71","106.5","71","frame_0664.png","unclassified orange sprite pixels"
"664","20847","88","12","10","131","140","75","77","135.5","76","frame_0664.png","unclassified orange sprite pixels"
"664","20847","88","13","4","126","127","77","79","126.5","78","frame_0664.png","unclassified orange sprite pixels"
"664","20847","88","14","2","129","130","77","77","129.5","77","frame_0664.png","unclassified orange sprite pixels"
"664","20847","88","15","2","133","134","82","82","133.5","82","frame_0664.png","unclassified orange sprite pixels"
"666","20849","89","0","10","68","77","58","60","72.5","59","frame_0666.png","unclassified orange sprite pixels"
"666","20849","89","1","10","40","49","60","62","44.5","61","frame_0666.png","unclassified orange sprite pixels"
"666","20849","89","2","10","95","104","62","64","99.5","63","frame_0666.png","unclassified orange sprite pixels"
"666","20849","89","3","4","74","75","63","65","74.5","64","frame_0666.png","unclassified orange sprite pixels"
"666","20849","89","4","2","77","78","63","63","77.5","63","frame_0666.png","unclassified orange sprite pixels"
"666","20849","89","5","4","46","47","65","67","46.5","66","frame_0666.png","unclassified orange sprite pixels"
"666","20849","89","6","2","49","50","65","65","49.5","65","frame_0666.png","unclassified orange sprite pixels"
"666","20849","89","7","4","101","102","67","69","101.5","68","frame_0666.png","unclassified orange sprite pixels"
"666","20849","89","8","2","104","105","67","67","104.5","67","frame_0666.png","unclassified orange sprite pixels"
"666","20849","89","9","2","81","82","68","68","81.5","68","frame_0666.png","unclassified orange sprite pixels"
"666","20849","89","10","2","53","54","70","70","53.5","70","frame_0666.png","unclassified orange sprite pixels"
"666","20849","89","11","2","108","109","72","72","108.5","72","frame_0666.png","unclassified orange sprite pixels"
"666","20849","89","12","10","123","132","74","76","127.5","75","frame_0666.png","unclassified orange sprite pixels"
"666","20849","89","13","4","129","130","79","81","129.5","80","frame_0666.png","unclassified orange sprite pixels"
"666","20849","89","14","2","132","133","79","79","132.5","79","frame_0666.png","unclassified orange sprite pixels"
"666","20849","89","15","2","136","137","84","84","136.5","84","frame_0666.png","unclassified orange sprite pixels"
"668","20851","90","0","10","81","90","61","63","85.5","62","frame_0668.png","unclassified orange sprite pixels"
"668","20851","90","1","10","53","62","62","64","57.5","63","frame_0668.png","unclassified orange sprite pixels"
"668","20851","90","2","4","76","77","63","65","76.5","64","frame_0668.png","unclassified orange sprite pixels"
"668","20851","90","3","2","79","80","63","63","79.5","63","frame_0668.png","unclassified orange sprite pixels"
"668","20851","90","4","4","48","49","64","66","48.5","65","frame_0668.png","unclassified orange sprite pixels"
"668","20851","90","5","2","51","52","64","64","51.5","64","frame_0668.png","unclassified orange sprite pixels"
"668","20851","90","6","10","109","118","66","68","113.5","67","frame_0668.png","unclassified orange sprite pixels"
"668","20851","90","7","2","83","84","68","68","83.5","68","frame_0668.png","unclassified orange sprite pixels"
"668","20851","90","8","4","104","105","68","70","104.5","69","frame_0668.png","unclassified orange sprite pixels"
"668","20851","90","9","2","107","108","68","68","107.5","68","frame_0668.png","unclassified orange sprite pixels"
"668","20851","90","10","2","55","56","69","69","55.5","69","frame_0668.png","unclassified orange sprite pixels"
"668","20851","90","11","2","111","112","73","73","111.5","73","frame_0668.png","unclassified orange sprite pixels"
"668","20851","90","12","10","136","145","78","80","140.5","79","frame_0668.png","unclassified orange sprite pixels"
"668","20851","90","13","4","131","132","80","82","131.5","81","frame_0668.png","unclassified orange sprite pixels"
"668","20851","90","14","2","134","135","80","80","134.5","80","frame_0668.png","unclassified orange sprite pixels"
"668","20851","90","15","2","138","139","85","85","138.5","85","frame_0668.png","unclassified orange sprite pixels"
"670","20853","91","0","10","73","82","58","60","77.5","59","frame_0670.png","unclassified orange sprite pixels"
"670","20853","91","1","10","44","53","59","61","48.5","60","frame_0670.png","unclassified orange sprite pixels"
"670","20853","91","2","4","79","80","63","65","79.5","64","frame_0670.png","unclassified orange sprite pixels"
"670","20853","91","3","2","82","83","63","63","82.5","63","frame_0670.png","unclassified orange sprite pixels"
"670","20853","91","4","4","50","51","64","66","50.5","65","frame_0670.png","unclassified orange sprite pixels"
"670","20853","91","5","2","53","54","64","64","53.5","64","frame_0670.png","unclassified orange sprite pixels"
"670","20853","91","6","10","100","109","64","66","104.5","65","frame_0670.png","unclassified orange sprite pixels"
"670","20853","91","7","2","86","87","68","68","86.5","68","frame_0670.png","unclassified orange sprite pixels"
"670","20853","91","8","2","57","58","69","69","57.5","69","frame_0670.png","unclassified orange sprite pixels"
"670","20853","91","9","4","106","107","69","71","106.5","70","frame_0670.png","unclassified orange sprite pixels"
"670","20853","91","10","2","109","110","69","69","109.5","69","frame_0670.png","unclassified orange sprite pixels"
"670","20853","91","11","2","113","114","74","74","113.5","74","frame_0670.png","unclassified orange sprite pixels"
"670","20853","91","12","10","128","137","76","78","132.5","77","frame_0670.png","unclassified orange sprite pixels"
"670","20853","91","13","4","134","135","81","83","134.5","82","frame_0670.png","unclassified orange sprite pixels"
"670","20853","91","14","2","137","138","81","81","137.5","81","frame_0670.png","unclassified orange sprite pixels"
"670","20853","91","15","2","141","142","86","86","141.5","86","frame_0670.png","unclassified orange sprite pixels"
"672","20855","92","0","10","57","66","61","63","61.5","62","frame_0672.png","unclassified orange sprite pixels"
"672","20855","92","1","11","86","96","61","63","91","62","frame_0672.png","unclassified orange sprite pixels"
"672","20855","92","2","4","52","53","63","65","52.5","64","frame_0672.png","unclassified orange sprite pixels"
"672","20855","92","3","2","55","56","63","63","55.5","63","frame_0672.png","unclassified orange sprite pixels"
"672","20855","92","4","4","81","82","63","65","81.5","64","frame_0672.png","unclassified orange sprite pixels"
"672","20855","92","5","2","84","85","63","63","84.5","63","frame_0672.png","unclassified orange sprite pixels"
"672","20855","92","6","10","114","123","67","69","118.5","68","frame_0672.png","unclassified orange sprite pixels"
"672","20855","92","7","2","59","60","68","68","59.5","68","frame_0672.png","unclassified orange sprite pixels"
"672","20855","92","8","2","88","89","68","68","88.5","68","frame_0672.png","unclassified orange sprite pixels"
"672","20855","92","9","4","109","110","69","71","109.5","70","frame_0672.png","unclassified orange sprite pixels"
"672","20855","92","10","2","112","113","69","69","112.5","69","frame_0672.png","unclassified orange sprite pixels"
"672","20855","92","11","2","116","117","74","74","116.5","74","frame_0672.png","unclassified orange sprite pixels"
"672","20855","92","12","10","142","151","80","82","146.5","81","frame_0672.png","unclassified orange sprite pixels"
"672","20855","92","13","4","137","138","82","84","137.5","83","frame_0672.png","unclassified orange sprite pixels"
"672","20855","92","14","2","140","141","82","82","140.5","82","frame_0672.png","unclassified orange sprite pixels"
"672","20855","92","15","2","144","145","87","87","144.5","87","frame_0672.png","unclassified orange sprite pixels"
"674","20857","93","0","10","49","58","58","60","53.5","59","frame_0674.png","unclassified orange sprite pixels"
"674","20857","93","1","10","78","87","59","61","82.5","60","frame_0674.png","unclassified orange sprite pixels"
"674","20857","93","2","4","55","56","63","65","55.5","64","frame_0674.png","unclassified orange sprite pixels"
"674","20857","93","3","2","58","59","63","63","58.5","63","frame_0674.png","unclassified orange sprite pixels"
"674","20857","93","4","4","84","85","64","66","84.5","65","frame_0674.png","unclassified orange sprite pixels"
"674","20857","93","5","2","87","88","64","64","87.5","64","frame_0674.png","unclassified orange sprite pixels"
"674","20857","93","6","10","105","114","65","67","109.5","66","frame_0674.png","unclassified orange sprite pixels"
"674","20857","93","7","2","62","63","68","68","62.5","68","frame_0674.png","unclassified orange sprite pixels"
"674","20857","93","8","2","91","92","69","69","91.5","69","frame_0674.png","unclassified orange sprite pixels"
"674","20857","93","9","4","111","112","70","72","111.5","71","frame_0674.png","unclassified orange sprite pixels"
"674","20857","93","10","2","114","115","70","70","114.5","70","frame_0674.png","unclassified orange sprite pixels"
"674","20857","93","11","2","118","119","75","75","118.5","75","frame_0674.png","unclassified orange sprite pixels"
"674","20857","93","12","10","133","142","79","81","137.5","80","frame_0674.png","unclassified orange sprite pixels"
"674","20857","93","13","4","139","140","84","86","139.5","85","frame_0674.png","unclassified orange sprite pixels"
"674","20857","93","14","2","142","143","84","84","142.5","84","frame_0674.png","unclassified orange sprite pixels"
"674","20857","93","15","2","146","147","89","89","146.5","89","frame_0674.png","unclassified orange sprite pixels"
"676","20859","94","0","10","62","71","61","63","66.5","62","frame_0676.png","unclassified orange sprite pixels"
"676","20859","94","1","11","91","101","62","64","96","63","frame_0676.png","unclassified orange sprite pixels"
"676","20859","94","2","4","57","58","63","65","57.5","64","frame_0676.png","unclassified orange sprite pixels"
"676","20859","94","3","2","60","61","63","63","60.5","63","frame_0676.png","unclassified orange sprite pixels"
"676","20859","94","4","4","86","87","64","66","86.5","65","frame_0676.png","unclassified orange sprite pixels"
"676","20859","94","5","2","89","90","64","64","89.5","64","frame_0676.png","unclassified orange sprite pixels"
"676","20859","94","6","2","64","65","68","68","64.5","68","frame_0676.png","unclassified orange sprite pixels"
"676","20859","94","7","2","93","94","69","69","93.5","69","frame_0676.png","unclassified orange sprite pixels"
"676","20859","94","8","10","119","128","69","71","123.5","70","frame_0676.png","unclassified orange sprite pixels"
"676","20859","94","9","4","114","115","71","73","114.5","72","frame_0676.png","unclassified orange sprite pixels"
"676","20859","94","10","2","117","118","71","71","117.5","71","frame_0676.png","unclassified orange sprite pixels"
"676","20859","94","11","2","121","122","76","76","121.5","76","frame_0676.png","unclassified orange sprite pixels"
"676","20859","94","12","10","147","156","83","85","151.5","84","frame_0676.png","unclassified orange sprite pixels"
"676","20859","94","13","4","142","143","85","87","142.5","86","frame_0676.png","unclassified orange sprite pixels"
"676","20859","94","14","2","145","146","85","85","145.5","85","frame_0676.png","unclassified orange sprite pixels"
"676","20859","94","15","2","149","150","90","90","149.5","90","frame_0676.png","unclassified orange sprite pixels"
"678","20861","95","0","10","54","63","58","60","58.5","59","frame_0678.png","unclassified orange sprite pixels"
"678","20861","95","1","10","83","92","59","61","87.5","60","frame_0678.png","unclassified orange sprite pixels"
"678","20861","95","2","4","60","61","63","65","60.5","64","frame_0678.png","unclassified orange sprite pixels"
"678","20861","95","3","2","63","64","63","63","63.5","63","frame_0678.png","unclassified orange sprite pixels"
"678","20861","95","4","4","89","90","64","66","89.5","65","frame_0678.png","unclassified orange sprite pixels"
"678","20861","95","5","2","92","93","64","64","92.5","64","frame_0678.png","unclassified orange sprite pixels"
"678","20861","95","6","10","110","119","67","69","114.5","68","frame_0678.png","unclassified orange sprite pixels"
"678","20861","95","7","2","67","68","68","68","67.5","68","frame_0678.png","unclassified orange sprite pixels"
"678","20861","95","8","2","96","97","69","69","96.5","69","frame_0678.png","unclassified orange sprite pixels"
"678","20861","95","9","4","116","117","72","74","116.5","73","frame_0678.png","unclassified orange sprite pixels"
"678","20861","95","10","2","119","120","72","72","119.5","72","frame_0678.png","unclassified orange sprite pixels"
"678","20861","95","11","2","123","124","77","77","123.5","77","frame_0678.png","unclassified orange sprite pixels"
"678","20861","95","12","10","139","148","81","83","143.5","82","frame_0678.png","unclassified orange sprite pixels"
"678","20861","95","13","4","145","146","86","88","145.5","87","frame_0678.png","unclassified orange sprite pixels"
"678","20861","95","14","2","148","149","86","86","148.5","86","frame_0678.png","unclassified orange sprite pixels"
"678","20861","95","15","2","152","153","91","91","152.5","91","frame_0678.png","unclassified orange sprite pixels"
"680","20863","96","0","10","67","76","61","63","71.5","62","frame_0680.png","unclassified orange sprite pixels"
"680","20863","96","1","4","62","63","63","65","62.5","64","frame_0680.png","unclassified orange sprite pixels"
"680","20863","96","2","2","65","66","63","63","65.5","63","frame_0680.png","unclassified orange sprite pixels"
"680","20863","96","3","11","96","106","63","66","101","64.5","frame_0680.png","unclassified orange sprite pixels"
"680","20863","96","4","4","91","92","65","67","91.5","66","frame_0680.png","unclassified orange sprite pixels"
"680","20863","96","5","2","94","95","65","65","94.5","65","frame_0680.png","unclassified orange sprite pixels"
"680","20863","96","6","2","69","70","68","68","69.5","68","frame_0680.png","unclassified orange sprite pixels"
"680","20863","96","7","2","98","99","70","70","98.5","70","frame_0680.png","unclassified orange sprite pixels"
"680","20863","96","8","10","124","133","71","73","128.5","72","frame_0680.png","unclassified orange sprite pixels"
"680","20863","96","9","4","119","120","73","75","119.5","74","frame_0680.png","unclassified orange sprite pixels"
"680","20863","96","10","2","122","123","73","73","122.5","73","frame_0680.png","unclassified orange sprite pixels"
"680","20863","96","11","2","126","127","78","78","126.5","78","frame_0680.png","unclassified orange sprite pixels"
"680","20863","96","12","10","153","162","85","87","157.5","86","frame_0680.png","unclassified orange sprite pixels"
"680","20863","96","13","4","148","149","87","89","148.5","88","frame_0680.png","unclassified orange sprite pixels"
"680","20863","96","14","2","151","152","87","87","151.5","87","frame_0680.png","unclassified orange sprite pixels"
"680","20863","96","15","2","155","156","92","92","155.5","92","frame_0680.png","unclassified orange sprite pixels"
"682","20865","97","0","10","59","68","58","60","63.5","59","frame_0682.png","unclassified orange sprite pixels"
"682","20865","97","1","10","88","97","60","62","92.5","61","frame_0682.png","unclassified orange sprite pixels"
"682","20865","97","2","4","65","66","63","65","65.5","64","frame_0682.png","unclassified orange sprite pixels"
"682","20865","97","3","2","68","69","63","63","68.5","63","frame_0682.png","unclassified orange sprite pixels"
"682","20865","97","4","4","94","95","65","67","94.5","66","frame_0682.png","unclassified orange sprite pixels"
"682","20865","97","5","2","97","98","65","65","97.5","65","frame_0682.png","unclassified orange sprite pixels"
"682","20865","97","6","2","72","73","68","68","72.5","68","frame_0682.png","unclassified orange sprite pixels"
"682","20865","97","7","2","101","102","70","70","101.5","70","frame_0682.png","unclassified orange sprite pixels"
"682","20865","97","8","10","115","124","70","72","119.5","71","frame_0682.png","unclassified orange sprite pixels"
"682","20865","97","9","4","121","122","75","77","121.5","76","frame_0682.png","unclassified orange sprite pixels"
"682","20865","97","10","2","124","125","75","75","124.5","75","frame_0682.png","unclassified orange sprite pixels"
"682","20865","97","11","2","128","129","80","80","128.5","80","frame_0682.png","unclassified orange sprite pixels"
"682","20865","97","12","10","145","154","83","85","149.5","84","frame_0682.png","unclassified orange sprite pixels"
"682","20865","97","13","4","151","152","88","90","151.5","89","frame_0682.png","unclassified orange sprite pixels"
"682","20865","97","14","2","154","155","88","88","154.5","88","frame_0682.png","unclassified orange sprite pixels"
"682","20865","97","15","2","158","159","93","93","158.5","93","frame_0682.png","unclassified orange sprite pixels"
"684","20867","98","0","10","72","81","61","63","76.5","62","frame_0684.png","unclassified orange sprite pixels"
"684","20867","98","1","4","67","68","63","65","67.5","64","frame_0684.png","unclassified orange sprite pixels"
"684","20867","98","2","2","70","71","63","63","70.5","63","frame_0684.png","unclassified orange sprite pixels"
"684","20867","98","3","10","101","110","64","66","105.5","65","frame_0684.png","unclassified orange sprite pixels"
"684","20867","98","4","4","96","97","66","68","96.5","67","frame_0684.png","unclassified orange sprite pixels"
"684","20867","98","5","2","99","100","66","66","99.5","66","frame_0684.png","unclassified orange sprite pixels"
"684","20867","98","6","2","74","75","68","68","74.5","68","frame_0684.png","unclassified orange sprite pixels"
"684","20867","98","7","2","103","104","71","71","103.5","71","frame_0684.png","unclassified orange sprite pixels"
"684","20867","98","8","10","129","138","74","76","133.5","75","frame_0684.png","unclassified orange sprite pixels"
"684","20867","98","9","4","124","125","76","78","124.5","77","frame_0684.png","unclassified orange sprite pixels"
"684","20867","98","10","2","127","128","76","76","127.5","76","frame_0684.png","unclassified orange sprite pixels"
"684","20867","98","11","2","131","132","81","81","131.5","81","frame_0684.png","unclassified orange sprite pixels"
"684","20867","98","12","10","159","168","87","89","163.5","88","frame_0684.png","unclassified orange sprite pixels"
"684","20867","98","13","4","154","155","89","91","154.5","90","frame_0684.png","unclassified orange sprite pixels"
"684","20867","98","14","2","157","158","89","89","157.5","89","frame_0684.png","unclassified orange sprite pixels"
"684","20867","98","15","2","161","162","94","94","161.5","94","frame_0684.png","unclassified orange sprite pixels"
"686","20869","99","0","10","64","73","58","60","68.5","59","frame_0686.png","unclassified orange sprite pixels"
"686","20869","99","1","10","93","102","61","63","97.5","62","frame_0686.png","unclassified orange sprite pixels"
"686","20869","99","2","4","70","71","63","65","70.5","64","frame_0686.png","unclassified orange sprite pixels"
"686","20869","99","3","2","73","74","63","63","73.5","63","frame_0686.png","unclassified orange sprite pixels"
"686","20869","99","4","4","99","100","66","68","99.5","67","frame_0686.png","unclassified orange sprite pixels"
"686","20869","99","5","2","102","103","66","66","102.5","66","frame_0686.png","unclassified orange sprite pixels"
"686","20869","99","6","2","77","78","68","68","77.5","68","frame_0686.png","unclassified orange sprite pixels"
"686","20869","99","7","2","106","107","71","71","106.5","71","frame_0686.png","unclassified orange sprite pixels"
"686","20869","99","8","10","120","129","72","74","124.5","73","frame_0686.png","unclassified orange sprite pixels"
"686","20869","99","9","4","126","127","77","79","126.5","78","frame_0686.png","unclassified orange sprite pixels"
"686","20869","99","10","2","129","130","77","77","129.5","77","frame_0686.png","unclassified orange sprite pixels"
"686","20869","99","11","2","133","134","82","82","133.5","82","frame_0686.png","unclassified orange sprite pixels"
"686","20869","99","12","10","151","160","85","87","155.5","86","frame_0686.png","unclassified orange sprite pixels"
"686","20869","99","13","4","157","158","90","92","157.5","91","frame_0686.png","unclassified orange sprite pixels"
"686","20869","99","14","2","160","161","90","90","160.5","90","frame_0686.png","unclassified orange sprite pixels"
"686","20869","99","15","2","164","165","95","95","164.5","95","frame_0686.png","unclassified orange sprite pixels"
"688","20871","100","0","10","77","86","61","63","81.5","62","frame_0688.png","unclassified orange sprite pixels"
"688","20871","100","1","4","72","73","63","65","72.5","64","frame_0688.png","unclassified orange sprite pixels"
"688","20871","100","2","2","75","76","63","63","75.5","63","frame_0688.png","unclassified orange sprite pixels"
"688","20871","100","3","10","106","115","65","67","110.5","66","frame_0688.png","unclassified orange sprite pixels"
"688","20871","100","4","4","101","102","67","69","101.5","68","frame_0688.png","unclassified orange sprite pixels"
"688","20871","100","5","2","104","105","67","67","104.5","67","frame_0688.png","unclassified orange sprite pixels"
"688","20871","100","6","2","79","80","68","68","79.5","68","frame_0688.png","unclassified orange sprite pixels"
"688","20871","100","7","2","108","109","72","72","108.5","72","frame_0688.png","unclassified orange sprite pixels"
"688","20871","100","8","10","134","143","77","79","138.5","78","frame_0688.png","unclassified orange sprite pixels"
"688","20871","100","9","4","129","130","79","81","129.5","80","frame_0688.png","unclassified orange sprite pixels"
"688","20871","100","10","2","132","133","79","79","132.5","79","frame_0688.png","unclassified orange sprite pixels"
"688","20871","100","11","2","136","137","84","84","136.5","84","frame_0688.png","unclassified orange sprite pixels"
"688","20871","100","12","10","165","174","89","91","169.5","90","frame_0688.png","unclassified orange sprite pixels"
"688","20871","100","13","4","160","161","91","93","160.5","92","frame_0688.png","unclassified orange sprite pixels"
"688","20871","100","14","2","163","164","91","91","163.5","91","frame_0688.png","unclassified orange sprite pixels"
"688","20871","100","15","2","167","168","96","96","167.5","96","frame_0688.png","unclassified orange sprite pixels"
"690","20873","101","0","10","69","78","58","60","73.5","59","frame_0690.png","unclassified orange sprite pixels"
"690","20873","101","1","4","75","76","63","65","75.5","64","frame_0690.png","unclassified orange sprite pixels"
"690","20873","101","2","2","78","79","63","63","78.5","63","frame_0690.png","unclassified orange sprite pixels"
"690","20873","101","3","10","98","107","63","65","102.5","64","frame_0690.png","unclassified orange sprite pixels"
"690","20873","101","4","2","82","83","68","68","82.5","68","frame_0690.png","unclassified orange sprite pixels"
"690","20873","101","5","4","104","105","68","70","104.5","69","frame_0690.png","unclassified orange sprite pixels"
"690","20873","101","6","2","107","108","68","68","107.5","68","frame_0690.png","unclassified orange sprite pixels"
"690","20873","101","7","2","111","112","73","73","111.5","73","frame_0690.png","unclassified orange sprite pixels"
"690","20873","101","8","10","125","134","75","77","129.5","76","frame_0690.png","unclassified orange sprite pixels"
"690","20873","101","9","4","131","132","80","82","131.5","81","frame_0690.png","unclassified orange sprite pixels"
"690","20873","101","10","2","134","135","80","80","134.5","80","frame_0690.png","unclassified orange sprite pixels"
"690","20873","101","11","2","138","139","85","85","138.5","85","frame_0690.png","unclassified orange sprite pixels"
"690","20873","101","12","10","157","166","87","89","161.5","88","frame_0690.png","unclassified orange sprite pixels"
"690","20873","101","13","4","163","164","92","94","163.5","93","frame_0690.png","unclassified orange sprite pixels"
"690","20873","101","14","2","166","167","92","92","166.5","92","frame_0690.png","unclassified orange sprite pixels"
"690","20873","101","15","2","170","171","97","97","170.5","97","frame_0690.png","unclassified orange sprite pixels"
"692","20875","102","0","10","82","91","61","63","86.5","62","frame_0692.png","unclassified orange sprite pixels"
"692","20875","102","1","4","77","78","63","65","77.5","64","frame_0692.png","unclassified orange sprite pixels"
"692","20875","102","2","2","80","81","63","63","80.5","63","frame_0692.png","unclassified orange sprite pixels"
"692","20875","102","3","10","111","120","67","69","115.5","68","frame_0692.png","unclassified orange sprite pixels"
"692","20875","102","4","2","84","85","68","68","84.5","68","frame_0692.png","unclassified orange sprite pixels"
"692","20875","102","5","4","106","107","69","71","106.5","70","frame_0692.png","unclassified orange sprite pixels"
"692","20875","102","6","2","109","110","69","69","109.5","69","frame_0692.png","unclassified orange sprite pixels"
"692","20875","102","7","2","113","114","74","74","113.5","74","frame_0692.png","unclassified orange sprite pixels"
"692","20875","102","8","10","139","148","79","81","143.5","80","frame_0692.png","unclassified orange sprite pixels"
"692","20875","102","9","4","134","135","81","83","134.5","82","frame_0692.png","unclassified orange sprite pixels"
"692","20875","102","10","2","137","138","81","81","137.5","81","frame_0692.png","unclassified orange sprite pixels"
"692","20875","102","11","2","141","142","86","86","141.5","86","frame_0692.png","unclassified orange sprite pixels"
"692","20875","102","12","10","171","180","90","92","175.5","91","frame_0692.png","unclassified orange sprite pixels"
"692","20875","102","13","4","166","167","92","94","166.5","93","frame_0692.png","unclassified orange sprite pixels"
"692","20875","102","14","2","169","170","92","92","169.5","92","frame_0692.png","unclassified orange sprite pixels"
"692","20875","102","15","2","173","174","97","97","173.5","97","frame_0692.png","unclassified orange sprite pixels"
"694","20877","103","0","10","74","83","58","60","78.5","59","frame_0694.png","unclassified orange sprite pixels"
"694","20877","103","1","4","80","81","63","65","80.5","64","frame_0694.png","unclassified orange sprite pixels"
"694","20877","103","2","2","83","84","63","63","83.5","63","frame_0694.png","unclassified orange sprite pixels"
"694","20877","103","3","10","103","112","64","66","107.5","65","frame_0694.png","unclassified orange sprite pixels"
"694","20877","103","4","2","87","88","68","68","87.5","68","frame_0694.png","unclassified orange sprite pixels"
"694","20877","103","5","4","109","110","69","71","109.5","70","frame_0694.png","unclassified orange sprite pixels"
"694","20877","103","6","2","112","113","69","69","112.5","69","frame_0694.png","unclassified orange sprite pixels"
"694","20877","103","7","2","116","117","74","74","116.5","74","frame_0694.png","unclassified orange sprite pixels"
"694","20877","103","8","10","131","140","77","79","135.5","78","frame_0694.png","unclassified orange sprite pixels"
"694","20877","103","9","4","137","138","82","84","137.5","83","frame_0694.png","unclassified orange sprite pixels"
"694","20877","103","10","2","140","141","82","82","140.5","82","frame_0694.png","unclassified orange sprite pixels"
"694","20877","103","11","2","144","145","87","87","144.5","87","frame_0694.png","unclassified orange sprite pixels"
"694","20877","103","12","10","163","172","88","90","167.5","89","frame_0694.png","unclassified orange sprite pixels"
"694","20877","103","13","4","169","170","93","95","169.5","94","frame_0694.png","unclassified orange sprite pixels"
"694","20877","103","14","2","172","173","93","93","172.5","93","frame_0694.png","unclassified orange sprite pixels"
"694","20877","103","15","2","176","177","98","98","176.5","98","frame_0694.png","unclassified orange sprite pixels"
"696","20879","104","0","10","87","96","61","63","91.5","62","frame_0696.png","unclassified orange sprite pixels"
"696","20879","104","1","4","82","83","63","65","82.5","64","frame_0696.png","unclassified orange sprite pixels"
"696","20879","104","2","2","85","86","63","63","85.5","63","frame_0696.png","unclassified orange sprite pixels"
"696","20879","104","3","2","89","90","68","68","89.5","68","frame_0696.png","unclassified orange sprite pixels"
"696","20879","104","4","10","116","125","68","70","120.5","69","frame_0696.png","unclassified orange sprite pixels"
"696","20879","104","5","4","111","112","70","72","111.5","71","frame_0696.png","unclassified orange sprite pixels"
"696","20879","104","6","2","114","115","70","70","114.5","70","frame_0696.png","unclassified orange sprite pixels"
"696","20879","104","7","2","118","119","75","75","118.5","75","frame_0696.png","unclassified orange sprite pixels"
"696","20879","104","8","10","144","153","82","84","148.5","83","frame_0696.png","unclassified orange sprite pixels"
"696","20879","104","9","4","139","140","84","86","139.5","85","frame_0696.png","unclassified orange sprite pixels"
"696","20879","104","10","2","142","143","84","84","142.5","84","frame_0696.png","unclassified orange sprite pixels"
"696","20879","104","11","2","146","147","89","89","146.5","89","frame_0696.png","unclassified orange sprite pixels"
"696","20879","104","12","10","177","186","92","94","181.5","93","frame_0696.png","unclassified orange sprite pixels"
"696","20879","104","13","4","172","173","94","96","172.5","95","frame_0696.png","unclassified orange sprite pixels"
"696","20879","104","14","2","175","176","94","94","175.5","94","frame_0696.png","unclassified orange sprite pixels"
"696","20879","104","15","2","179","180","99","99","179.5","99","frame_0696.png","unclassified orange sprite pixels"
"698","20881","105","0","10","79","88","59","61","83.5","60","frame_0698.png","unclassified orange sprite pixels"
"698","20881","105","1","4","85","86","64","66","85.5","65","frame_0698.png","unclassified orange sprite pixels"
"698","20881","105","2","2","88","89","64","64","88.5","64","frame_0698.png","unclassified orange sprite pixels"
"698","20881","105","3","10","108","117","66","68","112.5","67","frame_0698.png","unclassified orange sprite pixels"
"698","20881","105","4","2","92","93","69","69","92.5","69","frame_0698.png","unclassified orange sprite pixels"
"698","20881","105","5","4","114","115","71","73","114.5","72","frame_0698.png","unclassified orange sprite pixels"
"698","20881","105","6","2","117","118","71","71","117.5","71","frame_0698.png","unclassified orange sprite pixels"
"698","20881","105","7","2","121","122","76","76","121.5","76","frame_0698.png","unclassified orange sprite pixels"
"698","20881","105","8","10","136","145","80","82","140.5","81","frame_0698.png","unclassified orange sprite pixels"
"698","20881","105","9","4","142","143","85","87","142.5","86","frame_0698.png","unclassified orange sprite pixels"
"698","20881","105","10","2","145","146","85","85","145.5","85","frame_0698.png","unclassified orange sprite pixels"
"698","20881","105","11","2","149","150","90","90","149.5","90","frame_0698.png","unclassified orange sprite pixels"
"698","20881","105","12","10","169","178","90","92","173.5","91","frame_0698.png","unclassified orange sprite pixels"
"698","20881","105","13","4","175","176","95","97","175.5","96","frame_0698.png","unclassified orange sprite pixels"
"698","20881","105","14","2","178","179","95","95","178.5","95","frame_0698.png","unclassified orange sprite pixels"
"698","20881","105","15","2","182","183","100","100","182.5","100","frame_0698.png","unclassified orange sprite pixels"
"700","20883","106","0","10","92","101","62","64","96.5","63","frame_0700.png","unclassified orange sprite pixels"
"700","20883","106","1","4","87","88","64","66","87.5","65","frame_0700.png","unclassified orange sprite pixels"
"700","20883","106","2","2","90","91","64","64","90.5","64","frame_0700.png","unclassified orange sprite pixels"
"700","20883","106","3","2","94","95","69","69","94.5","69","frame_0700.png","unclassified orange sprite pixels"
"700","20883","106","4","10","121","130","70","72","125.5","71","frame_0700.png","unclassified orange sprite pixels"
"700","20883","106","5","4","116","117","72","74","116.5","73","frame_0700.png","unclassified orange sprite pixels"
"700","20883","106","6","2","119","120","72","72","119.5","72","frame_0700.png","unclassified orange sprite pixels"
"700","20883","106","7","2","123","124","77","77","123.5","77","frame_0700.png","unclassified orange sprite pixels"
"700","20883","106","8","10","150","159","84","86","154.5","85","frame_0700.png","unclassified orange sprite pixels"
"700","20883","106","9","4","145","146","86","88","145.5","87","frame_0700.png","unclassified orange sprite pixels"
"700","20883","106","10","2","148","149","86","86","148.5","86","frame_0700.png","unclassified orange sprite pixels"
"700","20883","106","11","2","152","153","91","91","152.5","91","frame_0700.png","unclassified orange sprite pixels"
"700","20883","106","12","10","184","193","93","95","188.5","94","frame_0700.png","unclassified orange sprite pixels"
"700","20883","106","13","4","179","180","95","97","179.5","96","frame_0700.png","unclassified orange sprite pixels"
"700","20883","106","14","2","182","183","95","95","182.5","95","frame_0700.png","unclassified orange sprite pixels"
"700","20883","106","15","2","186","187","100","100","186.5","100","frame_0700.png","unclassified orange sprite pixels"
"702","20885","107","0","10","84","93","59","61","88.5","60","frame_0702.png","unclassified orange sprite pixels"
"702","20885","107","1","4","90","91","64","66","90.5","65","frame_0702.png","unclassified orange sprite pixels"
"702","20885","107","2","2","93","94","64","64","93.5","64","frame_0702.png","unclassified orange sprite pixels"
"702","20885","107","3","10","113","122","68","70","117.5","69","frame_0702.png","unclassified orange sprite pixels"
"702","20885","107","4","2","97","98","69","69","97.5","69","frame_0702.png","unclassified orange sprite pixels"
"702","20885","107","5","4","119","120","73","75","119.5","74","frame_0702.png","unclassified orange sprite pixels"
"702","20885","107","6","2","122","123","73","73","122.5","73","frame_0702.png","unclassified orange sprite pixels"
"702","20885","107","7","2","126","127","78","78","126.5","78","frame_0702.png","unclassified orange sprite pixels"
"702","20885","107","8","10","142","151","82","84","146.5","83","frame_0702.png","unclassified orange sprite pixels"
"702","20885","107","9","4","148","149","87","89","148.5","88","frame_0702.png","unclassified orange sprite pixels"
"702","20885","107","10","2","151","152","87","87","151.5","87","frame_0702.png","unclassified orange sprite pixels"
"702","20885","107","11","10","176","185","91","93","180.5","92","frame_0702.png","unclassified orange sprite pixels"
"702","20885","107","12","2","155","156","92","92","155.5","92","frame_0702.png","unclassified orange sprite pixels"
"702","20885","107","13","4","182","183","96","98","182.5","97","frame_0702.png","unclassified orange sprite pixels"
"702","20885","107","14","2","185","186","96","96","185.5","96","frame_0702.png","unclassified orange sprite pixels"
"702","20885","107","15","2","189","190","101","101","189.5","101","frame_0702.png","unclassified orange sprite pixels"
"704","20887","108","0","10","97","106","63","65","101.5","64","frame_0704.png","unclassified orange sprite pixels"
"704","20887","108","1","4","92","93","65","67","92.5","66","frame_0704.png","unclassified orange sprite pixels"
"704","20887","108","2","2","95","96","65","65","95.5","65","frame_0704.png","unclassified orange sprite pixels"
"704","20887","108","3","2","99","100","70","70","99.5","70","frame_0704.png","unclassified orange sprite pixels"
"704","20887","108","4","10","126","135","73","75","130.5","74","frame_0704.png","unclassified orange sprite pixels"
"704","20887","108","5","4","121","122","75","77","121.5","76","frame_0704.png","unclassified orange sprite pixels"
"704","20887","108","6","2","124","125","75","75","124.5","75","frame_0704.png","unclassified orange sprite pixels"
"704","20887","108","7","2","128","129","80","80","128.5","80","frame_0704.png","unclassified orange sprite pixels"
"704","20887","108","8","10","156","165","86","88","160.5","87","frame_0704.png","unclassified orange sprite pixels"
"704","20887","108","9","4","151","152","88","90","151.5","89","frame_0704.png","unclassified orange sprite pixels"
"704","20887","108","10","2","154","155","88","88","154.5","88","frame_0704.png","unclassified orange sprite pixels"
"704","20887","108","11","2","158","159","93","93","158.5","93","frame_0704.png","unclassified orange sprite pixels"
"704","20887","108","12","10","190","199","94","96","194.5","95","frame_0704.png","unclassified orange sprite pixels"
"704","20887","108","13","4","185","186","96","98","185.5","97","frame_0704.png","unclassified orange sprite pixels"
"704","20887","108","14","2","188","189","96","96","188.5","96","frame_0704.png","unclassified orange sprite pixels"
"704","20887","108","15","2","192","193","101","101","192.5","101","frame_0704.png","unclassified orange sprite pixels"
"706","20889","109","0","10","89","98","60","62","93.5","61","frame_0706.png","unclassified orange sprite pixels"
"706","20889","109","1","4","95","96","65","67","95.5","66","frame_0706.png","unclassified orange sprite pixels"
"706","20889","109","2","2","98","99","65","65","98.5","65","frame_0706.png","unclassified orange sprite pixels"
"706","20889","109","3","2","102","103","70","70","102.5","70","frame_0706.png","unclassified orange sprite pixels"
"706","20889","109","4","10","118","127","71","73","122.5","72","frame_0706.png","unclassified orange sprite pixels"
"706","20889","109","5","4","124","125","76","78","124.5","77","frame_0706.png","unclassified orange sprite pixels"
"706","20889","109","6","2","127","128","76","76","127.5","76","frame_0706.png","unclassified orange sprite pixels"
"706","20889","109","7","2","131","132","81","81","131.5","81","frame_0706.png","unclassified orange sprite pixels"
"706","20889","109","8","10","148","157","84","86","152.5","85","frame_0706.png","unclassified orange sprite pixels"
"706","20889","109","9","4","154","155","89","91","154.5","90","frame_0706.png","unclassified orange sprite pixels"
"706","20889","109","10","2","157","158","89","89","157.5","89","frame_0706.png","unclassified orange sprite pixels"
"706","20889","109","11","10","183","192","91","93","187.5","92","frame_0706.png","unclassified orange sprite pixels"
"706","20889","109","12","2","161","162","94","94","161.5","94","frame_0706.png","unclassified orange sprite pixels"
"706","20889","109","13","4","189","190","96","98","189.5","97","frame_0706.png","unclassified orange sprite pixels"
"706","20889","109","14","2","192","193","96","96","192.5","96","frame_0706.png","unclassified orange sprite pixels"
"708","20891","110","0","10","102","111","64","66","106.5","65","frame_0708.png","unclassified orange sprite pixels"
"708","20891","110","1","4","97","98","66","68","97.5","67","frame_0708.png","unclassified orange sprite pixels"
"708","20891","110","2","2","100","101","66","66","100.5","66","frame_0708.png","unclassified orange sprite pixels"
"708","20891","110","3","2","104","105","71","71","104.5","71","frame_0708.png","unclassified orange sprite pixels"
"708","20891","110","4","10","131","140","75","77","135.5","76","frame_0708.png","unclassified orange sprite pixels"
"708","20891","110","5","4","126","127","77","79","126.5","78","frame_0708.png","unclassified orange sprite pixels"
"708","20891","110","6","2","129","130","77","77","129.5","77","frame_0708.png","unclassified orange sprite pixels"
"708","20891","110","7","2","133","134","82","82","133.5","82","frame_0708.png","unclassified orange sprite pixels"
"708","20891","110","8","10","162","171","88","90","166.5","89","frame_0708.png","unclassified orange sprite pixels"
"708","20891","110","9","4","157","158","90","92","157.5","91","frame_0708.png","unclassified orange sprite pixels"
"708","20891","110","10","2","160","161","90","90","160.5","90","frame_0708.png","unclassified orange sprite pixels"
"708","20891","110","11","10","197","206","94","96","201.5","95","frame_0708.png","unclassified orange sprite pixels"
"708","20891","110","12","2","164","165","95","95","164.5","95","frame_0708.png","unclassified orange sprite pixels"
"708","20891","110","13","4","192","193","96","98","192.5","97","frame_0708.png","unclassified orange sprite pixels"
"708","20891","110","14","2","195","196","96","96","195.5","96","frame_0708.png","unclassified orange sprite pixels"
"708","20891","110","15","2","199","200","101","101","199.5","101","frame_0708.png","unclassified orange sprite pixels"
"710","20893","111","0","10","94","103","62","64","98.5","63","frame_0710.png","unclassified orange sprite pixels"
"710","20893","111","1","4","100","101","67","69","100.5","68","frame_0710.png","unclassified orange sprite pixels"
"710","20893","111","2","2","103","104","67","67","103.5","67","frame_0710.png","unclassified orange sprite pixels"
"710","20893","111","3","2","107","108","72","72","107.5","72","frame_0710.png","unclassified orange sprite pixels"
"710","20893","111","4","10","123","132","74","76","127.5","75","frame_0710.png","unclassified orange sprite pixels"
"710","20893","111","5","4","129","130","79","81","129.5","80","frame_0710.png","unclassified orange sprite pixels"
"710","20893","111","6","2","132","133","79","79","132.5","79","frame_0710.png","unclassified orange sprite pixels"
"710","20893","111","7","2","136","137","84","84","136.5","84","frame_0710.png","unclassified orange sprite pixels"
"710","20893","111","8","10","154","163","86","88","158.5","87","frame_0710.png","unclassified orange sprite pixels"
"710","20893","111","9","4","160","161","91","93","160.5","92","frame_0710.png","unclassified orange sprite pixels"
"710","20893","111","10","2","163","164","91","91","163.5","91","frame_0710.png","unclassified orange sprite pixels"
"710","20893","111","11","10","190","199","91","93","194.5","92","frame_0710.png","unclassified orange sprite pixels"
"710","20893","111","12","2","167","168","96","96","167.5","96","frame_0710.png","unclassified orange sprite pixels"
"710","20893","111","13","3","196","197","96","97","196.5","96.5","frame_0710.png","unclassified orange sprite pixels"
"710","20893","111","14","2","199","200","96","96","199.5","96","frame_0710.png","unclassified orange sprite pixels"
"712","20895","112","0","10","108","117","65","67","112.5","66","frame_0712.png","unclassified orange sprite pixels"
"712","20895","112","1","4","103","104","67","69","103.5","68","frame_0712.png","unclassified orange sprite pixels"
"712","20895","112","2","2","106","107","67","67","106.5","67","frame_0712.png","unclassified orange sprite pixels"
"712","20895","112","3","2","110","111","72","72","110.5","72","frame_0712.png","unclassified orange sprite pixels"
"712","20895","112","4","10","136","145","78","80","140.5","79","frame_0712.png","unclassified orange sprite pixels"
"712","20895","112","5","4","131","132","80","82","131.5","81","frame_0712.png","unclassified orange sprite pixels"
"712","20895","112","6","2","134","135","80","80","134.5","80","frame_0712.png","unclassified orange sprite pixels"
"712","20895","112","7","2","138","139","85","85","138.5","85","frame_0712.png","unclassified orange sprite pixels"
"712","20895","112","8","10","168","177","90","92","172.5","91","frame_0712.png","unclassified orange sprite pixels"
"712","20895","112","9","4","163","164","92","94","163.5","93","frame_0712.png","unclassified orange sprite pixels"
"712","20895","112","10","2","166","167","92","92","166.5","92","frame_0712.png","unclassified orange sprite pixels"
"712","20895","112","11","10","204","213","94","96","208.5","95","frame_0712.png","unclassified orange sprite pixels"
"712","20895","112","12","4","199","200","96","98","199.5","97","frame_0712.png","unclassified orange sprite pixels"
"712","20895","112","13","2","170","171","97","97","170.5","97","frame_0712.png","unclassified orange sprite pixels"
"712","20895","112","14","2","206","207","101","101","206.5","101","frame_0712.png","unclassified orange sprite pixels"
"714","20897","113","0","10","99","108","63","65","103.5","64","frame_0714.png","unclassified orange sprite pixels"
"714","20897","113","1","4","105","106","68","70","105.5","69","frame_0714.png","unclassified orange sprite pixels"
"714","20897","113","2","2","108","109","68","68","108.5","68","frame_0714.png","unclassified orange sprite pixels"
"714","20897","113","3","2","112","113","73","73","112.5","73","frame_0714.png","unclassified orange sprite pixels"
"714","20897","113","4","10","128","137","76","78","132.5","77","frame_0714.png","unclassified orange sprite pixels"
"714","20897","113","5","4","134","135","81","83","134.5","82","frame_0714.png","unclassified orange sprite pixels"
"714","20897","113","6","2","137","138","81","81","137.5","81","frame_0714.png","unclassified orange sprite pixels"
"714","20897","113","7","2","141","142","86","86","141.5","86","frame_0714.png","unclassified orange sprite pixels"
"714","20897","113","8","10","160","169","87","89","164.5","88","frame_0714.png","unclassified orange sprite pixels"
"714","20897","113","9","10","196","205","91","93","200.5","92","frame_0714.png","unclassified orange sprite pixels"
"714","20897","113","10","4","166","167","92","94","166.5","93","frame_0714.png","unclassified orange sprite pixels"
"714","20897","113","11","2","169","170","92","92","169.5","92","frame_0714.png","unclassified orange sprite pixels"
"714","20897","113","12","4","202","203","96","98","202.5","97","frame_0714.png","unclassified orange sprite pixels"
"714","20897","113","13","2","205","206","96","96","205.5","96","frame_0714.png","unclassified orange sprite pixels"
"714","20897","113","14","2","173","174","97","97","173.5","97","frame_0714.png","unclassified orange sprite pixels"
"714","20897","113","15","2","209","210","101","101","209.5","101","frame_0714.png","unclassified orange sprite pixels"
"716","20899","114","0","10","113","122","67","69","117.5","68","frame_0716.png","unclassified orange sprite pixels"
"716","20899","114","1","4","108","109","69","71","108.5","70","frame_0716.png","unclassified orange sprite pixels"
"716","20899","114","2","2","111","112","69","69","111.5","69","frame_0716.png","unclassified orange sprite pixels"
"716","20899","114","3","2","115","116","74","74","115.5","74","frame_0716.png","unclassified orange sprite pixels"
"716","20899","114","4","10","142","151","80","82","146.5","81","frame_0716.png","unclassified orange sprite pixels"
"716","20899","114","5","4","137","138","82","84","137.5","83","frame_0716.png","unclassified orange sprite pixels"
"716","20899","114","6","2","140","141","82","82","140.5","82","frame_0716.png","unclassified orange sprite pixels"
"716","20899","114","7","2","144","145","87","87","144.5","87","frame_0716.png","unclassified orange sprite pixels"
"716","20899","114","8","10","174","183","91","93","178.5","92","frame_0716.png","unclassified orange sprite pixels"
"716","20899","114","9","4","169","170","93","95","169.5","94","frame_0716.png","unclassified orange sprite pixels"
"716","20899","114","10","2","172","173","93","93","172.5","93","frame_0716.png","unclassified orange sprite pixels"
"716","20899","114","11","10","211","220","94","96","215.5","95","frame_0716.png","unclassified orange sprite pixels"
"716","20899","114","12","4","206","207","96","98","206.5","97","frame_0716.png","unclassified orange sprite pixels"
"716","20899","114","13","2","209","210","96","96","209.5","96","frame_0716.png","unclassified orange sprite pixels"
"716","20899","114","14","2","176","177","98","98","176.5","98","frame_0716.png","unclassified orange sprite pixels"
"716","20899","114","15","2","213","214","101","101","213.5","101","frame_0716.png","unclassified orange sprite pixels"
"718","20901","115","0","10","104","113","65","67","108.5","66","frame_0718.png","unclassified orange sprite pixels"
"718","20901","115","1","4","110","111","70","72","110.5","71","frame_0718.png","unclassified orange sprite pixels"
"718","20901","115","2","2","113","114","70","70","113.5","70","frame_0718.png","unclassified orange sprite pixels"
"718","20901","115","3","2","117","118","75","75","117.5","75","frame_0718.png","unclassified orange sprite pixels"
"718","20901","115","4","10","133","142","79","81","137.5","80","frame_0718.png","unclassified orange sprite pixels"
"718","20901","115","5","4","139","140","84","86","139.5","85","frame_0718.png","unclassified orange sprite pixels"
"718","20901","115","6","2","142","143","84","84","142.5","84","frame_0718.png","unclassified orange sprite pixels"
"718","20901","115","7","2","146","147","89","89","146.5","89","frame_0718.png","unclassified orange sprite pixels"
"718","20901","115","8","10","166","175","89","91","170.5","90","frame_0718.png","unclassified orange sprite pixels"
"718","20901","115","9","10","203","212","91","93","207.5","92","frame_0718.png","unclassified orange sprite pixels"
"718","20901","115","10","4","172","173","94","96","172.5","95","frame_0718.png","unclassified orange sprite pixels"
"718","20901","115","11","2","175","176","94","94","175.5","94","frame_0718.png","unclassified orange sprite pixels"
"718","20901","115","12","4","209","210","96","98","209.5","97","frame_0718.png","unclassified orange sprite pixels"
"718","20901","115","13","2","212","213","96","96","212.5","96","frame_0718.png","unclassified orange sprite pixels"
"718","20901","115","14","2","216","217","101","101","216.5","101","frame_0718.png","unclassified orange sprite pixels"
"720","20903","116","0","10","118","127","69","71","122.5","70","frame_0720.png","unclassified orange sprite pixels"
"720","20903","116","1","4","113","114","71","73","113.5","72","frame_0720.png","unclassified orange sprite pixels"
"720","20903","116","2","2","116","117","71","71","116.5","71","frame_0720.png","unclassified orange sprite pixels"
"720","20903","116","3","2","120","121","76","76","120.5","76","frame_0720.png","unclassified orange sprite pixels"
"720","20903","116","4","10","147","156","83","85","151.5","84","frame_0720.png","unclassified orange sprite pixels"
"720","20903","116","5","4","142","143","85","87","142.5","86","frame_0720.png","unclassified orange sprite pixels"
"720","20903","116","6","2","145","146","85","85","145.5","85","frame_0720.png","unclassified orange sprite pixels"
"720","20903","116","7","2","149","150","90","90","149.5","90","frame_0720.png","unclassified orange sprite pixels"
"720","20903","116","8","10","180","189","93","95","184.5","94","frame_0720.png","unclassified orange sprite pixels"
"720","20903","116","9","10","218","227","94","96","222.5","95","frame_0720.png","unclassified orange sprite pixels"
"720","20903","116","10","4","175","176","95","97","175.5","96","frame_0720.png","unclassified orange sprite pixels"
"720","20903","116","11","2","178","179","95","95","178.5","95","frame_0720.png","unclassified orange sprite pixels"
"720","20903","116","12","4","213","214","96","98","213.5","97","frame_0720.png","unclassified orange sprite pixels"
"720","20903","116","13","2","216","217","96","96","216.5","96","frame_0720.png","unclassified orange sprite pixels"
"720","20903","116","14","2","182","183","100","100","182.5","100","frame_0720.png","unclassified orange sprite pixels"
"720","20903","116","15","2","220","221","101","101","220.5","101","frame_0720.png","unclassified orange sprite pixels"
"722","20905","117","0","10","109","118","67","69","113.5","68","frame_0722.png","unclassified orange sprite pixels"
"722","20905","117","1","4","115","116","72","74","115.5","73","frame_0722.png","unclassified orange sprite pixels"
"722","20905","117","2","2","118","119","72","72","118.5","72","frame_0722.png","unclassified orange sprite pixels"
"722","20905","117","3","2","122","123","77","77","122.5","77","frame_0722.png","unclassified orange sprite pixels"
"722","20905","117","4","10","139","148","81","83","143.5","82","frame_0722.png","unclassified orange sprite pixels"
"722","20905","117","5","4","145","146","86","88","145.5","87","frame_0722.png","unclassified orange sprite pixels"
"722","20905","117","6","2","148","149","86","86","148.5","86","frame_0722.png","unclassified orange sprite pixels"
"722","20905","117","7","10","173","182","90","92","177.5","91","frame_0722.png","unclassified orange sprite pixels"
"722","20905","117","8","2","152","153","91","91","152.5","91","frame_0722.png","unclassified orange sprite pixels"
"722","20905","117","9","10","210","219","91","93","214.5","92","frame_0722.png","unclassified orange sprite pixels"
"722","20905","117","10","4","179","180","95","97","179.5","96","frame_0722.png","unclassified orange sprite pixels"
"722","20905","117","11","2","182","183","95","95","182.5","95","frame_0722.png","unclassified orange sprite pixels"
"722","20905","117","12","4","216","217","96","98","216.5","97","frame_0722.png","unclassified orange sprite pixels"
"722","20905","117","13","2","219","220","96","96","219.5","96","frame_0722.png","unclassified orange sprite pixels"
"722","20905","117","14","2","186","187","100","100","186.5","100","frame_0722.png","unclassified orange sprite pixels"
"722","20905","117","15","2","223","224","101","101","223.5","101","frame_0722.png","unclassified orange sprite pixels"
"724","20907","118","0","10","123","132","71","73","127.5","72","frame_0724.png","unclassified orange sprite pixels"
"724","20907","118","1","4","118","119","73","75","118.5","74","frame_0724.png","unclassified orange sprite pixels"
"724","20907","118","2","2","121","122","73","73","121.5","73","frame_0724.png","unclassified orange sprite pixels"
"724","20907","118","3","2","125","126","78","78","125.5","78","frame_0724.png","unclassified orange sprite pixels"
"724","20907","118","4","10","153","162","85","87","157.5","86","frame_0724.png","unclassified orange sprite pixels"
"724","20907","118","5","4","148","149","87","89","148.5","88","frame_0724.png","unclassified orange sprite pixels"
"724","20907","118","6","2","151","152","87","87","151.5","87","frame_0724.png","unclassified orange sprite pixels"
"724","20907","118","7","2","155","156","92","92","155.5","92","frame_0724.png","unclassified orange sprite pixels"
"724","20907","118","8","10","187","196","94","96","191.5","95","frame_0724.png","unclassified orange sprite pixels"
"724","20907","118","9","10","224","233","94","96","228.5","95","frame_0724.png","unclassified orange sprite pixels"
"724","20907","118","10","3","183","183","96","98","183","97","frame_0724.png","unclassified orange sprite pixels"
"724","20907","118","11","2","185","186","96","96","185.5","96","frame_0724.png","unclassified orange sprite pixels"
"724","20907","118","12","4","219","220","96","98","219.5","97","frame_0724.png","unclassified orange sprite pixels"
"724","20907","118","13","2","222","223","96","96","222.5","96","frame_0724.png","unclassified orange sprite pixels"
"724","20907","118","14","2","189","190","101","101","189.5","101","frame_0724.png","unclassified orange sprite pixels"
"724","20907","118","15","2","226","227","101","101","226.5","101","frame_0724.png","unclassified orange sprite pixels"
"726","20909","119","0","10","114","123","69","71","118.5","70","frame_0726.png","unclassified orange sprite pixels"
"726","20909","119","1","4","120","121","74","76","120.5","75","frame_0726.png","unclassified orange sprite pixels"
"726","20909","119","2","2","123","124","74","74","123.5","74","frame_0726.png","unclassified orange sprite pixels"
"726","20909","119","3","2","127","128","79","79","127.5","79","frame_0726.png","unclassified orange sprite pixels"
"726","20909","119","4","10","145","154","83","85","149.5","84","frame_0726.png","unclassified orange sprite pixels"
"726","20909","119","5","4","151","152","88","90","151.5","89","frame_0726.png","unclassified orange sprite pixels"
"726","20909","119","6","2","154","155","88","88","154.5","88","frame_0726.png","unclassified orange sprite pixels"
"726","20909","119","7","10","179","188","91","93","183.5","92","frame_0726.png","unclassified orange sprite pixels"
"726","20909","119","8","10","217","226","91","93","221.5","92","frame_0726.png","unclassified orange sprite pixels"
"726","20909","119","9","2","158","159","93","93","158.5","93","frame_0726.png","unclassified orange sprite pixels"
"726","20909","119","10","4","185","186","96","98","185.5","97","frame_0726.png","unclassified orange sprite pixels"
"726","20909","119","11","2","188","189","96","96","188.5","96","frame_0726.png","unclassified orange sprite pixels"
"726","20909","119","12","4","223","224","96","98","223.5","97","frame_0726.png","unclassified orange sprite pixels"
"726","20909","119","13","2","226","227","96","96","226.5","96","frame_0726.png","unclassified orange sprite pixels"
"726","20909","119","14","2","192","193","101","101","192.5","101","frame_0726.png","unclassified orange sprite pixels"
"726","20909","119","15","2","230","231","101","101","230.5","101","frame_0726.png","unclassified orange sprite pixels"
"728","20911","120","0","10","128","137","73","75","132.5","74","frame_0728.png","unclassified orange sprite pixels"
"728","20911","120","1","4","123","124","75","77","123.5","76","frame_0728.png","unclassified orange sprite pixels"
"728","20911","120","2","2","126","127","75","75","126.5","75","frame_0728.png","unclassified orange sprite pixels"
"728","20911","120","3","2","130","131","80","80","130.5","80","frame_0728.png","unclassified orange sprite pixels"
"728","20911","120","4","10","159","168","87","89","163.5","88","frame_0728.png","unclassified orange sprite pixels"
"728","20911","120","5","4","154","155","89","91","154.5","90","frame_0728.png","unclassified orange sprite pixels"
"728","20911","120","6","2","157","158","89","89","157.5","89","frame_0728.png","unclassified orange sprite pixels"
"728","20911","120","7","2","161","162","94","94","161.5","94","frame_0728.png","unclassified orange sprite pixels"
"728","20911","120","8","10","194","203","94","96","198.5","95","frame_0728.png","unclassified orange sprite pixels"
"728","20911","120","9","10","231","240","94","96","235.5","95","frame_0728.png","unclassified orange sprite pixels"
"728","20911","120","10","4","189","190","96","98","189.5","97","frame_0728.png","unclassified orange sprite pixels"
"728","20911","120","11","2","192","193","96","96","192.5","96","frame_0728.png","unclassified orange sprite pixels"
"728","20911","120","12","4","226","227","96","98","226.5","97","frame_0728.png","unclassified orange sprite pixels"
"728","20911","120","13","2","229","230","96","96","229.5","96","frame_0728.png","unclassified orange sprite pixels"
"728","20911","120","14","2","196","197","101","101","196.5","101","frame_0728.png","unclassified orange sprite pixels"
"728","20911","120","15","2","233","234","101","101","233.5","101","frame_0728.png","unclassified orange sprite pixels"
"730","20913","121","0","10","119","128","72","74","123.5","73","frame_0730.png","unclassified orange sprite pixels"
"730","20913","121","1","4","125","126","77","79","125.5","78","frame_0730.png","unclassified orange sprite pixels"
"730","20913","121","2","2","128","129","77","77","128.5","77","frame_0730.png","unclassified orange sprite pixels"
"730","20913","121","3","2","132","133","82","82","132.5","82","frame_0730.png","unclassified orange sprite pixels"
"730","20913","121","4","10","151","160","85","87","155.5","86","frame_0730.png","unclassified orange sprite pixels"
"730","20913","121","5","4","157","158","90","92","157.5","91","frame_0730.png","unclassified orange sprite pixels"
"730","20913","121","6","2","160","161","90","90","160.5","90","frame_0730.png","unclassified orange sprite pixels"
"730","20913","121","7","10","186","195","91","93","190.5","92","frame_0730.png","unclassified orange sprite pixels"
"730","20913","121","8","10","224","233","91","93","228.5","92","frame_0730.png","unclassified orange sprite pixels"
"730","20913","121","9","2","164","165","95","95","164.5","95","frame_0730.png","unclassified orange sprite pixels"
"730","20913","121","10","4","192","193","96","98","192.5","97","frame_0730.png","unclassified orange sprite pixels"
"730","20913","121","11","2","195","196","96","96","195.5","96","frame_0730.png","unclassified orange sprite pixels"
"730","20913","121","12","4","230","231","96","98","230.5","97","frame_0730.png","unclassified orange sprite pixels"
"730","20913","121","13","2","233","234","96","96","233.5","96","frame_0730.png","unclassified orange sprite pixels"
"730","20913","121","14","2","199","200","101","101","199.5","101","frame_0730.png","unclassified orange sprite pixels"
"730","20913","121","15","2","237","238","101","101","237.5","101","frame_0730.png","unclassified orange sprite pixels"
"732","20915","122","0","10","133","142","76","78","137.5","77","frame_0732.png","unclassified orange sprite pixels"
"732","20915","122","1","4","128","129","78","80","128.5","79","frame_0732.png","unclassified orange sprite pixels"
"732","20915","122","2","2","131","132","78","78","131.5","78","frame_0732.png","unclassified orange sprite pixels"
"732","20915","122","3","2","135","136","83","83","135.5","83","frame_0732.png","unclassified orange sprite pixels"
"732","20915","122","4","10","165","174","89","91","169.5","90","frame_0732.png","unclassified orange sprite pixels"
"732","20915","122","5","4","160","161","91","93","160.5","92","frame_0732.png","unclassified orange sprite pixels"
"732","20915","122","6","2","163","164","91","91","163.5","91","frame_0732.png","unclassified orange sprite pixels"
"732","20915","122","7","10","201","210","94","96","205.5","95","frame_0732.png","unclassified orange sprite pixels"
"732","20915","122","8","10","238","247","94","96","242.5","95","frame_0732.png","unclassified orange sprite pixels"
"732","20915","122","9","2","167","168","96","96","167.5","96","frame_0732.png","unclassified orange sprite pixels"
"732","20915","122","10","4","196","197","96","98","196.5","97","frame_0732.png","unclassified orange sprite pixels"
"732","20915","122","11","2","199","200","96","96","199.5","96","frame_0732.png","unclassified orange sprite pixels"
"732","20915","122","12","4","233","234","96","98","233.5","97","frame_0732.png","unclassified orange sprite pixels"
"732","20915","122","13","2","236","237","96","96","236.5","96","frame_0732.png","unclassified orange sprite pixels"
"732","20915","122","14","2","203","204","101","101","203.5","101","frame_0732.png","unclassified orange sprite pixels"
"732","20915","122","15","2","240","241","101","101","240.5","101","frame_0732.png","unclassified orange sprite pixels"
"734","20917","123","0","10","124","133","74","76","128.5","75","frame_0734.png","unclassified orange sprite pixels"
"734","20917","123","1","4","130","131","79","81","130.5","80","frame_0734.png","unclassified orange sprite pixels"
"734","20917","123","2","2","133","134","79","79","133.5","79","frame_0734.png","unclassified orange sprite pixels"
"734","20917","123","3","2","137","138","84","84","137.5","84","frame_0734.png","unclassified orange sprite pixels"
"734","20917","123","4","10","157","166","87","89","161.5","88","frame_0734.png","unclassified orange sprite pixels"
"734","20917","123","5","10","193","202","91","93","197.5","92","frame_0734.png","unclassified orange sprite pixels"
"734","20917","123","6","10","230","239","91","93","234.5","92","frame_0734.png","unclassified orange sprite pixels"
"734","20917","123","7","4","163","164","92","94","163.5","93","frame_0734.png","unclassified orange sprite pixels"
"734","20917","123","8","2","166","167","92","92","166.5","92","frame_0734.png","unclassified orange sprite pixels"
"734","20917","123","9","4","199","200","96","98","199.5","97","frame_0734.png","unclassified orange sprite pixels"
"734","20917","123","10","2","202","203","96","96","202.5","96","frame_0734.png","unclassified orange sprite pixels"
"734","20917","123","11","4","236","237","96","98","236.5","97","frame_0734.png","unclassified orange sprite pixels"
"734","20917","123","12","2","239","240","96","96","239.5","96","frame_0734.png","unclassified orange sprite pixels"
"734","20917","123","13","2","170","171","97","97","170.5","97","frame_0734.png","unclassified orange sprite pixels"
"734","20917","123","14","2","206","207","101","101","206.5","101","frame_0734.png","unclassified orange sprite pixels"
"734","20917","123","15","2","243","244","101","101","243.5","101","frame_0734.png","unclassified orange sprite pixels"
"736","20919","124","0","10","138","147","79","81","142.5","80","frame_0736.png","unclassified orange sprite pixels"
"736","20919","124","1","4","133","134","81","83","133.5","82","frame_0736.png","unclassified orange sprite pixels"
"736","20919","124","2","2","136","137","81","81","136.5","81","frame_0736.png","unclassified orange sprite pixels"
"736","20919","124","3","2","140","141","86","86","140.5","86","frame_0736.png","unclassified orange sprite pixels"
"736","20919","124","4","10","171","180","90","92","175.5","91","frame_0736.png","unclassified orange sprite pixels"
"736","20919","124","5","4","166","167","92","94","166.5","93","frame_0736.png","unclassified orange sprite pixels"
"736","20919","124","6","2","169","170","92","92","169.5","92","frame_0736.png","unclassified orange sprite pixels"
"736","20919","124","7","10","207","216","94","96","211.5","95","frame_0736.png","unclassified orange sprite pixels"
"736","20919","124","8","10","245","254","94","96","249.5","95","frame_0736.png","unclassified orange sprite pixels"
"736","20919","124","9","4","202","203","96","98","202.5","97","frame_0736.png","unclassified orange sprite pixels"
"736","20919","124","10","2","205","206","96","96","205.5","96","frame_0736.png","unclassified orange sprite pixels"
"736","20919","124","11","4","240","241","96","98","240.5","97","frame_0736.png","unclassified orange sprite pixels"
"736","20919","124","12","2","243","244","96","96","243.5","96","frame_0736.png","unclassified orange sprite pixels"
"736","20919","124","13","2","173","174","97","97","173.5","97","frame_0736.png","unclassified orange sprite pixels"
"736","20919","124","14","2","209","210","101","101","209.5","101","frame_0736.png","unclassified orange sprite pixels"
"736","20919","124","15","2","247","248","101","101","247.5","101","frame_0736.png","unclassified orange sprite pixels"
"738","20921","125","0","10","129","138","77","79","133.5","78","frame_0738.png","unclassified orange sprite pixels"
"738","20921","125","1","4","135","136","82","84","135.5","83","frame_0738.png","unclassified orange sprite pixels"
"738","20921","125","2","2","138","139","82","82","138.5","82","frame_0738.png","unclassified orange sprite pixels"
"738","20921","125","3","2","142","143","87","87","142.5","87","frame_0738.png","unclassified orange sprite pixels"
"738","20921","125","4","10","163","172","88","90","167.5","89","frame_0738.png","unclassified orange sprite pixels"
"738","20921","125","5","10","200","209","91","93","204.5","92","frame_0738.png","unclassified orange sprite pixels"
"738","20921","125","6","10","237","246","91","93","241.5","92","frame_0738.png","unclassified orange sprite pixels"
"738","20921","125","7","4","169","170","93","95","169.5","94","frame_0738.png","unclassified orange sprite pixels"
"738","20921","125","8","2","172","173","93","93","172.5","93","frame_0738.png","unclassified orange sprite pixels"
"738","20921","125","9","4","206","207","96","98","206.5","97","frame_0738.png","unclassified orange sprite pixels"
"738","20921","125","10","2","209","210","96","96","209.5","96","frame_0738.png","unclassified orange sprite pixels"
"738","20921","125","11","4","243","244","96","98","243.5","97","frame_0738.png","unclassified orange sprite pixels"
"738","20921","125","12","2","246","247","96","96","246.5","96","frame_0738.png","unclassified orange sprite pixels"
"738","20921","125","13","2","176","177","98","98","176.5","98","frame_0738.png","unclassified orange sprite pixels"
"738","20921","125","14","2","213","214","101","101","213.5","101","frame_0738.png","unclassified orange sprite pixels"
"738","20921","125","15","2","250","251","101","101","250.5","101","frame_0738.png","unclassified orange sprite pixels"
"740","20923","126","0","10","143","152","81","83","147.5","82","frame_0740.png","unclassified orange sprite pixels"
"740","20923","126","1","4","138","139","83","85","138.5","84","frame_0740.png","unclassified orange sprite pixels"
"740","20923","126","2","2","141","142","83","83","141.5","83","frame_0740.png","unclassified orange sprite pixels"
"740","20923","126","3","2","145","146","88","88","145.5","88","frame_0740.png","unclassified orange sprite pixels"
"740","20923","126","4","10","177","186","92","94","181.5","93","frame_0740.png","unclassified orange sprite pixels"
"740","20923","126","5","4","172","173","94","96","172.5","95","frame_0740.png","unclassified orange sprite pixels"
"740","20923","126","6","2","175","176","94","94","175.5","94","frame_0740.png","unclassified orange sprite pixels"
"740","20923","126","7","10","214","223","94","96","218.5","95","frame_0740.png","unclassified orange sprite pixels"
"740","20923","126","8","4","252","255","94","95","253.5","94.5","frame_0740.png","unclassified orange sprite pixels"
"740","20923","126","9","4","209","210","96","98","209.5","97","frame_0740.png","unclassified orange sprite pixels"
"740","20923","126","10","2","212","213","96","96","212.5","96","frame_0740.png","unclassified orange sprite pixels"
"740","20923","126","11","4","247","248","96","98","247.5","97","frame_0740.png","unclassified orange sprite pixels"
"740","20923","126","12","2","250","251","96","96","250.5","96","frame_0740.png","unclassified orange sprite pixels"
"740","20923","126","13","2","179","180","99","99","179.5","99","frame_0740.png","unclassified orange sprite pixels"
"740","20923","126","14","2","216","217","101","101","216.5","101","frame_0740.png","unclassified orange sprite pixels"
"740","20923","126","15","2","254","255","101","101","254.5","101","frame_0740.png","unclassified orange sprite pixels"
"742","20925","127","0","10","135","144","79","81","139.5","80","frame_0742.png","unclassified orange sprite pixels"
"742","20925","127","1","4","141","142","84","86","141.5","85","frame_0742.png","unclassified orange sprite pixels"
"742","20925","127","2","2","144","145","84","84","144.5","84","frame_0742.png","unclassified orange sprite pixels"
"742","20925","127","3","2","148","149","89","89","148.5","89","frame_0742.png","unclassified orange sprite pixels"
"742","20925","127","4","10","169","178","90","92","173.5","91","frame_0742.png","unclassified orange sprite pixels"
"742","20925","127","5","10","207","216","91","93","211.5","92","frame_0742.png","unclassified orange sprite pixels"
"742","20925","127","6","10","244","253","91","93","248.5","92","frame_0742.png","unclassified orange sprite pixels"
"742","20925","127","7","4","175","176","95","97","175.5","96","frame_0742.png","unclassified orange sprite pixels"
"742","20925","127","8","2","178","179","95","95","178.5","95","frame_0742.png","unclassified orange sprite pixels"
"742","20925","127","9","4","213","214","96","98","213.5","97","frame_0742.png","unclassified orange sprite pixels"
"742","20925","127","10","2","216","217","96","96","216.5","96","frame_0742.png","unclassified orange sprite pixels"
"742","20925","127","11","4","250","251","96","98","250.5","97","frame_0742.png","unclassified orange sprite pixels"
"742","20925","127","12","2","253","254","96","96","253.5","96","frame_0742.png","unclassified orange sprite pixels"
"742","20925","127","13","2","182","183","100","100","182.5","100","frame_0742.png","unclassified orange sprite pixels"
"742","20925","127","14","2","220","221","101","101","220.5","101","frame_0742.png","unclassified orange sprite pixels"
"744","20927","128","0","10","149","158","83","85","153.5","84","frame_0744.png","unclassified orange sprite pixels"
"744","20927","128","1","4","144","145","85","87","144.5","86","frame_0744.png","unclassified orange sprite pixels"
"744","20927","128","2","2","147","148","85","85","147.5","85","frame_0744.png","unclassified orange sprite pixels"
"744","20927","128","3","2","151","152","90","90","151.5","90","frame_0744.png","unclassified orange sprite pixels"
"744","20927","128","4","10","184","193","93","95","188.5","94","frame_0744.png","unclassified orange sprite pixels"
"744","20927","128","5","10","221","230","94","96","225.5","95","frame_0744.png","unclassified orange sprite pixels"
"744","20927","128","6","4","179","180","95","97","179.5","96","frame_0744.png","unclassified orange sprite pixels"
"744","20927","128","7","2","182","183","95","95","182.5","95","frame_0744.png","unclassified orange sprite pixels"
"744","20927","128","8","4","216","217","96","98","216.5","97","frame_0744.png","unclassified orange sprite pixels"
"744","20927","128","9","2","219","220","96","96","219.5","96","frame_0744.png","unclassified orange sprite pixels"
"744","20927","128","10","4","254","255","96","98","254.5","97","frame_0744.png","unclassified orange sprite pixels"
"744","20927","128","11","2","186","187","100","100","186.5","100","frame_0744.png","unclassified orange sprite pixels"
"744","20927","128","12","2","223","224","101","101","223.5","101","frame_0744.png","unclassified orange sprite pixels"
"746","20929","129","0","10","140","149","81","83","144.5","82","frame_0746.png","unclassified orange sprite pixels"
"746","20929","129","1","3","146","147","86","87","146.5","86.5","frame_0746.png","unclassified orange sprite pixels"
"746","20929","129","2","2","149","150","86","86","149.5","86","frame_0746.png","unclassified orange sprite pixels"
"746","20929","129","3","2","153","154","91","91","153.5","91","frame_0746.png","unclassified orange sprite pixels"
"746","20929","129","4","10","176","185","91","93","180.5","92","frame_0746.png","unclassified orange sprite pixels"
"746","20929","129","5","10","213","222","91","93","217.5","92","frame_0746.png","unclassified orange sprite pixels"
"746","20929","129","6","5","251","255","91","92","253","91.5","frame_0746.png","unclassified orange sprite pixels"
"746","20929","129","7","4","182","183","96","98","182.5","97","frame_0746.png","unclassified orange sprite pixels"
"746","20929","129","8","2","185","186","96","96","185.5","96","frame_0746.png","unclassified orange sprite pixels"
"746","20929","129","9","4","219","220","96","98","219.5","97","frame_0746.png","unclassified orange sprite pixels"
"746","20929","129","10","2","222","223","96","96","222.5","96","frame_0746.png","unclassified orange sprite pixels"
"746","20929","129","11","2","189","190","101","101","189.5","101","frame_0746.png","unclassified orange sprite pixels"
"746","20929","129","12","2","226","227","101","101","226.5","101","frame_0746.png","unclassified orange sprite pixels"
"748","20931","130","0","7","157","163","87","88","160","87.5","frame_0748.png","unclassified orange sprite pixels"
"748","20931","130","1","4","149","150","88","90","149.5","89","frame_0748.png","unclassified orange sprite pixels"
"748","20931","130","2","2","152","153","88","88","152.5","88","frame_0748.png","unclassified orange sprite pixels"
"748","20931","130","3","2","156","157","93","93","156.5","93","frame_0748.png","unclassified orange sprite pixels"
"748","20931","130","4","10","190","199","94","96","194.5","95","frame_0748.png","unclassified orange sprite pixels"
"748","20931","130","5","10","228","237","94","96","232.5","95","frame_0748.png","unclassified orange sprite pixels"
"748","20931","130","6","4","185","186","96","98","185.5","97","frame_0748.png","unclassified orange sprite pixels"
"748","20931","130","7","2","188","189","96","96","188.5","96","frame_0748.png","unclassified orange sprite pixels"
"748","20931","130","8","4","223","224","96","98","223.5","97","frame_0748.png","unclassified orange sprite pixels"
"748","20931","130","9","2","226","227","96","96","226.5","96","frame_0748.png","unclassified orange sprite pixels"
"748","20931","130","10","2","192","193","101","101","192.5","101","frame_0748.png","unclassified orange sprite pixels"
"748","20931","130","11","2","230","231","101","101","230.5","101","frame_0748.png","unclassified orange sprite pixels"
"750","20933","131","0","7","149","155","85","86","152","85.5","frame_0750.png","unclassified orange sprite pixels"
"750","20933","131","1","4","152","153","89","91","152.5","90","frame_0750.png","unclassified orange sprite pixels"
"750","20933","131","2","2","155","156","89","89","155.5","89","frame_0750.png","unclassified orange sprite pixels"
"750","20933","131","3","10","183","192","91","93","187.5","92","frame_0750.png","unclassified orange sprite pixels"
"750","20933","131","4","10","220","229","91","93","224.5","92","frame_0750.png","unclassified orange sprite pixels"
"750","20933","131","5","2","159","160","94","94","159.5","94","frame_0750.png","unclassified orange sprite pixels"
"750","20933","131","6","4","189","190","96","98","189.5","97","frame_0750.png","unclassified orange sprite pixels"
"750","20933","131","7","2","192","193","96","96","192.5","96","frame_0750.png","unclassified orange sprite pixels"
"750","20933","131","8","4","226","227","96","98","226.5","97","frame_0750.png","unclassified orange sprite pixels"
"750","20933","131","9","2","229","230","96","96","229.5","96","frame_0750.png","unclassified orange sprite pixels"
"750","20933","131","10","2","196","197","101","101","196.5","101","frame_0750.png","unclassified orange sprite pixels"
"750","20933","131","11","2","233","234","101","101","233.5","101","frame_0750.png","unclassified orange sprite pixels"
"752","20935","132","0","10","160","169","87","89","164.5","88","frame_0752.png","unclassified orange sprite pixels"
"752","20935","132","1","4","155","156","89","91","155.5","90","frame_0752.png","unclassified orange sprite pixels"
"752","20935","132","2","2","158","159","89","89","158.5","89","frame_0752.png","unclassified orange sprite pixels"
"752","20935","132","3","2","162","163","94","94","162.5","94","frame_0752.png","unclassified orange sprite pixels"
"752","20935","132","4","3","197","199","94","94","198","94","frame_0752.png","unclassified orange sprite pixels"
"752","20935","132","5","10","235","244","94","96","239.5","95","frame_0752.png","unclassified orange sprite pixels"
"752","20935","132","6","5","202","206","95","96","204","95.5","frame_0752.png","unclassified orange sprite pixels"
"752","20935","132","7","4","192","193","96","98","192.5","97","frame_0752.png","unclassified orange sprite pixels"
"752","20935","132","8","2","195","196","96","96","195.5","96","frame_0752.png","unclassified orange sprite pixels"
"752","20935","132","9","4","230","231","96","98","230.5","97","frame_0752.png","unclassified orange sprite pixels"
"752","20935","132","10","2","233","234","96","96","233.5","96","frame_0752.png","unclassified orange sprite pixels"
"752","20935","132","11","2","237","238","101","101","237.5","101","frame_0752.png","unclassified orange sprite pixels"
"754","20937","133","0","10","152","161","85","87","156.5","86","frame_0754.png","unclassified orange sprite pixels"
"754","20937","133","1","4","158","159","90","92","158.5","91","frame_0754.png","unclassified orange sprite pixels"
"754","20937","133","2","2","161","162","90","90","161.5","90","frame_0754.png","unclassified orange sprite pixels"
"754","20937","133","3","10","190","199","91","93","194.5","92","frame_0754.png","unclassified orange sprite pixels"
"754","20937","133","4","10","227","236","91","93","231.5","92","frame_0754.png","unclassified orange sprite pixels"
"754","20937","133","5","2","165","166","95","95","165.5","95","frame_0754.png","unclassified orange sprite pixels"
"754","20937","133","6","2","199","200","96","96","199.5","96","frame_0754.png","unclassified orange sprite pixels"
"754","20937","133","7","4","233","234","96","98","233.5","97","frame_0754.png","unclassified orange sprite pixels"
"754","20937","133","8","2","236","237","96","96","236.5","96","frame_0754.png","unclassified orange sprite pixels"
"754","20937","133","9","2","203","204","101","101","203.5","101","frame_0754.png","unclassified orange sprite pixels"
"754","20937","133","10","2","240","241","101","101","240.5","101","frame_0754.png","unclassified orange sprite pixels"
"756","20939","134","0","10","166","175","89","91","170.5","90","frame_0756.png","unclassified orange sprite pixels"
"756","20939","134","1","4","161","162","91","93","161.5","92","frame_0756.png","unclassified orange sprite pixels"
"756","20939","134","2","2","164","165","91","91","164.5","91","frame_0756.png","unclassified orange sprite pixels"
"756","20939","134","3","10","204","213","94","96","208.5","95","frame_0756.png","unclassified orange sprite pixels"
"756","20939","134","4","10","241","250","94","96","245.5","95","frame_0756.png","unclassified orange sprite pixels"
"756","20939","134","5","2","168","169","96","96","168.5","96","frame_0756.png","unclassified orange sprite pixels"
"756","20939","134","6","4","199","200","96","98","199.5","97","frame_0756.png","unclassified orange sprite pixels"
"756","20939","134","7","2","202","203","96","96","202.5","96","frame_0756.png","unclassified orange sprite pixels"
"756","20939","134","8","4","236","237","96","98","236.5","97","frame_0756.png","unclassified orange sprite pixels"
"756","20939","134","9","2","239","240","96","96","239.5","96","frame_0756.png","unclassified orange sprite pixels"
"756","20939","134","10","2","206","207","101","101","206.5","101","frame_0756.png","unclassified orange sprite pixels"
"756","20939","134","11","2","243","244","101","101","243.5","101","frame_0756.png","unclassified orange sprite pixels"
"758","20941","135","0","10","158","167","87","89","162.5","88","frame_0758.png","unclassified orange sprite pixels"
"758","20941","135","1","10","196","205","91","93","200.5","92","frame_0758.png","unclassified orange sprite pixels"
"758","20941","135","2","10","234","243","91","93","238.5","92","frame_0758.png","unclassified orange sprite pixels"
"758","20941","135","3","4","164","165","92","94","164.5","93","frame_0758.png","unclassified orange sprite pixels"
"758","20941","135","4","2","167","168","92","92","167.5","92","frame_0758.png","unclassified orange sprite pixels"
"758","20941","135","5","4","202","203","96","98","202.5","97","frame_0758.png","unclassified orange sprite pixels"
"758","20941","135","6","2","205","206","96","96","205.5","96","frame_0758.png","unclassified orange sprite pixels"
"758","20941","135","7","4","240","241","96","98","240.5","97","frame_0758.png","unclassified orange sprite pixels"
"758","20941","135","8","2","243","244","96","96","243.5","96","frame_0758.png","unclassified orange sprite pixels"
"758","20941","135","9","2","171","172","97","97","171.5","97","frame_0758.png","unclassified orange sprite pixels"
"758","20941","135","10","2","209","210","101","101","209.5","101","frame_0758.png","unclassified orange sprite pixels"
"758","20941","135","11","2","247","248","101","101","247.5","101","frame_0758.png","unclassified orange sprite pixels"
"760","20943","136","0","10","172","181","91","93","176.5","92","frame_0760.png","unclassified orange sprite pixels"
"760","20943","136","1","4","167","168","93","95","167.5","94","frame_0760.png","unclassified orange sprite pixels"
"760","20943","136","2","2","170","171","93","93","170.5","93","frame_0760.png","unclassified orange sprite pixels"
"760","20943","136","3","10","211","220","94","96","215.5","95","frame_0760.png","unclassified orange sprite pixels"
"760","20943","136","4","8","248","255","94","96","251.5","95","frame_0760.png","unclassified orange sprite pixels"
"760","20943","136","5","4","206","207","96","98","206.5","97","frame_0760.png","unclassified orange sprite pixels"
"760","20943","136","6","2","209","210","96","96","209.5","96","frame_0760.png","unclassified orange sprite pixels"
"760","20943","136","7","4","243","244","96","98","243.5","97","frame_0760.png","unclassified orange sprite pixels"
"760","20943","136","8","2","246","247","96","96","246.5","96","frame_0760.png","unclassified orange sprite pixels"
"760","20943","136","9","2","174","175","98","98","174.5","98","frame_0760.png","unclassified orange sprite pixels"
"760","20943","136","10","2","213","214","101","101","213.5","101","frame_0760.png","unclassified orange sprite pixels"
"760","20943","136","11","2","250","251","101","101","250.5","101","frame_0760.png","unclassified orange sprite pixels"
"762","20945","137","0","10","164","173","89","91","168.5","90","frame_0762.png","unclassified orange sprite pixels"
"762","20945","137","1","10","203","212","91","93","207.5","92","frame_0762.png","unclassified orange sprite pixels"
"762","20945","137","2","10","241","250","91","93","245.5","92","frame_0762.png","unclassified orange sprite pixels"
"762","20945","137","3","4","170","171","94","96","170.5","95","frame_0762.png","unclassified orange sprite pixels"
"762","20945","137","4","2","173","174","94","94","173.5","94","frame_0762.png","unclassified orange sprite pixels"
"762","20945","137","5","4","209","210","96","98","209.5","97","frame_0762.png","unclassified orange sprite pixels"
"762","20945","137","6","2","212","213","96","96","212.5","96","frame_0762.png","unclassified orange sprite pixels"
"762","20945","137","7","4","247","248","96","98","247.5","97","frame_0762.png","unclassified orange sprite pixels"
"762","20945","137","8","2","250","251","96","96","250.5","96","frame_0762.png","unclassified orange sprite pixels"
"762","20945","137","9","2","177","178","99","99","177.5","99","frame_0762.png","unclassified orange sprite pixels"
"762","20945","137","10","2","216","217","101","101","216.5","101","frame_0762.png","unclassified orange sprite pixels"
"762","20945","137","11","2","254","255","101","101","254.5","101","frame_0762.png","unclassified orange sprite pixels"
"764","20947","138","0","10","179","188","92","94","183.5","93","frame_0764.png","unclassified orange sprite pixels"
"764","20947","138","1","4","174","175","94","96","174.5","95","frame_0764.png","unclassified orange sprite pixels"
"764","20947","138","2","2","177","178","94","94","177.5","94","frame_0764.png","unclassified orange sprite pixels"
"764","20947","138","3","10","218","227","94","96","222.5","95","frame_0764.png","unclassified orange sprite pixels"
"764","20947","138","4","4","213","214","96","98","213.5","97","frame_0764.png","unclassified orange sprite pixels"
"764","20947","138","5","2","216","217","96","96","216.5","96","frame_0764.png","unclassified orange sprite pixels"
"764","20947","138","6","4","250","251","96","98","250.5","97","frame_0764.png","unclassified orange sprite pixels"
"764","20947","138","7","2","253","254","96","96","253.5","96","frame_0764.png","unclassified orange sprite pixels"
"764","20947","138","8","2","220","221","101","101","220.5","101","frame_0764.png","unclassified orange sprite pixels"
"766","20949","139","0","10","171","180","90","92","175.5","91","frame_0766.png","unclassified orange sprite pixels"
"766","20949","139","1","10","210","219","91","93","214.5","92","frame_0766.png","unclassified orange sprite pixels"
"766","20949","139","2","8","248","255","91","93","251.5","92","frame_0766.png","unclassified orange sprite pixels"
"766","20949","139","3","4","177","178","95","97","177.5","96","frame_0766.png","unclassified orange sprite pixels"
"766","20949","139","4","2","180","181","95","95","180.5","95","frame_0766.png","unclassified orange sprite pixels"
"766","20949","139","5","4","216","217","96","98","216.5","97","frame_0766.png","unclassified orange sprite pixels"
"766","20949","139","6","2","219","220","96","96","219.5","96","frame_0766.png","unclassified orange sprite pixels"
"766","20949","139","7","4","254","255","96","98","254.5","97","frame_0766.png","unclassified orange sprite pixels"
"766","20949","139","8","2","184","185","100","100","184.5","100","frame_0766.png","unclassified orange sprite pixels"
"766","20949","139","9","2","223","224","101","101","223.5","101","frame_0766.png","unclassified orange sprite pixels"
"768","20951","140","0","10","185","194","93","95","189.5","94","frame_0768.png","unclassified orange sprite pixels"
"768","20951","140","1","10","224","233","94","96","228.5","95","frame_0768.png","unclassified orange sprite pixels"
"768","20951","140","2","4","180","181","95","97","180.5","96","frame_0768.png","unclassified orange sprite pixels"
"768","20951","140","3","2","183","184","95","95","183.5","95","frame_0768.png","unclassified orange sprite pixels"
"768","20951","140","4","4","219","220","96","98","219.5","97","frame_0768.png","unclassified orange sprite pixels"
"768","20951","140","5","2","222","223","96","96","222.5","96","frame_0768.png","unclassified orange sprite pixels"
"768","20951","140","6","2","187","188","100","100","187.5","100","frame_0768.png","unclassified orange sprite pixels"
"768","20951","140","7","2","226","227","101","101","226.5","101","frame_0768.png","unclassified orange sprite pixels"
"770","20953","141","0","10","178","187","91","93","182.5","92","frame_0770.png","unclassified orange sprite pixels"
"770","20953","141","1","10","217","226","91","93","221.5","92","frame_0770.png","unclassified orange sprite pixels"
"770","20953","141","2","2","254","255","91","91","254.5","91","frame_0770.png","unclassified orange sprite pixels"
"770","20953","141","3","4","184","185","96","98","184.5","97","frame_0770.png","unclassified orange sprite pixels"
"770","20953","141","4","2","187","188","96","96","187.5","96","frame_0770.png","unclassified orange sprite pixels"
"770","20953","141","5","4","223","224","96","98","223.5","97","frame_0770.png","unclassified orange sprite pixels"
"770","20953","141","6","2","226","227","96","96","226.5","96","frame_0770.png","unclassified orange sprite pixels"
"770","20953","141","7","2","191","192","101","101","191.5","101","frame_0770.png","unclassified orange sprite pixels"
"770","20953","141","8","2","230","231","101","101","230.5","101","frame_0770.png","unclassified orange sprite pixels"
"772","20955","142","0","10","192","201","94","96","196.5","95","frame_0772.png","unclassified orange sprite pixels"
"772","20955","142","1","10","231","240","94","96","235.5","95","frame_0772.png","unclassified orange sprite pixels"
"772","20955","142","2","4","187","188","96","98","187.5","97","frame_0772.png","unclassified orange sprite pixels"
"772","20955","142","3","2","190","191","96","96","190.5","96","frame_0772.png","unclassified orange sprite pixels"
"772","20955","142","4","4","226","227","96","98","226.5","97","frame_0772.png","unclassified orange sprite pixels"
"772","20955","142","5","2","229","230","96","96","229.5","96","frame_0772.png","unclassified orange sprite pixels"
"772","20955","142","6","2","194","195","101","101","194.5","101","frame_0772.png","unclassified orange sprite pixels"
"772","20955","142","7","2","233","234","101","101","233.5","101","frame_0772.png","unclassified orange sprite pixels"
"774","20957","143","0","10","185","194","91","93","189.5","92","frame_0774.png","unclassified orange sprite pixels"
"774","20957","143","1","10","224","233","91","93","228.5","92","frame_0774.png","unclassified orange sprite pixels"
"774","20957","143","2","4","191","192","96","98","191.5","97","frame_0774.png","unclassified orange sprite pixels"
"774","20957","143","3","2","194","195","96","96","194.5","96","frame_0774.png","unclassified orange sprite pixels"
"774","20957","143","4","4","230","231","96","98","230.5","97","frame_0774.png","unclassified orange sprite pixels"
"774","20957","143","5","2","233","234","96","96","233.5","96","frame_0774.png","unclassified orange sprite pixels"
"774","20957","143","6","2","198","199","101","101","198.5","101","frame_0774.png","unclassified orange sprite pixels"
"774","20957","143","7","2","237","238","101","101","237.5","101","frame_0774.png","unclassified orange sprite pixels"
"776","20959","144","0","10","199","208","94","96","203.5","95","frame_0776.png","unclassified orange sprite pixels"
"776","20959","144","1","10","238","247","94","96","242.5","95","frame_0776.png","unclassified orange sprite pixels"
"776","20959","144","2","4","194","195","96","98","194.5","97","frame_0776.png","unclassified orange sprite pixels"
"776","20959","144","3","2","197","198","96","96","197.5","96","frame_0776.png","unclassified orange sprite pixels"
"776","20959","144","4","4","233","234","96","98","233.5","97","frame_0776.png","unclassified orange sprite pixels"
"776","20959","144","5","2","236","237","96","96","236.5","96","frame_0776.png","unclassified orange sprite pixels"
"776","20959","144","6","2","201","202","101","101","201.5","101","frame_0776.png","unclassified orange sprite pixels"
"776","20959","144","7","2","240","241","101","101","240.5","101","frame_0776.png","unclassified orange sprite pixels"
"778","20961","145","0","10","191","200","91","93","195.5","92","frame_0778.png","unclassified orange sprite pixels"
"778","20961","145","1","10","230","239","91","93","234.5","92","frame_0778.png","unclassified orange sprite pixels"
"778","20961","145","2","4","197","198","96","98","197.5","97","frame_0778.png","unclassified orange sprite pixels"
"778","20961","145","3","2","200","201","96","96","200.5","96","frame_0778.png","unclassified orange sprite pixels"
"778","20961","145","4","4","236","237","96","98","236.5","97","frame_0778.png","unclassified orange sprite pixels"
"778","20961","145","5","2","239","240","96","96","239.5","96","frame_0778.png","unclassified orange sprite pixels"
"778","20961","145","6","2","204","205","101","101","204.5","101","frame_0778.png","unclassified orange sprite pixels"
"778","20961","145","7","2","243","244","101","101","243.5","101","frame_0778.png","unclassified orange sprite pixels"
"780","20963","146","0","10","206","215","94","96","210.5","95","frame_0780.png","unclassified orange sprite pixels"
"780","20963","146","1","10","245","254","94","96","249.5","95","frame_0780.png","unclassified orange sprite pixels"
"780","20963","146","2","4","201","202","96","98","201.5","97","frame_0780.png","unclassified orange sprite pixels"
"780","20963","146","3","2","204","205","96","96","204.5","96","frame_0780.png","unclassified orange sprite pixels"
"780","20963","146","4","4","240","241","96","98","240.5","97","frame_0780.png","unclassified orange sprite pixels"
"780","20963","146","5","2","243","244","96","96","243.5","96","frame_0780.png","unclassified orange sprite pixels"
"780","20963","146","6","2","208","209","101","101","208.5","101","frame_0780.png","unclassified orange sprite pixels"
"780","20963","146","7","2","247","248","101","101","247.5","101","frame_0780.png","unclassified orange sprite pixels"
"782","20965","147","0","10","198","207","91","93","202.5","92","frame_0782.png","unclassified orange sprite pixels"
"782","20965","147","1","10","237","246","91","93","241.5","92","frame_0782.png","unclassified orange sprite pixels"
"782","20965","147","2","4","204","205","96","98","204.5","97","frame_0782.png","unclassified orange sprite pixels"
"782","20965","147","3","2","207","208","96","96","207.5","96","frame_0782.png","unclassified orange sprite pixels"
"782","20965","147","4","4","243","244","96","98","243.5","97","frame_0782.png","unclassified orange sprite pixels"
"782","20965","147","5","2","246","247","96","96","246.5","96","frame_0782.png","unclassified orange sprite pixels"
"782","20965","147","6","2","211","212","101","101","211.5","101","frame_0782.png","unclassified orange sprite pixels"
"782","20965","147","7","2","250","251","101","101","250.5","101","frame_0782.png","unclassified orange sprite pixels"
"784","20967","148","0","10","213","222","94","96","217.5","95","frame_0784.png","unclassified orange sprite pixels"
"784","20967","148","1","4","252","255","94","95","253.5","94.5","frame_0784.png","unclassified orange sprite pixels"
"784","20967","148","2","4","208","209","96","98","208.5","97","frame_0784.png","unclassified orange sprite pixels"
"784","20967","148","3","2","211","212","96","96","211.5","96","frame_0784.png","unclassified orange sprite pixels"
"784","20967","148","4","4","247","248","96","98","247.5","97","frame_0784.png","unclassified orange sprite pixels"
"784","20967","148","5","2","250","251","96","96","250.5","96","frame_0784.png","unclassified orange sprite pixels"
"784","20967","148","6","2","215","216","101","101","215.5","101","frame_0784.png","unclassified orange sprite pixels"
"784","20967","148","7","2","254","255","101","101","254.5","101","frame_0784.png","unclassified orange sprite pixels"
"786","20969","149","0","10","205","214","91","93","209.5","92","frame_0786.png","unclassified orange sprite pixels"
"786","20969","149","1","10","244","253","91","93","248.5","92","frame_0786.png","unclassified orange sprite pixels"
"786","20969","149","2","4","211","212","96","98","211.5","97","frame_0786.png","unclassified orange sprite pixels"
"786","20969","149","3","2","214","215","96","96","214.5","96","frame_0786.png","unclassified orange sprite pixels"
"786","20969","149","4","4","250","251","96","98","250.5","97","frame_0786.png","unclassified orange sprite pixels"
"786","20969","149","5","2","253","254","96","96","253.5","96","frame_0786.png","unclassified orange sprite pixels"
"786","20969","149","6","2","218","219","101","101","218.5","101","frame_0786.png","unclassified orange sprite pixels"
"786","20969","149","7","27","218","221","111","118","219.5","114.5","frame_0786.png","unclassified orange sprite pixels"
"786","20969","149","8","428","226","255","111","142","240.5","126.5","frame_0786.png","unclassified orange sprite pixels"
"786","20969","149","9","36","52","63","115","118","57.5","116.5","frame_0786.png","unclassified orange sprite pixels"
"786","20969","149","10","86","192","207","115","124","199.5","119.5","frame_0786.png","unclassified orange sprite pixels"
"786","20969","149","11","8","69","73","116","118","71","117","frame_0786.png","unclassified orange sprite pixels"
"786","20969","149","12","3","229","230","116","118","229.5","117","frame_0786.png","unclassified orange sprite pixels"
"786","20969","149","13","7","48","50","119","122","49","120.5","frame_0786.png","unclassified orange sprite pixels"
"786","20969","149","14","5","214","214","119","123","214","121","frame_0786.png","unclassified orange sprite pixels"
"786","20969","149","15","5","217","217","119","123","217","121","frame_0786.png","unclassified orange sprite pixels"
"786","20969","149","16","39","39","39","121","159","39","140","frame_0786.png","unclassified orange sprite pixels"
"786","20969","149","17","3","69","69","121","123","69","122","frame_0786.png","unclassified orange sprite pixels"
"786","20969","149","18","3","73","73","121","123","73","122","frame_0786.png","unclassified orange sprite pixels"
"786","20969","149","19","6","76","77","121","123","76.5","122","frame_0786.png","unclassified orange sprite pixels"
"786","20969","149","20","559","166","207","121","157","186.5","139","frame_0786.png","unclassified orange sprite pixels"
"786","20969","149","21","12","221","221","121","132","221","126.5","frame_0786.png","unclassified orange sprite pixels"
"786","20969","149","22","26","226","227","121","135","226.5","128","frame_0786.png","unclassified orange sprite pixels"
"786","20969","149","23","8","52","55","122","123","53.5","122.5","frame_0786.png","unclassified orange sprite pixels"
"786","20969","149","24","9","57","61","122","123","59","122.5","frame_0786.png","unclassified orange sprite pixels"
"786","20969","149","25","1826","0","161","123","176","80.5","149.5","frame_0786.png","unclassified orange sprite pixels"
"786","20969","149","26","3","217","217","125","127","217","126","frame_0786.png","unclassified orange sprite pixels"
"786","20969","149","27","21","2","3","126","138","2.5","132","frame_0786.png","unclassified orange sprite pixels"
"786","20969","149","28","123","88","97","126","150","92.5","138","frame_0786.png","unclassified orange sprite pixels"
"786","20969","149","29","2","58","59","127","128","58.5","127.5","frame_0786.png","unclassified orange sprite pixels"
"786","20969","149","30","5","76","77","127","131","76.5","129","frame_0786.png","unclassified orange sprite pixels"
"786","20969","149","31","14","83","85","127","133","84","130","frame_0786.png","unclassified orange sprite pixels"
"786","20969","149","32","8","52","55","128","132","53.5","130","frame_0786.png","unclassified orange sprite pixels"
"786","20969","149","33","37","69","71","128","142","70","135","frame_0786.png","unclassified orange sprite pixels"
"786","20969","149","34","89","6","17","129","141","11.5","135","frame_0786.png","unclassified orange sprite pixels"
"786","20969","149","35","2","57","57","129","130","57","129.5","frame_0786.png","unclassified orange sprite pixels"
"786","20969","149","36","4","58","60","131","132","59","131.5","frame_0786.png","unclassified orange sprite pixels"
"786","20969","149","37","8","157","157","131","138","157","134.5","frame_0786.png","unclassified orange sprite pixels"
"786","20969","149","38","3","143","143","132","134","143","133","frame_0786.png","unclassified orange sprite pixels"
"786","20969","149","39","8","150","150","132","139","150","135.5","frame_0786.png","unclassified orange sprite pixels"
"786","20969","149","40","7","153","153","132","138","153","135","frame_0786.png","unclassified orange sprite pixels"
"786","20969","149","41","3","207","207","132","134","207","133","frame_0786.png","unclassified orange sprite pixels"
"786","20969","149","42","7","217","217","132","138","217","135","frame_0786.png","unclassified orange sprite pixels"
"786","20969","149","43","7","214","214","133","139","214","136","frame_0786.png","unclassified orange sprite pixels"
"786","20969","149","44","13","52","55","134","140","53.5","137","frame_0786.png","unclassified orange sprite pixels"
"786","20969","149","45","9","221","221","134","142","221","138","frame_0786.png","unclassified orange sprite pixels"
"786","20969","149","46","4","58","60","135","136","59","135.5","frame_0786.png","unclassified orange sprite pixels"
"786","20969","149","47","8","76","77","135","141","76.5","138","frame_0786.png","unclassified orange sprite pixels"
"786","20969","149","48","6","83","85","135","138","84","136.5","frame_0786.png","unclassified orange sprite pixels"
"786","20969","149","49","2","57","57","137","138","57","137.5","frame_0786.png","unclassified orange sprite pixels"
"786","20969","149","50","2","61","61","137","138","61","137.5","frame_0786.png","unclassified orange sprite pixels"
"786","20969","149","51","2","73","73","137","138","73","137.5","frame_0786.png","unclassified orange sprite pixels"
"786","20969","149","52","12","137","140","137","144","138.5","140.5","frame_0786.png","unclassified orange sprite pixels"
"786","20969","149","53","2","143","143","137","138","143","137.5","frame_0786.png","unclassified orange sprite pixels"
"786","20969","149","54","8","202","204","137","141","203","139","frame_0786.png","unclassified orange sprite pixels"
"786","20969","149","55","2","207","207","137","138","207","137.5","frame_0786.png","unclassified orange sprite pixels"
"786","20969","149","56","4","58","60","139","140","59","139.5","frame_0786.png","unclassified orange sprite pixels"
"786","20969","149","57","9","6","7","140","146","6.5","143","frame_0786.png","unclassified orange sprite pixels"
"786","20969","149","58","2","83","83","140","141","83","140.5","frame_0786.png","unclassified orange sprite pixels"
"786","20969","149","59","2","92","92","140","141","92","140.5","frame_0786.png","unclassified orange sprite pixels"
"786","20969","149","60","5","3","3","141","145","3","143","frame_0786.png","unclassified orange sprite pixels"
"786","20969","149","61","5","227","227","141","145","227","143","frame_0786.png","unclassified orange sprite pixels"
"786","20969","149","62","14","52","55","142","148","53.5","145","frame_0786.png","unclassified orange sprite pixels"
"786","20969","149","63","2","150","150","142","143","150","142.5","frame_0786.png","unclassified orange sprite pixels"
"786","20969","149","64","2","214","214","142","143","214","142.5","frame_0786.png","unclassified orange sprite pixels"
"786","20969","149","65","6","10","12","143","145","11","144","frame_0786.png","unclassified orange sprite pixels"
"786","20969","149","66","3","163","163","143","145","163","144","frame_0786.png","unclassified orange sprite pixels"
"786","20969","149","67","6","170","172","143","145","171","144","frame_0786.png","unclassified orange sprite pixels"
"786","20969","149","68","3","201","202","143","144","201.5","143.5","frame_0786.png","unclassified orange sprite pixels"
"786","20969","149","69","6","230","231","143","146","230.5","144.5","frame_0786.png","unclassified orange sprite pixels"
"786","20969","149","70","6","234","236","143","145","235","144","frame_0786.png","unclassified orange sprite pixels"
"786","20969","149","71","14","23","26","144","148","24.5","146","frame_0786.png","unclassified orange sprite pixels"
"786","20969","149","72","14","183","186","144","148","184.5","146","frame_0786.png","unclassified orange sprite pixels"
"786","20969","149","73","14","247","250","144","148","248.5","146","frame_0786.png","unclassified orange sprite pixels"
"786","20969","149","74","3","157","157","145","147","157","146","frame_0786.png","unclassified orange sprite pixels"
"786","20969","149","75","3","221","221","145","147","221","146","frame_0786.png","unclassified orange sprite pixels"
"786","20969","149","76","7","192","193","160","165","192.5","162.5","frame_0786.png","unclassified orange sprite pixels"
"786","20969","149","77","226","166","255","171","176","210.5","173.5","frame_0786.png","unclassified orange sprite pixels"
"786","20969","149","78","95","16","30","181","190","23","185.5","frame_0786.png","unclassified orange sprite pixels"
"786","20969","149","79","95","208","222","181","190","215","185.5","frame_0786.png","unclassified orange sprite pixels"
"786","20969","149","80","88","20","31","192","199","25.5","195.5","frame_0786.png","unclassified orange sprite pixels"
"786","20969","149","81","88","212","223","192","199","217.5","195.5","frame_0786.png","unclassified orange sprite pixels"
"788","20971","150","0","10","219","228","94","96","223.5","95","frame_0788.png","unclassified orange sprite pixels"
"788","20971","150","1","4","214","215","96","98","214.5","97","frame_0788.png","unclassified orange sprite pixels"
"788","20971","150","2","2","217","218","96","96","217.5","96","frame_0788.png","unclassified orange sprite pixels"
"788","20971","150","3","4","254","255","96","98","254.5","97","frame_0788.png","unclassified orange sprite pixels"
"788","20971","150","4","2","221","222","101","101","221.5","101","frame_0788.png","unclassified orange sprite pixels"
"790","20973","151","0","10","212","221","91","93","216.5","92","frame_0790.png","unclassified orange sprite pixels"
"790","20973","151","1","5","251","255","91","92","253","91.5","frame_0790.png","unclassified orange sprite pixels"
"790","20973","151","2","4","218","219","96","98","218.5","97","frame_0790.png","unclassified orange sprite pixels"
"790","20973","151","3","2","221","222","96","96","221.5","96","frame_0790.png","unclassified orange sprite pixels"
"790","20973","151","4","2","225","226","101","101","225.5","101","frame_0790.png","unclassified orange sprite pixels"
"792","20975","152","0","10","226","235","94","96","230.5","95","frame_0792.png","unclassified orange sprite pixels"
"792","20975","152","1","4","221","222","96","98","221.5","97","frame_0792.png","unclassified orange sprite pixels"
"792","20975","152","2","2","224","225","96","96","224.5","96","frame_0792.png","unclassified orange sprite pixels"
"792","20975","152","3","2","228","229","101","101","228.5","101","frame_0792.png","unclassified orange sprite pixels"
"794","20977","153","0","10","219","228","91","93","223.5","92","frame_0794.png","unclassified orange sprite pixels"
"794","20977","153","1","4","225","226","96","98","225.5","97","frame_0794.png","unclassified orange sprite pixels"
"794","20977","153","2","2","228","229","96","96","228.5","96","frame_0794.png","unclassified orange sprite pixels"
"794","20977","153","3","2","232","233","101","101","232.5","101","frame_0794.png","unclassified orange sprite pixels"
"796","20979","154","0","10","233","242","94","96","237.5","95","frame_0796.png","unclassified orange sprite pixels"
"796","20979","154","1","4","228","229","96","98","228.5","97","frame_0796.png","unclassified orange sprite pixels"
"796","20979","154","2","2","231","232","96","96","231.5","96","frame_0796.png","unclassified orange sprite pixels"
"796","20979","154","3","2","235","236","101","101","235.5","101","frame_0796.png","unclassified orange sprite pixels"
"798","20981","155","0","10","225","234","91","93","229.5","92","frame_0798.png","unclassified orange sprite pixels"
"798","20981","155","1","4","231","232","96","98","231.5","97","frame_0798.png","unclassified orange sprite pixels"
"798","20981","155","2","2","234","235","96","96","234.5","96","frame_0798.png","unclassified orange sprite pixels"
"798","20981","155","3","2","238","239","101","101","238.5","101","frame_0798.png","unclassified orange sprite pixels"
"800","20983","156","0","10","240","249","94","96","244.5","95","frame_0800.png","unclassified orange sprite pixels"
"800","20983","156","1","4","235","236","96","98","235.5","97","frame_0800.png","unclassified orange sprite pixels"
"800","20983","156","2","2","238","239","96","96","238.5","96","frame_0800.png","unclassified orange sprite pixels"
"800","20983","156","3","2","242","243","101","101","242.5","101","frame_0800.png","unclassified orange sprite pixels"
"802","20985","157","0","10","232","241","91","93","236.5","92","frame_0802.png","unclassified orange sprite pixels"
"802","20985","157","1","4","238","239","96","98","238.5","97","frame_0802.png","unclassified orange sprite pixels"
"802","20985","157","2","2","241","242","96","96","241.5","96","frame_0802.png","unclassified orange sprite pixels"
"802","20985","157","3","2","245","246","101","101","245.5","101","frame_0802.png","unclassified orange sprite pixels"
"804","20987","158","0","9","247","255","94","96","251","95","frame_0804.png","unclassified orange sprite pixels"
"804","20987","158","1","4","242","243","96","98","242.5","97","frame_0804.png","unclassified orange sprite pixels"
"804","20987","158","2","2","245","246","96","96","245.5","96","frame_0804.png","unclassified orange sprite pixels"
"804","20987","158","3","2","249","250","101","101","249.5","101","frame_0804.png","unclassified orange sprite pixels"
"806","20989","159","0","10","239","248","91","93","243.5","92","frame_0806.png","unclassified orange sprite pixels"
"806","20989","159","1","4","245","246","96","98","245.5","97","frame_0806.png","unclassified orange sprite pixels"
"806","20989","159","2","2","248","249","96","96","248.5","96","frame_0806.png","unclassified orange sprite pixels"
"806","20989","159","3","2","252","253","101","101","252.5","101","frame_0806.png","unclassified orange sprite pixels"
"808","20991","160","0","3","253","255","94","94","254","94","frame_0808.png","unclassified orange sprite pixels"
"808","20991","160","1","4","248","249","96","98","248.5","97","frame_0808.png","unclassified orange sprite pixels"
"808","20991","160","2","2","251","252","96","96","251.5","96","frame_0808.png","unclassified orange sprite pixels"
"810","20993","161","0","10","246","255","91","93","250.5","92","frame_0810.png","unclassified orange sprite pixels"
"810","20993","161","1","4","252","253","96","98","252.5","97","frame_0810.png","unclassified orange sprite pixels"
"814","20997","163","0","3","253","255","91","91","254","91","frame_0814.png","unclassified orange sprite pixels"
"848","21031","180","0","15","81","88","105","109","84.5","107","frame_0848.png","unclassified orange sprite pixels"
"848","21031","180","1","2","91","92","109","110","91.5","109.5","frame_0848.png","unclassified orange sprite pixels"
"848","21031","180","2","3","95","97","109","109","96","109","frame_0848.png","unclassified orange sprite pixels"
"848","21031","180","3","7","101","105","110","111","103","110.5","frame_0848.png","unclassified orange sprite pixels"
"848","21031","180","4","3","83","85","114","114","84","114","frame_0848.png","unclassified orange sprite pixels"
"852","21035","182","0","11","81","88","105","109","84.5","107","frame_0852.png","unclassified orange sprite pixels"
"852","21035","182","1","3","95","97","109","109","96","109","frame_0852.png","unclassified orange sprite pixels"
"852","21035","182","2","7","101","105","110","111","103","110.5","frame_0852.png","unclassified orange sprite pixels"
"856","21039","184","0","15","81","88","105","109","84.5","107","frame_0856.png","unclassified orange sprite pixels"
"856","21039","184","1","2","91","92","109","110","91.5","109.5","frame_0856.png","unclassified orange sprite pixels"
"856","21039","184","2","3","95","97","109","109","96","109","frame_0856.png","unclassified orange sprite pixels"
"856","21039","184","3","7","101","105","110","111","103","110.5","frame_0856.png","unclassified orange sprite pixels"
"864","21047","188","0","11","81","88","105","109","84.5","107","frame_0864.png","unclassified orange sprite pixels"
"864","21047","188","1","3","95","97","109","109","96","109","frame_0864.png","unclassified orange sprite pixels"
"864","21047","188","2","4","102","105","111","111","103.5","111","frame_0864.png","unclassified orange sprite pixels"
"868","21051","190","0","15","81","88","105","109","84.5","107","frame_0868.png","unclassified orange sprite pixels"
"868","21051","190","1","2","91","92","109","110","91.5","109.5","frame_0868.png","unclassified orange sprite pixels"
"868","21051","190","2","3","95","97","109","109","96","109","frame_0868.png","unclassified orange sprite pixels"
"868","21051","190","3","7","101","105","110","111","103","110.5","frame_0868.png","unclassified orange sprite pixels"
"872","21055","192","0","15","81","88","105","109","84.5","107","frame_0872.png","unclassified orange sprite pixels"
"872","21055","192","1","2","91","92","109","110","91.5","109.5","frame_0872.png","unclassified orange sprite pixels"
"872","21055","192","2","3","95","97","109","109","96","109","frame_0872.png","unclassified orange sprite pixels"
"872","21055","192","3","7","101","105","110","111","103","110.5","frame_0872.png","unclassified orange sprite pixels"
"872","21055","192","4","3","83","85","114","114","84","114","frame_0872.png","unclassified orange sprite pixels"
"880","21063","196","0","15","81","88","105","109","84.5","107","frame_0880.png","unclassified orange sprite pixels"
"880","21063","196","1","2","91","92","109","110","91.5","109.5","frame_0880.png","unclassified orange sprite pixels"
"880","21063","196","2","3","95","97","109","109","96","109","frame_0880.png","unclassified orange sprite pixels"
"880","21063","196","3","7","101","105","110","111","103","110.5","frame_0880.png","unclassified orange sprite pixels"
"882","21065","197","0","4","83","86","105","108","84.5","106.5","frame_0882.png","unclassified orange sprite pixels"
"882","21065","197","1","12","88","98","109","111","93","110","frame_0882.png","unclassified orange sprite pixels"
"882","21065","197","2","6","101","105","110","111","103","110.5","frame_0882.png","unclassified orange sprite pixels"
"884","21067","198","0","15","81","88","105","109","84.5","107","frame_0884.png","unclassified orange sprite pixels"
"884","21067","198","1","2","91","92","109","110","91.5","109.5","frame_0884.png","unclassified orange sprite pixels"
"884","21067","198","2","3","95","97","109","109","96","109","frame_0884.png","unclassified orange sprite pixels"
"884","21067","198","3","7","101","105","110","111","103","110.5","frame_0884.png","unclassified orange sprite pixels"
"884","21067","198","4","3","83","85","114","114","84","114","frame_0884.png","unclassified orange sprite pixels"
"886","21069","199","0","4","83","86","105","108","84.5","106.5","frame_0886.png","unclassified orange sprite pixels"
"886","21069","199","1","12","88","98","109","111","93","110","frame_0886.png","unclassified orange sprite pixels"
"886","21069","199","2","6","101","105","110","111","103","110.5","frame_0886.png","unclassified orange sprite pixels"
"888","21071","200","0","11","81","88","105","109","84.5","107","frame_0888.png","unclassified orange sprite pixels"
"888","21071","200","1","3","95","97","109","109","96","109","frame_0888.png","unclassified orange sprite pixels"
"888","21071","200","2","7","101","105","110","111","103","110.5","frame_0888.png","unclassified orange sprite pixels"
"894","21077","203","0","4","83","86","105","108","84.5","106.5","frame_0894.png","unclassified orange sprite pixels"
"894","21077","203","1","12","88","98","109","111","93","110","frame_0894.png","unclassified orange sprite pixels"
"894","21077","203","2","6","101","105","110","111","103","110.5","frame_0894.png","unclassified orange sprite pixels"
"896","21079","204","0","15","81","88","105","109","84.5","107","frame_0896.png","unclassified orange sprite pixels"
"896","21079","204","1","2","91","92","109","110","91.5","109.5","frame_0896.png","unclassified orange sprite pixels"
"896","21079","204","2","3","95","97","109","109","96","109","frame_0896.png","unclassified orange sprite pixels"
"896","21079","204","3","7","101","105","110","111","103","110.5","frame_0896.png","unclassified orange sprite pixels"
"896","21079","204","4","3","83","85","114","114","84","114","frame_0896.png","unclassified orange sprite pixels"
"898","21081","205","0","4","83","86","105","108","84.5","106.5","frame_0898.png","unclassified orange sprite pixels"
"898","21081","205","1","12","88","98","109","111","93","110","frame_0898.png","unclassified orange sprite pixels"
"898","21081","205","2","6","101","105","110","111","103","110.5","frame_0898.png","unclassified orange sprite pixels"
"900","21083","206","0","11","81","88","105","109","84.5","107","frame_0900.png","unclassified orange sprite pixels"
"900","21083","206","1","3","95","97","109","109","96","109","frame_0900.png","unclassified orange sprite pixels"
"900","21083","206","2","7","101","105","110","111","103","110.5","frame_0900.png","unclassified orange sprite pixels"
