frame,address,previous,current
20185,0x0004,18,20
20185,0x0020,112,200
20185,0x0021,0,76
20185,0x0022,104,0
20185,0x0028,0,32
20185,0x002E,65,0
20185,0x0049,2,4
20185,0x0068,16,24
20185,0x0069,191,193
20185,0x006B,121,123
20185,0x006D,0,48
20185,0x007B,39,40
20185,0x00AD,80,82
20185,0x00B7,0,2
20185,0x00CD,120,123
20185,0x00CE,240,246
20185,0x00CF,144,154
20185,0x00D0,49,63
20185,0x0176,21,20
20185,0x01BB,66,6
20185,0x01BC,8,233
20185,0x01FE,8,10
20185,0x02F6,155,4
20185,0x0305,88,4
20185,0x030D,102,18
20185,0x0315,116,32
20185,0x031D,130,46
20185,0x0325,144,60
20185,0x032D,158,74
20185,0x0501,137,133
20185,0x0502,86,94
20185,0x0508,66,69
20185,0x0509,94,85
20185,0x050A,4,20
20185,0x050B,8,20
20185,0x050F,2,138
20185,0x0510,84,86
20185,0x0512,12,40
20185,0x0600,0,225
20185,0x0601,0,22
20185,0x0602,0,241
20185,0x0603,0,22
20185,0x0604,0,10
20185,0x0605,0,23
20185,0x0606,0,11
20185,0x0607,0,16
20185,0x0608,0,11
20185,0x0609,0,16
20185,0x060A,0,11
20185,0x060B,0,16
20185,0x060C,0,11
20185,0x060D,0,16
20185,0x060E,0,92
20185,0x060F,0,23
20185,0x0610,0,196
20185,0x0611,0,22
20185,0x0612,0,200
20185,0x0613,0,22
20185,0x0620,224,0
20185,0x0621,22,0
20185,0x0622,240,0
20185,0x0623,22,0
20185,0x0624,9,0
20185,0x0625,23,0
20185,0x0626,11,0
20185,0x0627,16,0
20185,0x0628,15,0
20185,0x0629,23,0
20185,0x062A,29,0
20185,0x062B,23,0
20185,0x062C,11,0
20185,0x062D,16,0
20185,0x062E,199,0
20185,0x062F,22,0
20185,0x0630,195,0
20185,0x0631,22,0
20185,0x0632,199,0
20185,0x0633,22,0
20185,0x0901,224,104
20185,0x0905,224,104
20185,0x0B00,0,10
20185,0x0B22,9,10
20185,0x0B24,19,20
20185,0x0B26,39,40
20185,0x0B28,78,80
20185,0x0B82,9,10
20185,0x0B84,19,20
20185,0x0B86,39,40
20185,0x0B88,78,80
20185,0x0F99,39,40
20185,0x0F9D,39,40
20185,0x0FD1,39,40
20185,0x0FF0,39,40
20185,0x1000,128,192
20185,0x1033,40,38
20187,0x0020,200,112
20187,0x0021,76,0
20187,0x0022,0,104
20187,0x0028,32,0
20187,0x002E,0,65
20187,0x0049,4,2
20187,0x0068,24,16
20187,0x0069,193,195
20187,0x006B,123,125
20187,0x006D,48,0
20187,0x007B,40,41
20187,0x00AD,82,84
20187,0x00B7,2,0
20187,0x00CD,123,126
20187,0x00CE,246,252
20187,0x00CF,154,164
20187,0x00D0,63,77
20187,0x01BB,6,66
20187,0x01BC,233,8
20187,0x02F6,4,155
20187,0x02FD,39,41
20187,0x0901,104,224
20187,0x0905,104,224
20187,0x0B00,10,0
20187,0x0B26,40,41
20187,0x0B28,80,82
20187,0x0B86,40,41
20187,0x0B88,80,82
20187,0x0F99,40,41
20187,0x0F9D,40,41
20187,0x0FD1,40,41
20187,0x0FF0,40,41
20187,0x1000,192,128
20187,0x1033,38,36
20189,0x0000,150,208
20189,0x0001,223,229
20189,0x0020,112,200
20189,0x0021,0,76
20189,0x0022,104,0
20189,0x0024,0,8
20189,0x0026,32,34
20189,0x0028,0,34
20189,0x002A,8,0
20189,0x002E,65,0
20189,0x0049,2,4
20189,0x0068,16,24
20189,0x0069,195,197
20189,0x006B,125,127
20189,0x006D,0,48
20189,0x0072,118,120
20189,0x007B,41,42
20189,0x0098,0,64
20189,0x009B,0,64
20189,0x009F,0,64
20189,0x00AD,84,86
20189,0x00B7,0,4
20189,0x00CD,126,129
20189,0x00CE,252,2
20189,0x00CF,164,175
20189,0x00D0,77,91
20189,0x00FA,0,64
20189,0x00FC,0,64
20189,0x0172,94,144
20189,0x0173,0,229
20189,0x0174,192,4
20189,0x0175,15,132
20189,0x0176,20,229
20189,0x0178,224,54
20189,0x01B9,0,128
20189,0x01BB,66,6
20189,0x01BC,8,233
20189,0x01FE,10,12
20189,0x02F6,155,4
20189,0x02FD,41,39
20189,0x0305,4,176
20189,0x0306,152,151
20189,0x030D,18,190
20189,0x030E,152,151
20189,0x0315,32,204
20189,0x0316,152,151
20189,0x031D,46,218
20189,0x031E,152,151
20189,0x0325,60,232
20189,0x0326,152,151
20189,0x032D,74,246
20189,0x032E,152,151
20189,0x0901,224,104
20189,0x0905,224,104
20189,0x0908,30,102
20189,0x0909,224,108
20189,0x090A,0,9
20189,0x090B,123,34
20189,0x090C,15,94
20189,0x090D,224,108
20189,0x090E,0,8
20189,0x090F,59,34
20189,0x0B00,0,10
20189,0x0B24,20,21
20189,0x0B26,41,42
20189,0x0B28,82,84
20189,0x0B84,20,21
20189,0x0B86,41,42
20189,0x0B88,82,84
20189,0x0C56,240,37
20189,0x0C57,0,224
20189,0x0F99,41,42
20189,0x0F9D,41,42
20189,0x0FD1,41,42
20189,0x0FF0,41,42
20189,0x1000,128,192
20189,0x1033,36,34
20189,0x103B,0,2
20189,0x103C,0,10
20189,0x103D,0,90
20189,0x1080,0,200
20189,0x1081,0,175
20189,0x1082,0,230
20189,0x1083,0,4
20189,0x1084,0,77
20189,0x1085,0,231
20189,0x1086,0,4
20189,0x108A,0,4
20189,0x1091,0,102
20189,0x1094,0,112
20189,0x1097,0,11
20189,0x109E,0,6
20189,0x109F,0,2
20189,0x10A0,0,14
20189,0x10A1,0,1
20189,0x10A2,0,65
20189,0x10A3,0,7
20189,0x10A4,0,67
20189,0x10A5,0,7
20189,0x10A6,0,255
20189,0x10A7,0,2
20189,0x10AA,0,86
20189,0x10AB,0,1
20189,0x10AC,0,17
20189,0x10AD,0,16
20191,0x0000,208,175
20191,0x0001,229,230
20191,0x0020,200,116
20191,0x0021,76,0
20191,0x0022,0,108
20191,0x0049,4,2
20191,0x0068,24,16
20191,0x0069,197,199
20191,0x006B,127,129
20191,0x006D,48,0
20191,0x0071,118,120
20191,0x007B,42,43
20191,0x0098,64,0
20191,0x009B,64,0
20191,0x009F,64,0
20191,0x00AD,86,88
20191,0x00B7,4,2
20191,0x00CD,129,132
20191,0x00CE,2,8
20191,0x00CF,175,185
20191,0x00D0,91,105
20191,0x00FA,64,0
20191,0x00FC,64,0
20191,0x0174,4,52
20191,0x0175,132,204
20191,0x0176,229,230
20191,0x0177,0,4
20191,0x0178,54,67
20191,0x02F6,4,155
20191,0x0900,96,124
20191,0x0901,104,108
20191,0x0902,2,9
20191,0x0903,32,34
20191,0x0904,80,116
20191,0x0905,104,108
20191,0x0906,0,8
20191,0x0907,32,34
20191,0x0908,102,96
20191,0x0909,108,224
20191,0x090A,9,2
20191,0x090B,34,32
20191,0x090C,94,80
20191,0x090D,108,224
20191,0x090E,8,0
20191,0x090F,34,32
20191,0x0B00,10,0
20191,0x0B26,42,43
20191,0x0B28,84,86
20191,0x0B86,42,43
20191,0x0B88,84,86
20191,0x0F99,42,43
20191,0x0F9D,42,43
20191,0x0FD1,42,43
20191,0x0FF0,42,43
20191,0x1000,192,128
20191,0x1033,34,32
20191,0x103B,2,0
20191,0x103C,10,8
20191,0x1091,102,124
20191,0x10A6,255,253
20191,0xFFFF,124,125
20193,0x0004,20,22
20193,0x0020,116,200
20193,0x0021,0,76
20193,0x0022,108,0
20193,0x0049,2,4
20193,0x0068,16,24
20193,0x0069,199,201
20193,0x006B,129,131
20193,0x006D,0,48
20193,0x007B,43,44
20193,0x00AD,88,90
20193,0x00B7,2,4
20193,0x00B8,1,0
20193,0x00BA,0,1
20193,0x00BF,96,104
20193,0x00C2,4,5
20193,0x00CD,132,135
20193,0x00CE,8,14
20193,0x00CF,185,195
20193,0x00D0,105,119
20193,0x01FE,12,14
20193,0x02F6,155,25
20193,0x02FD,39,41
20193,0x0305,176,92
20193,0x030D,190,106
20193,0x0315,204,120
20193,0x031D,218,134
20193,0x0325,232,148
20193,0x032D,246,162
20193,0x0501,133,139
20193,0x0502,94,86
20193,0x0600,225,0
20193,0x0601,22,0
20193,0x0602,241,0
20193,0x0603,22,0
20193,0x0604,10,0
20193,0x0605,23,0
20193,0x0606,11,0
20193,0x0607,16,0
20193,0x0608,11,0
20193,0x0609,16,0
20193,0x060A,11,0
20193,0x060B,16,0
20193,0x060C,11,0
20193,0x060D,16,0
20193,0x060E,92,0
20193,0x060F,23,0
20193,0x0610,196,0
20193,0x0611,22,0
20193,0x0612,200,0
20193,0x0613,22,0
20193,0x0900,124,96
20193,0x0901,108,104
20193,0x0902,9,2
20193,0x0903,34,32
20193,0x0904,116,80
20193,0x0905,108,104
20193,0x0906,8,0
20193,0x0907,34,32
20193,0x0908,96,146
20193,0x0909,224,108
20193,0x090A,2,9
20193,0x090B,32,34
20193,0x090C,80,138
20193,0x090D,224,108
20193,0x090E,0,8
20193,0x090F,32,34
20193,0x0B00,0,10
20193,0x0B22,10,11
20193,0x0B24,21,22
20193,0x0B26,43,44
20193,0x0B28,86,88
20193,0x0B82,10,11
20193,0x0B84,21,22
20193,0x0B86,43,44
20193,0x0B88,86,88
20193,0x0F99,43,44
20193,0x0F9D,43,44
20193,0x0FD1,43,44
20193,0x0FF0,43,44
20193,0x1000,128,192
20193,0x1033,32,30
20193,0x103C,8,6
20193,0x1091,124,146
20193,0x10A6,253,251
20195,0x0020,200,160
20195,0x0021,76,0
20195,0x0022,0,108
20195,0x0049,4,2
20195,0x0068,24,16
20195,0x0069,201,203
20195,0x006B,131,133
20195,0x006D,48,0
20195,0x007B,44,45
20195,0x0098,0,64
20195,0x009B,0,64
20195,0x009F,0,64
20195,0x00AD,90,92
20195,0x00B7,4,2
20195,0x00CD,135,138
20195,0x00CE,14,20
20195,0x00CF,195,205
20195,0x00D0,119,133
20195,0x00FA,0,64
20195,0x00FC,0,64
20195,0x017D,52,116
20195,0x02F6,25,155
20195,0x02FD,41,39
20195,0x0900,96,168
20195,0x0901,104,108
20195,0x0902,2,9
20195,0x0903,32,34
20195,0x0904,80,160
20195,0x0905,104,108
20195,0x0906,0,8
20195,0x0907,32,34
20195,0x0908,146,96
20195,0x0909,108,224
20195,0x090A,9,2
20195,0x090B,34,32
20195,0x090C,138,80
20195,0x090D,108,224
20195,0x090E,8,0
20195,0x090F,34,32
20195,0x0B00,10,0
20195,0x0B26,44,45
20195,0x0B28,88,90
20195,0x0B86,44,45
20195,0x0B88,88,90
20195,0x0F99,44,45
20195,0x0F9D,44,45
20195,0x0FD1,44,45
20195,0x0FF0,44,45
20195,0x1000,192,128
20195,0x1033,30,28
20195,0x103C,6,4
20195,0x1091,146,168
20195,0x10A6,251,249
20197,0x0020,160,169
20197,0x0021,0,76
20197,0x0022,108,0
20197,0x0049,2,4
20197,0x0068,16,24
20197,0x0069,203,205
20197,0x006B,133,135
20197,0x006D,0,32
20197,0x007B,45,46
20197,0x0098,64,0
20197,0x009B,64,0
20197,0x009F,64,0
20197,0x00AD,92,94
20197,0x00B7,2,4
20197,0x00CD,138,141
20197,0x00CE,20,26
20197,0x00CF,205,215
20197,0x00D0,133,147
20197,0x00FA,64,0
20197,0x00FC,64,0
20197,0x017D,116,52
20197,0x01FC,75,107
20197,0x01FE,14,2
20197,0x01FF,0,143
20197,0x02F6,155,25
20197,0x0301,8,41
20197,0x0303,14,10
20197,0x0305,92,4
20197,0x0306,151,149
20197,0x0309,40,73
20197,0x030B,14,10
20197,0x030D,106,14
20197,0x030E,151,149
20197,0x0311,72,105
20197,0x0313,14,10
20197,0x0315,120,24
20197,0x0316,151,149
20197,0x0319,104,137
20197,0x031B,14,10
20197,0x031D,134,34
20197,0x031E,151,149
20197,0x0900,168,96
20197,0x0901,108,104
20197,0x0902,9,2
20197,0x0903,34,32
20197,0x0904,160,80
20197,0x0905,108,104
20197,0x0906,8,0
20197,0x0907,34,32
20197,0x0908,96,190
20197,0x0909,224,108
20197,0x090A,2,9
20197,0x090B,32,34
20197,0x090C,80,182
20197,0x090D,224,108
20197,0x090E,0,8
20197,0x090F,32,34
20197,0x0B00,0,10
20197,0x0B24,22,23
20197,0x0B26,45,46
20197,0x0B28,90,92
20197,0x0B84,22,23
20197,0x0B86,45,46
20197,0x0B88,90,92
20197,0x0F99,45,46
20197,0x0F9D,45,46
20197,0x0FD1,45,46
20197,0x0FF0,45,46
20197,0x1000,128,192
20197,0x1033,28,26
20197,0x103C,4,2
20197,0x1091,168,190
20197,0x10A6,249,247
20199,0x0020,169,204
20199,0x0021,76,0
20199,0x0022,0,108
20199,0x0025,0,1
20199,0x0049,4,2
20199,0x0068,24,16
20199,0x0069,205,207
20199,0x006B,135,137
20199,0x006D,32,0
20199,0x007B,46,47
20199,0x00AD,94,96
20199,0x00B7,4,2
20199,0x00CD,141,144
20199,0x00CE,26,32
20199,0x00CF,215,225
20199,0x00D0,147,161
20199,0x02F6,25,155
20199,0x0900,96,212
20199,0x0901,104,108
20199,0x0902,2,9
20199,0x0903,32,34
20199,0x0904,80,204
20199,0x0905,104,108
20199,0x0906,0,8
20199,0x0907,32,34
20199,0x0908,190,96
20199,0x0909,108,224
20199,0x090A,9,2
20199,0x090B,34,32
20199,0x090C,182,80
20199,0x090D,108,224
20199,0x090E,8,0
20199,0x090F,34,32
20199,0x0B00,10,0
20199,0x0B26,46,47
20199,0x0B28,92,94
20199,0x0B86,46,47
20199,0x0B88,92,94
20199,0x0F99,46,47
20199,0x0F9D,46,47
20199,0x0FD1,46,47
20199,0x0FF0,46,47
20199,0x1000,192,128
20199,0x1033,26,24
20199,0x103C,2,0
20199,0x1091,190,212
20199,0x10A6,247,245
20201,0x0000,175,208
20201,0x0001,230,229
20201,0x0004,22,24
20201,0x0020,204,169
20201,0x0021,0,76
20201,0x0022,108,0
20201,0x0049,2,4
20201,0x0068,16,24
20201,0x0069,207,209
20201,0x006B,137,139
20201,0x006D,0,32
20201,0x0072,120,122
20201,0x007B,47,48
20201,0x0098,0,64
20201,0x009B,0,64
20201,0x009F,0,64
20201,0x00AD,96,98
20201,0x00B7,2,6
20201,0x00CD,144,147
20201,0x00CE,32,38
20201,0x00CF,225,235
20201,0x00D0,161,175
20201,0x00FA,0,64
20201,0x00FC,0,64
20201,0x0178,67,54
20201,0x01B9,128,192
20201,0x01FE,2,4
20201,0x02F6,155,25
20201,0x02FD,39,41
20201,0x0305,4,220
20201,0x0306,149,148
20201,0x030D,14,230
20201,0x030E,149,148
20201,0x0315,24,240
20201,0x0316,149,148
20201,0x031D,34,250
20201,0x031E,149,148
20201,0x0501,139,67
20201,0x0502,86,94
20201,0x0503,20,4
20201,0x0508,69,3
20201,0x0509,85,84
20201,0x050B,20,4
20201,0x050F,138,134
20201,0x0510,86,94
20201,0x0512,40,24
20201,0x0516,132,70
20201,0x0517,94,85
20201,0x0519,32,44
20201,0x051D,68,140
20201,0x051E,85,86
20201,0x0520,52,64
20201,0x0600,0,116
20201,0x0601,0,16
20201,0x0602,0,118
20201,0x0603,0,16
20201,0x0618,0,226
20201,0x0619,0,22
20201,0x061A,0,242
20201,0x061B,0,22
20201,0x061C,0,11
20201,0x061D,0,23
20201,0x061E,0,11
20201,0x061F,0,16
20201,0x0620,0,11
20201,0x0621,0,16
20201,0x0622,0,11
20201,0x0623,0,16
20201,0x0624,0,11
20201,0x0625,0,16
20201,0x0626,0,93
20201,0x0627,0,23
20201,0x0628,0,197
20201,0x0629,0,22
20201,0x062A,0,201
20201,0x062B,0,22
20201,0x0900,212,96
20201,0x0901,108,104
20201,0x0902,9,2
20201,0x0903,34,32
20201,0x0904,204,80
20201,0x0905,108,104
20201,0x0906,8,0
20201,0x0907,34,32
20201,0x0908,96,234
20201,0x0909,224,108
20201,0x090A,2,9
20201,0x090B,32,34
20201,0x090C,80,226
20201,0x090D,224,108
20201,0x090E,0,8
20201,0x090F,32,34
20201,0x0910,79,102
20201,0x0911,224,108
20201,0x0912,105,9
20201,0x0913,61,34
20201,0x0914,71,94
20201,0x0915,224,108
20201,0x0916,104,8
20201,0x0917,61,34
20201,0x0B00,0,10
20201,0x0B22,11,12
20201,0x0B24,23,24
20201,0x0B26,47,48
20201,0x0B28,94,96
20201,0x0B82,11,12
20201,0x0B84,23,24
20201,0x0B86,47,48
20201,0x0B88,94,96
20201,0x0C58,4,37
20201,0x0C59,0,224
20201,0x0F99,47,48
20201,0x0F9D,47,48
20201,0x0FD1,47,48
20201,0x0FF0,47,48
20201,0x1000,128,192
20201,0x1033,24,22
20201,0x103B,0,2
20201,0x103C,0,10
20201,0x1091,212,234
20201,0x10A6,245,243
20201,0x10C0,0,200
20201,0x10C1,0,175
20201,0x10C2,0,230
20201,0x10C3,0,4
20201,0x10C4,0,77
20201,0x10C5,0,231
20201,0x10C6,0,4
20201,0x10CA,0,4
20201,0x10D1,0,102
20201,0x10D4,0,112
20201,0x10D7,0,11
20201,0x10DE,0,6
20201,0x10DF,0,2
20201,0x10E0,0,14
20201,0x10E1,0,1
20201,0x10E2,0,65
20201,0x10E3,0,7
20201,0x10E4,0,67
20201,0x10E5,0,7
20201,0x10E6,0,255
20201,0x10E7,0,2
20201,0x10EA,0,86
20201,0x10EB,0,1
20201,0x10EC,0,17
20201,0x10ED,0,16
20203,0x0000,208,175
20203,0x0001,229,230
20203,0x0020,169,116
20203,0x0021,76,0
20203,0x0022,0,108
20203,0x0025,1,0
20203,0x0049,4,2
20203,0x0068,24,16
20203,0x0069,209,211
20203,0x006B,139,141
20203,0x006D,32,0
20203,0x0071,120,122
20203,0x007B,48,49
20203,0x0098,64,0
20203,0x009B,64,0
20203,0x009F,64,0
20203,0x00AD,98,100
20203,0x00B7,6,2
20203,0x00CD,147,150
20203,0x00CE,38,44
20203,0x00CF,235,245
20203,0x00D0,175,189
20203,0x00FA,64,0
20203,0x00FC,64,0
20203,0x0178,54,67
20203,0x02F6,25,155
20203,0x0900,96,124
20203,0x0901,104,108
20203,0x0902,2,9
20203,0x0903,32,34
20203,0x0904,80,116
20203,0x0905,104,108
20203,0x0906,0,8
20203,0x0907,32,34
20203,0x0908,234,245
20203,0x0909,108,224
20203,0x090C,226,237
20203,0x090D,108,224
20203,0x0910,102,96
20203,0x0911,108,224
20203,0x0912,9,2
20203,0x0913,34,32
20203,0x0914,94,80
20203,0x0915,108,224
20203,0x0916,8,0
20203,0x0917,34,32
20203,0x0B00,10,0
20203,0x0B26,48,49
20203,0x0B28,96,98
20203,0x0B86,48,49
20203,0x0B88,96,98
20203,0x0F99,48,49
20203,0x0F9D,48,49
20203,0x0FD1,48,49
20203,0x0FF0,48,49
20203,0x1000,192,128
20203,0x1033,22,20
20203,0x103B,2,0
20203,0x103C,10,8
20203,0x1080,200,0
20203,0x1091,234,0
20203,0x1092,0,1
20203,0x10A6,243,242
20203,0x10D1,102,124
20203,0x10E6,255,253
20203,0xFFFF,125,126
20205,0x0020,116,169
20205,0x0021,0,76
20205,0x0022,108,0
20205,0x0049,2,4
20205,0x0068,16,24
20205,0x0069,211,213
20205,0x006B,141,143
20205,0x006D,0,32
20205,0x007B,49,50
20205,0x00AD,100,102
20205,0x00B7,2,4
20205,0x00CD,150,153
20205,0x00CE,44,50
20205,0x00CF,245,255
20205,0x00D0,189,203
20205,0x01FE,4,6
20205,0x02F6,155,25
20205,0x02FD,41,39
20205,0x0305,220,180
20205,0x030D,230,190
20205,0x0315,240,200
20205,0x031D,250,210
20205,0x0900,124,96
20205,0x0901,108,104
20205,0x0902,9,2
20205,0x0903,34,32
20205,0x0904,116,80
20205,0x0905,108,104
20205,0x0906,8,0
20205,0x0907,34,32
20205,0x0908,245,146
20205,0x0909,224,108
20205,0x090C,237,138
20205,0x090D,224,108
20205,0x0B00,0,10
20205,0x0B24,24,25
20205,0x0B26,49,50
20205,0x0B28,98,100
20205,0x0B84,24,25
20205,0x0B86,49,50
20205,0x0B88,98,100
20205,0x0F99,49,50
20205,0x0F9D,49,50
20205,0x0FD1,49,50
20205,0x0FF0,49,50
20205,0x1000,128,192
20205,0x1033,20,18
20205,0x103C,8,6
20205,0x10D1,124,146
20205,0x10E6,253,251
20207,0x0020,169,160
20207,0x0021,76,0
20207,0x0022,0,108
20207,0x0049,4,2
20207,0x0068,24,16
20207,0x0069,213,215
20207,0x006B,143,145
20207,0x006D,32,0
20207,0x007B,50,51
20207,0x0098,0,64
20207,0x009B,0,64
20207,0x009F,0,64
20207,0x00AD,102,104
20207,0x00B7,4,2
20207,0x00CD,153,156
20207,0x00CE,50,56
20207,0x00CF,255,9
20207,0x00D0,203,218
20207,0x00FA,0,64
20207,0x00FC,0,64
20207,0x02F6,25,155
20207,0x0900,96,168
20207,0x0901,104,108
20207,0x0902,2,9
20207,0x0903,32,34
20207,0x0904,80,160
20207,0x0905,104,108
20207,0x0906,0,8
20207,0x0907,32,34
20207,0x0908,146,96
20207,0x0909,108,224
20207,0x090A,9,2
20207,0x090B,34,32
20207,0x090C,138,80
20207,0x090D,108,224
20207,0x090E,8,0
20207,0x090F,34,32
20207,0x0B00,10,0
20207,0x0B26,50,51
20207,0x0B28,100,102
20207,0x0B86,50,51
20207,0x0B88,100,102
20207,0x0F99,50,51
20207,0x0F9D,50,51
20207,0x0FD1,50,51
20207,0x0FF0,50,51
20207,0x1000,192,128
20207,0x1033,18,16
20207,0x103C,6,4
20207,0x10D1,146,168
20207,0x10E6,251,249
20209,0x0004,24,26
20209,0x0020,160,169
20209,0x0021,0,76
20209,0x0022,108,0
20209,0x0049,2,4
20209,0x0068,16,24
20209,0x0069,215,217
20209,0x006B,145,147
20209,0x006D,0,32
20209,0x007B,51,52
20209,0x0098,64,0
20209,0x009B,64,0
20209,0x009F,64,0
20209,0x00AD,104,106
20209,0x00B7,2,4
20209,0x00CD,156,159
20209,0x00CE,56,62
20209,0x00CF,9,19
20209,0x00D0,218,232
20209,0x00FA,64,0
20209,0x00FC,64,0
20209,0x01FE,6,8
20209,0x02F6,155,25
20209,0x02FD,39,41
20209,0x0305,180,20
20209,0x030D,190,30
20209,0x0315,200,40
20209,0x031D,210,50
20209,0x0501,67,141
20209,0x0502,94,86
20209,0x0503,4,20
20209,0x0600,116,0
20209,0x0601,16,0
20209,0x0602,118,0
20209,0x0603,16,0
20209,0x0900,168,96
20209,0x0901,108,104
20209,0x0902,9,2
20209,0x0903,34,32
20209,0x0904,160,80
20209,0x0905,108,104
20209,0x0906,8,0
20209,0x0907,34,32
20209,0x0908,96,190
20209,0x0909,224,108
20209,0x090A,2,9
20209,0x090B,32,34
20209,0x090C,80,182
20209,0x090D,224,108
20209,0x090E,0,8
20209,0x090F,32,34
20209,0x0B00,0,10
20209,0x0B22,12,13
20209,0x0B24,25,26
20209,0x0B26,51,52
20209,0x0B28,102,104
20209,0x0B82,12,13
20209,0x0B84,25,26
20209,0x0B86,51,52
20209,0x0B88,102,104
20209,0x0F99,51,52
20209,0x0F9D,51,52
20209,0x0FD1,51,52
20209,0x0FF0,51,52
20209,0x1000,128,192
20209,0x1033,16,14
20209,0x103C,4,2
20209,0x10D1,168,190
20209,0x10E6,249,247
20211,0x0020,169,204
20211,0x0021,76,0
20211,0x0022,0,108
20211,0x0025,0,1
20211,0x0049,4,2
20211,0x0068,24,16
20211,0x0069,217,219
20211,0x006B,147,149
20211,0x006D,32,0
20211,0x007B,52,53
20211,0x00AD,106,108
20211,0x00B7,4,2
20211,0x00CD,159,162
20211,0x00CE,62,68
20211,0x00CF,19,29
20211,0x00D0,232,246
20211,0x02F6,25,155
20211,0x02FD,41,39
20211,0x0900,96,212
20211,0x0901,104,108
20211,0x0902,2,9
20211,0x0903,32,34
20211,0x0904,80,204
20211,0x0905,104,108
20211,0x0906,0,8
20211,0x0907,32,34
20211,0x0908,190,96
20211,0x0909,108,224
20211,0x090A,9,2
20211,0x090B,34,32
20211,0x090C,182,80
20211,0x090D,108,224
20211,0x090E,8,0
20211,0x090F,34,32
20211,0x0B00,10,0
20211,0x0B26,52,53
20211,0x0B28,104,106
20211,0x0B86,52,53
20211,0x0B88,104,106
20211,0x0F99,52,53
20211,0x0F9D,52,53
20211,0x0FD1,52,53
20211,0x0FF0,52,53
20211,0x1000,192,128
20211,0x1033,14,12
20211,0x103C,2,0
20211,0x10D1,190,212
20211,0x10E6,247,245
20213,0x0020,204,226
20213,0x0048,32,0
20213,0x0049,2,0
20213,0x0068,16,24
20213,0x0069,219,221
20213,0x006B,149,151
20213,0x0072,122,124
20213,0x007B,53,54
20213,0x0098,0,64
20213,0x009B,0,64
20213,0x009F,0,64
20213,0x00AD,108,110
20213,0x00B7,2,6
20213,0x00CD,162,165
20213,0x00CE,68,74
20213,0x00CF,29,39
20213,0x00D0,246,4
20213,0x00FA,0,64
20213,0x00FC,0,64
20213,0x017D,52,53
20213,0x01FE,8,10
20213,0x02F6,155,25
20213,0x0900,212,96
20213,0x0901,108,104
20213,0x0902,9,2
20213,0x0903,34,32
20213,0x0904,204,80
20213,0x0905,108,104
20213,0x0906,8,0
20213,0x0907,34,32
20213,0x0908,96,102
20213,0x0909,224,108
20213,0x090A,2,9
20213,0x090B,32,34
20213,0x090C,80,94
20213,0x090D,224,108
20213,0x090E,0,8
20213,0x090F,32,34
20213,0x0910,96,234
20213,0x0911,224,108
20213,0x0912,2,9
20213,0x0913,32,34
20213,0x0914,80,226
20213,0x0915,224,108
20213,0x0916,0,8
20213,0x0917,32,34
20213,0x0B00,0,10
20213,0x0B24,26,27
20213,0x0B26,53,54
20213,0x0B28,106,108
20213,0x0B84,26,27
20213,0x0B86,53,54
20213,0x0B88,106,108
20213,0x0C5A,41,37
20213,0x0C5B,157,224
20213,0x0F99,53,54
20213,0x0F9D,53,54
20213,0x0FD1,53,54
20213,0x0FF0,53,54
20213,0x1000,128,192
20213,0x1033,12,10
20213,0x103B,0,2
20213,0x103C,0,10
20213,0x1080,0,200
20213,0x1091,0,102
20213,0x1092,1,0
20213,0x10A6,242,255
20213,0x10D1,212,234
20213,0x10E6,245,243
20215,0x0020,226,116
20215,0x0025,1,0
20215,0x0068,24,16
20215,0x0069,221,223
20215,0x006B,151,153
20215,0x0071,122,124
20215,0x007B,54,55
20215,0x0098,64,0
20215,0x009B,64,0
20215,0x009F,64,0
20215,0x00AD,110,112
20215,0x00B7,6,2
20215,0x00CD,165,168
20215,0x00CE,74,80
20215,0x00CF,39,49
20215,0x00D0,4,18
20215,0x00FA,64,0
20215,0x00FC,64,0
20215,0x0175,204,20
20215,0x0176,230,180
20215,0x0177,4,230
20215,0x0178,67,4
20215,0x017D,53,52
20215,0x01B9,192,128
20215,0x02F6,25,155
20215,0x02FD,39,41
20215,0x0900,96,124
20215,0x0901,104,108
20215,0x0902,2,9
20215,0x0903,32,34
20215,0x0904,80,116
20215,0x0905,104,108
20215,0x0906,0,8
20215,0x0907,32,34
20215,0x0908,102,113
20215,0x0909,108,224
20215,0x090C,94,105
20215,0x090D,108,224
20215,0x0910,234,96
20215,0x0911,108,224
20215,0x0912,9,2
20215,0x0913,34,32
20215,0x0914,226,80
20215,0x0915,108,224
20215,0x0916,8,0
20215,0x0917,34,32
20215,0x0B00,10,0
20215,0x0B26,54,55
20215,0x0B28,108,110
20215,0x0B86,54,55
20215,0x0B88,108,110
20215,0x0F99,54,55
20215,0x0F9D,54,55
20215,0x0FD1,54,55
20215,0x0FF0,54,55
20215,0x1000,192,128
20215,0x1033,10,8
20215,0x103B,2,0
20215,0x103C,10,8
20215,0x1091,102,124
20215,0x10A6,255,253
20215,0x10C0,200,0
20215,0x10D1,234,0
20215,0x10D2,0,1
20215,0x10E6,243,242
20215,0xFFFF,126,127
20217,0x0004,26,28
20217,0x0020,116,138
20217,0x0069,223,225
20217,0x006B,153,155
20217,0x007B,55,56
20217,0x00AD,112,114
20217,0x00B7,2,4
20217,0x00CD,168,171
20217,0x00CE,80,86
20217,0x00CF,49,59
20217,0x00D0,18,32
20217,0x0175,20,204
20217,0x0176,180,230
20217,0x0177,230,4
20217,0x0178,4,67
20217,0x02F6,155,25
20217,0x0501,141,135
20217,0x0502,86,94
20217,0x0508,3,71
20217,0x0509,84,85
20217,0x050B,4,20
20217,0x050F,134,142
20217,0x0510,94,86
20217,0x0512,24,40
20217,0x0600,0,227
20217,0x0601,0,22
20217,0x0602,0,243
20217,0x0603,0,22
20217,0x0604,0,95
20217,0x0605,0,16
20217,0x0606,0,11
20217,0x0607,0,16
20217,0x0608,0,11
20217,0x0609,0,16
20217,0x060A,0,11
20217,0x060B,0,16
20217,0x060C,0,11
20217,0x060D,0,16
20217,0x060E,0,95
20217,0x060F,0,208
20217,0x0610,0,198
20217,0x0611,0,22
20217,0x0612,0,202
20217,0x0613,0,22
20217,0x0618,226,0
20217,0x0619,22,0
20217,0x061A,242,0
20217,0x061B,22,0
20217,0x061C,11,0
20217,0x061D,23,0
20217,0x061E,11,0
20217,0x061F,16,0
20217,0x0620,11,0
20217,0x0621,16,0
20217,0x0622,11,0
20217,0x0623,16,0
20217,0x0624,11,0
20217,0x0625,16,0
20217,0x0626,93,0
20217,0x0627,23,0
20217,0x0628,197,0
20217,0x0629,22,0
20217,0x062A,201,0
20217,0x062B,22,0
20217,0x0900,124,96
20217,0x0901,108,104
20217,0x0902,9,2
20217,0x0903,34,32
20217,0x0904,116,80
20217,0x0905,108,104
20217,0x0906,8,0
20217,0x0907,34,32
20217,0x0908,113,146
20217,0x0909,224,108
20217,0x090C,105,138
20217,0x090D,224,108
20217,0x0B00,0,10
20217,0x0B22,13,14
20217,0x0B24,27,28
20217,0x0B26,55,56
20217,0x0B28,110,112
20217,0x0B82,13,14
20217,0x0B84,27,28
20217,0x0B86,55,56
20217,0x0B88,110,112
20217,0x0F99,55,56
20217,0x0F9D,55,56
20217,0x0FD1,55,56
20217,0x0FF0,55,56
20217,0x1000,128,192
20217,0x1033,8,6
20217,0x103C,8,6
20217,0x1091,124,146
20217,0x10A6,253,251
20219,0x0020,138,160
20219,0x0069,225,227
20219,0x006B,155,157
20219,0x007B,56,57
20219,0x0098,0,64
20219,0x009B,0,64
20219,0x009F,0,64
20219,0x00AD,114,116
20219,0x00B7,4,2
20219,0x00CD,171,174
20219,0x00CE,86,92
20219,0x00CF,59,69
20219,0x00D0,32,46
20219,0x00FA,0,64
20219,0x00FC,0,64
20219,0x02F6,25,155
20219,0x0900,96,168
20219,0x0901,104,108
20219,0x0902,2,9
20219,0x0903,32,34
20219,0x0904,80,160
20219,0x0905,104,108
20219,0x0906,0,8
20219,0x0907,32,34
20219,0x0908,146,96
20219,0x0909,108,224
20219,0x090A,9,2
20219,0x090B,34,32
20219,0x090C,138,80
20219,0x090D,108,224
20219,0x090E,8,0
20219,0x090F,34,32
20219,0x0B00,10,0
20219,0x0B26,56,57
20219,0x0B28,112,114
20219,0x0B86,56,57
20219,0x0B88,112,114
20219,0x0F99,56,57
20219,0x0F9D,56,57
20219,0x0FD1,56,57
20219,0x0FF0,56,57
20219,0x1000,192,128
20219,0x1033,6,4
20219,0x103C,6,4
20219,0x1091,146,168
20219,0x10A6,251,249
20221,0x0020,160,182
20221,0x0069,227,229
20221,0x006B,157,159
20221,0x007B,57,58
20221,0x0098,64,0
20221,0x009B,64,0
20221,0x009F,64,0
20221,0x00AD,116,118
20221,0x00B7,2,4
20221,0x00CD,174,177
20221,0x00CE,92,98
20221,0x00CF,69,79
20221,0x00D0,46,60
20221,0x00FA,64,0
20221,0x00FC,64,0
20221,0x02F6,155,25
20221,0x02FD,41,39
20221,0x0900,168,96
20221,0x0901,108,104
20221,0x0902,9,2
20221,0x0903,34,32
20221,0x0904,160,80
20221,0x0905,108,104
20221,0x0906,8,0
20221,0x0907,34,32
20221,0x0908,96,190
20221,0x0909,224,108
20221,0x090A,2,9
20221,0x090B,32,34
20221,0x090C,80,182
20221,0x090D,224,108
20221,0x090E,0,8
20221,0x090F,32,34
20221,0x0B00,0,10
20221,0x0B24,28,29
20221,0x0B26,57,58
20221,0x0B28,114,116
20221,0x0B84,28,29
20221,0x0B86,57,58
20221,0x0B88,114,116
20221,0x0F99,57,58
20221,0x0F9D,57,58
20221,0x0FD1,57,58
20221,0x0FF0,57,58
20221,0x1000,128,192
20221,0x1033,4,2
20221,0x103C,4,2
20221,0x1091,168,190
20221,0x10A6,249,247
20223,0x0020,182,204
20223,0x0025,0,1
20223,0x0069,229,231
20223,0x006B,159,161
20223,0x007B,58,59
20223,0x00AD,118,120
20223,0x00B7,4,2
20223,0x00CD,177,180
20223,0x00CE,98,104
20223,0x00CF,79,89
20223,0x00D0,60,74
20223,0x02F6,25,155
20223,0x0900,96,212
20223,0x0901,104,108
20223,0x0902,2,9
20223,0x0903,32,34
20223,0x0904,80,204
20223,0x0905,104,108
20223,0x0906,0,8
20223,0x0907,32,34
20223,0x0908,190,96
20223,0x0909,108,224
20223,0x090A,9,2
20223,0x090B,34,32
20223,0x090C,182,80
20223,0x090D,108,224
20223,0x090E,8,0
20223,0x090F,34,32
20223,0x0B00,10,0
20223,0x0B26,58,59
20223,0x0B28,116,118
20223,0x0B86,58,59
20223,0x0B88,116,118
20223,0x0F99,58,59
20223,0x0F9D,58,59
20223,0x0FD1,58,59
20223,0x0FF0,58,59
20223,0x1000,192,128
20223,0x1033,2,0
20223,0x103C,2,0
20223,0x1091,190,212
20223,0x10A6,247,245
20225,0x0000,175,208
20225,0x0001,230,229
20225,0x0004,28,30
20225,0x0020,204,94
20225,0x0069,231,233
20225,0x006B,161,163
20225,0x0072,124,126
20225,0x007B,59,60
20225,0x0098,0,64
20225,0x009B,0,64
20225,0x009F,0,64
20225,0x00AD,120,122
20225,0x00B7,2,6
20225,0x00CD,180,183
20225,0x00CE,104,110
20225,0x00CF,89,99
20225,0x00D0,74,88
20225,0x00FA,0,64
20225,0x00FC,0,64
20225,0x0178,67,54
20225,0x01B9,128,192
20225,0x02FD,39,41
20225,0x0501,135,143
20225,0x0502,94,86
20225,0x0600,227,0
20225,0x0601,22,0
20225,0x0602,243,0
20225,0x0603,22,0
20225,0x0604,95,0
20225,0x0605,16,0
20225,0x0606,11,0
20225,0x0607,16,0
20225,0x0608,11,0
20225,0x0609,16,0
20225,0x060A,11,0
20225,0x060B,16,0
20225,0x060C,11,0
20225,0x060D,16,0
20225,0x060E,95,0
20225,0x060F,208,0
20225,0x0610,198,0
20225,0x0611,22,0
20225,0x0612,202,0
20225,0x0613,22,0
20225,0x0900,212,96
20225,0x0901,108,104
20225,0x0902,9,2
20225,0x0903,34,32
20225,0x0904,204,80
20225,0x0905,108,104
20225,0x0906,8,0
20225,0x0907,34,32
20225,0x0908,96,234
20225,0x0909,224,108
20225,0x090A,2,9
20225,0x090B,32,34
20225,0x090C,80,226
20225,0x090D,224,108
20225,0x090E,0,8
20225,0x090F,32,34
20225,0x0910,96,102
20225,0x0911,224,108
20225,0x0912,2,9
20225,0x0913,32,34
20225,0x0914,80,94
20225,0x0915,224,108
20225,0x0916,0,8
20225,0x0917,32,34
20225,0x0B00,0,10
20225,0x0B22,14,15
20225,0x0B24,29,30
20225,0x0B26,59,60
20225,0x0B28,118,120
20225,0x0B82,14,15
20225,0x0B84,29,30
20225,0x0B86,59,60
20225,0x0B88,118,120
20225,0x0C5C,36,37
20225,0x0C5D,0,224
20225,0x0F99,59,60
20225,0x0F9D,59,60
20225,0x0FD1,59,60
20225,0x0FF0,59,60
20225,0x1000,128,200
20225,0x103B,0,2
20225,0x103C,0,10
20225,0x1091,212,234
20225,0x10A6,245,243
20225,0x10C0,0,200
20225,0x10D1,0,102
20225,0x10D2,1,0
20225,0x10E6,242,255
20227,0x0000,208,175
20227,0x0001,229,230
20227,0x0020,94,116
20227,0x0025,1,0
20227,0x0069,233,235
20227,0x006B,163,165
20227,0x0071,124,126
20227,0x007B,60,61
20227,0x0098,64,0
20227,0x009B,64,0
20227,0x009F,64,0
20227,0x00AD,122,124
20227,0x00B7,6,4
20227,0x00CD,183,186
20227,0x00CE,110,116
20227,0x00CF,99,109
20227,0x00D0,88,102
20227,0x00FA,64,0
20227,0x00FC,64,0
20227,0x0178,54,67
20227,0x0908,234,124
20227,0x090C,226,116
20227,0x0910,102,96
20227,0x0911,108,224
20227,0x0912,9,2
20227,0x0913,34,32
20227,0x0914,94,80
20227,0x0915,108,224
20227,0x0916,8,0
20227,0x0917,34,32
20227,0x0B26,60,61
20227,0x0B28,120,122
20227,0x0B86,60,61
20227,0x0B88,120,122
20227,0x0F99,60,61
20227,0x0F9D,60,61
20227,0x0FD1,60,61
20227,0x0FF0,60,61
20227,0x103B,2,0
20227,0x103C,10,8
20227,0x1080,200,0
20227,0x1091,234,0
20227,0x1092,0,1
20227,0x10A6,243,242
20227,0x10D1,102,124
20227,0x10E6,255,253
20227,0xFFFF,127,128
20229,0x0020,116,138
20229,0x0069,235,237
20229,0x006B,165,167
20229,0x007B,61,62
20229,0x00AD,124,126
20229,0x00CD,186,189
20229,0x00CE,116,122
20229,0x00CF,109,119
20229,0x00D0,102,116
20229,0x0908,124,146
20229,0x090C,116,138
20229,0x0B24,30,31
20229,0x0B26,61,62
20229,0x0B28,122,124
20229,0x0B84,30,31
20229,0x0B86,61,62
20229,0x0B88,122,124
20229,0x0F99,61,62
20229,0x0F9D,61,62
20229,0x0FD1,61,62
20229,0x0FF0,61,62
20229,0x103C,8,6
20229,0x10D1,124,146
20229,0x10E6,253,251
20231,0x0020,138,160
20231,0x0069,237,239
20231,0x006B,167,169
20231,0x007B,62,63
20231,0x0098,0,64
20231,0x009B,0,64
20231,0x009F,0,64
20231,0x00AD,126,128
20231,0x00CD,189,192
20231,0x00CE,122,128
20231,0x00CF,119,129
20231,0x00D0,116,130
20231,0x00FA,0,64
20231,0x00FC,0,64
20231,0x017D,52,116
20231,0x02FD,41,39
20231,0x0908,146,168
20231,0x090C,138,160
20231,0x0B26,62,63
20231,0x0B28,124,126
20231,0x0B86,62,63
20231,0x0B88,124,126
20231,0x0F99,62,63
20231,0x0F9D,62,63
20231,0x0FD1,62,63
20231,0x0FF0,62,63
20231,0x103C,6,4
20231,0x10D1,146,168
20231,0x10E6,251,249
20233,0x0004,30,32
20233,0x0020,160,182
20233,0x0069,239,241
20233,0x006B,169,171
20233,0x007B,63,64
20233,0x0098,64,0
20233,0x009B,64,0
20233,0x009F,64,0
20233,0x00AD,128,130
20233,0x00CD,192,195
20233,0x00CE,128,134
20233,0x00CF,129,139
20233,0x00D0,130,144
20233,0x00FA,64,0
20233,0x00FC,64,0
20233,0x017D,116,52
20233,0x0501,143,194
20233,0x0502,86,93
20233,0x0503,20,8
20233,0x0508,71,68
20233,0x0509,85,94
20233,0x050A,20,4
20233,0x050B,20,8
20233,0x050F,142,4
20233,0x0510,86,84
20233,0x0512,40,12
20233,0x0516,70,136
20233,0x0517,85,94
20233,0x0519,44,32
20233,0x051D,140,72
20233,0x051E,86,85
20233,0x0520,64,52
20233,0x0524,136,144
20233,0x0600,0,94
20233,0x0601,0,8
20233,0x0602,0,18
20233,0x0603,0,8
20233,0x0604,0,34
20233,0x0605,0,8
20233,0x0606,0,50
20233,0x0607,0,8
20233,0x0608,0,116
20233,0x0609,0,16
20233,0x060A,0,117
20233,0x060B,0,16
20233,0x0618,0,141
20233,0x0619,0,26
20233,0x0620,0,224
20233,0x0621,0,12
20233,0x0622,0,240
20233,0x0623,0,12
20233,0x0624,0,95
20233,0x0625,0,16
20233,0x0626,0,153
20233,0x0627,0,17
20233,0x0628,0,11
20233,0x0629,0,16
20233,0x062A,0,11
20233,0x062B,0,16
20233,0x062C,0,11
20233,0x062D,0,16
20233,0x062E,0,95
20233,0x062F,0,208
20233,0x0630,0,116
20233,0x0631,0,16
20233,0x0632,0,117
20233,0x0633,0,16
20233,0x0642,0,176
20233,0x0643,0,12
20233,0x0644,0,192
20233,0x0645,0,12
20233,0x0646,0,208
20233,0x0647,0,12
20233,0x0908,168,190
20233,0x090C,160,182
20233,0x0B22,15,16
20233,0x0B24,31,32
20233,0x0B26,63,64
20233,0x0B28,126,128
20233,0x0B82,15,16
20233,0x0B84,31,32
20233,0x0B86,63,64
20233,0x0B88,126,128
20233,0x0F99,63,64
20233,0x0F9D,63,64
20233,0x0FD1,63,64
20233,0x0FF0,63,64
20233,0x103C,4,2
20233,0x10D1,168,190
20233,0x10E6,249,247
20235,0x0020,182,204
20235,0x0025,0,1
20235,0x0069,241,243
20235,0x006B,171,173
20235,0x007B,64,65
20235,0x00AD,130,132
20235,0x00CD,195,198
20235,0x00CE,134,140
20235,0x00CF,139,149
20235,0x00D0,144,158
20235,0x0908,190,212
20235,0x090C,182,204
20235,0x0B26,64,65
20235,0x0B28,128,130
20235,0x0B86,64,65
20235,0x0B88,128,130
20235,0x0F99,64,65
20235,0x0F9D,64,65
20235,0x0FD1,64,65
20235,0x0FF0,64,65
20235,0x103C,2,0
20235,0x10D1,190,212
20235,0x10E6,247,245
20237,0x0020,204,226
20237,0x0069,243,245
20237,0x006B,173,175
20237,0x0072,126,0
20237,0x007B,65,66
20237,0x0098,0,64
20237,0x009B,0,64
20237,0x009F,0,64
20237,0x00AD,132,134
20237,0x00B7,4,6
20237,0x00CD,198,201
20237,0x00CE,140,146
20237,0x00CF,149,159
20237,0x00D0,158,172
20237,0x00FA,0,64
20237,0x00FC,0,64
20237,0x0908,212,102
20237,0x090C,204,94
20237,0x0910,96,234
20237,0x0911,224,108
20237,0x0912,2,9
20237,0x0913,32,34
20237,0x0914,80,226
20237,0x0915,224,108
20237,0x0916,0,8
20237,0x0917,32,34
20237,0x0B24,32,33
20237,0x0B26,65,66
20237,0x0B28,130,132
20237,0x0B84,32,33
20237,0x0B86,65,66
20237,0x0B88,130,132
20237,0x0C5E,36,37
20237,0x0C5F,0,224
20237,0x0F99,65,66
20237,0x0F9D,65,66
20237,0x0FD1,65,66
20237,0x0FF0,65,66
20237,0x103B,0,2
20237,0x103C,0,10
20237,0x1080,0,200
20237,0x1091,0,102
20237,0x1092,1,0
20237,0x10A6,242,255
20237,0x10D1,212,234
20237,0x10E6,245,243
20239,0x0020,226,116
20239,0x0025,1,0
20239,0x0069,245,247
20239,0x006B,175,177
20239,0x0071,126,0
20239,0x007B,66,67
20239,0x0098,64,0
20239,0x009B,64,0
20239,0x009F,64,0
20239,0x00AD,134,136
20239,0x00B7,6,4
20239,0x00CD,201,204
20239,0x00CE,146,152
20239,0x00CF,159,169
20239,0x00D0,172,186
20239,0x00FA,64,0
20239,0x00FC,64,0
20239,0x0175,204,20
20239,0x0176,230,180
20239,0x0177,4,230
20239,0x0178,67,4
20239,0x01B9,192,128
20239,0x0908,102,124
20239,0x090C,94,116
20239,0x0910,234,96
20239,0x0911,108,224
20239,0x0912,9,2
20239,0x0913,34,32
20239,0x0914,226,80
20239,0x0915,108,224
20239,0x0916,8,0
20239,0x0917,34,32
20239,0x0B26,66,67
20239,0x0B28,132,134
20239,0x0B86,66,67
20239,0x0B88,132,134
20239,0x0F99,66,67
20239,0x0F9D,66,67
20239,0x0FD1,66,67
20239,0x0FF0,66,67
20239,0x103B,2,0
20239,0x103C,10,8
20239,0x1091,102,124
20239,0x10A6,255,253
20239,0x10C0,200,0
20239,0x10D1,234,0
20239,0x10D2,0,1
20239,0x10E6,243,242
20239,0xFFFF,128,129
20241,0x0004,32,34
20241,0x0020,116,138
20241,0x0069,247,249
20241,0x006B,177,179
20241,0x007B,67,68
20241,0x00AD,136,138
20241,0x00CD,204,207
20241,0x00CE,152,158
20241,0x00CF,169,179
20241,0x00D0,186,200
20241,0x0175,20,204
20241,0x0176,180,230
20241,0x0177,230,4
20241,0x0178,4,67
20241,0x02FD,39,41
20241,0x0501,194,145
20241,0x0502,93,86
20241,0x0503,8,20
20241,0x0600,94,0
20241,0x0601,8,0
20241,0x0602,18,0
20241,0x0603,8,0
20241,0x0604,34,0
20241,0x0605,8,0
20241,0x0606,50,0
20241,0x0607,8,0
20241,0x0608,116,0
20241,0x0609,16,0
20241,0x060A,117,0
20241,0x060B,16,0
20241,0x0908,124,146
20241,0x090C,116,138
20241,0x0B22,16,17
20241,0x0B24,33,34
20241,0x0B26,67,68
20241,0x0B28,134,136
20241,0x0B82,16,17
20241,0x0B84,33,34
20241,0x0B86,67,68
20241,0x0B88,134,136
20241,0x0F99,67,68
20241,0x0F9D,67,68
20241,0x0FD1,67,68
20241,0x0FF0,67,68
20241,0x103C,8,6
20241,0x1091,124,146
20241,0x10A6,253,251
20243,0x0020,138,160
20243,0x0069,249,251
20243,0x006B,179,181
20243,0x007B,68,69
20243,0x0098,0,64
20243,0x009B,0,64
20243,0x009F,0,64
20243,0x00AD,138,140
20243,0x00CD,207,210
20243,0x00CE,158,164
20243,0x00CF,179,189
20243,0x00D0,200,214
20243,0x00FA,0,64
20243,0x00FC,0,64
20243,0x02FD,41,39
20243,0x0908,146,168
20243,0x090C,138,160
20243,0x0B26,68,69
20243,0x0B28,136,138
20243,0x0B86,68,69
20243,0x0B88,136,138
20243,0x0F99,68,69
20243,0x0F9D,68,69
20243,0x0FD1,68,69
20243,0x0FF0,68,69
20243,0x103C,6,4
20243,0x1091,146,168
20243,0x10A6,251,249
20245,0x0020,160,182
20245,0x0025,0,1
20245,0x0069,251,253
20245,0x006B,181,183
20245,0x007B,69,70
20245,0x0098,64,0
20245,0x009B,64,0
20245,0x009F,64,0
20245,0x00AD,140,142
20245,0x00CD,210,213
20245,0x00CE,164,170
20245,0x00CF,189,199
20245,0x00D0,214,228
20245,0x00FA,64,0
20245,0x00FC,64,0
20245,0x0908,168,190
20245,0x090C,160,182
20245,0x0B24,34,35
20245,0x0B26,69,70
20245,0x0B28,138,140
20245,0x0B84,34,35
20245,0x0B86,69,70
20245,0x0B88,138,140
20245,0x0F99,69,70
20245,0x0F9D,69,70
20245,0x0FD1,69,70
20245,0x0FF0,69,70
20245,0x103C,4,2
20245,0x1091,168,190
20245,0x10A6,249,247
20247,0x0020,182,204
20247,0x0069,253,255
20247,0x006B,183,185
20247,0x007B,70,71
20247,0x00AD,142,144
20247,0x00CD,213,216
20247,0x00CE,170,176
20247,0x00CF,199,209
20247,0x00D0,228,242
20247,0x0908,190,212
20247,0x090C,182,204
20247,0x0B26,70,71
20247,0x0B28,140,142
20247,0x0B86,70,71
20247,0x0B88,140,142
20247,0x0F99,70,71
20247,0x0F9D,70,71
20247,0x0FD1,70,71
20247,0x0FF0,70,71
20247,0x103C,2,0
20247,0x1091,190,212
20247,0x10A6,247,245
20249,0x0000,175,208
20249,0x0001,230,229
20249,0x0004,34,36
20249,0x0020,204,94
20249,0x0069,255,1
20249,0x006B,185,187
20249,0x0072,0,2
20249,0x007B,71,72
20249,0x0098,0,64
20249,0x009B,0,64
20249,0x009F,0,64
20249,0x00AD,144,146
20249,0x00B7,4,6
20249,0x00CD,216,219
20249,0x00CE,176,182
20249,0x00CF,209,219
20249,0x00D0,242,0
20249,0x00FA,0,64
20249,0x00FC,0,64
20249,0x0178,67,54
20249,0x017D,52,53
20249,0x01B9,128,192
20249,0x0501,145,137
20249,0x0502,86,94
20249,0x0508,68,73
20249,0x0509,94,85
20249,0x050A,4,20
20249,0x050B,8,20
20249,0x050F,4,146
20249,0x0510,84,86
20249,0x0512,12,40
20249,0x0600,0,225
20249,0x0601,0,12
20249,0x0602,0,241
20249,0x0603,0,12
20249,0x0604,0,217
20249,0x0605,0,16
20249,0x0606,0,154
20249,0x0607,0,17
20249,0x0608,0,11
20249,0x0609,0,16
20249,0x060A,0,11
20249,0x060B,0,16
20249,0x060C,0,11
20249,0x060D,0,16
20249,0x060E,0,217
20249,0x060F,0,144
20249,0x0610,0,116
20249,0x0611,0,16
20249,0x0612,0,118
20249,0x0613,0,16
20249,0x0618,141,0
20249,0x0619,26,0
20249,0x0620,224,0
20249,0x0621,12,0
20249,0x0622,240,177
20249,0x0624,95,193
20249,0x0625,16,12
20249,0x0626,153,209
20249,0x0627,17,12
20249,0x0628,11,0
20249,0x0629,16,0
20249,0x062A,11,0
20249,0x062B,16,0
20249,0x062C,11,0
20249,0x062D,16,0
20249,0x062E,95,0
20249,0x062F,208,0
20249,0x0630,116,0
20249,0x0631,16,0
20249,0x0632,117,0
20249,0x0633,16,0
20249,0x0908,212,234
20249,0x090C,204,226
20249,0x0910,96,102
20249,0x0911,224,108
20249,0x0912,2,9
20249,0x0913,32,34
20249,0x0914,80,94
20249,0x0915,224,108
20249,0x0916,0,8
20249,0x0917,32,34
20249,0x0B22,17,18
20249,0x0B24,35,36
20249,0x0B26,71,72
20249,0x0B28,142,144
20249,0x0B82,17,18
20249,0x0B84,35,36
20249,0x0B86,71,72
20249,0x0B88,142,144
20249,0x0BE0,240,37
20249,0x0BE1,0,224
20249,0x0F99,71,72
20249,0x0F9D,71,72
20249,0x0FD1,71,72
20249,0x0FF0,71,72
20249,0x103B,0,2
20249,0x103C,0,10
20249,0x1091,212,234
20249,0x10A6,245,243
20249,0x10C0,0,200
20249,0x10D1,0,102
20249,0x10D2,1,0
20249,0x10E6,242,255
20251,0x0000,208,175
20251,0x0001,229,230
20251,0x0020,94,116
20251,0x0025,1,0
20251,0x0069,1,3
20251,0x006B,187,189
20251,0x0071,0,2
20251,0x007B,72,73
20251,0x0098,64,0
20251,0x009B,64,0
20251,0x009F,64,0
20251,0x00AD,146,148
20251,0x00B7,6,4
20251,0x00CD,219,222
20251,0x00CE,182,188
20251,0x00CF,219,229
20251,0x00D0,0,14
20251,0x00FA,64,0
20251,0x00FC,64,0
20251,0x0178,54,67
20251,0x017D,53,52
20251,0x0908,234,124
20251,0x090C,226,116
20251,0x0910,102,96
20251,0x0911,108,224
20251,0x0912,9,2
20251,0x0913,34,32
20251,0x0914,94,80
20251,0x0915,108,224
20251,0x0916,8,0
20251,0x0917,34,32
20251,0x0B26,72,73
20251,0x0B28,144,146
20251,0x0B86,72,73
20251,0x0B88,144,146
20251,0x0F99,72,73
20251,0x0F9D,72,73
20251,0x0FD1,72,73
20251,0x0FF0,72,73
20251,0x103B,2,0
20251,0x103C,10,8
20251,0x1080,200,0
20251,0x1091,234,0
20251,0x1092,0,1
20251,0x10A6,243,242
20251,0x10D1,102,124
20251,0x10E6,255,253
20251,0xFFFF,129,130
20253,0x0020,116,138
20253,0x0069,3,5
20253,0x006B,189,191
20253,0x007B,73,74
20253,0x00AD,148,150
20253,0x00CD,222,225
20253,0x00CE,188,194
20253,0x00CF,229,239
20253,0x00D0,14,28
20253,0x0908,124,146
20253,0x090C,116,138
20253,0x0B24,36,37
20253,0x0B26,73,74
20253,0x0B28,146,148
20253,0x0B84,36,37
20253,0x0B86,73,74
20253,0x0B88,146,148
20253,0x0F99,73,74
20253,0x0F9D,73,74
20253,0x0FD1,73,74
20253,0x0FF0,73,74
20253,0x103C,8,6
20253,0x10D1,124,146
20253,0x10E6,253,251
20255,0x0020,138,160
20255,0x0069,5,7
20255,0x006B,191,193
20255,0x007B,74,75
20255,0x0098,0,64
20255,0x009B,0,64
20255,0x009F,0,64
20255,0x00AD,150,152
20255,0x00CD,225,228
20255,0x00CE,194,200
20255,0x00CF,239,249
20255,0x00D0,28,42
20255,0x00FA,0,64
20255,0x00FC,0,64
20255,0x0908,146,168
20255,0x090C,138,160
20255,0x0B26,74,75
20255,0x0B28,148,150
20255,0x0B86,74,75
20255,0x0B88,148,150
20255,0x0F99,74,75
20255,0x0F9D,74,75
20255,0x0FD1,74,75
20255,0x0FF0,74,75
20255,0x103C,6,4
20255,0x10D1,146,168
20255,0x10E6,251,249
20257,0x0004,36,38
20257,0x0020,160,182
20257,0x0025,0,1
20257,0x0069,7,9
20257,0x006B,193,195
20257,0x007B,75,76
20257,0x0098,64,0
20257,0x009B,64,0
20257,0x009F,64,0
20257,0x00AD,152,154
20257,0x00CD,228,231
20257,0x00CE,200,206
20257,0x00CF,249,3
20257,0x00D0,42,57
20257,0x00FA,64,0
20257,0x00FC,64,0
20257,0x02FD,39,41
20257,0x0501,137,147
20257,0x0502,94,86
20257,0x0600,225,0
20257,0x0601,12,0
20257,0x0602,241,0
20257,0x0603,12,0
20257,0x0604,217,0
20257,0x0605,16,0
20257,0x0606,154,0
20257,0x0607,17,0
20257,0x0608,11,0
20257,0x0609,16,0
20257,0x060A,11,0
20257,0x060B,16,0
20257,0x060C,11,0
20257,0x060D,16,0
20257,0x060E,217,0
20257,0x060F,144,0
20257,0x0610,116,0
20257,0x0611,16,0
20257,0x0612,118,0
20257,0x0613,16,0
20257,0x0908,168,190
20257,0x090C,160,182
20257,0x0B22,18,19
20257,0x0B24,37,38
20257,0x0B26,75,76
20257,0x0B28,150,152
20257,0x0B82,18,19
20257,0x0B84,37,38
20257,0x0B86,75,76
20257,0x0B88,150,152
20257,0x0F99,75,76
20257,0x0F9D,75,76
20257,0x0FD1,75,76
20257,0x0FF0,75,76
20257,0x103C,4,2
20257,0x10D1,168,190
20257,0x10E6,249,247
20259,0x0020,182,204
20259,0x0069,9,11
20259,0x006B,195,197
20259,0x007B,76,77
20259,0x00AD,154,156
20259,0x00CD,231,234
20259,0x00CE,206,212
20259,0x00CF,3,13
20259,0x00D0,57,71
20259,0x0908,190,212
20259,0x090C,182,204
20259,0x0B26,76,77
20259,0x0B28,152,154
20259,0x0B86,76,77
20259,0x0B88,152,154
20259,0x0F99,76,77
20259,0x0F9D,76,77
20259,0x0FD1,76,77
20259,0x0FF0,76,77
20259,0x103C,2,0
20259,0x10D1,190,212
20259,0x10E6,247,245
20261,0x0020,204,226
20261,0x0069,11,13
20261,0x006B,197,199
20261,0x0072,2,4
20261,0x007B,77,78
20261,0x0098,0,64
20261,0x009B,0,64
20261,0x009F,0,64
20261,0x00AD,156,158
20261,0x00B7,4,6
20261,0x00CD,234,237
20261,0x00CE,212,218
20261,0x00CF,13,23
20261,0x00D0,71,85
20261,0x00FA,0,64
20261,0x00FC,0,64
20261,0x0908,212,102
20261,0x090C,204,94
20261,0x0910,96,234
20261,0x0911,224,108
20261,0x0912,2,9
20261,0x0913,32,34
20261,0x0914,80,226
20261,0x0915,224,108
20261,0x0916,0,8
20261,0x0917,32,34
20261,0x0B24,38,39
20261,0x0B26,77,78
20261,0x0B28,154,156
20261,0x0B84,38,39
20261,0x0B86,77,78
20261,0x0B88,154,156
20261,0x0BE2,42,37
20261,0x0BE3,230,224
20261,0x0F99,77,78
20261,0x0F9D,77,78
20261,0x0FD1,77,78
20261,0x0FF0,77,78
20261,0x103B,0,2
20261,0x103C,0,10
20261,0x1080,0,200
20261,0x1091,0,102
20261,0x1092,1,0
20261,0x10A6,242,255
20261,0x10D1,212,234
20261,0x10E6,245,243
20263,0x0020,226,116
20263,0x0025,1,0
20263,0x0069,13,15
20263,0x006B,199,201
20263,0x0071,2,4
20263,0x007B,78,79
20263,0x0098,64,0
20263,0x009B,64,0
20263,0x009F,64,0
20263,0x00AD,158,160
20263,0x00B7,6,4
20263,0x00CD,237,240
20263,0x00CE,218,224
20263,0x00CF,23,33
20263,0x00D0,85,99
20263,0x00FA,64,0
20263,0x00FC,64,0
20263,0x0175,204,20
20263,0x0176,230,180
20263,0x0177,4,230
20263,0x0178,67,4
20263,0x01B9,192,128
20263,0x02FD,41,39
20263,0x0908,102,124
20263,0x090C,94,116
20263,0x0910,234,96
20263,0x0911,108,224
20263,0x0912,9,2
20263,0x0913,34,32
20263,0x0914,226,80
20263,0x0915,108,224
20263,0x0916,8,0
20263,0x0917,34,32
20263,0x0B26,78,79
20263,0x0B28,156,158
20263,0x0B86,78,79
20263,0x0B88,156,158
20263,0x0F99,78,79
20263,0x0F9D,78,79
20263,0x0FD1,78,79
20263,0x0FF0,78,79
20263,0x103B,2,0
20263,0x103C,10,8
20263,0x1091,102,124
20263,0x10A6,255,253
20263,0x10C0,200,0
20263,0x10D1,234,0
20263,0x10D2,0,1
20263,0x10E6,243,242
20263,0xFFFF,130,131
20265,0x0004,38,40
20265,0x0020,116,138
20265,0x0069,15,17
20265,0x006B,201,203
20265,0x007B,79,80
20265,0x00AD,160,162
20265,0x00CD,240,243
20265,0x00CE,224,230
20265,0x00CF,33,43
20265,0x00D0,99,113
20265,0x0175,20,204
20265,0x0176,180,230
20265,0x0177,230,4
20265,0x0178,4,67
20265,0x02FD,39,41
20265,0x0501,147,69
20265,0x0502,86,94
20265,0x0503,20,4
20265,0x0508,73,5
20265,0x0509,85,84
20265,0x050B,20,4
20265,0x050F,146,138
20265,0x0510,86,94
20265,0x0512,40,24
20265,0x0516,136,74
20265,0x0517,94,85
20265,0x0519,32,44
20265,0x051D,72,148
20265,0x051E,85,86
20265,0x0520,52,64
20265,0x0600,0,116
20265,0x0601,0,16
20265,0x0602,0,118
20265,0x0603,0,16
20265,0x060E,0,177
20265,0x060F,0,26
20265,0x0610,0,142
20265,0x0611,0,26
20265,0x0618,0,186
20265,0x0619,0,12
20265,0x061A,0,202
20265,0x061B,0,12
20265,0x061C,0,95
20265,0x061D,0,80
20265,0x061E,0,11
20265,0x061F,0,16
20265,0x0620,0,11
20265,0x0621,0,16
20265,0x0622,177,11
20265,0x0623,12,16
20265,0x0624,193,11
20265,0x0625,12,16
20265,0x0626,209,95
20265,0x0627,12,144
20265,0x0628,0,116
20265,0x0629,0,16
20265,0x062A,0,117
20265,0x062B,0,16
20265,0x063E,0,170
20265,0x063F,0,12
20265,0x0642,176,0
20265,0x0643,12,0
20265,0x0644,192,0
20265,0x0645,12,0
20265,0x0646,208,0
20265,0x0647,12,0
20265,0x0908,124,146
20265,0x090C,116,138
20265,0x0B22,19,20
20265,0x0B24,39,40
20265,0x0B26,79,80
20265,0x0B28,158,160
20265,0x0B82,19,20
20265,0x0B84,39,40
20265,0x0B86,79,80
20265,0x0B88,158,160
20265,0x0F99,79,80
20265,0x0F9D,79,80
20265,0x0FD1,79,80
20265,0x0FF0,79,80
20265,0x103C,8,6
20265,0x1091,124,146
20265,0x10A6,253,251
20267,0x0020,138,160
20267,0x0069,17,19
20267,0x006B,203,205
20267,0x007B,80,81
20267,0x0098,0,64
20267,0x009B,0,64
20267,0x009F,0,64
20267,0x00AD,162,164
20267,0x00CD,243,246
20267,0x00CE,230,236
20267,0x00CF,43,53
20267,0x00D0,113,127
20267,0x00FA,0,64
20267,0x00FC,0,64
20267,0x02FD,41,39
20267,0x0908,146,168
20267,0x090C,138,160
20267,0x0B26,80,81
20267,0x0B28,160,162
20267,0x0B86,80,81
20267,0x0B88,160,162
20267,0x0F99,80,81
20267,0x0F9D,80,81
20267,0x0FD1,80,81
20267,0x0FF0,80,81
20267,0x103C,6,4
20267,0x1091,146,168
20267,0x10A6,251,249
20269,0x0020,160,182
20269,0x0025,0,1
20269,0x0069,19,21
20269,0x006B,205,207
20269,0x007B,81,82
20269,0x0098,64,0
20269,0x009B,64,0
20269,0x009F,64,0
20269,0x00AD,164,166
20269,0x00CD,246,249
20269,0x00CE,236,242
20269,0x00CF,53,63
20269,0x00D0,127,141
20269,0x00FA,64,0
20269,0x00FC,64,0
20269,0x02FD,39,41
20269,0x0908,168,190
20269,0x090C,160,182
20269,0x0B24,40,41
20269,0x0B26,81,82
20269,0x0B28,162,164
20269,0x0B84,40,41
20269,0x0B86,81,82
20269,0x0B88,162,164
20269,0x0F99,81,82
20269,0x0F9D,81,82
20269,0x0FD1,81,82
20269,0x0FF0,81,82
20269,0x103C,4,2
20269,0x1091,168,190
20269,0x10A6,249,247
20271,0x0020,182,204
20271,0x0069,21,23
20271,0x006B,207,209
20271,0x007B,82,83
20271,0x00AD,166,168
20271,0x00CD,249,252
20271,0x00CE,242,248
20271,0x00CF,63,73
20271,0x00D0,141,155
20271,0x0908,190,212
20271,0x090C,182,204
20271,0x0B26,82,83
20271,0x0B28,164,166
20271,0x0B86,82,83
20271,0x0B88,164,166
20271,0x0F99,82,83
20271,0x0F9D,82,83
20271,0x0FD1,82,83
20271,0x0FF0,82,83
20271,0x103C,2,0
20271,0x1091,190,212
20271,0x10A6,247,245
20273,0x0000,175,208
20273,0x0001,230,229
20273,0x0004,40,42
20273,0x0020,204,94
20273,0x0069,23,25
20273,0x006B,209,211
20273,0x0072,4,6
20273,0x007B,83,84
20273,0x0098,0,64
20273,0x009B,0,64
20273,0x009F,0,64
20273,0x00AD,168,170
20273,0x00B7,4,6
20273,0x00CD,252,255
20273,0x00CE,248,254
20273,0x00CF,73,83
20273,0x00D0,155,169
20273,0x00FA,0,64
20273,0x00FC,0,64
20273,0x0178,67,54
20273,0x01B9,128,192
20273,0x02FD,41,39
20273,0x0501,69,149
20273,0x0502,94,86
20273,0x0503,4,20
20273,0x0600,116,0
20273,0x0601,16,0
20273,0x0602,118,0
20273,0x0603,16,0
20273,0x060E,177,0
20273,0x060F,26,0
20273,0x0610,142,0
20273,0x0611,26,0
20273,0x0908,212,234
20273,0x090C,204,226
20273,0x0910,96,102
20273,0x0911,224,108
20273,0x0912,2,9
20273,0x0913,32,34
20273,0x0914,80,94
20273,0x0915,224,108
20273,0x0916,0,8
20273,0x0917,32,34
20273,0x0B22,20,21
20273,0x0B24,41,42
20273,0x0B26,83,84
20273,0x0B28,166,168
20273,0x0B82,20,21
20273,0x0B84,41,42
20273,0x0B86,83,84
20273,0x0B88,166,168
20273,0x0BE4,240,37
20273,0x0BE5,0,224
20273,0x0F99,83,84
20273,0x0F9D,83,84
20273,0x0FD1,83,84
20273,0x0FF0,83,84
20273,0x103B,0,2
20273,0x103C,0,10
20273,0x1091,212,234
20273,0x10A6,245,243
20273,0x10C0,0,200
20273,0x10D1,0,102
20273,0x10D2,1,0
20273,0x10E6,242,255
20275,0x0000,208,175
20275,0x0001,229,230
20275,0x0020,94,116
20275,0x0025,1,0
20275,0x0069,25,27
20275,0x006B,211,213
20275,0x0071,4,6
20275,0x007B,84,85
20275,0x0098,64,0
20275,0x009B,64,0
20275,0x009F,64,0
20275,0x00AD,170,172
20275,0x00B7,6,4
20275,0x00CD,255,2
20275,0x00CE,254,5
20275,0x00CF,83,94
20275,0x00D0,169,183
20275,0x00FA,64,0
20275,0x00FC,64,0
20275,0x0178,54,67
20275,0x02FD,39,41
20275,0x0908,234,124
20275,0x090C,226,116
20275,0x0910,102,96
20275,0x0911,108,224
20275,0x0912,9,2
20275,0x0913,34,32
20275,0x0914,94,80
20275,0x0915,108,224
20275,0x0916,8,0
20275,0x0917,34,32
20275,0x0B26,84,85
20275,0x0B28,168,170
20275,0x0B86,84,85
20275,0x0B88,168,170
20275,0x0F99,84,85
20275,0x0F9D,84,85
20275,0x0FD1,84,85
20275,0x0FF0,84,85
20275,0x103B,2,0
20275,0x103C,10,8
20275,0x1080,200,0
20275,0x1091,234,0
20275,0x1092,0,1
20275,0x10A6,243,242
20275,0x10D1,102,124
20275,0x10E6,255,253
20275,0xFFFF,131,132
20277,0x0020,116,138
20277,0x0069,27,29
20277,0x006B,213,215
20277,0x007B,85,86
20277,0x00AD,172,174
20277,0x00CD,2,5
20277,0x00CE,5,11
20277,0x00CF,94,104
20277,0x00D0,183,197
20277,0x0908,124,146
20277,0x090C,116,138
20277,0x0B24,42,43
20277,0x0B26,85,86
20277,0x0B28,170,172
20277,0x0B84,42,43
20277,0x0B86,85,86
20277,0x0B88,170,172
20277,0x0F99,85,86
20277,0x0F9D,85,86
20277,0x0FD1,85,86
20277,0x0FF0,85,86
20277,0x103C,8,6
20277,0x10D1,124,146
20277,0x10E6,253,251
20279,0x0020,138,160
20279,0x0069,29,31
20279,0x006B,215,217
20279,0x007B,86,87
20279,0x0098,0,64
20279,0x009B,0,64
20279,0x009F,0,64
20279,0x00AD,174,176
20279,0x00CD,5,8
20279,0x00CE,11,17
20279,0x00CF,104,114
20279,0x00D0,197,211
20279,0x00FA,0,64
20279,0x00FC,0,64
20279,0x02FD,41,39
20279,0x0908,146,168
20279,0x090C,138,160
20279,0x0B26,86,87
20279,0x0B28,172,174
20279,0x0B86,86,87
20279,0x0B88,172,174
20279,0x0F99,86,87
20279,0x0F9D,86,87
20279,0x0FD1,86,87
20279,0x0FF0,86,87
20279,0x103C,6,4
20279,0x10D1,146,168
20279,0x10E6,251,249
20281,0x0004,42,44
20281,0x0020,160,182
20281,0x0025,0,1
20281,0x0069,31,33
20281,0x006B,217,219
20281,0x007B,87,88
20281,0x0098,64,0
20281,0x009B,64,0
20281,0x009F,64,0
20281,0x00AD,176,178
20281,0x00CD,8,11
20281,0x00CE,17,23
20281,0x00CF,114,124
20281,0x00D0,211,225
20281,0x00FA,64,0
20281,0x00FC,64,0
20281,0x0501,149,139
20281,0x0502,86,94
20281,0x0508,5,75
20281,0x0509,84,85
20281,0x050B,4,20
20281,0x050F,138,150
20281,0x0510,94,86
20281,0x0512,24,40
20281,0x0600,0,187
20281,0x0601,0,12
20281,0x0602,0,203
20281,0x0603,0,12
20281,0x0604,0,217
20281,0x0605,0,80
20281,0x0606,0,154
20281,0x0607,0,17
20281,0x0608,0,11
20281,0x0609,0,16
20281,0x060A,0,11
20281,0x060B,0,16
20281,0x060C,0,11
20281,0x060D,0,16
20281,0x060E,0,217
20281,0x060F,0,208
20281,0x0610,0,116
20281,0x0611,0,16
20281,0x0612,0,118
20281,0x0613,0,16
20281,0x0618,186,0
20281,0x0619,12,0
20281,0x061A,202,0
20281,0x061B,12,0
20281,0x061C,95,0
20281,0x061D,80,0
20281,0x061E,11,0
20281,0x061F,16,0
20281,0x0620,11,0
20281,0x0621,16,0
20281,0x0622,11,0
20281,0x0623,16,0
20281,0x0624,11,0
20281,0x0625,16,0
20281,0x0626,95,171
20281,0x0627,144,12
20281,0x0628,116,0
20281,0x0629,16,0
20281,0x062A,117,0
20281,0x062B,16,0
20281,0x0908,168,190
20281,0x090C,160,182
20281,0x0B22,21,22
20281,0x0B24,43,44
20281,0x0B26,87,88
20281,0x0B28,174,176
20281,0x0B82,21,22
20281,0x0B84,43,44
20281,0x0B86,87,88
20281,0x0B88,174,176
20281,0x0F99,87,88
20281,0x0F9D,87,88
20281,0x0FD1,87,88
20281,0x0FF0,87,88
20281,0x103C,4,2
20281,0x10D1,168,190
20281,0x10E6,249,247
20283,0x0020,182,204
20283,0x0069,33,35
20283,0x006B,219,221
20283,0x007B,88,89
20283,0x00AD,178,180
20283,0x00CD,11,14
20283,0x00CE,23,29
20283,0x00CF,124,134
20283,0x00D0,225,239
20283,0x02FD,39,41
20283,0x0908,190,212
20283,0x090C,182,204
20283,0x0B26,88,89
20283,0x0B28,176,178
20283,0x0B86,88,89
20283,0x0B88,176,178
20283,0x0F99,88,89
20283,0x0F9D,88,89
20283,0x0FD1,88,89
20283,0x0FF0,88,89
20283,0x103C,2,0
20283,0x10D1,190,212
20283,0x10E6,247,245
20285,0x0020,204,226
20285,0x0069,35,37
20285,0x006B,221,223
20285,0x0072,6,8
20285,0x007B,89,90
20285,0x0098,0,64
20285,0x009B,0,64
20285,0x009F,0,64
20285,0x00AD,180,182
20285,0x00B7,4,6
20285,0x00CD,14,17
20285,0x00CE,29,35
20285,0x00CF,134,144
20285,0x00D0,239,253
20285,0x00FA,0,64
20285,0x00FC,0,64
20285,0x02FD,41,39
20285,0x0908,212,102
20285,0x090C,204,94
20285,0x0910,96,234
20285,0x0911,224,108
20285,0x0912,2,9
20285,0x0913,32,34
20285,0x0914,80,226
20285,0x0915,224,108
20285,0x0916,0,8
20285,0x0917,32,34
20285,0x0B24,44,45
20285,0x0B26,89,90
20285,0x0B28,178,180
20285,0x0B84,44,45
20285,0x0B86,89,90
20285,0x0B88,178,180
20285,0x0BE6,240,37
20285,0x0BE7,0,224
20285,0x0F99,89,90
20285,0x0F9D,89,90
20285,0x0FD1,89,90
20285,0x0FF0,89,90
20285,0x103B,0,2
20285,0x103C,0,10
20285,0x1080,0,200
20285,0x1091,0,102
20285,0x1092,1,0
20285,0x10A6,242,255
20285,0x10D1,212,234
20285,0x10E6,245,243
20287,0x0020,226,116
20287,0x0025,1,0
20287,0x0069,37,39
20287,0x006B,223,225
20287,0x0071,6,8
20287,0x007B,90,91
20287,0x0098,64,0
20287,0x009B,64,0
20287,0x009F,64,0
20287,0x00AD,182,184
20287,0x00B7,6,4
20287,0x00CD,17,20
20287,0x00CE,35,41
20287,0x00CF,144,154
20287,0x00D0,253,11
20287,0x00FA,64,0
20287,0x00FC,64,0
20287,0x0175,204,20
20287,0x0176,230,180
20287,0x0177,4,230
20287,0x0178,67,4
20287,0x01B9,192,128
20287,0x02FD,39,41
20287,0x0908,102,124
20287,0x090C,94,116
20287,0x0910,234,96
20287,0x0911,108,224
20287,0x0912,9,2
20287,0x0913,34,32
20287,0x0914,226,80
20287,0x0915,108,224
20287,0x0916,8,0
20287,0x0917,34,32
20287,0x0B26,90,91
20287,0x0B28,180,182
20287,0x0B86,90,91
20287,0x0B88,180,182
20287,0x0F99,90,91
20287,0x0F9D,90,91
20287,0x0FD1,90,91
20287,0x0FF0,90,91
20287,0x103B,2,0
20287,0x103C,10,8
20287,0x1091,102,124
20287,0x10A6,255,253
20287,0x10C0,200,0
20287,0x10D1,234,0
20287,0x10D2,0,1
20287,0x10E6,243,242
20287,0xFFFF,132,133
20289,0x0004,44,46
20289,0x0020,116,138
20289,0x0069,39,41
20289,0x006B,225,227
20289,0x007B,91,92
20289,0x00AD,184,186
20289,0x00CD,20,23
20289,0x00CE,41,47
20289,0x00CF,154,164
20289,0x00D0,11,25
20289,0x0175,20,204
20289,0x0176,180,230
20289,0x0177,230,4
20289,0x0178,4,67
20289,0x02FD,41,39
20289,0x0501,139,151
20289,0x0502,94,86
20289,0x0600,187,0
20289,0x0601,12,0
20289,0x0602,203,0
20289,0x0603,12,0
20289,0x0604,217,0
20289,0x0605,80,0
20289,0x0606,154,0
20289,0x0607,17,0
20289,0x0608,11,0
20289,0x0609,16,0
20289,0x060A,11,0
20289,0x060B,16,0
20289,0x060C,11,0
20289,0x060D,16,0
20289,0x060E,217,0
20289,0x060F,208,0
20289,0x0610,116,0
20289,0x0611,16,0
20289,0x0612,118,0
20289,0x0613,16,0
20289,0x0908,124,146
20289,0x090C,116,138
20289,0x0B22,22,23
20289,0x0B24,45,46
20289,0x0B26,91,92
20289,0x0B28,182,184
20289,0x0B82,22,23
20289,0x0B84,45,46
20289,0x0B86,91,92
20289,0x0B88,182,184
20289,0x0F99,91,92
20289,0x0F9D,91,92
20289,0x0FD1,91,92
20289,0x0FF0,91,92
20289,0x103C,8,6
20289,0x1091,124,146
20289,0x10A6,253,251
20291,0x0020,138,160
20291,0x0025,0,1
20291,0x0069,41,43
20291,0x006B,227,229
20291,0x007B,92,93
20291,0x0098,0,64
20291,0x009B,0,64
20291,0x009F,0,64
20291,0x00AD,186,188
20291,0x00CD,23,26
20291,0x00CE,47,53
20291,0x00CF,164,174
20291,0x00D0,25,39
20291,0x00FA,0,64
20291,0x00FC,0,64
20291,0x02FD,39,41
20291,0x0908,146,168
20291,0x090C,138,160
20291,0x0B26,92,93
20291,0x0B28,184,186
20291,0x0B86,92,93
20291,0x0B88,184,186
20291,0x0F99,92,93
20291,0x0F9D,92,93
20291,0x0FD1,92,93
20291,0x0FF0,92,93
20291,0x103C,6,4
20291,0x1091,146,168
20291,0x10A6,251,249
20293,0x0020,160,182
20293,0x0069,43,45
20293,0x006B,229,231
20293,0x007B,93,94
20293,0x0098,64,0
20293,0x009B,64,0
20293,0x009F,64,0
20293,0x00AD,188,190
20293,0x00CD,26,29
20293,0x00CE,53,59
20293,0x00CF,174,184
20293,0x00D0,39,53
20293,0x00FA,64,0
20293,0x00FC,64,0
20293,0x0908,168,190
20293,0x090C,160,182
20293,0x0B24,46,47
20293,0x0B26,93,94
20293,0x0B28,186,188
20293,0x0B84,46,47
20293,0x0B86,93,94
20293,0x0B88,186,188
20293,0x0F99,93,94
20293,0x0F9D,93,94
20293,0x0FD1,93,94
20293,0x0FF0,93,94
20293,0x103C,4,2
20293,0x1091,168,190
20293,0x10A6,249,247
20295,0x0020,182,204
20295,0x0069,45,47
20295,0x006B,231,233
20295,0x007B,94,95
20295,0x00AD,190,192
20295,0x00CD,29,32
20295,0x00CE,59,65
20295,0x00CF,184,194
20295,0x00D0,53,67
20295,0x0908,190,212
20295,0x090C,182,204
20295,0x0B26,94,95
20295,0x0B28,188,190
20295,0x0B86,94,95
20295,0x0B88,188,190
20295,0x0F99,94,95
20295,0x0F9D,94,95
20295,0x0FD1,94,95
20295,0x0FF0,94,95
20295,0x103C,2,0
20295,0x1091,190,212
20295,0x10A6,247,245
20297,0x0000,175,208
20297,0x0001,230,229
20297,0x0004,46,48
20297,0x0020,204,94
20297,0x0069,47,49
20297,0x006B,233,235
20297,0x0072,8,10
20297,0x007B,95,96
20297,0x0098,0,64
20297,0x009B,0,64
20297,0x009F,0,64
20297,0x00AD,192,194
20297,0x00B7,4,6
20297,0x00CD,32,35
20297,0x00CE,65,71
20297,0x00CF,194,204
20297,0x00D0,67,81
20297,0x00FA,0,64
20297,0x00FC,0,64
20297,0x0178,67,54
20297,0x01B9,128,192
20297,0x0501,151,195
20297,0x0502,86,93
20297,0x0503,20,8
20297,0x0508,75,70
20297,0x0509,85,94
20297,0x050A,20,4
20297,0x050B,20,8
20297,0x050F,150,6
20297,0x0510,86,84
20297,0x0512,40,12
20297,0x0516,74,140
20297,0x0517,85,94
20297,0x0519,44,32
20297,0x051D,148,76
20297,0x051E,86,85
20297,0x0520,64,52
20297,0x0524,144,152
20297,0x0600,0,94
20297,0x0601,0,8
20297,0x0602,0,19
20297,0x0603,0,8
20297,0x0604,0,35
20297,0x0605,0,8
20297,0x0606,0,51
20297,0x0607,0,8
20297,0x0608,0,116
20297,0x0609,0,16
20297,0x060A,0,117
20297,0x060B,0,16
20297,0x0616,0,178
20297,0x0617,0,26
20297,0x0618,0,143
20297,0x0619,0,26
20297,0x061A,0,105
20297,0x061B,0,24
20297,0x0620,0,188
20297,0x0621,0,12
20297,0x0622,0,204
20297,0x0623,0,12
20297,0x0624,0,95
20297,0x0625,0,16
20297,0x0626,171,11
20297,0x0627,12,16
20297,0x0628,0,11
20297,0x0629,0,16
20297,0x062A,0,11
20297,0x062B,0,16
20297,0x062C,0,11
20297,0x062D,0,16
20297,0x062E,0,95
20297,0x062F,0,208
20297,0x0630,0,116
20297,0x0631,0,16
20297,0x0632,0,117
20297,0x0633,0,16
20297,0x063E,170,0
20297,0x063F,12,0
20297,0x0646,0,172
20297,0x0647,0,12
20297,0x0908,212,234
20297,0x090C,204,226
20297,0x0910,96,102
20297,0x0911,224,108
20297,0x0912,2,9
20297,0x0913,32,34
20297,0x0914,80,94
20297,0x0915,224,108
20297,0x0916,0,8
20297,0x0917,32,34
20297,0x0B22,23,24
20297,0x0B24,47,48
20297,0x0B26,95,96
20297,0x0B28,190,192
20297,0x0B82,23,24
20297,0x0B84,47,48
20297,0x0B86,95,96
20297,0x0B88,190,192
20297,0x0BE8,1,37
20297,0x0BE9,0,224
20297,0x0F99,95,96
20297,0x0F9D,95,96
20297,0x0FD1,95,96
20297,0x0FF0,95,96
20297,0x103B,0,2
20297,0x103C,0,10
20297,0x1091,212,234
20297,0x10A6,245,243
20297,0x10C0,0,200
20297,0x10D1,0,102
20297,0x10D2,1,0
20297,0x10E6,242,255
20299,0x0000,208,175
20299,0x0001,229,230
20299,0x0020,94,116
20299,0x0025,1,0
20299,0x0069,49,51
20299,0x006B,235,237
20299,0x0071,8,10
20299,0x007B,96,97
20299,0x0098,64,0
20299,0x009B,64,0
20299,0x009F,64,0
20299,0x00AD,194,196
20299,0x00B7,6,4
20299,0x00CD,35,38
20299,0x00CE,71,77
20299,0x00CF,204,214
20299,0x00D0,81,95
20299,0x00FA,64,0
20299,0x00FC,64,0
20299,0x0178,54,67
20299,0x02FD,41,39
20299,0x0908,234,124
20299,0x090C,226,116
20299,0x0910,102,96
20299,0x0911,108,224
20299,0x0912,9,2
20299,0x0913,34,32
20299,0x0914,94,80
20299,0x0915,108,224
20299,0x0916,8,0
20299,0x0917,34,32
20299,0x0B26,96,97
20299,0x0B28,192,194
20299,0x0B86,96,97
20299,0x0B88,192,194
20299,0x0F99,96,97
20299,0x0F9D,96,97
20299,0x0FD1,96,97
20299,0x0FF0,96,97
20299,0x103B,2,0
20299,0x103C,10,8
20299,0x1080,200,0
20299,0x1091,234,0
20299,0x1092,0,1
20299,0x10A6,243,242
20299,0x10D1,102,124
20299,0x10E6,255,253
20299,0xFFFF,133,134
20301,0x0020,116,138
20301,0x0069,51,53
20301,0x006B,237,239
20301,0x007B,97,98
20301,0x00AD,196,198
20301,0x00CD,38,41
20301,0x00CE,77,83
20301,0x00CF,214,224
20301,0x00D0,95,109
20301,0x02FD,39,41
20301,0x0908,124,146
20301,0x090C,116,138
20301,0x0B24,48,49
20301,0x0B26,97,98
20301,0x0B28,194,196
20301,0x0B84,48,49
20301,0x0B86,97,98
20301,0x0B88,194,196
20301,0x0F99,97,98
20301,0x0F9D,97,98
20301,0x0FD1,97,98
20301,0x0FF0,97,98
20301,0x103C,8,6
20301,0x10D1,124,146
20301,0x10E6,253,251
20303,0x0020,138,160
20303,0x0025,0,1
20303,0x0069,53,55
20303,0x006B,239,241
20303,0x007B,98,99
20303,0x0098,0,64
20303,0x009B,0,64
20303,0x009F,0,64
20303,0x00AD,198,200
20303,0x00CD,41,44
20303,0x00CE,83,89
20303,0x00CF,224,234
20303,0x00D0,109,123
20303,0x00FA,0,64
20303,0x00FC,0,64
20303,0x02FD,41,39
20303,0x0908,146,168
20303,0x090C,138,160
20303,0x0B26,98,99
20303,0x0B28,196,198
20303,0x0B86,98,99
20303,0x0B88,196,198
20303,0x0F99,98,99
20303,0x0F9D,98,99
20303,0x0FD1,98,99
20303,0x0FF0,98,99
20303,0x103C,6,4
20303,0x10D1,146,168
20303,0x10E6,251,249
20305,0x0004,48,50
20305,0x0020,160,182
20305,0x0069,55,57
20305,0x006B,241,243
20305,0x007B,99,100
20305,0x0098,64,0
20305,0x009B,64,0
20305,0x009F,64,0
20305,0x00AD,200,202
20305,0x00CD,44,47
20305,0x00CE,89,95
20305,0x00CF,234,244
20305,0x00D0,123,137
20305,0x00FA,64,0
20305,0x00FC,64,0
20305,0x0501,195,153
20305,0x0502,93,86
20305,0x0503,8,20
20305,0x0600,94,0
20305,0x0601,8,0
20305,0x0602,19,0
20305,0x0603,8,0
20305,0x0604,35,0
20305,0x0605,8,0
20305,0x0606,51,0
20305,0x0607,8,0
20305,0x0608,116,0
20305,0x0609,16,0
20305,0x060A,117,0
20305,0x060B,16,0
20305,0x0908,168,190
20305,0x090C,160,182
20305,0x0B22,24,25
20305,0x0B24,49,50
20305,0x0B26,99,100
20305,0x0B28,198,200
20305,0x0B82,24,25
20305,0x0B84,49,50
20305,0x0B86,99,100
20305,0x0B88,198,200
20305,0x0F99,99,100
20305,0x0F9D,99,100
20305,0x0FD1,99,100
20305,0x0FF0,99,100
20305,0x103C,4,2
20305,0x10D1,168,190
20305,0x10E6,249,247
20307,0x0020,182,204
20307,0x0069,57,59
20307,0x006B,243,245
20307,0x007B,100,101
20307,0x00AD,202,204
20307,0x00CD,47,50
20307,0x00CE,95,101
20307,0x00CF,244,254
20307,0x00D0,137,151
20307,0x0908,190,212
20307,0x090C,182,204
20307,0x0B26,100,101
20307,0x0B28,200,202
20307,0x0B86,100,101
20307,0x0B88,200,202
20307,0x0F99,100,101
20307,0x0F9D,100,101
20307,0x0FD1,100,101
20307,0x0FF0,100,101
20307,0x103C,2,0
20307,0x10D1,190,212
20307,0x10E6,247,245
20309,0x0020,204,226
20309,0x0069,59,61
20309,0x006B,245,247
20309,0x0072,10,12
20309,0x007B,101,102
20309,0x0098,0,64
20309,0x009B,0,64
20309,0x009F,0,64
20309,0x00AD,204,206
20309,0x00B7,4,6
20309,0x00CD,50,53
20309,0x00CE,101,107
20309,0x00CF,254,8
20309,0x00D0,151,166
20309,0x00FA,0,64
20309,0x00FC,0,64
20309,0x02FD,39,41
20309,0x0908,212,102
20309,0x090C,204,94
20309,0x0910,96,234
20309,0x0911,224,108
20309,0x0912,2,9
20309,0x0913,32,34
20309,0x0914,80,226
20309,0x0915,224,108
20309,0x0916,0,8
20309,0x0917,32,34
20309,0x0B24,50,51
20309,0x0B26,101,102
20309,0x0B28,202,204
20309,0x0B84,50,51
20309,0x0B86,101,102
20309,0x0B88,202,204
20309,0x0BEA,2,37
20309,0x0BEB,0,224
20309,0x0F99,101,102
20309,0x0F9D,101,102
20309,0x0FD1,101,102
20309,0x0FF0,101,102
20309,0x103B,0,2
20309,0x103C,0,10
20309,0x1080,0,200
20309,0x1091,0,102
20309,0x1092,1,0
20309,0x10A6,242,255
20309,0x10D1,212,234
20309,0x10E6,245,243
20311,0x0020,226,116
20311,0x0025,1,0
20311,0x0069,61,63
20311,0x006B,247,249
20311,0x0071,10,12
20311,0x007B,102,103
20311,0x0098,64,0
20311,0x009B,64,0
20311,0x009F,64,0
20311,0x00AD,206,208
20311,0x00B7,6,4
20311,0x00CD,53,56
20311,0x00CE,107,113
20311,0x00CF,8,18
20311,0x00D0,166,180
20311,0x00FA,64,0
20311,0x00FC,64,0
20311,0x0175,204,20
20311,0x0176,230,180
20311,0x0177,4,230
20311,0x0178,67,4
20311,0x01B9,192,128
20311,0x02FD,41,39
20311,0x0908,102,124
20311,0x090C,94,116
20311,0x0910,234,96
20311,0x0911,108,224
20311,0x0912,9,2
20311,0x0913,34,32
20311,0x0914,226,80
20311,0x0915,108,224
20311,0x0916,8,0
20311,0x0917,34,32
20311,0x0B26,102,103
20311,0x0B28,204,206
20311,0x0B86,102,103
20311,0x0B88,204,206
20311,0x0F99,102,103
20311,0x0F9D,102,103
20311,0x0FD1,102,103
20311,0x0FF0,102,103
20311,0x103B,2,0
20311,0x103C,10,8
20311,0x1091,102,124
20311,0x10A6,255,253
20311,0x10C0,200,0
20311,0x10D1,234,0
20311,0x10D2,0,1
20311,0x10E6,243,242
20311,0xFFFF,134,135
20313,0x0004,50,52
20313,0x0020,116,138
20313,0x0069,63,65
20313,0x006B,249,251
20313,0x007B,103,104
20313,0x00AD,208,210
20313,0x00CD,56,59
20313,0x00CE,113,119
20313,0x00CF,18,28
20313,0x00D0,180,194
20313,0x0175,20,204
20313,0x0176,180,230
20313,0x0177,230,4
20313,0x0178,4,67
20313,0x0501,153,141
20313,0x0502,86,94
20313,0x0508,70,77
20313,0x0509,94,85
20313,0x050A,4,20
20313,0x050B,8,20
20313,0x050F,6,154
20313,0x0510,84,86
20313,0x0512,12,40
20313,0x0600,0,189
20313,0x0601,0,12
20313,0x0602,0,205
20313,0x0603,0,12
20313,0x0604,0,217
20313,0x0605,0,16
20313,0x0606,0,11
20313,0x0607,0,16
20313,0x0608,0,11
20313,0x0609,0,16
20313,0x060A,0,11
20313,0x060B,0,16
20313,0x060C,0,11
20313,0x060D,0,16
20313,0x060E,0,217
20313,0x060F,0,144
20313,0x0610,0,116
20313,0x0611,0,16
20313,0x0612,0,118
20313,0x0613,0,16
20313,0x0616,178,0
20313,0x0617,26,0
20313,0x0618,143,0
20313,0x0619,26,0
20313,0x061A,105,0
20313,0x061B,24,0
20313,0x0620,188,0
20313,0x0621,12,0
20313,0x0622,204,0
20313,0x0623,12,0
20313,0x0624,95,0
20313,0x0625,16,0
20313,0x0626,11,172
20313,0x0627,16,12
20313,0x0628,11,0
20313,0x0629,16,0
20313,0x062A,11,0
20313,0x062B,16,0
20313,0x062C,11,0
20313,0x062D,16,0
20313,0x062E,95,0
20313,0x062F,208,0
20313,0x0630,116,0
20313,0x0631,16,0
20313,0x0632,117,0
20313,0x0633,16,0
20313,0x0908,124,146
20313,0x090C,116,138
20313,0x0B22,25,26
20313,0x0B24,51,52
20313,0x0B26,103,104
20313,0x0B28,206,208
20313,0x0B82,25,26
20313,0x0B84,51,52
20313,0x0B86,103,104
20313,0x0B88,206,208
20313,0x0F99,103,104
20313,0x0F9D,103,104
20313,0x0FD1,103,104
20313,0x0FF0,103,104
20313,0x103C,8,6
20313,0x1091,124,146
20313,0x10A6,253,251
20315,0x0020,138,160
20315,0x0025,0,1
20315,0x0069,65,67
20315,0x006B,251,253
20315,0x007B,104,105
20315,0x0098,0,64
20315,0x009B,0,64
20315,0x009F,0,64
20315,0x00AD,210,212
20315,0x00CD,59,62
20315,0x00CE,119,125
20315,0x00CF,28,38
20315,0x00D0,194,208
20315,0x00FA,0,64
20315,0x00FC,0,64
20315,0x02FD,39,41
20315,0x0908,146,168
20315,0x090C,138,160
20315,0x0B26,104,105
20315,0x0B28,208,210
20315,0x0B86,104,105
20315,0x0B88,208,210
20315,0x0F99,104,105
20315,0x0F9D,104,105
20315,0x0FD1,104,105
20315,0x0FF0,104,105
20315,0x103C,6,4
20315,0x1091,146,168
20315,0x10A6,251,249
20317,0x0020,160,182
20317,0x0069,67,69
20317,0x006B,253,255
20317,0x007B,105,106
20317,0x0098,64,0
20317,0x009B,64,0
20317,0x009F,64,0
20317,0x00AD,212,214
20317,0x00CD,62,65
20317,0x00CE,125,131
20317,0x00CF,38,48
20317,0x00D0,208,222
20317,0x00FA,64,0
20317,0x00FC,64,0
20317,0x02FD,41,39
20317,0x0908,168,190
20317,0x090C,160,182
20317,0x0B24,52,53
20317,0x0B26,105,106
20317,0x0B28,210,212
20317,0x0B84,52,53
20317,0x0B86,105,106
20317,0x0B88,210,212
20317,0x0F99,105,106
20317,0x0F9D,105,106
20317,0x0FD1,105,106
20317,0x0FF0,105,106
20317,0x103C,4,2
20317,0x1091,168,190
20317,0x10A6,249,247
20319,0x0020,182,204
20319,0x0069,69,71
20319,0x006B,255,1
20319,0x007B,106,107
20319,0x00AD,214,216
20319,0x00CD,65,68
20319,0x00CE,131,137
20319,0x00CF,48,58
20319,0x00D0,222,236
20319,0x02FD,39,41
20319,0x0908,190,212
20319,0x090C,182,204
20319,0x0B26,106,107
20319,0x0B28,212,214
20319,0x0B86,106,107
20319,0x0B88,212,214
20319,0x0F99,106,107
20319,0x0F9D,106,107
20319,0x0FD1,106,107
20319,0x0FF0,106,107
20319,0x103C,2,0
20319,0x1091,190,212
20319,0x10A6,247,245
20321,0x0000,175,208
20321,0x0001,230,229
20321,0x0004,52,54
20321,0x0020,204,94
20321,0x0069,71,73
20321,0x006B,1,3
20321,0x0072,12,14
20321,0x007B,107,108
20321,0x0098,0,64
20321,0x009B,0,64
20321,0x009F,0,64
20321,0x00AD,216,218
20321,0x00B7,4,6
20321,0x00CD,68,71
20321,0x00CE,137,143
20321,0x00CF,58,68
20321,0x00D0,236,250
20321,0x00FA,0,64
20321,0x00FC,0,64
20321,0x0178,67,54
20321,0x01B9,128,192
20321,0x02FD,41,39
20321,0x0501,141,155
20321,0x0502,94,86
20321,0x0600,189,0
20321,0x0601,12,0
20321,0x0602,205,0
20321,0x0603,12,0
20321,0x0604,217,0
20321,0x0605,16,0
20321,0x0606,11,0
20321,0x0607,16,0
20321,0x0608,11,0
20321,0x0609,16,0
20321,0x060A,11,0
20321,0x060B,16,0
20321,0x060C,11,0
20321,0x060D,16,0
20321,0x060E,217,0
20321,0x060F,144,0
20321,0x0610,116,0
20321,0x0611,16,0
20321,0x0612,118,0
20321,0x0613,16,0
20321,0x0908,212,234
20321,0x090C,204,226
20321,0x0910,96,102
20321,0x0911,224,108
20321,0x0912,2,9
20321,0x0913,32,34
20321,0x0914,80,94
20321,0x0915,224,108
20321,0x0916,0,8
20321,0x0917,32,34
20321,0x0B22,26,27
20321,0x0B24,53,54
20321,0x0B26,107,108
20321,0x0B28,214,216
20321,0x0B82,26,27
20321,0x0B84,53,54
20321,0x0B86,107,108
20321,0x0B88,214,216
20321,0x0BEC,58,37
20321,0x0BED,0,224
20321,0x0F99,107,108
20321,0x0F9D,107,108
20321,0x0FD1,107,108
20321,0x0FF0,107,108
20321,0x103B,0,2
20321,0x103C,0,10
20321,0x1091,212,234
20321,0x10A6,245,243
20321,0x10C0,0,200
20321,0x10D1,0,102
20321,0x10D2,1,0
20321,0x10E6,242,255
20323,0x0000,208,175
20323,0x0001,229,230
20323,0x0020,94,116
20323,0x0025,1,0
20323,0x0069,73,75
20323,0x006B,3,5
20323,0x0071,12,14
20323,0x007B,108,109
20323,0x0098,64,0
20323,0x009B,64,0
20323,0x009F,64,0
20323,0x00AD,218,220
20323,0x00B7,6,4
20323,0x00CD,71,74
20323,0x00CE,143,149
20323,0x00CF,68,78
20323,0x00D0,250,8
20323,0x00FA,64,0
20323,0x00FC,64,0
20323,0x0178,54,67
20323,0x02FD,39,41
20323,0x0908,234,124
20323,0x090C,226,116
20323,0x0910,102,96
20323,0x0911,108,224
20323,0x0912,9,2
20323,0x0913,34,32
20323,0x0914,94,80
20323,0x0915,108,224
20323,0x0916,8,0
20323,0x0917,34,32
20323,0x0B26,108,109
20323,0x0B28,216,218
20323,0x0B86,108,109
20323,0x0B88,216,218
20323,0x0F99,108,109
20323,0x0F9D,108,109
20323,0x0FD1,108,109
20323,0x0FF0,108,109
20323,0x103B,2,0
20323,0x103C,10,8
20323,0x1080,200,0
20323,0x1091,234,0
20323,0x1092,0,1
20323,0x10A6,243,242
20323,0x10D1,102,124
20323,0x10E6,255,253
20323,0xFFFF,135,136
20325,0x0020,116,138
20325,0x0025,0,1
20325,0x0069,75,77
20325,0x006B,5,7
20325,0x007B,109,110
20325,0x00AD,220,222
20325,0x00CD,74,77
20325,0x00CE,149,155
20325,0x00CF,78,88
20325,0x00D0,8,22
20325,0x02FD,41,39
20325,0x0908,124,146
20325,0x090C,116,138
20325,0x0B24,54,55
20325,0x0B26,109,110
20325,0x0B28,218,220
20325,0x0B84,54,55
20325,0x0B86,109,110
20325,0x0B88,218,220
20325,0x0F99,109,110
20325,0x0F9D,109,110
20325,0x0FD1,109,110
20325,0x0FF0,109,110
20325,0x103C,8,6
20325,0x10D1,124,146
20325,0x10E6,253,251
20327,0x0020,138,160
20327,0x0069,77,79
20327,0x006B,7,9
20327,0x007B,110,111
20327,0x0098,0,64
20327,0x009B,0,64
20327,0x009F,0,64
20327,0x00AD,222,224
20327,0x00CD,77,80
20327,0x00CE,155,161
20327,0x00CF,88,98
20327,0x00D0,22,36
20327,0x00FA,0,64
20327,0x00FC,0,64
20327,0x0908,146,168
20327,0x090C,138,160
20327,0x0B26,110,111
20327,0x0B28,220,222
20327,0x0B86,110,111
20327,0x0B88,220,222
20327,0x0F99,110,111
20327,0x0F9D,110,111
20327,0x0FD1,110,111
20327,0x0FF0,110,111
20327,0x103C,6,4
20327,0x10D1,146,168
20327,0x10E6,251,249
20329,0x0004,54,56
20329,0x0020,160,182
20329,0x0069,79,81
20329,0x006B,9,11
20329,0x007B,111,112
20329,0x0098,64,0
20329,0x009B,64,0
20329,0x009F,64,0
20329,0x00AD,224,226
20329,0x00CD,80,83
20329,0x00CE,161,167
20329,0x00CF,98,108
20329,0x00D0,36,50
20329,0x00FA,64,0
20329,0x00FC,64,0
20329,0x02FD,39,41
20329,0x0501,155,71
20329,0x0502,86,94
20329,0x0503,20,4
20329,0x0508,77,7
20329,0x0509,85,84
20329,0x050B,20,4
20329,0x050F,154,142
20329,0x0510,86,94
20329,0x0512,40,24
20329,0x0516,140,78
20329,0x0517,94,85
20329,0x0519,32,44
20329,0x051D,76,156
20329,0x051E,85,86
20329,0x0520,52,64
20329,0x0600,0,116
20329,0x0601,0,16
20329,0x0602,0,118
20329,0x0603,0,16
20329,0x060E,0,179
20329,0x060F,0,26
20329,0x0610,0,156
20329,0x0611,0,26
20329,0x0612,0,106
20329,0x0613,0,24
20329,0x0618,0,188
20329,0x0619,0,12
20329,0x061A,0,204
20329,0x061B,0,12
20329,0x061C,0,95
20329,0x061D,0,16
20329,0x061E,0,153
20329,0x061F,0,17
20329,0x0620,0,11
20329,0x0621,0,16
20329,0x0622,0,11
20329,0x0623,0,16
20329,0x0624,0,28
20329,0x0625,0,17
20329,0x0626,172,44
20329,0x0627,12,17
20329,0x0628,0,116
20329,0x0629,0,16
20329,0x062A,0,117
20329,0x062B,0,16
20329,0x063A,0,184
20329,0x063B,0,12
20329,0x063C,0,200
20329,0x063D,0,12
20329,0x063E,0,172
20329,0x063F,0,12
20329,0x0646,172,0
20329,0x0647,12,0
20329,0x0908,168,190
20329,0x090C,160,182
20329,0x0B22,27,28
20329,0x0B24,55,56
20329,0x0B26,111,112
20329,0x0B28,222,224
20329,0x0B82,27,28
20329,0x0B84,55,56
20329,0x0B86,111,112
20329,0x0B88,222,224
20329,0x0F99,111,112
20329,0x0F9D,111,112
20329,0x0FD1,111,112
20329,0x0FF0,111,112
20329,0x103C,4,2
20329,0x10D1,168,190
20329,0x10E6,249,247
20331,0x0020,182,204
20331,0x0069,81,83
20331,0x006B,11,13
20331,0x007B,112,113
20331,0x00AD,226,228
20331,0x00CD,83,86
20331,0x00CE,167,173
20331,0x00CF,108,118
20331,0x00D0,50,64
20331,0x0908,190,212
20331,0x090C,182,204
20331,0x0B26,112,113
20331,0x0B28,224,226
20331,0x0B86,112,113
20331,0x0B88,224,226
20331,0x0F99,112,113
20331,0x0F9D,112,113
20331,0x0FD1,112,113
20331,0x0FF0,112,113
20331,0x103C,2,0
20331,0x10D1,190,212
20331,0x10E6,247,245
20333,0x0020,204,226
20333,0x0069,83,85
20333,0x006B,13,15
20333,0x0072,14,16
20333,0x007B,113,114
20333,0x0098,0,64
20333,0x009B,0,64
20333,0x009F,0,64
20333,0x00AD,228,230
20333,0x00B7,4,6
20333,0x00CD,86,89
20333,0x00CE,173,179
20333,0x00CF,118,128
20333,0x00D0,64,78
20333,0x00FA,0,64
20333,0x00FC,0,64
20333,0x0908,212,102
20333,0x090C,204,94
20333,0x0910,96,234
20333,0x0911,224,108
20333,0x0912,2,9
20333,0x0913,32,34
20333,0x0914,80,226
20333,0x0915,224,108
20333,0x0916,0,8
20333,0x0917,32,34
20333,0x0B24,56,57
20333,0x0B26,113,114
20333,0x0B28,226,228
20333,0x0B84,56,57
20333,0x0B86,113,114
20333,0x0B88,226,228
20333,0x0BEE,58,37
20333,0x0BEF,0,224
20333,0x0F99,113,114
20333,0x0F9D,113,114
20333,0x0FD1,113,114
20333,0x0FF0,113,114
20333,0x103B,0,2
20333,0x103C,0,10
20333,0x1080,0,200
20333,0x1091,0,102
20333,0x1092,1,0
20333,0x10A6,242,255
20333,0x10D1,212,234
20333,0x10E6,245,243
20335,0x0020,226,116
20335,0x0025,1,0
20335,0x0069,85,87
20335,0x006B,15,17
20335,0x0071,14,16
20335,0x007B,114,115
20335,0x0098,64,0
20335,0x009B,64,0
20335,0x009F,64,0
20335,0x00AD,230,232
20335,0x00B7,6,4
20335,0x00CD,89,92
20335,0x00CE,179,185
20335,0x00CF,128,138
20335,0x00D0,78,92
20335,0x00FA,64,0
20335,0x00FC,64,0
20335,0x0175,204,20
20335,0x0176,230,180
20335,0x0177,4,230
20335,0x0178,67,4
20335,0x01B9,192,128
20335,0x02FD,41,39
20335,0x0908,102,124
20335,0x090C,94,116
20335,0x0910,234,96
20335,0x0911,108,224
20335,0x0912,9,2
20335,0x0913,34,32
20335,0x0914,226,80
20335,0x0915,108,224
20335,0x0916,8,0
20335,0x0917,34,32
20335,0x0B26,114,115
20335,0x0B28,228,230
20335,0x0B86,114,115
20335,0x0B88,228,230
20335,0x0F99,114,115
20335,0x0F9D,114,115
20335,0x0FD1,114,115
20335,0x0FF0,114,115
20335,0x103B,2,0
20335,0x103C,10,8
20335,0x1091,102,124
20335,0x10A6,255,253
20335,0x10C0,200,0
20335,0x10D1,234,0
20335,0x10D2,0,1
20335,0x10E6,243,242
20335,0xFFFF,136,137
20337,0x0000,175,115
20337,0x0001,230,175
20337,0x0002,4,2
20337,0x0004,56,58
20337,0x0020,116,138
20337,0x0025,0,1
20337,0x0069,87,89
20337,0x006B,17,19
20337,0x007B,115,116
20337,0x00AD,232,234
20337,0x00BA,1,0
20337,0x00BF,104,112
20337,0x00C2,5,6
20337,0x00CD,92,95
20337,0x00CE,185,191
20337,0x00CF,138,148
20337,0x00D0,92,106
20337,0x0175,20,204
20337,0x0176,180,230
20337,0x0177,230,4
20337,0x0178,4,67
20337,0x02FD,39,41
20337,0x0501,71,157
20337,0x0502,94,86
20337,0x0503,4,20
20337,0x0600,116,0
20337,0x0601,16,0
20337,0x0602,118,0
20337,0x0603,16,0
20337,0x060E,179,0
20337,0x060F,26,0
20337,0x0610,156,0
20337,0x0611,26,0
20337,0x0612,106,0
20337,0x0613,24,0
20337,0x0908,124,146
20337,0x090C,116,138
20337,0x0B22,28,29
20337,0x0B24,57,58
20337,0x0B26,115,116
20337,0x0B28,230,232
20337,0x0B82,28,29
20337,0x0B84,57,58
20337,0x0B86,115,116
20337,0x0B88,230,232
20337,0x0F99,115,116
20337,0x0F9D,115,116
20337,0x0FD1,115,116
20337,0x0FF0,115,116
20337,0x103C,8,6
20337,0x1091,124,146
20337,0x10A6,253,251
20337,0x16C0,0,128
20337,0x16C1,0,165
20337,0x16C2,0,175
20337,0x16C3,0,2
20337,0x16EF,0,5
20337,0x16F1,0,4
20337,0x16F8,0,1
20339,0x0000,115,74
20339,0x0001,175,176
20339,0x0020,138,14
20339,0x0022,108,56
20339,0x0024,8,0
20339,0x0026,34,105
20339,0x0028,34,40
20339,0x002A,0,12
20339,0x0069,89,91
20339,0x006B,19,21
20339,0x007B,116,117
20339,0x0098,0,64
20339,0x009B,0,64
20339,0x009F,0,64
20339,0x00AD,234,236
20339,0x00B7,4,6
20339,0x00B8,0,16
20339,0x00B9,0,1
20339,0x00BA,0,64
20339,0x00CA,0,1
20339,0x00CD,95,98
20339,0x00CE,191,197
20339,0x00CF,148,158
20339,0x00D0,106,120
20339,0x00FA,0,64
20339,0x00FC,0,64
20339,0x0172,144,36
20339,0x0173,229,52
20339,0x0174,52,178
20339,0x0175,204,52
20339,0x0176,230,107
20339,0x0177,4,176
20339,0x0178,67,52
20339,0x01B9,128,0
20339,0x01BA,16,23
20339,0x0874,86,222
20339,0x0875,1,42
20339,0x0876,222,86
20339,0x0877,42,1
20339,0x0894,14,22
20339,0x0895,58,91
20339,0x0896,22,14
20339,0x0897,91,58
20339,0x0908,146,168
20339,0x090C,138,160
20339,0x0910,96,254
20339,0x0911,224,56
20339,0x0913,32,105
20339,0x0914,80,14
20339,0x0915,224,56
20339,0x0917,32,105
20339,0x0B01,0,14
20339,0x0B26,116,117
20339,0x0B28,232,234
20339,0x0B86,116,117
20339,0x0B88,232,234
20339,0x0F99,116,117
20339,0x0F9D,116,117
20339,0x0FD1,116,117
20339,0x0FF0,116,117
20339,0x103C,6,4
20339,0x1091,146,168
20339,0x10A6,251,249
20339,0x16F1,4,3
20339,0x16F8,1,21
20339,0x1700,0,200
20339,0x1701,0,74
20339,0x1702,0,176
20339,0x1703,0,2
20339,0x1704,0,54
20339,0x1705,0,177
20339,0x1706,0,2
20339,0x1708,0,3
20339,0x170A,0,2
20339,0x170B,0,3
20339,0x170C,0,9
20339,0x1710,0,52
20339,0x1711,0,14
20339,0x1712,0,1
20339,0x1714,0,64
20339,0x1716,0,52
20339,0x1717,0,254
20339,0x1718,0,255
20339,0x171E,0,9
20339,0x171F,0,12
20339,0x1720,0,154
20339,0x1721,0,2
20339,0x1722,0,220
20339,0x1723,0,8
20339,0x1724,0,222
20339,0x1725,0,8
20339,0x1726,0,254
20339,0x1727,0,8
20339,0x1729,0,1
20339,0x172A,0,238
20339,0x172B,0,4
20339,0x172C,0,124
20339,0x172D,0,12
20339,0x172F,0,5
20339,0x1735,0,191
20339,0x1736,0,110
20339,0x1738,0,18
20339,0x1739,0,6
20339,0x173A,0,95
20339,0x173B,0,193
20341,0x0020,14,10
20341,0x0069,91,93
20341,0x006B,21,23
20341,0x007B,117,118
20341,0x0098,64,0
20341,0x009B,64,0
20341,0x009F,64,0
20341,0x00AD,236,238
20341,0x00CD,98,101
20341,0x00CE,197,203
20341,0x00CF,158,168
20341,0x00D0,120,134
20341,0x00FA,64,0
20341,0x00FC,64,0
20341,0x0174,178,52
20341,0x017D,52,116
20341,0x02FD,41,39
20341,0x0874,222,86
20341,0x0875,42,1
20341,0x0876,86,222
20341,0x0877,1,42
20341,0x0894,22,14
20341,0x0895,91,58
20341,0x0896,14,22
20341,0x0897,58,91
20341,0x0908,168,190
20341,0x090C,160,182
20341,0x0910,254,250
20341,0x0914,14,10
20341,0x0B24,58,59
20341,0x0B26,117,118
20341,0x0B28,234,236
20341,0x0B84,58,59
20341,0x0B86,117,118
20341,0x0B88,234,236
20341,0x0F99,117,118
20341,0x0F9D,117,118
20341,0x0FD1,117,118
20341,0x0FF0,117,118
20341,0x103C,4,2
20341,0x1091,168,190
20341,0x10A6,249,247
20341,0x16F8,21,19
20341,0x1710,52,156
20341,0x1711,14,10
20341,0x1726,254,252
20341,0x1735,191,189
20341,0x1738,18,16
20343,0x0020,10,7
20343,0x0069,93,95
20343,0x006B,23,25
20343,0x007B,118,119
20343,0x00AD,238,240
20343,0x00CD,101,104
20343,0x00CE,203,209
20343,0x00CF,168,178
20343,0x00D0,134,148
20343,0x017D,116,52
20343,0x02FD,39,41
20343,0x0874,86,222
20343,0x0875,1,42
20343,0x0876,222,86
20343,0x0877,42,1
20343,0x0894,14,22
20343,0x0895,58,91
20343,0x0896,22,14
20343,0x0897,91,58
20343,0x0908,190,212
20343,0x090C,182,204
20343,0x0910,250,247
20343,0x0914,10,7
20343,0x0B26,118,119
20343,0x0B28,236,238
20343,0x0B86,118,119
20343,0x0B88,236,238
20343,0x0F99,118,119
20343,0x0F9D,118,119
20343,0x0FD1,118,119
20343,0x0FF0,118,119
20343,0x103C,2,0
20343,0x1091,190,212
20343,0x10A6,247,245
20343,0x16F8,19,17
20343,0x1710,156,4
20343,0x1711,10,7
20343,0x1726,252,250
20343,0x1735,189,187
20343,0x1738,16,14
20345,0x0004,58,60
20345,0x0020,7,3
20345,0x002A,12,192
20345,0x0069,95,97
20345,0x006B,25,27
20345,0x0072,16,18
20345,0x007B,119,120
20345,0x0098,0,64
20345,0x009B,0,64
20345,0x009F,0,64
20345,0x00AD,240,242
20345,0x00B7,6,8
20345,0x00CD,104,107
20345,0x00CE,209,215
20345,0x00CF,178,188
20345,0x00D0,148,162
20345,0x00FA,0,64
20345,0x00FC,0,64
20345,0x0172,36,144
20345,0x0173,52,229
20345,0x0501,157,143
20345,0x0502,86,94
20345,0x0508,7,79
20345,0x0509,84,85
20345,0x050B,4,20
20345,0x050F,142,158
20345,0x0510,94,86
20345,0x0512,24,40
20345,0x0600,0,189
20345,0x0601,0,12
20345,0x0602,0,205
20345,0x0603,0,12
20345,0x0604,0,217
20345,0x0605,0,16
20345,0x0606,0,154
20345,0x0607,0,17
20345,0x0608,0,11
20345,0x0609,0,16
20345,0x060A,0,11
20345,0x060B,0,16
20345,0x060C,0,29
20345,0x060D,0,17
20345,0x060E,0,45
20345,0x060F,0,17
20345,0x0610,0,116
20345,0x0611,0,16
20345,0x0612,0,118
20345,0x0613,0,16
20345,0x0618,188,0
20345,0x0619,12,0
20345,0x061A,204,0
20345,0x061B,12,0
20345,0x061C,95,0
20345,0x061D,16,0
20345,0x061E,153,0
20345,0x061F,17,0
20345,0x0620,11,167
20345,0x0621,16,12
20345,0x0622,11,169
20345,0x0623,16,12
20345,0x0624,28,168
20345,0x0625,17,12
20345,0x0626,44,172
20345,0x0627,17,12
20345,0x0628,116,0
20345,0x0629,16,0
20345,0x062A,117,0
20345,0x062B,16,0
20345,0x063A,184,0
20345,0x063B,12,0
20345,0x0874,222,86
20345,0x0875,42,1
20345,0x0876,86,222
20345,0x0877,1,42
20345,0x0894,22,14
20345,0x0895,91,58
20345,0x0896,14,22
20345,0x0897,58,91
20345,0x0908,212,234
20345,0x090C,204,226
20345,0x0910,247,102
20345,0x0911,56,108
20345,0x0912,2,9
20345,0x0913,105,34
20345,0x0914,7,94
20345,0x0915,56,108
20345,0x0916,0,8
20345,0x0917,105,34
20345,0x0918,63,243
20345,0x0919,224,56
20345,0x091A,104,2
20345,0x091B,61,105
20345,0x091C,55,3
20345,0x091D,224,56
20345,0x091E,104,0
20345,0x091F,61,105
20345,0x0B01,14,224
20345,0x0B22,29,30
20345,0x0B24,59,60
20345,0x0B26,119,120
20345,0x0B28,238,240
20345,0x0B82,29,30
20345,0x0B84,59,60
20345,0x0B86,119,120
20345,0x0B88,238,240
20345,0x0BF0,33,37
20345,0x0BF1,0,224
20345,0x0F99,119,120
20345,0x0F9D,119,120
20345,0x0FD1,119,120
20345,0x0FF0,119,120
20345,0x103B,0,2
20345,0x103C,0,10
20345,0x1091,212,234
20345,0x10A6,245,243
20345,0x10C0,0,200
20345,0x10D1,0,102
20345,0x10D2,1,0
20345,0x10E6,242,255
20345,0x16F8,17,15
20345,0x1710,4,108
20345,0x1711,7,3
20345,0x1726,250,248
20345,0x1735,187,185
20345,0x1738,14,12
20347,0x0020,3,255
20347,0x0025,1,0
20347,0x002A,192,8
20347,0x0069,97,99
20347,0x006B,27,29
20347,0x0071,16,18
20347,0x007B,120,121
20347,0x0098,64,0
20347,0x009B,64,0
20347,0x009F,64,0
20347,0x00AD,242,244
20347,0x00B7,8,6
20347,0x00CD,107,110
20347,0x00CE,215,221
20347,0x00CF,188,198
20347,0x00D0,162,176
20347,0x00FA,64,0
20347,0x00FC,64,0
20347,0x0874,86,222
20347,0x0875,1,42
20347,0x0876,222,86
20347,0x0877,42,1
20347,0x0894,14,22
20347,0x0895,58,91
20347,0x0896,22,14
20347,0x0897,91,58
20347,0x0908,234,124
20347,0x090C,226,116
20347,0x0910,102,239
20347,0x0911,108,56
20347,0x0912,9,2
20347,0x0913,34,105
20347,0x0914,94,255
20347,0x0915,108,56
20347,0x0916,8,0
20347,0x0917,34,105
20347,0x0918,243,96
20347,0x0919,56,224
20347,0x091B,105,32
20347,0x091C,3,80
20347,0x091D,56,224
20347,0x091F,105,32
20347,0x0B01,224,10
20347,0x0B26,120,121
20347,0x0B28,240,242
20347,0x0B86,120,121
20347,0x0B88,240,242
20347,0x0F99,120,121
20347,0x0F9D,120,121
20347,0x0FD1,120,121
20347,0x0FF0,120,121
20347,0x103B,2,0
20347,0x103C,10,8
20347,0x1080,200,0
20347,0x1091,234,0
20347,0x1092,0,1
20347,0x10A6,243,242
20347,0x10D1,102,124
20347,0x10E6,255,253
20347,0x16F8,15,13
20347,0x1710,108,212
20347,0x1711,3,255
20347,0x1712,1,0
20347,0x1726,248,246
20347,0x1735,185,183
20347,0x1738,12,10
20347,0xFFFF,137,138
20349,0x0020,255,252
20349,0x0025,0,1
20349,0x0069,99,101
20349,0x006B,29,31
20349,0x007B,121,122
20349,0x00AD,244,246
20349,0x00CD,110,113
20349,0x00CE,221,227
20349,0x00CF,198,208
20349,0x00D0,176,190
20349,0x0874,222,86
20349,0x0875,42,1
20349,0x0876,86,222
20349,0x0877,1,42
20349,0x0894,22,14
20349,0x0895,91,58
20349,0x0896,14,22
20349,0x0897,58,91
20349,0x0908,124,146
20349,0x090C,116,138
20349,0x0910,239,236
20349,0x0914,255,252
20349,0x0B24,60,61
20349,0x0B26,121,122
20349,0x0B28,242,244
20349,0x0B84,60,61
20349,0x0B86,121,122
20349,0x0B88,242,244
20349,0x0F99,121,122
20349,0x0F9D,121,122
20349,0x0FD1,121,122
20349,0x0FF0,121,122
20349,0x103C,8,6
20349,0x10D1,124,146
20349,0x10E6,253,251
20349,0x16F8,13,11
20349,0x1710,212,60
20349,0x1711,255,252
20349,0x1726,246,244
20349,0x1735,183,181
20349,0x1738,10,8
20351,0x0020,252,248
20351,0x0069,101,103
20351,0x006B,31,33
20351,0x007B,122,123
20351,0x0098,0,64
20351,0x009B,0,64
20351,0x009F,0,64
20351,0x00AD,246,248
20351,0x00CD,113,116
20351,0x00CE,227,233
20351,0x00CF,208,218
20351,0x00D0,190,204
20351,0x00FA,0,64
20351,0x00FC,0,64
20351,0x0874,86,222
20351,0x0875,1,42
20351,0x0876,222,86
20351,0x0877,42,1
20351,0x0894,14,22
20351,0x0895,58,91
20351,0x0896,22,14
20351,0x0897,91,58
20351,0x0908,146,168
20351,0x090C,138,160
20351,0x0910,236,232
20351,0x0914,252,248
20351,0x0B26,122,123
20351,0x0B28,244,246
20351,0x0B86,122,123
20351,0x0B88,244,246
20351,0x0F99,122,123
20351,0x0F9D,122,123
20351,0x0FD1,122,123
20351,0x0FF0,122,123
20351,0x103C,6,4
20351,0x10D1,146,168
20351,0x10E6,251,249
20351,0x16F8,11,9
20351,0x1710,60,164
20351,0x1711,252,248
20351,0x1726,244,242
20351,0x1735,181,179
20351,0x1738,8,6
20353,0x0004,60,62
20353,0x0020,248,245
20353,0x0069,103,105
20353,0x006B,33,35
20353,0x007B,123,124
20353,0x0098,64,0
20353,0x009B,64,0
20353,0x009F,64,0
20353,0x00AD,248,250
20353,0x00CD,116,119
20353,0x00CE,233,239
20353,0x00CF,218,228
20353,0x00D0,204,218
20353,0x00FA,64,0
20353,0x00FC,64,0
20353,0x0501,143,159
20353,0x0502,94,86
20353,0x0600,189,0
20353,0x0601,12,0
20353,0x0602,205,0
20353,0x0603,12,0
20353,0x0604,217,0
20353,0x0605,16,0
20353,0x0606,154,0
20353,0x0607,17,0
20353,0x0608,11,0
20353,0x0609,16,0
20353,0x060A,11,0
20353,0x060B,16,0
20353,0x060C,29,0
20353,0x060D,17,0
20353,0x060E,45,0
20353,0x060F,17,0
20353,0x0610,116,0
20353,0x0611,16,0
20353,0x0612,118,0
20353,0x0613,16,0
20353,0x0874,222,86
20353,0x0875,42,1
20353,0x0876,86,222
20353,0x0877,1,42
20353,0x0894,22,14
20353,0x0895,91,58
20353,0x0896,14,22
20353,0x0897,58,91
20353,0x0908,168,190
20353,0x090C,160,182
20353,0x0910,232,229
20353,0x0914,248,245
20353,0x0B22,30,31
20353,0x0B24,61,62
20353,0x0B26,123,124
20353,0x0B28,246,248
20353,0x0B82,30,31
20353,0x0B84,61,62
20353,0x0B86,123,124
20353,0x0B88,246,248
20353,0x0F99,123,124
20353,0x0F9D,123,124
20353,0x0FD1,123,124
20353,0x0FF0,123,124
20353,0x103C,4,2
20353,0x10D1,168,190
20353,0x10E6,249,247
20353,0x16F8,9,7
20353,0x1710,164,12
20353,0x1711,248,245
20353,0x1726,242,240
20353,0x1735,179,177
20353,0x1738,6,4
20355,0x0020,245,241
20355,0x0069,105,107
20355,0x006B,35,37
20355,0x007B,124,125
20355,0x00AD,250,252
20355,0x00CD,119,122
20355,0x00CE,239,245
20355,0x00CF,228,238
20355,0x00D0,218,232
20355,0x02FD,41,39
20355,0x0874,86,222
20355,0x0875,1,42
20355,0x0876,222,86
20355,0x0877,42,1
20355,0x0894,14,22
20355,0x0895,58,91
20355,0x0896,22,14
20355,0x0897,91,58
20355,0x0908,190,212
20355,0x090C,182,204
20355,0x0910,229,225
20355,0x0914,245,241
20355,0x0B26,124,125
20355,0x0B28,248,250
20355,0x0B86,124,125
20355,0x0B88,248,250
20355,0x0F99,124,125
20355,0x0F9D,124,125
20355,0x0FD1,124,125
20355,0x0FF0,124,125
20355,0x103C,2,0
20355,0x10D1,190,212
20355,0x10E6,247,245
20355,0x16F8,7,5
20355,0x1710,12,116
20355,0x1711,245,241
20355,0x1726,240,238
20355,0x1735,177,175
20355,0x1738,4,2
20357,0x0020,241,237
20357,0x002A,8,128
20357,0x0069,107,109
20357,0x006B,37,39
20357,0x0072,18,20
20357,0x007B,125,126
20357,0x0098,0,64
20357,0x009B,0,64
20357,0x009F,0,64
20357,0x00AD,252,254
20357,0x00B7,6,8
20357,0x00CD,122,125
20357,0x00CE,245,251
20357,0x00CF,238,248
20357,0x00D0,232,246
20357,0x00FA,0,64
20357,0x00FC,0,64
20357,0x0172,144,52
20357,0x0173,229,173
20357,0x0174,52,178
20357,0x0874,222,86
20357,0x0875,42,1
20357,0x0876,86,222
20357,0x0877,1,42
20357,0x0894,22,14
20357,0x0895,91,58
20357,0x0896,14,22
20357,0x0897,58,91
20357,0x0908,212,102
20357,0x090C,204,94
20357,0x0910,225,234
20357,0x0911,56,108
20357,0x0912,2,9
20357,0x0913,105,34
20357,0x0914,241,226
20357,0x0915,56,108
20357,0x0916,0,8
20357,0x0917,105,34
20357,0x0918,96,221
20357,0x0919,224,56
20357,0x091B,32,105
20357,0x091C,80,237
20357,0x091D,224,56
20357,0x091F,32,105
20357,0x0B01,10,160
20357,0x0B24,62,63
20357,0x0B26,125,126
20357,0x0B28,250,252
20357,0x0B84,62,63
20357,0x0B86,125,126
20357,0x0B88,250,252
20357,0x0BF2,34,37
20357,0x0BF3,0,224
20357,0x0F99,125,126
20357,0x0F9D,125,126
20357,0x0FD1,125,126
20357,0x0FF0,125,126
20357,0x103B,0,2
20357,0x103C,0,10
20357,0x1080,0,200
20357,0x1091,0,102
20357,0x1092,1,0
20357,0x10A6,242,255
20357,0x10D1,212,234
20357,0x10E6,245,243
20357,0x16F8,5,3
20357,0x1710,116,220
20357,0x1711,241,237
20357,0x1713,0,47
20357,0x1719,0,47
20357,0x171D,0,47
20357,0x1726,238,236
20357,0x1735,175,173
20357,0x1738,2,18
20357,0x1739,6,2
20357,0x173A,95,99
20359,0x0020,237,234
20359,0x0022,56,57
20359,0x0025,1,0
20359,0x002A,128,8
20359,0x0069,109,111
20359,0x006B,39,41
20359,0x0071,18,20
20359,0x007B,126,127
20359,0x0098,64,0
20359,0x009B,64,0
20359,0x009F,64,0
20359,0x00AD,254,0
20359,0x00B7,8,6
20359,0x00CD,125,138
20359,0x00CE,251,10
20359,0x00CF,248,9
20359,0x00D0,246,5
20359,0x00FA,64,0
20359,0x00FC,64,0
20359,0x0874,86,222
20359,0x0875,1,42
20359,0x0876,222,86
20359,0x0877,42,1
20359,0x0894,14,22
20359,0x0895,58,91
20359,0x0896,22,14
20359,0x0897,91,58
20359,0x0908,102,124
20359,0x090C,94,116
20359,0x0910,234,218
20359,0x0911,108,57
20359,0x0912,9,2
20359,0x0913,34,105
20359,0x0914,226,234
20359,0x0915,108,57
20359,0x0916,8,0
20359,0x0917,34,105
20359,0x0918,221,96
20359,0x0919,56,224
20359,0x091B,105,32
20359,0x091C,237,80
20359,0x091D,56,224
20359,0x091F,105,32
20359,0x0B01,160,10
20359,0x0B26,126,127
20359,0x0B28,252,254
20359,0x0B86,126,127
20359,0x0B88,252,254
20359,0x0F99,126,127
20359,0x0F9D,126,127
20359,0x0FD1,126,127
20359,0x0FF0,126,127
20359,0x103B,2,0
20359,0x103C,10,8
20359,0x1091,102,124
20359,0x10A6,255,253
20359,0x10C0,200,0
20359,0x10D1,234,0
20359,0x10D2,0,1
20359,0x10E6,243,242
20359,0x16F8,3,1
20359,0x1710,220,68
20359,0x1711,237,234
20359,0x1713,47,26
20359,0x1714,64,65
20359,0x1719,47,141
20359,0x1726,236,234
20359,0x1735,173,171
20359,0x1738,18,16
20359,0xFFFF,138,139
20361,0x0004,62,0
20361,0x0020,234,14
20361,0x0022,57,56
20361,0x0025,0,1
20361,0x002A,8,192
20361,0x0069,111,113
20361,0x006B,41,43
20361,0x007B,127,128
20361,0x00AD,0,2
20361,0x00B7,6,8
20361,0x00CA,1,2
20361,0x00CD,138,141
20361,0x00CE,10,16
20361,0x00CF,9,19
20361,0x00D0,5,19
20361,0x0172,52,36
20361,0x0173,173,52
20361,0x01B9,0,64
20361,0x02FD,39,41
20361,0x0501,159,196
20361,0x0502,86,93
20361,0x0503,20,8
20361,0x0508,79,72
20361,0x0509,85,94
20361,0x050A,20,4
20361,0x050B,20,8
20361,0x050F,158,8
20361,0x0510,86,84
20361,0x0512,40,12
20361,0x0516,78,144
20361,0x0517,85,94
20361,0x0519,44,32
20361,0x051D,156,80
20361,0x051E,86,85
20361,0x0520,64,52
20361,0x0524,152,128
20361,0x0525,86,82
20361,0x0600,0,94
20361,0x0601,0,8
20361,0x0602,0,20
20361,0x0603,0,8
20361,0x0604,0,36
20361,0x0605,0,8
20361,0x0606,0,52
20361,0x0607,0,8
20361,0x0608,0,116
20361,0x0609,0,16
20361,0x060A,0,117
20361,0x060B,0,16
20361,0x0616,0,180
20361,0x0617,0,26
20361,0x0618,0,157
20361,0x0619,0,26
20361,0x061A,0,107
20361,0x061B,0,24
20361,0x0620,167,190
20361,0x0622,169,206
20361,0x0624,168,95
20361,0x0625,12,80
20361,0x0626,172,11
20361,0x0627,12,16
20361,0x0628,0,11
20361,0x0629,0,16
20361,0x062A,0,11
20361,0x062B,0,16
20361,0x062C,0,30
20361,0x062D,0,17
20361,0x062E,0,46
20361,0x062F,0,17
20361,0x0630,0,116
20361,0x0631,0,16
20361,0x0632,0,117
20361,0x0633,0,16
20361,0x063C,200,0
20361,0x063D,12,0
20361,0x063E,172,181
20361,0x0640,0,197
20361,0x0641,0,12
20361,0x0642,0,197
20361,0x0643,0,12
20361,0x0644,0,197
20361,0x0645,0,12
20361,0x0646,0,173
20361,0x0647,0,12
20361,0x0874,222,86
20361,0x0875,42,1
20361,0x0876,86,222
20361,0x0877,1,42
20361,0x0894,22,14
20361,0x0895,91,58
20361,0x0896,14,22
20361,0x0897,58,91
20361,0x0908,124,146
20361,0x090C,116,138
20361,0x0910,218,214
20361,0x0911,57,58
20361,0x0914,234,230
20361,0x0915,57,58
20361,0x0918,96,254
20361,0x0919,224,56
20361,0x091B,32,105
20361,0x091C,80,14
20361,0x091D,224,56
20361,0x091F,32,105
20361,0x0B01,10,234
20361,0x0B22,31,32
20361,0x0B24,63,64
20361,0x0B26,127,128
20361,0x0B28,254,0
20361,0x0B29,0,1
20361,0x0B82,31,32
20361,0x0B84,63,64
20361,0x0B86,127,128
20361,0x0B88,254,0
20361,0x0B89,0,1
20361,0x0F99,127,128
20361,0x0F9D,127,128
20361,0x0FD1,127,128
20361,0x0FF0,127,128
20361,0x103C,8,6
20361,0x1091,124,146
20361,0x10A6,253,251
20361,0x16F1,3,2
20361,0x16F8,1,21
20361,0x1710,68,172
20361,0x1711,234,230
20361,0x1713,26,193
20361,0x1714,65,66
20361,0x1719,141,235
20361,0x1726,234,232
20361,0x1735,171,169
20361,0x1738,16,14
20361,0x1740,0,200
20361,0x1741,0,74
20361,0x1742,0,176
20361,0x1743,0,2
20361,0x1744,0,54
20361,0x1745,0,177
20361,0x1746,0,2
20361,0x1748,0,3
20361,0x174A,0,2
20361,0x174B,0,3
20361,0x174C,0,9
20361,0x1750,0,52
20361,0x1751,0,14
20361,0x1752,0,1
20361,0x1754,0,64
20361,0x1756,0,52
20361,0x1757,0,254
20361,0x1758,0,255
20361,0x175E,0,9
20361,0x175F,0,12
20361,0x1760,0,154
20361,0x1761,0,2
20361,0x1762,0,220
20361,0x1763,0,8
20361,0x1764,0,222
20361,0x1765,0,8
20361,0x1766,0,254
20361,0x1767,0,8
20361,0x1769,0,1
20361,0x176A,0,238
20361,0x176B,0,4
20361,0x176C,0,124
20361,0x176D,0,12
20361,0x176F,0,5
20361,0x1775,0,191
20361,0x1776,0,110
20361,0x1778,0,18
20361,0x1779,0,6
20361,0x177A,0,95
20361,0x177B,0,193
20363,0x0020,14,10
20363,0x0069,113,115
20363,0x006B,43,45
20363,0x007B,128,129
20363,0x0098,0,64
20363,0x009B,0,64
20363,0x009F,0,64
20363,0x00AD,2,4
20363,0x00CD,141,144
20363,0x00CE,16,22
20363,0x00CF,19,29
20363,0x00D0,19,33
20363,0x00FA,0,64
20363,0x00FC,0,64
20363,0x0172,36,52
20363,0x0173,52,173
20363,0x0874,86,222
20363,0x0875,1,42
20363,0x0876,222,86
20363,0x0877,42,1
20363,0x0894,14,22
20363,0x0895,58,91
20363,0x0896,22,14
20363,0x0897,91,58
20363,0x0908,146,168
20363,0x090C,138,160
20363,0x0910,214,211
20363,0x0911,58,61
20363,0x0914,230,227
20363,0x0915,58,61
20363,0x0918,254,250
20363,0x091C,14,10
20363,0x0B26,128,129
20363,0x0B28,0,2
20363,0x0B86,128,129
20363,0x0B88,0,2
20363,0x0F99,128,129
20363,0x0F9D,128,129
20363,0x0FD1,128,129
20363,0x0FF0,128,129
20363,0x103C,6,4
20363,0x1091,146,168
20363,0x10A6,251,249
20363,0x16F8,21,19
20363,0x1710,172,20
20363,0x1711,230,227
20363,0x1713,193,36
20363,0x1714,66,69
20363,0x1719,235,73
20363,0x171A,0,1
20363,0x1726,232,230
20363,0x1735,169,167
20363,0x1738,14,12
20363,0x1750,52,156
20363,0x1751,14,10
20363,0x1766,254,252
20363,0x1775,191,189
20363,0x1778,18,16
20365,0x0020,10,7
20365,0x0069,115,117
20365,0x006B,45,47
20365,0x007B,129,130
20365,0x0098,64,0
20365,0x009B,64,0
20365,0x009F,64,0
20365,0x00AD,4,6
20365,0x00CD,144,147
20365,0x00CE,22,28
20365,0x00CF,29,39
20365,0x00D0,33,47
20365,0x00FA,64,0
20365,0x00FC,64,0
20365,0x0874,222,86
20365,0x0875,42,1
20365,0x0876,86,222
20365,0x0877,1,42
20365,0x0894,22,14
20365,0x0895,91,58
20365,0x0896,14,22
20365,0x0897,58,91
20365,0x0908,168,190
20365,0x090C,160,182
20365,0x0910,211,207
20365,0x0911,61,64
20365,0x0914,227,223
20365,0x0915,61,64
20365,0x0918,250,247
20365,0x091C,10,7
20365,0x0B24,64,65
20365,0x0B26,129,130
20365,0x0B28,2,4
20365,0x0B84,64,65
20365,0x0B86,129,130
20365,0x0B88,2,4
20365,0x0F99,129,130
20365,0x0F9D,129,130
20365,0x0FD1,129,130
20365,0x0FF0,129,130
20365,0x103C,4,2
20365,0x1091,168,190
20365,0x10A6,249,247
20365,0x16F8,19,17
20365,0x1710,20,124
20365,0x1711,227,223
20365,0x1713,36,67
20365,0x1714,69,72
20365,0x1719,73,167
20365,0x1726,230,228
20365,0x1735,167,165
20365,0x1738,12,10
20365,0x1750,156,4
20365,0x1751,10,7
20365,0x1766,252,250
20365,0x1775,189,187
20365,0x1778,16,14
20367,0x0020,7,3
20367,0x0069,117,119
20367,0x006B,47,49
20367,0x007B,130,131
20367,0x00AD,6,8
20367,0x00CD,147,150
20367,0x00CE,28,34
20367,0x00CF,39,49
20367,0x00D0,47,61
20367,0x02FD,41,39
20367,0x0874,86,222
20367,0x0875,1,42
20367,0x0876,222,86
20367,0x0877,42,1
20367,0x0894,14,22
20367,0x0895,58,91
20367,0x0896,22,14
20367,0x0897,91,58
20367,0x0908,190,212
20367,0x090C,182,204
20367,0x0910,207,203
20367,0x0911,64,68
20367,0x0914,223,219
20367,0x0915,64,68
20367,0x0918,247,243
20367,0x091C,7,3
20367,0x0B26,130,131
20367,0x0B28,4,6
20367,0x0B86,130,131
20367,0x0B88,4,6
20367,0x0F99,130,131
20367,0x0F9D,130,131
20367,0x0FD1,130,131
20367,0x0FF0,130,131
20367,0x103C,2,0
20367,0x1091,190,212
20367,0x10A6,247,245
20367,0x16F8,17,15
20367,0x1710,124,228
20367,0x1711,223,219
20367,0x1713,67,30
20367,0x1714,72,76
20367,0x1719,167,5
20367,0x171A,1,2
20367,0x1726,228,226
20367,0x1735,165,163
20367,0x1738,10,8
20367,0x1750,4,108
20367,0x1751,7,3
20367,0x1766,250,248
20367,0x1775,187,185
20367,0x1778,14,12
20369,0x0004,0,2
20369,0x0020,3,255
20369,0x002A,192,8
20369,0x0069,119,121
20369,0x006B,49,51
20369,0x0072,20,22
20369,0x007B,131,132
20369,0x0098,0,64
20369,0x009B,0,64
20369,0x009F,0,64
20369,0x00AD,8,10
20369,0x00B7,8,10
20369,0x00CD,150,153
20369,0x00CE,34,40
20369,0x00CF,49,59
20369,0x00D0,61,75
20369,0x00FA,0,64
20369,0x00FC,0,64
20369,0x0501,196,129
20369,0x0502,93,82
20369,0x0503,8,20
20369,0x0600,94,0
20369,0x0601,8,0
20369,0x0602,20,0
20369,0x0603,8,0
20369,0x0604,36,62
20369,0x0605,8,63
20369,0x0606,52,63
20369,0x0607,8,63
20369,0x0608,116,88
20369,0x0609,16,63
20369,0x060A,117,88
20369,0x060B,16,63
20369,0x060C,0,88
20369,0x060D,0,63
20369,0x060E,0,88
20369,0x060F,0,63
20369,0x0610,0,88
20369,0x0611,0,63
20369,0x0612,0,88
20369,0x0613,0,63
20369,0x0874,222,86
20369,0x0875,42,1
20369,0x0876,86,222
20369,0x0877,1,42
20369,0x0894,22,14
20369,0x0895,91,58
20369,0x0896,14,22
20369,0x0897,58,91
20369,0x0908,212,234
20369,0x090C,204,226
20369,0x0910,203,102
20369,0x0911,68,108
20369,0x0912,2,9
20369,0x0913,105,34
20369,0x0914,219,94
20369,0x0915,68,108
20369,0x0916,0,8
20369,0x0917,105,34
20369,0x0918,243,200
20369,0x0919,56,72
20369,0x091C,3,216
20369,0x091D,56,72
20369,0x0920,71,239
20369,0x0921,224,56
20369,0x0922,6,2
20369,0x0923,61,105
20369,0x0924,55,255
20369,0x0925,224,56
20369,0x0926,4,0
20369,0x0927,61,105
20369,0x0B01,234,160
20369,0x0B02,0,10
20369,0x0B22,32,33
20369,0x0B24,65,66
20369,0x0B26,131,132
20369,0x0B28,6,8
20369,0x0B82,32,33
20369,0x0B84,65,66
20369,0x0B86,131,132
20369,0x0B88,6,8
20369,0x0BF4,47,37
20369,0x0BF5,0,224
20369,0x0F99,131,132
20369,0x0F9D,131,132
20369,0x0FD1,131,132
20369,0x0FF0,131,132
20369,0x103B,0,2
20369,0x103C,0,10
20369,0x1091,212,234
20369,0x10A6,245,243
20369,0x10C0,0,200
20369,0x10D1,0,102
20369,0x10D2,1,0
20369,0x10E6,242,255
20369,0x16F8,15,13
20369,0x1710,228,76
20369,0x1711,219,216
20369,0x1713,30,181
20369,0x1714,76,80
20369,0x1719,5,99
20369,0x1726,226,224
20369,0x1735,163,161
20369,0x1738,8,6
20369,0x1750,108,212
20369,0x1751,3,255
20369,0x1752,1,0
20369,0x1766,248,246
20369,0x1775,185,183
20369,0x1778,12,10
20371,0x0020,255,252
20371,0x002A,8,128
20371,0x0069,121,123
20371,0x006B,51,53
20371,0x0071,20,22
20371,0x007B,132,133
20371,0x0098,64,0
20371,0x009B,64,0
20371,0x009F,64,0
20371,0x00AD,10,12
20371,0x00B7,10,8
20371,0x00CD,153,156
20371,0x00CE,40,46
20371,0x00CF,59,69
20371,0x00D0,75,89
20371,0x00FA,64,0
20371,0x00FC,64,0
20371,0x02FD,39,41
20371,0x0874,86,222
20371,0x0875,1,42
20371,0x0876,222,86
20371,0x0877,42,1
20371,0x0894,14,22
20371,0x0895,58,91
20371,0x0896,22,14
20371,0x0897,91,58
20371,0x0908,234,124
20371,0x090C,226,116
20371,0x0910,102,196
20371,0x0911,108,78
20371,0x0912,9,2
20371,0x0913,34,105
20371,0x0914,94,212
20371,0x0915,108,78
20371,0x0916,8,0
20371,0x0917,34,105
20371,0x0918,200,236
20371,0x0919,72,56
20371,0x091C,216,252
20371,0x091D,72,56
20371,0x0920,239,96
20371,0x0921,56,224
20371,0x0923,105,32
20371,0x0924,255,80
20371,0x0925,56,224
20371,0x0927,105,32
20371,0x0B01,160,170
20371,0x0B02,10,0
20371,0x0B26,132,133
20371,0x0B28,8,10
20371,0x0B86,132,133
20371,0x0B88,8,10
20371,0x0F99,132,133
20371,0x0F9D,132,133
20371,0x0FD1,132,133
20371,0x0FF0,132,133
20371,0x103B,2,0
20371,0x103C,10,8
20371,0x1080,200,0
20371,0x1091,234,0
20371,0x1092,0,1
20371,0x10A6,243,242
20371,0x10D1,102,124
20371,0x10E6,255,253
20371,0x16F8,13,11
20371,0x1710,76,180
20371,0x1711,216,212
20371,0x1713,181,8
20371,0x1714,80,86
20371,0x1719,99,193
20371,0x1726,224,222
20371,0x1735,161,159
20371,0x1738,6,4
20371,0x1750,212,60
20371,0x1751,255,252
20371,0x1766,246,244
20371,0x1775,183,181
20371,0x1778,10,8
20371,0xFFFF,139,140
20373,0x0020,252,248
20373,0x0069,123,125
20373,0x006B,53,55
20373,0x007B,133,134
20373,0x00AD,12,14
20373,0x00CD,156,159
20373,0x00CE,46,52
20373,0x00CF,69,79
20373,0x00D0,89,103
20373,0x0874,222,86
20373,0x0875,42,1
20373,0x0876,86,222
20373,0x0877,1,42
20373,0x0894,22,14
20373,0x0895,91,58
20373,0x0896,14,22
20373,0x0897,58,91
20373,0x0908,124,146
20373,0x090C,116,138
20373,0x0910,196,193
20373,0x0911,78,84
20373,0x0914,212,209
20373,0x0915,78,84
20373,0x0918,236,232
20373,0x091C,252,248
20373,0x0B24,66,67
20373,0x0B26,133,134
20373,0x0B28,10,12
20373,0x0B84,66,67
20373,0x0B86,133,134
20373,0x0B88,10,12
20373,0x0F99,133,134
20373,0x0F9D,133,134
20373,0x0FD1,133,134
20373,0x0FF0,133,134
20373,0x103C,8,6
20373,0x10D1,124,146
20373,0x10E6,253,251
20373,0x16F8,11,9
20373,0x1710,180,28
20373,0x1711,212,209
20373,0x1713,8,23
20373,0x1714,86,92
20373,0x1719,193,31
20373,0x171A,2,3
20373,0x1726,222,220
20373,0x1735,159,157
20373,0x1738,4,2
20373,0x1750,60,164
20373,0x1751,252,248
20373,0x1766,244,242
20373,0x1775,181,179
20373,0x1778,8,6
20375,0x0020,248,245
20375,0x0069,125,127
20375,0x006B,55,57
20375,0x007B,134,135
20375,0x0098,0,64
20375,0x009B,0,64
20375,0x009F,0,64
20375,0x00AD,14,16
20375,0x00CD,159,162
20375,0x00CE,52,58
20375,0x00CF,79,89
20375,0x00D0,103,117
20375,0x00FA,0,64
20375,0x00FC,0,64
20375,0x0874,86,222
20375,0x0875,1,42
20375,0x0876,222,86
20375,0x0877,42,1
20375,0x0894,14,22
20375,0x0895,58,91
20375,0x0896,22,14
20375,0x0897,91,58
20375,0x0908,146,168
20375,0x090C,138,160
20375,0x0910,193,189
20375,0x0911,84,90
20375,0x0914,209,205
20375,0x0915,84,90
20375,0x0918,232,229
20375,0x091C,248,245
20375,0x0B26,134,135
20375,0x0B28,12,14
20375,0x0B86,134,135
20375,0x0B88,12,14
20375,0x0F99,134,135
20375,0x0F9D,134,135
20375,0x0FD1,134,135
20375,0x0FF0,134,135
20375,0x103C,6,4
20375,0x10D1,146,168
20375,0x10E6,251,249
20375,0x16F8,9,7
20375,0x1710,28,132
20375,0x1711,209,205
20375,0x1713,23,162
20375,0x1714,92,98
20375,0x1719,31,61
20375,0x171D,47,239
20375,0x1726,220,218
20375,0x1735,157,155
20375,0x1738,2,53
20375,0x173A,99,103
20375,0x1750,164,12
20375,0x1751,248,245
20375,0x1766,242,240
20375,0x1775,179,177
20375,0x1778,6,4
20377,0x0004,2,4
20377,0x0020,245,241
20377,0x0069,127,129
20377,0x006B,57,59
20377,0x007B,135,136
20377,0x0098,64,0
20377,0x009B,64,0
20377,0x009F,64,0
20377,0x00AD,16,18
20377,0x00CD,162,165
20377,0x00CE,58,64
20377,0x00CF,89,99
20377,0x00D0,117,131
20377,0x00FA,64,0
20377,0x00FC,64,0
20377,0x017D,52,116
20377,0x0501,129,145
20377,0x0502,82,94
20377,0x0508,72,81
20377,0x0509,94,85
20377,0x050A,4,20
20377,0x050B,8,20
20377,0x050F,8,130
20377,0x0510,84,82
20377,0x0512,12,40
20377,0x0600,0,118
20377,0x0601,0,16
20377,0x0602,0,120
20377,0x0603,0,16
20377,0x0604,62,217
20377,0x0605,63,80
20377,0x0606,63,154
20377,0x0607,63,17
20377,0x0608,88,11
20377,0x0609,63,16
20377,0x060A,88,11
20377,0x060B,63,16
20377,0x060C,88,31
20377,0x060D,63,17
20377,0x060E,88,47
20377,0x060F,63,17
20377,0x0610,88,116
20377,0x0611,63,16
20377,0x0612,88,118
20377,0x0613,63,16
20377,0x0616,180,0
20377,0x0617,26,0
20377,0x0618,157,0
20377,0x0619,26,0
20377,0x061A,107,0
20377,0x061B,24,0
20377,0x0620,190,0
20377,0x0621,12,0
20377,0x0622,206,0
20377,0x0623,12,0
20377,0x0624,95,0
20377,0x0625,80,0
20377,0x0626,11,0
20377,0x0627,16,0
20377,0x0628,11,0
20377,0x0629,16,0
20377,0x062A,11,0
20377,0x062B,16,0
20377,0x062C,30,48
20377,0x062D,17,63
20377,0x062E,46,64
20377,0x062F,17,63
20377,0x0630,116,80
20377,0x0631,16,63
20377,0x0632,117,34
20377,0x0633,16,63
20377,0x0634,0,56
20377,0x0635,0,63
20377,0x0636,0,72
20377,0x0637,0,63
20377,0x0638,0,56
20377,0x0639,0,63
20377,0x063A,0,72
20377,0x063B,0,63
20377,0x0874,222,86
20377,0x0875,42,1
20377,0x0876,86,222
20377,0x0877,1,42
20377,0x0894,22,14
20377,0x0895,91,58
20377,0x0896,14,22
20377,0x0897,58,91
20377,0x0908,168,190
20377,0x090C,160,182
20377,0x0910,189,185
20377,0x0911,90,96
20377,0x0914,205,201
20377,0x0915,90,96
20377,0x0918,229,225
20377,0x091C,245,241
20377,0x0B22,33,34
20377,0x0B24,67,68
20377,0x0B26,135,136
20377,0x0B28,14,16
20377,0x0B82,33,34
20377,0x0B84,67,68
20377,0x0B86,135,136
20377,0x0B88,14,16
20377,0x0F99,135,136
20377,0x0F9D,135,136
20377,0x0FD1,135,136
20377,0x0FF0,135,136
20377,0x103C,4,2
20377,0x10D1,168,190
20377,0x10E6,249,247
20377,0x16F8,7,5
20377,0x1710,132,236
20377,0x1711,205,201
20377,0x1713,162,233
20377,0x1714,98,104
20377,0x1719,61,27
20377,0x1726,218,216
20377,0x1735,155,153
20377,0x1738,53,51
20377,0x1750,12,116
20377,0x1751,245,241
20377,0x1766,240,238
20377,0x1775,177,175
20377,0x1778,4,2
20379,0x0020,241,237
20379,0x0025,1,0
20379,0x0069,129,131
20379,0x006B,59,61
20379,0x0071,22,24
20379,0x0072,22,24
20379,0x007B,136,137
20379,0x00AD,18,20
20379,0x00CA,2,1
20379,0x00CD,165,168
20379,0x00CE,64,70
20379,0x00CF,99,109
20379,0x00D0,131,145
20379,0x00D7,3,6
20379,0x00DA,1,2
20379,0x017D,116,52
20379,0x02FD,41,39
20379,0x0401,84,128
20379,0x0403,6,14
20379,0x0408,49,0
20379,0x040A,128,0
20379,0x040B,152,36
20379,0x040C,76,0
20379,0x040D,6,36
20379,0x040E,0,50
20379,0x0410,0,48
20379,0x0412,50,128
20379,0x0413,36,144
20379,0x0414,128,76
20379,0x0415,156,12
20379,0x0416,76,0
20379,0x0417,6,36
20379,0x041C,48,0
20379,0x041E,51,54
20379,0x0874,86,222
20379,0x0875,1,42
20379,0x0876,222,86
20379,0x0877,42,1
20379,0x0894,14,22
20379,0x0895,58,91
20379,0x0896,22,14
20379,0x0897,91,58
20379,0x0908,190,201
20379,0x0909,108,88
20379,0x090A,9,128
20379,0x090B,34,98
20379,0x090C,182,201
20379,0x090D,108,104
20379,0x090E,8,162
20379,0x0911,96,104
20379,0x0912,2,160
20379,0x0913,105,34
20379,0x0914,201,185
20379,0x0915,96,88
20379,0x0916,0,128
20379,0x0917,105,34
20379,0x0918,225,221
20379,0x091C,241,237
20379,0x0920,96,80
20379,0x0922,2,0
20379,0x0B00,10,170
20379,0x0B26,136,137
20379,0x0B28,16,18
20379,0x0B86,136,137
20379,0x0B88,16,18
20379,0x0BF6,47,44
20379,0x0BF7,0,73
20379,0x0F99,136,137
20379,0x0F9D,136,137
20379,0x0FD1,136,137
20379,0x0FF0,136,137
20379,0x103C,2,0
20379,0x10C0,200,0
20379,0x10C1,175,225
20379,0x10E2,65,227
20379,0x10E4,67,229
20379,0x10E6,247,1
20379,0x10EC,17,45
20379,0x16F8,5,3
20379,0x1700,200,208
20379,0x1701,74,192
20379,0x1702,176,252
20379,0x1703,2,4
20379,0x1708,3,255
20379,0x1720,154,146
20379,0x1722,220,213
20379,0x1723,8,11
20379,0x1724,222,215
20379,0x1725,8,11
20379,0x1726,216,2
20379,0x1727,8,2
20379,0x1728,0,128
20379,0x1729,1,0
20379,0x172A,238,164
20379,0x172C,124,201
20379,0x172D,12,41
20379,0x1730,0,25
20379,0x1750,116,220
20379,0x1751,241,237
20379,0x1753,0,47
20379,0x1759,0,47
20379,0x175D,0,47
20379,0x1766,238,236
20379,0x1775,175,173
20379,0x1778,2,18
20379,0x1779,6,2
20379,0x177A,95,99
20379,0xFFFF,140,141
20381,0x0020,237,234
20381,0x0022,56,57
20381,0x002A,128,8
20381,0x0069,131,133
20381,0x006B,61,63
20381,0x0072,24,26
20381,0x007B,137,138
20381,0x0098,0,64
20381,0x009B,0,64
20381,0x009F,0,64
20381,0x00AD,20,22
20381,0x00B7,8,10
20381,0x00CD,168,171
20381,0x00CE,70,76
20381,0x00CF,109,119
20381,0x00D0,145,159
20381,0x00FA,0,64
20381,0x00FC,0,64
20381,0x02FD,39,41
20381,0x0874,222,86
20381,0x0875,42,1
20381,0x0876,86,222
20381,0x0877,1,42
20381,0x0894,22,14
20381,0x0895,91,58
20381,0x0896,14,22
20381,0x0897,58,91
20381,0x0908,201,102
20381,0x0909,88,108
20381,0x090A,128,9
20381,0x090B,98,34
20381,0x090C,201,94
20381,0x090D,104,108
20381,0x090E,162,8
20381,0x0910,185,200
20381,0x0912,160,166
20381,0x0914,185,184
20381,0x0915,88,104
20381,0x0916,128,164
20381,0x0918,221,200
20381,0x0919,56,88
20381,0x091A,2,134
20381,0x091B,105,34
20381,0x091C,237,184
20381,0x091D,56,88
20381,0x091E,0,132
20381,0x091F,105,34
20381,0x0920,80,218
20381,0x0921,224,57
20381,0x0922,0,2
20381,0x0923,32,105
20381,0x0924,80,234
20381,0x0925,224,57
20381,0x0927,32,105
20381,0x0B00,170,10
20381,0x0B02,0,10
20381,0x0B24,68,69
20381,0x0B26,137,138
20381,0x0B28,18,20
20381,0x0B84,68,69
20381,0x0B86,137,138
20381,0x0B88,18,20
20381,0x0BF8,47,37
20381,0x0BF9,0,224
20381,0x0F99,137,138
20381,0x0F9D,137,138
20381,0x0FD1,137,138
20381,0x0FF0,137,138
20381,0x103B,0,2
20381,0x103C,0,10
20381,0x1080,0,200
20381,0x1091,0,102
20381,0x1092,1,0
20381,0x10A6,242,255
20381,0x16F8,3,1
20381,0x1711,201,200
20381,0x1724,215,217
20381,0x1726,2,3
20381,0x172C,201,161
20381,0x172D,41,42
20381,0x1730,25,23
20381,0x1750,220,68
20381,0x1751,237,234
20381,0x1753,47,26
20381,0x1754,64,65
20381,0x1759,47,141
20381,0x1766,236,234
20381,0x1775,173,171
20381,0x1778,18,16
20383,0x0020,234,14
20383,0x0022,57,56
20383,0x0025,0,1
20383,0x002A,8,192
20383,0x0069,133,135
20383,0x006B,63,65
20383,0x0071,24,26
20383,0x007B,138,139
20383,0x0098,64,0
20383,0x009B,64,0
20383,0x009F,64,0
20383,0x00AD,22,24
20383,0x00B7,10,12
20383,0x00CA,1,2
20383,0x00CD,171,174
20383,0x00CE,76,82
20383,0x00CF,119,129
20383,0x00D0,159,173
20383,0x00FA,64,0
20383,0x00FC,64,0
20383,0x0172,52,36
20383,0x0173,173,52
20383,0x01B9,64,128
20383,0x02FD,41,39
20383,0x0874,86,222
20383,0x0875,1,42
20383,0x0876,222,86
20383,0x0877,42,1
20383,0x0894,14,22
20383,0x0895,58,91
20383,0x0896,22,14
20383,0x0897,91,58
20383,0x0908,102,124
20383,0x090C,94,116
20383,0x0910,200,199
20383,0x0914,184,183
20383,0x0918,200,199
20383,0x091C,184,183
20383,0x0920,218,214
20383,0x0921,57,58
20383,0x0924,234,230
20383,0x0925,57,58
20383,0x0928,119,254
20383,0x0929,224,56
20383,0x092A,110,2
20383,0x092B,61,105
20383,0x092C,111,14
20383,0x092D,224,56
20383,0x092E,109,0
20383,0x092F,61,105
20383,0x0B02,10,234
20383,0x0B26,138,139
20383,0x0B28,20,22
20383,0x0B86,138,139
20383,0x0B88,20,22
20383,0x0F99,138,139
20383,0x0F9D,138,139
20383,0x0FD1,138,139
20383,0x0FF0,138,139
20383,0x103B,2,0
20383,0x103C,10,8
20383,0x1091,102,124
20383,0x10A6,255,253
20383,0x16F1,2,1
20383,0x16F8,1,21
20383,0x1711,200,199
20383,0x1726,3,1
20383,0x1730,23,21
20383,0x1750,68,172
20383,0x1751,234,230
20383,0x1753,26,193
20383,0x1754,65,66
20383,0x1759,141,235
20383,0x1766,234,232
20383,0x1775,171,169
20383,0x1778,16,14
20383,0x1780,0,200
20383,0x1781,0,74
20383,0x1782,0,176
20383,0x1783,0,2
20383,0x1784,0,54
20383,0x1785,0,177
20383,0x1786,0,2
20383,0x1788,0,3
20383,0x178A,0,2
20383,0x178B,0,3
20383,0x178C,0,9
20383,0x1790,0,52
20383,0x1791,0,14
20383,0x1792,0,1
20383,0x1794,0,64
20383,0x1796,0,52
20383,0x1797,0,254
20383,0x1798,0,255
20383,0x179E,0,9
20383,0x179F,0,12
20383,0x17A0,0,154
20383,0x17A1,0,2
20383,0x17A2,0,220
20383,0x17A3,0,8
20383,0x17A4,0,222
20383,0x17A5,0,8
20383,0x17A6,0,254
20383,0x17A7,0,8
20383,0x17A9,0,1
20383,0x17AA,0,238
20383,0x17AB,0,4
20383,0x17AC,0,124
20383,0x17AD,0,12
20383,0x17AF,0,5
20383,0x17B5,0,191
20383,0x17B6,0,110
20383,0x17B8,0,18
20383,0x17B9,0,6
20383,0x17BA,0,95
20383,0x17BB,0,193
20383,0xFFFF,141,142
20385,0x0004,4,6
20385,0x0020,14,10
20385,0x0069,135,137
20385,0x006B,65,67
20385,0x007B,139,140
20385,0x00AD,24,26
20385,0x00CD,174,177
20385,0x00CE,82,88
20385,0x00CF,129,139
20385,0x00D0,173,187
20385,0x0172,36,52
20385,0x0173,52,173
20385,0x0501,145,131
20385,0x0502,94,82
20385,0x0600,118,0
20385,0x0601,16,0
20385,0x0602,120,0
20385,0x0603,16,0
20385,0x0604,217,49
20385,0x0605,80,63
20385,0x0606,154,65
20385,0x0607,17,63
20385,0x0608,11,81
20385,0x0609,16,63
20385,0x060A,11,35
20385,0x060B,16,63
20385,0x060C,31,57
20385,0x060D,17,63
20385,0x060E,47,73
20385,0x060F,17,63
20385,0x0610,116,57
20385,0x0611,16,63
20385,0x0612,118,73
20385,0x0613,16,63
20385,0x0874,222,86
20385,0x0875,42,1
20385,0x0876,86,222
20385,0x0877,1,42
20385,0x0894,22,14
20385,0x0895,91,58
20385,0x0896,14,22
20385,0x0897,58,91
20385,0x0908,124,146
20385,0x090C,116,138
20385,0x0910,199,198
20385,0x0912,166,170
20385,0x0914,183,182
20385,0x0916,164,168
20385,0x0918,199,198
20385,0x091A,134,138
20385,0x091C,183,182
20385,0x091E,132,136
20385,0x0920,214,211
20385,0x0921,58,61
20385,0x0924,230,227
20385,0x0925,58,61
20385,0x0928,254,250
20385,0x092C,14,10
20385,0x0B22,34,35
20385,0x0B24,69,70
20385,0x0B26,139,140
20385,0x0B28,22,24
20385,0x0B82,34,35
20385,0x0B84,69,70
20385,0x0B86,139,140
20385,0x0B88,22,24
20385,0x0F99,139,140
20385,0x0F9D,139,140
20385,0x0FD1,139,140
20385,0x0FF0,139,140
20385,0x103C,8,6
20385,0x1091,124,146
20385,0x10A6,253,251
20385,0x16F8,21,19
20385,0x1711,199,198
20385,0x1724,217,219
20385,0x1726,1,2
20385,0x172C,161,144
20385,0x1730,21,19
20385,0x1750,172,20
20385,0x1751,230,227
20385,0x1753,193,36
20385,0x1754,66,69
20385,0x1759,235,73
20385,0x175A,0,1
20385,0x1766,232,230
20385,0x1775,169,167
20385,0x1778,14,12
20385,0x1790,52,156
20385,0x1791,14,10
20385,0x17A6,254,252
20385,0x17B5,191,189
20385,0x17B8,18,16
20387,0x0020,10,7
20387,0x0069,137,139
20387,0x006B,67,69
20387,0x007B,140,141
20387,0x0098,0,64
20387,0x009B,0,64
20387,0x009F,0,64
20387,0x00AD,26,28
20387,0x00CD,177,180
20387,0x00CE,88,94
20387,0x00CF,139,149
20387,0x00D0,187,201
20387,0x00FA,0,64
20387,0x00FC,0,64
20387,0x0874,86,222
20387,0x0875,1,42
20387,0x0876,222,86
20387,0x0877,42,1
20387,0x0894,14,22
20387,0x0895,58,91
20387,0x0896,22,14
20387,0x0897,91,58
20387,0x0908,146,168
20387,0x090C,138,160
20387,0x0910,198,197
20387,0x0912,170,174
20387,0x0914,182,181
20387,0x0916,168,172
20387,0x0918,198,197
20387,0x091A,138,142
20387,0x091C,182,181
20387,0x091E,136,140
20387,0x0920,211,207
20387,0x0921,61,64
20387,0x0924,227,223
20387,0x0925,61,64
20387,0x0928,250,247
20387,0x092C,10,7
20387,0x0B26,140,141
20387,0x0B28,24,26
20387,0x0B86,140,141
20387,0x0B88,24,26
20387,0x0F99,140,141
20387,0x0F9D,140,141
20387,0x0FD1,140,141
20387,0x0FF0,140,141
20387,0x103C,6,4
20387,0x1091,146,168
20387,0x10A6,251,249
20387,0x16F8,19,17
20387,0x1711,198,197
20387,0x1724,219,221
20387,0x1726,2,4
20387,0x172C,144,127
20387,0x1730,19,17
20387,0x1750,20,124
20387,0x1751,227,223
20387,0x1753,36,67
20387,0x1754,69,72
20387,0x1759,73,167
20387,0x1766,230,228
20387,0x1775,167,165
20387,0x1778,12,10
20387,0x1790,156,4
20387,0x1791,10,7
20387,0x17A6,252,250
20387,0x17B5,189,187
20387,0x17B8,16,14
20389,0x0020,7,3
20389,0x0069,139,141
20389,0x006B,69,71
20389,0x007B,141,142
20389,0x0098,64,0
20389,0x009B,64,0
20389,0x009F,64,0
20389,0x00AD,28,30
20389,0x00CD,180,183
20389,0x00CE,94,100
20389,0x00CF,149,159
20389,0x00D0,201,215
20389,0x00FA,64,0
20389,0x00FC,64,0
20389,0x02FD,39,41
20389,0x0874,222,86
20389,0x0875,42,1
20389,0x0876,86,222
20389,0x0877,1,42
20389,0x0894,22,14
20389,0x0895,91,58
20389,0x0896,14,22
20389,0x0897,58,91
20389,0x0908,168,190
20389,0x090C,160,182
20389,0x0910,197,196
20389,0x0914,181,180
20389,0x0918,197,196
20389,0x091C,181,180
20389,0x0920,207,203
20389,0x0921,64,68
20389,0x0924,223,219
20389,0x0925,64,68
20389,0x0928,247,243
20389,0x092C,7,3
20389,0x0B24,70,71
20389,0x0B26,141,142
20389,0x0B28,26,28
20389,0x0B84,70,71
20389,0x0B86,141,142
20389,0x0B88,26,28
20389,0x0F99,141,142
20389,0x0F9D,141,142
20389,0x0FD1,141,142
20389,0x0FF0,141,142
20389,0x103C,4,2
20389,0x1091,168,190
20389,0x10A6,249,247
20389,0x16F8,17,15
20389,0x1711,197,196
20389,0x1726,4,2
20389,0x1730,17,15
20389,0x1750,124,228
20389,0x1751,223,219
20389,0x1753,67,30
20389,0x1754,72,76
20389,0x1759,167,5
20389,0x175A,1,2
20389,0x1766,228,226
20389,0x1775,165,163
20389,0x1778,10,8
20389,0x1790,4,108
20389,0x1791,7,3
20389,0x17A6,250,248
20389,0x17B5,187,185
20389,0x17B8,14,12
20391,0x0020,3,255
20391,0x002A,192,128
20391,0x0069,141,143
20391,0x006B,71,73
20391,0x007B,142,143
20391,0x00AD,30,32
20391,0x00CD,183,186
20391,0x00CE,100,106
20391,0x00CF,159,169
20391,0x00D0,215,229
20391,0x0874,86,222
20391,0x0875,1,42
20391,0x0876,222,86
20391,0x0877,42,1
20391,0x0894,14,22
20391,0x0895,58,91
20391,0x0896,22,14
20391,0x0897,91,58
20391,0x0908,190,212
20391,0x090C,182,204
20391,0x0910,196,195
20391,0x0911,104,88
20391,0x0912,174,192
20391,0x0913,34,98
20391,0x0914,180,195
20391,0x0916,172,226
20391,0x0918,196,179
20391,0x0919,88,104
20391,0x091A,142,224
20391,0x091C,180,179
20391,0x091E,140,192
20391,0x0920,203,200
20391,0x0921,68,72
20391,0x0924,219,216
20391,0x0925,68,72
20391,0x0928,243,239
20391,0x092C,3,255
20391,0x0B02,234,170
20391,0x0B26,142,143
20391,0x0B28,28,30
20391,0x0B86,142,143
20391,0x0B88,28,30
20391,0x0F99,142,143
20391,0x0F9D,142,143
20391,0x0FD1,142,143
20391,0x0FF0,142,143
20391,0x103C,2,0
20391,0x1091,190,212
20391,0x10A6,247,245
20391,0x16F8,15,13
20391,0x1711,196,195
20391,0x1724,221,223
20391,0x1726,2,4
20391,0x172C,127,110
20391,0x1730,15,13
20391,0x1750,228,76
20391,0x1751,219,216
20391,0x1753,30,181
20391,0x1754,76,80
20391,0x1759,5,99
20391,0x1766,226,224
20391,0x1775,163,161
20391,0x1778,8,6
20391,0x1790,108,212
20391,0x1791,3,255
20391,0x1792,1,0
20391,0x17A6,248,246
20391,0x17B5,185,183
20391,0x17B8,12,10
20393,0x0004,6,8
20393,0x0020,255,252
20393,0x002A,128,8
20393,0x0069,143,145
20393,0x006B,73,75
20393,0x0072,26,28
20393,0x007B,143,144
20393,0x0098,0,64
20393,0x009B,0,64
20393,0x009F,0,64
20393,0x00AD,32,34
20393,0x00B7,12,14
20393,0x00CD,186,189
20393,0x00CE,106,112
20393,0x00CF,169,179
20393,0x00D0,229,243
20393,0x00FA,0,64
20393,0x00FC,0,64
20393,0x0501,131,73
20393,0x0502,82,94
20393,0x0503,20,4
20393,0x0508,81,9
20393,0x0509,85,84
20393,0x050B,20,4
20393,0x050F,130,146
20393,0x0510,82,94
20393,0x0512,40,24
20393,0x0516,144,82
20393,0x0517,94,85
20393,0x0519,32,44
20393,0x051D,80,132
20393,0x051E,85,82
20393,0x0520,52,64
20393,0x0600,0,116
20393,0x0601,0,16
20393,0x0602,0,118
20393,0x0603,0,16
20393,0x0604,49,0
20393,0x0605,63,0
20393,0x0606,65,0
20393,0x0607,63,0
20393,0x0608,81,0
20393,0x0609,63,0
20393,0x060A,35,0
20393,0x060B,63,0
20393,0x060C,57,0
20393,0x060D,63,0
20393,0x060E,73,181
20393,0x060F,63,26
20393,0x0610,57,158
20393,0x0611,63,26
20393,0x0612,73,108
20393,0x0613,63,24
20393,0x0618,0,9
20393,0x0619,0,13
20393,0x061A,0,191
20393,0x061B,0,12
20393,0x061C,0,95
20393,0x061D,0,16
20393,0x061E,0,11
20393,0x061F,0,16
20393,0x0620,0,11
20393,0x0621,0,16
20393,0x0622,0,11
20393,0x0623,0,16
20393,0x0624,0,29
20393,0x0625,0,17
20393,0x0626,0,45
20393,0x0627,0,17
20393,0x0628,0,116
20393,0x0629,0,16
20393,0x062A,0,117
20393,0x062B,0,16
20393,0x062C,48,0
20393,0x062D,63,0
20393,0x062E,64,0
20393,0x062F,63,0
20393,0x0630,80,0
20393,0x0631,63,0
20393,0x0632,34,0
20393,0x0633,63,0
20393,0x0634,56,0
20393,0x0635,63,0
20393,0x0636,72,0
20393,0x0637,63,0
20393,0x0638,56,0
20393,0x0639,63,0
20393,0x063A,72,0
20393,0x063B,63,0
20393,0x063C,0,233
20393,0x063D,0,12
20393,0x063E,181,249
20393,0x0640,197,0
20393,0x0641,12,0
20393,0x0642,197,0
20393,0x0643,12,0
20393,0x0644,197,0
20393,0x0645,12,0
20393,0x0646,173,0
20393,0x0647,12,0
20393,0x0648,0,82
20393,0x0649,0,63
20393,0x064A,0,36
20393,0x064B,0,63
20393,0x064C,0,58
20393,0x064D,0,63
20393,0x064E,0,74
20393,0x064F,0,63
20393,0x0874,222,86
20393,0x0875,42,1
20393,0x0876,86,222
20393,0x0877,1,42
20393,0x0894,22,14
20393,0x0895,91,58
20393,0x0896,14,22
20393,0x0897,58,91
20393,0x0908,212,234
20393,0x090C,204,226
20393,0x0910,195,102
20393,0x0911,88,108
20393,0x0912,192,9
20393,0x0913,98,34
20393,0x0914,195,94
20393,0x0915,104,108
20393,0x0916,226,8
20393,0x0918,179,194
20393,0x0919,104,88
20393,0x091A,224,192
20393,0x091B,34,98
20393,0x091C,179,194
20393,0x091D,88,104
20393,0x091E,192,226
20393,0x0920,200,178
20393,0x0921,72,104
20393,0x0922,2,224
20393,0x0923,105,34
20393,0x0924,216,178
20393,0x0925,72,88
20393,0x0926,0,192
20393,0x0927,105,34
20393,0x0928,239,196
20393,0x0929,56,78
20393,0x092C,255,212
20393,0x092D,56,78
20393,0x0930,103,236
20393,0x0931,224,56
20393,0x0932,108,2
20393,0x0933,61,105
20393,0x0934,95,252
20393,0x0935,224,56
20393,0x0936,104,0
20393,0x0937,61,105
20393,0x0B01,170,160
20393,0x0B03,0,10
20393,0x0B22,35,36
20393,0x0B24,71,72
20393,0x0B26,143,144
20393,0x0B28,30,32
20393,0x0B82,35,36
20393,0x0B84,71,72
20393,0x0B86,143,144
20393,0x0B88,30,32
20393,0x0BFA,47,37
20393,0x0BFB,0,224
20393,0x0F99,143,144
20393,0x0F9D,143,144
20393,0x0FD1,143,144
20393,0x0FF0,143,144
20393,0x103B,0,2
20393,0x103C,0,10
20393,0x1091,212,234
20393,0x10A6,245,243
20393,0x10C0,0,200
20393,0x10C1,225,175
20393,0x10D1,190,102
20393,0x10E2,227,65
20393,0x10E4,229,67
20393,0x10E6,1,255
20393,0x10EC,45,17
20393,0x16F8,13,11
20393,0x1711,195,194
20393,0x1726,4,2
20393,0x1730,13,11
20393,0x1750,76,180
20393,0x1751,216,212
20393,0x1753,181,8
20393,0x1754,80,86
20393,0x1759,99,193
20393,0x1766,224,222
20393,0x1775,161,159
20393,0x1778,6,4
20393,0x1790,212,60
20393,0x1791,255,252
20393,0x17A6,246,244
20393,0x17B5,183,181
20393,0x17B8,10,8
20395,0x0020,252,248
20395,0x002A,8,128
20395,0x0069,145,147
20395,0x006B,75,77
20395,0x0071,26,28
20395,0x007B,144,145
20395,0x0098,64,0
20395,0x009B,64,0
20395,0x009F,64,0
20395,0x00AD,34,36
20395,0x00B7,14,12
20395,0x00CD,189,192
20395,0x00CE,112,118
20395,0x00CF,179,189
20395,0x00D0,243,1
20395,0x00FA,64,0
20395,0x00FC,64,0
20395,0x017D,52,53
20395,0x02FD,41,39
20395,0x0874,86,222
20395,0x0875,1,42
20395,0x0876,222,86
20395,0x0877,42,1
20395,0x0894,14,22
20395,0x0895,58,91
20395,0x0896,22,14
20395,0x0897,91,58
20395,0x0908,234,124
20395,0x090C,226,116
20395,0x0910,102,193
20395,0x0911,108,104
20395,0x0912,9,230
20395,0x0914,94,193
20395,0x0915,108,88
20395,0x0916,8,196
20395,0x0917,34,98
20395,0x0918,194,177
20395,0x0919,88,104
20395,0x091A,192,228
20395,0x091B,98,34
20395,0x091C,194,177
20395,0x091D,104,88
20395,0x091E,226,196
20395,0x0920,178,193
20395,0x0921,104,84
20395,0x0922,224,2
20395,0x0923,34,105
20395,0x0924,178,209
20395,0x0925,88,84
20395,0x0926,192,0
20395,0x0927,34,105
20395,0x0928,196,232
20395,0x0929,78,56
20395,0x092C,212,248
20395,0x092D,78,56
20395,0x0930,236,96
20395,0x0931,56,224
20395,0x0933,105,32
20395,0x0934,252,80
20395,0x0935,56,224
20395,0x0937,105,32
20395,0x0B01,160,170
20395,0x0B03,10,0
20395,0x0B26,144,145
20395,0x0B28,32,34
20395,0x0B86,144,145
20395,0x0B88,32,34
20395,0x0F99,144,145
20395,0x0F9D,144,145
20395,0x0FD1,144,145
20395,0x0FF0,144,145
20395,0x103B,2,0
20395,0x103C,10,8
20395,0x1080,200,0
20395,0x1091,234,0
20395,0x1092,0,1
20395,0x10A6,243,242
20395,0x10D1,102,124
20395,0x10E6,255,253
20395,0x16F8,11,9
20395,0x1711,194,193
20395,0x1724,223,225
20395,0x1726,2,4
20395,0x172C,110,93
20395,0x1730,11,9
20395,0x1750,180,28
20395,0x1751,212,209
20395,0x1753,8,23
20395,0x1754,86,92
20395,0x1759,193,31
20395,0x175A,2,3
20395,0x1766,222,220
20395,0x1775,159,157
20395,0x1778,4,2
20395,0x1790,60,164
20395,0x1791,252,248
20395,0x17A6,244,242
20395,0x17B5,181,179
20395,0x17B8,8,6
20395,0xFFFF,142,143
20397,0x0020,248,245
20397,0x0069,147,149
20397,0x006B,77,79
20397,0x007B,145,146
20397,0x00AD,36,38
20397,0x00CD,192,195
20397,0x00CE,118,124
20397,0x00CF,189,199
20397,0x00D0,1,15
20397,0x017D,53,52
20397,0x0874,222,86
20397,0x0875,42,1
20397,0x0876,86,222
20397,0x0877,1,42
20397,0x0894,22,14
20397,0x0895,91,58
20397,0x0896,14,22
20397,0x0897,58,91
20397,0x0908,124,146
20397,0x090C,116,138
20397,0x0910,193,192
20397,0x0914,193,192
20397,0x0918,177,176
20397,0x091C,177,176
20397,0x0920,193,189
20397,0x0921,84,90
20397,0x0924,209,205
20397,0x0925,84,90
20397,0x0928,232,229
20397,0x092C,248,245
20397,0x0B24,72,73
20397,0x0B26,145,146
20397,0x0B28,34,36
20397,0x0B84,72,73
20397,0x0B86,145,146
20397,0x0B88,34,36
20397,0x0F99,145,146
20397,0x0F9D,145,146
20397,0x0FD1,145,146
20397,0x0FF0,145,146
20397,0x103C,8,6
20397,0x10D1,124,146
20397,0x10E6,253,251
20397,0x16F8,9,7
20397,0x1711,193,192
20397,0x1726,4,2
20397,0x1730,9,7
20397,0x1750,28,132
20397,0x1751,209,205
20397,0x1753,23,162
20397,0x1754,92,98
20397,0x1759,31,61
20397,0x175D,47,239
20397,0x1766,220,218
20397,0x1775,157,155
20397,0x1778,2,53
20397,0x177A,99,103
20397,0x1790,164,12
20397,0x1791,248,245
20397,0x17A6,242,240
20397,0x17B5,179,177
20397,0x17B8,6,4
20399,0x0020,245,241
20399,0x0069,149,151
20399,0x006B,79,81
20399,0x007B,146,147
20399,0x0098,0,64
20399,0x009B,0,64
20399,0x009F,0,64
20399,0x00AD,38,40
20399,0x00CD,195,198
20399,0x00CE,124,130
20399,0x00CF,199,209
20399,0x00D0,15,29
20399,0x00FA,0,64
20399,0x00FC,0,64
20399,0x02FD,39,41
20399,0x0874,86,222
20399,0x0875,1,42
20399,0x0876,222,86
20399,0x0877,42,1
20399,0x0894,14,22
20399,0x0895,58,91
20399,0x0896,22,14
20399,0x0897,91,58
20399,0x0908,146,168
20399,0x090C,138,160
20399,0x0910,192,191
20399,0x0912,230,194
20399,0x0913,34,98
20399,0x0914,192,175
20399,0x0915,88,104
20399,0x0916,196,194
20399,0x0917,98,34
20399,0x0918,176,191
20399,0x0919,104,88
20399,0x091A,228,130
20399,0x091B,34,98
20399,0x091C,176,175
20399,0x091E,196,130
20399,0x0920,189,185
20399,0x0921,90,96
20399,0x0924,205,201
20399,0x0925,90,96
20399,0x0928,229,225
20399,0x092C,245,241
20399,0x0B26,146,147
20399,0x0B28,36,38
20399,0x0B86,146,147
20399,0x0B88,36,38
20399,0x0F99,146,147
20399,0x0F9D,146,147
20399,0x0FD1,146,147
20399,0x0FF0,146,147
20399,0x103C,6,4
20399,0x10D1,146,168
20399,0x10E6,251,249
20399,0x16F8,7,5
20399,0x1711,192,191
20399,0x1724,225,227
20399,0x1726,2,255
20399,0x172C,93,76
20399,0x1730,7,5
20399,0x1750,132,236
20399,0x1751,205,201
20399,0x1753,162,233
20399,0x1754,98,104
20399,0x1759,61,27
20399,0x1766,218,216
20399,0x1775,155,153
20399,0x1778,53,51
20399,0x1790,12,116
20399,0x1791,245,241
20399,0x17A6,240,238
20399,0x17B5,177,175
20399,0x17B8,4,2
20401,0x0004,8,10
20401,0x0020,241,237
20401,0x0069,151,153
20401,0x006B,81,83
20401,0x007B,147,148
20401,0x0098,64,0
20401,0x009B,64,0
20401,0x009F,64,0
20401,0x00AD,40,42
20401,0x00CD,198,201
20401,0x00CE,130,136
20401,0x00CF,209,219
20401,0x00D0,29,43
20401,0x00FA,64,0
20401,0x00FC,64,0
20401,0x02FD,41,39
20401,0x0501,73,133
20401,0x0502,94,82
20401,0x0503,4,20
20401,0x0600,116,0
20401,0x0601,16,0
20401,0x0602,118,0
20401,0x0603,16,0
20401,0x0608,0,83
20401,0x0609,0,63
20401,0x060A,0,37
20401,0x060B,0,63
20401,0x060C,0,59
20401,0x060D,0,63
20401,0x060E,181,75
20401,0x060F,26,63
20401,0x0610,158,0
20401,0x0611,26,0
20401,0x0612,108,0
20401,0x0613,24,0
20401,0x0874,222,86
20401,0x0875,42,1
20401,0x0876,86,222
20401,0x0877,1,42
20401,0x0894,22,14
20401,0x0895,91,58
20401,0x0896,14,22
20401,0x0897,58,91
20401,0x0908,168,190
20401,0x090C,160,182
20401,0x0910,191,190
20401,0x0914,175,174
20401,0x0918,191,190
20401,0x091C,175,174
20401,0x0920,185,182
20401,0x0921,96,102
20401,0x0924,201,198
20401,0x0925,96,102
20401,0x0928,225,221
20401,0x092C,241,237
20401,0x0B22,36,37
20401,0x0B24,73,74
20401,0x0B26,147,148
20401,0x0B28,38,40
20401,0x0B82,36,37
20401,0x0B84,73,74
20401,0x0B86,147,148
20401,0x0B88,38,40
20401,0x0F99,147,148
20401,0x0F9D,147,148
20401,0x0FD1,147,148
20401,0x0FF0,147,148
20401,0x103C,4,2
20401,0x10D1,168,190
20401,0x10E6,249,247
20401,0x16F8,5,3
20401,0x1711,191,190
20401,0x1726,255,253
20401,0x1730,5,3
20401,0x1750,236,84
20401,0x1751,201,198
20401,0x1753,233,236
20401,0x1754,104,110
20401,0x1759,27,249
20401,0x175A,3,2
20401,0x1766,216,214
20401,0x1775,153,151
20401,0x1778,51,49
20401,0x1790,116,220
20401,0x1791,241,237
20401,0x1793,0,47
20401,0x1799,0,47
20401,0x179D,0,47
20401,0x17A6,238,236
20401,0x17B5,175,173
20401,0x17B8,2,18
20401,0x17B9,6,2
20401,0x17BA,95,99
20403,0x0020,237,234
20403,0x0022,56,57
20403,0x0025,1,0
20403,0x0069,153,155
20403,0x006B,83,85
20403,0x0071,28,30
20403,0x0072,28,30
20403,0x007B,148,149
20403,0x00AD,42,44
20403,0x00CA,2,1
20403,0x00CD,201,204
20403,0x00CE,136,142
20403,0x00CF,219,229
20403,0x00D0,43,57
20403,0x00D7,6,9
20403,0x00DA,2,3
20403,0x040E,50,51
20403,0x041E,54,57
20403,0x0874,86,222
20403,0x0875,1,42
20403,0x0876,222,86
20403,0x0877,42,1
20403,0x0894,14,22
20403,0x0895,58,91
20403,0x0896,22,14
20403,0x0897,91,58
20403,0x0908,190,189
20403,0x0909,108,104
20403,0x090A,9,194
20403,0x090B,34,98
20403,0x090C,182,173
20403,0x090D,108,104
20403,0x090E,8,194
20403,0x0910,190,189
20403,0x0911,104,88
20403,0x0912,194,130
20403,0x0914,174,173
20403,0x0915,104,88
20403,0x0916,194,130
20403,0x0918,190,198
20403,0x0919,88,94
20403,0x091A,130,128
20403,0x091C,174,198
20403,0x091D,88,110
20403,0x091E,130,162
20403,0x0921,102,110
20403,0x0922,2,160
20403,0x0923,105,34
20403,0x0924,198,182
20403,0x0925,102,94
20403,0x0926,0,128
20403,0x0927,105,34
20403,0x0928,221,218
20403,0x0929,56,57
20403,0x092C,237,234
20403,0x092D,56,57
20403,0x0930,96,80
20403,0x0932,2,0
20403,0x0B00,10,170
20403,0x0B26,148,149
20403,0x0B28,40,42
20403,0x0B86,148,149
20403,0x0B88,40,42
20403,0x0BFC,47,44
20403,0x0BFD,0,70
20403,0x0F99,148,149
20403,0x0F9D,148,149
20403,0x0FD1,148,149
20403,0x0FF0,148,149
20403,0x103C,2,0
20403,0x10C0,200,0
20403,0x10C1,175,225
20403,0x10E2,65,227
20403,0x10E4,67,229
20403,0x10E6,247,1
20403,0x10EC,17,45
20403,0x16F8,3,1
20403,0x1711,190,189
20403,0x1726,253,251
20403,0x1730,3,1
20403,0x1740,200,208
20403,0x1741,74,192
20403,0x1742,176,252
20403,0x1743,2,4
20403,0x1748,3,255
20403,0x1760,154,146
20403,0x1762,220,213
20403,0x1763,8,11
20403,0x1764,222,215
20403,0x1765,8,11
20403,0x1766,214,2
20403,0x1767,8,2
20403,0x1768,0,128
20403,0x1769,1,0
20403,0x176A,238,164
20403,0x176C,124,201
20403,0x176D,12,41
20403,0x1770,0,25
20403,0x1790,220,68
20403,0x1791,237,234
20403,0x1793,47,26
20403,0x1794,64,65
20403,0x1799,47,141
20403,0x17A6,236,234
20403,0x17B5,173,171
20403,0x17B8,18,16
20403,0xFFFF,143,144
20405,0x0020,234,230
20405,0x0022,57,58
20405,0x0025,0,1
20405,0x002A,128,8
20405,0x0069,155,157
20405,0x006B,85,87
20405,0x0072,30,32
20405,0x007B,149,150
20405,0x0098,0,64
20405,0x009B,0,64
20405,0x009F,0,64
20405,0x00AD,44,46
20405,0x00B7,12,10
20405,0x00CA,1,2
20405,0x00CD,204,207
20405,0x00CE,142,148
20405,0x00CF,229,239
20405,0x00D0,57,71
20405,0x00FA,0,64
20405,0x00FC,0,64
20405,0x0874,222,86
20405,0x0875,42,1
20405,0x0876,86,222
20405,0x0877,1,42
20405,0x0894,22,14
20405,0x0895,91,58
20405,0x0896,14,22
20405,0x0897,58,91
20405,0x0908,189,102
20405,0x0909,104,108
20405,0x090A,194,9
20405,0x090B,98,34
20405,0x090C,173,94
20405,0x090D,104,108
20405,0x090E,194,8
20405,0x0910,189,197
20405,0x0911,88,110
20405,0x0912,130,166
20405,0x0913,98,34
20405,0x0914,173,181
20405,0x0915,88,110
20405,0x0916,130,164
20405,0x0918,198,197
20405,0x091A,128,134
20405,0x091B,98,34
20405,0x091C,198,181
20405,0x091D,110,94
20405,0x091E,162,132
20405,0x0920,182,214
20405,0x0921,110,58
20405,0x0922,160,2
20405,0x0923,34,105
20405,0x0924,182,230
20405,0x0925,94,58
20405,0x0926,128,0
20405,0x0927,34,105
20405,0x0929,57,224
20405,0x092D,57,224
20405,0x0B00,170,10
20405,0x0B02,170,10
20405,0x0B24,74,75
20405,0x0B26,149,150
20405,0x0B28,42,44
20405,0x0B84,74,75
20405,0x0B86,149,150
20405,0x0B88,42,44
20405,0x0BFE,47,37
20405,0x0BFF,0,224
20405,0x0F99,149,150
20405,0x0F9D,149,150
20405,0x0FD1,149,150
20405,0x0FF0,149,150
20405,0x103B,0,2
20405,0x103C,0,10
20405,0x1080,0,200
20405,0x1091,0,102
20405,0x1092,1,0
20405,0x10A6,242,255
20405,0x16C0,128,136
20405,0x16C1,165,74
20405,0x16C2,175,176
20405,0x16C4,0,54
20405,0x16C5,0,177
20405,0x16C6,0,2
20405,0x16C8,0,3
20405,0x16CA,0,2
20405,0x16CB,0,3
20405,0x16CC,0,9
20405,0x16D1,0,16
20405,0x16D2,0,1
20405,0x16D4,0,64
20405,0x16D6,0,52
20405,0x16D7,0,254
20405,0x16D8,0,255
20405,0x16DE,0,9
20405,0x16DF,0,12
20405,0x16E0,0,154
20405,0x16E1,0,2
20405,0x16E7,0,8
20405,0x16E9,0,1
20405,0x16EA,0,238
20405,0x16EB,0,4
20405,0x16F1,1,0
20405,0x16F5,0,192
20405,0x16F6,0,110
20405,0x16F8,1,0
20405,0x16FA,0,92
20405,0x16FB,0,193
20405,0x1700,208,0
20405,0x1711,189,188
20405,0x1730,1,0
20405,0x1751,198,197
20405,0x1764,215,217
20405,0x1766,2,3
20405,0x176C,201,161
20405,0x176D,41,42
20405,0x1770,25,23
20405,0x1790,68,172
20405,0x1791,234,230
20405,0x1793,26,193
20405,0x1794,65,66
20405,0x1799,141,235
20405,0x17A6,234,232
20405,0x17B5,171,169
20405,0x17B8,16,14
20407,0x0020,230,227
20407,0x0022,58,61
20407,0x002A,8,128
20407,0x0069,157,159
20407,0x006B,87,89
20407,0x0071,30,32
20407,0x007B,150,151
20407,0x0098,64,0
20407,0x009B,64,0
20407,0x009F,64,0
20407,0x00AD,46,48
20407,0x00B7,10,12
20407,0x00CD,207,210
20407,0x00CE,148,154
20407,0x00CF,239,249
20407,0x00D0,71,85
20407,0x00FA,64,0
20407,0x00FC,64,0
20407,0x0874,86,222
20407,0x0875,1,42
20407,0x0876,222,86
20407,0x0877,42,1
20407,0x0894,14,22
20407,0x0895,58,91
20407,0x0896,22,14
20407,0x0897,91,58
20407,0x0908,102,124
20407,0x090C,94,116
20407,0x0910,197,252
20407,0x0911,110,56
20407,0x0912,166,2
20407,0x0913,34,105
20407,0x0914,181,12
20407,0x0915,110,56
20407,0x0916,164,0
20407,0x0917,34,105
20407,0x0918,197,196
20407,0x0919,94,110
20407,0x091A,134,166
20407,0x091C,181,180
20407,0x091D,94,110
20407,0x091E,132,164
20407,0x0920,214,196
20407,0x0921,58,94
20407,0x0922,2,134
20407,0x0923,105,34
20407,0x0924,230,180
20407,0x0925,58,94
20407,0x0926,0,132
20407,0x0927,105,34
20407,0x0928,218,211
20407,0x0929,224,61
20407,0x092C,234,227
20407,0x092D,224,61
20407,0x0B01,170,174
20407,0x0B02,10,170
20407,0x0B26,150,151
20407,0x0B28,44,46
20407,0x0B86,150,151
20407,0x0B88,44,46
20407,0x0F99,150,151
20407,0x0F9D,150,151
20407,0x0FD1,150,151
20407,0x0FF0,150,151
20407,0x103B,2,0
20407,0x103C,10,8
20407,0x1091,102,124
20407,0x10A6,255,253
20407,0x16C0,136,200
20407,0x16D0,0,104
20407,0x16D1,16,12
20407,0x16E2,0,220
20407,0x16E3,0,8
20407,0x16E4,0,222
20407,0x16E5,0,8
20407,0x16E6,0,253
20407,0x16EC,0,124
20407,0x16ED,0,12
20407,0x16F5,192,190
20407,0x16F8,0,17
20407,0x16F9,0,6
20407,0x16FA,92,95
20407,0x1751,197,196
20407,0x1766,3,1
20407,0x1770,23,21
20407,0x1790,172,20
20407,0x1791,230,227
20407,0x1793,193,36
20407,0x1794,66,69
20407,0x1799,235,73
20407,0x179A,0,1
20407,0x17A6,232,230
20407,0x17B5,169,167
20407,0x17B8,14,12
20407,0xFFFF,144,145
20409,0x0004,10,12
20409,0x0020,227,223
20409,0x0022,61,64
20409,0x0069,159,161
20409,0x006B,89,91
20409,0x007B,151,152
20409,0x00AD,48,50
20409,0x00CD,210,213
20409,0x00CE,154,160
20409,0x00CF,249,3
20409,0x00D0,85,100
20409,0x0501,133,147
20409,0x0502,82,94
20409,0x0508,9,83
20409,0x0509,84,85
20409,0x050B,4,20
20409,0x050F,146,134
20409,0x0510,94,82
20409,0x0512,24,40
20409,0x0600,0,10
20409,0x0601,0,13
20409,0x0602,0,207
20409,0x0603,0,12
20409,0x0604,0,217
20409,0x0605,0,16
20409,0x0606,0,11
20409,0x0607,0,16
20409,0x0608,83,11
20409,0x0609,63,16
20409,0x060A,37,11
20409,0x060B,63,16
20409,0x060C,59,30
20409,0x060D,63,17
20409,0x060E,75,46
20409,0x060F,63,17
20409,0x0610,0,116
20409,0x0611,0,16
20409,0x0612,0,118
20409,0x0613,0,16
20409,0x0616,0,21
20409,0x0617,0,13
20409,0x0618,9,0
20409,0x0619,13,0
20409,0x061A,191,0
20409,0x061B,12,0
20409,0x061C,95,16
20409,0x061D,16,13
20409,0x061E,11,32
20409,0x061F,16,13
20409,0x0620,11,3
20409,0x0621,16,13
20409,0x0622,11,218
20409,0x0623,16,12
20409,0x0624,29,234
20409,0x0625,17,12
20409,0x0626,45,250
20409,0x0627,17,12
20409,0x0628,116,0
20409,0x0629,16,0
20409,0x062A,117,0
20409,0x062B,16,0
20409,0x0630,0,82
20409,0x0631,0,63
20409,0x0632,0,36
20409,0x0633,0,63
20409,0x0634,0,58
20409,0x0635,0,63
20409,0x0636,0,74
20409,0x0637,0,63
20409,0x0874,222,86
20409,0x0875,42,1
20409,0x0876,86,222
20409,0x0877,1,42
20409,0x0894,22,14
20409,0x0895,91,58
20409,0x0896,14,22
20409,0x0897,58,91
20409,0x0908,124,146
20409,0x090C,116,138
20409,0x0910,252,248
20409,0x0914,12,8
20409,0x0918,196,195
20409,0x091A,166,170
20409,0x091C,180,179
20409,0x091E,164,168
20409,0x0920,196,195
20409,0x0922,134,138
20409,0x0924,180,179
20409,0x0926,132,136
20409,0x0928,211,207
20409,0x0929,61,64
20409,0x092C,227,223
20409,0x092D,61,64
20409,0x0B22,37,38
20409,0x0B24,75,76
20409,0x0B26,151,152
20409,0x0B28,46,48
20409,0x0B82,37,38
20409,0x0B84,75,76
20409,0x0B86,151,152
20409,0x0B88,46,48
20409,0x0F99,151,152
20409,0x0F9D,151,152
20409,0x0FD1,151,152
20409,0x0FF0,151,152
20409,0x103C,8,6
20409,0x1091,124,146
20409,0x10A6,253,251
20409,0x16D0,104,208
20409,0x16D1,12,8
20409,0x16E6,253,251
20409,0x16F5,190,188
20409,0x16F8,17,15
20409,0x1751,196,195
20409,0x1764,217,219
20409,0x1766,1,2
20409,0x176C,161,144
20409,0x1770,21,19
20409,0x1790,20,124
20409,0x1791,227,223
20409,0x1793,36,67
20409,0x1794,69,72
20409,0x1799,73,167
20409,0x17A6,230,228
20409,0x17B5,167,165
20409,0x17B8,12,10
20411,0x0020,223,219
20411,0x0022,64,68
20411,0x0069,161,163
20411,0x006B,91,93
20411,0x007B,152,153
20411,0x0098,0,64
20411,0x009B,0,64
20411,0x009F,0,64
20411,0x00AD,50,52
20411,0x00CD,213,216
20411,0x00CE,160,166
20411,0x00CF,3,13
20411,0x00D0,100,114
20411,0x00FA,0,64
20411,0x00FC,0,64
20411,0x0874,86,222
20411,0x0875,1,42
20411,0x0876,222,86
20411,0x0877,42,1
20411,0x0894,14,22
20411,0x0895,58,91
20411,0x0896,22,14
20411,0x0897,91,58
20411,0x0908,146,168
20411,0x090C,138,160
20411,0x0910,248,245
20411,0x0914,8,5
20411,0x0918,195,194
20411,0x091A,170,174
20411,0x091C,179,178
20411,0x091E,168,172
20411,0x0920,195,194
20411,0x0922,138,142
20411,0x0924,179,178
20411,0x0926,136,140
20411,0x0928,207,203
20411,0x0929,64,68
20411,0x092C,223,219
20411,0x092D,64,68
20411,0x0B26,152,153
20411,0x0B28,48,50
20411,0x0B86,152,153
20411,0x0B88,48,50
20411,0x0F99,152,153
20411,0x0F9D,152,153
20411,0x0FD1,152,153
20411,0x0FF0,152,153
20411,0x103C,6,4
20411,0x1091,146,168
20411,0x10A6,251,249
20411,0x16D0,208,56
20411,0x16D1,8,5
20411,0x16E6,251,249
20411,0x16F5,188,186
20411,0x16F8,15,13
20411,0x1751,195,194
20411,0x1764,219,221
20411,0x1766,2,4
20411,0x176C,144,127
20411,0x1770,19,17
20411,0x1790,124,228
20411,0x1791,223,219
20411,0x1793,67,30
20411,0x1794,72,76
20411,0x1799,167,5
20411,0x179A,1,2
20411,0x17A6,228,226
20411,0x17B5,165,163
20411,0x17B8,10,8
20413,0x0020,219,216
20413,0x0022,68,72
20413,0x0069,163,165
20413,0x006B,93,95
20413,0x007B,153,154
20413,0x0098,64,0
20413,0x009B,64,0
20413,0x009F,64,0
20413,0x00AD,52,54
20413,0x00CD,216,219
20413,0x00CE,166,172
20413,0x00CF,13,23
20413,0x00D0,114,128
20413,0x00FA,64,0
20413,0x00FC,64,0
20413,0x017D,52,116
20413,0x0874,222,86
20413,0x0875,42,1
20413,0x0876,86,222
20413,0x0877,1,42
20413,0x0894,22,14
20413,0x0895,91,58
20413,0x0896,14,22
20413,0x0897,58,91
20413,0x0908,168,190
20413,0x090C,160,182
20413,0x0910,245,241
20413,0x0914,5,1
20413,0x0918,194,193
20413,0x091C,178,177
20413,0x0920,194,193
20413,0x0924,178,177
20413,0x0928,203,200
20413,0x0929,68,72
20413,0x092C,219,216
20413,0x092D,68,72
20413,0x0B24,76,77
20413,0x0B26,153,154
20413,0x0B28,50,52
20413,0x0B84,76,77
20413,0x0B86,153,154
20413,0x0B88,50,52
20413,0x0F99,153,154
20413,0x0F9D,153,154
20413,0x0FD1,153,154
20413,0x0FF0,153,154
20413,0x103C,4,2
20413,0x1091,168,190
20413,0x10A6,249,247
20413,0x16D0,56,160
20413,0x16D1,5,1
20413,0x16E6,249,247
20413,0x16F5,186,184
20413,0x16F8,13,11
20413,0x1751,194,193
20413,0x1766,4,2
20413,0x1770,17,15
20413,0x1790,228,76
20413,0x1791,219,216
20413,0x1793,30,181
20413,0x1794,76,80
20413,0x1799,5,99
20413,0x17A6,226,224
20413,0x17B5,163,161
20413,0x17B8,8,6
20415,0x0020,216,212
20415,0x0022,72,78
20415,0x0069,165,167
20415,0x006B,95,97
20415,0x007B,154,155
20415,0x00AD,54,56
20415,0x00CD,219,222
20415,0x00CE,172,178
20415,0x00CF,23,33
20415,0x00D0,128,142
20415,0x017D,116,52
20415,0x0874,86,222
20415,0x0875,1,42
20415,0x0876,222,86
20415,0x0877,42,1
20415,0x0894,14,22
20415,0x0895,58,91
20415,0x0896,22,14
20415,0x0897,91,58
20415,0x0908,190,212
20415,0x090C,182,204
20415,0x0910,241,238
20415,0x0914,1,254
20415,0x0918,193,192
20415,0x0919,110,94
20415,0x091A,174,192
20415,0x091B,34,98
20415,0x091C,177,192
20415,0x091E,172,226
20415,0x0920,193,176
20415,0x0921,94,110
20415,0x0922,142,224
20415,0x0924,177,176
20415,0x0926,140,192
20415,0x0928,200,196
20415,0x0929,72,78
20415,0x092C,216,212
20415,0x092D,72,78
20415,0x0B01,174,170
20415,0x0B26,154,155
20415,0x0B28,52,54
20415,0x0B86,154,155
20415,0x0B88,52,54
20415,0x0F99,154,155
20415,0x0F9D,154,155
20415,0x0FD1,154,155
20415,0x0FF0,154,155
20415,0x103C,2,0
20415,0x1091,190,212
20415,0x10A6,247,245
20415,0x16D0,160,8
20415,0x16D1,1,254
20415,0x16D2,1,0
20415,0x16E6,247,245
20415,0x16F5,184,182
20415,0x16F8,11,9
20415,0x1751,193,192
20415,0x1764,221,223
20415,0x1766,2,4
20415,0x176C,127,110
20415,0x1770,15,13
20415,0x1790,76,180
20415,0x1791,216,212
20415,0x1793,181,8
20415,0x1794,80,86
20415,0x1799,99,193
20415,0x17A6,224,222
20415,0x17B5,161,159
20415,0x17B8,6,4
20417,0x0004,12,14
20417,0x0020,212,209
20417,0x0022,78,84
20417,0x002A,128,8
20417,0x0069,167,169
20417,0x006B,97,99
20417,0x0072,32,34
20417,0x007B,155,156
20417,0x0098,0,64
20417,0x009B,0,64
20417,0x009F,0,64
20417,0x00AD,56,58
20417,0x00B7,12,14
20417,0x00CD,222,225
20417,0x00CE,178,184
20417,0x00CF,33,43
20417,0x00D0,142,156
20417,0x00FA,0,64
20417,0x00FC,0,64
20417,0x02FD,39,41
20417,0x0501,147,135
20417,0x0502,94,82
20417,0x0600,10,0
20417,0x0601,13,0
20417,0x0602,207,0
20417,0x0603,12,0
20417,0x0604,217,0
20417,0x0605,16,0
20417,0x0606,11,0
20417,0x0607,16,0
20417,0x0608,11,83
20417,0x0609,16,63
20417,0x060A,11,37
20417,0x060B,16,63
20417,0x060C,30,59
20417,0x060D,17,63
20417,0x060E,46,75
20417,0x060F,17,63
20417,0x0610,116,0
20417,0x0611,16,0
20417,0x0612,118,0
20417,0x0613,16,0
20417,0x0874,222,86
20417,0x0875,42,1
20417,0x0876,86,222
20417,0x0877,1,42
20417,0x0894,22,14
20417,0x0895,91,58
20417,0x0896,14,22
20417,0x0897,58,91
20417,0x0908,212,234
20417,0x090C,204,226
20417,0x0910,238,102
20417,0x0911,56,108
20417,0x0912,2,9
20417,0x0913,105,34
20417,0x0914,254,94
20417,0x0915,56,108
20417,0x0916,0,8
20417,0x0917,105,34
20417,0x0918,192,234
20417,0x0919,94,56
20417,0x091A,192,2
20417,0x091B,98,105
20417,0x091C,192,250
20417,0x091D,110,56
20417,0x091E,226,0
20417,0x091F,34,105
20417,0x0920,176,191
20417,0x0921,110,94
20417,0x0922,224,192
20417,0x0923,34,98
20417,0x0924,176,191
20417,0x0925,94,110
20417,0x0926,192,226
20417,0x0928,196,175
20417,0x0929,78,110
20417,0x092A,2,224
20417,0x092B,105,34
20417,0x092C,212,175
20417,0x092D,78,94
20417,0x092E,0,192
20417,0x092F,105,34
20417,0x0930,80,193
20417,0x0931,224,84
20417,0x0932,0,2
20417,0x0933,32,105
20417,0x0934,80,209
20417,0x0935,224,84
20417,0x0937,32,105
20417,0x0B01,170,160
20417,0x0B03,0,10
20417,0x0B22,38,39
20417,0x0B24,77,78
20417,0x0B26,155,156
20417,0x0B28,54,56
20417,0x0B82,38,39
20417,0x0B84,77,78
20417,0x0B86,155,156
20417,0x0B88,54,56
20417,0x0C00,240,37
20417,0x0C01,0,224
20417,0x0F99,155,156
20417,0x0F9D,155,156
20417,0x0FD1,155,156
20417,0x0FF0,155,156
20417,0x103B,0,2
20417,0x103C,0,10
20417,0x1091,212,234
20417,0x10A6,245,243
20417,0x10C0,0,200
20417,0x10C1,225,175
20417,0x10D1,190,102
20417,0x10E2,227,65
20417,0x10E4,229,67
20417,0x10E6,1,255
20417,0x10EC,45,17
20417,0x16D0,8,112
20417,0x16D1,254,250
20417,0x16E6,245,243
20417,0x16F5,182,180
20417,0x16F8,9,7
20417,0x1751,192,191
20417,0x1766,4,2
20417,0x1770,13,11
20417,0x1790,180,28
20417,0x1791,212,209
20417,0x1793,8,23
20417,0x1794,86,92
20417,0x1799,193,31
20417,0x179A,2,3
20417,0x17A6,222,220
20417,0x17B5,159,157
20417,0x17B8,4,2
20419,0x0020,209,205
20419,0x0022,84,90
20419,0x002A,8,128
20419,0x0069,169,171
20419,0x006B,99,101
20419,0x0071,32,34
20419,0x007B,156,157
20419,0x0098,64,0
20419,0x009B,64,0
20419,0x009F,64,0
20419,0x00AD,58,60
20419,0x00B7,14,12
20419,0x00CD,225,228
20419,0x00CE,184,190
20419,0x00CF,43,53
20419,0x00D0,156,170
20419,0x00FA,64,0
20419,0x00FC,64,0
20419,0x0874,86,222
20419,0x0875,1,42
20419,0x0876,222,86
20419,0x0877,42,1
20419,0x0894,14,22
20419,0x0895,58,91
20419,0x0896,22,14
20419,0x0897,91,58
20419,0x0908,234,124
20419,0x090C,226,116
20419,0x0910,102,230
20419,0x0911,108,56
20419,0x0912,9,2
20419,0x0913,34,105
20419,0x0914,94,246
20419,0x0915,108,56
20419,0x0916,8,0
20419,0x0917,34,105
20419,0x0918,234,190
20419,0x0919,56,110
20419,0x091A,2,230
20419,0x091B,105,34
20419,0x091C,250,190
20419,0x091D,56,94
20419,0x091E,0,196
20419,0x091F,105,98
20419,0x0920,191,174
20419,0x0921,94,110
20419,0x0922,192,228
20419,0x0923,98,34
20419,0x0924,191,174
20419,0x0925,110,94
20419,0x0926,226,196
20419,0x0928,175,189
20419,0x0929,110,90
20419,0x092A,224,2
20419,0x092B,34,105
20419,0x092C,175,205
20419,0x092D,94,90
20419,0x092E,192,0
20419,0x092F,34,105
20419,0x0930,193,96
20419,0x0931,84,224
20419,0x0933,105,32
20419,0x0934,209,80
20419,0x0935,84,224
20419,0x0937,105,32
20419,0x0B01,160,170
20419,0x0B03,10,0
20419,0x0B26,156,157
20419,0x0B28,56,58
20419,0x0B86,156,157
20419,0x0B88,56,58
20419,0x0F99,156,157
20419,0x0F9D,156,157
20419,0x0FD1,156,157
20419,0x0FF0,156,157
20419,0x103B,2,0
20419,0x103C,10,8
20419,0x1080,200,0
20419,0x1091,234,0
20419,0x1092,0,1
20419,0x10A6,243,242
20419,0x10D1,102,124
20419,0x10E6,255,253
20419,0x16D0,112,216
20419,0x16D1,250,246
20419,0x16E6,243,241
20419,0x16F5,180,178
20419,0x16F8,7,5
20419,0x1751,191,190
20419,0x1764,223,225
20419,0x1766,2,4
20419,0x176C,110,93
20419,0x1770,11,9
20419,0x1790,28,132
20419,0x1791,209,205
20419,0x1793,23,162
20419,0x1794,92,98
20419,0x1799,31,61
20419,0x179D,47,239
20419,0x17A6,220,218
20419,0x17B5,157,155
20419,0x17B8,2,53
20419,0x17BA,99,103
20419,0xFFFF,145,146
20421,0x0020,205,201
20421,0x0022,90,96
20421,0x0069,171,173
20421,0x006B,101,103
20421,0x007B,157,158
20421,0x00AD,60,62
20421,0x00CD,228,231
20421,0x00CE,190,196
20421,0x00CF,53,63
20421,0x00D0,170,184
20421,0x0874,222,86
20421,0x0875,42,1
20421,0x0876,86,222
20421,0x0877,1,42
20421,0x0894,22,14
20421,0x0895,91,58
20421,0x0896,14,22
20421,0x0897,58,91
20421,0x0908,124,146
20421,0x090C,116,138
20421,0x0910,230,227
20421,0x0914,246,243
20421,0x0918,190,189
20421,0x091C,190,189
20421,0x0920,174,173
20421,0x0924,174,173
20421,0x0928,189,185
20421,0x0929,90,96
20421,0x092C,205,201
20421,0x092D,90,96
20421,0x0B24,78,79
20421,0x0B26,157,158
20421,0x0B28,58,60
20421,0x0B84,78,79
20421,0x0B86,157,158
20421,0x0B88,58,60
20421,0x0F99,157,158
20421,0x0F9D,157,158
20421,0x0FD1,157,158
20421,0x0FF0,157,158
20421,0x103C,8,6
20421,0x10D1,124,146
20421,0x10E6,253,251
20421,0x16D0,216,64
20421,0x16D1,246,243
20421,0x16E6,241,239
20421,0x16F5,178,176
20421,0x16F8,5,3
20421,0x1751,190,189
20421,0x1766,4,2
20421,0x1770,9,7
20421,0x1790,132,236
20421,0x1791,205,201
20421,0x1793,162,233
20421,0x1794,98,104
20421,0x1799,61,27
20421,0x17A6,218,216
20421,0x17B5,155,153
20421,0x17B8,53,51
20423,0x0020,201,198
20423,0x0022,96,102
20423,0x0069,173,175
20423,0x006B,103,105
20423,0x007B,158,159
20423,0x0098,0,64
20423,0x009B,0,64
20423,0x009F,0,64
20423,0x00AD,62,64
20423,0x00CD,231,234
20423,0x00CE,196,202
20423,0x00CF,63,73
20423,0x00D0,184,198
20423,0x00FA,0,64
20423,0x00FC,0,64
20423,0x02FD,41,39
20423,0x0874,86,222
20423,0x0875,1,42
20423,0x0876,222,86
20423,0x0877,42,1
20423,0x0894,14,22
20423,0x0895,58,91
20423,0x0896,22,14
20423,0x0897,91,58
20423,0x0908,146,168
20423,0x090C,138,160
20423,0x0910,227,223
20423,0x0914,243,239
20423,0x0918,189,188
20423,0x091A,230,194
20423,0x091B,34,98
20423,0x091C,189,172
20423,0x091D,94,110
20423,0x091E,196,194
20423,0x091F,98,34
20423,0x0920,173,188
20423,0x0921,110,94
20423,0x0922,228,130
20423,0x0923,34,98
20423,0x0924,173,172
20423,0x0926,196,130
20423,0x0928,185,182
20423,0x0929,96,102
20423,0x092C,201,198
20423,0x092D,96,102
20423,0x0B26,158,159
20423,0x0B28,60,62
20423,0x0B86,158,159
20423,0x0B88,60,62
20423,0x0F99,158,159
20423,0x0F9D,158,159
20423,0x0FD1,158,159
20423,0x0FF0,158,159
20423,0x103C,6,4
20423,0x10D1,146,168
20423,0x10E6,251,249
20423,0x16D0,64,168
20423,0x16D1,243,239
20423,0x16E6,239,237
20423,0x16F5,176,174
20423,0x16F8,3,1
20423,0x1751,189,188
20423,0x1764,225,227
20423,0x1766,2,255
20423,0x176C,93,76
20423,0x1770,7,5
20423,0x1790,236,84
20423,0x1791,201,198
20423,0x1793,233,236
20423,0x1794,104,110
20423,0x1799,27,249
20423,0x179A,3,2
20423,0x17A6,216,214
20423,0x17B5,153,151
20423,0x17B8,51,49
20425,0x0004,14,16
20425,0x0020,198,194
20425,0x0022,102,108
20425,0x0069,175,177
20425,0x006B,105,107
20425,0x007B,159,160
20425,0x0098,64,0
20425,0x009B,64,0
20425,0x009F,64,0
20425,0x00AD,64,66
20425,0x00CD,234,237
20425,0x00CE,202,208
20425,0x00CF,73,83
20425,0x00D0,198,212
20425,0x00FA,64,0
20425,0x00FC,64,0
20425,0x0501,135,197
20425,0x0502,82,93
20425,0x0503,20,8
20425,0x0508,83,74
20425,0x0509,85,94
20425,0x050A,20,4
20425,0x050B,20,8
20425,0x050F,134,10
20425,0x0510,82,84
20425,0x0512,40,12
20425,0x0516,82,148
20425,0x0517,85,94
20425,0x0519,44,32
20425,0x051D,132,84
20425,0x051E,82,85
20425,0x0520,64,52
20425,0x0524,128,136
20425,0x0600,0,73
20425,0x0601,0,8
20425,0x0602,0,21
20425,0x0603,0,8
20425,0x0604,0,37
20425,0x0605,0,8
20425,0x0606,0,53
20425,0x0607,0,8
20425,0x0608,83,116
20425,0x0609,63,16
20425,0x060A,37,117
20425,0x060B,63,16
20425,0x060C,59,0
20425,0x060D,63,0
20425,0x060E,75,0
20425,0x060F,63,0
20425,0x0614,0,166
20425,0x0615,0,26
20425,0x0616,21,182
20425,0x0617,13,26
20425,0x0618,0,159
20425,0x0619,0,26
20425,0x061A,0,109
20425,0x061B,0,24
20425,0x061C,16,0
20425,0x061D,13,0
20425,0x061E,32,0
20425,0x061F,13,0
20425,0x0620,3,11
20425,0x0622,218,207
20425,0x0624,234,95
20425,0x0625,12,16
20425,0x0626,250,153
20425,0x0627,12,17
20425,0x0628,0,11
20425,0x0629,0,16
20425,0x062A,0,11
20425,0x062B,0,16
20425,0x062C,0,31
20425,0x062D,0,17
20425,0x062E,0,47
20425,0x062F,0,17
20425,0x0630,82,116
20425,0x0631,63,16
20425,0x0632,36,117
20425,0x0633,63,16
20425,0x0634,58,20
20425,0x0635,63,13
20425,0x0636,74,22
20425,0x0637,63,13
20425,0x0638,0,24
20425,0x0639,0,13
20425,0x063A,0,25
20425,0x063B,0,13
20425,0x063C,233,17
20425,0x063D,12,13
20425,0x063E,249,33
20425,0x063F,12,13
20425,0x0640,0,4
20425,0x0641,0,13
20425,0x0642,0,219
20425,0x0643,0,12
20425,0x0644,0,235
20425,0x0645,0,12
20425,0x0646,0,251
20425,0x0647,0,12
20425,0x0648,82,0
20425,0x0649,63,0
20425,0x064A,36,0
20425,0x064B,63,0
20425,0x064C,58,0
20425,0x064D,63,0
20425,0x064E,74,0
20425,0x064F,63,0
20425,0x0650,0,82
20425,0x0651,0,63
20425,0x0652,0,36
20425,0x0653,0,63
20425,0x0654,0,58
20425,0x0655,0,63
20425,0x0874,222,86
20425,0x0875,42,1
20425,0x0876,86,222
20425,0x0877,1,42
20425,0x0894,22,14
20425,0x0895,91,58
20425,0x0896,14,22
20425,0x0897,58,91
20425,0x0908,168,190
20425,0x090C,160,182
20425,0x0910,223,220
20425,0x0914,239,236
20425,0x0918,188,187
20425,0x091C,172,171
20425,0x0920,188,187
20425,0x0924,172,171
20425,0x0928,182,178
20425,0x0929,102,108
20425,0x092C,198,194
20425,0x092D,102,108
20425,0x0B22,39,40
20425,0x0B24,79,80
20425,0x0B26,159,160
20425,0x0B28,62,64
20425,0x0B82,39,40
20425,0x0B84,79,80
20425,0x0B86,159,160
20425,0x0B88,62,64
20425,0x0F99,159,160
20425,0x0F9D,159,160
20425,0x0FD1,159,160
20425,0x0FF0,159,160
20425,0x103C,4,2
20425,0x10D1,168,190
20425,0x10E6,249,247
20425,0x16D0,168,16
20425,0x16D1,239,236
20425,0x16D3,0,141
20425,0x16D9,0,94
20425,0x16DD,0,47
20425,0x16E6,237,235
20425,0x16F5,174,172
20425,0x16F8,1,17
20425,0x16F9,6,2
20425,0x16FA,95,99
20425,0x1751,188,187
20425,0x1766,255,253
20425,0x1770,5,3
20425,0x1790,84,188
20425,0x1791,198,194
20425,0x1793,236,171
20425,0x1794,110,116
20425,0x1799,249,215
20425,0x17A6,214,212
20425,0x17B5,151,149
20425,0x17B8,49,47
20427,0x0000,74,192
20427,0x0001,176,252
20427,0x0002,2,4
20427,0x0020,194,178
20427,0x0022,108,100
20427,0x0024,0,128
20427,0x0026,105,34
20427,0x0028,40,34
20427,0x0069,177,179
20427,0x006B,107,109
20427,0x0071,34,36
20427,0x0072,34,36
20427,0x007B,160,161
20427,0x00AD,66,68
20427,0x00CA,2,1
20427,0x00CD,237,240
20427,0x00CE,208,214
20427,0x00CF,83,93
20427,0x00D0,212,226
20427,0x00D7,9,18
20427,0x00DA,3,4
20427,0x040E,51,52
20427,0x041C,0,49
20427,0x041E,57,50
20427,0x0874,86,222
20427,0x0875,1,42
20427,0x0876,222,86
20427,0x0877,42,1
20427,0x0894,14,22
20427,0x0895,58,91
20427,0x0896,22,14
20427,0x0897,91,58
20427,0x0908,190,216
20427,0x0909,108,57
20427,0x090A,9,2
20427,0x090B,34,105
20427,0x090C,182,232
20427,0x090D,108,57
20427,0x090E,8,0
20427,0x090F,34,105
20427,0x0910,220,186
20427,0x0911,56,110
20427,0x0912,2,194
20427,0x0913,105,98
20427,0x0914,236,170
20427,0x0915,56,110
20427,0x0916,0,194
20427,0x0917,105,34
20427,0x0918,187,186
20427,0x0919,110,94
20427,0x091A,194,130
20427,0x091C,171,170
20427,0x091D,110,94
20427,0x091E,194,130
20427,0x0920,187,194
20427,0x0921,94,100
20427,0x0922,130,128
20427,0x0924,171,194
20427,0x0925,94,116
20427,0x0926,130,162
20427,0x0929,108,116
20427,0x092A,2,160
20427,0x092B,105,34
20427,0x092C,194,178
20427,0x092D,108,100
20427,0x092E,0,128
20427,0x092F,105,34
20427,0x0930,96,80
20427,0x0932,2,0
20427,0x0B00,10,170
20427,0x0B26,160,161
20427,0x0B28,64,66
20427,0x0B86,160,161
20427,0x0B88,64,66
20427,0x0C02,4,44
20427,0x0C03,0,66
20427,0x0F99,160,161
20427,0x0F9D,160,161
20427,0x0FD1,160,161
20427,0x0FF0,160,161
20427,0x103C,2,0
20427,0x10C0,200,0
20427,0x10C1,175,225
20427,0x10E2,65,227
20427,0x10E4,67,229
20427,0x10E6,247,1
20427,0x10EC,17,45
20427,0x16D0,16,120
20427,0x16D1,236,232
20427,0x16D3,141,214
20427,0x16D4,64,65
20427,0x16D9,94,188
20427,0x16E6,235,233
20427,0x16F5,172,170
20427,0x16F8,17,15
20427,0x1751,187,186
20427,0x1766,253,251
20427,0x1770,3,1
20427,0x1780,200,208
20427,0x1781,74,192
20427,0x1782,176,252
20427,0x1783,2,4
20427,0x1788,3,255
20427,0x17A0,154,146
20427,0x17A2,220,213
20427,0x17A3,8,11
20427,0x17A4,222,215
20427,0x17A5,8,11
20427,0x17A6,212,2
20427,0x17A7,8,2
20427,0x17A8,0,128
20427,0x17A9,1,0
20427,0x17AA,238,164
20427,0x17AC,124,201
20427,0x17AD,12,41
20427,0x17B0,0,25
20427,0xFFFF,146,147
20429,0x0020,178,177
20429,0x0024,128,132
20429,0x002A,128,8
20429,0x0069,179,181
20429,0x006B,109,111
20429,0x0072,36,38
20429,0x007B,161,162
20429,0x0098,0,64
20429,0x009B,0,64
20429,0x009F,0,64
20429,0x00AD,68,70
20429,0x00B7,12,10
20429,0x00CD,240,243
20429,0x00CE,214,220
20429,0x00CF,93,103
20429,0x00D0,226,240
20429,0x00FA,0,64
20429,0x00FC,0,64
20429,0x02FD,39,41
20429,0x0874,222,86
20429,0x0875,42,1
20429,0x0876,86,222
20429,0x0877,1,42
20429,0x0894,22,14
20429,0x0895,91,58
20429,0x0896,14,22
20429,0x0897,58,91
20429,0x0908,216,102
20429,0x0909,57,108
20429,0x090A,2,9
20429,0x090B,105,34
20429,0x090C,232,94
20429,0x090D,57,108
20429,0x090E,0,8
20429,0x090F,105,34
20429,0x0910,186,212
20429,0x0911,110,59
20429,0x0912,194,2
20429,0x0913,98,105
20429,0x0914,170,228
20429,0x0915,110,59
20429,0x0916,194,0
20429,0x0917,34,105
20429,0x0918,186,193
20429,0x0919,94,116
20429,0x091A,130,166
20429,0x091B,98,34
20429,0x091C,170,177
20429,0x091D,94,116
20429,0x091E,130,164
20429,0x0920,194,193
20429,0x0922,128,134
20429,0x0923,98,34
20429,0x0924,194,177
20429,0x0925,116,100
20429,0x0926,162,132
20429,0x0929,116,224
20429,0x092D,100,224
20429,0x0B00,170,10
20429,0x0B02,170,10
20429,0x0B24,80,81
20429,0x0B26,161,162
20429,0x0B28,66,68
20429,0x0B84,80,81
20429,0x0B86,161,162
20429,0x0B88,66,68
20429,0x0C04,41,37
20429,0x0F99,161,162
20429,0x0F9D,161,162
20429,0x0FD1,161,162
20429,0x0FF0,161,162
20429,0x103B,0,2
20429,0x103C,0,10
20429,0x1080,0,200
20429,0x1091,0,102
20429,0x1092,1,0
20429,0x10A6,242,255
20429,0x16D0,120,224
20429,0x16D1,232,228
20429,0x16D3,214,219
20429,0x16D4,65,67
20429,0x16D9,188,26
20429,0x16DA,0,1
20429,0x16E6,233,231
20429,0x16F5,170,168
20429,0x16F8,15,13
20429,0x1740,208,0
20429,0x1751,186,185
20429,0x1770,1,0
20429,0x1791,194,193
20429,0x17A4,215,217
20429,0x17A6,2,3
20429,0x17AC,201,161
20429,0x17AD,41,42
20429,0x17B0,25,23
20431,0x0020,177,176
20431,0x0069,181,183
20431,0x006B,111,113
20431,0x0071,36,38
20431,0x007B,162,163
20431,0x0098,64,0
20431,0x009B,64,0
20431,0x009F,64,0
20431,0x00AD,70,72
20431,0x00CD,243,246
20431,0x00CE,220,226
20431,0x00CF,103,113
20431,0x00D0,240,254
20431,0x00FA,64,0
20431,0x00FC,64,0
20431,0x0874,86,222
20431,0x0875,1,42
20431,0x0876,222,86
20431,0x0877,42,1
20431,0x0894,14,22
20431,0x0895,58,91
20431,0x0896,22,14
20431,0x0897,91,58
20431,0x0908,102,124
20431,0x090C,94,116
20431,0x0910,212,209
20431,0x0911,59,62
20431,0x0914,228,225
20431,0x0915,59,62
20431,0x0918,193,192
20431,0x091C,177,176
20431,0x0920,193,192
20431,0x0924,177,176
20431,0x0B26,162,163
20431,0x0B28,68,70
20431,0x0B86,162,163
20431,0x0B88,68,70
20431,0x0F99,162,163
20431,0x0F9D,162,163
20431,0x0FD1,162,163
20431,0x0FF0,162,163
20431,0x103B,2,0
20431,0x103C,10,8
20431,0x1091,102,124
20431,0x10A6,255,253
20431,0x16D0,224,72
20431,0x16D1,228,225
20431,0x16D3,219,156
20431,0x16D4,67,70
20431,0x16D9,26,120
20431,0x16E6,231,229
20431,0x16F5,168,166
20431,0x16F8,13,11
20431,0x1791,193,192
20431,0x17A6,3,1
20431,0x17B0,23,21
20431,0xFFFF,147,148
20433,0x0004,16,18
20433,0x0020,176,175
20433,0x0024,132,136
20433,0x0069,183,185
20433,0x006B,113,115
20433,0x007B,163,164
20433,0x00AD,72,74
20433,0x00CD,246,249
20433,0x00CE,226,232
20433,0x00CF,113,123
20433,0x00D0,254,12
20433,0x0501,197,137
20433,0x0502,93,82
20433,0x0503,8,20
20433,0x0600,73,0
20433,0x0601,8,0
20433,0x0602,21,0
20433,0x0603,8,0
20433,0x0604,37,0
20433,0x0605,8,0
20433,0x0606,53,0
20433,0x0607,8,0
20433,0x0608,116,83
20433,0x0609,16,63
20433,0x060A,117,37
20433,0x060B,16,63
20433,0x060C,0,59
20433,0x060D,0,63
20433,0x060E,0,50
20433,0x060F,0,63
20433,0x0874,222,86
20433,0x0875,42,1
20433,0x0876,86,222
20433,0x0877,1,42
20433,0x0894,22,14
20433,0x0895,91,58
20433,0x0896,14,22
20433,0x0897,58,91
20433,0x0908,124,146
20433,0x090C,116,138
20433,0x0910,209,205
20433,0x0911,62,66
20433,0x0914,225,221
20433,0x0915,62,66
20433,0x0918,192,191
20433,0x091A,166,170
20433,0x091C,176,175
20433,0x091E,164,168
20433,0x0920,192,191
20433,0x0922,134,138
20433,0x0924,176,175
20433,0x0926,132,136
20433,0x0B22,40,41
20433,0x0B24,81,82
20433,0x0B26,163,164
20433,0x0B28,70,72
20433,0x0B82,40,41
20433,0x0B84,81,82
20433,0x0B86,163,164
20433,0x0B88,70,72
20433,0x0F99,163,164
20433,0x0F9D,163,164
20433,0x0FD1,163,164
20433,0x0FF0,163,164
20433,0x103C,8,6
20433,0x1091,124,146
20433,0x10A6,253,251
20433,0x16D0,72,176
20433,0x16D1,225,221
20433,0x16D3,156,25
20433,0x16D4,70,74
20433,0x16D9,120,214
20433,0x16E6,229,227
20433,0x16F5,166,164
20433,0x16F8,11,9
20433,0x1791,192,191
20433,0x17A4,217,219
20433,0x17A6,1,2
20433,0x17AC,161,144
20433,0x17B0,21,19
20435,0x0020,175,174
20435,0x0024,136,140
20435,0x0069,185,187
20435,0x006B,115,117
20435,0x007B,164,165
20435,0x0098,0,64
20435,0x009B,0,64
20435,0x009F,0,64
20435,0x00AD,74,76
20435,0x00CD,249,252
20435,0x00CE,232,238
20435,0x00CF,123,133
20435,0x00D0,12,26
20435,0x00FA,0,64
20435,0x00FC,0,64
20435,0x0874,86,222
20435,0x0875,1,42
20435,0x0876,222,86
20435,0x0877,42,1
20435,0x0894,14,22
20435,0x0895,58,91
20435,0x0896,22,14
20435,0x0897,91,58
20435,0x0908,146,168
20435,0x090C,138,160
20435,0x0910,205,202
20435,0x0911,66,70
20435,0x0914,221,218
20435,0x0915,66,70
20435,0x0918,191,190
20435,0x091A,170,174
20435,0x091C,175,174
20435,0x091E,168,172
20435,0x0920,191,190
20435,0x0922,138,142
20435,0x0924,175,174
20435,0x0926,136,140
20435,0x0B26,164,165
20435,0x0B28,72,74
20435,0x0B86,164,165
20435,0x0B88,72,74
20435,0x0F99,164,165
20435,0x0F9D,164,165
20435,0x0FD1,164,165
20435,0x0FF0,164,165
20435,0x103C,6,4
20435,0x1091,146,168
20435,0x10A6,251,249
20435,0x16D0,176,24
20435,0x16D1,221,218
20435,0x16D3,25,82
20435,0x16D4,74,78
20435,0x16D9,214,52
20435,0x16DA,1,2
20435,0x16E6,227,225
20435,0x16F5,164,162
20435,0x16F8,9,7
20435,0x1791,191,190
20435,0x17A4,219,221
20435,0x17A6,2,4
20435,0x17AC,144,127
20435,0x17B0,19,17
20437,0x0020,174,173
20437,0x0069,187,189
20437,0x006B,117,119
20437,0x007B,165,166
20437,0x0098,64,0
20437,0x009B,64,0
20437,0x009F,64,0
20437,0x00AD,76,78
20437,0x00CD,252,255
20437,0x00CE,238,244
20437,0x00CF,133,143
20437,0x00D0,26,40
20437,0x00FA,64,0
20437,0x00FC,64,0
20437,0x02FD,41,39
20437,0x0874,222,86
20437,0x0875,42,1
20437,0x0876,86,222
20437,0x0877,1,42
20437,0x0894,22,14
20437,0x0895,91,58
20437,0x0896,14,22
20437,0x0897,58,91
20437,0x0908,168,190
20437,0x090C,160,182
20437,0x0910,202,198
20437,0x0911,70,75
20437,0x0914,218,214
20437,0x0915,70,75
20437,0x0918,190,189
20437,0x091C,174,173
20437,0x0920,190,189
20437,0x0924,174,173
20437,0x0B24,82,83
20437,0x0B26,165,166
20437,0x0B28,74,76
20437,0x0B84,82,83
20437,0x0B86,165,166
20437,0x0B88,74,76
20437,0x0F99,165,166
20437,0x0F9D,165,166
20437,0x0FD1,165,166
20437,0x0FF0,165,166
20437,0x103C,4,2
20437,0x1091,168,190
20437,0x10A6,249,247
20437,0x16D0,24,128
20437,0x16D1,218,214
20437,0x16D3,82,71
20437,0x16D4,78,83
20437,0x16D9,52,146
20437,0x16E6,225,223
20437,0x16F5,162,160
20437,0x16F8,7,5
20437,0x1791,190,189
20437,0x17A6,4,2
20437,0x17B0,17,15
20439,0x0020,173,172
20439,0x0024,140,192
20439,0x0069,189,191
20439,0x006B,119,121
20439,0x007B,166,167
20439,0x00AD,78,80
20439,0x00CD,255,2
20439,0x00CE,244,251
20439,0x00CF,143,153
20439,0x00D0,40,54
20439,0x02FD,39,41
20439,0x0874,86,222
20439,0x0875,1,42
20439,0x0876,222,86
20439,0x0877,42,1
20439,0x0894,14,22
20439,0x0895,58,91
20439,0x0896,22,14
20439,0x0897,91,58
20439,0x0908,190,212
20439,0x090C,182,204
20439,0x0910,198,194
20439,0x0911,75,80
20439,0x0914,214,210
20439,0x0915,75,80
20439,0x0918,189,188
20439,0x0919,116,100
20439,0x091A,174,192
20439,0x091B,34,98
20439,0x091C,173,188
20439,0x091E,172,226
20439,0x0920,189,172
20439,0x0921,100,116
20439,0x0922,142,224
20439,0x0924,173,172
20439,0x0926,140,192
20439,0x0B26,166,167
20439,0x0B28,76,78
20439,0x0B86,166,167
20439,0x0B88,76,78
20439,0x0F99,166,167
20439,0x0F9D,166,167
20439,0x0FD1,166,167
20439,0x0FF0,166,167
20439,0x103C,2,0
20439,0x1091,190,212
20439,0x10A6,247,245
20439,0x16D0,128,232
20439,0x16D1,214,210
20439,0x16D3,71,248
20439,0x16D4,83,88
20439,0x16D9,146,240
20439,0x16E6,223,221
20439,0x16F5,160,158
20439,0x16F8,5,3
20439,0x1791,189,188
20439,0x17A4,221,223
20439,0x17A6,2,4
20439,0x17AC,127,110
20439,0x17B0,15,13
20441,0x0004,18,20
20441,0x0020,172,171
20441,0x002A,8,128
20441,0x0069,191,193
20441,0x006B,121,123
20441,0x0072,38,40
20441,0x007B,167,168
20441,0x0098,0,64
20441,0x009B,0,64
20441,0x009F,0,64
20441,0x00AD,80,82
20441,0x00B7,10,12
20441,0x00CD,2,5
20441,0x00CE,251,1
20441,0x00CF,153,164
20441,0x00D0,54,68
20441,0x00FA,0,64
20441,0x00FC,0,64
20441,0x02FD,41,39
20441,0x0501,137,149
20441,0x0502,82,94
20441,0x0508,74,85
20441,0x0509,94,85
20441,0x050A,4,20
20441,0x050B,8,20
20441,0x050F,10,138
20441,0x0510,84,82
20441,0x0512,12,40
20441,0x0600,0,12
20441,0x0601,0,13
20441,0x0602,0,207
20441,0x0603,0,12
20441,0x0604,0,217
20441,0x0605,0,16
20441,0x0606,0,154
20441,0x0607,0,17
20441,0x0608,83,11
20441,0x0609,63,16
20441,0x060A,37,11
20441,0x060B,63,16
20441,0x060C,59,29
20441,0x060D,63,17
20441,0x060E,50,45
20441,0x060F,63,17
20441,0x0610,0,116
20441,0x0611,0,16
20441,0x0612,0,118
20441,0x0613,0,16
20441,0x0614,166,0
20441,0x0615,26,0
20441,0x0616,182,23
20441,0x0617,26,13
20441,0x0618,159,0
20441,0x0619,26,0
20441,0x061A,109,26
20441,0x061B,24,13
20441,0x061C,0,18
20441,0x061D,0,13
20441,0x061E,0,34
20441,0x061F,0,13
20441,0x0620,11,5
20441,0x0622,207,220
20441,0x0624,95,236
20441,0x0625,16,12
20441,0x0626,153,252
20441,0x0627,17,12
20441,0x0628,11,0
20441,0x0629,16,0
20441,0x062A,11,0
20441,0x062B,16,0
20441,0x062C,31,0
20441,0x062D,17,0
20441,0x062E,47,0
20441,0x062F,17,0
20441,0x0630,116,82
20441,0x0631,16,63
20441,0x0632,117,36
20441,0x0633,16,63
20441,0x0634,20,58
20441,0x0635,13,63
20441,0x0636,22,74
20441,0x0637,13,63
20441,0x0638,24,0
20441,0x0639,13,0
20441,0x063A,25,0
20441,0x063B,13,0
20441,0x0874,222,86
20441,0x0875,42,1
20441,0x0876,86,222
20441,0x0877,1,42
20441,0x0894,22,14
20441,0x0895,91,58
20441,0x0896,14,22
20441,0x0897,58,91
20441,0x0908,212,234
20441,0x090C,204,226
20441,0x0910,194,102
20441,0x0911,80,108
20441,0x0912,2,9
20441,0x0913,105,34
20441,0x0914,210,94
20441,0x0915,80,108
20441,0x0916,0,8
20441,0x0917,105,34
20441,0x0918,188,191
20441,0x0919,100,87
20441,0x091A,192,2
20441,0x091B,98,105
20441,0x091C,188,207
20441,0x091D,116,87
20441,0x091E,226,0
20441,0x091F,34,105
20441,0x0920,172,187
20441,0x0921,116,100
20441,0x0922,224,192
20441,0x0923,34,98
20441,0x0924,172,187
20441,0x0925,100,116
20441,0x0926,192,226
20441,0x0928,178,171
20441,0x0929,224,116
20441,0x092A,160,224
20441,0x092C,178,171
20441,0x092D,224,100
20441,0x092E,128,192
20441,0x0B01,170,160
20441,0x0B02,10,170
20441,0x0B22,41,42
20441,0x0B24,83,84
20441,0x0B26,167,168
20441,0x0B28,78,80
20441,0x0B82,41,42
20441,0x0B84,83,84
20441,0x0B86,167,168
20441,0x0B88,78,80
20441,0x0C06,36,37
20441,0x0C07,0,224
20441,0x0F99,167,168
20441,0x0F9D,167,168
20441,0x0FD1,167,168
20441,0x0FF0,167,168
20441,0x103B,0,2
20441,0x103C,0,10
20441,0x1091,212,234
20441,0x10A6,245,243
20441,0x10C0,0,200
20441,0x10C1,225,175
20441,0x10D1,190,102
20441,0x10E2,227,65
20441,0x10E4,229,67
20441,0x10E6,1,255
20441,0x10EC,45,17
20441,0x16D0,232,80
20441,0x16D1,210,207
20441,0x16D3,248,101
20441,0x16D4,88,95
20441,0x16D9,240,78
20441,0x16DA,2,3
20441,0x16E6,221,219
20441,0x16F5,158,156
20441,0x16F8,3,1
20441,0x1791,188,187
20441,0x17A6,4,2
20441,0x17B0,13,11
20443,0x0020,171,170
20443,0x0024,192,196
20443,0x002A,128,8
20443,0x0069,193,195
20443,0x006B,123,125
20443,0x0071,38,40
20443,0x007B,168,169
20443,0x0098,64,0
20443,0x009B,64,0
20443,0x009F,64,0
20443,0x00AD,82,84
20443,0x00B7,12,10
20443,0x00CD,5,8
20443,0x00CE,1,7
20443,0x00CF,164,174
20443,0x00D0,68,82
20443,0x00FA,64,0
20443,0x00FC,64,0
20443,0x02FD,39,41
20443,0x0874,86,222
20443,0x0875,1,42
20443,0x0876,222,86
20443,0x0877,42,1
20443,0x0894,14,22
20443,0x0895,58,91
20443,0x0896,22,14
20443,0x0897,91,58
20443,0x0908,234,124
20443,0x090C,226,116
20443,0x0910,102,187
20443,0x0911,108,93
20443,0x0912,9,2
20443,0x0913,34,105
20443,0x0914,94,203
20443,0x0915,108,93
20443,0x0916,8,0
20443,0x0917,34,105
20443,0x0918,191,186
20443,0x0919,87,116
20443,0x091A,2,230
20443,0x091B,105,34
20443,0x091C,207,186
20443,0x091D,87,100
20443,0x091E,0,196
20443,0x091F,105,98
20443,0x0920,187,170
20443,0x0921,100,116
20443,0x0922,192,228
20443,0x0923,98,34
20443,0x0924,187,170
20443,0x0925,116,100
20443,0x0926,226,196
20443,0x0928,171,96
20443,0x0929,116,224
20443,0x092A,224,2
20443,0x092B,34,32
20443,0x092C,171,80
20443,0x092D,100,224
20443,0x092E,192,0
20443,0x092F,34,32
20443,0x0B01,160,170
20443,0x0B02,170,10
20443,0x0B26,168,169
20443,0x0B28,80,82
20443,0x0B86,168,169
20443,0x0B88,80,82
20443,0x0F99,168,169
20443,0x0F9D,168,169
20443,0x0FD1,168,169
20443,0x0FF0,168,169
20443,0x103B,2,0
20443,0x103C,10,8
20443,0x1080,200,0
20443,0x1091,234,0
20443,0x1092,0,1
20443,0x10A6,243,242
20443,0x10D1,102,124
20443,0x10E6,255,253
20443,0x16D0,80,184
20443,0x16D1,207,203
20443,0x16D3,101,206
20443,0x16D4,95,101
20443,0x16D9,78,44
20443,0x16DD,47,239
20443,0x16E6,219,217
20443,0x16F5,156,154
20443,0x16F8,1,52
20443,0x16FA,99,103
20443,0x1791,187,186
20443,0x17A4,223,225
20443,0x17A6,2,4
20443,0x17AC,110,93
20443,0x17B0,11,9
20443,0xFFFF,148,149
20445,0x0020,170,169
20445,0x0069,195,197
20445,0x006B,125,127
20445,0x007B,169,170
20445,0x00AD,84,86
20445,0x00CD,8,11
20445,0x00CE,7,13
20445,0x00CF,174,184
20445,0x00D0,82,96
20445,0x0874,222,86
20445,0x0875,42,1
20445,0x0876,86,222
20445,0x0877,1,42
20445,0x0894,22,14
20445,0x0895,91,58
20445,0x0896,14,22
20445,0x0897,58,91
20445,0x0908,124,146
20445,0x090C,116,138
20445,0x0910,187,184
20445,0x0911,93,99
20445,0x0914,203,200
20445,0x0915,93,99
20445,0x0918,186,185
20445,0x091C,186,185
20445,0x0920,170,169
20445,0x0924,170,169
20445,0x0B24,84,85
20445,0x0B26,169,170
20445,0x0B28,82,84
20445,0x0B84,84,85
20445,0x0B86,169,170
20445,0x0B88,82,84
20445,0x0F99,169,170
20445,0x0F9D,169,170
20445,0x0FD1,169,170
20445,0x0FF0,169,170
20445,0x103C,8,6
20445,0x10D1,124,146
20445,0x10E6,253,251
20445,0x16D0,184,32
20445,0x16D1,203,200
20445,0x16D3,206,243
20445,0x16D4,101,107
20445,0x16D9,44,10
20445,0x16E6,217,215
20445,0x16F5,154,152
20445,0x16F8,52,50
20445,0x1791,186,185
20445,0x17A6,4,2
20445,0x17B0,9,7
20447,0x0020,169,168
20447,0x0024,196,130
20447,0x0069,197,199
20447,0x006B,127,129
20447,0x007B,170,171
20447,0x0098,0,64
20447,0x009B,0,64
20447,0x009F,0,64
20447,0x00AD,86,88
20447,0x00CD,11,14
20447,0x00CE,13,19
20447,0x00CF,184,194
20447,0x00D0,96,110
20447,0x00FA,0,64
20447,0x00FC,0,64
20447,0x0874,86,222
20447,0x0875,1,42
20447,0x0876,222,86
20447,0x0877,42,1
20447,0x0894,14,22
20447,0x0895,58,91
20447,0x0896,22,14
20447,0x0897,91,58
20447,0x0908,146,168
20447,0x090C,138,160
20447,0x0910,184,180
20447,0x0911,99,105
20447,0x0914,200,196
20447,0x0915,99,105
20447,0x0918,185,184
20447,0x091A,230,194
20447,0x091B,34,98
20447,0x091C,185,168
20447,0x091D,100,116
20447,0x091E,196,194
20447,0x091F,98,34
20447,0x0920,169,184
20447,0x0921,116,100
20447,0x0922,228,130
20447,0x0923,34,98
20447,0x0924,169,168
20447,0x0926,196,130
20447,0x0B26,170,171
20447,0x0B28,84,86
20447,0x0B86,170,171
20447,0x0B88,84,86
20447,0x0F99,170,171
20447,0x0F9D,170,171
20447,0x0FD1,170,171
20447,0x0FF0,170,171
20447,0x103C,6,4
20447,0x10D1,146,168
20447,0x10E6,251,249
20447,0x16D0,32,136
20447,0x16D1,200,196
20447,0x16D3,243,212
20447,0x16D4,107,113
20447,0x16D9,10,232
20447,0x16DA,3,2
20447,0x16E6,215,213
20447,0x16F5,152,150
20447,0x16F8,50,48
20447,0x1791,185,184
20447,0x17A4,225,227
20447,0x17A6,2,255
20447,0x17AC,93,76
20447,0x17B0,7,5
20449,0x0004,20,22
20449,0x0020,168,167
20449,0x002A,8,32
20449,0x0069,199,201
20449,0x006B,129,131
20449,0x006E,0,34
20449,0x0072,40,42
20449,0x007B,171,172
20449,0x0098,64,0
20449,0x009B,64,0
20449,0x009F,64,0
20449,0x00AD,88,90
20449,0x00B7,10,11
20449,0x00CA,1,0
20449,0x00CD,14,17
20449,0x00CE,19,25
20449,0x00CF,194,204
20449,0x00D0,110,124
20449,0x00D7,18,21
20449,0x00DA,4,5
20449,0x00FA,64,0
20449,0x00FC,64,0
20449,0x0174,178,192
20449,0x0175,52,54
20449,0x0176,107,129
20449,0x0177,176,252
20449,0x017C,0,244
20449,0x040E,52,53
20449,0x041E,50,53
20449,0x0501,149,139
20449,0x0502,94,82
20449,0x0600,12,0
20449,0x0601,13,0
20449,0x0602,207,0
20449,0x0603,12,0
20449,0x0604,217,0
20449,0x0605,16,0
20449,0x0606,154,67
20449,0x0607,17,63
20449,0x0608,11,68
20449,0x0609,16,63
20449,0x060A,11,37
20449,0x060B,16,63
20449,0x060C,29,59
20449,0x060D,17,63
20449,0x060E,45,75
20449,0x060F,17,63
20449,0x0610,116,0
20449,0x0611,16,0
20449,0x0612,118,0
20449,0x0613,16,0
20449,0x0874,222,86
20449,0x0875,42,1
20449,0x0876,86,222
20449,0x0877,1,42
20449,0x0894,22,14
20449,0x0895,91,58
20449,0x0896,14,22
20449,0x0897,58,91
20449,0x0908,168,171
20449,0x0909,108,104
20449,0x090A,9,46
20449,0x090C,160,194
20449,0x090D,108,100
20449,0x090E,8,128
20449,0x090F,34,98
20449,0x0910,180,194
20449,0x0911,105,116
20449,0x0912,2,162
20449,0x0913,105,34
20449,0x0914,196,178
20449,0x0915,105,116
20449,0x0916,0,160
20449,0x0917,105,34
20449,0x0918,184,178
20449,0x0919,116,100
20449,0x091A,194,128
20449,0x091B,98,34
20449,0x091C,168,183
20449,0x091F,34,98
20449,0x0920,184,167
20449,0x0921,100,116
20449,0x0922,130,194
20449,0x0923,98,34
20449,0x0924,168,183
20449,0x0927,34,98
20449,0x0928,96,167
20449,0x0929,224,100
20449,0x092A,2,130
20449,0x092B,32,34
20449,0x0B00,10,170
20449,0x0B02,10,42
20449,0x0B22,42,43
20449,0x0B24,85,86
20449,0x0B26,171,172
20449,0x0B28,86,88
20449,0x0B82,42,43
20449,0x0B84,85,86
20449,0x0B86,171,172
20449,0x0B88,86,88
20449,0x0C08,36,44
20449,0x0C09,0,66
20449,0x0F99,171,172
20449,0x0F9D,171,172
20449,0x0FD1,171,172
20449,0x0FF0,171,172
20449,0x103C,4,2
20449,0x10C0,200,192
20449,0x10C1,175,225
20449,0x10D1,168,179
20449,0x10E2,65,227
20449,0x10E4,67,229
20449,0x10E6,249,1
20449,0x10EC,17,45
20449,0x16C0,200,208
20449,0x16C1,74,192
20449,0x16C2,176,252
20449,0x16C3,2,4
20449,0x16C8,3,255
20449,0x16D0,136,188
20449,0x16D1,196,194
20449,0x16D3,212,171
20449,0x16D4,113,116
20449,0x16D9,232,215
20449,0x16E0,154,146
20449,0x16E2,220,213
20449,0x16E3,8,11
20449,0x16E4,222,215
20449,0x16E5,8,11
20449,0x16E6,213,3
20449,0x16E7,8,2
20449,0x16E8,0,128
20449,0x16E9,1,0
20449,0x16EA,238,164
20449,0x16EC,124,201
20449,0x16ED,12,41
20449,0x16F0,0,26
20449,0x16F5,150,149
20449,0x16F8,48,47
20449,0x1791,184,183
20449,0x17A6,255,253
20449,0x17B0,5,3
20451,0x0020,167,166
20451,0x002A,32,8
20451,0x0069,201,203
20451,0x006B,131,133
20451,0x006E,34,0
20451,0x0071,40,42
20451,0x007B,172,173
20451,0x00AD,90,92
20451,0x00B7,11,10
20451,0x00CD,17,20
20451,0x00CE,25,31
20451,0x00CF,204,214
20451,0x00D0,124,138
20451,0x0175,54,15
20451,0x0176,129,20
20451,0x0177,252,0
20451,0x017C,244,0
20451,0x02FD,41,39
20451,0x0908,171,193
20451,0x0909,104,100
20451,0x090A,46,128
20451,0x090B,34,98
20451,0x090C,194,193
20451,0x090D,100,116
20451,0x090E,128,162
20451,0x090F,98,34
20451,0x0910,194,177
20451,0x0912,162,160
20451,0x0914,178,177
20451,0x0915,116,100
20451,0x0916,160,128
20451,0x0918,178,182
20451,0x0919,100,116
20451,0x091A,128,194
20451,0x091B,34,98
20451,0x091C,183,166
20451,0x091F,98,34
20451,0x0920,167,182
20451,0x0921,116,100
20451,0x0922,194,130
20451,0x0923,34,98
20451,0x0924,183,166
20451,0x0927,98,34
20451,0x0929,100,224
20451,0x0B02,42,10
20451,0x0B26,172,173
20451,0x0B28,88,90
20451,0x0B86,172,173
20451,0x0B88,88,90
20451,0x0F99,172,173
20451,0x0F9D,172,173
20451,0x0FD1,172,173
20451,0x0FF0,172,173
20451,0x103C,2,0
20451,0x10C0,192,0
20451,0x16D1,194,193
20451,0x16E6,3,1
20451,0x16F0,26,24
20451,0x1791,183,182
20451,0x17A6,253,251
20451,0x17B0,3,1
20451,0xFFFF,149,150
20453,0x0020,166,176
20453,0x0024,130,132
20453,0x002A,8,128
20453,0x0069,203,205
20453,0x006B,133,135
20453,0x0072,42,44
20453,0x007B,173,174
20453,0x0098,0,64
20453,0x009B,0,64
20453,0x009F,0,64
20453,0x00AD,92,94
20453,0x00B7,10,8
20453,0x00CD,20,23
20453,0x00CE,31,37
20453,0x00CF,214,224
20453,0x00D0,138,152
20453,0x00FA,0,64
20453,0x00FC,0,64
20453,0x0172,52,144
20453,0x0173,173,229
20453,0x0174,192,4
20453,0x0175,15,132
20453,0x0176,20,229
20453,0x01B9,128,192
20453,0x01BA,23,22
20453,0x02FD,39,41
20453,0x0908,193,102
20453,0x0909,100,108
20453,0x090A,128,9
20453,0x090B,98,34
20453,0x090C,193,94
20453,0x090D,116,108
20453,0x090E,162,8
20453,0x0910,177,192
20453,0x0912,160,166
20453,0x0914,177,176
20453,0x0915,100,116
20453,0x0916,128,164
20453,0x0918,182,192
20453,0x0919,116,100
20453,0x091A,194,134
20453,0x091B,98,34
20453,0x091C,166,176
20453,0x091D,116,100
20453,0x091E,194,132
20453,0x0921,100,224
20453,0x0925,100,224
20453,0x0B00,170,10
20453,0x0B02,10,0
20453,0x0B24,86,87
20453,0x0B26,173,174
20453,0x0B28,90,92
20453,0x0B84,86,87
20453,0x0B86,173,174
20453,0x0B88,90,92
20453,0x0C0A,36,37
20453,0x0C0B,0,224
20453,0x0F99,173,174
20453,0x0F9D,173,174
20453,0x0FD1,173,174
20453,0x0FF0,173,174
20453,0x103B,0,2
20453,0x103C,0,10
20453,0x1080,0,200
20453,0x1091,0,102
20453,0x1092,1,0
20453,0x10A6,242,255
20453,0x16D1,193,192
20453,0x16E4,215,217
20453,0x16E6,1,2
20453,0x16EC,201,161
20453,0x16ED,41,42
20453,0x16F0,24,22
20453,0x1780,208,0
20453,0x1791,182,181
20453,0x17B0,1,0
20455,0x0020,176,175
20455,0x0024,132,136
20455,0x0069,205,207
20455,0x006B,135,137
20455,0x0071,42,44
20455,0x007B,174,175
20455,0x0098,64,0
20455,0x009B,64,0
20455,0x009F,64,0
20455,0x00AD,94,96
20455,0x00CD,23,26
20455,0x00CE,37,43
20455,0x00CF,224,234
20455,0x00D0,152,166
20455,0x00FA,64,0
20455,0x00FC,64,0
20455,0x0174,4,52
20455,0x0175,132,204
20455,0x0176,229,230
20455,0x0177,0,4
20455,0x0908,102,124
20455,0x090C,94,116
20455,0x0910,192,191
20455,0x0912,166,170
20455,0x0914,176,175
20455,0x0916,164,168
20455,0x0918,192,191
20455,0x091A,134,138
20455,0x091C,176,175
20455,0x091E,132,136
20455,0x0B26,174,175
20455,0x0B28,92,94
20455,0x0B86,174,175
20455,0x0B88,92,94
20455,0x0F99,174,175
20455,0x0F9D,174,175
20455,0x0FD1,174,175
20455,0x0FF0,174,175
20455,0x103B,2,0
20455,0x103C,10,8
20455,0x1091,102,124
20455,0x10A6,255,253
20455,0x16D1,192,191
20455,0x16E4,217,219
20455,0x16E6,2,3
20455,0x16EC,161,144
20455,0x16F0,22,20
20455,0xFFFF,150,151
20457,0x0004,22,24
20457,0x0020,175,174
20457,0x0069,207,209
20457,0x006B,137,139
20457,0x007B,175,176
20457,0x00AD,96,98
20457,0x00CD,26,29
20457,0x00CE,43,49
20457,0x00CF,234,244
20457,0x00D0,166,180
20457,0x0501,139,75
20457,0x0502,82,94
20457,0x0503,20,4
20457,0x0508,85,11
20457,0x0509,85,84
20457,0x050B,20,4
20457,0x050F,138,150
20457,0x0510,82,94
20457,0x0512,40,24
20457,0x0516,148,86
20457,0x0517,94,85
20457,0x0519,32,44
20457,0x051D,84,140
20457,0x051E,85,82
20457,0x0520,52,64
20457,0x0600,0,116
20457,0x0601,0,16
20457,0x0602,0,118
20457,0x0603,0,16
20457,0x0606,67,0
20457,0x0607,63,0
20457,0x0608,68,0
20457,0x0609,63,0
20457,0x060A,37,0
20457,0x060B,63,0
20457,0x060C,59,167
20457,0x060D,63,26
20457,0x060E,75,183
20457,0x060F,63,26
20457,0x0610,0,173
20457,0x0611,0,26
20457,0x0612,0,127
20457,0x0613,0,24
20457,0x0616,23,0
20457,0x0617,13,0
20457,0x0618,0,13
20457,0x0619,0,13
20457,0x061A,26,207
20457,0x061B,13,12
20457,0x061C,18,95
20457,0x061D,13,80
20457,0x061E,34,11
20457,0x061F,13,16
20457,0x0620,5,11
20457,0x0621,13,16
20457,0x0622,220,11
20457,0x0623,12,16
20457,0x0624,236,30
20457,0x0625,12,17
20457,0x0626,252,46
20457,0x0627,12,17
20457,0x0628,0,116
20457,0x0629,0,16
20457,0x062A,0,117
20457,0x062B,0,16
20457,0x0630,82,0
20457,0x0631,63,0
20457,0x0632,36,27
20457,0x0633,63,13
20457,0x0634,58,19
20457,0x0635,63,13
20457,0x0636,74,35
20457,0x0637,63,13
20457,0x0638,0,6
20457,0x0639,0,13
20457,0x063A,0,221
20457,0x063B,0,12
20457,0x063C,17,237
20457,0x063D,13,12
20457,0x063E,33,253
20457,0x063F,13,12
20457,0x0640,4,0
20457,0x0641,13,0
20457,0x0642,219,0
20457,0x0643,12,0
20457,0x0644,235,0
20457,0x0645,12,0
20457,0x0646,251,0
20457,0x0647,12,0
20457,0x0648,0,82
20457,0x0649,0,63
20457,0x064A,0,36
20457,0x064B,0,63
20457,0x064C,0,58
20457,0x064D,0,63
20457,0x064E,0,74
20457,0x064F,0,63
20457,0x0650,82,0
20457,0x0651,63,0
20457,0x0652,36,0
20457,0x0653,63,0
20457,0x0908,124,146
20457,0x090C,116,138
20457,0x0910,191,190
20457,0x0914,175,174
20457,0x0918,191,190
20457,0x091C,175,174
20457,0x0B22,43,44
20457,0x0B24,87,88
20457,0x0B26,175,176
20457,0x0B28,94,96
20457,0x0B82,43,44
20457,0x0B84,87,88
20457,0x0B86,175,176
20457,0x0B88,94,96
20457,0x0F99,175,176
20457,0x0F9D,175,176
20457,0x0FD1,175,176
20457,0x0FF0,175,176
20457,0x103C,8,6
20457,0x1091,124,146
20457,0x10A6,253,251
20457,0x16D1,191,190
20457,0x16E6,3,1
20457,0x16F0,20,18
20459,0x0020,174,173
20459,0x0024,136,140
20459,0x0069,209,211
20459,0x006B,139,141
20459,0x007B,176,177
20459,0x0098,0,64
20459,0x009B,0,64
20459,0x009F,0,64
20459,0x00AD,98,100
20459,0x00CD,29,32
20459,0x00CE,49,55
20459,0x00CF,244,254
20459,0x00D0,180,194
20459,0x00FA,0,64
20459,0x00FC,0,64
20459,0x02FD,41,39
20459,0x0908,146,168
20459,0x090C,138,160
20459,0x0910,190,189
20459,0x0912,170,174
20459,0x0914,174,173
20459,0x0916,168,172
20459,0x0918,190,189
20459,0x091A,138,142
20459,0x091C,174,173
20459,0x091E,136,140
20459,0x0B26,176,177
20459,0x0B28,96,98
20459,0x0B86,176,177
20459,0x0B88,96,98
20459,0x0F99,176,177
20459,0x0F9D,176,177
20459,0x0FD1,176,177
20459,0x0FF0,176,177
20459,0x103C,6,4
20459,0x1091,146,168
20459,0x10A6,251,249
20459,0x16D1,190,189
20459,0x16E4,219,221
20459,0x16E6,1,3
20459,0x16EC,144,127
20459,0x16F0,18,16
20461,0x0020,173,172
20461,0x0069,211,213
20461,0x006B,141,143
20461,0x007B,177,178
20461,0x0098,64,0
20461,0x009B,64,0
20461,0x009F,64,0
20461,0x00AD,100,102
20461,0x00CD,32,35
20461,0x00CE,55,61
20461,0x00CF,254,8
20461,0x00D0,194,209
20461,0x00FA,64,0
20461,0x00FC,64,0
20461,0x0908,168,190
20461,0x090C,160,182
20461,0x0910,189,188
20461,0x0914,173,172
20461,0x0918,189,188
20461,0x091C,173,172
20461,0x0B24,88,89
20461,0x0B26,177,178
20461,0x0B28,98,100
20461,0x0B84,88,89
20461,0x0B86,177,178
20461,0x0B88,98,100
20461,0x0F99,177,178
20461,0x0F9D,177,178
20461,0x0FD1,177,178
20461,0x0FF0,177,178
20461,0x103C,4,2
20461,0x1091,168,190
20461,0x10A6,249,247
20461,0x16D1,189,188
20461,0x16E6,3,1
20461,0x16F0,16,14
20463,0x0020,172,171
20463,0x0024,140,192
20463,0x0069,213,215
20463,0x006B,143,145
20463,0x007B,178,179
20463,0x00AD,102,104
20463,0x00CD,35,38
20463,0x00CE,61,67
20463,0x00CF,8,18
20463,0x00D0,209,223
20463,0x0908,190,212
20463,0x090C,182,204
20463,0x0910,188,187
20463,0x0911,116,100
20463,0x0912,174,192
20463,0x0913,34,98
20463,0x0914,172,187
20463,0x0916,172,226
20463,0x0918,188,171
20463,0x0919,100,116
20463,0x091A,142,224
20463,0x091C,172,171
20463,0x091E,140,192
20463,0x0B26,178,179
20463,0x0B28,100,102
20463,0x0B86,178,179
20463,0x0B88,100,102
20463,0x0F99,178,179
20463,0x0F9D,178,179
20463,0x0FD1,178,179
20463,0x0FF0,178,179
20463,0x103C,2,0
20463,0x1091,190,212
20463,0x10A6,247,245
20463,0x16D1,188,187
20463,0x16E4,221,223
20463,0x16E6,1,3
20463,0x16EC,127,110
20463,0x16F0,14,12
20465,0x0004,24,26
20465,0x0020,171,170
20465,0x002A,128,8
20465,0x0069,215,217
20465,0x006B,145,147
20465,0x0072,44,46
20465,0x007B,179,180
20465,0x0098,0,64
20465,0x009B,0,64
20465,0x009F,0,64
20465,0x00AD,104,106
20465,0x00B7,8,10
20465,0x00CD,38,41
20465,0x00CE,67,73
20465,0x00CF,18,28
20465,0x00D0,223,237
20465,0x00FA,0,64
20465,0x00FC,0,64
20465,0x02FD,39,41
20465,0x0501,75,141
20465,0x0502,94,82
20465,0x0503,4,20
20465,0x0600,116,0
20465,0x0601,16,0
20465,0x0602,118,0
20465,0x0603,16,0
20465,0x0608,0,83
20465,0x0609,0,63
20465,0x060A,0,37
20465,0x060B,0,63
20465,0x060C,167,59
20465,0x060D,26,63
20465,0x060E,183,75
20465,0x060F,26,63
20465,0x0610,173,0
20465,0x0611,26,0
20465,0x0612,127,0
20465,0x0613,24,0
20465,0x0908,212,234
20465,0x090C,204,226
20465,0x0910,187,102
20465,0x0911,100,108
20465,0x0912,192,9
20465,0x0913,98,34
20465,0x0914,187,94
20465,0x0915,116,108
20465,0x0916,226,8
20465,0x0918,171,186
20465,0x0919,116,100
20465,0x091A,224,192
20465,0x091B,34,98
20465,0x091C,171,186
20465,0x091D,100,116
20465,0x091E,192,226
20465,0x0920,182,170
20465,0x0921,224,116
20465,0x0922,130,224
20465,0x0923,98,34
20465,0x0924,166,170
20465,0x0925,224,100
20465,0x0926,130,192
20465,0x0B01,170,160
20465,0x0B02,0,10
20465,0x0B22,44,45
20465,0x0B24,89,90
20465,0x0B26,179,180
20465,0x0B28,102,104
20465,0x0B82,44,45
20465,0x0B84,89,90
20465,0x0B86,179,180
20465,0x0B88,102,104
20465,0x0C0C,36,37
20465,0x0C0D,0,224
20465,0x0F99,179,180
20465,0x0F9D,179,180
20465,0x0FD1,179,180
20465,0x0FF0,179,180
20465,0x103B,0,2
20465,0x103C,0,10
20465,0x1091,212,234
20465,0x10A6,245,243
20465,0x10C0,0,200
20465,0x10C1,225,175
20465,0x10D1,179,102
20465,0x10E2,227,65
20465,0x10E4,229,67
20465,0x10E6,1,255
20465,0x10EC,45,17
20465,0x16D1,187,186
20465,0x16E6,3,1
20465,0x16F0,12,10
20467,0x0020,170,169
20467,0x0024,192,196
20467,0x002A,8,128
20467,0x0069,217,219
20467,0x006B,147,149
20467,0x0071,44,46
20467,0x007B,180,181
20467,0x0098,64,0
20467,0x009B,64,0
20467,0x009F,64,0
20467,0x00AD,106,108
20467,0x00B7,10,8
20467,0x00CD,41,44
20467,0x00CE,73,79
20467,0x00CF,28,38
20467,0x00D0,237,251
20467,0x00FA,64,0
20467,0x00FC,64,0
20467,0x0908,234,124
20467,0x090C,226,116
20467,0x0910,102,185
20467,0x0911,108,116
20467,0x0912,9,230
20467,0x0914,94,185
20467,0x0915,108,100
20467,0x0916,8,196
20467,0x0917,34,98
20467,0x0918,186,169
20467,0x0919,100,116
20467,0x091A,192,228
20467,0x091B,98,34
20467,0x091C,186,169
20467,0x091D,116,100
20467,0x091E,226,196
20467,0x0920,170,96
20467,0x0921,116,224
20467,0x0922,224,2
20467,0x0923,34,32
20467,0x0924,170,80
20467,0x0925,100,224
20467,0x0926,192,0
20467,0x0927,34,32
20467,0x0B01,160,170
20467,0x0B02,10,0
20467,0x0B26,180,181
20467,0x0B28,104,106
20467,0x0B86,180,181
20467,0x0B88,104,106
20467,0x0F99,180,181
20467,0x0F9D,180,181
20467,0x0FD1,180,181
20467,0x0FF0,180,181
20467,0x103B,2,0
20467,0x103C,10,8
20467,0x1080,200,0
20467,0x1091,234,0
20467,0x1092,0,1
20467,0x10A6,243,242
20467,0x10D1,102,124
20467,0x10E6,255,253
20467,0x16D1,186,185
20467,0x16E4,223,225
20467,0x16E6,1,3
20467,0x16EC,110,93
20467,0x16F0,10,8
20467,0xFFFF,151,152
20469,0x0020,169,168
20469,0x0069,219,221
20469,0x006B,149,151
20469,0x007B,181,182
20469,0x00AD,108,110
20469,0x00CD,44,47
20469,0x00CE,79,85
20469,0x00CF,38,48
20469,0x00D0,251,9
20469,0x0908,124,146
20469,0x090C,116,138
20469,0x0910,185,184
20469,0x0914,185,184
20469,0x0918,169,168
20469,0x091C,169,168
20469,0x0B24,90,91
20469,0x0B26,181,182
20469,0x0B28,106,108
20469,0x0B84,90,91
20469,0x0B86,181,182
20469,0x0B88,106,108
20469,0x0F99,181,182
20469,0x0F9D,181,182
20469,0x0FD1,181,182
20469,0x0FF0,181,182
20469,0x103C,8,6
20469,0x10D1,124,146
20469,0x10E6,253,251
20469,0x16D1,185,184
20469,0x16E6,3,1
20469,0x16F0,8,6
20471,0x0020,168,167
20471,0x0024,196,130
20471,0x0069,221,223
20471,0x006B,151,153
20471,0x007B,182,183
20471,0x0098,0,64
20471,0x009B,0,64
20471,0x009F,0,64
20471,0x00AD,110,112
20471,0x00CD,47,50
20471,0x00CE,85,91
20471,0x00CF,48,58
20471,0x00D0,9,23
20471,0x00FA,0,64
20471,0x00FC,0,64
20471,0x02FD,41,39
20471,0x0908,146,168
20471,0x090C,138,160
20471,0x0910,184,183
20471,0x0912,230,194
20471,0x0913,34,98
20471,0x0914,184,167
20471,0x0915,100,116
20471,0x0916,196,194
20471,0x0917,98,34
20471,0x0918,168,183
20471,0x0919,116,100
20471,0x091A,228,130
20471,0x091B,34,98
20471,0x091C,168,167
20471,0x091E,196,130
20471,0x0B26,182,183
20471,0x0B28,108,110
20471,0x0B86,182,183
20471,0x0B88,108,110
20471,0x0F99,182,183
20471,0x0F9D,182,183
20471,0x0FD1,182,183
20471,0x0FF0,182,183
20471,0x103C,6,4
20471,0x10D1,146,168
20471,0x10E6,251,249
20471,0x16D1,184,183
20471,0x16E4,225,227
20471,0x16E6,1,254
20471,0x16EC,93,76
20471,0x16F0,6,4
20473,0x0004,26,28
20473,0x0020,167,166
20473,0x0069,223,225
20473,0x006B,153,155
20473,0x007B,183,184
20473,0x0098,64,0
20473,0x009B,64,0
20473,0x009F,64,0
20473,0x00AD,112,114
20473,0x00CD,50,53
20473,0x00CE,91,97
20473,0x00CF,58,68
20473,0x00D0,23,37
20473,0x00FA,64,0
20473,0x00FC,64,0
20473,0x0501,141,151
20473,0x0502,82,94
20473,0x0508,11,87
20473,0x0509,84,85
20473,0x050B,4,20
20473,0x050F,150,142
20473,0x0510,94,82
20473,0x0512,24,40
20473,0x0600,0,14
20473,0x0601,0,13
20473,0x0602,0,207
20473,0x0603,0,12
20473,0x0604,0,217
20473,0x0605,0,80
20473,0x0606,0,154
20473,0x0607,0,17
20473,0x0608,83,11
20473,0x0609,63,16
20473,0x060A,37,11
20473,0x060B,63,16
20473,0x060C,59,31
20473,0x060D,63,17
20473,0x060E,75,47
20473,0x060F,63,17
20473,0x0610,0,116
20473,0x0611,0,16
20473,0x0612,0,118
20473,0x0613,0,16
20473,0x0618,13,0
20473,0x0619,13,0
20473,0x061A,207,0
20473,0x061B,12,0
20473,0x061C,95,0
20473,0x061D,80,0
20473,0x061E,11,0
20473,0x061F,16,0
20473,0x0620,11,0
20473,0x0621,16,0
20473,0x0622,11,222
20473,0x0623,16,12
20473,0x0624,30,238
20473,0x0625,17,12
20473,0x0626,46,254
20473,0x0627,17,12
20473,0x0628,116,0
20473,0x0629,16,0
20473,0x062A,117,0
20473,0x062B,16,0
20473,0x0630,0,82
20473,0x0631,0,63
20473,0x0632,27,36
20473,0x0633,13,63
20473,0x0634,19,58
20473,0x0635,13,63
20473,0x0636,35,74
20473,0x0637,13,63
20473,0x0638,6,0
20473,0x0639,13,0
20473,0x063A,221,0
20473,0x063B,12,0
20473,0x0908,168,190
20473,0x090C,160,182
20473,0x0910,183,182
20473,0x0914,167,166
20473,0x0918,183,182
20473,0x091C,167,166
20473,0x0B22,45,46
20473,0x0B24,91,92
20473,0x0B26,183,184
20473,0x0B28,110,112
20473,0x0B82,45,46
20473,0x0B84,91,92
20473,0x0B86,183,184
20473,0x0B88,110,112
20473,0x0F99,183,184
20473,0x0F9D,183,184
20473,0x0FD1,183,184
20473,0x0FF0,183,184
20473,0x103C,4,2
20473,0x10D1,168,190
20473,0x10E6,249,247
20473,0x16D1,183,182
20473,0x16E6,254,252
20473,0x16F0,4,2
20475,0x0020,166,204
20475,0x0022,100,108
20475,0x0024,130,8
20475,0x002A,128,0
20475,0x0069,225,227
20475,0x006B,155,157
20475,0x007B,184,185
20475,0x00AD,114,116
20475,0x00B7,8,4
20475,0x00CD,53,56
20475,0x00CE,97,103
20475,0x00CF,68,78
20475,0x00D0,37,51
20475,0x0178,52,67
20475,0x01BA,22,16
20475,0x02FD,39,41
20475,0x0908,190,212
20475,0x090C,182,204
20475,0x0910,182,201
20475,0x0911,116,224
20475,0x0912,194,9
20475,0x0913,98,34
20475,0x0914,166,193
20475,0x0915,116,224
20475,0x0916,194,8
20475,0x0918,182,96
20475,0x0919,100,224
20475,0x091A,130,2
20475,0x091B,98,32
20475,0x091C,166,80
20475,0x091D,100,224
20475,0x091E,130,0
20475,0x091F,34,32
20475,0x0B01,170,0
20475,0x0B26,184,185
20475,0x0B28,112,114
20475,0x0B86,184,185
20475,0x0B88,112,114
20475,0x0F99,184,185
20475,0x0F9D,184,185
20475,0x0FD1,184,185
20475,0x0FF0,184,185
20475,0x103C,2,0
20475,0x10D1,190,212
20475,0x10E6,247,245
20475,0x16C0,208,0
20475,0x16D1,182,181
20475,0x16E6,252,251
20475,0x16F0,2,0
20477,0x0000,192,175
20477,0x0001,252,230
20477,0x0020,204,226
20477,0x0069,227,229
20477,0x006B,157,159
20477,0x0072,46,48
20477,0x007B,185,186
20477,0x0098,0,64
20477,0x009B,0,64
20477,0x009F,0,64
20477,0x00AD,116,118
20477,0x00B7,4,6
20477,0x00CD,56,59
20477,0x00CE,103,109
20477,0x00CF,78,88
20477,0x00D0,51,65
20477,0x00FA,0,64
20477,0x00FC,0,64
20477,0x02FD,41,39
20477,0x0908,212,102
20477,0x090C,204,94
20477,0x0910,201,234
20477,0x0911,224,108
20477,0x0914,193,226
20477,0x0915,224,108
20477,0x0B24,92,93
20477,0x0B26,185,186
20477,0x0B28,114,116
20477,0x0B84,92,93
20477,0x0B86,185,186
20477,0x0B88,114,116
20477,0x0C0E,36,37
20477,0x0C0F,0,224
20477,0x0F99,185,186
20477,0x0F9D,185,186
20477,0x0FD1,185,186
20477,0x0FF0,185,186
20477,0x103B,0,2
20477,0x103C,0,10
20477,0x1080,0,200
20477,0x1091,0,102
20477,0x1092,1,0
20477,0x10A6,242,255
20477,0x10D1,212,234
20477,0x10E6,245,243
20479,0x0020,226,116
20479,0x0069,229,231
20479,0x006B,159,161
20479,0x0071,46,48
20479,0x007B,186,187
20479,0x0098,64,0
20479,0x009B,64,0
20479,0x009F,64,0
20479,0x00AD,118,120
20479,0x00B7,6,4
20479,0x00CD,59,62
20479,0x00CE,109,115
20479,0x00CF,88,98
20479,0x00D0,65,79
20479,0x00FA,64,0
20479,0x00FC,64,0
20479,0x0175,204,20
20479,0x0176,230,180
20479,0x0177,4,230
20479,0x0178,67,4
20479,0x01B9,192,128
20479,0x02FD,39,41
20479,0x0908,102,124
20479,0x090C,94,116
20479,0x0910,234,96
20479,0x0911,108,224
20479,0x0912,9,2
20479,0x0913,34,32
20479,0x0914,226,80
20479,0x0915,108,224
20479,0x0916,8,0
20479,0x0917,34,32
20479,0x0B26,186,187
20479,0x0B28,116,118
20479,0x0B86,186,187
20479,0x0B88,116,118
20479,0x0F99,186,187
20479,0x0F9D,186,187
20479,0x0FD1,186,187
20479,0x0FF0,186,187
20479,0x103B,2,0
20479,0x103C,10,8
20479,0x1091,102,124
20479,0x10A6,255,253
20479,0x10C0,200,0
20479,0x10D1,234,0
20479,0x10D2,0,1
20479,0x10E6,243,242
20479,0xFFFF,152,153
20481,0x0004,28,30
20481,0x0020,116,138
20481,0x0069,231,233
20481,0x006B,161,163
20481,0x007B,187,188
20481,0x00AD,120,122
20481,0x00CD,62,65
20481,0x00CE,115,121
20481,0x00CF,98,108
20481,0x00D0,79,93
20481,0x0175,20,204
20481,0x0176,180,230
20481,0x0177,230,4
20481,0x0178,4,67
20481,0x02FD,41,39
20481,0x0501,151,143
20481,0x0502,94,82
20481,0x0600,14,0
20481,0x0601,13,0
20481,0x0602,207,0
20481,0x0603,12,0
20481,0x0604,217,0
20481,0x0605,80,0
20481,0x0606,154,0
20481,0x0607,17,0
20481,0x0608,11,83
20481,0x0609,16,63
20481,0x060A,11,37
20481,0x060B,16,63
20481,0x060C,31,59
20481,0x060D,17,63
20481,0x060E,47,75
20481,0x060F,17,63
20481,0x0610,116,0
20481,0x0611,16,0
20481,0x0612,118,0
20481,0x0613,16,0
20481,0x0908,124,146
20481,0x090C,116,138
20481,0x0B22,46,47
20481,0x0B24,93,94
20481,0x0B26,187,188
20481,0x0B28,118,120
20481,0x0B82,46,47
20481,0x0B84,93,94
20481,0x0B86,187,188
20481,0x0B88,118,120
20481,0x0F99,187,188
20481,0x0F9D,187,188
20481,0x0FD1,187,188
20481,0x0FF0,187,188
20481,0x103C,8,6
20481,0x1091,124,146
20481,0x10A6,253,251
20483,0x0020,138,160
20483,0x0069,233,235
20483,0x006B,163,165
20483,0x007B,188,189
20483,0x0098,0,64
20483,0x009B,0,64
20483,0x009F,0,64
20483,0x00AD,122,124
20483,0x00CD,65,68
20483,0x00CE,121,127
20483,0x00CF,108,118
20483,0x00D0,93,107
20483,0x00FA,0,64
20483,0x00FC,0,64
20483,0x02FD,39,41
20483,0x0908,146,168
20483,0x090C,138,160
20483,0x0B26,188,189
20483,0x0B28,120,122
20483,0x0B86,188,189
20483,0x0B88,120,122
20483,0x0F99,188,189
20483,0x0F9D,188,189
20483,0x0FD1,188,189
20483,0x0FF0,188,189
20483,0x103C,6,4
20483,0x1091,146,168
20483,0x10A6,251,249
20485,0x0020,160,182
20485,0x0069,235,237
20485,0x006B,165,167
20485,0x007B,189,190
20485,0x0098,64,0
20485,0x009B,64,0
20485,0x009F,64,0
20485,0x00AD,124,126
20485,0x00CD,68,71
20485,0x00CE,127,133
20485,0x00CF,118,128
20485,0x00D0,107,121
20485,0x00FA,64,0
20485,0x00FC,64,0
20485,0x02FD,41,39
20485,0x0908,168,190
20485,0x090C,160,182
20485,0x0B24,94,95
20485,0x0B26,189,190
20485,0x0B28,122,124
20485,0x0B84,94,95
20485,0x0B86,189,190
20485,0x0B88,122,124
20485,0x0F99,189,190
20485,0x0F9D,189,190
20485,0x0FD1,189,190
20485,0x0FF0,189,190
20485,0x103C,4,2
20485,0x1091,168,190
20485,0x10A6,249,247
20487,0x0020,182,204
20487,0x0069,237,239
20487,0x006B,167,169
20487,0x007B,190,191
20487,0x00AD,126,128
20487,0x00CD,71,74
20487,0x00CE,133,139
20487,0x00CF,128,138
20487,0x00D0,121,135
20487,0x0908,190,212
20487,0x090C,182,204
20487,0x0B26,190,191
20487,0x0B28,124,126
20487,0x0B86,190,191
20487,0x0B88,124,126
20487,0x0F99,190,191
20487,0x0F9D,190,191
20487,0x0FD1,190,191
20487,0x0FF0,190,191
20487,0x103C,2,0
20487,0x1091,190,212
20487,0x10A6,247,245
20489,0x0000,175,208
20489,0x0001,230,229
20489,0x0004,30,32
20489,0x0020,204,94
20489,0x0069,239,241
20489,0x006B,169,171
20489,0x0072,48,50
20489,0x007B,191,192
20489,0x0098,0,64
20489,0x009B,0,64
20489,0x009F,0,64
20489,0x00AD,128,130
20489,0x00B7,4,6
20489,0x00CD,74,77
20489,0x00CE,139,145
20489,0x00CF,138,148
20489,0x00D0,135,149
20489,0x00FA,0,64
20489,0x00FC,0,64
20489,0x0178,67,54
20489,0x01B9,128,192
20489,0x0501,143,198
20489,0x0502,82,93
20489,0x0503,20,8
20489,0x0508,87,76
20489,0x0509,85,94
20489,0x050A,20,4
20489,0x050B,20,8
20489,0x050F,142,12
20489,0x0510,82,84
20489,0x0512,40,12
20489,0x0516,86,152
20489,0x0517,85,94
20489,0x0519,44,32
20489,0x051D,140,88
20489,0x051E,82,85
20489,0x0520,64,52
20489,0x0524,136,144
20489,0x0600,0,74
20489,0x0601,0,8
20489,0x0602,0,22
20489,0x0603,0,8
20489,0x0604,0,38
20489,0x0605,0,8
20489,0x0606,0,54
20489,0x0607,0,8
20489,0x0608,83,192
20489,0x0609,63,22
20489,0x060A,37,193
20489,0x060B,63,22
20489,0x060C,59,0
20489,0x060D,63,0
20489,0x060E,75,0
20489,0x060F,63,0
20489,0x0612,0,152
20489,0x0613,0,26
20489,0x0614,0,168
20489,0x0615,0,26
20489,0x0616,0,184
20489,0x0617,0,26
20489,0x0618,0,174
20489,0x0619,0,26
20489,0x061A,0,151
20489,0x061B,0,90
20489,0x0620,0,15
20489,0x0621,0,13
20489,0x0622,222,246
20489,0x0624,238,95
20489,0x0625,12,16
20489,0x0626,254,153
20489,0x0627,12,17
20489,0x0628,0,11
20489,0x0629,0,16
20489,0x062A,0,11
20489,0x062B,0,16
20489,0x062C,0,29
20489,0x062D,0,17
20489,0x062E,0,45
20489,0x062F,0,17
20489,0x0630,82,116
20489,0x0631,63,16
20489,0x0632,36,117
20489,0x0633,63,16
20489,0x0634,58,0
20489,0x0635,63,0
20489,0x0636,74,0
20489,0x0637,63,0
20489,0x063C,237,0
20489,0x063D,12,0
20489,0x063E,253,0
20489,0x063F,12,0
20489,0x0642,0,223
20489,0x0643,0,12
20489,0x0644,0,239
20489,0x0645,0,12
20489,0x0646,0,255
20489,0x0647,0,12
20489,0x0648,82,0
20489,0x0649,63,0
20489,0x064A,36,0
20489,0x064B,63,0
20489,0x064C,58,0
20489,0x064D,63,0
20489,0x064E,74,0
20489,0x064F,63,0
20489,0x0650,0,82
20489,0x0651,0,63
20489,0x0652,0,36
20489,0x0653,0,63
20489,0x0656,0,74
20489,0x0657,0,63
20489,0x0908,212,234
20489,0x090C,204,226
20489,0x0910,96,102
20489,0x0911,224,108
20489,0x0912,2,9
20489,0x0913,32,34
20489,0x0914,80,94
20489,0x0915,224,108
20489,0x0916,0,8
20489,0x0917,32,34
20489,0x0B22,47,48
20489,0x0B24,95,96
20489,0x0B26,191,192
20489,0x0B28,126,128
20489,0x0B82,47,48
20489,0x0B84,95,96
20489,0x0B86,191,192
20489,0x0B88,126,128
20489,0x0C10,36,37
20489,0x0C11,0,224
20489,0x0F99,191,192
20489,0x0F9D,191,192
20489,0x0FD1,191,192
20489,0x0FF0,191,192
20489,0x103B,0,2
20489,0x103C,0,10
20489,0x1091,212,234
20489,0x10A6,245,243
20489,0x10C0,0,200
20489,0x10D1,0,102
20489,0x10D2,1,0
20489,0x10E6,242,255
20491,0x0000,208,175
20491,0x0001,229,230
20491,0x0020,94,116
20491,0x0069,241,243
20491,0x006B,171,173
20491,0x0071,48,50
20491,0x007B,192,193
20491,0x0098,64,0
20491,0x009B,64,0
20491,0x009F,64,0
20491,0x00AD,130,132
20491,0x00B7,6,4
20491,0x00CD,77,80
20491,0x00CE,145,151
20491,0x00CF,148,158
20491,0x00D0,149,163
20491,0x00FA,64,0
20491,0x00FC,64,0
20491,0x0178,54,67
20491,0x02FD,39,41
20491,0x0908,234,124
20491,0x090C,226,116
20491,0x0910,102,96
20491,0x0911,108,224
20491,0x0912,9,2
20491,0x0913,34,32
20491,0x0914,94,80
20491,0x0915,108,224
20491,0x0916,8,0
20491,0x0917,34,32
20491,0x0B26,192,193
20491,0x0B28,128,130
20491,0x0B86,192,193
20491,0x0B88,128,130
20491,0x0F99,192,193
20491,0x0F9D,192,193
20491,0x0FD1,192,193
20491,0x0FF0,192,193
20491,0x103B,2,0
20491,0x103C,10,8
20491,0x1080,200,0
20491,0x1091,234,0
20491,0x1092,0,1
20491,0x10A6,243,242
20491,0x10D1,102,124
20491,0x10E6,255,253
20491,0xFFFF,153,154
20493,0x0020,116,138
20493,0x0069,243,245
20493,0x006B,173,175
20493,0x007B,193,194
20493,0x00AD,132,134
20493,0x00CD,80,83
20493,0x00CE,151,157
20493,0x00CF,158,168
20493,0x00D0,163,177
20493,0x02FD,41,39
20493,0x0908,124,146
20493,0x090C,116,138
20493,0x0B24,96,97
20493,0x0B26,193,194
20493,0x0B28,130,132
20493,0x0B84,96,97
20493,0x0B86,193,194
20493,0x0B88,130,132
20493,0x0F99,193,194
20493,0x0F9D,193,194
20493,0x0FD1,193,194
20493,0x0FF0,193,194
20493,0x103C,8,6
20493,0x10D1,124,146
20493,0x10E6,253,251
20495,0x0020,138,160
20495,0x0069,245,247
20495,0x006B,175,177
20495,0x007B,194,195
20495,0x0098,0,64
20495,0x009B,0,64
20495,0x009F,0,64
20495,0x00AD,134,136
20495,0x00CD,83,86
20495,0x00CE,157,163
20495,0x00CF,168,178
20495,0x00D0,177,191
20495,0x00FA,0,64
20495,0x00FC,0,64
20495,0x02FD,39,41
20495,0x0908,146,168
20495,0x090C,138,160
20495,0x0B26,194,195
20495,0x0B28,132,134
20495,0x0B86,194,195
20495,0x0B88,132,134
20495,0x0F99,194,195
20495,0x0F9D,194,195
20495,0x0FD1,194,195
20495,0x0FF0,194,195
20495,0x103C,6,4
20495,0x10D1,146,168
20495,0x10E6,251,249
20497,0x0004,32,34
20497,0x0020,160,182
20497,0x0069,247,249
20497,0x006B,177,179
20497,0x007B,195,196
20497,0x0098,64,0
20497,0x009B,64,0
20497,0x009F,64,0
20497,0x00AD,136,138
20497,0x00CD,86,89
20497,0x00CE,163,169
20497,0x00CF,178,188
20497,0x00D0,191,205
20497,0x00FA,64,0
20497,0x00FC,64,0
20497,0x0501,198,145
20497,0x0502,93,82
20497,0x0503,8,20
20497,0x0600,74,0
20497,0x0601,8,0
20497,0x0602,22,0
20497,0x0603,8,0
20497,0x0604,38,0
20497,0x0605,8,0
20497,0x0606,54,0
20497,0x0607,8,0
20497,0x0608,192,83
20497,0x0609,22,63
20497,0x060A,193,37
20497,0x060B,22,63
20497,0x060C,0,59
20497,0x060D,0,63
20497,0x060E,0,75
20497,0x060F,0,63
20497,0x0612,152,0
20497,0x0613,26,0
20497,0x0908,168,190
20497,0x090C,160,182
20497,0x0B22,48,49
20497,0x0B24,97,98
20497,0x0B26,195,196
20497,0x0B28,134,136
20497,0x0B82,48,49
20497,0x0B84,97,98
20497,0x0B86,195,196
20497,0x0B88,134,136
20497,0x0F99,195,196
20497,0x0F9D,195,196
20497,0x0FD1,195,196
20497,0x0FF0,195,196
20497,0x103C,4,2
20497,0x10D1,168,190
20497,0x10E6,249,247
20499,0x0020,182,204
20499,0x0069,249,251
20499,0x006B,179,181
20499,0x007B,196,197
20499,0x00AD,138,140
20499,0x00CD,89,92
20499,0x00CE,169,175
20499,0x00CF,188,198
20499,0x00D0,205,219
20499,0x0908,190,212
20499,0x090C,182,204
20499,0x0B26,196,197
20499,0x0B28,136,138
20499,0x0B86,196,197
20499,0x0B88,136,138
20499,0x0F99,196,197
20499,0x0F9D,196,197
20499,0x0FD1,196,197
20499,0x0FF0,196,197
20499,0x103C,2,0
20499,0x10D1,190,212
20499,0x10E6,247,245
20501,0x0020,204,226
20501,0x0069,251,253
20501,0x006B,181,183
20501,0x0072,50,52
20501,0x007B,197,198
20501,0x0098,0,64
20501,0x009B,0,64
20501,0x009F,0,64
20501,0x00AD,140,142
20501,0x00B7,4,6
20501,0x00CD,92,95
20501,0x00CE,175,181
20501,0x00CF,198,208
20501,0x00D0,219,233
20501,0x00FA,0,64
20501,0x00FC,0,64
20501,0x02FD,41,39
20501,0x0908,212,102
20501,0x090C,204,94
20501,0x0910,96,234
20501,0x0911,224,108
20501,0x0912,2,9
20501,0x0913,32,34
20501,0x0914,80,226
20501,0x0915,224,108
20501,0x0916,0,8
20501,0x0917,32,34
20501,0x0B24,98,99
20501,0x0B26,197,198
20501,0x0B28,138,140
20501,0x0B84,98,99
20501,0x0B86,197,198
20501,0x0B88,138,140
20501,0x0C12,36,37
20501,0x0C13,0,224
20501,0x0F99,197,198
20501,0x0F9D,197,198
20501,0x0FD1,197,198
20501,0x0FF0,197,198
20501,0x103B,0,2
20501,0x103C,0,10
20501,0x1080,0,200
20501,0x1091,0,102
20501,0x1092,1,0
20501,0x10A6,242,255
20501,0x10D1,212,234
20501,0x10E6,245,243
20503,0x0020,226,116
20503,0x0069,253,255
20503,0x006B,183,185
20503,0x0071,50,52
20503,0x007B,198,199
20503,0x0098,64,0
20503,0x009B,64,0
20503,0x009F,64,0
20503,0x00AD,142,144
20503,0x00B7,6,4
20503,0x00CD,95,98
20503,0x00CE,181,187
20503,0x00CF,208,218
20503,0x00D0,233,247
20503,0x00FA,64,0
20503,0x00FC,64,0
20503,0x0175,204,20
20503,0x0176,230,180
20503,0x0177,4,230
20503,0x0178,67,4
20503,0x01B9,192,128
20503,0x02FD,39,41
20503,0x0908,102,124
20503,0x090C,94,116
20503,0x0910,234,96
20503,0x0911,108,224
20503,0x0912,9,2
20503,0x0913,34,32
20503,0x0914,226,80
20503,0x0915,108,224
20503,0x0916,8,0
20503,0x0917,34,32
20503,0x0B26,198,199
20503,0x0B28,140,142
20503,0x0B86,198,199
20503,0x0B88,140,142
20503,0x0F99,198,199
20503,0x0F9D,198,199
20503,0x0FD1,198,199
20503,0x0FF0,198,199
20503,0x103B,2,0
20503,0x103C,10,8
20503,0x1091,102,124
20503,0x10A6,255,253
20503,0x10C0,200,0
20503,0x10D1,234,0
20503,0x10D2,0,1
20503,0x10E6,243,242
20503,0xFFFF,154,155
20505,0x0004,34,36
20505,0x0020,116,138
20505,0x0069,255,1
20505,0x006B,185,187
20505,0x007B,199,200
20505,0x00AD,144,146
20505,0x00CD,98,101
20505,0x00CE,187,193
20505,0x00CF,218,228
20505,0x00D0,247,5
20505,0x0175,20,204
20505,0x0176,180,230
20505,0x0177,230,4
20505,0x0178,4,67
20505,0x017D,52,53
20505,0x0501,145,153
20505,0x0502,82,94
20505,0x0508,76,89
20505,0x0509,94,85
20505,0x050A,4,20
20505,0x050B,8,20
20505,0x050F,12,146
20505,0x0510,84,82
20505,0x0512,12,40
20505,0x0600,0,248
20505,0x0601,0,12
20505,0x0602,0,247
20505,0x0603,0,12
20505,0x0604,0,217
20505,0x0605,0,16
20505,0x0606,0,154
20505,0x0607,0,17
20505,0x0608,83,11
20505,0x0609,63,16
20505,0x060A,37,11
20505,0x060B,63,16
20505,0x060C,59,30
20505,0x060D,63,17
20505,0x060E,75,46
20505,0x060F,63,17
20505,0x0610,0,116
20505,0x0611,0,16
20505,0x0612,0,118
20505,0x0613,0,16
20505,0x0614,168,0
20505,0x0615,26,0
20505,0x0616,184,0
20505,0x0617,26,0
20505,0x0618,174,0
20505,0x0619,26,0
20505,0x061A,151,0
20505,0x061B,90,0
20505,0x0620,15,0
20505,0x0621,13,0
20505,0x0622,246,0
20505,0x0623,12,13
20505,0x0624,95,1
20505,0x0625,16,13
20505,0x0626,153,2
20505,0x0627,17,13
20505,0x0628,11,0
20505,0x0629,16,0
20505,0x062A,11,0
20505,0x062B,16,0
20505,0x062C,29,0
20505,0x062D,17,0
20505,0x062E,45,0
20505,0x062F,17,0
20505,0x0630,116,82
20505,0x0631,16,63
20505,0x0632,117,36
20505,0x0633,16,63
20505,0x0634,0,58
20505,0x0635,0,63
20505,0x0908,124,146
20505,0x090C,116,138
20505,0x0B22,49,50
20505,0x0B24,99,100
20505,0x0B26,199,200
20505,0x0B28,142,144
20505,0x0B82,49,50
20505,0x0B84,99,100
20505,0x0B86,199,200
20505,0x0B88,142,144
20505,0x0F99,199,200
20505,0x0F9D,199,200
20505,0x0FD1,199,200
20505,0x0FF0,199,200
20505,0x103C,8,6
20505,0x1091,124,146
20505,0x10A6,253,251
20507,0x0020,138,160
20507,0x0069,1,3
20507,0x006B,187,189
20507,0x007B,200,201
20507,0x0098,0,64
20507,0x009B,0,64
20507,0x009F,0,64
20507,0x00AD,146,148
20507,0x00CD,101,104
20507,0x00CE,193,199
20507,0x00CF,228,238
20507,0x00D0,5,19
20507,0x00FA,0,64
20507,0x00FC,0,64
20507,0x017D,53,52
20507,0x02FD,41,39
20507,0x0908,146,168
20507,0x090C,138,160
20507,0x0B26,200,201
20507,0x0B28,144,146
20507,0x0B86,200,201
20507,0x0B88,144,146
20507,0x0F99,200,201
20507,0x0F9D,200,201
20507,0x0FD1,200,201
20507,0x0FF0,200,201
20507,0x103C,6,4
20507,0x1091,146,168
20507,0x10A6,251,249
20509,0x0020,160,182
20509,0x0069,3,5
20509,0x006B,189,191
20509,0x007B,201,202
20509,0x0098,64,0
20509,0x009B,64,0
20509,0x009F,64,0
20509,0x00AD,148,150
20509,0x00CD,104,107
20509,0x00CE,199,205
20509,0x00CF,238,248
20509,0x00D0,19,33
20509,0x00FA,64,0
20509,0x00FC,64,0
20509,0x02FD,39,41
20509,0x0908,168,190
20509,0x090C,160,182
20509,0x0B24,100,101
20509,0x0B26,201,202
20509,0x0B28,146,148
20509,0x0B84,100,101
20509,0x0B86,201,202
20509,0x0B88,146,148
20509,0x0F99,201,202
20509,0x0F9D,201,202
20509,0x0FD1,201,202
20509,0x0FF0,201,202
20509,0x103C,4,2
20509,0x1091,168,190
20509,0x10A6,249,247
20511,0x0020,182,204
20511,0x0069,5,7
20511,0x006B,191,193
20511,0x007B,202,203
20511,0x00AD,150,152
20511,0x00CD,107,110
20511,0x00CE,205,211
20511,0x00CF,248,2
20511,0x00D0,33,48
20511,0x0908,190,212
20511,0x090C,182,204
20511,0x0B26,202,203
20511,0x0B28,148,150
20511,0x0B86,202,203
20511,0x0B88,148,150
20511,0x0F99,202,203
20511,0x0F9D,202,203
20511,0x0FD1,202,203
20511,0x0FF0,202,203
20511,0x103C,2,0
20511,0x1091,190,212
20511,0x10A6,247,245
20513,0x0000,175,208
20513,0x0001,230,229
20513,0x0004,36,38
20513,0x0020,204,94
20513,0x0069,7,9
20513,0x006B,193,195
20513,0x0072,52,54
20513,0x007B,203,204
20513,0x0098,0,64
20513,0x009B,0,64
20513,0x009F,0,64
20513,0x00AD,152,154
20513,0x00B7,4,6
20513,0x00CD,110,113
20513,0x00CE,211,217
20513,0x00CF,2,12
20513,0x00D0,48,62
20513,0x00FA,0,64
20513,0x00FC,0,64
20513,0x0178,67,54
20513,0x01B9,128,192
20513,0x02FD,41,39
20513,0x0501,153,147
20513,0x0502,94,82
20513,0x0600,248,0
20513,0x0601,12,0
20513,0x0602,247,0
20513,0x0603,12,0
20513,0x0604,217,0
20513,0x0605,16,0
20513,0x0606,154,67
20513,0x0607,17,63
20513,0x0608,11,68
20513,0x0609,16,63
20513,0x060A,11,37
20513,0x060B,16,63
20513,0x060C,30,59
20513,0x060D,17,63
20513,0x060E,46,50
20513,0x060F,17,63
20513,0x0610,116,0
20513,0x0611,16,0
20513,0x0612,118,0
20513,0x0613,16,0
20513,0x0908,212,234
20513,0x090C,204,226
20513,0x0910,96,102
20513,0x0911,224,108
20513,0x0912,2,9
20513,0x0913,32,34
20513,0x0914,80,94
20513,0x0915,224,108
20513,0x0916,0,8
20513,0x0917,32,34
20513,0x0B22,50,51
20513,0x0B24,101,102
20513,0x0B26,203,204
20513,0x0B28,150,152
20513,0x0B82,50,51
20513,0x0B84,101,102
20513,0x0B86,203,204
20513,0x0B88,150,152
20513,0x0C14,36,37
20513,0x0C15,0,224
20513,0x0F99,203,204
20513,0x0F9D,203,204
20513,0x0FD1,203,204
20513,0x0FF0,203,204
20513,0x103B,0,2
20513,0x103C,0,10
20513,0x1091,212,234
20513,0x10A6,245,243
20513,0x10C0,0,200
20513,0x10D1,0,102
20513,0x10D2,1,0
20513,0x10E6,242,255
20515,0x0000,208,175
20515,0x0001,229,230
20515,0x0020,94,116
20515,0x0069,9,11
20515,0x006B,195,197
20515,0x0071,52,54
20515,0x007B,204,205
20515,0x0098,64,0
20515,0x009B,64,0
20515,0x009F,64,0
20515,0x00AD,154,156
20515,0x00B7,6,4
20515,0x00CD,113,116
20515,0x00CE,217,223
20515,0x00CF,12,22
20515,0x00D0,62,76
20515,0x00FA,64,0
20515,0x00FC,64,0
20515,0x0178,54,67
20515,0x0908,234,124
20515,0x090C,226,116
20515,0x0910,102,96
20515,0x0911,108,224
20515,0x0912,9,2
20515,0x0913,34,32
20515,0x0914,94,80
20515,0x0915,108,224
20515,0x0916,8,0
20515,0x0917,34,32
20515,0x0B26,204,205
20515,0x0B28,152,154
20515,0x0B86,204,205
20515,0x0B88,152,154
20515,0x0F99,204,205
20515,0x0F9D,204,205
20515,0x0FD1,204,205
20515,0x0FF0,204,205
20515,0x103B,2,0
20515,0x103C,10,8
20515,0x1080,200,0
20515,0x1091,234,0
20515,0x1092,0,1
20515,0x10A6,243,242
20515,0x10D1,102,124
20515,0x10E6,255,253
20515,0xFFFF,155,156
20517,0x0020,116,138
20517,0x0069,11,13
20517,0x006B,197,199
20517,0x007B,205,206
20517,0x00AD,156,158
20517,0x00CD,116,119
20517,0x00CE,223,229
20517,0x00CF,22,32
20517,0x00D0,76,90
20517,0x0908,124,146
20517,0x090C,116,138
20517,0x0B24,102,103
20517,0x0B26,205,206
20517,0x0B28,154,156
20517,0x0B84,102,103
20517,0x0B86,205,206
20517,0x0B88,154,156
20517,0x0F99,205,206
20517,0x0F9D,205,206
20517,0x0FD1,205,206
20517,0x0FF0,205,206
20517,0x103C,8,6
20517,0x10D1,124,146
20517,0x10E6,253,251
20519,0x0020,138,160
20519,0x0069,13,15
20519,0x006B,199,201
20519,0x007B,206,207
20519,0x0098,0,64
20519,0x009B,0,64
20519,0x009F,0,64
20519,0x00AD,158,160
20519,0x00CD,119,122
20519,0x00CE,229,235
20519,0x00CF,32,42
20519,0x00D0,90,104
20519,0x00FA,0,64
20519,0x00FC,0,64
20519,0x0908,146,168
20519,0x090C,138,160
20519,0x0B26,206,207
20519,0x0B28,156,158
20519,0x0B86,206,207
20519,0x0B88,156,158
20519,0x0F99,206,207
20519,0x0F9D,206,207
20519,0x0FD1,206,207
20519,0x0FF0,206,207
20519,0x103C,6,4
20519,0x10D1,146,168
20519,0x10E6,251,249
20521,0x0004,38,40
20521,0x0020,160,182
20521,0x0069,15,17
20521,0x006B,201,203
20521,0x007B,207,208
20521,0x0098,64,0
20521,0x009B,64,0
20521,0x009F,64,0
20521,0x00AD,160,162
20521,0x00CD,122,125
20521,0x00CE,235,241
20521,0x00CF,42,52
20521,0x00D0,104,118
20521,0x00FA,64,0
20521,0x00FC,64,0
20521,0x02FD,39,41
20521,0x0501,147,77
20521,0x0502,82,94
20521,0x0503,20,4
20521,0x0508,89,13
20521,0x0509,85,84
20521,0x050B,20,4
20521,0x050F,146,154
20521,0x0510,82,94
20521,0x0512,40,24
20521,0x0516,152,90
20521,0x0517,94,85
20521,0x0519,32,44
20521,0x051D,88,148
20521,0x051E,85,82
20521,0x0520,52,64
20521,0x0600,0,192
20521,0x0601,0,22
20521,0x0602,0,209
20521,0x0603,0,22
20521,0x0606,67,0
20521,0x0607,63,0
20521,0x0608,68,0
20521,0x0609,63,0
20521,0x060A,37,153
20521,0x060B,63,26
20521,0x060C,59,169
20521,0x060D,63,26
20521,0x060E,50,185
20521,0x060F,63,26
20521,0x0610,0,175
20521,0x0611,0,26
20521,0x0612,0,127
20521,0x0613,0,88
20521,0x0618,0,213
20521,0x0619,0,12
20521,0x061A,0,119
20521,0x061B,0,12
20521,0x061C,0,95
20521,0x061D,0,16
20521,0x061E,0,153
20521,0x061F,0,17
20521,0x0620,0,11
20521,0x0621,0,16
20521,0x0622,0,11
20521,0x0623,13,16
20521,0x0624,1,31
20521,0x0625,13,17
20521,0x0626,2,47
20521,0x0627,13,17
20521,0x0628,0,116
20521,0x0629,0,16
20521,0x062A,0,117
20521,0x062B,0,16
20521,0x0630,82,0
20521,0x0631,63,0
20521,0x0632,36,0
20521,0x0633,63,0
20521,0x0634,58,0
20521,0x0635,63,0
20521,0x0636,0,181
20521,0x0637,0,12
20521,0x0638,0,197
20521,0x0639,0,12
20521,0x063A,0,197
20521,0x063B,0,12
20521,0x063C,0,197
20521,0x063D,0,12
20521,0x063E,0,197
20521,0x063F,0,12
20521,0x0642,223,0
20521,0x0643,12,0
20521,0x0644,239,0
20521,0x0645,12,0
20521,0x0646,255,0
20521,0x0647,12,0
20521,0x0648,0,82
20521,0x0649,0,63
20521,0x064A,0,36
20521,0x064B,0,63
20521,0x064C,0,58
20521,0x064D,0,63
20521,0x064E,0,74
20521,0x064F,0,63
20521,0x0650,82,0
20521,0x0651,63,0
20521,0x0652,36,0
20521,0x0653,63,0
20521,0x0908,168,190
20521,0x090C,160,182
20521,0x0B22,51,52
20521,0x0B24,103,104
20521,0x0B26,207,208
20521,0x0B28,158,160
20521,0x0B82,51,52
20521,0x0B84,103,104
20521,0x0B86,207,208
20521,0x0B88,158,160
20521,0x0F99,207,208
20521,0x0F9D,207,208
20521,0x0FD1,207,208
20521,0x0FF0,207,208
20521,0x103C,4,2
20521,0x10D1,168,190
20521,0x10E6,249,247
20523,0x0020,182,204
20523,0x0069,17,19
20523,0x006B,203,205
20523,0x007B,208,209
20523,0x00AD,162,164
20523,0x00CD,125,128
20523,0x00CE,241,247
20523,0x00CF,52,62
20523,0x00D0,118,132
20523,0x017D,52,116
20523,0x0908,190,212
20523,0x090C,182,204
20523,0x0B26,208,209
20523,0x0B28,160,162
20523,0x0B86,208,209
20523,0x0B88,160,162
20523,0x0F99,208,209
20523,0x0F9D,208,209
20523,0x0FD1,208,209
20523,0x0FF0,208,209
20523,0x103C,2,0
20523,0x10D1,190,212
20523,0x10E6,247,245
20525,0x0020,204,226
20525,0x0069,19,21
20525,0x006B,205,207
20525,0x0072,54,56
20525,0x007B,209,210
20525,0x0098,0,64
20525,0x009B,0,64
20525,0x009F,0,64
20525,0x00AD,164,166
20525,0x00B7,4,6
20525,0x00CD,128,131
20525,0x00CE,247,253
20525,0x00CF,62,72
20525,0x00D0,132,146
20525,0x00FA,0,64
20525,0x00FC,0,64
20525,0x017D,116,52
20525,0x0908,212,102
20525,0x090C,204,94
20525,0x0910,96,234
20525,0x0911,224,108
20525,0x0912,2,9
20525,0x0913,32,34
20525,0x0914,80,226
20525,0x0915,224,108
20525,0x0916,0,8
20525,0x0917,32,34
20525,0x0B24,104,105
20525,0x0B26,209,210
20525,0x0B28,162,164
20525,0x0B84,104,105
20525,0x0B86,209,210
20525,0x0B88,162,164
20525,0x0C16,41,37
20525,0x0F99,209,210
20525,0x0F9D,209,210
20525,0x0FD1,209,210
20525,0x0FF0,209,210
20525,0x103B,0,2
20525,0x103C,0,10
20525,0x1080,0,200
20525,0x1091,0,102
20525,0x1092,1,0
20525,0x10A6,242,255
20525,0x10D1,212,234
20525,0x10E6,245,243
20527,0x0020,226,116
20527,0x0069,21,23
20527,0x006B,207,209
20527,0x0071,54,56
20527,0x007B,210,211
20527,0x0098,64,0
20527,0x009B,64,0
20527,0x009F,64,0
20527,0x00AD,166,168
20527,0x00B7,6,4
20527,0x00CD,131,134
20527,0x00CE,253,3
20527,0x00CF,72,83
20527,0x00D0,146,160
20527,0x00FA,64,0
20527,0x00FC,64,0
20527,0x0175,204,20
20527,0x0176,230,180
20527,0x0177,4,230
20527,0x0178,67,4
20527,0x01B9,192,128
20527,0x0908,102,124
20527,0x090C,94,116
20527,0x0910,234,96
20527,0x0911,108,224
20527,0x0912,9,2
20527,0x0913,34,32
20527,0x0914,226,80
20527,0x0915,108,224
20527,0x0916,8,0
20527,0x0917,34,32
20527,0x0B26,210,211
20527,0x0B28,164,166
20527,0x0B86,210,211
20527,0x0B88,164,166
20527,0x0F99,210,211
20527,0x0F9D,210,211
20527,0x0FD1,210,211
20527,0x0FF0,210,211
20527,0x103B,2,0
20527,0x103C,10,8
20527,0x1091,102,124
20527,0x10A6,255,253
20527,0x10C0,200,0
20527,0x10D1,234,0
20527,0x10D2,0,1
20527,0x10E6,243,242
20527,0xFFFF,156,157
20529,0x0004,40,42
20529,0x0020,116,138
20529,0x0069,23,25
20529,0x006B,209,211
20529,0x007B,211,212
20529,0x00AD,168,170
20529,0x00CD,134,137
20529,0x00CE,3,9
20529,0x00CF,83,93
20529,0x00D0,160,174
20529,0x0175,20,204
20529,0x0176,180,230
20529,0x0177,230,4
20529,0x0178,4,67
20529,0x02FD,41,39
20529,0x0501,77,149
20529,0x0502,94,82
20529,0x0503,4,20
20529,0x0600,192,0
20529,0x0601,22,0
20529,0x0602,209,0
20529,0x0603,22,0
20529,0x0608,0,83
20529,0x0609,0,63
20529,0x060A,153,37
20529,0x060B,26,63
20529,0x060C,169,59
20529,0x060D,26,63
20529,0x060E,185,75
20529,0x060F,26,63
20529,0x0610,175,0
20529,0x0611,26,0
20529,0x0612,127,0
20529,0x0613,88,0
20529,0x0908,124,146
20529,0x090C,116,138
20529,0x0B22,52,53
20529,0x0B24,105,106
20529,0x0B26,211,212
20529,0x0B28,166,168
20529,0x0B82,52,53
20529,0x0B84,105,106
20529,0x0B86,211,212
20529,0x0B88,166,168
20529,0x0F99,211,212
20529,0x0F9D,211,212
20529,0x0FD1,211,212
20529,0x0FF0,211,212
20529,0x103C,8,6
20529,0x1091,124,146
20529,0x10A6,253,251
20531,0x0020,138,160
20531,0x0069,25,27
20531,0x006B,211,213
20531,0x007B,212,213
20531,0x0098,0,64
20531,0x009B,0,64
20531,0x009F,0,64
20531,0x00AD,170,172
20531,0x00CD,137,140
20531,0x00CE,9,15
20531,0x00CF,93,103
20531,0x00D0,174,188
20531,0x00FA,0,64
20531,0x00FC,0,64
20531,0x02FD,39,41
20531,0x0908,146,168
20531,0x090C,138,160
20531,0x0B26,212,213
20531,0x0B28,168,170
20531,0x0B86,212,213
20531,0x0B88,168,170
20531,0x0F99,212,213
20531,0x0F9D,212,213
20531,0x0FD1,212,213
20531,0x0FF0,212,213
20531,0x103C,6,4
20531,0x1091,146,168
20531,0x10A6,251,249
20533,0x0020,160,182
20533,0x0069,27,29
20533,0x006B,213,215
20533,0x007B,213,214
20533,0x0098,64,0
20533,0x009B,64,0
20533,0x009F,64,0
20533,0x00AD,172,174
20533,0x00CD,140,143
20533,0x00CE,15,21
20533,0x00CF,103,113
20533,0x00D0,188,202
20533,0x00FA,64,0
20533,0x00FC,64,0
20533,0x0908,168,190
20533,0x090C,160,182
20533,0x0B24,106,107
20533,0x0B26,213,214
20533,0x0B28,170,172
20533,0x0B84,106,107
20533,0x0B86,213,214
20533,0x0B88,170,172
20533,0x0F99,213,214
20533,0x0F9D,213,214
20533,0x0FD1,213,214
20533,0x0FF0,213,214
20533,0x103C,4,2
20533,0x1091,168,190
20533,0x10A6,249,247
20535,0x0020,182,204
20535,0x0069,29,31
20535,0x006B,215,217
20535,0x007B,214,215
20535,0x00AD,174,176
20535,0x00CD,143,146
20535,0x00CE,21,27
20535,0x00CF,113,123
20535,0x00D0,202,216
20535,0x0908,190,212
20535,0x090C,182,204
20535,0x0B26,214,215
20535,0x0B28,172,174
20535,0x0B86,214,215
20535,0x0B88,172,174
20535,0x0F99,214,215
20535,0x0F9D,214,215
20535,0x0FD1,214,215
20535,0x0FF0,214,215
20535,0x103C,2,0
20535,0x1091,190,212
20535,0x10A6,247,245
20537,0x0000,175,208
20537,0x0001,230,229
20537,0x0004,42,44
20537,0x0020,204,94
20537,0x0069,31,33
20537,0x006B,217,219
20537,0x0072,56,58
20537,0x007B,215,216
20537,0x0098,0,64
20537,0x009B,0,64
20537,0x009F,0,64
20537,0x00AD,176,178
20537,0x00B7,4,6
20537,0x00CD,146,149
20537,0x00CE,27,33
20537,0x00CF,123,133
20537,0x00D0,216,230
20537,0x00FA,0,64
20537,0x00FC,0,64
20537,0x0178,67,54
20537,0x01B9,128,192
20537,0x0501,149,155
20537,0x0502,82,94
20537,0x0508,13,91
20537,0x0509,84,85
20537,0x050B,4,20
20537,0x050F,154,150
20537,0x0510,94,82
20537,0x0512,24,40
20537,0x0600,0,198
20537,0x0601,0,12
20537,0x0602,0,214
20537,0x0603,0,12
20537,0x0604,0,217
20537,0x0605,0,16
20537,0x0606,0,154
20537,0x0607,0,17
20537,0x0608,83,11
20537,0x0609,63,16
20537,0x060A,37,11
20537,0x060B,63,16
20537,0x060C,59,29
20537,0x060D,63,17
20537,0x060E,75,45
20537,0x060F,63,17
20537,0x0610,0,116
20537,0x0611,0,16
20537,0x0612,0,118
20537,0x0613,0,16
20537,0x0618,213,166
20537,0x061A,119,182
20537,0x061C,95,182
20537,0x061D,16,12
20537,0x061E,153,182
20537,0x061F,17,12
20537,0x0620,11,182
20537,0x0621,16,12
20537,0x0622,11,182
20537,0x0623,16,12
20537,0x0624,31,182
20537,0x0625,17,12
20537,0x0626,47,182
20537,0x0627,17,12
20537,0x0628,116,0
20537,0x0629,16,0
20537,0x062A,117,0
20537,0x062B,16,0
20537,0x0630,0,82
20537,0x0631,0,63
20537,0x0632,0,36
20537,0x0633,0,63
20537,0x0634,0,58
20537,0x0635,0,63
20537,0x0636,181,74
20537,0x0637,12,63
20537,0x0638,197,0
20537,0x0639,12,0
20537,0x063A,197,0
20537,0x063B,12,0
20537,0x0908,212,234
20537,0x090C,204,226
20537,0x0910,96,102
20537,0x0911,224,108
20537,0x0912,2,9
20537,0x0913,32,34
20537,0x0914,80,94
20537,0x0915,224,108
20537,0x0916,0,8
20537,0x0917,32,34
20537,0x0B22,53,54
20537,0x0B24,107,108
20537,0x0B26,215,216
20537,0x0B28,174,176
20537,0x0B82,53,54
20537,0x0B84,107,108
20537,0x0B86,215,216
20537,0x0B88,174,176
20537,0x0C18,44,37
20537,0x0C19,212,224
20537,0x0F99,215,216
20537,0x0F9D,215,216
20537,0x0FD1,215,216
20537,0x0FF0,215,216
20537,0x103B,0,2
20537,0x103C,0,10
20537,0x1091,212,234
20537,0x10A6,245,243
20537,0x10C0,0,200
20537,0x10D1,0,102
20537,0x10D2,1,0
20537,0x10E6,242,255
20539,0x0000,208,175
20539,0x0001,229,230
20539,0x0020,94,116
20539,0x0069,33,35
20539,0x006B,219,221
20539,0x0071,56,58
20539,0x007B,216,217
20539,0x0098,64,0
20539,0x009B,64,0
20539,0x009F,64,0
20539,0x00AD,178,180
20539,0x00B7,6,4
20539,0x00CD,149,152
20539,0x00CE,33,39
20539,0x00CF,133,143
20539,0x00D0,230,244
20539,0x00FA,64,0
20539,0x00FC,64,0
20539,0x0178,54,67
20539,0x0908,234,124
20539,0x090C,226,116
20539,0x0910,102,96
20539,0x0911,108,224
20539,0x0912,9,2
20539,0x0913,34,32
20539,0x0914,94,80
20539,0x0915,108,224
20539,0x0916,8,0
20539,0x0917,34,32
20539,0x0B26,216,217
20539,0x0B28,176,178
20539,0x0B86,216,217
20539,0x0B88,176,178
20539,0x0F99,216,217
20539,0x0F9D,216,217
20539,0x0FD1,216,217
20539,0x0FF0,216,217
20539,0x103B,2,0
20539,0x103C,10,8
20539,0x1080,200,0
20539,0x1091,234,0
20539,0x1092,0,1
20539,0x10A6,243,242
20539,0x10D1,102,124
20539,0x10E6,255,253
20539,0xFFFF,157,158
20541,0x0020,116,138
20541,0x0069,35,37
20541,0x006B,221,223
20541,0x007B,217,218
20541,0x00AD,180,182
20541,0x00CD,152,155
20541,0x00CE,39,45
20541,0x00CF,143,153
20541,0x00D0,244,2
20541,0x017D,52,53
20541,0x0908,124,146
20541,0x090C,116,138
20541,0x0B24,108,109
20541,0x0B26,217,218
20541,0x0B28,178,180
20541,0x0B84,108,109
20541,0x0B86,217,218
20541,0x0B88,178,180
20541,0x0F99,217,218
20541,0x0F9D,217,218
20541,0x0FD1,217,218
20541,0x0FF0,217,218
20541,0x103C,8,6
20541,0x10D1,124,146
20541,0x10E6,253,251
20543,0x0020,138,160
20543,0x0069,37,39
20543,0x006B,223,225
20543,0x007B,218,219
20543,0x0098,0,64
20543,0x009B,0,64
20543,0x009F,0,64
20543,0x00AD,182,184
20543,0x00CD,155,158
20543,0x00CE,45,51
20543,0x00CF,153,163
20543,0x00D0,2,16
20543,0x00FA,0,64
20543,0x00FC,0,64
20543,0x017D,53,52
20543,0x02FD,41,39
20543,0x0908,146,168
20543,0x090C,138,160
20543,0x0B26,218,219
20543,0x0B28,180,182
20543,0x0B86,218,219
20543,0x0B88,180,182
20543,0x0F99,218,219
20543,0x0F9D,218,219
20543,0x0FD1,218,219
20543,0x0FF0,218,219
20543,0x103C,6,4
20543,0x10D1,146,168
20543,0x10E6,251,249
20545,0x0004,44,46
20545,0x0020,160,182
20545,0x0069,39,41
20545,0x006B,225,227
20545,0x007B,219,220
20545,0x0098,64,0
20545,0x009B,64,0
20545,0x009F,64,0
20545,0x00AD,184,186
20545,0x00CD,158,161
20545,0x00CE,51,57
20545,0x00CF,163,173
20545,0x00D0,16,30
20545,0x00FA,64,0
20545,0x00FC,64,0
20545,0x02FD,39,41
20545,0x0501,155,151
20545,0x0502,94,82
20545,0x0600,198,0
20545,0x0601,12,0
20545,0x0602,214,0
20545,0x0603,12,0
20545,0x0604,217,0
20545,0x0605,16,0
20545,0x0606,154,0
20545,0x0607,17,0
20545,0x0608,11,68
20545,0x0609,16,63
20545,0x060A,11,37
20545,0x060B,16,63
20545,0x060C,29,59
20545,0x060D,17,63
20545,0x060E,45,75
20545,0x060F,17,63
20545,0x0610,116,0
20545,0x0611,16,0
20545,0x0612,118,0
20545,0x0613,16,0
20545,0x0908,168,190
20545,0x090C,160,182
20545,0x0B22,54,55
20545,0x0B24,109,110
20545,0x0B26,219,220
20545,0x0B28,182,184
20545,0x0B82,54,55
20545,0x0B84,109,110
20545,0x0B86,219,220
20545,0x0B88,182,184
20545,0x0F99,219,220
20545,0x0F9D,219,220
20545,0x0FD1,219,220
20545,0x0FF0,219,220
20545,0x103C,4,2
20545,0x10D1,168,190
20545,0x10E6,249,247
20547,0x0020,182,204
20547,0x0069,41,43
20547,0x006B,227,229
20547,0x007B,220,221
20547,0x00AD,186,188
20547,0x00CD,161,164
20547,0x00CE,57,63
20547,0x00CF,173,183
20547,0x00D0,30,44
20547,0x0908,190,212
20547,0x090C,182,204
20547,0x0B26,220,221
20547,0x0B28,184,186
20547,0x0B86,220,221
20547,0x0B88,184,186
20547,0x0F99,220,221
20547,0x0F9D,220,221
20547,0x0FD1,220,221
20547,0x0FF0,220,221
20547,0x103C,2,0
20547,0x10D1,190,212
20547,0x10E6,247,245
20549,0x0020,204,226
20549,0x0069,43,45
20549,0x006B,229,231
20549,0x0072,58,60
20549,0x007B,221,222
20549,0x0098,0,64
20549,0x009B,0,64
20549,0x009F,0,64
20549,0x00AD,188,190
20549,0x00B7,4,6
20549,0x00CD,164,167
20549,0x00CE,63,69
20549,0x00CF,183,193
20549,0x00D0,44,58
20549,0x00FA,0,64
20549,0x00FC,0,64
20549,0x0908,212,102
20549,0x090C,204,94
20549,0x0910,96,234
20549,0x0911,224,108
20549,0x0912,2,9
20549,0x0913,32,34
20549,0x0914,80,226
20549,0x0915,224,108
20549,0x0916,0,8
20549,0x0917,32,34
20549,0x0B24,110,111
20549,0x0B26,221,222
20549,0x0B28,186,188
20549,0x0B84,110,111
20549,0x0B86,221,222
20549,0x0B88,186,188
20549,0x0C1A,36,37
20549,0x0C1B,0,224
20549,0x0F99,221,222
20549,0x0F9D,221,222
20549,0x0FD1,221,222
20549,0x0FF0,221,222
20549,0x103B,0,2
20549,0x103C,0,10
20549,0x1080,0,200
20549,0x1091,0,102
20549,0x1092,1,0
20549,0x10A6,242,255
20549,0x10D1,212,234
20549,0x10E6,245,243
20551,0x0020,226,116
20551,0x0069,45,47
20551,0x006B,231,233
20551,0x0071,58,60
20551,0x007B,222,223
20551,0x0098,64,0
20551,0x009B,64,0
20551,0x009F,64,0
20551,0x00AD,190,192
20551,0x00B7,6,4
20551,0x00CD,167,170
20551,0x00CE,69,75
20551,0x00CF,193,203
20551,0x00D0,58,72
20551,0x00FA,64,0
20551,0x00FC,64,0
20551,0x0175,204,20
20551,0x0176,230,180
20551,0x0177,4,230
20551,0x0178,67,4
20551,0x01B9,192,128
20551,0x02FD,41,39
20551,0x0908,102,124
20551,0x090C,94,116
20551,0x0910,234,96
20551,0x0911,108,224
20551,0x0912,9,2
20551,0x0913,34,32
20551,0x0914,226,80
20551,0x0915,108,224
20551,0x0916,8,0
20551,0x0917,34,32
20551,0x0B26,222,223
20551,0x0B28,188,190
20551,0x0B86,222,223
20551,0x0B88,188,190
20551,0x0F99,222,223
20551,0x0F9D,222,223
20551,0x0FD1,222,223
20551,0x0FF0,222,223
20551,0x103B,2,0
20551,0x103C,10,8
20551,0x1091,102,124
20551,0x10A6,255,253
20551,0x10C0,200,0
20551,0x10D1,234,0
20551,0x10D2,0,1
20551,0x10E6,243,242
20551,0xFFFF,158,159
20553,0x0004,46,48
20553,0x0020,116,138
20553,0x0069,47,49
20553,0x006B,233,235
20553,0x007B,223,224
20553,0x00AD,192,194
20553,0x00CD,170,173
20553,0x00CE,75,81
20553,0x00CF,203,213
20553,0x00D0,72,86
20553,0x0175,20,204
20553,0x0176,180,230
20553,0x0177,230,4
20553,0x0178,4,67
20553,0x0501,151,199
20553,0x0502,82,93
20553,0x0503,20,8
20553,0x0508,91,78
20553,0x0509,85,94
20553,0x050A,20,4
20553,0x050B,20,8
20553,0x050F,150,14
20553,0x0510,82,84
20553,0x0512,40,12
20553,0x0516,90,156
20553,0x0517,85,94
20553,0x0519,44,32
20553,0x051D,148,92
20553,0x051E,82,85
20553,0x0520,64,52
20553,0x0524,144,152
20553,0x0600,0,75
20553,0x0601,0,8
20553,0x0602,0,23
20553,0x0603,0,8
20553,0x0604,0,39
20553,0x0605,0,8
20553,0x0606,0,55
20553,0x0607,0,8
20553,0x0608,68,116
20553,0x0609,63,16
20553,0x060A,37,117
20553,0x060B,63,16
20553,0x060C,59,0
20553,0x060D,63,0
20553,0x060E,75,0
20553,0x060F,63,0
20553,0x0612,0,154
20553,0x0613,0,26
20553,0x0614,0,170
20553,0x0615,0,26
20553,0x0616,0,186
20553,0x0617,0,26
20553,0x0618,166,176
20553,0x0619,12,26
20553,0x061A,182,109
20553,0x061B,12,88
20553,0x061C,182,0
20553,0x061D,12,0
20553,0x061E,182,0
20553,0x061F,12,0
20553,0x0620,182,186
20553,0x0622,182,202
20553,0x0624,182,95
20553,0x0625,12,80
20553,0x0626,182,11
20553,0x0627,12,16
20553,0x0628,0,11
20553,0x0629,0,16
20553,0x062A,0,11
20553,0x062B,0,16
20553,0x062C,0,30
20553,0x062D,0,17
20553,0x062E,0,46
20553,0x062F,0,17
20553,0x0630,82,116
20553,0x0631,63,16
20553,0x0632,36,117
20553,0x0633,63,16
20553,0x0634,58,0
20553,0x0635,63,0
20553,0x0636,74,0
20553,0x0637,63,0
20553,0x063C,197,0
20553,0x063D,12,0
20553,0x063E,197,149
20553,0x0640,0,154
20553,0x0641,0,12
20553,0x0642,0,154
20553,0x0643,0,12
20553,0x0644,0,154
20553,0x0645,0,12
20553,0x0646,0,170
20553,0x0647,0,12
20553,0x0648,82,0
20553,0x0649,63,0
20553,0x064A,36,0
20553,0x064B,63,0
20553,0x064C,58,0
20553,0x064D,63,0
20553,0x064E,74,0
20553,0x064F,63,0
20553,0x0650,0,82
20553,0x0651,0,63
20553,0x0652,0,36
20553,0x0653,0,63
20553,0x0908,124,146
20553,0x090C,116,138
20553,0x0B22,55,56
20553,0x0B24,111,112
20553,0x0B26,223,224
20553,0x0B28,190,192
20553,0x0B82,55,56
20553,0x0B84,111,112
20553,0x0B86,223,224
20553,0x0B88,190,192
20553,0x0F99,223,224
20553,0x0F9D,223,224
20553,0x0FD1,223,224
20553,0x0FF0,223,224
20553,0x103C,8,6
20553,0x1091,124,146
20553,0x10A6,253,251
20555,0x0020,138,160
20555,0x0069,49,51
20555,0x006B,235,237
20555,0x007B,224,225
20555,0x0098,0,64
20555,0x009B,0,64
20555,0x009F,0,64
20555,0x00AD,194,196
20555,0x00CD,173,176
20555,0x00CE,81,87
20555,0x00CF,213,223
20555,0x00D0,86,100
20555,0x00FA,0,64
20555,0x00FC,0,64
20555,0x0908,146,168
20555,0x090C,138,160
20555,0x0B26,224,225
20555,0x0B28,192,194
20555,0x0B86,224,225
20555,0x0B88,192,194
20555,0x0F99,224,225
20555,0x0F9D,224,225
20555,0x0FD1,224,225
20555,0x0FF0,224,225
20555,0x103C,6,4
20555,0x1091,146,168
20555,0x10A6,251,249
20557,0x0020,160,182
20557,0x0069,51,53
20557,0x006B,237,239
20557,0x007B,225,226
20557,0x0098,64,0
20557,0x009B,64,0
20557,0x009F,64,0
20557,0x00AD,196,198
20557,0x00CD,176,179
20557,0x00CE,87,93
20557,0x00CF,223,233
20557,0x00D0,100,114
20557,0x00FA,64,0
20557,0x00FC,64,0
20557,0x02FD,39,41
20557,0x0908,168,190
20557,0x090C,160,182
20557,0x0B24,112,113
20557,0x0B26,225,226
20557,0x0B28,194,196
20557,0x0B84,112,113
20557,0x0B86,225,226
20557,0x0B88,194,196
20557,0x0F99,225,226
20557,0x0F9D,225,226
20557,0x0FD1,225,226
20557,0x0FF0,225,226
20557,0x103C,4,2
20557,0x1091,168,190
20557,0x10A6,249,247
20559,0x0020,182,204
20559,0x0069,53,55
20559,0x006B,239,241
20559,0x007B,226,227
20559,0x00AD,198,200
20559,0x00CD,179,182
20559,0x00CE,93,99
20559,0x00CF,233,243
20559,0x00D0,114,128
20559,0x017D,52,116
20559,0x02FD,41,39
20559,0x0908,190,212
20559,0x090C,182,204
20559,0x0B26,226,227
20559,0x0B28,196,198
20559,0x0B86,226,227
20559,0x0B88,196,198
20559,0x0F99,226,227
20559,0x0F9D,226,227
20559,0x0FD1,226,227
20559,0x0FF0,226,227
20559,0x103C,2,0
20559,0x1091,190,212
20559,0x10A6,247,245
20561,0x0000,175,115
20561,0x0001,230,175
20561,0x0002,4,2
20561,0x0004,48,50
20561,0x0020,204,94
20561,0x0069,55,57
20561,0x006B,241,243
20561,0x0072,60,62
20561,0x007B,227,228
20561,0x0098,0,64
20561,0x009B,0,64
20561,0x009F,0,64
20561,0x00AD,200,202
20561,0x00B7,4,6
20561,0x00B8,16,0
20561,0x00B9,1,0
20561,0x00BA,64,0
20561,0x00BF,112,120
20561,0x00C2,6,7
20561,0x00CD,182,185
20561,0x00CE,99,105
20561,0x00CF,243,253
20561,0x00D0,128,142
20561,0x00FA,0,64
20561,0x00FC,0,64
20561,0x0178,67,54
20561,0x017D,116,52
20561,0x01B9,128,192
20561,0x02FD,39,41
20561,0x0501,199,153
20561,0x0502,93,82
20561,0x0503,8,20
20561,0x0600,75,0
20561,0x0601,8,0
20561,0x0602,23,0
20561,0x0603,8,0
20561,0x0604,39,62
20561,0x0605,8,63
20561,0x0606,55,63
20561,0x0607,8,63
20561,0x0608,116,84
20561,0x0609,16,63
20561,0x060A,117,38
20561,0x060B,16,63
20561,0x060C,0,60
20561,0x060D,0,63
20561,0x060E,0,76
20561,0x060F,0,63
20561,0x0610,0,88
20561,0x0611,0,63
20561,0x0612,154,88
20561,0x0613,26,63
20561,0x0908,212,234
20561,0x090C,204,226
20561,0x0910,96,102
20561,0x0911,224,108
20561,0x0912,2,9
20561,0x0913,32,34
20561,0x0914,80,94
20561,0x0915,224,108
20561,0x0916,0,8
20561,0x0917,32,34
20561,0x0B22,56,57
20561,0x0B24,113,114
20561,0x0B26,227,228
20561,0x0B28,198,200
20561,0x0B82,56,57
20561,0x0B84,113,114
20561,0x0B86,227,228
20561,0x0B88,198,200
20561,0x0C1C,36,37
20561,0x0C1D,0,224
20561,0x0D66,3,4
20561,0x0F99,227,228
20561,0x0F9D,227,228
20561,0x0FD1,227,228
20561,0x0FF0,227,228
20561,0x103B,0,2
20561,0x103C,0,10
20561,0x1091,212,234
20561,0x10A6,245,243
20561,0x10C0,0,200
20561,0x10D1,0,102
20561,0x10D2,1,0
20561,0x10E6,242,255
20561,0x16C0,0,128
20561,0x16C1,192,165
20561,0x16C2,252,175
20561,0x16C3,4,2
20561,0x16EF,5,6
20561,0x16F0,0,128
20561,0x16F1,0,4
20561,0x16F8,47,1
20563,0x0000,115,74
20563,0x0001,175,176
20563,0x0020,94,14
20563,0x0022,108,56
20563,0x0024,8,0
20563,0x0026,34,103
20563,0x0028,34,38
20563,0x002A,0,12
20563,0x0069,57,59
20563,0x006B,243,245
20563,0x0071,60,62
20563,0x007B,228,229
20563,0x0098,64,0
20563,0x009B,64,0
20563,0x009F,64,0
20563,0x00AD,202,204
20563,0x00B8,0,16
20563,0x00B9,0,1
20563,0x00BA,0,64
20563,0x00CA,0,1
20563,0x00CD,185,188
20563,0x00CE,105,111
20563,0x00CF,253,7
20563,0x00D0,142,157
20563,0x00FA,64,0
20563,0x00FC,64,0
20563,0x0172,144,36
20563,0x0173,229,52
20563,0x0174,52,178
20563,0x0175,204,52
20563,0x0176,230,107
20563,0x0177,4,176
20563,0x0178,54,52
20563,0x01B9,192,0
20563,0x01BA,16,23
20563,0x02FD,41,39
20563,0x0874,86,222
20563,0x0875,1,42
20563,0x0876,222,86
20563,0x0877,42,1
20563,0x0894,14,22
20563,0x0895,58,91
20563,0x0896,22,14
20563,0x0897,91,58
20563,0x0908,234,124
20563,0x090C,226,116
20563,0x0910,102,254
20563,0x0911,108,56
20563,0x0912,9,2
20563,0x0913,34,103
20563,0x0914,94,14
20563,0x0915,108,56
20563,0x0916,8,0
20563,0x0917,34,103
20563,0x0B01,0,14
20563,0x0B26,228,229
20563,0x0B28,200,202
20563,0x0B86,228,229
20563,0x0B88,200,202
20563,0x0F99,228,229
20563,0x0F9D,228,229
20563,0x0FD1,228,229
20563,0x0FF0,228,229
20563,0x103B,2,0
20563,0x103C,10,8
20563,0x1080,200,0
20563,0x1091,234,0
20563,0x1092,0,1
20563,0x10A6,243,242
20563,0x10D1,102,124
20563,0x10E6,255,253
20563,0x16F1,4,3
20563,0x16F8,1,21
20563,0x1700,0,200
20563,0x1701,192,74
20563,0x1702,252,176
20563,0x1703,4,2
20563,0x1708,255,3
20563,0x1710,236,52
20563,0x1711,188,14
20563,0x1712,0,1
20563,0x1713,233,0
20563,0x1714,104,64
20563,0x1719,27,0
20563,0x171A,3,0
20563,0x1720,146,154
20563,0x1722,213,220
20563,0x1723,11,8
20563,0x1724,227,222
20563,0x1725,11,8
20563,0x1726,251,254
20563,0x1727,2,6
20563,0x1728,128,0
20563,0x1729,0,1
20563,0x172A,164,238
20563,0x172C,76,124
20563,0x172D,42,12
20563,0x172F,5,6
20563,0x1730,0,128
20563,0x1735,153,191
20563,0x1738,51,18
20563,0x1739,2,6
20563,0x173A,103,95
20563,0xFFFF,159,160
20565,0x0020,14,10
20565,0x0069,59,61
20565,0x006B,245,247
20565,0x007B,229,230
20565,0x00AD,204,206
20565,0x00CD,188,191
20565,0x00CE,111,117
20565,0x00CF,7,17
20565,0x00D0,157,171
20565,0x0174,178,52
20565,0x02FD,39,41
20565,0x0874,222,86
20565,0x0875,42,1
20565,0x0876,86,222
20565,0x0877,1,42
20565,0x0894,22,14
20565,0x0895,91,58
20565,0x0896,14,22
20565,0x0897,58,91
20565,0x0908,124,146
20565,0x090C,116,138
20565,0x0910,254,250
20565,0x0914,14,10
20565,0x0B24,114,115
20565,0x0B26,229,230
20565,0x0B28,202,204
20565,0x0B84,114,115
20565,0x0B86,229,230
20565,0x0B88,202,204
20565,0x0F99,229,230
20565,0x0F9D,229,230
20565,0x0FD1,229,230
20565,0x0FF0,229,230
20565,0x103C,8,6
20565,0x10D1,124,146
20565,0x10E6,253,251
20565,0x16F8,21,19
20565,0x1710,52,156
20565,0x1711,14,10
20565,0x1726,254,252
20565,0x1735,191,189
20565,0x1738,18,16
20567,0x0020,10,7
20567,0x0069,61,63
20567,0x006B,247,249
20567,0x007B,230,231
20567,0x0098,0,64
20567,0x009B,0,64
20567,0x009F,0,64
20567,0x00AD,206,208
20567,0x00CD,191,194
20567,0x00CE,117,123
20567,0x00CF,17,27
20567,0x00D0,171,185
20567,0x00FA,0,64
20567,0x00FC,0,64
20567,0x0874,86,222
20567,0x0875,1,42
20567,0x0876,222,86
20567,0x0877,42,1
20567,0x0894,14,22
20567,0x0895,58,91
20567,0x0896,22,14
20567,0x0897,91,58
20567,0x0908,146,168
20567,0x090C,138,160
20567,0x0910,250,247
20567,0x0914,10,7
20567,0x0B26,230,231
20567,0x0B28,204,206
20567,0x0B86,230,231
20567,0x0B88,204,206
20567,0x0F99,230,231
20567,0x0F9D,230,231
20567,0x0FD1,230,231
20567,0x0FF0,230,231
20567,0x103C,6,4
20567,0x10D1,146,168
20567,0x10E6,251,249
20567,0x16F8,19,17
20567,0x1710,156,4
20567,0x1711,10,7
20567,0x1726,252,250
20567,0x1735,189,187
20567,0x1738,16,14
20569,0x0004,50,52
20569,0x0020,7,3
20569,0x0069,63,65
20569,0x006B,249,251
20569,0x007B,231,232
20569,0x0098,64,0
20569,0x009B,64,0
20569,0x009F,64,0
20569,0x00AD,208,210
20569,0x00CD,194,197
20569,0x00CE,123,129
20569,0x00CF,27,37
20569,0x00D0,185,199
20569,0x00FA,64,0
20569,0x00FC,64,0
20569,0x02FD,41,39
20569,0x0501,153,157
20569,0x0502,82,94
20569,0x0508,78,93
20569,0x0509,94,85
20569,0x050A,4,20
20569,0x050B,8,20
20569,0x050F,14,154
20569,0x0510,84,82
20569,0x0512,12,40
20569,0x0600,0,187
20569,0x0601,0,12
20569,0x0602,0,203
20569,0x0603,0,12
20569,0x0604,62,217
20569,0x0605,63,80
20569,0x0606,63,154
20569,0x0607,63,17
20569,0x0608,84,11
20569,0x0609,63,16
20569,0x060A,38,11
20569,0x060B,63,16
20569,0x060C,60,36
20569,0x060D,63,17
20569,0x060E,76,37
20569,0x060F,63,17
20569,0x0610,88,116
20569,0x0611,63,16
20569,0x0612,88,118
20569,0x0613,63,16
20569,0x0614,170,0
20569,0x0615,26,0
20569,0x0616,186,0
20569,0x0617,26,0
20569,0x0618,176,0
20569,0x0619,26,0
20569,0x061A,109,0
20569,0x061B,88,0
20569,0x061E,0,150
20569,0x061F,0,12
20569,0x0620,186,155
20569,0x0622,202,155
20569,0x0624,95,161
20569,0x0625,80,12
20569,0x0626,11,171
20569,0x0627,16,12
20569,0x0628,11,0
20569,0x0629,16,0
20569,0x062A,11,0
20569,0x062B,16,0
20569,0x062C,30,48
20569,0x062D,17,63
20569,0x062E,46,64
20569,0x062F,17,63
20569,0x0630,116,80
20569,0x0631,16,63
20569,0x0632,117,34
20569,0x0633,16,63
20569,0x0634,0,56
20569,0x0635,0,63
20569,0x0636,0,72
20569,0x0637,0,63
20569,0x0638,0,56
20569,0x0639,0,63
20569,0x063A,0,72
20569,0x063B,0,63
20569,0x0874,222,86
20569,0x0875,42,1
20569,0x0876,86,222
20569,0x0877,1,42
20569,0x0894,22,14
20569,0x0895,91,58
20569,0x0896,14,22
20569,0x0897,58,91
20569,0x0908,168,190
20569,0x090C,160,182
20569,0x0910,247,243
20569,0x0914,7,3
20569,0x0B22,57,58
20569,0x0B24,115,116
20569,0x0B26,231,232
20569,0x0B28,206,208
20569,0x0B82,57,58
20569,0x0B84,115,116
20569,0x0B86,231,232
20569,0x0B88,206,208
20569,0x0F99,231,232
20569,0x0F9D,231,232
20569,0x0FD1,231,232
20569,0x0FF0,231,232
20569,0x103C,4,2
20569,0x10D1,168,190
20569,0x10E6,249,247
20569,0x16F8,17,15
20569,0x1710,4,108
20569,0x1711,7,3
20569,0x1726,250,248
20569,0x1735,187,185
20569,0x1738,14,12
20571,0x0020,3,255
20571,0x002A,12,8
20571,0x0069,65,67
20571,0x006B,251,253
20571,0x007B,232,233
20571,0x00AD,210,212
20571,0x00CD,197,200
20571,0x00CE,129,135
20571,0x00CF,37,47
20571,0x00D0,199,213
20571,0x02FD,39,41
20571,0x0874,86,222
20571,0x0875,1,42
20571,0x0876,222,86
20571,0x0877,42,1
20571,0x0894,14,22
20571,0x0895,58,91
20571,0x0896,22,14
20571,0x0897,91,58
20571,0x0908,190,212
20571,0x090C,182,204
20571,0x0910,243,239
20571,0x0914,3,255
20571,0x0B01,14,10
20571,0x0B26,232,233
20571,0x0B28,208,210
20571,0x0B86,232,233
20571,0x0B88,208,210
20571,0x0F99,232,233
20571,0x0F9D,232,233
20571,0x0FD1,232,233
20571,0x0FF0,232,233
20571,0x103C,2,0
20571,0x10D1,190,212
20571,0x10E6,247,245
20571,0x16F8,15,13
20571,0x1710,108,212
20571,0x1711,3,255
20571,0x1712,1,0
20571,0x1726,248,246
20571,0x1735,185,183
20571,0x1738,12,10
20573,0x0020,255,252
20573,0x002A,8,128
20573,0x0069,67,69
20573,0x006B,253,255
20573,0x0072,62,64
20573,0x007B,233,234
20573,0x0098,0,64
20573,0x009B,0,64
20573,0x009F,0,64
20573,0x00AD,212,214
20573,0x00B7,6,8
20573,0x00CD,200,203
20573,0x00CE,135,141
20573,0x00CF,47,57
20573,0x00D0,213,227
20573,0x00FA,0,64
20573,0x00FC,0,64
20573,0x0172,36,144
20573,0x0173,52,229
20573,0x02FD,41,39
20573,0x0874,222,86
20573,0x0875,42,1
20573,0x0876,86,222
20573,0x0877,1,42
20573,0x0894,22,14
20573,0x0895,91,58
20573,0x0896,14,22
20573,0x0897,58,91
20573,0x0908,212,102
20573,0x090C,204,94
20573,0x0910,239,234
20573,0x0911,56,108
20573,0x0912,2,9
20573,0x0913,103,34
20573,0x0914,255,226
20573,0x0915,56,108
20573,0x0916,0,8
20573,0x0917,103,34
20573,0x0918,96,236
20573,0x0919,224,56
20573,0x091B,32,103
20573,0x091C,80,252
20573,0x091D,224,56
20573,0x091F,32,103
20573,0x0B01,10,160
20573,0x0B24,116,117
20573,0x0B26,233,234
20573,0x0B28,210,212
20573,0x0B84,116,117
20573,0x0B86,233,234
20573,0x0B88,210,212
20573,0x0C1E,36,37
20573,0x0C1F,0,224
20573,0x0F99,233,234
20573,0x0F9D,233,234
20573,0x0FD1,233,234
20573,0x0FF0,233,234
20573,0x103B,0,2
20573,0x103C,0,10
20573,0x1080,0,200
20573,0x1091,0,102
20573,0x1092,1,0
20573,0x10A6,242,255
20573,0x10D1,212,234
20573,0x10E6,245,243
20573,0x16F8,13,11
20573,0x1710,212,60
20573,0x1711,255,252
20573,0x1726,246,244
20573,0x1735,183,181
20573,0x1738,10,8
20575,0x0020,252,248
20575,0x002A,128,8
20575,0x0069,69,71
20575,0x006B,255,1
20575,0x0071,62,64
20575,0x007B,234,235
20575,0x0098,64,0
20575,0x009B,64,0
20575,0x009F,64,0
20575,0x00AD,214,216
20575,0x00B7,8,6
20575,0x00CD,203,206
20575,0x00CE,141,147
20575,0x00CF,57,67
20575,0x00D0,227,241
20575,0x00FA,64,0
20575,0x00FC,64,0
20575,0x0874,86,222
20575,0x0875,1,42
20575,0x0876,222,86
20575,0x0877,42,1
20575,0x0894,14,22
20575,0x0895,58,91
20575,0x0896,22,14
20575,0x0897,91,58
20575,0x0908,102,124
20575,0x090C,94,116
20575,0x0910,234,232
20575,0x0911,108,56
20575,0x0912,9,2
20575,0x0913,34,103
20575,0x0914,226,248
20575,0x0915,108,56
20575,0x0916,8,0
20575,0x0917,34,103
20575,0x0918,236,96
20575,0x0919,56,224
20575,0x091B,103,32
20575,0x091C,252,80
20575,0x091D,56,224
20575,0x091F,103,32
20575,0x0B01,160,10
20575,0x0B26,234,235
20575,0x0B28,212,214
20575,0x0B86,234,235
20575,0x0B88,212,214
20575,0x0F99,234,235
20575,0x0F9D,234,235
20575,0x0FD1,234,235
20575,0x0FF0,234,235
20575,0x103B,2,0
20575,0x103C,10,8
20575,0x1091,102,124
20575,0x10A6,255,253
20575,0x10C0,200,0
20575,0x10D1,234,0
20575,0x10D2,0,1
20575,0x10E6,243,242
20575,0x16F8,11,9
20575,0x1710,60,164
20575,0x1711,252,248
20575,0x1726,244,242
20575,0x1735,181,179
20575,0x1738,8,6
20575,0xFFFF,160,161
20577,0x0004,52,54
20577,0x0020,248,245
20577,0x0069,71,73
20577,0x006B,1,3
20577,0x007B,235,236
20577,0x00AD,216,218
20577,0x00CD,206,209
20577,0x00CE,147,153
20577,0x00CF,67,77
20577,0x00D0,241,255
20577,0x0501,157,155
20577,0x0502,94,82
20577,0x0600,187,0
20577,0x0601,12,0
20577,0x0602,203,0
20577,0x0603,12,0
20577,0x0604,217,49
20577,0x0605,80,63
20577,0x0606,154,65
20577,0x0607,17,63
20577,0x0608,11,81
20577,0x0609,16,63
20577,0x060A,11,35
20577,0x060B,16,63
20577,0x060C,36,57
20577,0x060D,17,63
20577,0x060E,37,73
20577,0x060F,17,63
20577,0x0610,116,57
20577,0x0611,16,63
20577,0x0612,118,73
20577,0x0613,16,63
20577,0x0874,222,86
20577,0x0875,42,1
20577,0x0876,86,222
20577,0x0877,1,42
20577,0x0894,22,14
20577,0x0895,91,58
20577,0x0896,14,22
20577,0x0897,58,91
20577,0x0908,124,146
20577,0x090C,116,138
20577,0x0910,232,229
20577,0x0914,248,245
20577,0x0B22,58,59
20577,0x0B24,117,118
20577,0x0B26,235,236
20577,0x0B28,214,216
20577,0x0B82,58,59
20577,0x0B84,117,118
20577,0x0B86,235,236
20577,0x0B88,214,216
20577,0x0F99,235,236
20577,0x0F9D,235,236
20577,0x0FD1,235,236
20577,0x0FF0,235,236
20577,0x103C,8,6
20577,0x1091,124,146
20577,0x10A6,253,251
20577,0x16F8,9,7
20577,0x1710,164,12
20577,0x1711,248,245
20577,0x1726,242,240
20577,0x1735,179,177
20577,0x1738,6,4
20579,0x0020,245,241
20579,0x0069,73,75
20579,0x006B,3,5
20579,0x007B,236,237
20579,0x0098,0,64
20579,0x009B,0,64
20579,0x009F,0,64
20579,0x00AD,218,220
20579,0x00CD,209,212
20579,0x00CE,153,159
20579,0x00CF,77,87
20579,0x00D0,255,13
20579,0x00FA,0,64
20579,0x00FC,0,64
20579,0x0874,86,222
20579,0x0875,1,42
20579,0x0876,222,86
20579,0x0877,42,1
20579,0x0894,14,22
20579,0x0895,58,91
20579,0x0896,22,14
20579,0x0897,91,58
20579,0x0908,146,168
20579,0x090C,138,160
20579,0x0910,229,225
20579,0x0914,245,241
20579,0x0B26,236,237
20579,0x0B28,216,218
20579,0x0B86,236,237
20579,0x0B88,216,218
20579,0x0F99,236,237
20579,0x0F9D,236,237
20579,0x0FD1,236,237
20579,0x0FF0,236,237
20579,0x103C,6,4
20579,0x1091,146,168
20579,0x10A6,251,249
20579,0x16F8,7,5
20579,0x1710,12,116
20579,0x1711,245,241
20579,0x1726,240,238
20579,0x1735,177,175
20579,0x1738,4,2
20581,0x0020,241,237
20581,0x0069,75,77
20581,0x006B,5,7
20581,0x007B,237,238
20581,0x0098,64,0
20581,0x009B,64,0
20581,0x009F,64,0
20581,0x00AD,220,222
20581,0x00CD,212,215
20581,0x00CE,159,165
20581,0x00CF,87,97
20581,0x00D0,13,27
20581,0x00FA,64,0
20581,0x00FC,64,0
20581,0x0172,144,52
20581,0x0173,229,173
20581,0x0174,52,178
20581,0x02FD,39,41
20581,0x0874,222,86
20581,0x0875,42,1
20581,0x0876,86,222
20581,0x0877,1,42
20581,0x0894,22,14
20581,0x0895,91,58
20581,0x0896,14,22
20581,0x0897,58,91
20581,0x0908,168,190
20581,0x090C,160,182
20581,0x0910,225,221
20581,0x0914,241,237
20581,0x0B24,118,119
20581,0x0B26,237,238
20581,0x0B28,218,220
20581,0x0B84,118,119
20581,0x0B86,237,238
20581,0x0B88,218,220
20581,0x0F99,237,238
20581,0x0F9D,237,238
20581,0x0FD1,237,238
20581,0x0FF0,237,238
20581,0x103C,4,2
20581,0x1091,168,190
20581,0x10A6,249,247
20581,0x16F8,5,3
20581,0x1710,116,220
20581,0x1711,241,237
20581,0x1713,0,47
20581,0x1719,0,47
20581,0x171D,239,47
20581,0x1726,238,236
20581,0x1735,175,173
20581,0x1738,2,18
20581,0x1739,6,2
20581,0x173A,95,99
20583,0x0020,237,234
20583,0x0022,56,57
20583,0x0069,77,79
20583,0x006B,7,9
20583,0x007B,238,239
20583,0x00AD,222,224
20583,0x00CD,215,218
20583,0x00CE,165,171
20583,0x00CF,97,107
20583,0x00D0,27,41
20583,0x0874,86,222
20583,0x0875,1,42
20583,0x0876,222,86
20583,0x0877,42,1
20583,0x0894,14,22
20583,0x0895,58,91
20583,0x0896,22,14
20583,0x0897,91,58
20583,0x0908,190,212
20583,0x090C,182,204
20583,0x0910,221,218
20583,0x0911,56,57
20583,0x0914,237,234
20583,0x0915,56,57
20583,0x0B26,238,239
20583,0x0B28,220,222
20583,0x0B86,238,239
20583,0x0B88,220,222
20583,0x0F99,238,239
20583,0x0F9D,238,239
20583,0x0FD1,238,239
20583,0x0FF0,238,239
20583,0x103C,2,0
20583,0x1091,190,212
20583,0x10A6,247,245
20583,0x16F8,3,1
20583,0x1710,220,68
20583,0x1711,237,234
20583,0x1713,47,26
20583,0x1714,64,65
20583,0x1719,47,141
20583,0x1726,236,234
20583,0x1735,173,171
20583,0x1738,18,16
20585,0x0004,54,56
20585,0x0020,234,14
20585,0x0022,57,56
20585,0x002A,8,12
20585,0x0069,79,81
20585,0x006B,9,11
20585,0x0072,64,66
20585,0x007B,239,240
20585,0x0098,0,64
20585,0x009B,0,64
20585,0x009F,0,64
20585,0x00AD,224,226
20585,0x00B7,6,10
20585,0x00CA,1,2
20585,0x00CD,218,221
20585,0x00CE,171,177
20585,0x00CF,107,117
20585,0x00D0,41,55
20585,0x00FA,0,64
20585,0x00FC,0,64
20585,0x0172,52,36
20585,0x0173,173,52
20585,0x01B9,0,64
20585,0x0501,155,79
20585,0x0502,82,94
20585,0x0503,20,4
20585,0x0508,93,15
20585,0x0509,85,84
20585,0x050B,20,4
20585,0x050F,154,158
20585,0x0510,82,94
20585,0x0512,40,24
20585,0x0516,156,94
20585,0x0517,94,85
20585,0x0519,32,44
20585,0x051D,92,156
20585,0x051E,85,82
20585,0x0520,52,64
20585,0x0600,0,116
20585,0x0601,0,16
20585,0x0602,0,118
20585,0x0603,0,16
20585,0x0604,49,0
20585,0x0605,63,0
20585,0x0606,65,0
20585,0x0607,63,0
20585,0x0608,81,0
20585,0x0609,63,0
20585,0x060A,35,155
20585,0x060B,63,26
20585,0x060C,57,171
20585,0x060D,63,26
20585,0x060E,73,187
20585,0x060F,63,26
20585,0x0610,57,191
20585,0x0611,63,26
20585,0x0612,73,108
20585,0x0613,63,88
20585,0x0618,0,188
20585,0x0619,0,12
20585,0x061A,0,204
20585,0x061B,0,12
20585,0x061C,0,95
20585,0x061D,0,16
20585,0x061E,150,11
20585,0x061F,12,16
20585,0x0620,155,11
20585,0x0621,12,16
20585,0x0622,155,11
20585,0x0623,12,16
20585,0x0624,161,11
20585,0x0625,12,16
20585,0x0626,171,95
20585,0x0627,12,144
20585,0x0628,0,116
20585,0x0629,0,16
20585,0x062A,0,117
20585,0x062B,0,16
20585,0x062C,48,0
20585,0x062D,63,0
20585,0x062E,64,0
20585,0x062F,63,0
20585,0x0630,80,0
20585,0x0631,63,0
20585,0x0632,34,0
20585,0x0633,63,0
20585,0x0634,56,146
20585,0x0635,63,12
20585,0x0636,72,151
20585,0x0637,63,12
20585,0x0638,56,156
20585,0x0639,63,12
20585,0x063A,72,156
20585,0x063B,63,12
20585,0x063C,0,162
20585,0x063D,0,12
20585,0x063E,149,172
20585,0x0640,154,0
20585,0x0641,12,0
20585,0x0642,154,0
20585,0x0643,12,0
20585,0x0644,154,0
20585,0x0645,12,0
20585,0x0646,170,0
20585,0x0647,12,0
20585,0x0648,0,82
20585,0x0649,0,63
20585,0x064A,0,36
20585,0x064B,0,63
20585,0x064C,0,58
20585,0x064D,0,63
20585,0x064E,0,74
20585,0x064F,0,63
20585,0x0650,82,0
20585,0x0651,63,0
20585,0x0652,36,0
20585,0x0653,63,0
20585,0x0874,222,86
20585,0x0875,42,1
20585,0x0876,86,222
20585,0x0877,1,42
20585,0x0894,22,14
20585,0x0895,91,58
20585,0x0896,14,22
20585,0x0897,58,91
20585,0x0908,212,234
20585,0x090C,204,226
20585,0x0910,218,102
20585,0x0911,57,108
20585,0x0912,2,9
20585,0x0913,103,34
20585,0x0914,234,94
20585,0x0915,57,108
20585,0x0916,0,8
20585,0x0917,103,34
20585,0x0918,96,214
20585,0x0919,224,58
20585,0x091B,32,103
20585,0x091C,80,230
20585,0x091D,224,58
20585,0x091F,32,103
20585,0x0920,96,254
20585,0x0921,224,56
20585,0x0923,32,103
20585,0x0924,80,14
20585,0x0925,224,56
20585,0x0927,32,103
20585,0x0B01,10,160
20585,0x0B02,0,14
20585,0x0B22,59,60
20585,0x0B24,119,120
20585,0x0B26,239,240
20585,0x0B28,222,224
20585,0x0B82,59,60
20585,0x0B84,119,120
20585,0x0B86,239,240
20585,0x0B88,222,224
20585,0x0C20,36,37
20585,0x0C21,0,224
20585,0x0F99,239,240
20585,0x0F9D,239,240
20585,0x0FD1,239,240
20585,0x0FF0,239,240
20585,0x103B,0,2
20585,0x103C,0,10
20585,0x1091,212,234
20585,0x10A6,245,243
20585,0x10C0,0,200
20585,0x10D1,0,102
20585,0x10D2,1,0
20585,0x10E6,242,255
20585,0x16F1,3,2
20585,0x16F8,1,21
20585,0x1710,68,172
20585,0x1711,234,230
20585,0x1713,26,193
20585,0x1714,65,66
20585,0x1719,141,235
20585,0x1726,234,232
20585,0x1735,171,169
20585,0x1738,16,14
20585,0x1740,0,200
20585,0x1741,192,74
20585,0x1742,252,176
20585,0x1743,4,2
20585,0x1748,255,3
20585,0x1750,84,52
20585,0x1751,185,14
20585,0x1752,0,1
20585,0x1753,236,0
20585,0x1754,110,64
20585,0x1759,249,0
20585,0x175A,2,0
20585,0x1760,146,154
20585,0x1762,213,220
20585,0x1763,11,8
20585,0x1764,227,222
20585,0x1765,11,8
20585,0x1766,251,254
20585,0x1767,2,6
20585,0x1768,128,0
20585,0x1769,0,1
20585,0x176A,164,238
20585,0x176C,76,124
20585,0x176D,42,12
20585,0x176F,5,6
20585,0x1770,0,128
20585,0x1775,151,191
20585,0x1778,49,18
20585,0x1779,2,6
20585,0x177A,103,95
20587,0x0020,14,10
20587,0x002A,12,192
20587,0x0069,81,83
20587,0x006B,11,13
20587,0x0071,64,66
20587,0x007B,240,241
20587,0x0098,64,0
20587,0x009B,64,0
20587,0x009F,64,0
20587,0x00AD,226,228
20587,0x00B7,10,8
20587,0x00CD,221,224
20587,0x00CE,177,183
20587,0x00CF,117,127
20587,0x00D0,55,69
20587,0x00FA,64,0
20587,0x00FC,64,0
20587,0x0172,36,52
20587,0x0173,52,173
20587,0x02FD,41,39
20587,0x0874,86,222
20587,0x0875,1,42
20587,0x0876,222,86
20587,0x0877,42,1
20587,0x0894,14,22
20587,0x0895,58,91
20587,0x0896,22,14
20587,0x0897,91,58
20587,0x0908,234,124
20587,0x090C,226,116
20587,0x0910,102,211
20587,0x0911,108,61
20587,0x0912,9,2
20587,0x0913,34,103
20587,0x0914,94,227
20587,0x0915,108,61
20587,0x0916,8,0
20587,0x0917,34,103
20587,0x0918,214,250
20587,0x0919,58,56
20587,0x091C,230,10
20587,0x091D,58,56
20587,0x0920,254,96
20587,0x0921,56,224
20587,0x0923,103,32
20587,0x0924,14,80
20587,0x0925,56,224
20587,0x0927,103,32
20587,0x0B01,160,234
20587,0x0B02,14,0
20587,0x0B26,240,241
20587,0x0B28,224,226
20587,0x0B86,240,241
20587,0x0B88,224,226
20587,0x0F99,240,241
20587,0x0F9D,240,241
20587,0x0FD1,240,241
20587,0x0FF0,240,241
20587,0x103B,2,0
20587,0x103C,10,8
20587,0x1080,200,0
20587,0x1091,234,0
20587,0x1092,0,1
20587,0x10A6,243,242
20587,0x10D1,102,124
20587,0x10E6,255,253
20587,0x16F8,21,19
20587,0x1710,172,20
20587,0x1711,230,227
20587,0x1713,193,36
20587,0x1714,66,69
20587,0x1719,235,73
20587,0x171A,0,1
20587,0x1726,232,230
20587,0x1735,169,167
20587,0x1738,14,12
20587,0x1750,52,156
20587,0x1751,14,10
20587,0x1766,254,252
20587,0x1775,191,189
20587,0x1778,18,16
20587,0xFFFF,161,162
20589,0x0020,10,7
20589,0x0069,83,85
20589,0x006B,13,15
20589,0x007B,241,242
20589,0x00AD,228,230
20589,0x00CD,224,227
20589,0x00CE,183,189
20589,0x00CF,127,137
20589,0x00D0,69,83
20589,0x0874,222,86
20589,0x0875,42,1
20589,0x0876,86,222
20589,0x0877,1,42
20589,0x0894,22,14
20589,0x0895,91,58
20589,0x0896,14,22
20589,0x0897,58,91
20589,0x0908,124,146
20589,0x090C,116,138
20589,0x0910,211,207
20589,0x0911,61,64
20589,0x0914,227,223
20589,0x0915,61,64
20589,0x0918,250,247
20589,0x091C,10,7
20589,0x0B24,120,121
20589,0x0B26,241,242
20589,0x0B28,226,228
20589,0x0B84,120,121
20589,0x0B86,241,242
20589,0x0B88,226,228
20589,0x0F99,241,242
20589,0x0F9D,241,242
20589,0x0FD1,241,242
20589,0x0FF0,241,242
20589,0x103C,8,6
20589,0x10D1,124,146
20589,0x10E6,253,251
20589,0x16F8,19,17
20589,0x1710,20,124
20589,0x1711,227,223
20589,0x1713,36,67
20589,0x1714,69,72
20589,0x1719,73,167
20589,0x1726,230,228
20589,0x1735,167,165
20589,0x1738,12,10
20589,0x1750,156,4
20589,0x1751,10,7
20589,0x1766,252,250
20589,0x1775,189,187
20589,0x1778,16,14
20591,0x0020,7,3
20591,0x0069,85,87
20591,0x006B,15,17
20591,0x007B,242,243
20591,0x0098,0,64
20591,0x009B,0,64
20591,0x009F,0,64
20591,0x00AD,230,232
20591,0x00CD,227,230
20591,0x00CE,189,195
20591,0x00CF,137,147
20591,0x00D0,83,97
20591,0x00FA,0,64
20591,0x00FC,0,64
20591,0x0874,86,222
20591,0x0875,1,42
20591,0x0876,222,86
20591,0x0877,42,1
20591,0x0894,14,22
20591,0x0895,58,91
20591,0x0896,22,14
20591,0x0897,91,58
20591,0x0908,146,168
20591,0x090C,138,160
20591,0x0910,207,203
20591,0x0911,64,68
20591,0x0914,223,219
20591,0x0915,64,68
20591,0x0918,247,243
20591,0x091C,7,3
20591,0x0B26,242,243
20591,0x0B28,228,230
20591,0x0B86,242,243
20591,0x0B88,228,230
20591,0x0F99,242,243
20591,0x0F9D,242,243
20591,0x0FD1,242,243
20591,0x0FF0,242,243
20591,0x103C,6,4
20591,0x10D1,146,168
20591,0x10E6,251,249
20591,0x16F8,17,15
20591,0x1710,124,228
20591,0x1711,223,219
20591,0x1713,67,30
20591,0x1714,72,76
20591,0x1719,167,5
20591,0x171A,1,2
20591,0x1726,228,226
20591,0x1735,165,163
20591,0x1738,10,8
20591,0x1750,4,108
20591,0x1751,7,3
20591,0x1766,250,248
20591,0x1775,187,185
20591,0x1778,14,12
20593,0x0004,56,58
20593,0x0020,3,255
20593,0x002A,192,128
20593,0x0069,87,89
20593,0x006B,17,19
20593,0x007B,243,244
20593,0x0098,64,0
20593,0x009B,64,0
20593,0x009F,64,0
20593,0x00AD,232,234
20593,0x00CD,230,233
20593,0x00CE,195,201
20593,0x00CF,147,157
20593,0x00D0,97,111
20593,0x00FA,64,0
20593,0x00FC,64,0
20593,0x02FD,39,41
20593,0x0501,79,157
20593,0x0502,94,82
20593,0x0503,4,20
20593,0x0600,116,0
20593,0x0601,16,0
20593,0x0602,118,0
20593,0x0603,16,0
20593,0x0608,0,83
20593,0x0609,0,63
20593,0x060A,155,37
20593,0x060B,26,63
20593,0x060C,171,59
20593,0x060D,26,63
20593,0x060E,187,75
20593,0x060F,26,63
20593,0x0610,191,0
20593,0x0611,26,0
20593,0x0612,108,0
20593,0x0613,88,0
20593,0x0874,222,86
20593,0x0875,42,1
20593,0x0876,86,222
20593,0x0877,1,42
20593,0x0894,22,14
20593,0x0895,91,58
20593,0x0896,14,22
20593,0x0897,58,91
20593,0x0908,168,190
20593,0x090C,160,182
20593,0x0910,203,200
20593,0x0911,68,72
20593,0x0914,219,216
20593,0x0915,68,72
20593,0x0918,243,239
20593,0x091C,3,255
20593,0x0B01,234,170
20593,0x0B22,60,61
20593,0x0B24,121,122
20593,0x0B26,243,244
20593,0x0B28,230,232
20593,0x0B82,60,61
20593,0x0B84,121,122
20593,0x0B86,243,244
20593,0x0B88,230,232
20593,0x0F99,243,244
20593,0x0F9D,243,244
20593,0x0FD1,243,244
20593,0x0FF0,243,244
20593,0x103C,4,2
20593,0x10D1,168,190
20593,0x10E6,249,247
20593,0x16F8,15,13
20593,0x1710,228,76
20593,0x1711,219,216
20593,0x1713,30,181
20593,0x1714,76,80
20593,0x1719,5,99
20593,0x1726,226,224
20593,0x1735,163,161
20593,0x1738,8,6
20593,0x1750,108,212
20593,0x1751,3,255
20593,0x1752,1,0
20593,0x1766,248,246
20593,0x1775,185,183
20593,0x1778,12,10
20595,0x0020,255,252
20595,0x0069,89,91
20595,0x006B,19,21
20595,0x007B,244,245
20595,0x00AD,234,236
20595,0x00CD,233,236
20595,0x00CE,201,207
20595,0x00CF,157,167
20595,0x00D0,111,125
20595,0x0874,86,222
20595,0x0875,1,42
20595,0x0876,222,86
20595,0x0877,42,1
20595,0x0894,14,22
20595,0x0895,58,91
20595,0x0896,22,14
20595,0x0897,91,58
20595,0x0908,190,212
20595,0x090C,182,204
20595,0x0910,200,196
20595,0x0911,72,78
20595,0x0914,216,212
20595,0x0915,72,78
20595,0x0918,239,236
20595,0x091C,255,252
20595,0x0B26,244,245
20595,0x0B28,232,234
20595,0x0B86,244,245
20595,0x0B88,232,234
20595,0x0F99,244,245
20595,0x0F9D,244,245
20595,0x0FD1,244,245
20595,0x0FF0,244,245
20595,0x103C,2,0
20595,0x10D1,190,212
20595,0x10E6,247,245
20595,0x16F8,13,11
20595,0x1710,76,180
20595,0x1711,216,212
20595,0x1713,181,8
20595,0x1714,80,86
20595,0x1719,99,193
20595,0x1726,224,222
20595,0x1735,161,159
20595,0x1738,6,4
20595,0x1750,212,60
20595,0x1751,255,252
20595,0x1766,246,244
20595,0x1775,183,181
20595,0x1778,10,8
20597,0x0020,252,248
20597,0x002A,128,8
20597,0x0069,91,93
20597,0x006B,21,23
20597,0x0072,66,68
20597,0x007B,245,246
20597,0x0098,0,64
20597,0x009B,0,64
20597,0x009F,0,64
20597,0x00AD,236,238
20597,0x00B7,8,10
20597,0x00CD,236,239
20597,0x00CE,207,213
20597,0x00CF,167,177
20597,0x00D0,125,139
20597,0x00FA,0,64
20597,0x00FC,0,64
20597,0x0874,222,86
20597,0x0875,42,1
20597,0x0876,86,222
20597,0x0877,1,42
20597,0x0894,22,14
20597,0x0895,91,58
20597,0x0896,14,22
20597,0x0897,58,91
20597,0x0908,212,102
20597,0x090C,204,94
20597,0x0910,196,234
20597,0x0911,78,108
20597,0x0912,2,9
20597,0x0913,103,34
20597,0x0914,212,226
20597,0x0915,78,108
20597,0x0916,0,8
20597,0x0917,103,34
20597,0x0918,236,193
20597,0x0919,56,84
20597,0x091C,252,209
20597,0x091D,56,84
20597,0x0920,96,232
20597,0x0921,224,56
20597,0x0923,32,103
20597,0x0924,80,248
20597,0x0925,224,56
20597,0x0927,32,103
20597,0x0B01,170,160
20597,0x0B02,0,10
20597,0x0B24,122,123
20597,0x0B26,245,246
20597,0x0B28,234,236
20597,0x0B84,122,123
20597,0x0B86,245,246
20597,0x0B88,234,236
20597,0x0C22,36,37
20597,0x0C23,0,224
20597,0x0F99,245,246
20597,0x0F9D,245,246
20597,0x0FD1,245,246
20597,0x0FF0,245,246
20597,0x103B,0,2
20597,0x103C,0,10
20597,0x1080,0,200
20597,0x1091,0,102
20597,0x1092,1,0
20597,0x10A6,242,255
20597,0x10D1,212,234
20597,0x10E6,245,243
20597,0x16F8,11,9
20597,0x1710,180,28
20597,0x1711,212,209
20597,0x1713,8,23
20597,0x1714,86,92
20597,0x1719,193,31
20597,0x171A,2,3
20597,0x1726,222,220
20597,0x1735,159,157
20597,0x1738,4,2
20597,0x1750,60,164
20597,0x1751,252,248
20597,0x1766,244,242
20597,0x1775,181,179
20597,0x1778,8,6
20599,0x0020,248,245
20599,0x002A,8,128
20599,0x0069,93,95
20599,0x006B,23,25
20599,0x0071,66,68
20599,0x007B,246,247
20599,0x0098,64,0
20599,0x009B,64,0
20599,0x009F,64,0
20599,0x00AD,238,240
20599,0x00B7,10,8
20599,0x00CD,239,242
20599,0x00CE,213,219
20599,0x00CF,177,187
20599,0x00D0,139,153
20599,0x00FA,64,0
20599,0x00FC,64,0
20599,0x0874,86,222
20599,0x0875,1,42
20599,0x0876,222,86
20599,0x0877,42,1
20599,0x0894,14,22
20599,0x0895,58,91
20599,0x0896,22,14
20599,0x0897,91,58
20599,0x0908,102,124
20599,0x090C,94,116
20599,0x0910,234,189
20599,0x0911,108,90
20599,0x0912,9,2
20599,0x0913,34,103
20599,0x0914,226,205
20599,0x0915,108,90
20599,0x0916,8,0
20599,0x0917,34,103
20599,0x0918,193,229
20599,0x0919,84,56
20599,0x091C,209,245
20599,0x091D,84,56
20599,0x0920,232,96
20599,0x0921,56,224
20599,0x0923,103,32
20599,0x0924,248,80
20599,0x0925,56,224
20599,0x0927,103,32
20599,0x0B01,160,170
20599,0x0B02,10,0
20599,0x0B26,246,247
20599,0x0B28,236,238
20599,0x0B86,246,247
20599,0x0B88,236,238
20599,0x0F99,246,247
20599,0x0F9D,246,247
20599,0x0FD1,246,247
20599,0x0FF0,246,247
20599,0x103B,2,0
20599,0x103C,10,8
20599,0x1091,102,124
20599,0x10A6,255,253
20599,0x10C0,200,0
20599,0x10D1,234,0
20599,0x10D2,0,1
20599,0x10E6,243,242
20599,0x16F8,9,7
20599,0x1710,28,132
20599,0x1711,209,205
20599,0x1713,23,162
20599,0x1714,92,98
20599,0x1719,31,61
20599,0x171D,47,239
20599,0x1726,220,218
20599,0x1735,157,155
20599,0x1738,2,53
20599,0x173A,99,103
20599,0x1750,164,12
20599,0x1751,248,245
20599,0x1766,242,240
20599,0x1775,179,177
20599,0x1778,6,4
20599,0xFFFF,162,163
20601,0x0004,58,60
20601,0x0020,245,241
20601,0x0069,95,97
20601,0x006B,25,27
20601,0x007B,247,248
20601,0x00AD,240,242
20601,0x00CD,242,245
20601,0x00CE,219,225
20601,0x00CF,187,197
20601,0x00D0,153,167
20601,0x02FD,41,39
20601,0x0501,157,159
20601,0x0502,82,94
20601,0x0508,15,95
20601,0x0509,84,85
20601,0x050B,4,20
20601,0x0510,94,82
20601,0x0512,24,40
20601,0x0600,0,189
20601,0x0601,0,12
20601,0x0602,0,205
20601,0x0603,0,12
20601,0x0604,0,217
20601,0x0605,0,16
20601,0x0606,0,11
20601,0x0607,0,16
20601,0x0608,83,11
20601,0x0609,63,16
20601,0x060A,37,11
20601,0x060B,63,16
20601,0x060C,59,11
20601,0x060D,63,16
20601,0x060E,75,217
20601,0x060F,63,208
20601,0x0610,0,116
20601,0x0611,0,16
20601,0x0612,0,118
20601,0x0613,0,16
20601,0x0618,188,0
20601,0x0619,12,0
20601,0x061A,204,0
20601,0x061B,12,0
20601,0x061C,95,147
20601,0x061D,16,12
20601,0x061E,11,152
20601,0x061F,16,12
20601,0x0620,11,157
20601,0x0621,16,12
20601,0x0622,11,157
20601,0x0623,16,12
20601,0x0624,11,163
20601,0x0625,16,12
20601,0x0626,95,172
20601,0x0627,144,12
20601,0x0628,116,0
20601,0x0629,16,0
20601,0x062A,117,0
20601,0x062B,16,0
20601,0x0630,0,82
20601,0x0631,0,63
20601,0x0632,0,69
20601,0x0633,0,63
20601,0x0634,146,85
20601,0x0635,12,63
20601,0x0636,151,39
20601,0x0637,12,63
20601,0x0638,156,0
20601,0x0639,12,0
20601,0x063A,156,0
20601,0x063B,12,0
20601,0x0874,222,86
20601,0x0875,42,1
20601,0x0876,86,222
20601,0x0877,1,42
20601,0x0894,22,14
20601,0x0895,91,58
20601,0x0896,14,22
20601,0x0897,58,91
20601,0x0908,124,146
20601,0x090C,116,138
20601,0x0910,189,185
20601,0x0911,90,96
20601,0x0914,205,201
20601,0x0915,90,96
20601,0x0918,229,225
20601,0x091C,245,241
20601,0x0B22,61,62
20601,0x0B24,123,124
20601,0x0B26,247,248
20601,0x0B28,238,240
20601,0x0B82,61,62
20601,0x0B84,123,124
20601,0x0B86,247,248
20601,0x0B88,238,240
20601,0x0F99,247,248
20601,0x0F9D,247,248
20601,0x0FD1,247,248
20601,0x0FF0,247,248
20601,0x103C,8,6
20601,0x1091,124,146
20601,0x10A6,253,251
20601,0x16F8,7,5
20601,0x1710,132,236
20601,0x1711,205,201
20601,0x1713,162,233
20601,0x1714,98,104
20601,0x1719,61,27
20601,0x1726,218,216
20601,0x1735,155,153
20601,0x1738,53,51
20601,0x1750,12,116
20601,0x1751,245,241
20601,0x1766,240,238
20601,0x1775,177,175
20601,0x1778,4,2
20603,0x0020,241,237
20603,0x0069,97,99
20603,0x006B,27,29
20603,0x007B,248,249
20603,0x0098,0,64
20603,0x009B,0,64
20603,0x009F,0,64
20603,0x00AD,242,244
20603,0x00CD,245,248
20603,0x00CE,225,231
20603,0x00CF,197,207
20603,0x00D0,167,181
20603,0x00FA,0,64
20603,0x00FC,0,64
20603,0x0874,86,222
20603,0x0875,1,42
20603,0x0876,222,86
20603,0x0877,42,1
20603,0x0894,14,22
20603,0x0895,58,91
20603,0x0896,22,14
20603,0x0897,91,58
20603,0x0908,146,168
20603,0x090C,138,160
20603,0x0910,185,182
20603,0x0911,96,102
20603,0x0914,201,198
20603,0x0915,96,102
20603,0x0918,225,221
20603,0x091C,241,237
20603,0x0B26,248,249
20603,0x0B28,240,242
20603,0x0B86,248,249
20603,0x0B88,240,242
20603,0x0F99,248,249
20603,0x0F9D,248,249
20603,0x0FD1,248,249
20603,0x0FF0,248,249
20603,0x103C,6,4
20603,0x1091,146,168
20603,0x10A6,251,249
20603,0x16F8,5,3
20603,0x1710,236,84
20603,0x1711,201,198
20603,0x1713,233,236
20603,0x1714,104,110
20603,0x1719,27,249
20603,0x171A,3,2
20603,0x1726,216,214
20603,0x1735,153,151
20603,0x1738,51,49
20603,0x1750,116,220
20603,0x1751,241,237
20603,0x1753,0,47
20603,0x1759,0,47
20603,0x175D,239,47
20603,0x1766,238,236
20603,0x1775,175,173
20603,0x1778,2,18
20603,0x1779,6,2
20603,0x177A,95,99
20605,0x0020,237,234
20605,0x0022,56,57
20605,0x0069,99,101
20605,0x006B,29,31
20605,0x007B,249,250
20605,0x0098,64,0
20605,0x009B,64,0
20605,0x009F,64,0
20605,0x00AD,244,246
20605,0x00CD,248,251
20605,0x00CE,231,237
20605,0x00CF,207,217
20605,0x00D0,181,195
20605,0x00FA,64,0
20605,0x00FC,64,0
20605,0x02FD,39,41
20605,0x0874,222,86
20605,0x0875,42,1
20605,0x0876,86,222
20605,0x0877,1,42
20605,0x0894,22,14
20605,0x0895,91,58
20605,0x0896,14,22
20605,0x0897,58,91
20605,0x0908,168,190
20605,0x090C,160,182
20605,0x0910,182,178
20605,0x0911,102,108
20605,0x0914,198,194
20605,0x0915,102,108
20605,0x0918,221,218
20605,0x0919,56,57
20605,0x091C,237,234
20605,0x091D,56,57
20605,0x0B24,124,125
20605,0x0B26,249,250
20605,0x0B28,242,244
20605,0x0B84,124,125
20605,0x0B86,249,250
20605,0x0B88,242,244
20605,0x0F99,249,250
20605,0x0F9D,249,250
20605,0x0FD1,249,250
20605,0x0FF0,249,250
20605,0x103C,4,2
20605,0x1091,168,190
20605,0x10A6,249,247
20605,0x16F8,3,1
20605,0x1710,84,188
20605,0x1711,198,194
20605,0x1713,236,171
20605,0x1714,110,116
20605,0x1719,249,215
20605,0x1726,214,212
20605,0x1735,151,149
20605,0x1738,49,47
20605,0x1750,220,68
20605,0x1751,237,234
20605,0x1753,47,26
20605,0x1754,64,65
20605,0x1759,47,141
20605,0x1766,236,234
20605,0x1775,173,171
20605,0x1778,18,16
20607,0x0020,234,14
20607,0x0022,57,56
20607,0x002A,128,12
20607,0x0069,101,103
20607,0x006B,31,33
20607,0x0071,68,70
20607,0x0072,68,70
20607,0x007B,250,251
20607,0x00AD,246,248
20607,0x00B7,8,10
20607,0x00CD,251,254
20607,0x00CE,237,243
20607,0x00CF,217,227
20607,0x00D0,195,209
20607,0x00D7,21,24
20607,0x00DA,5,6
20607,0x0172,52,36
20607,0x0173,173,52
20607,0x01B9,64,128
20607,0x040E,53,54
20607,0x041E,53,56
20607,0x0874,86,222
20607,0x0875,1,42
20607,0x0876,222,86
20607,0x0877,42,1
20607,0x0894,14,22
20607,0x0895,58,91
20607,0x0896,22,14
20607,0x0897,91,58
20607,0x0908,190,194
20607,0x0909,108,100
20607,0x090A,9,128
20607,0x090B,34,98
20607,0x090C,182,194
20607,0x090D,108,116
20607,0x090E,8,162
20607,0x0911,108,116
20607,0x0912,2,160
20607,0x0913,103,34
20607,0x0914,194,178
20607,0x0915,108,100
20607,0x0916,0,128
20607,0x0917,103,34
20607,0x0918,218,214
20607,0x0919,57,58
20607,0x091C,234,230
20607,0x091D,57,58
20607,0x0920,96,254
20607,0x0921,224,56
20607,0x0923,32,103
20607,0x0924,80,14
20607,0x0925,224,56
20607,0x0927,32,103
20607,0x0B00,10,170
20607,0x0B02,0,14
20607,0x0B26,250,251
20607,0x0B28,244,246
20607,0x0B86,250,251
20607,0x0B88,244,246
20607,0x0C24,36,44
20607,0x0C25,0,66
20607,0x0D66,4,3
20607,0x0F99,250,251
20607,0x0F9D,250,251
20607,0x0FD1,250,251
20607,0x0FF0,250,251
20607,0x103C,2,0
20607,0x1080,200,0
20607,0x1081,175,225
20607,0x10A2,65,227
20607,0x10A4,67,229
20607,0x10A6,247,1
20607,0x10AC,17,45
20607,0x16F1,2,1
20607,0x16F8,1,21
20607,0x1700,200,208
20607,0x1701,74,192
20607,0x1702,176,252
20607,0x1703,2,4
20607,0x1708,3,255
20607,0x1720,154,146
20607,0x1722,220,213
20607,0x1723,8,11
20607,0x1724,222,215
20607,0x1725,8,11
20607,0x1726,212,2
20607,0x1727,6,2
20607,0x1728,0,128
20607,0x1729,1,0
20607,0x172A,238,164
20607,0x172C,124,201
20607,0x172D,12,41
20607,0x1730,128,25
20607,0x1750,68,172
20607,0x1751,234,230
20607,0x1753,26,193
20607,0x1754,65,66
20607,0x1759,141,235
20607,0x1766,234,232
20607,0x1775,171,169
20607,0x1778,16,14
20607,0x1780,0,200
20607,0x1781,192,74
20607,0x1782,252,176
20607,0x1783,4,2
20607,0x1788,255,3
20607,0x1790,188,52
20607,0x1791,181,14
20607,0x1792,0,1
20607,0x1793,171,0
20607,0x1794,116,64
20607,0x1799,215,0
20607,0x179A,2,0
20607,0x17A0,146,154
20607,0x17A2,213,220
20607,0x17A3,11,8
20607,0x17A4,227,222
20607,0x17A5,11,8
20607,0x17A6,251,254
20607,0x17A7,2,6
20607,0x17A8,128,0
20607,0x17A9,0,1
20607,0x17AA,164,238
20607,0x17AC,76,124
20607,0x17AD,42,12
20607,0x17AF,5,6
20607,0x17B0,0,128
20607,0x17B5,149,191
20607,0x17B8,47,18
20607,0x17B9,2,6
20607,0x17BA,103,95
20607,0xFFFF,163,164
20609,0x0004,60,62
20609,0x0020,14,10
20609,0x002A,12,192
20609,0x0069,103,105
20609,0x006B,33,35
20609,0x0072,70,72
20609,0x007B,251,252
20609,0x0098,0,64
20609,0x009B,0,64
20609,0x009F,0,64
20609,0x00AD,248,250
20609,0x00B7,10,12
20609,0x00CD,254,1
20609,0x00CE,243,250
20609,0x00CF,227,237
20609,0x00D0,209,223
20609,0x00FA,0,64
20609,0x00FC,0,64
20609,0x0172,36,52
20609,0x0173,52,173
20609,0x0502,94,82
20609,0x0600,189,0
20609,0x0601,12,0
20609,0x0602,205,0
20609,0x0603,12,0
20609,0x0604,217,0
20609,0x0605,16,0
20609,0x0606,11,0
20609,0x0607,16,0
20609,0x0608,11,0
20609,0x0609,16,0
20609,0x060A,11,70
20609,0x060B,16,63
20609,0x060C,11,86
20609,0x060D,16,63
20609,0x060E,217,40
20609,0x060F,208,63
20609,0x0610,116,0
20609,0x0611,16,0
20609,0x0612,118,0
20609,0x0613,16,0
20609,0x0874,222,86
20609,0x0875,42,1
20609,0x0876,86,222
20609,0x0877,1,42
20609,0x0894,22,14
20609,0x0895,91,58
20609,0x0896,14,22
20609,0x0897,58,91
20609,0x0908,194,102
20609,0x0909,100,108
20609,0x090A,128,9
20609,0x090B,98,34
20609,0x090C,194,94
20609,0x090D,116,108
20609,0x090E,162,8
20609,0x0910,178,193
20609,0x0912,160,166
20609,0x0914,178,177
20609,0x0915,100,116
20609,0x0916,128,164
20609,0x0918,214,193
20609,0x0919,58,100
20609,0x091A,2,134
20609,0x091B,103,34
20609,0x091C,230,177
20609,0x091D,58,100
20609,0x091E,0,132
20609,0x091F,103,34
20609,0x0920,254,211
20609,0x0921,56,61
20609,0x0924,14,227
20609,0x0925,56,61
20609,0x0928,167,250
20609,0x0929,224,56
20609,0x092A,130,2
20609,0x092B,34,103
20609,0x092C,80,10
20609,0x092D,224,56
20609,0x092F,32,103
20609,0x0B00,170,10
20609,0x0B02,14,234
20609,0x0B22,62,63
20609,0x0B24,125,126
20609,0x0B26,251,252
20609,0x0B28,246,248
20609,0x0B82,62,63
20609,0x0B84,125,126
20609,0x0B86,251,252
20609,0x0B88,246,248
20609,0x0C26,36,37
20609,0x0C27,0,224
20609,0x0F99,251,252
20609,0x0F9D,251,252
20609,0x0FD1,251,252
20609,0x0FF0,251,252
20609,0x103B,0,2
20609,0x103C,0,10
20609,0x1080,0,200
20609,0x1081,225,175
20609,0x1091,190,102
20609,0x10A2,227,65
20609,0x10A4,229,67
20609,0x10A6,1,255
20609,0x10AC,45,17
20609,0x16F8,21,19
20609,0x1711,194,193
20609,0x1724,215,217
20609,0x1726,2,3
20609,0x172C,201,161
20609,0x172D,41,42
20609,0x1730,25,23
20609,0x1750,172,20
20609,0x1751,230,227
20609,0x1753,193,36
20609,0x1754,66,69
20609,0x1759,235,73
20609,0x175A,0,1
20609,0x1766,232,230
20609,0x1775,169,167
20609,0x1778,14,12
20609,0x1790,52,156
20609,0x1791,14,10
20609,0x17A6,254,252
20609,0x17B5,191,189
20609,0x17B8,18,16
20611,0x0020,10,7
20611,0x0069,105,107
20611,0x006B,35,37
20611,0x0071,70,72
20611,0x007B,252,253
20611,0x0098,64,0
20611,0x009B,64,0
20611,0x009F,64,0
20611,0x00AD,250,252
20611,0x00CD,1,4
20611,0x00CE,250,0
20611,0x00CF,237,248
20611,0x00D0,223,237
20611,0x00FA,64,0
20611,0x00FC,64,0
20611,0x02FD,41,39
20611,0x0874,86,222
20611,0x0875,1,42
20611,0x0876,222,86
20611,0x0877,42,1
20611,0x0894,14,22
20611,0x0895,58,91
20611,0x0896,22,14
20611,0x0897,91,58
20611,0x0908,102,124
20611,0x090C,94,116
20611,0x0910,193,192
20611,0x0914,177,176
20611,0x0918,193,192
20611,0x091C,177,176
20611,0x0920,211,207
20611,0x0921,61,64
20611,0x0924,227,223
20611,0x0925,61,64
20611,0x0928,250,247
20611,0x092C,10,7
20611,0x0B26,252,253
20611,0x0B28,248,250
20611,0x0B86,252,253
20611,0x0B88,248,250
20611,0x0F99,252,253
20611,0x0F9D,252,253
20611,0x0FD1,252,253
20611,0x0FF0,252,253
20611,0x103B,2,0
20611,0x103C,10,8
20611,0x1091,102,124
20611,0x10A6,255,253
20611,0x16F8,19,17
20611,0x1711,193,192
20611,0x1726,3,1
20611,0x1730,23,21
20611,0x1750,20,124
20611,0x1751,227,223
20611,0x1753,36,67
20611,0x1754,69,72
20611,0x1759,73,167
20611,0x1766,230,228
20611,0x1775,167,165
20611,0x1778,12,10
20611,0x1790,156,4
20611,0x1791,10,7
20611,0x17A6,252,250
20611,0x17B5,189,187
20611,0x17B8,16,14
20611,0xFFFF,164,165
20613,0x0020,7,3
20613,0x0069,107,109
20613,0x006B,37,39
20613,0x007B,253,254
20613,0x00AD,252,254
20613,0x00CD,4,7
20613,0x00CE,0,6
20613,0x00CF,248,2
20613,0x00D0,237,252
20613,0x02FD,39,41
20613,0x0874,222,86
20613,0x0875,42,1
20613,0x0876,86,222
20613,0x0877,1,42
20613,0x0894,22,14
20613,0x0895,91,58
20613,0x0896,14,22
20613,0x0897,58,91
20613,0x0908,124,146
20613,0x090C,116,138
20613,0x0910,192,191
20613,0x0912,166,170
20613,0x0914,176,175
20613,0x0916,164,168
20613,0x0918,192,191
20613,0x091A,134,138
20613,0x091C,176,175
20613,0x091E,132,136
20613,0x0920,207,203
20613,0x0921,64,68
20613,0x0924,223,219
20613,0x0925,64,68
20613,0x0928,247,243
20613,0x092C,7,3
20613,0x0B24,126,127
20613,0x0B26,253,254
20613,0x0B28,250,252
20613,0x0B84,126,127
20613,0x0B86,253,254
20613,0x0B88,250,252
20613,0x0F99,253,254
20613,0x0F9D,253,254
20613,0x0FD1,253,254
20613,0x0FF0,253,254
20613,0x103C,8,6
20613,0x1091,124,146
20613,0x10A6,253,251
20613,0x16F8,17,15
20613,0x1711,192,191
20613,0x1724,217,219
20613,0x1726,1,2
20613,0x172C,161,144
20613,0x1730,21,19
20613,0x1750,124,228
20613,0x1751,223,219
20613,0x1753,67,30
20613,0x1754,72,76
20613,0x1759,167,5
20613,0x175A,1,2
20613,0x1766,228,226
20613,0x1775,165,163
20613,0x1778,10,8
20613,0x1790,4,108
20613,0x1791,7,3
20613,0x17A6,250,248
20613,0x17B5,187,185
20613,0x17B8,14,12
20615,0x0020,3,255
20615,0x002A,192,128
20615,0x0069,109,111
20615,0x006B,39,41
20615,0x007B,254,255
20615,0x0098,0,64
20615,0x009B,0,64
20615,0x009F,0,64
20615,0x00AD,254,0
20615,0x00CD,7,44
20615,0x00CE,6,34
20615,0x00CF,2,22
20615,0x00D0,252,10
20615,0x00FA,0,64
20615,0x00FC,0,64
20615,0x02FD,41,39
20615,0x0874,86,222
20615,0x0875,1,42
20615,0x0876,222,86
20615,0x0877,42,1
20615,0x0894,14,22
20615,0x0895,58,91
20615,0x0896,22,14
20615,0x0897,91,58
20615,0x0908,146,168
20615,0x090C,138,160
20615,0x0910,191,190
20615,0x0912,170,174
20615,0x0914,175,174
20615,0x0916,168,172
20615,0x0918,191,190
20615,0x091A,138,142
20615,0x091C,175,174
20615,0x091E,136,140
20615,0x0920,203,200
20615,0x0921,68,72
20615,0x0924,219,216
20615,0x0925,68,72
20615,0x0928,243,239
20615,0x092C,3,255
20615,0x0B02,234,170
20615,0x0B26,254,255
20615,0x0B28,252,254
20615,0x0B86,254,255
20615,0x0B88,252,254
20615,0x0F99,254,255
20615,0x0F9D,254,255
20615,0x0FD1,254,255
20615,0x0FF0,254,255
20615,0x103C,6,4
20615,0x1091,146,168
20615,0x10A6,251,249
20615,0x16F8,15,13
20615,0x1711,191,190
20615,0x1724,219,221
20615,0x1726,2,4
20615,0x172C,144,127
20615,0x1730,19,17
20615,0x1750,228,76
20615,0x1751,219,216
20615,0x1753,30,181
20615,0x1754,76,80
20615,0x1759,5,99
20615,0x1766,226,224
20615,0x1775,163,161
20615,0x1778,8,6
20615,0x1790,108,212
20615,0x1791,3,255
20615,0x1792,1,0
20615,0x17A6,248,246
20615,0x17B5,185,183
20615,0x17B8,12,10
20617,0x0004,62,0
20617,0x0020,255,252
20617,0x0069,111,113
20617,0x006B,41,43
20617,0x007B,255,0
20617,0x007C,0,1
20617,0x0098,64,0
20617,0x009B,64,0
20617,0x009F,64,0
20617,0x00AD,0,2
20617,0x00CD,44,47
20617,0x00CE,34,40
20617,0x00CF,22,32
20617,0x00D0,10,24
20617,0x00FA,64,0
20617,0x00FC,64,0
20617,0x02FD,39,41
20617,0x0501,159,200
20617,0x0502,82,93
20617,0x0503,20,8
20617,0x0508,95,80
20617,0x0509,85,94
20617,0x050A,20,4
20617,0x050B,20,8
20617,0x050F,158,16
20617,0x0510,82,84
20617,0x0512,40,12
20617,0x0516,94,128
20617,0x0517,85,90
20617,0x0519,44,32
20617,0x051D,156,64
20617,0x051E,82,81
20617,0x0520,64,52
20617,0x0524,152,128
20617,0x0525,82,86
20617,0x0600,0,76
20617,0x0601,0,8
20617,0x0602,0,24
20617,0x0603,0,8
20617,0x0604,0,40
20617,0x0605,0,8
20617,0x0606,0,56
20617,0x0607,0,8
20617,0x0608,0,116
20617,0x0609,0,16
20617,0x060A,70,117
20617,0x060B,63,16
20617,0x060C,86,0
20617,0x060D,63,0
20617,0x060E,40,0
20617,0x060F,63,0
20617,0x0614,0,172
20617,0x0615,0,26
20617,0x0616,0,188
20617,0x0617,0,26
20617,0x0618,0,112
20617,0x0619,0,24
20617,0x061A,0,107
20617,0x061B,0,88
20617,0x061C,147,0
20617,0x061D,12,0
20617,0x061E,152,0
20617,0x061F,12,0
20617,0x0620,157,188
20617,0x0622,157,204
20617,0x0624,163,95
20617,0x0625,12,16
20617,0x0626,172,153
20617,0x0627,12,17
20617,0x0628,0,11
20617,0x0629,0,16
20617,0x062A,0,11
20617,0x062B,0,16
20617,0x062C,0,11
20617,0x062D,0,16
20617,0x062E,0,95
20617,0x062F,0,208
20617,0x0630,82,116
20617,0x0631,63,16
20617,0x0632,69,117
20617,0x0633,63,16
20617,0x0634,85,0
20617,0x0635,63,0
20617,0x0636,39,0
20617,0x0637,63,0
20617,0x063C,162,148
20617,0x063E,172,153
20617,0x0640,0,158
20617,0x0641,0,12
20617,0x0642,0,158
20617,0x0643,0,12
20617,0x0644,0,164
20617,0x0645,0,12
20617,0x0646,0,172
20617,0x0647,0,12
20617,0x0648,82,0
20617,0x0649,63,0
20617,0x064A,36,0
20617,0x064B,63,0
20617,0x064C,58,0
20617,0x064D,63,0
20617,0x064E,74,0
20617,0x064F,63,0
20617,0x0654,58,0
20617,0x0655,63,0
20617,0x0656,74,0
20617,0x0657,63,0
20617,0x0874,222,86
20617,0x0875,42,1
20617,0x0876,86,222
20617,0x0877,1,42
20617,0x0894,22,14
20617,0x0895,91,58
20617,0x0896,14,22
20617,0x0897,58,91
20617,0x0908,168,190
20617,0x090C,160,182
20617,0x0910,190,189
20617,0x0914,174,173
20617,0x0918,190,189
20617,0x091C,174,173
20617,0x0920,200,196
20617,0x0921,72,78
20617,0x0924,216,212
20617,0x0925,72,78
20617,0x0928,239,236
20617,0x092C,255,252
20617,0x0B22,63,64
20617,0x0B24,127,128
20617,0x0B26,255,0
20617,0x0B27,0,1
20617,0x0B28,254,0
20617,0x0B29,1,2
20617,0x0B82,63,64
20617,0x0B84,127,128
20617,0x0B86,255,0
20617,0x0B87,0,1
20617,0x0B88,254,0
20617,0x0B89,1,2
20617,0x0F99,255,0
20617,0x0F9A,0,1
20617,0x0F9D,255,0
20617,0x0F9E,0,1
20617,0x0FD1,255,0
20617,0x0FD2,0,1
20617,0x0FF0,255,0
20617,0x0FF1,0,1
20617,0x103C,4,2
20617,0x1091,168,190
20617,0x10A6,249,247
20617,0x16F8,13,11
20617,0x1711,190,189
20617,0x1726,4,2
20617,0x1730,17,15
20617,0x1750,76,180
20617,0x1751,216,212
20617,0x1753,181,8
20617,0x1754,80,86
20617,0x1759,99,193
20617,0x1766,224,222
20617,0x1775,161,159
20617,0x1778,6,4
20617,0x1790,212,60
20617,0x1791,255,252
20617,0x17A6,246,244
20617,0x17B5,183,181
20617,0x17B8,10,8
20619,0x0020,252,248
20619,0x0069,113,115
20619,0x006B,43,45
20619,0x007B,0,1
20619,0x00AD,2,4
20619,0x00CD,47,50
20619,0x00CE,40,46
20619,0x00CF,32,42
20619,0x00D0,24,38
20619,0x0874,86,222
20619,0x0875,1,42
20619,0x0876,222,86
20619,0x0877,42,1
20619,0x0894,14,22
20619,0x0895,58,91
20619,0x0896,22,14
20619,0x0897,91,58
20619,0x0908,190,212
20619,0x090C,182,204
20619,0x0910,189,188
20619,0x0911,116,100
20619,0x0912,174,192
20619,0x0913,34,98
20619,0x0914,173,188
20619,0x0916,172,226
20619,0x0918,189,172
20619,0x0919,100,116
20619,0x091A,142,224
20619,0x091C,173,172
20619,0x091E,140,192
20619,0x0920,196,193
20619,0x0921,78,84
20619,0x0924,212,209
20619,0x0925,78,84
20619,0x0928,236,232
20619,0x092C,252,248
20619,0x0B26,0,1
20619,0x0B28,0,2
20619,0x0B86,0,1
20619,0x0B88,0,2
20619,0x0F99,0,1
20619,0x0F9D,0,1
20619,0x0FD1,0,1
20619,0x0FF0,0,1
20619,0x103C,2,0
20619,0x1091,190,212
20619,0x10A6,247,245
20619,0x16F8,11,9
20619,0x1711,189,188
20619,0x1724,221,223
20619,0x1726,2,4
20619,0x172C,127,110
20619,0x1730,15,13
20619,0x1750,180,28
20619,0x1751,212,209
20619,0x1753,8,23
20619,0x1754,86,92
20619,0x1759,193,31
20619,0x175A,2,3
20619,0x1766,222,220
20619,0x1775,159,157
20619,0x1778,4,2
20619,0x1790,60,164
20619,0x1791,252,248
20619,0x17A6,244,242
20619,0x17B5,181,179
20619,0x17B8,8,6
20621,0x0020,248,245
20621,0x002A,128,8
20621,0x0069,115,117
20621,0x006B,45,47
20621,0x0072,72,74
20621,0x007B,1,2
20621,0x0098,0,64
20621,0x009B,0,64
20621,0x009F,0,64
20621,0x00AD,4,6
20621,0x00B7,12,14
20621,0x00CD,50,53
20621,0x00CE,46,52
20621,0x00CF,42,52
20621,0x00D0,38,52
20621,0x00FA,0,64
20621,0x00FC,0,64
20621,0x0874,222,86
20621,0x0875,42,1
20621,0x0876,86,222
20621,0x0877,1,42
20621,0x0894,22,14
20621,0x0895,91,58
20621,0x0896,14,22
20621,0x0897,58,91
20621,0x0908,212,234
20621,0x090C,204,226
20621,0x0910,188,102
20621,0x0911,100,108
20621,0x0912,192,9
20621,0x0913,98,34
20621,0x0914,188,94
20621,0x0915,116,108
20621,0x0916,226,8
20621,0x0918,172,187
20621,0x0919,116,100
20621,0x091A,224,192
20621,0x091B,34,98
20621,0x091C,172,187
20621,0x091D,100,116
20621,0x091E,192,226
20621,0x0920,193,171
20621,0x0921,84,116
20621,0x0922,2,224
20621,0x0923,103,34
20621,0x0924,209,171
20621,0x0925,84,100
20621,0x0926,0,192
20621,0x0927,103,34
20621,0x0928,232,189
20621,0x0929,56,90
20621,0x092C,248,205
20621,0x092D,56,90
20621,0x0930,80,229
20621,0x0931,224,56
20621,0x0932,0,2
20621,0x0933,32,103
20621,0x0934,80,245
20621,0x0935,224,56
20621,0x0937,32,103
20621,0x0B01,170,160
20621,0x0B03,0,10
20621,0x0B24,128,129
20621,0x0B26,1,2
20621,0x0B28,2,4
20621,0x0B84,128,129
20621,0x0B86,1,2
20621,0x0B88,2,4
20621,0x0C28,240,37
20621,0x0C29,0,224
20621,0x0F99,1,2
20621,0x0F9D,1,2
20621,0x0FD1,1,2
20621,0x0FF0,1,2
20621,0x103B,0,2
20621,0x103C,0,10
20621,0x1091,212,234
20621,0x10A6,245,243
20621,0x10C0,0,200
20621,0x10D1,0,102
20621,0x10D2,1,0
20621,0x10E6,242,255
20621,0x16F8,9,7
20621,0x1711,188,187
20621,0x1726,4,2
20621,0x1730,13,11
20621,0x1750,28,132
20621,0x1751,209,205
20621,0x1753,23,162
20621,0x1754,92,98
20621,0x1759,31,61
20621,0x175D,47,239
20621,0x1766,220,218
20621,0x1775,157,155
20621,0x1778,2,53
20621,0x177A,99,103
20621,0x1790,164,12
20621,0x1791,248,245
20621,0x17A6,242,240
20621,0x17B5,179,177
20621,0x17B8,6,4
20623,0x0020,245,241
20623,0x002A,8,128
20623,0x0069,117,119
20623,0x006B,47,49
20623,0x0071,72,74
20623,0x007B,2,3
20623,0x0098,64,0
20623,0x009B,64,0
20623,0x009F,64,0
20623,0x00AD,6,8
20623,0x00B7,14,12
20623,0x00CD,53,56
20623,0x00CE,52,58
20623,0x00CF,52,62
20623,0x00D0,52,66
20623,0x00FA,64,0
20623,0x00FC,64,0
20623,0x0874,86,222
20623,0x0875,1,42
20623,0x0876,222,86
20623,0x0877,42,1
20623,0x0894,14,22
20623,0x0895,58,91
20623,0x0896,22,14
20623,0x0897,91,58
20623,0x0908,234,124
20623,0x090C,226,116
20623,0x0910,102,186
20623,0x0911,108,116
20623,0x0912,9,230
20623,0x0914,94,186
20623,0x0915,108,100
20623,0x0916,8,196
20623,0x0917,34,98
20623,0x0918,187,170
20623,0x0919,100,116
20623,0x091A,192,228
20623,0x091B,98,34
20623,0x091C,187,170
20623,0x091D,116,100
20623,0x091E,226,196
20623,0x0920,171,185
20623,0x0921,116,96
20623,0x0922,224,2
20623,0x0923,34,103
20623,0x0924,171,201
20623,0x0925,100,96
20623,0x0926,192,0
20623,0x0927,34,103
20623,0x0928,189,225
20623,0x0929,90,56
20623,0x092C,205,241
20623,0x092D,90,56
20623,0x0930,229,96
20623,0x0931,56,224
20623,0x0933,103,32
20623,0x0934,245,80
20623,0x0935,56,224
20623,0x0937,103,32
20623,0x0B01,160,170
20623,0x0B03,10,0
20623,0x0B26,2,3
20623,0x0B28,4,6
20623,0x0B86,2,3
20623,0x0B88,4,6
20623,0x0F99,2,3
20623,0x0F9D,2,3
20623,0x0FD1,2,3
20623,0x0FF0,2,3
20623,0x103B,2,0
20623,0x103C,10,8
20623,0x1080,200,0
20623,0x1091,234,0
20623,0x1092,0,1
20623,0x10A6,243,242
20623,0x10D1,102,124
20623,0x10E6,255,253
20623,0x16F8,7,5
20623,0x1711,187,186
20623,0x1724,223,225
20623,0x1726,2,4
20623,0x172C,110,93
20623,0x1730,11,9
20623,0x1750,132,236
20623,0x1751,205,201
20623,0x1753,162,233
20623,0x1754,98,104
20623,0x1759,61,27
20623,0x1766,218,216
20623,0x1775,155,153
20623,0x1778,53,51
20623,0x1790,12,116
20623,0x1791,245,241
20623,0x17A6,240,238
20623,0x17B5,177,175
20623,0x17B8,4,2
20623,0xFFFF,165,166
20625,0x0004,0,2
20625,0x0020,241,237
20625,0x0069,119,121
20625,0x006B,49,51
20625,0x007B,3,4
20625,0x00AD,8,10
20625,0x00CD,56,59
20625,0x00CE,58,64
20625,0x00CF,62,72
20625,0x00D0,66,80
20625,0x02FD,41,39
20625,0x0501,200,129
20625,0x0502,93,86
20625,0x0503,8,20
20625,0x0600,76,0
20625,0x0601,8,0
20625,0x0602,24,0
20625,0x0603,8,0
20625,0x0604,40,0
20625,0x0605,8,0
20625,0x0606,56,0
20625,0x0607,8,0
20625,0x0608,116,0
20625,0x0609,16,0
20625,0x060A,117,0
20625,0x060B,16,0
20625,0x0874,222,86
20625,0x0875,42,1
20625,0x0876,86,222
20625,0x0877,1,42
20625,0x0894,22,14
20625,0x0895,91,58
20625,0x0896,14,22
20625,0x0897,58,91
20625,0x0908,124,146
20625,0x090C,116,138
20625,0x0910,186,185
20625,0x0914,186,185
20625,0x0918,170,169
20625,0x091C,170,169
20625,0x0920,185,182
20625,0x0921,96,102
20625,0x0924,201,198
20625,0x0925,96,102
20625,0x0928,225,221
20625,0x092C,241,237
20625,0x0B22,64,65
20625,0x0B24,129,130
20625,0x0B26,3,4
20625,0x0B28,6,8
20625,0x0B82,64,65
20625,0x0B84,129,130
20625,0x0B86,3,4
20625,0x0B88,6,8
20625,0x0F99,3,4
20625,0x0F9D,3,4
20625,0x0FD1,3,4
20625,0x0FF0,3,4
20625,0x103C,8,6
20625,0x10D1,124,146
20625,0x10E6,253,251
20625,0x16F8,5,3
20625,0x1711,186,185
20625,0x1726,4,2
20625,0x1730,9,7
20625,0x1750,236,84
20625,0x1751,201,198
20625,0x1753,233,236
20625,0x1754,104,110
20625,0x1759,27,249
20625,0x175A,3,2
20625,0x1766,216,214
20625,0x1775,153,151
20625,0x1778,51,49
20625,0x1790,116,220
20625,0x1791,241,237
20625,0x1793,0,47
20625,0x1799,0,47
20625,0x179D,239,47
20625,0x17A6,238,236
20625,0x17B5,175,173
20625,0x17B8,2,18
20625,0x17B9,6,2
20625,0x17BA,95,99
20627,0x0020,237,234
20627,0x0022,56,57
20627,0x0069,121,123
20627,0x006B,51,53
20627,0x007B,4,5
20627,0x0098,0,64
20627,0x009B,0,64
20627,0x009F,0,64
20627,0x00AD,10,12
20627,0x00CD,59,62
20627,0x00CE,64,70
20627,0x00CF,72,82
20627,0x00D0,80,94
20627,0x00FA,0,64
20627,0x00FC,0,64
20627,0x0874,86,222
20627,0x0875,1,42
20627,0x0876,222,86
20627,0x0877,42,1
20627,0x0894,14,22
20627,0x0895,58,91
20627,0x0896,22,14
20627,0x0897,91,58
20627,0x0908,146,168
20627,0x090C,138,160
20627,0x0910,185,184
20627,0x0912,230,194
20627,0x0913,34,98
20627,0x0914,185,168
20627,0x0915,100,116
20627,0x0916,196,194
20627,0x0917,98,34
20627,0x0918,169,184
20627,0x0919,116,100
20627,0x091A,228,130
20627,0x091B,34,98
20627,0x091C,169,168
20627,0x091E,196,130
20627,0x0920,182,178
20627,0x0921,102,108
20627,0x0924,198,194
20627,0x0925,102,108
20627,0x0928,221,218
20627,0x0929,56,57
20627,0x092C,237,234
20627,0x092D,56,57
20627,0x0B26,4,5
20627,0x0B28,8,10
20627,0x0B86,4,5
20627,0x0B88,8,10
20627,0x0F99,4,5
20627,0x0F9D,4,5
20627,0x0FD1,4,5
20627,0x0FF0,4,5
20627,0x103C,6,4
20627,0x10D1,146,168
20627,0x10E6,251,249
20627,0x16F8,3,1
20627,0x1711,185,184
20627,0x1724,225,227
20627,0x1726,2,255
20627,0x172C,93,76
20627,0x1730,7,5
20627,0x1750,84,188
20627,0x1751,198,194
20627,0x1753,236,171
20627,0x1754,110,116
20627,0x1759,249,215
20627,0x1766,214,212
20627,0x1775,151,149
20627,0x1778,49,47
20627,0x1790,220,68
20627,0x1791,237,234
20627,0x1793,47,26
20627,0x1794,64,65
20627,0x1799,47,141
20627,0x17A6,236,234
20627,0x17B5,173,171
20627,0x17B8,18,16
20629,0x0020,234,230
20629,0x0022,57,58
20629,0x002A,128,2
20629,0x0069,123,125
20629,0x006B,53,55
20629,0x006E,0,34
20629,0x0072,74,76
20629,0x007B,5,6
20629,0x0098,64,0
20629,0x009B,64,0
20629,0x009F,64,0
20629,0x00AD,12,14
20629,0x00B7,12,13
20629,0x00CD,62,65
20629,0x00CE,70,76
20629,0x00CF,82,92
20629,0x00D0,94,108
20629,0x00D7,24,33
20629,0x00DA,6,7
20629,0x00FA,64,0
20629,0x00FC,64,0
20629,0x017C,0,244
20629,0x02FD,39,41
20629,0x040E,54,55
20629,0x041C,49,50
20629,0x041E,56,49
20629,0x0874,222,86
20629,0x0875,42,1
20629,0x0876,86,222
20629,0x0877,1,42
20629,0x0894,22,14
20629,0x0895,91,58
20629,0x0896,14,22
20629,0x0897,58,91
20629,0x0908,168,171
20629,0x0909,108,104
20629,0x090A,9,46
20629,0x090C,160,183
20629,0x090D,108,116
20629,0x090E,8,194
20629,0x090F,34,98
20629,0x0910,184,167
20629,0x0913,98,34
20629,0x0914,168,183
20629,0x0915,116,100
20629,0x0916,194,130
20629,0x0917,34,98
20629,0x0918,184,167
20629,0x091B,98,34
20629,0x091C,168,192
20629,0x091D,100,103
20629,0x091E,130,128
20629,0x091F,34,98
20629,0x0920,178,192
20629,0x0921,108,119
20629,0x0922,2,162
20629,0x0923,103,34
20629,0x0924,194,176
20629,0x0925,108,119
20629,0x0926,0,160
20629,0x0927,103,34
20629,0x0928,218,176
20629,0x0929,57,103
20629,0x092A,2,128
20629,0x092B,103,34
20629,0x092C,234,214
20629,0x092D,57,58
20629,0x092E,0,2
20629,0x0930,96,230
20629,0x0931,224,58
20629,0x0932,2,0
20629,0x0933,32,103
20629,0x0B00,10,170
20629,0x0B03,0,2
20629,0x0B24,130,131
20629,0x0B26,5,6
20629,0x0B28,10,12
20629,0x0B84,130,131
20629,0x0B86,5,6
20629,0x0B88,10,12
20629,0x0C2A,42,44
20629,0x0C2B,224,64
20629,0x0D66,3,2
20629,0x0F99,5,6
20629,0x0F9D,5,6
20629,0x0FD1,5,6
20629,0x0FF0,5,6
20629,0x103C,4,2
20629,0x10C0,200,192
20629,0x10C1,175,225
20629,0x10D1,168,179
20629,0x10E2,65,227
20629,0x10E4,67,229
20629,0x10E6,249,1
20629,0x10EC,17,45
20629,0x16C0,128,136
20629,0x16C1,165,74
20629,0x16C2,175,176
20629,0x16C8,255,3
20629,0x16D0,188,0
20629,0x16D1,181,16
20629,0x16D2,0,1
20629,0x16D3,171,0
20629,0x16D4,116,64
20629,0x16D9,215,0
20629,0x16DA,2,0
20629,0x16E0,146,154
20629,0x16E7,2,6
20629,0x16E8,128,0
20629,0x16E9,0,1
20629,0x16EA,164,238
20629,0x16F1,1,0
20629,0x16F5,149,192
20629,0x16F8,1,0
20629,0x16FA,103,92
20629,0x1711,184,183
20629,0x1726,255,253
20629,0x1730,5,3
20629,0x1740,200,208
20629,0x1741,74,192
20629,0x1742,176,252
20629,0x1743,2,4
20629,0x1748,3,255
20629,0x1750,188,240
20629,0x1751,194,192
20629,0x1753,171,113
20629,0x1754,116,119
20629,0x1759,215,198
20629,0x1760,154,146
20629,0x1762,220,213
20629,0x1763,8,11
20629,0x1764,222,215
20629,0x1765,8,11
20629,0x1766,212,3
20629,0x1767,6,2
20629,0x1768,0,128
20629,0x1769,1,0
20629,0x176A,238,164
20629,0x176C,124,201
20629,0x176D,12,41
20629,0x1770,128,26
20629,0x1775,149,148
20629,0x1778,47,46
20629,0x1790,68,172
20629,0x1791,234,230
20629,0x1793,26,193
20629,0x1794,65,66
20629,0x1799,141,235
20629,0x17A6,234,232
20629,0x17B5,171,169
20629,0x17B8,16,14
20631,0x0020,230,227
20631,0x0022,58,61
20631,0x002A,2,8
20631,0x0069,125,127
20631,0x006B,55,57
20631,0x006E,34,0
20631,0x0071,74,76
20631,0x007B,6,7
20631,0x00AD,14,16
20631,0x00B7,13,14
20631,0x00CD,65,68
20631,0x00CE,76,82
20631,0x00CF,92,102
20631,0x00D0,108,122
20631,0x017C,244,0
20631,0x02FD,41,39
20631,0x0874,86,222
20631,0x0875,1,42
20631,0x0876,222,86
20631,0x0877,42,1
20631,0x0894,14,22
20631,0x0895,58,91
20631,0x0896,22,14
20631,0x0897,91,58
20631,0x0908,171,252
20631,0x0909,104,56
20631,0x090A,46,2
20631,0x090B,34,103
20631,0x090C,183,12
20631,0x090D,116,56
20631,0x090E,194,0
20631,0x090F,98,103
20631,0x0910,167,182
20631,0x0913,34,98
20631,0x0914,183,166
20631,0x0915,100,116
20631,0x0916,130,194
20631,0x0917,98,34
20631,0x0918,167,182
20631,0x091B,34,98
20631,0x091C,192,166
20631,0x091D,103,100
20631,0x091E,128,130
20631,0x091F,98,34
20631,0x0920,192,191
20631,0x0921,119,103
20631,0x0922,162,128
20631,0x0923,34,98
20631,0x0924,176,191
20631,0x0926,160,162
20631,0x0928,176,175
20631,0x0929,103,119
20631,0x092A,128,160
20631,0x092C,214,175
20631,0x092D,58,103
20631,0x092E,2,128
20631,0x092F,103,34
20631,0x0930,230,211
20631,0x0931,58,61
20631,0x0932,0,2
20631,0x0934,80,227
20631,0x0935,224,61
20631,0x0937,32,103
20631,0x0B00,170,234
20631,0x0B03,2,10
20631,0x0B26,6,7
20631,0x0B28,12,14
20631,0x0B86,6,7
20631,0x0B88,12,14
20631,0x0F99,6,7
20631,0x0F9D,6,7
20631,0x0FD1,6,7
20631,0x0FF0,6,7
20631,0x103C,2,0
20631,0x10C0,192,0
20631,0x16C0,136,200
20631,0x16D0,0,104
20631,0x16D1,16,12
20631,0x16E2,213,220
20631,0x16E3,11,8
20631,0x16E4,227,222
20631,0x16E5,11,8
20631,0x16E6,251,253
20631,0x16EC,76,124
20631,0x16ED,42,12
20631,0x16F5,192,190
20631,0x16F8,0,17
20631,0x16F9,2,6
20631,0x16FA,92,95
20631,0x1711,183,182
20631,0x1726,253,251
20631,0x1730,3,1
20631,0x1751,192,191
20631,0x1766,3,1
20631,0x1770,26,24
20631,0x1790,172,20
20631,0x1791,230,227
20631,0x1793,193,36
20631,0x1794,66,69
20631,0x1799,235,73
20631,0x179A,0,1
20631,0x17A6,232,230
20631,0x17B5,169,167
20631,0x17B8,14,12
20631,0xFFFF,166,167
20633,0x0004,2,4
20633,0x0020,227,223
20633,0x0022,61,64
20633,0x002A,8,128
20633,0x0069,127,129
20633,0x006B,57,59
20633,0x0072,76,78
20633,0x007B,7,8
20633,0x0098,0,64
20633,0x009B,0,64
20633,0x009F,0,64
20633,0x00AD,16,18
20633,0x00B7,14,12
20633,0x00CD,68,71
20633,0x00CE,82,88
20633,0x00CF,102,112
20633,0x00D0,122,136
20633,0x00FA,0,64
20633,0x00FC,0,64
20633,0x02FD,39,41
20633,0x0502,86,90
20633,0x0508,80,65
20633,0x0509,94,81
20633,0x050A,4,20
20633,0x050B,8,20
20633,0x050F,16,130
20633,0x0510,84,86
20633,0x0512,12,40
20633,0x0600,0,189
20633,0x0601,0,12
20633,0x0602,0,205
20633,0x0603,0,12
20633,0x0604,0,217
20633,0x0605,0,16
20633,0x0606,0,154
20633,0x0607,0,17
20633,0x0608,0,11
20633,0x0609,0,16
20633,0x060A,0,11
20633,0x060B,0,16
20633,0x060C,0,11
20633,0x060D,0,16
20633,0x060E,0,217
20633,0x060F,0,144
20633,0x0610,0,116
20633,0x0611,0,16
20633,0x0612,0,118
20633,0x0613,0,16
20633,0x0614,172,0
20633,0x0615,26,0
20633,0x0616,188,0
20633,0x0617,26,0
20633,0x0618,112,0
20633,0x0619,24,0
20633,0x061A,107,0
20633,0x061B,88,0
20633,0x0620,188,0
20633,0x0621,12,0
20633,0x0622,204,185
20633,0x0624,95,165
20633,0x0625,16,12
20633,0x0626,153,172
20633,0x0627,17,12
20633,0x0628,11,0
20633,0x0629,16,0
20633,0x062A,11,0
20633,0x062B,16,0
20633,0x062C,11,0
20633,0x062D,16,0
20633,0x062E,95,0
20633,0x062F,208,0
20633,0x0630,116,0
20633,0x0631,16,0
20633,0x0632,117,0
20633,0x0633,16,0
20633,0x0874,222,86
20633,0x0875,42,1
20633,0x0876,86,222
20633,0x0877,1,42
20633,0x0894,22,14
20633,0x0895,91,58
20633,0x0896,14,22
20633,0x0897,58,91
20633,0x0908,252,102
20633,0x0909,56,108
20633,0x090A,2,9
20633,0x090B,103,34
20633,0x090C,12,94
20633,0x090D,56,108
20633,0x090E,0,8
20633,0x090F,103,34
20633,0x0910,182,248
20633,0x0911,116,56
20633,0x0912,194,2
20633,0x0913,98,103
20633,0x0914,166,8
20633,0x0915,116,56
20633,0x0916,194,0
20633,0x0917,34,103
20633,0x0918,182,190
20633,0x0919,100,119
20633,0x091A,130,166
20633,0x091B,98,34
20633,0x091C,166,174
20633,0x091D,100,119
20633,0x091E,130,164
20633,0x0920,191,190
20633,0x0922,128,134
20633,0x0923,98,34
20633,0x0924,191,174
20633,0x0925,119,103
20633,0x0926,162,132
20633,0x0928,175,207
20633,0x0929,119,64
20633,0x092A,160,2
20633,0x092B,34,103
20633,0x092C,175,223
20633,0x092D,103,64
20633,0x092E,128,0
20633,0x092F,34,103
20633,0x0931,61,224
20633,0x0935,61,224
20633,0x0B00,234,10
20633,0x0B01,170,174
20633,0x0B03,10,0
20633,0x0B22,65,66
20633,0x0B24,131,132
20633,0x0B26,7,8
20633,0x0B28,14,16
20633,0x0B82,65,66
20633,0x0B84,131,132
20633,0x0B86,7,8
20633,0x0B88,14,16
20633,0x0C2C,240,37
20633,0x0C2D,0,224
20633,0x0F99,7,8
20633,0x0F9D,7,8
20633,0x0FD1,7,8
20633,0x0FF0,7,8
20633,0x103B,0,2
20633,0x103C,0,10
20633,0x1080,0,200
20633,0x1091,0,102
20633,0x1092,1,0
20633,0x10A6,242,255
20633,0x16D0,104,208
20633,0x16D1,12,8
20633,0x16E6,253,251
20633,0x16F5,190,188
20633,0x16F8,17,15
20633,0x1700,208,0
20633,0x1711,182,181
20633,0x1730,1,0
20633,0x1751,191,190
20633,0x1764,215,217
20633,0x1766,1,2
20633,0x176C,201,161
20633,0x176D,41,42
20633,0x1770,24,22
20633,0x1790,20,124
20633,0x1791,227,223
20633,0x1793,36,67
20633,0x1794,69,72
20633,0x1799,73,167
20633,0x17A6,230,228
20633,0x17B5,167,165
20633,0x17B8,12,10
20635,0x0020,223,219
20635,0x0022,64,68
20635,0x0069,129,131
20635,0x006B,59,61
20635,0x0071,76,78
20635,0x007B,8,9
20635,0x0098,64,0
20635,0x009B,64,0
20635,0x009F,64,0
20635,0x00AD,18,20
20635,0x00CD,71,74
20635,0x00CE,88,94
20635,0x00CF,112,122
20635,0x00D0,136,150
20635,0x00FA,64,0
20635,0x00FC,64,0
20635,0x0874,86,222
20635,0x0875,1,42
20635,0x0876,222,86
20635,0x0877,42,1
20635,0x0894,14,22
20635,0x0895,58,91
20635,0x0896,22,14
20635,0x0897,91,58
20635,0x0908,102,124
20635,0x090C,94,116
20635,0x0910,248,245
20635,0x0914,8,5
20635,0x0918,190,189
20635,0x091A,166,170
20635,0x091C,174,173
20635,0x091E,164,168
20635,0x0920,190,189
20635,0x0922,134,138
20635,0x0924,174,173
20635,0x0926,132,136
20635,0x0928,207,203
20635,0x0929,64,68
20635,0x092C,223,219
20635,0x092D,64,68
20635,0x0B26,8,9
20635,0x0B28,16,18
20635,0x0B86,8,9
20635,0x0B88,16,18
20635,0x0F99,8,9
20635,0x0F9D,8,9
20635,0x0FD1,8,9
20635,0x0FF0,8,9
20635,0x103B,2,0
20635,0x103C,10,8
20635,0x1091,102,124
20635,0x10A6,255,253
20635,0x16D0,208,56
20635,0x16D1,8,5
20635,0x16E6,251,249
20635,0x16F5,188,186
20635,0x16F8,15,13
20635,0x1751,190,189
20635,0x1764,217,219
20635,0x1766,2,3
20635,0x176C,161,144
20635,0x1770,22,20
20635,0x1790,124,228
20635,0x1791,223,219
20635,0x1793,67,30
20635,0x1794,72,76
20635,0x1799,167,5
20635,0x179A,1,2
20635,0x17A6,228,226
20635,0x17B5,165,163
20635,0x17B8,10,8
20635,0xFFFF,167,168
20637,0x0020,219,216
20637,0x0022,68,72
20637,0x0069,131,133
20637,0x006B,61,63
20637,0x007B,9,10
20637,0x00AD,20,22
20637,0x00CD,74,77
20637,0x00CE,94,100
20637,0x00CF,122,132
20637,0x00D0,150,164
20637,0x02FD,41,39
20637,0x0874,222,86
20637,0x0875,42,1
20637,0x0876,86,222
20637,0x0877,1,42
20637,0x0894,22,14
20637,0x0895,91,58
20637,0x0896,14,22
20637,0x0897,58,91
20637,0x0908,124,146
20637,0x090C,116,138
20637,0x0910,245,241
20637,0x0914,5,1
20637,0x0918,189,188
20637,0x091C,173,172
20637,0x0920,189,188
20637,0x0924,173,172
20637,0x0928,203,200
20637,0x0929,68,72
20637,0x092C,219,216
20637,0x092D,68,72
20637,0x0B24,132,133
20637,0x0B26,9,10
20637,0x0B28,18,20
20637,0x0B84,132,133
20637,0x0B86,9,10
20637,0x0B88,18,20
20637,0x0F99,9,10
20637,0x0F9D,9,10
20637,0x0FD1,9,10
20637,0x0FF0,9,10
20637,0x103C,8,6
20637,0x1091,124,146
20637,0x10A6,253,251
20637,0x16D0,56,160
20637,0x16D1,5,1
20637,0x16E6,249,247
20637,0x16F5,186,184
20637,0x16F8,13,11
20637,0x1751,189,188
20637,0x1766,3,1
20637,0x1770,20,18
20637,0x1790,228,76
20637,0x1791,219,216
20637,0x1793,30,181
20637,0x1794,76,80
20637,0x1799,5,99
20637,0x17A6,226,224
20637,0x17B5,163,161
20637,0x17B8,8,6
20639,0x0020,216,212
20639,0x0022,72,78
20639,0x0069,133,135
20639,0x006B,63,65
20639,0x007B,10,11
20639,0x0098,0,64
20639,0x009B,0,64
20639,0x009F,0,64
20639,0x00AD,22,24
20639,0x00CD,77,80
20639,0x00CE,100,106
20639,0x00CF,132,142
20639,0x00D0,164,178
20639,0x00FA,0,64
20639,0x00FC,0,64
20639,0x0874,86,222
20639,0x0875,1,42
20639,0x0876,222,86
20639,0x0877,42,1
20639,0x0894,14,22
20639,0x0895,58,91
20639,0x0896,22,14
20639,0x0897,91,58
20639,0x0908,146,168
20639,0x090C,138,160
20639,0x0910,241,238
20639,0x0914,1,254
20639,0x0918,188,187
20639,0x091A,170,174
20639,0x091C,172,171
20639,0x091E,168,172
20639,0x0920,188,187
20639,0x0922,138,142
20639,0x0924,172,171
20639,0x0926,136,140
20639,0x0928,200,196
20639,0x0929,72,78
20639,0x092C,216,212
20639,0x092D,72,78
20639,0x0B01,174,170
20639,0x0B26,10,11
20639,0x0B28,20,22
20639,0x0B86,10,11
20639,0x0B88,20,22
20639,0x0F99,10,11
20639,0x0F9D,10,11
20639,0x0FD1,10,11
20639,0x0FF0,10,11
20639,0x103C,6,4
20639,0x1091,146,168
20639,0x10A6,251,249
20639,0x16D0,160,8
20639,0x16D1,1,254
20639,0x16D2,1,0
20639,0x16E6,247,245
20639,0x16F5,184,182
20639,0x16F8,11,9
20639,0x1751,188,187
20639,0x1764,219,221
20639,0x1766,1,3
20639,0x176C,144,127
20639,0x1770,18,16
20639,0x1790,76,180
20639,0x1791,216,212
20639,0x1793,181,8
20639,0x1794,80,86
20639,0x1799,99,193
20639,0x17A6,224,222
20639,0x17B5,161,159
20639,0x17B8,6,4
20641,0x0004,4,6
20641,0x0020,212,209
20641,0x0022,78,84
20641,0x0069,135,137
20641,0x006B,65,67
20641,0x007B,11,12
20641,0x0098,64,0
20641,0x009B,64,0
20641,0x009F,64,0
20641,0x00AD,24,26
20641,0x00CD,80,83
20641,0x00CE,106,112
20641,0x00CF,142,152
20641,0x00D0,178,192
20641,0x00FA,64,0
20641,0x00FC,64,0
20641,0x0501,129,131
20641,0x0502,90,86
20641,0x0600,189,0
20641,0x0601,12,0
20641,0x0602,205,0
20641,0x0603,12,0
20641,0x0604,217,0
20641,0x0605,16,0
20641,0x0606,154,0
20641,0x0607,17,0
20641,0x0608,11,0
20641,0x0609,16,0
20641,0x060A,11,0
20641,0x060B,16,0
20641,0x060C,11,0
20641,0x060D,16,0
20641,0x060E,217,0
20641,0x060F,144,0
20641,0x0610,116,0
20641,0x0611,16,0
20641,0x0612,118,0
20641,0x0613,16,0
20641,0x0874,222,86
20641,0x0875,42,1
20641,0x0876,86,222
20641,0x0877,1,42
20641,0x0894,22,14
20641,0x0895,91,58
20641,0x0896,14,22
20641,0x0897,58,91
20641,0x0908,168,190
20641,0x090C,160,182
20641,0x0910,238,234
20641,0x0914,254,250
20641,0x0918,187,186
20641,0x091C,171,170
20641,0x0920,187,186
20641,0x0924,171,170
20641,0x0928,196,193
20641,0x0929,78,84
20641,0x092C,212,209
20641,0x092D,78,84
20641,0x0B22,66,67
20641,0x0B24,133,134
20641,0x0B26,11,12
20641,0x0B28,22,24
20641,0x0B82,66,67
20641,0x0B84,133,134
20641,0x0B86,11,12
20641,0x0B88,22,24
20641,0x0F99,11,12
20641,0x0F9D,11,12
20641,0x0FD1,11,12
20641,0x0FF0,11,12
20641,0x103C,4,2
20641,0x1091,168,190
20641,0x10A6,249,247
20641,0x16D0,8,112
20641,0x16D1,254,250
20641,0x16E6,245,243
20641,0x16F5,182,180
20641,0x16F8,9,7
20641,0x1751,187,186
20641,0x1766,3,1
20641,0x1770,16,14
20641,0x1790,180,28
20641,0x1791,212,209
20641,0x1793,8,23
20641,0x1794,86,92
20641,0x1799,193,31
20641,0x179A,2,3
20641,0x17A6,222,220
20641,0x17B5,159,157
20641,0x17B8,4,2
20643,0x0020,209,205
20643,0x0022,84,90
20643,0x0069,137,139
20643,0x006B,67,69
20643,0x007B,12,13
20643,0x00AD,26,28
20643,0x00CD,83,86
20643,0x00CE,112,118
20643,0x00CF,152,162
20643,0x00D0,192,206
20643,0x0874,86,222
20643,0x0875,1,42
20643,0x0876,222,86
20643,0x0877,42,1
20643,0x0894,14,22
20643,0x0895,58,91
20643,0x0896,22,14
20643,0x0897,91,58
20643,0x0908,190,212
20643,0x090C,182,204
20643,0x0910,234,230
20643,0x0914,250,246
20643,0x0918,186,185
20643,0x0919,119,103
20643,0x091A,174,192
20643,0x091B,34,98
20643,0x091C,170,185
20643,0x091E,172,226
20643,0x0920,186,169
20643,0x0921,103,119
20643,0x0922,142,224
20643,0x0924,170,169
20643,0x0926,140,192
20643,0x0928,193,189
20643,0x0929,84,90
20643,0x092C,209,205
20643,0x092D,84,90
20643,0x0B26,12,13
20643,0x0B28,24,26
20643,0x0B86,12,13
20643,0x0B88,24,26
20643,0x0F99,12,13
20643,0x0F9D,12,13
20643,0x0FD1,12,13
20643,0x0FF0,12,13
20643,0x103C,2,0
20643,0x1091,190,212
20643,0x10A6,247,245
20643,0x16D0,112,216
20643,0x16D1,250,246
20643,0x16E6,243,241
20643,0x16F5,180,178
20643,0x16F8,7,5
20643,0x1751,186,185
20643,0x1764,221,223
20643,0x1766,1,3
20643,0x176C,127,110
20643,0x1770,14,12
20643,0x1790,28,132
20643,0x1791,209,205
20643,0x1793,23,162
20643,0x1794,92,98
20643,0x1799,31,61
20643,0x179D,47,239
20643,0x17A6,220,218
20643,0x17B5,157,155
20643,0x17B8,2,53
20643,0x17BA,99,103
20645,0x0020,205,201
20645,0x0022,90,96
20645,0x002A,128,8
20645,0x0069,139,141
20645,0x006B,69,71
20645,0x0072,78,80
20645,0x007B,13,14
20645,0x0098,0,64
20645,0x009B,0,64
20645,0x009F,0,64
20645,0x00AD,28,30
20645,0x00B7,12,14
20645,0x00CD,86,89
20645,0x00CE,118,124
20645,0x00CF,162,172
20645,0x00D0,206,220
20645,0x00FA,0,64
20645,0x00FC,0,64
20645,0x0874,222,86
20645,0x0875,42,1
20645,0x0876,86,222
20645,0x0877,1,42
20645,0x0894,22,14
20645,0x0895,91,58
20645,0x0896,14,22
20645,0x0897,58,91
20645,0x0908,212,234
20645,0x090C,204,226
20645,0x0910,230,102
20645,0x0911,56,108
20645,0x0912,2,9
20645,0x0913,103,34
20645,0x0914,246,94
20645,0x0915,56,108
20645,0x0916,0,8
20645,0x0917,103,34
20645,0x0918,185,227
20645,0x0919,103,56
20645,0x091A,192,2
20645,0x091B,98,103
20645,0x091C,185,243
20645,0x091D,119,56
20645,0x091E,226,0
20645,0x091F,34,103
20645,0x0920,169,184
20645,0x0921,119,103
20645,0x0922,224,192
20645,0x0923,34,98
20645,0x0924,169,184
20645,0x0925,103,119
20645,0x0926,192,226
20645,0x0928,189,168
20645,0x0929,90,119
20645,0x092A,2,224
20645,0x092B,103,34
20645,0x092C,205,168
20645,0x092D,90,103
20645,0x092E,0,192
20645,0x092F,103,34
20645,0x0930,211,185
20645,0x0931,224,96
20645,0x0934,227,201
20645,0x0935,224,96
20645,0x0B01,170,160
20645,0x0B03,0,10
20645,0x0B24,134,135
20645,0x0B26,13,14
20645,0x0B28,26,28
20645,0x0B84,134,135
20645,0x0B86,13,14
20645,0x0B88,26,28
20645,0x0C2E,240,37
20645,0x0C2F,0,224
20645,0x0F99,13,14
20645,0x0F9D,13,14
20645,0x0FD1,13,14
20645,0x0FF0,13,14
20645,0x103B,0,2
20645,0x103C,0,10
20645,0x1091,212,234
20645,0x10A6,245,243
20645,0x10C0,0,200
20645,0x10C1,225,175
20645,0x10D1,179,102
20645,0x10E2,227,65
20645,0x10E4,229,67
20645,0x10E6,1,255
20645,0x10EC,45,17
20645,0x16D0,216,64
20645,0x16D1,246,243
20645,0x16E6,241,239
20645,0x16F5,178,176
20645,0x16F8,5,3
20645,0x1751,185,184
20645,0x1766,3,1
20645,0x1770,12,10
20645,0x1790,132,236
20645,0x1791,205,201
20645,0x1793,162,233
20645,0x1794,98,104
20645,0x1799,61,27
20645,0x17A6,218,216
20645,0x17B5,155,153
20645,0x17B8,53,51
20647,0x0020,201,198
20647,0x0022,96,102
20647,0x002A,8,128
20647,0x0069,141,143
20647,0x006B,71,73
20647,0x0071,78,80
20647,0x007B,14,15
20647,0x0098,64,0
20647,0x009B,64,0
20647,0x009F,64,0
20647,0x00AD,30,32
20647,0x00B7,14,12
20647,0x00CD,89,92
20647,0x00CE,124,130
20647,0x00CF,172,182
20647,0x00D0,220,234
20647,0x00FA,64,0
20647,0x00FC,64,0
20647,0x0874,86,222
20647,0x0875,1,42
20647,0x0876,222,86
20647,0x0877,42,1
20647,0x0894,14,22
20647,0x0895,58,91
20647,0x0896,22,14
20647,0x0897,91,58
20647,0x0908,234,124
20647,0x090C,226,116
20647,0x0910,102,223
20647,0x0911,108,56
20647,0x0912,9,2
20647,0x0913,34,103
20647,0x0914,94,239
20647,0x0915,108,56
20647,0x0916,8,0
20647,0x0917,34,103
20647,0x0918,227,183
20647,0x0919,56,119
20647,0x091A,2,230
20647,0x091B,103,34
20647,0x091C,243,183
20647,0x091D,56,103
20647,0x091E,0,196
20647,0x091F,103,98
20647,0x0920,184,167
20647,0x0921,103,119
20647,0x0922,192,228
20647,0x0923,98,34
20647,0x0924,184,167
20647,0x0925,119,103
20647,0x0926,226,196
20647,0x0928,168,182
20647,0x0929,119,102
20647,0x092A,224,2
20647,0x092B,34,103
20647,0x092C,168,198
20647,0x092D,103,102
20647,0x092E,192,0
20647,0x092F,34,103
20647,0x0930,185,96
20647,0x0931,96,224
20647,0x0933,103,32
20647,0x0934,201,80
20647,0x0935,96,224
20647,0x0937,103,32
20647,0x0B01,160,170
20647,0x0B03,10,0
20647,0x0B26,14,15
20647,0x0B28,28,30
20647,0x0B86,14,15
20647,0x0B88,28,30
20647,0x0F99,14,15
20647,0x0F9D,14,15
20647,0x0FD1,14,15
20647,0x0FF0,14,15
20647,0x103B,2,0
20647,0x103C,10,8
20647,0x1080,200,0
20647,0x1091,234,0
20647,0x1092,0,1
20647,0x10A6,243,242
20647,0x10D1,102,124
20647,0x10E6,255,253
20647,0x16D0,64,168
20647,0x16D1,243,239
20647,0x16E6,239,237
20647,0x16F5,176,174
20647,0x16F8,3,1
20647,0x1751,184,183
20647,0x1764,223,225
20647,0x1766,1,3
20647,0x176C,110,93
20647,0x1770,10,8
20647,0x1790,236,84
20647,0x1791,201,198
20647,0x1793,233,236
20647,0x1794,104,110
20647,0x1799,27,249
20647,0x179A,3,2
20647,0x17A6,216,214
20647,0x17B5,153,151
20647,0x17B8,51,49
20647,0xFFFF,168,169
20649,0x0004,6,8
20649,0x0020,198,194
20649,0x0022,102,108
20649,0x0069,143,145
20649,0x006B,73,75
20649,0x007B,15,16
20649,0x00AD,32,34
20649,0x00CD,92,95
20649,0x00CE,130,136
20649,0x00CF,182,192
20649,0x00D0,234,248
20649,0x0501,131,81
20649,0x0502,86,94
20649,0x0503,20,4
20649,0x0508,65,17
20649,0x0509,81,84
20649,0x050B,20,4
20649,0x0510,86,90
20649,0x0512,40,24
20649,0x0516,128,66
20649,0x0517,90,81
20649,0x0519,32,44
20649,0x051D,64,132
20649,0x051E,81,86
20649,0x0520,52,64
20649,0x0600,0,116
20649,0x0601,0,16
20649,0x0602,0,118
20649,0x0603,0,16
20649,0x060E,0,189
20649,0x060F,0,26
20649,0x0610,0,113
20649,0x0611,0,24
20649,0x0612,0,106
20649,0x0613,0,88
20649,0x0618,0,190
20649,0x0619,0,12
20649,0x061A,0,206
20649,0x061B,0,12
20649,0x061C,0,95
20649,0x061D,0,80
20649,0x061E,0,11
20649,0x061F,0,16
20649,0x0620,0,11
20649,0x0621,0,16
20649,0x0622,185,11
20649,0x0623,12,16
20649,0x0624,165,28
20649,0x0625,12,17
20649,0x0626,172,44
20649,0x0627,12,17
20649,0x0628,0,116
20649,0x0629,0,16
20649,0x062A,0,117
20649,0x062B,0,16
20649,0x0632,0,181
20649,0x0633,0,12
20649,0x0634,0,197
20649,0x0635,0,12
20649,0x0636,0,197
20649,0x0637,0,12
20649,0x0638,0,197
20649,0x0639,0,12
20649,0x063A,0,197
20649,0x063B,0,12
20649,0x063C,148,197
20649,0x063E,153,173
20649,0x0640,158,0
20649,0x0641,12,0
20649,0x0642,158,0
20649,0x0643,12,0
20649,0x0644,164,0
20649,0x0645,12,0
20649,0x0646,172,0
20649,0x0647,12,0
20649,0x0874,222,86
20649,0x0875,42,1
20649,0x0876,86,222
20649,0x0877,1,42
20649,0x0894,22,14
20649,0x0895,91,58
20649,0x0896,14,22
20649,0x0897,58,91
20649,0x0908,124,146
20649,0x090C,116,138
20649,0x0910,223,220
20649,0x0914,239,236
20649,0x0918,183,182
20649,0x091C,183,182
20649,0x0920,167,166
20649,0x0924,167,166
20649,0x0928,182,178
20649,0x0929,102,108
20649,0x092C,198,194
20649,0x092D,102,108
20649,0x0B22,67,68
20649,0x0B24,135,136
20649,0x0B26,15,16
20649,0x0B28,30,32
20649,0x0B82,67,68
20649,0x0B84,135,136
20649,0x0B86,15,16
20649,0x0B88,30,32
20649,0x0F99,15,16
20649,0x0F9D,15,16
20649,0x0FD1,15,16
20649,0x0FF0,15,16
20649,0x103C,8,6
20649,0x10D1,124,146
20649,0x10E6,253,251
20649,0x16D0,168,16
20649,0x16D1,239,236
20649,0x16D3,0,141
20649,0x16D9,0,94
20649,0x16DD,239,47
20649,0x16E6,237,235
20649,0x16F5,174,172
20649,0x16F8,1,17
20649,0x16F9,6,2
20649,0x16FA,95,99
20649,0x1751,183,182
20649,0x1766,3,1
20649,0x1770,8,6
20649,0x1790,84,188
20649,0x1791,198,194
20649,0x1793,236,171
20649,0x1794,110,116
20649,0x1799,249,215
20649,0x17A6,214,212
20649,0x17B5,151,149
20649,0x17B8,49,47
20651,0x0020,194,191
20651,0x0022,108,114
20651,0x0069,145,147
20651,0x006B,75,77
20651,0x007B,16,17
20651,0x0098,0,64
20651,0x009B,0,64
20651,0x009F,0,64
20651,0x00AD,34,36
20651,0x00CD,95,98
20651,0x00CE,136,142
20651,0x00CF,192,202
20651,0x00D0,248,6
20651,0x00FA,0,64
20651,0x00FC,0,64
20651,0x017D,52,53
20651,0x0874,86,222
20651,0x0875,1,42
20651,0x0876,222,86
20651,0x0877,42,1
20651,0x0894,14,22
20651,0x0895,58,91
20651,0x0896,22,14
20651,0x0897,91,58
20651,0x0908,146,168
20651,0x090C,138,160
20651,0x0910,220,216
20651,0x0911,56,57
20651,0x0914,236,232
20651,0x0915,56,57
20651,0x0918,182,181
20651,0x091A,230,194
20651,0x091B,34,98
20651,0x091C,182,165
20651,0x091D,103,119
20651,0x091E,196,194
20651,0x091F,98,34
20651,0x0920,166,181
20651,0x0921,119,103
20651,0x0922,228,130
20651,0x0923,34,98
20651,0x0924,166,165
20651,0x0926,196,130
20651,0x0928,178,175
20651,0x0929,108,114
20651,0x092C,194,191
20651,0x092D,108,114
20651,0x0B26,16,17
20651,0x0B28,32,34
20651,0x0B86,16,17
20651,0x0B88,32,34
20651,0x0F99,16,17
20651,0x0F9D,16,17
20651,0x0FD1,16,17
20651,0x0FF0,16,17
20651,0x103C,6,4
20651,0x10D1,146,168
20651,0x10E6,251,249
20651,0x16D0,16,120
20651,0x16D1,236,232
20651,0x16D3,141,214
20651,0x16D4,64,65
20651,0x16D9,94,188
20651,0x16E6,235,233
20651,0x16F5,172,170
20651,0x16F8,17,15
20651,0x1751,182,181
20651,0x1764,225,227
20651,0x1766,1,254
20651,0x176C,93,76
20651,0x1770,6,4
20651,0x1790,188,36
20651,0x1791,194,191
20651,0x1793,171,38
20651,0x1794,116,122
20651,0x1799,215,181
20651,0x17A6,212,210
20651,0x17B5,149,147
20651,0x17B8,47,45
20653,0x0000,74,80
20653,0x0001,176,252
20653,0x0002,2,4
20653,0x0020,191,173
20653,0x0022,114,108
20653,0x0024,0,128
20653,0x0026,103,34
20653,0x0028,38,34
20653,0x002A,128,2
20653,0x0069,147,149
20653,0x006B,77,79
20653,0x006E,0,34
20653,0x0072,80,82
20653,0x007B,17,18
20653,0x0098,64,0
20653,0x009B,64,0
20653,0x009F,64,0
20653,0x00AD,36,38
20653,0x00B7,12,13
20653,0x00CA,2,1
20653,0x00CD,98,101
20653,0x00CE,142,148
20653,0x00CF,202,212
20653,0x00D0,6,20
20653,0x00D7,33,36
20653,0x00DA,7,8
20653,0x00FA,64,0
20653,0x00FC,64,0
20653,0x0175,52,54
20653,0x0176,107,129
20653,0x0177,176,252
20653,0x017C,0,244
20653,0x017D,53,52
20653,0x040E,55,56
20653,0x041E,49,52
20653,0x0874,222,86
20653,0x0875,42,1
20653,0x0876,86,222
20653,0x0877,1,42
20653,0x0894,22,14
20653,0x0895,91,58
20653,0x0896,14,22
20653,0x0897,58,91
20653,0x0908,168,171
20653,0x0909,108,104
20653,0x090A,9,46
20653,0x090C,160,212
20653,0x090D,108,59
20653,0x090E,8,2
20653,0x090F,34,103
20653,0x0910,216,228
20653,0x0911,57,59
20653,0x0912,2,0
20653,0x0914,232,180
20653,0x0915,57,119
20653,0x0916,0,194
20653,0x0917,103,98
20653,0x0918,181,164
20653,0x091B,98,34
20653,0x091C,165,180
20653,0x091D,119,103
20653,0x091E,194,130
20653,0x091F,34,98
20653,0x0920,181,164
20653,0x0923,98,34
20653,0x0924,165,189
20653,0x0925,103,108
20653,0x0926,130,128
20653,0x0927,34,98
20653,0x0928,175,189
20653,0x0929,114,124
20653,0x092A,2,162
20653,0x092B,103,34
20653,0x092C,191,173
20653,0x092D,114,124
20653,0x092E,0,160
20653,0x092F,103,34
20653,0x0930,96,173
20653,0x0931,224,108
20653,0x0932,2,128
20653,0x0933,32,34
20653,0x0B00,10,170
20653,0x0B03,0,2
20653,0x0B24,136,137
20653,0x0B26,17,18
20653,0x0B28,34,36
20653,0x0B84,136,137
20653,0x0B86,17,18
20653,0x0B88,34,36
20653,0x0C30,1,44
20653,0x0C31,0,61
20653,0x0D66,2,1
20653,0x0F99,17,18
20653,0x0F9D,17,18
20653,0x0FD1,17,18
20653,0x0FF0,17,18
20653,0x103C,4,2
20653,0x10C0,200,192
20653,0x10C1,175,225
20653,0x10D1,168,179
20653,0x10E2,65,227
20653,0x10E4,67,229
20653,0x10E6,249,1
20653,0x10EC,17,45
20653,0x16D0,120,224
20653,0x16D1,232,228
20653,0x16D3,214,219
20653,0x16D4,65,67
20653,0x16D9,188,26
20653,0x16DA,0,1
20653,0x16E6,233,231
20653,0x16F5,170,168
20653,0x16F8,15,13
20653,0x1751,181,180
20653,0x1766,254,252
20653,0x1770,4,2
20653,0x1780,200,208
20653,0x1781,74,192
20653,0x1782,176,252
20653,0x1783,2,4
20653,0x1788,3,255
20653,0x1790,36,88
20653,0x1791,191,189
20653,0x1793,38,202
20653,0x1794,122,124
20653,0x1799,181,164
20653,0x17A0,154,146
20653,0x17A2,220,213
20653,0x17A3,8,11
20653,0x17A4,222,215
20653,0x17A5,8,11
20653,0x17A6,210,3
20653,0x17A7,6,2
20653,0x17A8,0,128
20653,0x17A9,1,0
20653,0x17AA,238,164
20653,0x17AC,124,201
20653,0x17AD,12,41
20653,0x17B0,128,26
20653,0x17B5,147,146
20653,0x17B8,45,44
20655,0x0000,80,192
20655,0x0020,173,172
20655,0x002A,2,128
20655,0x0069,149,151
20655,0x006B,79,81
20655,0x006E,34,0
20655,0x0071,80,82
20655,0x007B,18,19
20655,0x00AD,38,40
20655,0x00B7,13,8
20655,0x00CD,101,104
20655,0x00CE,148,154
20655,0x00CF,212,222
20655,0x00D0,20,34
20655,0x0175,54,52
20655,0x0176,129,107
20655,0x0177,252,176
20655,0x017C,244,0
20655,0x02FD,39,41
20655,0x0874,86,222
20655,0x0875,1,42
20655,0x0876,222,86
20655,0x0877,42,1
20655,0x0894,14,22
20655,0x0895,58,91
20655,0x0896,22,14
20655,0x0897,91,58
20655,0x0908,171,209
20655,0x0909,104,62
20655,0x090A,46,2
20655,0x090B,34,103
20655,0x090C,212,225
20655,0x090D,59,62
20655,0x090E,2,0
20655,0x0910,228,188
20655,0x0911,59,108
20655,0x0912,0,128
20655,0x0913,103,98
20655,0x0914,180,188
20655,0x0915,119,124
20655,0x0916,194,162
20655,0x0917,98,34
20655,0x0918,164,172
20655,0x0919,119,124
20655,0x091A,194,160
20655,0x091C,180,172
20655,0x091D,103,108
20655,0x091E,130,128
20655,0x091F,98,34
20655,0x0920,164,211
20655,0x0921,103,224
20655,0x0922,130,2
20655,0x0923,34,103
20655,0x0924,189,227
20655,0x0925,108,224
20655,0x0926,128,0
20655,0x0927,98,103
20655,0x0928,189,96
20655,0x0929,124,224
20655,0x092A,162,2
20655,0x092B,34,32
20655,0x092C,173,80
20655,0x092D,124,224
20655,0x092E,160,0
20655,0x092F,34,32
20655,0x0931,108,224
20655,0x0B02,170,0
20655,0x0B03,2,0
20655,0x0B26,18,19
20655,0x0B28,36,38
20655,0x0B86,18,19
20655,0x0B88,36,38
20655,0x0F99,18,19
20655,0x0F9D,18,19
20655,0x0FD1,18,19
20655,0x0FF0,18,19
20655,0x103C,2,0
20655,0x10C0,192,0
20655,0x16D0,224,72
20655,0x16D1,228,225
20655,0x16D3,219,156
20655,0x16D4,67,70
20655,0x16D9,26,120
20655,0x16E6,231,229
20655,0x16F5,168,166
20655,0x16F8,13,11
20655,0x1740,208,0
20655,0x1751,180,179
20655,0x1766,252,251
20655,0x1770,2,0
20655,0x1791,189,188
20655,0x17A6,3,1
20655,0x17B0,26,24
20655,0xFFFF,169,170
20657,0x0004,8,10
20657,0x0020,172,171
20657,0x0024,128,132
20657,0x002A,128,8
20657,0x0069,151,153
20657,0x006B,81,83
20657,0x0072,82,84
20657,0x007B,19,20
20657,0x0098,0,64
20657,0x009B,0,64
20657,0x009F,0,64
20657,0x00AD,40,42
20657,0x00B7,8,10
20657,0x00CD,104,107
20657,0x00CE,154,160
20657,0x00CF,222,232
20657,0x00D0,34,48
20657,0x00FA,0,64
20657,0x00FC,0,64
20657,0x0501,81,133
20657,0x0502,94,86
20657,0x0503,4,20
20657,0x0600,116,0
20657,0x0601,16,0
20657,0x0602,118,0
20657,0x0603,16,0
20657,0x060E,189,0
20657,0x060F,26,0
20657,0x0610,113,0
20657,0x0611,24,0
20657,0x0612,106,0
20657,0x0613,88,0
20657,0x0874,222,86
20657,0x0875,42,1
20657,0x0876,86,222
20657,0x0877,1,42
20657,0x0894,22,14
20657,0x0895,91,58
20657,0x0896,14,22
20657,0x0897,58,91
20657,0x0908,209,102
20657,0x0909,62,108
20657,0x090A,2,9
20657,0x090B,103,34
20657,0x090C,225,94
20657,0x090D,62,108
20657,0x090E,0,8
20657,0x090F,103,34
20657,0x0910,188,205
20657,0x0911,108,66
20657,0x0912,128,2
20657,0x0913,98,103
20657,0x0914,188,221
20657,0x0915,124,66
20657,0x0916,162,0
20657,0x0917,34,103
20657,0x0918,172,187
20657,0x091A,160,166
20657,0x091C,172,171
20657,0x091D,108,124
20657,0x091E,128,164
20657,0x0920,211,187
20657,0x0921,224,108
20657,0x0922,2,134
20657,0x0923,103,34
20657,0x0924,227,171
20657,0x0925,224,108
20657,0x0926,0,132
20657,0x0927,103,34
20657,0x0B00,170,10
20657,0x0B02,0,10
20657,0x0B22,68,69
20657,0x0B24,137,138
20657,0x0B26,19,20
20657,0x0B28,38,40
20657,0x0B82,68,69
20657,0x0B84,137,138
20657,0x0B86,19,20
20657,0x0B88,38,40
20657,0x0C32,2,37
20657,0x0C33,0,224
20657,0x0F99,19,20
20657,0x0F9D,19,20
20657,0x0FD1,19,20
20657,0x0FF0,19,20
20657,0x103B,0,2
20657,0x103C,0,10
20657,0x1080,0,200
20657,0x1091,0,102
20657,0x1092,1,0
20657,0x10A6,242,255
20657,0x16D0,72,176
20657,0x16D1,225,221
20657,0x16D3,156,25
20657,0x16D4,70,74
20657,0x16D9,120,214
20657,0x16E6,229,227
20657,0x16F5,166,164
20657,0x16F8,11,9
20657,0x1791,188,187
20657,0x17A4,215,217
20657,0x17A6,1,2
20657,0x17AC,201,161
20657,0x17AD,41,42
20657,0x17B0,24,22
20659,0x0020,171,170
20659,0x0024,132,136
20659,0x0069,153,155
20659,0x006B,83,85
20659,0x0071,82,84
20659,0x007B,20,21
20659,0x0098,64,0
20659,0x009B,64,0
20659,0x009F,64,0
20659,0x00AD,42,44
20659,0x00CD,107,110
20659,0x00CE,160,166
20659,0x00CF,232,242
20659,0x00D0,48,62
20659,0x00FA,64,0
20659,0x00FC,64,0
20659,0x02FD,41,39
20659,0x0874,86,222
20659,0x0875,1,42
20659,0x0876,222,86
20659,0x0877,42,1
20659,0x0894,14,22
20659,0x0895,58,91
20659,0x0896,22,14
20659,0x0897,91,58
20659,0x0908,102,124
20659,0x090C,94,116
20659,0x0910,205,202
20659,0x0911,66,70
20659,0x0914,221,218
20659,0x0915,66,70
20659,0x0918,187,186
20659,0x091A,166,170
20659,0x091C,171,170
20659,0x091E,164,168
20659,0x0920,187,186
20659,0x0922,134,138
20659,0x0924,171,170
20659,0x0926,132,136
20659,0x0B26,20,21
20659,0x0B28,40,42
20659,0x0B86,20,21
20659,0x0B88,40,42
20659,0x0F99,20,21
20659,0x0F9D,20,21
20659,0x0FD1,20,21
20659,0x0FF0,20,21
20659,0x103B,2,0
20659,0x103C,10,8
20659,0x1091,102,124
20659,0x10A6,255,253
20659,0x16D0,176,24
20659,0x16D1,221,218
20659,0x16D3,25,82
20659,0x16D4,74,78
20659,0x16D9,214,52
20659,0x16DA,1,2
20659,0x16E6,227,225
20659,0x16F5,164,162
20659,0x16F8,9,7
20659,0x1791,187,186
20659,0x17A4,217,219
20659,0x17A6,2,3
20659,0x17AC,161,144
20659,0x17B0,22,20
20659,0xFFFF,170,171
20661,0x0020,170,169
20661,0x0069,155,157
20661,0x006B,85,87
20661,0x007B,21,22
20661,0x00AD,44,46
20661,0x00CD,110,113
20661,0x00CE,166,172
20661,0x00CF,242,252
20661,0x00D0,62,76
20661,0x02FD,39,41
20661,0x0874,222,86
20661,0x0875,42,1
20661,0x0876,86,222
20661,0x0877,1,42
20661,0x0894,22,14
20661,0x0895,91,58
20661,0x0896,14,22
20661,0x0897,58,91
20661,0x0908,124,146
20661,0x090C,116,138
20661,0x0910,202,198
20661,0x0911,70,75
20661,0x0914,218,214
20661,0x0915,70,75
20661,0x0918,186,185
20661,0x091C,170,169
20661,0x0920,186,185
20661,0x0924,170,169
20661,0x0B24,138,139
20661,0x0B26,21,22
20661,0x0B28,42,44
20661,0x0B84,138,139
20661,0x0B86,21,22
20661,0x0B88,42,44
20661,0x0F99,21,22
20661,0x0F9D,21,22
20661,0x0FD1,21,22
20661,0x0FF0,21,22
20661,0x103C,8,6
20661,0x1091,124,146
20661,0x10A6,253,251
20661,0x16D0,24,128
20661,0x16D1,218,214
20661,0x16D3,82,71
20661,0x16D4,78,83
20661,0x16D9,52,146
20661,0x16E6,225,223
20661,0x16F5,162,160
20661,0x16F8,7,5
20661,0x1791,186,185
20661,0x17A6,3,1
20661,0x17B0,20,18
20663,0x0020,169,168
20663,0x0024,136,140
20663,0x0069,157,159
20663,0x006B,87,89
20663,0x007B,22,23
20663,0x0098,0,64
20663,0x009B,0,64
20663,0x009F,0,64
20663,0x00AD,46,48
20663,0x00CD,113,116
20663,0x00CE,172,178
20663,0x00CF,252,6
20663,0x00D0,76,91
20663,0x00FA,0,64
20663,0x00FC,0,64
20663,0x02FD,41,39
20663,0x0874,86,222
20663,0x0875,1,42
20663,0x0876,222,86
20663,0x0877,42,1
20663,0x0894,14,22
20663,0x0895,58,91
20663,0x0896,22,14
20663,0x0897,91,58
20663,0x0908,146,168
20663,0x090C,138,160
20663,0x0910,198,194
20663,0x0911,75,80
20663,0x0914,214,210
20663,0x0915,75,80
20663,0x0918,185,184
20663,0x091A,170,174
20663,0x091C,169,168
20663,0x091E,168,172
20663,0x0920,185,184
20663,0x0922,138,142
20663,0x0924,169,168
20663,0x0926,136,140
20663,0x0B26,22,23
20663,0x0B28,44,46
20663,0x0B86,22,23
20663,0x0B88,44,46
20663,0x0F99,22,23
20663,0x0F9D,22,23
20663,0x0FD1,22,23
20663,0x0FF0,22,23
20663,0x103C,6,4
20663,0x1091,146,168
20663,0x10A6,251,249
20663,0x16D0,128,232
20663,0x16D1,214,210
20663,0x16D3,71,248
20663,0x16D4,83,88
20663,0x16D9,146,240
20663,0x16E6,223,221
20663,0x16F5,160,158
20663,0x16F8,5,3
20663,0x1791,185,184
20663,0x17A4,219,221
20663,0x17A6,1,3
20663,0x17AC,144,127
20663,0x17B0,18,16
20665,0x0004,10,12
20665,0x0020,168,167
20665,0x0069,159,161
20665,0x006B,89,91
20665,0x007B,23,24
20665,0x0098,64,0
20665,0x009B,64,0
20665,0x009F,64,0
20665,0x00AD,48,50
20665,0x00CD,116,119
20665,0x00CE,178,184
20665,0x00CF,6,16
20665,0x00D0,91,105
20665,0x00FA,64,0
20665,0x00FC,64,0
20665,0x0501,133,131
20665,0x0502,86,90
20665,0x0508,17,67
20665,0x0509,84,81
20665,0x050B,4,20
20665,0x050F,130,134
20665,0x0510,90,86
20665,0x0512,24,40
20665,0x0600,0,118
20665,0x0601,0,16
20665,0x0602,0,120
20665,0x0603,0,16
20665,0x0604,0,217
20665,0x0605,0,80
20665,0x0606,0,154
20665,0x0607,0,17
20665,0x0608,0,11
20665,0x0609,0,16
20665,0x060A,0,11
20665,0x060B,0,16
20665,0x060C,0,29
20665,0x060D,0,17
20665,0x060E,0,45
20665,0x060F,0,17
20665,0x0610,0,116
20665,0x0611,0,16
20665,0x0612,0,118
20665,0x0613,0,16
20665,0x0618,190,0
20665,0x0619,12,0
20665,0x061A,206,0
20665,0x061B,12,0
20665,0x061C,95,0
20665,0x061D,80,0
20665,0x061E,11,0
20665,0x061F,16,0
20665,0x0620,11,0
20665,0x0621,16,0
20665,0x0622,11,0
20665,0x0623,16,0
20665,0x0624,28,0
20665,0x0625,17,0
20665,0x0626,44,0
20665,0x0627,17,0
20665,0x0628,116,0
20665,0x0629,16,0
20665,0x062A,117,0
20665,0x062B,16,0
20665,0x0632,181,0
20665,0x0633,12,0
20665,0x0634,197,0
20665,0x0635,12,0
20665,0x0636,197,0
20665,0x0637,12,0
20665,0x0638,197,0
20665,0x0639,12,0
20665,0x063A,197,0
20665,0x063B,12,0
20665,0x0874,222,86
20665,0x0875,42,1
20665,0x0876,86,222
20665,0x0877,1,42
20665,0x0894,22,14
20665,0x0895,91,58
20665,0x0896,14,22
20665,0x0897,58,91
20665,0x0908,168,190
20665,0x090C,160,182
20665,0x0910,194,191
20665,0x0911,80,87
20665,0x0914,210,207
20665,0x0915,80,87
20665,0x0918,184,183
20665,0x091C,168,167
20665,0x0920,184,183
20665,0x0924,168,167
20665,0x0B22,69,70
20665,0x0B24,139,140
20665,0x0B26,23,24
20665,0x0B28,46,48
20665,0x0B82,69,70
20665,0x0B84,139,140
20665,0x0B86,23,24
20665,0x0B88,46,48
20665,0x0F99,23,24
20665,0x0F9D,23,24
20665,0x0FD1,23,24
20665,0x0FF0,23,24
20665,0x103C,4,2
20665,0x1091,168,190
20665,0x10A6,249,247
20665,0x16D0,232,80
20665,0x16D1,210,207
20665,0x16D3,248,101
20665,0x16D4,88,95
20665,0x16D9,240,78
20665,0x16DA,2,3
20665,0x16E6,221,219
20665,0x16F5,158,156
20665,0x16F8,3,1
20665,0x1791,184,183
20665,0x17A6,3,1
20665,0x17B0,16,14
20667,0x0020,167,166
20667,0x0024,140,192
20667,0x0069,161,163
20667,0x006B,91,93
20667,0x007B,24,25
20667,0x00AD,50,52
20667,0x00CD,119,122
20667,0x00CE,184,190
20667,0x00CF,16,26
20667,0x00D0,105,119
20667,0x0874,86,222
20667,0x0875,1,42
20667,0x0876,222,86
20667,0x0877,42,1
20667,0x0894,14,22
20667,0x0895,58,91
20667,0x0896,22,14
20667,0x0897,91,58
20667,0x0908,190,212
20667,0x090C,182,204
20667,0x0910,191,187
20667,0x0911,87,93
20667,0x0914,207,203
20667,0x0915,87,93
20667,0x0918,183,182
20667,0x0919,124,108
20667,0x091A,174,192
20667,0x091B,34,98
20667,0x091C,167,182
20667,0x091E,172,226
20667,0x0920,183,166
20667,0x0921,108,124
20667,0x0922,142,224
20667,0x0924,167,166
20667,0x0926,140,192
20667,0x0B26,24,25
20667,0x0B28,48,50
20667,0x0B86,24,25
20667,0x0B88,48,50
20667,0x0F99,24,25
20667,0x0F9D,24,25
20667,0x0FD1,24,25
20667,0x0FF0,24,25
20667,0x103C,2,0
20667,0x1091,190,212
20667,0x10A6,247,245
20667,0x16D0,80,184
20667,0x16D1,207,203
20667,0x16D3,101,206
20667,0x16D4,95,101
20667,0x16D9,78,44
20667,0x16DD,47,239
20667,0x16E6,219,217
20667,0x16F5,156,154
20667,0x16F8,1,52
20667,0x16FA,99,103
20667,0x1791,183,182
20667,0x17A4,221,223
20667,0x17A6,1,3
20667,0x17AC,127,110
20667,0x17B0,14,12
20669,0x0020,166,165
20669,0x002A,8,2
20669,0x0069,163,165
20669,0x006B,93,95
20669,0x0071,84,86
20669,0x0072,84,88
20669,0x007B,25,26
20669,0x0098,0,64
20669,0x009B,0,64
20669,0x009F,0,64
20669,0x00AD,52,54
20669,0x00B7,10,13
20669,0x00CA,1,0
20669,0x00CD,122,125
20669,0x00CE,190,196
20669,0x00CF,26,36
20669,0x00D0,119,133
20669,0x00D7,36,39
20669,0x00DA,8,9
20669,0x00FA,0,64
20669,0x00FC,0,64
20669,0x0171,0,223
20669,0x0172,52,144
20669,0x0173,173,229
20669,0x0174,178,4
20669,0x0176,107,197
20669,0x0177,176,250
20669,0x017D,52,116
20669,0x040E,56,57
20669,0x041E,52,55
20669,0x0908,212,102
20669,0x090C,204,94
20669,0x0910,187,194
20669,0x0912,2,236
20669,0x0913,103,34
20669,0x0915,93,85
20669,0x0916,0,128
20669,0x0917,103,98
20669,0x0918,182,203
20669,0x0919,108,101
20669,0x091A,192,162
20669,0x091B,98,34
20669,0x091C,182,187
20669,0x091D,124,101
20669,0x091E,226,160
20669,0x0920,166,187
20669,0x0921,124,85
20669,0x0922,224,128
20669,0x0924,166,181
20669,0x0927,34,98
20669,0x0928,96,181
20669,0x0929,224,124
20669,0x092A,2,226
20669,0x092B,32,34
20669,0x092C,80,165
20669,0x092D,224,124
20669,0x092E,0,224
20669,0x092F,32,34
20669,0x0930,173,165
20669,0x0931,224,108
20669,0x0932,128,192
20669,0x0B02,10,170
20669,0x0B03,0,2
20669,0x0B24,140,141
20669,0x0B26,25,26
20669,0x0B28,50,52
20669,0x0B84,140,141
20669,0x0B86,25,26
20669,0x0B88,50,52
20669,0x0C34,58,44
20669,0x0C35,0,75
20669,0x0C36,58,37
20669,0x0C37,0,224
20669,0x0D66,1,0
20669,0x0F99,25,26
20669,0x0F9D,25,26
20669,0x0FD1,25,26
20669,0x0FF0,25,26
20669,0x103B,0,2
20669,0x103C,0,10
20669,0x1080,200,0
20669,0x1081,175,225
20669,0x10A2,65,227
20669,0x10A4,67,229
20669,0x10A6,245,1
20669,0x10AC,17,45
20669,0x10C0,0,200
20669,0x10C1,225,175
20669,0x10D1,179,102
20669,0x10E2,227,65
20669,0x10E4,229,67
20669,0x10E6,1,255
20669,0x10EC,45,17
20669,0x1400,0,200
20669,0x1401,0,186
20669,0x1402,0,250
20669,0x1403,0,4
20669,0x1404,0,115
20669,0x1405,0,251
20669,0x1406,0,4
20669,0x1410,0,176
20669,0x1411,0,202
20669,0x1413,0,120
20669,0x1414,0,101
20669,0x1416,0,176
20669,0x1417,0,255
20669,0x1418,0,255
20669,0x1419,0,118
20669,0x141C,0,240
20669,0x141D,0,254
20669,0x141E,0,7
20669,0x141F,0,7
20669,0x1420,0,114
20669,0x1421,0,4
20669,0x1422,0,65
20669,0x1423,0,7
20669,0x1424,0,67
20669,0x1425,0,7
20669,0x1426,0,255
20669,0x1427,0,2
20669,0x1428,0,236
20669,0x142B,0,8
20669,0x142C,0,156
20669,0x142D,0,12
20669,0x1430,0,1
20669,0x1432,0,12
20669,0x1433,0,5
20669,0x1435,0,119
20669,0x16C0,200,208
20669,0x16C1,74,192
20669,0x16C2,176,252
20669,0x16C3,2,4
20669,0x16C8,3,255
20669,0x16E0,154,146
20669,0x16E2,220,213
20669,0x16E3,8,11
20669,0x16E4,222,215
20669,0x16E5,8,11
20669,0x16E6,217,2
20669,0x16E7,6,2
20669,0x16E8,0,128
20669,0x16E9,1,0
20669,0x16EA,238,164
20669,0x16EC,124,201
20669,0x16ED,12,41
20669,0x16F0,128,25
20669,0x1791,182,181
20669,0x17A6,3,1
20669,0x17B0,12,10
20669,0xFFFF,171,172
20671,0x0020,165,164
20671,0x0024,192,196
20671,0x0069,165,167
20671,0x006B,95,97
20671,0x0071,86,88
20671,0x007B,26,27
20671,0x0098,64,0
20671,0x009B,64,0
20671,0x009F,64,0
20671,0x00AD,54,56
20671,0x00CD,125,128
20671,0x00CE,196,202
20671,0x00CF,36,46
20671,0x00D0,133,147
20671,0x00FA,64,0
20671,0x00FC,64,0
20671,0x0174,4,52
20671,0x017D,116,52
20671,0x02FD,39,41
20671,0x0908,102,124
20671,0x090C,94,116
20671,0x0911,93,94
20671,0x0914,203,202
20671,0x0915,85,101
20671,0x0916,128,166
20671,0x0917,98,34
20671,0x0918,203,186
20671,0x091A,162,164
20671,0x091C,187,202
20671,0x091D,101,85
20671,0x091E,160,134
20671,0x0920,187,186
20671,0x0922,128,132
20671,0x0924,181,180
20671,0x0925,108,124
20671,0x0926,192,230
20671,0x0927,98,34
20671,0x0928,181,180
20671,0x0929,124,108
20671,0x092A,226,196
20671,0x092B,34,98
20671,0x092C,165,164
20671,0x092E,224,228
20671,0x0930,165,164
20671,0x0932,192,196
20671,0x0B26,26,27
20671,0x0B28,52,54
20671,0x0B86,26,27
20671,0x0B88,52,54
20671,0x0F99,26,27
20671,0x0F9D,26,27
20671,0x0FD1,26,27
20671,0x0FF0,26,27
20671,0x103B,2,0
20671,0x103C,10,8
20671,0x10D1,102,124
20671,0x10E6,255,253
20671,0x1410,176,16
20671,0x1413,120,98
20671,0x1414,101,102
20671,0x1419,118,114
20671,0x1433,5,3
20671,0x1435,119,117
20671,0x16D1,203,202
20671,0x16E4,215,217
20671,0x16E6,2,3
20671,0x16EC,201,161
20671,0x16ED,41,42
20671,0x16F0,25,23
20671,0x1791,181,180
20671,0x17A4,223,225
20671,0x17A6,1,3
20671,0x17AC,110,93
20671,0x17B0,10,8
20671,0xFFFF,172,173
20673,0x0004,12,14
20673,0x0020,164,163
20673,0x0069,167,169
20673,0x006B,97,99
20673,0x007B,27,28
20673,0x00AD,56,58
20673,0x00CD,128,131
20673,0x00CE,202,208
20673,0x00CF,46,56
20673,0x00D0,147,161
20673,0x0501,131,135
20673,0x0502,90,86
20673,0x0600,118,0
20673,0x0601,16,0
20673,0x0602,120,0
20673,0x0603,16,0
20673,0x0604,217,0
20673,0x0605,80,0
20673,0x0606,154,0
20673,0x0607,17,0
20673,0x0608,11,0
20673,0x0609,16,0
20673,0x060A,11,0
20673,0x060B,16,0
20673,0x060C,29,0
20673,0x060D,17,0
20673,0x060E,45,0
20673,0x060F,17,0
20673,0x0610,116,0
20673,0x0611,16,0
20673,0x0612,118,0
20673,0x0613,16,0
20673,0x0908,124,146
20673,0x090C,116,138
20673,0x0910,194,193
20673,0x0911,94,95
20673,0x0914,202,201
20673,0x0918,186,185
20673,0x091C,202,201
20673,0x0920,186,185
20673,0x0924,180,179
20673,0x0928,180,179
20673,0x092C,164,163
20673,0x0930,164,163
20673,0x0B22,70,71
20673,0x0B24,141,142
20673,0x0B26,27,28
20673,0x0B28,54,56
20673,0x0B82,70,71
20673,0x0B84,141,142
20673,0x0B86,27,28
20673,0x0B88,54,56
20673,0x0F99,27,28
20673,0x0F9D,27,28
20673,0x0FD1,27,28
20673,0x0FF0,27,28
20673,0x103C,8,6
20673,0x10D1,124,146
20673,0x10E6,253,251
20673,0x1410,16,112
20673,0x1411,202,201
20673,0x1413,98,68
20673,0x1414,102,103
20673,0x1419,114,110
20673,0x1433,3,1
20673,0x1435,117,115
20673,0x16D1,202,201
20673,0x16E6,3,1
20673,0x16F0,23,21
20673,0x1791,180,179
20673,0x17A6,3,1
20673,0x17B0,8,6
20675,0x0020,163,162
20675,0x0024,196,130
20675,0x0069,169,171
20675,0x006B,99,101
20675,0x007B,28,29
20675,0x0098,0,64
20675,0x009B,0,64
20675,0x009F,0,64
20675,0x00AD,58,60
20675,0x00CD,131,134
20675,0x00CE,208,214
20675,0x00CF,56,66
20675,0x00D0,161,175
20675,0x00FA,0,64
20675,0x00FC,0,64
20675,0x0908,146,168
20675,0x090C,138,160
20675,0x0910,193,192
20675,0x0911,95,96
20675,0x0913,34,46
20675,0x0914,201,200
20675,0x0916,166,170
20675,0x0918,185,184
20675,0x091A,164,168
20675,0x091C,201,200
20675,0x091E,134,138
20675,0x0920,185,184
20675,0x0922,132,136
20675,0x0924,179,178
20675,0x0926,230,194
20675,0x0927,34,98
20675,0x0928,179,162
20675,0x0929,108,124
20675,0x092A,196,194
20675,0x092B,98,34
20675,0x092C,163,178
20675,0x092D,124,108
20675,0x092E,228,130
20675,0x092F,34,98
20675,0x0930,163,162
20675,0x0932,196,130
20675,0x0B26,28,29
20675,0x0B28,56,58
20675,0x0B86,28,29
20675,0x0B88,56,58
20675,0x0F99,28,29
20675,0x0F9D,28,29
20675,0x0FD1,28,29
20675,0x0FF0,28,29
20675,0x103C,6,4
20675,0x10D1,146,168
20675,0x10E6,251,249
20675,0x1410,112,208
20675,0x1411,201,200
20675,0x1413,68,30
20675,0x1414,103,104
20675,0x1419,110,106
20675,0x1427,2,14
20675,0x1435,115,113
20675,0x16D1,201,200
20675,0x16E4,217,219
20675,0x16E6,1,2
20675,0x16EC,161,144
20675,0x16F0,21,19
20675,0x1791,179,178
20675,0x17A4,225,227
20675,0x17A6,1,254
20675,0x17AC,93,76
20675,0x17B0,6,4
20677,0x0020,162,161
20677,0x0069,171,173
20677,0x006B,101,103
20677,0x007B,29,30
20677,0x0098,64,0
20677,0x009B,64,0
20677,0x009F,64,0
20677,0x00AD,60,62
20677,0x00CD,134,137
20677,0x00CE,214,220
20677,0x00CF,66,76
20677,0x00D0,175,189
20677,0x00FA,64,0
20677,0x00FC,64,0
20677,0x0908,168,190
20677,0x090C,160,182
20677,0x0913,46,34
20677,0x0914,200,199
20677,0x0916,170,174
20677,0x0918,184,183
20677,0x091A,168,172
20677,0x091C,200,199
20677,0x091E,138,142
20677,0x0920,184,183
20677,0x0922,136,140
20677,0x0924,178,177
20677,0x0928,162,161
20677,0x092C,178,177
20677,0x0930,162,161
20677,0x0B24,142,143
20677,0x0B26,29,30
20677,0x0B28,58,60
20677,0x0B84,142,143
20677,0x0B86,29,30
20677,0x0B88,58,60
20677,0x0F99,29,30
20677,0x0F9D,29,30
20677,0x0FD1,29,30
20677,0x0FF0,29,30
20677,0x103C,4,2
20677,0x10D1,168,190
20677,0x10E6,249,247
20677,0x1410,208,48
20677,0x1413,30,240
20677,0x1419,106,102
20677,0x1427,14,2
20677,0x1433,1,5
20677,0x1435,113,111
20677,0x16D1,200,199
20677,0x16E4,219,221
20677,0x16E6,2,4
20677,0x16EC,144,127
20677,0x16F0,19,17
20677,0x1791,178,177
20677,0x17A6,254,252
20677,0x17B0,4,2
20679,0x0020,161,182
20679,0x0022,108,85
20679,0x0024,130,140
20679,0x0069,173,175
20679,0x006B,103,105
20679,0x007B,30,31
20679,0x00AD,62,64
20679,0x00B7,13,9
20679,0x00CD,137,140
20679,0x00CE,220,226
20679,0x00CF,76,86
20679,0x00D0,189,203
20679,0x01B9,128,192
20679,0x01BA,23,22
20679,0x0908,190,212
20679,0x090C,182,204
20679,0x0910,192,191
20679,0x0911,96,97
20679,0x0914,199,198
20679,0x0918,183,182
20679,0x091C,199,198
20679,0x0920,183,182
20679,0x0924,177,201
20679,0x0925,124,224
20679,0x0926,194,9
20679,0x0927,98,34
20679,0x0928,161,193
20679,0x0929,124,224
20679,0x092A,194,8
20679,0x092C,177,96
20679,0x092D,108,224
20679,0x092E,130,2
20679,0x092F,98,32
20679,0x0930,161,80
20679,0x0931,108,224
20679,0x0932,130,0
20679,0x0933,34,32
20679,0x0B02,170,2
20679,0x0B03,2,0
20679,0x0B26,30,31
20679,0x0B28,60,62
20679,0x0B86,30,31
20679,0x0B88,60,62
20679,0x0F99,30,31
20679,0x0F9D,30,31
20679,0x0FD1,30,31
20679,0x0FF0,30,31
20679,0x103C,2,0
20679,0x10D1,190,212
20679,0x10E6,247,245
20679,0x1410,48,144
20679,0x1411,200,199
20679,0x1413,240,186
20679,0x1414,104,105
20679,0x1419,102,98
20679,0x1433,5,3
20679,0x1435,111,109
20679,0x16D1,199,198
20679,0x16E6,4,2
20679,0x16F0,17,15
20679,0x1780,208,0
20679,0x1791,177,176
20679,0x17A6,252,251
20679,0x17B0,2,0
20681,0x0004,14,16
20681,0x0020,182,181
20681,0x0024,140,192
20681,0x0025,1,2
20681,0x002A,2,32
20681,0x0069,175,177
20681,0x006B,105,107
20681,0x0072,88,90
20681,0x007B,31,32
20681,0x0098,0,64
20681,0x009B,0,64
20681,0x009F,0,64
20681,0x00AD,64,66
20681,0x00B7,9,11
20681,0x00CD,140,143
20681,0x00CE,226,232
20681,0x00CF,86,96
20681,0x00D0,203,217
20681,0x00FA,0,64
20681,0x00FC,0,64
20681,0x0501,135,201
20681,0x0502,86,93
20681,0x0503,20,8
20681,0x0508,67,82
20681,0x0509,81,94
20681,0x050A,20,4
20681,0x050B,20,8
20681,0x050F,134,18
20681,0x0510,86,84
20681,0x0512,40,12
20681,0x0516,66,132
20681,0x0517,81,90
20681,0x0519,44,32
20681,0x051D,132,68
20681,0x051E,86,81
20681,0x0520,64,52
20681,0x0524,128,136
20681,0x0600,0,77
20681,0x0601,0,8
20681,0x0602,0,25
20681,0x0603,0,8
20681,0x0604,0,41
20681,0x0605,0,8
20681,0x0606,0,57
20681,0x0607,0,8
20681,0x0608,0,116
20681,0x0609,0,16
20681,0x060A,0,117
20681,0x060B,0,16
20681,0x0616,0,190
20681,0x0617,0,26
20681,0x0618,0,114
20681,0x0619,0,24
20681,0x061A,0,105
20681,0x061B,0,88
20681,0x0620,0,232
20681,0x0621,0,12
20681,0x0622,0,119
20681,0x0623,0,12
20681,0x0624,0,95
20681,0x0625,0,16
20681,0x0626,0,153
20681,0x0627,0,17
20681,0x0628,0,11
20681,0x0629,0,16
20681,0x062A,0,11
20681,0x062B,0,16
20681,0x062C,0,30
20681,0x062D,0,17
20681,0x062E,0,46
20681,0x062F,0,17
20681,0x0630,0,116
20681,0x0631,0,16
20681,0x0632,0,117
20681,0x0633,0,16
20681,0x063C,197,0
20681,0x063D,12,0
20681,0x063E,173,0
20681,0x063F,12,0
20681,0x0642,0,184
20681,0x0643,0,12
20681,0x0644,0,200
20681,0x0645,0,12
20681,0x0646,0,216
20681,0x0647,0,12
20681,0x0908,212,102
20681,0x090C,204,94
20681,0x0910,191,234
20681,0x0911,97,108
20681,0x0912,236,9
20681,0x0914,198,226
20681,0x0915,101,108
20681,0x0916,174,8
20681,0x0918,182,190
20681,0x0919,101,98
20681,0x091A,172,236
20681,0x091C,198,197
20681,0x091E,142,192
20681,0x091F,34,98
20681,0x0920,182,197
20681,0x0921,85,101
20681,0x0922,140,226
20681,0x0924,201,181
20681,0x0925,224,101
20681,0x0926,9,224
20681,0x0928,193,181
20681,0x0929,224,85
20681,0x092A,8,192
20681,0x0B01,170,160
20681,0x0B02,2,42
20681,0x0B22,71,72
20681,0x0B24,143,144
20681,0x0B26,31,32
20681,0x0B28,62,64
20681,0x0B82,71,72
20681,0x0B84,143,144
20681,0x0B86,31,32
20681,0x0B88,62,64
20681,0x0C38,33,37
20681,0x0C39,0,224
20681,0x0F99,31,32
20681,0x0F9D,31,32
20681,0x0FD1,31,32
20681,0x0FF0,31,32
20681,0x103B,0,2
20681,0x103C,0,10
20681,0x1080,0,200
20681,0x1081,225,175
20681,0x1091,212,102
20681,0x10A2,227,65
20681,0x10A4,229,67
20681,0x10A6,1,255
20681,0x10AC,45,17
20681,0x10D1,212,234
20681,0x10E6,245,243
20681,0x1410,144,240
20681,0x1411,199,198
20681,0x1413,186,124
20681,0x1414,105,106
20681,0x1419,98,94
20681,0x1433,3,1
20681,0x1435,109,107
20681,0x16D1,198,197
20681,0x16E4,221,223
20681,0x16E6,2,4
20681,0x16EC,127,110
20681,0x16F0,15,13
20683,0x0020,181,180
20683,0x0025,2,1
20683,0x002A,32,2
20683,0x0069,177,179
20683,0x006B,107,109
20683,0x0071,88,90
20683,0x007B,32,33
20683,0x0098,64,0
20683,0x009B,64,0
20683,0x009F,64,0
20683,0x00AD,66,68
20683,0x00B7,11,9
20683,0x00CD,143,146
20683,0x00CE,232,238
20683,0x00CF,96,106
20683,0x00D0,217,231
20683,0x00FA,64,0
20683,0x00FC,64,0
20683,0x02FD,41,39
20683,0x0908,102,124
20683,0x090C,94,116
20683,0x0910,234,190
20683,0x0911,108,99
20683,0x0912,9,236
20683,0x0913,34,46
20683,0x0914,226,196
20683,0x0915,108,85
20683,0x0916,8,192
20683,0x0917,34,98
20683,0x0918,190,196
20683,0x0919,98,101
20683,0x091A,236,226
20683,0x091C,197,180
20683,0x091D,85,101
20683,0x091E,192,224
20683,0x091F,98,34
20683,0x0920,197,180
20683,0x0921,101,85
20683,0x0922,226,192
20683,0x0924,181,96
20683,0x0925,101,224
20683,0x0926,224,2
20683,0x0927,34,32
20683,0x0928,181,80
20683,0x0929,85,224
20683,0x092A,192,0
20683,0x092B,34,32
20683,0x0B01,160,170
20683,0x0B02,42,2
20683,0x0B26,32,33
20683,0x0B28,64,66
20683,0x0B86,32,33
20683,0x0B88,64,66
20683,0x0F99,32,33
20683,0x0F9D,32,33
20683,0x0FD1,32,33
20683,0x0FF0,32,33
20683,0x103B,2,0
20683,0x103C,10,8
20683,0x1091,102,124
20683,0x10A6,255,253
20683,0x10C0,200,0
20683,0x10D1,234,0
20683,0x10D2,0,1
20683,0x10E6,243,242
20683,0x1410,240,80
20683,0x1413,124,54
20683,0x1414,106,107
20683,0x1419,94,90
20683,0x1427,2,14
20683,0x1435,107,105
20683,0x16D1,197,196
20683,0x16E6,4,2
20683,0x16F0,13,11
20683,0xFFFF,173,174
20685,0x0020,180,179
20685,0x0024,192,196
20685,0x0069,179,181
20685,0x006B,109,111
20685,0x007B,33,34
20685,0x00AD,68,70
20685,0x00CD,146,149
20685,0x00CE,238,244
20685,0x00CF,106,116
20685,0x00D0,231,245
20685,0x02FD,39,41
20685,0x0908,124,146
20685,0x090C,116,138
20685,0x0910,190,189
20685,0x0913,46,34
20685,0x0914,196,195
20685,0x0915,85,101
20685,0x0916,192,230
20685,0x0917,98,34
20685,0x0918,196,195
20685,0x0919,101,85
20685,0x091A,226,196
20685,0x091B,34,98
20685,0x091C,180,179
20685,0x091E,224,228
20685,0x0920,180,179
20685,0x0922,192,196
20685,0x0B24,144,145
20685,0x0B26,33,34
20685,0x0B28,66,68
20685,0x0B84,144,145
20685,0x0B86,33,34
20685,0x0B88,66,68
20685,0x0F99,33,34
20685,0x0F9D,33,34
20685,0x0FD1,33,34
20685,0x0FF0,33,34
20685,0x103C,8,6
20685,0x1091,124,146
20685,0x10A6,253,251
20685,0x1410,80,176
20685,0x1411,198,197
20685,0x1413,54,232
20685,0x1419,90,86
20685,0x1427,14,2
20685,0x1433,1,5
20685,0x1435,105,103
20685,0x16D1,196,195
20685,0x16E4,223,225
20685,0x16E6,2,4
20685,0x16EC,110,93
20685,0x16F0,11,9
20687,0x0020,179,178
20687,0x0069,181,183
20687,0x006B,111,113
20687,0x007B,34,35
20687,0x0098,0,64
20687,0x009B,0,64
20687,0x009F,0,64
20687,0x00AD,70,72
20687,0x00CD,149,152
20687,0x00CE,244,250
20687,0x00CF,116,126
20687,0x00D0,245,3
20687,0x00FA,0,64
20687,0x00FC,0,64
20687,0x017D,52,53
20687,0x02FD,41,39
20687,0x0908,146,168
20687,0x090C,138,160
20687,0x0911,99,100
20687,0x0914,195,194
20687,0x0918,195,194
20687,0x091C,179,178
20687,0x0920,179,178
20687,0x0B26,34,35
20687,0x0B28,68,70
20687,0x0B86,34,35
20687,0x0B88,68,70
20687,0x0F99,34,35
20687,0x0F9D,34,35
20687,0x0FD1,34,35
20687,0x0FF0,34,35
20687,0x103C,6,4
20687,0x1091,146,168
20687,0x10A6,251,249
20687,0x1410,176,16
20687,0x1413,232,146
20687,0x1414,107,108
20687,0x1419,86,82
20687,0x1433,5,3
20687,0x1435,103,101
20687,0x16D1,195,194
20687,0x16E6,4,2
20687,0x16F0,9,7
20689,0x0004,16,18
20689,0x0020,178,177
20689,0x0024,196,130
20689,0x0069,183,185
20689,0x006B,113,115
20689,0x007B,35,36
20689,0x0098,64,0
20689,0x009B,64,0
20689,0x009F,64,0
20689,0x00AD,72,74
20689,0x00CD,152,155
20689,0x00CE,250,0
20689,0x00CF,126,137
20689,0x00D0,3,17
20689,0x00FA,64,0
20689,0x00FC,64,0
20689,0x017D,53,52
20689,0x0501,201,137
20689,0x0502,93,86
20689,0x0503,8,20
20689,0x0600,77,0
20689,0x0601,8,0
20689,0x0602,25,0
20689,0x0603,8,0
20689,0x0604,41,0
20689,0x0605,8,0
20689,0x0606,57,0
20689,0x0607,8,0
20689,0x0608,116,0
20689,0x0609,16,0
20689,0x060A,117,0
20689,0x060B,16,0
20689,0x0908,168,190
20689,0x090C,160,182
20689,0x0910,189,188
20689,0x0911,100,101
20689,0x0914,194,193
20689,0x0916,230,194
20689,0x0917,34,98
20689,0x0918,194,177
20689,0x0919,85,101
20689,0x091A,196,194
20689,0x091B,98,34
20689,0x091C,178,193
20689,0x091D,101,85
20689,0x091E,228,130
20689,0x091F,34,98
20689,0x0920,178,177
20689,0x0922,196,130
20689,0x0B22,72,73
20689,0x0B24,145,146
20689,0x0B26,35,36
20689,0x0B28,70,72
20689,0x0B82,72,73
20689,0x0B84,145,146
20689,0x0B86,35,36
20689,0x0B88,70,72
20689,0x0F99,35,36
20689,0x0F9D,35,36
20689,0x0FD1,35,36
20689,0x0FF0,35,36
20689,0x103C,4,2
20689,0x1091,168,190
20689,0x10A6,249,247
20689,0x1410,16,112
20689,0x1411,197,196
20689,0x1413,146,52
20689,0x1414,108,109
20689,0x1419,82,78
20689,0x1433,3,1
20689,0x1435,101,99
20689,0x16D1,194,193
20689,0x16E4,225,227
20689,0x16E6,2,255
20689,0x16EC,93,76
20689,0x16F0,7,5
20691,0x0020,177,176
20691,0x0069,185,187
20691,0x006B,115,117
20691,0x007B,36,37
20691,0x00AD,74,76
20691,0x00CD,155,158
20691,0x00CE,0,6
20691,0x00CF,137,147
20691,0x00D0,17,31
20691,0x02FD,39,41
20691,0x0908,190,212
20691,0x090C,182,204
20691,0x0910,188,187
20691,0x0913,34,46
20691,0x0914,193,192
20691,0x0918,177,176
20691,0x091C,193,192
20691,0x0920,177,176
20691,0x0B26,36,37
20691,0x0B28,72,74
20691,0x0B86,36,37
20691,0x0B88,72,74
20691,0x0F99,36,37
20691,0x0F9D,36,37
20691,0x0FD1,36,37
20691,0x0FF0,36,37
20691,0x103C,2,0
20691,0x1091,190,212
20691,0x10A6,247,245
20691,0x1410,112,208
20691,0x1411,196,195
20691,0x1413,52,206
20691,0x1419,78,74
20691,0x1427,2,14
20691,0x1435,99,97
20691,0x16D1,193,192
20691,0x16E6,255,253
20691,0x16F0,5,3
20693,0x0020,176,175
20693,0x0025,1,2
20693,0x002A,2,32
20693,0x0069,187,189
20693,0x006B,117,119
20693,0x0072,90,92
20693,0x007B,37,38
20693,0x0098,0,64
20693,0x009B,0,64
20693,0x009F,0,64
20693,0x00AD,76,78
20693,0x00B7,9,11
20693,0x00CD,158,161
20693,0x00CE,6,12
20693,0x00CF,147,157
20693,0x00D0,31,45
20693,0x00FA,0,64
20693,0x00FC,0,64
20693,0x0908,212,234
20693,0x090C,204,226
20693,0x0910,187,102
20693,0x0911,101,108
20693,0x0912,236,9
20693,0x0913,46,34
20693,0x0914,192,94
20693,0x0915,101,108
20693,0x0916,194,8
20693,0x0917,98,34
20693,0x0918,176,187
20693,0x0919,101,102
20693,0x091A,194,236
20693,0x091C,192,191
20693,0x091D,85,101
20693,0x091E,130,194
20693,0x0920,176,175
20693,0x0921,85,101
20693,0x0922,130,194
20693,0x0924,96,191
20693,0x0925,224,85
20693,0x0926,2,130
20693,0x0927,32,98
20693,0x0928,80,175
20693,0x0929,224,85
20693,0x092A,0,130
20693,0x092B,32,34
20693,0x0B01,170,160
20693,0x0B02,2,42
20693,0x0B24,146,147
20693,0x0B26,37,38
20693,0x0B28,74,76
20693,0x0B84,146,147
20693,0x0B86,37,38
20693,0x0B88,74,76
20693,0x0C3A,47,37
20693,0x0C3B,0,224
20693,0x0F99,37,38
20693,0x0F9D,37,38
20693,0x0FD1,37,38
20693,0x0FF0,37,38
20693,0x103B,0,2
20693,0x103C,0,10
20693,0x1091,212,234
20693,0x10A6,245,243
20693,0x10C0,0,200
20693,0x10D1,0,102
20693,0x10D2,1,0
20693,0x10E6,242,255
20693,0x1410,208,48
20693,0x1413,206,96
20693,0x1414,109,110
20693,0x1419,74,70
20693,0x1427,14,2
20693,0x1433,1,5
20693,0x1435,97,95
20693,0x16D1,192,191
20693,0x16E6,253,251
20693,0x16F0,3,1
20695,0x0000,192,186
20695,0x0001,252,250
20695,0x0020,175,186
20695,0x0022,85,102
20695,0x0024,130,236
20695,0x0025,2,1
20695,0x002A,32,2
20695,0x0069,189,191
20695,0x006B,119,121
20695,0x0071,90,92
20695,0x007B,38,39
20695,0x0098,64,0
20695,0x009B,64,0
20695,0x009F,64,0
20695,0x00AD,78,80
20695,0x00B7,11,5
20695,0x00CD,161,164
20695,0x00CE,12,18
20695,0x00CF,157,167
20695,0x00D0,45,59
20695,0x00FA,64,0
20695,0x00FC,64,0
20695,0x0178,52,4
20695,0x01B9,192,0
20695,0x01BA,22,20
20695,0x0908,234,124
20695,0x090C,226,116
20695,0x0910,102,186
20695,0x0911,108,102
20695,0x0912,9,236
20695,0x0914,94,96
20695,0x0915,108,224
20695,0x0916,8,2
20695,0x0917,34,32
20695,0x0918,187,80
20695,0x0919,102,224
20695,0x091A,236,0
20695,0x091B,34,32
20695,0x091D,101,224
20695,0x0921,101,224
20695,0x0925,85,224
20695,0x0929,85,224
20695,0x0B01,160,2
20695,0x0B02,42,0
20695,0x0B26,38,39
20695,0x0B28,76,78
20695,0x0B86,38,39
20695,0x0B88,76,78
20695,0x0F99,38,39
20695,0x0F9D,38,39
20695,0x0FD1,38,39
20695,0x0FF0,38,39
20695,0x103B,2,0
20695,0x103C,10,8
20695,0x1080,200,0
20695,0x1091,234,0
20695,0x1092,0,1
20695,0x10A6,243,242
20695,0x10D1,102,124
20695,0x10E6,255,253
20695,0x1410,48,144
20695,0x1411,195,194
20695,0x1413,96,234
20695,0x1419,70,66
20695,0x1433,5,3
20695,0x1435,95,93
20695,0x16C0,208,0
20695,0x16D1,191,190
20695,0x16F0,1,0
20695,0xFFFF,174,175
20697,0x0004,18,20
20697,0x0020,186,185
20697,0x0022,102,103
20697,0x0069,191,193
20697,0x006B,121,123
20697,0x007B,39,40
20697,0x00AD,80,82
20697,0x00CD,164,167
20697,0x00CE,18,24
20697,0x00CF,167,177
20697,0x00D0,59,73
20697,0x0501,137,133
20697,0x0502,86,90
20697,0x0508,82,69
20697,0x0509,94,81
20697,0x050A,4,20
20697,0x050B,8,20
20697,0x050F,18,138
20697,0x0510,84,86
20697,0x0512,12,40
20697,0x0600,0,231
20697,0x0601,0,12
20697,0x0602,0,120
20697,0x0603,0,12
20697,0x0604,0,217
20697,0x0605,0,16
20697,0x0606,0,154
20697,0x0607,0,17
20697,0x0608,0,11
20697,0x0609,0,16
20697,0x060A,0,11
20697,0x060B,0,16
20697,0x060C,0,31
20697,0x060D,0,17
20697,0x060E,0,47
20697,0x060F,0,17
20697,0x0610,0,116
20697,0x0611,0,16
20697,0x0612,0,118
20697,0x0613,0,16
20697,0x0616,190,0
20697,0x0617,26,0
20697,0x0618,114,0
20697,0x0619,24,0
20697,0x061A,105,0
20697,0x061B,88,0
20697,0x0620,232,167
20697,0x0622,119,169
20697,0x0624,95,168
20697,0x0625,16,12
20697,0x0626,153,183
20697,0x0627,17,12
20697,0x0628,11,0
20697,0x0629,16,0
20697,0x062A,11,0
20697,0x062B,16,0
20697,0x062C,30,0
20697,0x062D,17,0
20697,0x062E,46,0
20697,0x062F,17,0
20697,0x0630,116,0
20697,0x0631,16,0
20697,0x0632,117,0
20697,0x0633,16,0
20697,0x0908,124,146
20697,0x090C,116,138
20697,0x0910,186,185
20697,0x0911,102,103
20697,0x0B22,73,74
20697,0x0B24,147,148
20697,0x0B26,39,40
20697,0x0B28,78,80
20697,0x0B82,73,74
20697,0x0B84,147,148
20697,0x0B86,39,40
20697,0x0B88,78,80
20697,0x0F99,39,40
20697,0x0F9D,39,40
20697,0x0FD1,39,40
20697,0x0FF0,39,40
20697,0x103C,8,6
20697,0x10D1,124,146
20697,0x10E6,253,251
20697,0x1410,144,240
20697,0x1411,194,193
20697,0x1413,234,108
20697,0x1414,110,111
20697,0x1419,66,62
20697,0x1433,3,1
20697,0x1435,93,91
20699,0x0026,34,46
20699,0x0028,34,46
20699,0x0069,193,195
20699,0x006B,123,125
20699,0x007B,40,41
20699,0x0098,0,64
20699,0x009B,0,64
20699,0x009F,0,64
20699,0x00AD,82,84
20699,0x00CD,167,170
20699,0x00CE,24,30
20699,0x00CF,177,187
20699,0x00D0,73,87
20699,0x00FA,0,64
20699,0x00FC,0,64
20699,0x02FD,41,39
20699,0x0908,146,168
20699,0x090C,138,160
20699,0x0913,34,46
20699,0x0B26,40,41
20699,0x0B28,80,82
20699,0x0B86,40,41
20699,0x0B88,80,82
20699,0x0F99,40,41
20699,0x0F9D,40,41
20699,0x0FD1,40,41
20699,0x0FF0,40,41
20699,0x103C,6,4
20699,0x10D1,146,168
20699,0x10E6,251,249
20699,0x1410,240,80
20699,0x1413,108,230
20699,0x1419,62,58
20699,0x1427,2,14
20699,0x1435,91,89
20701,0x0020,185,184
20701,0x0022,103,104
20701,0x0026,46,34
20701,0x0028,46,34
20701,0x0069,195,197
20701,0x006B,125,127
20701,0x007B,41,42
20701,0x0098,64,0
20701,0x009B,64,0
20701,0x009F,64,0
20701,0x00AD,84,86
20701,0x00CD,170,173
20701,0x00CE,30,36
20701,0x00CF,187,197
20701,0x00D0,87,101
20701,0x00FA,64,0
20701,0x00FC,64,0
20701,0x0908,168,190
20701,0x090C,160,182
20701,0x0910,185,184
20701,0x0911,103,104
20701,0x0913,46,34
20701,0x0B24,148,149
20701,0x0B26,41,42
20701,0x0B28,82,84
20701,0x0B84,148,149
20701,0x0B86,41,42
20701,0x0B88,82,84
20701,0x0F99,41,42
20701,0x0F9D,41,42
20701,0x0FD1,41,42
20701,0x0FF0,41,42
20701,0x103C,4,2
20701,0x10D1,168,190
20701,0x10E6,249,247
20701,0x1410,80,176
20701,0x1411,193,192
20701,0x1413,230,88
20701,0x1414,111,112
20701,0x1419,58,54
20701,0x1427,14,2
20701,0x1433,1,5
20701,0x1435,89,87
20703,0x0069,197,199
20703,0x006B,127,129
20703,0x007B,42,43
20703,0x00AD,86,88
20703,0x00CD,173,176
20703,0x00CE,36,42
20703,0x00CF,197,207
20703,0x00D0,101,115
20703,0x02FD,39,41
20703,0x0908,190,212
20703,0x090C,182,204
20703,0x0B26,42,43
20703,0x0B28,84,86
20703,0x0B86,42,43
20703,0x0B88,84,86
20703,0x0F99,42,43
20703,0x0F9D,42,43
20703,0x0FD1,42,43
20703,0x0FF0,42,43
20703,0x103C,2,0
20703,0x10D1,190,212
20703,0x10E6,247,245
20703,0x1410,176,16
20703,0x1413,88,194
20703,0x1419,54,50
20703,0x1433,5,3
20703,0x1435,87,85
20705,0x0004,20,22
20705,0x0020,184,183
20705,0x0022,104,105
20705,0x0025,1,2
20705,0x002A,2,32
20705,0x0069,199,201
20705,0x006B,129,131
20705,0x0072,92,94
20705,0x007B,43,44
20705,0x0098,0,64
20705,0x009B,0,64
20705,0x009F,0,64
20705,0x00AD,88,90
20705,0x00B7,5,7
20705,0x00CD,176,179
20705,0x00CE,42,48
20705,0x00CF,207,217
20705,0x00D0,115,129
20705,0x00FA,0,64
20705,0x00FC,0,64
20705,0x017D,52,116
20705,0x02FD,41,39
20705,0x0501,133,139
20705,0x0502,90,86
20705,0x0600,231,0
20705,0x0601,12,0
20705,0x0602,120,0
20705,0x0603,12,0
20705,0x0604,217,0
20705,0x0605,16,0
20705,0x0606,154,0
20705,0x0607,17,0
20705,0x0608,11,0
20705,0x0609,16,0
20705,0x060A,11,71
20705,0x060B,16,63
20705,0x060C,31,87
20705,0x060D,17,63
20705,0x060E,47,41
20705,0x060F,17,63
20705,0x0610,116,0
20705,0x0611,16,0
20705,0x0612,118,0
20705,0x0613,16,0
20705,0x0908,212,102
20705,0x090C,204,94
20705,0x0910,184,234
20705,0x0911,104,108
20705,0x0912,236,9
20705,0x0914,96,226
20705,0x0915,224,108
20705,0x0916,2,8
20705,0x0917,32,34
20705,0x0918,80,183
20705,0x0919,224,105
20705,0x091A,0,236
20705,0x091B,32,34
20705,0x0B01,2,32
20705,0x0B22,74,75
20705,0x0B24,149,150
20705,0x0B26,43,44
20705,0x0B28,86,88
20705,0x0B82,74,75
20705,0x0B84,149,150
20705,0x0B86,43,44
20705,0x0B88,86,88
20705,0x0C3C,47,37
20705,0x0C3D,0,224
20705,0x0F99,43,44
20705,0x0F9D,43,44
20705,0x0FD1,43,44
20705,0x0FF0,43,44
20705,0x103B,0,2
20705,0x103C,0,10
20705,0x1080,0,200
20705,0x1091,0,102
20705,0x1092,1,0
20705,0x10A6,242,255
20705,0x10D1,212,234
20705,0x10E6,245,243
20705,0x1410,16,112
20705,0x1411,192,191
20705,0x1413,194,36
20705,0x1414,112,113
20705,0x1419,50,46
20705,0x1433,3,1
20705,0x1435,85,83
20707,0x0020,183,182
20707,0x0025,2,1
20707,0x0026,34,46
20707,0x0028,34,46
20707,0x002A,32,2
20707,0x0069,201,203
20707,0x006B,131,133
20707,0x0071,92,94
20707,0x007B,44,45
20707,0x0098,64,0
20707,0x009B,64,0
20707,0x009F,64,0
20707,0x00AD,90,92
20707,0x00B7,7,5
20707,0x00CD,179,182
20707,0x00CE,48,54
20707,0x00CF,217,227
20707,0x00D0,129,143
20707,0x00FA,64,0
20707,0x00FC,64,0
20707,0x017D,116,52
20707,0x02FD,39,41
20707,0x0908,102,124
20707,0x090C,94,116
20707,0x0910,234,182
20707,0x0911,108,105
20707,0x0912,9,236
20707,0x0913,34,46
20707,0x0914,226,96
20707,0x0915,108,224
20707,0x0916,8,2
20707,0x0917,34,32
20707,0x0918,183,80
20707,0x0919,105,224
20707,0x091A,236,0
20707,0x091B,34,32
20707,0x0B01,32,2
20707,0x0B26,44,45
20707,0x0B28,88,90
20707,0x0B86,44,45
20707,0x0B88,88,90
20707,0x0F99,44,45
20707,0x0F9D,44,45
20707,0x0FD1,44,45
20707,0x0FF0,44,45
20707,0x103B,2,0
20707,0x103C,10,8
20707,0x1091,102,124
20707,0x10A6,255,253
20707,0x10C0,200,0
20707,0x10D1,234,0
20707,0x10D2,0,1
20707,0x10E6,243,242
20707,0x1410,112,208
20707,0x1411,191,190
20707,0x1413,36,126
20707,0x1419,46,42
20707,0x1427,2,14
20707,0x1435,83,81
20707,0xFFFF,175,176
20709,0x0000,186,66
20709,0x0001,250,146
20709,0x0002,4,2
20709,0x0020,182,0
20709,0x0022,105,176
20709,0x0024,236,128
20709,0x0026,46,45
20709,0x0028,46,44
20709,0x002A,2,3
20709,0x0069,203,205
20709,0x006B,133,135
20709,0x007B,45,46
20709,0x00AD,92,94
20709,0x00B7,5,9
20709,0x00B8,16,0
20709,0x00B9,1,0
20709,0x00BA,64,184
20709,0x00BF,120,128
20709,0x00C2,7,8
20709,0x00CD,182,185
20709,0x00CE,54,60
20709,0x00CF,227,237
20709,0x00D0,143,157
20709,0x00D1,0,1
20709,0x0173,229,36
20709,0x0174,52,50
20709,0x0176,197,71
20709,0x0177,250,146
20709,0x0178,4,54
20709,0x01B9,0,192
20709,0x01BA,20,22
20709,0x02FD,41,39
20709,0x0900,96,5
20709,0x0901,104,169
20709,0x0902,2,142
20709,0x0903,32,45
20709,0x0904,80,245
20709,0x0905,104,169
20709,0x0906,0,140
20709,0x0907,32,45
20709,0x0908,124,96
20709,0x0909,108,104
20709,0x090A,9,2
20709,0x090B,34,32
20709,0x090C,116,80
20709,0x090D,108,104
20709,0x090E,8,0
20709,0x090F,34,32
20709,0x0910,182,146
20709,0x0911,105,108
20709,0x0912,236,9
20709,0x0913,46,34
20709,0x0914,96,138
20709,0x0915,224,108
20709,0x0916,2,8
20709,0x0917,32,34
20709,0x0918,80,182
20709,0x0919,224,105
20709,0x091A,0,236
20709,0x091B,32,34
20709,0x091C,191,16
20709,0x091D,224,176
20709,0x091E,194,130
20709,0x091F,98,45
20709,0x0920,175,0
20709,0x0921,224,176
20709,0x0922,194,128
20709,0x0923,34,45
20709,0x0B00,10,171
20709,0x0B01,2,224
20709,0x0B02,0,3
20709,0x0B24,150,151
20709,0x0B26,45,46
20709,0x0B28,90,92
20709,0x0B84,150,151
20709,0x0B86,45,46
20709,0x0B88,90,92
20709,0x0F99,45,46
20709,0x0F9D,45,46
20709,0x0FD1,45,46
20709,0x0FF0,45,46
20709,0x103C,8,6
20709,0x1091,124,146
20709,0x10A6,253,251
20709,0x1410,208,48
20709,0x1413,126,208
20709,0x1419,42,38
20709,0x1427,14,2
20709,0x1433,1,5
20709,0x1435,81,79
20709,0x16C0,0,200
20709,0x16C1,192,240
20709,0x16C2,252,144
20709,0x16C3,4,2
20709,0x16C4,54,74
20709,0x16C5,177,147
20709,0x16C8,255,5
20709,0x16D0,184,0
20709,0x16D1,190,16
20709,0x16D2,0,1
20709,0x16D3,206,0
20709,0x16D4,101,184
20709,0x16D6,52,0
20709,0x16D7,254,255
20709,0x16DE,9,12
20709,0x16DF,12,8
20709,0x16E0,146,170
20709,0x16E1,2,3
20709,0x16E2,213,245
20709,0x16E3,11,9
20709,0x16E4,227,247
20709,0x16E5,11,9
20709,0x16E6,251,3
20709,0x16E7,2,12
20709,0x16E9,0,1
20709,0x16EA,164,168
20709,0x16EB,4,6
20709,0x16EC,76,147
20709,0x16ED,42,12
20709,0x16F3,0,23
20709,0x16F8,52,108
20709,0x16F9,2,0
20709,0x1700,0,224
20709,0x1701,192,116
20709,0x1702,252,146
20709,0x1703,4,2
20709,0x1708,255,5
20709,0x1710,188,0
20709,0x1711,181,16
20709,0x1712,0,1
20709,0x1713,171,0
20709,0x1714,116,176
20709,0x171E,9,12
20709,0x171F,12,8
20709,0x1720,146,170
20709,0x1721,2,3
20709,0x1722,213,223
20709,0x1723,11,8
20709,0x1724,227,225
20709,0x1725,11,8
20709,0x1726,251,255
20709,0x1727,2,12
20709,0x1729,0,1
20709,0x172A,164,168
20709,0x172B,4,6
20709,0x172C,76,221
20709,0x172D,42,52
20709,0x1735,149,64
20709,0x1736,110,0
20709,0x1739,2,120
20711,0x0000,66,116
20711,0x0020,0,254
20711,0x0025,1,2
20711,0x002A,3,2
20711,0x0069,205,207
20711,0x006B,135,137
20711,0x007B,46,47
20711,0x0098,0,64
20711,0x009B,0,64
20711,0x009F,0,64
20711,0x00AD,94,96
20711,0x00CD,185,188
20711,0x00CE,60,66
20711,0x00CF,237,247
20711,0x00D0,157,171
20711,0x00FA,0,64
20711,0x00FC,0,64
20711,0x0174,50,52
20711,0x0175,52,36
20711,0x0176,71,177
20711,0x0177,146,145
20711,0x0178,54,36
20711,0x02FD,39,41
20711,0x0900,5,3
20711,0x0904,245,243
20711,0x0910,146,168
20711,0x0914,138,160
20711,0x0918,182,181
20711,0x0919,105,106
20711,0x091C,16,14
20711,0x0920,0,254
20711,0x0B02,3,2
20711,0x0B26,46,47
20711,0x0B28,92,94
20711,0x0B86,46,47
20711,0x0B88,92,94
20711,0x0F99,46,47
20711,0x0F9D,46,47
20711,0x0FD1,46,47
20711,0x0FF0,46,47
20711,0x103C,6,4
20711,0x1091,146,168
20711,0x10A6,251,249
20711,0x1410,48,144
20711,0x1411,190,189
20711,0x1413,208,26
20711,0x1414,113,114
20711,0x1419,38,34
20711,0x1433,5,3
20711,0x1435,79,77
20711,0x16D1,16,14
20711,0x16E6,3,1
20711,0x16F8,108,106
20711,0x1711,16,14
20711,0x1735,64,62
20711,0x1739,120,118
20713,0x0004,22,24
20713,0x0020,254,252
20713,0x0024,128,132
20713,0x0069,207,209
20713,0x006B,137,139
20713,0x007B,47,48
20713,0x0098,64,0
20713,0x009B,64,0
20713,0x009F,64,0
20713,0x00AD,96,98
20713,0x00CD,188,191
20713,0x00CE,66,72
20713,0x00CF,247,1
20713,0x00D0,171,186
20713,0x00FA,64,0
20713,0x00FC,64,0
20713,0x0501,139,83
20713,0x0502,86,94
20713,0x0503,20,4
20713,0x0508,69,19
20713,0x0509,81,84
20713,0x050B,20,4
20713,0x050F,138,134
20713,0x0510,86,90
20713,0x0512,40,24
20713,0x0516,132,70
20713,0x0517,90,81
20713,0x0519,32,44
20713,0x051D,68,140
20713,0x051E,81,86
20713,0x0520,52,64
20713,0x0600,0,116
20713,0x0601,0,16
20713,0x0602,0,118
20713,0x0603,0,16
20713,0x060A,71,0
20713,0x060B,63,0
20713,0x060C,87,0
20713,0x060D,63,0
20713,0x060E,41,0
20713,0x060F,63,0
20713,0x0610,0,115
20713,0x0611,0,24
20713,0x0618,0,9
20713,0x0619,0,13
20713,0x061A,0,191
20713,0x061B,0,12
20713,0x061C,0,95
20713,0x061D,0,16
20713,0x061E,0,153
20713,0x061F,0,17
20713,0x0620,167,11
20713,0x0621,12,16
20713,0x0622,169,11
20713,0x0623,12,16
20713,0x0624,168,29
20713,0x0625,12,17
20713,0x0626,183,45
20713,0x0627,12,17
20713,0x0628,0,116
20713,0x0629,0,16
20713,0x062A,0,117
20713,0x062B,0,16
20713,0x063C,0,233
20713,0x063D,0,12
20713,0x063E,0,249
20713,0x063F,0,12
20713,0x0642,184,0
20713,0x0643,12,0
20713,0x0644,200,0
20713,0x0645,12,0
20713,0x0646,216,0
20713,0x0647,12,0
20713,0x0648,0,82
20713,0x0649,0,63
20713,0x064A,0,36
20713,0x064B,0,63
20713,0x064C,0,58
20713,0x064D,0,63
20713,0x064E,0,74
20713,0x064F,0,63
20713,0x0900,3,1
20713,0x0904,243,241
20713,0x0910,168,190
20713,0x0914,160,182
20713,0x0918,181,180
20713,0x091C,14,12
20713,0x091E,130,134
20713,0x0920,254,252
20713,0x0922,128,132
20713,0x0B22,75,76
20713,0x0B24,151,152
20713,0x0B26,47,48
20713,0x0B28,94,96
20713,0x0B82,75,76
20713,0x0B84,151,152
20713,0x0B86,47,48
20713,0x0B88,94,96
20713,0x0F99,47,48
20713,0x0F9D,47,48
20713,0x0FD1,47,48
20713,0x0FF0,47,48
20713,0x103C,4,2
20713,0x1091,168,190
20713,0x10A6,249,247
20713,0x1410,144,240
20713,0x1411,189,188
20713,0x1413,26,92
20713,0x1419,34,30
20713,0x1433,3,1
20713,0x1435,77,75
20713,0x16D1,14,12
20713,0x16E4,247,249
20713,0x16E6,1,2
20713,0x16ED,12,43
20713,0x16F8,106,104
20713,0x1711,14,12
20713,0x1735,62,60
20713,0x1739,118,116
20715,0x0020,252,250
20715,0x0024,132,136
20715,0x0069,209,211
20715,0x006B,139,141
20715,0x007B,48,49
20715,0x00AD,98,100
20715,0x00CD,191,194
20715,0x00CE,72,78
20715,0x00CF,1,11
20715,0x00D0,186,200
20715,0x0900,1,255
20715,0x0904,241,239
20715,0x0910,190,212
20715,0x0914,182,204
20715,0x091B,34,46
20715,0x091C,12,10
20715,0x091E,134,138
20715,0x0920,252,250
20715,0x0922,132,136
20715,0x0B00,171,170
20715,0x0B26,48,49
20715,0x0B28,96,98
20715,0x0B86,48,49
20715,0x0B88,96,98
20715,0x0F99,48,49
20715,0x0F9D,48,49
20715,0x0FD1,48,49
20715,0x0FF0,48,49
20715,0x103C,2,0
20715,0x1091,190,212
20715,0x10A6,247,245
20715,0x1410,240,80
20715,0x1413,92,150
20715,0x1419,30,26
20715,0x1427,2,14
20715,0x1435,75,73
20715,0x16D1,12,10
20715,0x16E4,249,251
20715,0x16E6,2,3
20715,0x16EC,147,138
20715,0x16F8,104,102
20715,0x1711,12,10
20715,0x1735,60,58
20715,0x1739,116,114
20717,0x0020,250,248
20717,0x002A,2,32
20717,0x0069,211,213
20717,0x006B,141,143
20717,0x0072,94,96
20717,0x007B,49,50
20717,0x0098,0,64
20717,0x009B,0,64
20717,0x009F,0,64
20717,0x00AD,100,102
20717,0x00B7,9,11
20717,0x00CD,194,197
20717,0x00CE,78,84
20717,0x00CF,11,21
20717,0x00D0,200,214
20717,0x00FA,0,64
20717,0x00FC,0,64
20717,0x0173,36,229
20717,0x0178,36,100
20717,0x02FD,41,39
20717,0x0900,255,253
20717,0x0904,239,237
20717,0x0910,212,234
20717,0x0914,204,226
20717,0x0918,180,102
20717,0x0919,106,108
20717,0x091A,236,9
20717,0x091B,46,34
20717,0x091C,10,94
20717,0x091D,176,108
20717,0x091E,138,8
20717,0x091F,45,34
20717,0x0920,250,179
20717,0x0921,176,106
20717,0x0922,136,236
20717,0x0923,45,34
20717,0x0924,191,8
20717,0x0925,224,176
20717,0x0926,130,138
20717,0x0927,98,45
20717,0x0928,175,248
20717,0x0929,224,176
20717,0x092A,130,136
20717,0x092B,34,45
20717,0x0B01,224,0
20717,0x0B02,2,46
20717,0x0B24,152,153
20717,0x0B26,49,50
20717,0x0B28,98,100
20717,0x0B84,152,153
20717,0x0B86,49,50
20717,0x0B88,98,100
20717,0x0C3E,47,37
20717,0x0C3F,0,224
20717,0x0F99,49,50
20717,0x0F9D,49,50
20717,0x0FD1,49,50
20717,0x0FF0,49,50
20717,0x103B,0,2
20717,0x103C,0,10
20717,0x1091,212,234
20717,0x10A6,245,243
20717,0x10C0,0,200
20717,0x10D1,0,102
20717,0x10D2,1,0
20717,0x10E6,242,255
20717,0x1410,80,176
20717,0x1411,188,187
20717,0x1413,150,200
20717,0x1419,26,22
20717,0x1427,14,2
20717,0x1433,1,5
20717,0x1435,73,71
20717,0x16D1,10,8
20717,0x16E6,3,1
20717,0x16F8,102,100
20717,0x1711,10,8
20717,0x1735,58,56
20717,0x1739,114,112
20719,0x0020,248,246
20719,0x0024,136,128
20719,0x002A,32,2
20719,0x0069,213,215
20719,0x006B,143,145
20719,0x0071,94,96
20719,0x007B,50,51
20719,0x0098,64,0
20719,0x009B,64,0
20719,0x009F,64,0
20719,0x00AD,102,104
20719,0x00B7,11,9
20719,0x00CD,197,200
20719,0x00CE,84,90
20719,0x00CF,21,31
20719,0x00D0,214,228
20719,0x00FA,64,0
20719,0x00FC,64,0
20719,0x0900,253,251
20719,0x0904,237,235
20719,0x0910,234,124
20719,0x0914,226,116
20719,0x0918,102,179
20719,0x0919,108,106
20719,0x091A,9,236
20719,0x091C,94,6
20719,0x091D,108,176
20719,0x091E,8,130
20719,0x091F,34,45
20719,0x0920,179,246
20719,0x0921,106,176
20719,0x0922,236,128
20719,0x0923,34,45
20719,0x0924,8,96
20719,0x0925,176,224
20719,0x0926,138,2
20719,0x0927,45,32
20719,0x0928,248,80
20719,0x0929,176,224
20719,0x092A,136,0
20719,0x092B,45,32
20719,0x0B01,0,224
20719,0x0B02,46,2
20719,0x0B26,50,51
20719,0x0B28,100,102
20719,0x0B86,50,51
20719,0x0B88,100,102
20719,0x0F99,50,51
20719,0x0F9D,50,51
20719,0x0FD1,50,51
20719,0x0FF0,50,51
20719,0x103B,2,0
20719,0x103C,10,8
20719,0x1080,200,0
20719,0x1091,234,0
20719,0x1092,0,1
20719,0x10A6,243,242
20719,0x10D1,102,124
20719,0x10E6,255,253
20719,0x1410,176,16
20719,0x1413,200,242
20719,0x1419,22,18
20719,0x1433,5,3
20719,0x1435,71,69
20719,0x16D1,8,6
20719,0x16E4,251,247
20719,0x16E6,1,2
20719,0x16EC,138,147
20719,0x16ED,43,12
20719,0x16F8,100,98
20719,0x1711,8,6
20719,0x1735,56,54
20719,0x1739,112,110
20719,0xFFFF,176,177
20721,0x0004,24,26
20721,0x0020,246,244
20721,0x0024,128,132
20721,0x0069,215,217
20721,0x006B,145,147
20721,0x007B,51,52
20721,0x00AD,104,106
20721,0x00CD,200,203
20721,0x00CE,90,96
20721,0x00CF,31,41
20721,0x00D0,228,242
20721,0x0501,83,141
20721,0x0502,94,86
20721,0x0503,4,20
20721,0x0600,116,0
20721,0x0601,16,0
20721,0x0602,118,0
20721,0x0603,16,0
20721,0x0604,0,62
20721,0x0605,0,63
20721,0x0606,0,63
20721,0x0607,0,63
20721,0x0608,0,84
20721,0x0609,0,63
20721,0x060A,0,38
20721,0x060B,0,63
20721,0x060C,0,60
20721,0x060D,0,63
20721,0x060E,0,76
20721,0x060F,0,63
20721,0x0610,115,88
20721,0x0611,24,63
20721,0x0612,0,88
20721,0x0613,0,63
20721,0x0900,251,249
20721,0x0904,235,233
20721,0x0910,124,146
20721,0x0914,116,138
20721,0x0918,179,178
20721,0x0919,106,107
20721,0x091C,6,4
20721,0x091E,130,134
20721,0x0920,246,244
20721,0x0922,128,132
20721,0x0B22,76,77
20721,0x0B24,153,154
20721,0x0B26,51,52
20721,0x0B28,102,104
20721,0x0B82,76,77
20721,0x0B84,153,154
20721,0x0B86,51,52
20721,0x0B88,102,104
20721,0x0F99,51,52
20721,0x0F9D,51,52
20721,0x0FD1,51,52
20721,0x0FF0,51,52
20721,0x103C,8,6
20721,0x10D1,124,146
20721,0x10E6,253,251
20721,0x1410,16,112
20721,0x1411,187,186
20721,0x1413,242,20
20721,0x1414,114,115
20721,0x1419,18,14
20721,0x1433,3,1
20721,0x1435,69,67
20721,0x16D1,6,4
20721,0x16E4,247,249
20721,0x16E6,2,3
20721,0x16ED,12,43
20721,0x16F8,98,96
20721,0x1711,6,4
20721,0x1735,54,52
20721,0x1739,110,108
20723,0x0020,244,242
20723,0x0069,217,219
20723,0x006B,147,149
20723,0x007B,52,53
20723,0x0098,0,64
20723,0x009B,0,64
20723,0x009F,0,64
20723,0x00AD,106,108
20723,0x00CD,203,206
20723,0x00CE,96,102
20723,0x00CF,41,51
20723,0x00D0,242,0
20723,0x00FA,0,64
20723,0x00FC,0,64
20723,0x017D,52,53
20723,0x02FD,39,41
20723,0x0900,249,247
20723,0x0904,233,231
20723,0x0910,146,168
20723,0x0914,138,160
20723,0x0918,178,177
20723,0x091B,34,46
20723,0x091C,4,2
20723,0x0920,244,242
20723,0x0B26,52,53
20723,0x0B28,104,106
20723,0x0B86,52,53
20723,0x0B88,104,106
20723,0x0F99,52,53
20723,0x0F9D,52,53
20723,0x0FD1,52,53
20723,0x0FF0,52,53
20723,0x103C,6,4
20723,0x10D1,146,168
20723,0x10E6,251,249
20723,0x1410,112,208
20723,0x1411,186,185
20723,0x1413,20,46
20723,0x1419,14,10
20723,0x1427,2,14
20723,0x1435,67,65
20723,0x16D1,4,2
20723,0x16E6,3,1
20723,0x16F8,96,94
20723,0x1711,4,2
20723,0x1735,52,50
20723,0x1739,108,106
20725,0x0020,242,240
20725,0x0024,132,136
20725,0x0069,219,221
20725,0x006B,149,151
20725,0x007B,53,54
20725,0x0098,64,0
20725,0x009B,64,0
20725,0x009F,64,0
20725,0x00AD,108,110
20725,0x00CD,206,209
20725,0x00CE,102,108
20725,0x00CF,51,61
20725,0x00D0,0,14
20725,0x00FA,64,0
20725,0x00FC,64,0
20725,0x017D,53,52
20725,0x02FD,41,39
20725,0x0900,247,245
20725,0x0904,231,229
20725,0x0910,168,190
20725,0x0914,160,182
20725,0x091B,46,34
20725,0x091C,2,0
20725,0x091E,134,138
20725,0x0920,242,240
20725,0x0922,132,136
20725,0x0B24,154,155
20725,0x0B26,53,54
20725,0x0B28,106,108
20725,0x0B84,154,155
20725,0x0B86,53,54
20725,0x0B88,106,108
20725,0x0F99,53,54
20725,0x0F9D,53,54
20725,0x0FD1,53,54
20725,0x0FF0,53,54
20725,0x103C,4,2
20725,0x10D1,168,190
20725,0x10E6,249,247
20725,0x1410,208,48
20725,0x1413,46,64
20725,0x1419,10,6
20725,0x1427,14,2
20725,0x1433,1,5
20725,0x1435,65,63
20725,0x16D1,2,0
20725,0x16E4,249,251
20725,0x16E6,1,2
20725,0x16EC,147,138
20725,0x16F8,94,92
20725,0x1711,2,0
20725,0x1735,50,48
20725,0x1739,106,104
20727,0x0020,240,238
20727,0x0024,136,128
20727,0x0069,221,223
20727,0x006B,151,153
20727,0x007B,54,55
20727,0x00AD,110,112
20727,0x00CD,209,212
20727,0x00CE,108,114
20727,0x00CF,61,71
20727,0x00D0,14,28
20727,0x0900,245,243
20727,0x0904,229,227
20727,0x0910,190,212
20727,0x0914,182,204
20727,0x0918,177,176
20727,0x091C,0,254
20727,0x091E,138,130
20727,0x0920,240,238
20727,0x0922,136,128
20727,0x0B01,224,160
20727,0x0B26,54,55
20727,0x0B28,108,110
20727,0x0B86,54,55
20727,0x0B88,108,110
20727,0x0F99,54,55
20727,0x0F9D,54,55
20727,0x0FD1,54,55
20727,0x0FF0,54,55
20727,0x103C,2,0
20727,0x10D1,190,212
20727,0x10E6,247,245
20727,0x1410,48,144
20727,0x1411,185,184
20727,0x1413,64,74
20727,0x1419,6,2
20727,0x1433,5,3
20727,0x1435,63,61
20727,0x16D1,0,254
20727,0x16D2,1,0
20727,0x16E4,251,247
20727,0x16E6,2,3
20727,0x16EC,138,147
20727,0x16ED,43,12
20727,0x16F8,92,90
20727,0x1711,0,254
20727,0x1712,1,0
20727,0x1735,48,46
20727,0x1739,104,102
20729,0x0004,26,28
20729,0x0020,238,236
20729,0x002A,2,32
20729,0x0069,223,225
20729,0x006B,153,155
20729,0x0072,96,98
20729,0x007B,55,56
20729,0x0098,0,64
20729,0x009B,0,64
20729,0x009F,0,64
20729,0x00AD,112,114
20729,0x00B7,9,11
20729,0x00CD,212,215
20729,0x00CE,114,120
20729,0x00CF,71,81
20729,0x00D0,28,42
20729,0x00FA,0,64
20729,0x00FC,0,64
20729,0x02FD,39,41
20729,0x0501,141,135
20729,0x0502,86,90
20729,0x0508,19,71
20729,0x0509,84,81
20729,0x050B,4,20
20729,0x050F,134,142
20729,0x0510,90,86
20729,0x0512,24,40
20729,0x0600,0,10
20729,0x0601,0,13
20729,0x0602,0,207
20729,0x0603,0,12
20729,0x0604,62,217
20729,0x0605,63,16
20729,0x0606,63,154
20729,0x0607,63,17
20729,0x0608,84,11
20729,0x0609,63,16
20729,0x060A,38,11
20729,0x060B,63,16
20729,0x060C,60,30
20729,0x060D,63,17
20729,0x060E,76,46
20729,0x060F,63,17
20729,0x0610,88,116
20729,0x0611,63,16
20729,0x0612,88,118
20729,0x0613,63,16
20729,0x0616,0,21
20729,0x0617,0,13
20729,0x0618,9,0
20729,0x0619,13,0
20729,0x061A,191,0
20729,0x061B,12,0
20729,0x061C,95,16
20729,0x061D,16,13
20729,0x061E,153,32
20729,0x061F,17,13
20729,0x0620,11,3
20729,0x0621,16,13
20729,0x0622,11,218
20729,0x0623,16,12
20729,0x0624,29,234
20729,0x0625,17,12
20729,0x0626,45,250
20729,0x0627,17,12
20729,0x0628,116,0
20729,0x0629,16,0
20729,0x062A,117,0
20729,0x062B,16,0
20729,0x062C,0,48
20729,0x062D,0,63
20729,0x062E,0,64
20729,0x062F,0,63
20729,0x0630,0,80
20729,0x0631,0,63
20729,0x0632,0,34
20729,0x0633,0,63
20729,0x0634,0,56
20729,0x0635,0,63
20729,0x0636,0,72
20729,0x0637,0,63
20729,0x0638,0,56
20729,0x0639,0,63
20729,0x063A,0,72
20729,0x063B,0,63
20729,0x0900,243,241
20729,0x0904,227,225
20729,0x0910,212,102
20729,0x0914,204,94
20729,0x0918,176,234
20729,0x0919,107,108
20729,0x091A,236,9
20729,0x091C,254,226
20729,0x091D,176,108
20729,0x091E,130,8
20729,0x091F,45,34
20729,0x0920,238,175
20729,0x0921,176,107
20729,0x0922,128,236
20729,0x0923,45,34
20729,0x0924,96,252
20729,0x0925,224,176
20729,0x0926,2,130
20729,0x0927,32,45
20729,0x0928,80,236
20729,0x0929,224,176
20729,0x092A,0,128
20729,0x092B,32,45
20729,0x0B01,160,0
20729,0x0B02,2,42
20729,0x0B22,77,78
20729,0x0B24,155,156
20729,0x0B26,55,56
20729,0x0B28,110,112
20729,0x0B82,77,78
20729,0x0B84,155,156
20729,0x0B86,55,56
20729,0x0B88,110,112
20729,0x0C40,47,37
20729,0x0C41,0,224
20729,0x0F99,55,56
20729,0x0F9D,55,56
20729,0x0FD1,55,56
20729,0x0FF0,55,56
20729,0x103B,0,2
20729,0x103C,0,10
20729,0x1080,0,200
20729,0x1091,0,102
20729,0x1092,1,0
20729,0x10A6,242,255
20729,0x10D1,212,234
20729,0x10E6,245,243
20729,0x1410,144,240
20729,0x1411,184,183
20729,0x1413,74,76
20729,0x1419,2,254
20729,0x141A,0,255
20729,0x141B,0,255
20729,0x1433,3,1
20729,0x1435,61,59
20729,0x16D1,254,252
20729,0x16E6,3,1
20729,0x16F8,90,88
20729,0x1711,254,252
20729,0x1735,46,44
20729,0x1739,102,100
20731,0x0020,236,234
20731,0x0024,128,132
20731,0x002A,32,2
20731,0x0069,225,227
20731,0x006B,155,157
20731,0x0071,96,98
20731,0x007B,56,57
20731,0x0098,64,0
20731,0x009B,64,0
20731,0x009F,64,0
20731,0x00AD,114,116
20731,0x00B7,11,9
20731,0x00CD,215,218
20731,0x00CE,120,126
20731,0x00CF,81,91
20731,0x00D0,42,56
20731,0x00FA,64,0
20731,0x00FC,64,0
20731,0x02FD,41,39
20731,0x0900,241,239
20731,0x0904,225,223
20731,0x0910,102,124
20731,0x0914,94,116
20731,0x0918,234,175
20731,0x0919,108,107
20731,0x091A,9,236
20731,0x091B,34,46
20731,0x091C,226,250
20731,0x091D,108,176
20731,0x091E,8,134
20731,0x091F,34,45
20731,0x0920,175,234
20731,0x0921,107,176
20731,0x0922,236,132
20731,0x0923,34,45
20731,0x0924,252,96
20731,0x0925,176,224
20731,0x0926,130,2
20731,0x0927,45,32
20731,0x0928,236,80
20731,0x0929,176,224
20731,0x092A,128,0
20731,0x092B,45,32
20731,0x0B01,0,160
20731,0x0B02,42,2
20731,0x0B26,56,57
20731,0x0B28,112,114
20731,0x0B86,56,57
20731,0x0B88,112,114
20731,0x0F99,56,57
20731,0x0F9D,56,57
20731,0x0FD1,56,57
20731,0x0FF0,56,57
20731,0x103B,2,0
20731,0x103C,10,8
20731,0x1091,102,124
20731,0x10A6,255,253
20731,0x10C0,200,0
20731,0x10D1,234,0
20731,0x10D2,0,1
20731,0x10E6,243,242
20731,0x1410,240,80
20731,0x1413,76,70
20731,0x1419,254,250
20731,0x1427,2,14
20731,0x1435,59,57
20731,0x16D1,252,250
20731,0x16E4,247,249
20731,0x16E6,1,2
20731,0x16ED,12,43
20731,0x16F8,88,86
20731,0x1711,252,250
20731,0x1735,44,42
20731,0x1739,100,98
20731,0xFFFF,177,178
20733,0x0020,234,232
20733,0x0024,132,136
20733,0x0069,227,229
20733,0x006B,157,159
20733,0x007B,57,58
20733,0x00AD,116,118
20733,0x00CD,218,221
20733,0x00CE,126,132
20733,0x00CF,91,101
20733,0x00D0,56,70
20733,0x02FD,39,41
20733,0x0900,239,237
20733,0x0904,223,221
20733,0x0910,124,146
20733,0x0914,116,138
20733,0x0918,175,174
20733,0x091B,46,34
20733,0x091C,250,248
20733,0x091E,134,138
20733,0x0920,234,232
20733,0x0922,132,136
20733,0x0B24,156,157
20733,0x0B26,57,58
20733,0x0B28,114,116
20733,0x0B84,156,157
20733,0x0B86,57,58
20733,0x0B88,114,116
20733,0x0F99,57,58
20733,0x0F9D,57,58
20733,0x0FD1,57,58
20733,0x0FF0,57,58
20733,0x103C,8,6
20733,0x1091,124,146
20733,0x10A6,253,251
20733,0x1410,80,176
20733,0x1411,183,182
20733,0x1413,70,56
20733,0x1419,250,246
20733,0x1427,14,2
20733,0x1433,1,5
20733,0x1435,57,55
20733,0x16D1,250,248
20733,0x16E4,249,251
20733,0x16E6,2,3
20733,0x16EC,147,138
20733,0x16F8,86,84
20733,0x1711,250,248
20733,0x1735,42,40
20733,0x1739,98,96
20735,0x0020,232,230
20735,0x0069,229,231
20735,0x006B,159,161
20735,0x007B,58,59
20735,0x0098,0,64
20735,0x009B,0,64
20735,0x009F,0,64
20735,0x00AD,118,120
20735,0x00CD,221,224
20735,0x00CE,132,138
20735,0x00CF,101,111
20735,0x00D0,70,84
20735,0x00FA,0,64
20735,0x00FC,0,64
20735,0x0900,237,235
20735,0x0904,221,219
20735,0x0910,146,168
20735,0x0914,138,160
20735,0x091C,248,246
20735,0x0920,232,230
20735,0x0B26,58,59
20735,0x0B28,116,118
20735,0x0B86,58,59
20735,0x0B88,116,118
20735,0x0F99,58,59
20735,0x0F9D,58,59
20735,0x0FD1,58,59
20735,0x0FF0,58,59
20735,0x103C,6,4
20735,0x1091,146,168
20735,0x10A6,251,249
20735,0x1410,176,16
20735,0x1413,56,34
20735,0x1419,246,242
20735,0x1433,5,3
20735,0x1435,55,53
20735,0x16D1,248,246
20735,0x16E6,3,1
20735,0x16F8,84,82
20735,0x1711,248,246
20735,0x1735,40,38
20735,0x1739,96,94
20737,0x0004,28,30
20737,0x0020,230,228
20737,0x0024,136,128
20737,0x0069,231,233
20737,0x006B,161,163
20737,0x007B,59,60
20737,0x0098,64,0
20737,0x009B,64,0
20737,0x009F,64,0
20737,0x00AD,120,122
20737,0x00CD,224,227
20737,0x00CE,138,144
20737,0x00CF,111,121
20737,0x00D0,84,98
20737,0x00FA,64,0
20737,0x00FC,64,0
20737,0x0501,135,143
20737,0x0502,90,86
20737,0x0600,10,0
20737,0x0601,13,0
20737,0x0602,207,0
20737,0x0603,12,0
20737,0x0604,217,49
20737,0x0605,16,63
20737,0x0606,154,65
20737,0x0607,17,63
20737,0x0608,11,81
20737,0x0609,16,63
20737,0x060A,11,35
20737,0x060B,16,63
20737,0x060C,30,57
20737,0x060D,17,63
20737,0x060E,46,73
20737,0x060F,17,63
20737,0x0610,116,57
20737,0x0611,16,63
20737,0x0612,118,73
20737,0x0613,16,63
20737,0x0900,235,233
20737,0x0904,219,217
20737,0x0910,168,190
20737,0x0914,160,182
20737,0x0918,174,173
20737,0x091C,246,244
20737,0x091E,138,130
20737,0x0920,230,228
20737,0x0922,136,128
20737,0x0B22,78,79
20737,0x0B24,157,158
20737,0x0B26,59,60
20737,0x0B28,118,120
20737,0x0B82,78,79
20737,0x0B84,157,158
20737,0x0B86,59,60
20737,0x0B88,118,120
20737,0x0F99,59,60
20737,0x0F9D,59,60
20737,0x0FD1,59,60
20737,0x0FF0,59,60
20737,0x103C,4,2
20737,0x1091,168,190
20737,0x10A6,249,247
20737,0x1410,16,112
20737,0x1411,182,181
20737,0x1413,34,4
20737,0x1419,242,238
20737,0x1433,3,1
20737,0x1435,53,51
20737,0x16D1,246,244
20737,0x16E4,251,247
20737,0x16E6,1,2
20737,0x16EC,138,147
20737,0x16ED,43,12
20737,0x16F8,82,80
20737,0x1711,246,244
20737,0x1735,38,36
20737,0x1739,94,92
20739,0x0020,228,226
20739,0x0024,128,132
20739,0x0069,233,235
20739,0x006B,163,165
20739,0x007B,60,61
20739,0x00AD,122,124
20739,0x00CD,227,230
20739,0x00CE,144,150
20739,0x00CF,121,131
20739,0x00D0,98,112
20739,0x02FD,41,39
20739,0x0900,233,231
20739,0x0904,217,215
20739,0x0910,190,212
20739,0x0914,182,204
20739,0x0918,173,172
20739,0x0919,107,106
20739,0x091B,34,46
20739,0x091C,244,242
20739,0x091E,130,134
20739,0x0920,228,226
20739,0x0922,128,132
20739,0x0B26,60,61
20739,0x0B28,120,122
20739,0x0B86,60,61
20739,0x0B88,120,122
20739,0x0F99,60,61
20739,0x0F9D,60,61
20739,0x0FD1,60,61
20739,0x0FF0,60,61
20739,0x103C,2,0
20739,0x1091,190,212
20739,0x10A6,247,245
20739,0x1410,112,208
20739,0x1411,181,180
20739,0x1413,4,222
20739,0x1414,115,114
20739,0x1419,238,234
20739,0x1427,2,14
20739,0x1435,51,49
20739,0x16D1,244,242
20739,0x16E4,247,249
20739,0x16E6,2,3
20739,0x16ED,12,43
20739,0x16F8,80,78
20739,0x1711,244,242
20739,0x1735,36,34
20739,0x1739,92,90
20741,0x0000,116,66
20741,0x0020,226,0
20741,0x0022,176,188
20741,0x0024,132,128
20741,0x002A,2,48
20741,0x0069,235,237
20741,0x006B,165,167
20741,0x0072,98,100
20741,0x007B,61,62
20741,0x0098,0,64
20741,0x009B,0,64
20741,0x009F,0,64
20741,0x00AD,124,126
20741,0x00B7,9,15
20741,0x00BA,184,196
20741,0x00BF,128,136
20741,0x00C2,8,9
20741,0x00CD,230,233
20741,0x00CE,150,156
20741,0x00CF,131,141
20741,0x00D0,112,126
20741,0x00D1,1,2
20741,0x00FA,0,64
20741,0x00FC,0,64
20741,0x0173,229,36
20741,0x0174,52,50
20741,0x0175,36,52
20741,0x0176,177,71
20741,0x0177,145,146
20741,0x0178,100,54
20741,0x01B9,192,64
20741,0x01BA,22,23
20741,0x0900,231,229
20741,0x0904,215,213
20741,0x0908,96,5
20741,0x0909,104,181
20741,0x090A,2,142
20741,0x090B,32,45
20741,0x090C,80,245
20741,0x090D,104,181
20741,0x090E,0,140
20741,0x090F,32,45
20741,0x0910,212,96
20741,0x0911,108,104
20741,0x0912,9,2
20741,0x0913,34,32
20741,0x0914,204,80
20741,0x0915,108,104
20741,0x0916,8,0
20741,0x0917,34,32
20741,0x0918,172,234
20741,0x0919,106,108
20741,0x091A,236,9
20741,0x091B,46,34
20741,0x091C,242,226
20741,0x091D,176,108
20741,0x091E,134,8
20741,0x091F,45,34
20741,0x0920,226,102
20741,0x0921,176,108
20741,0x0922,132,9
20741,0x0923,45,34
20741,0x0924,96,94
20741,0x0925,224,108
20741,0x0926,2,8
20741,0x0927,32,34
20741,0x0928,80,172
20741,0x0929,224,106
20741,0x092A,0,236
20741,0x092B,32,34
20741,0x092C,96,240
20741,0x092D,224,176
20741,0x092E,2,134
20741,0x092F,32,45
20741,0x0930,80,224
20741,0x0931,224,176
20741,0x0932,0,132
20741,0x0933,32,45
20741,0x0934,80,16
20741,0x0935,224,188
20741,0x0936,0,130
20741,0x0937,32,45
20741,0x0938,103,0
20741,0x0939,224,188
20741,0x093A,107,128
20741,0x093B,61,45
20741,0x0B00,170,186
20741,0x0B01,160,10
20741,0x0B02,2,160
20741,0x0B03,0,62
20741,0x0B24,158,159
20741,0x0B26,61,62
20741,0x0B28,122,124
20741,0x0B84,158,159
20741,0x0B86,61,62
20741,0x0B88,122,124
20741,0x0C42,47,37
20741,0x0C43,0,224
20741,0x0F99,61,62
20741,0x0F9D,61,62
20741,0x0FD1,61,62
20741,0x0FF0,61,62
20741,0x103B,0,2
20741,0x103C,0,10
20741,0x1091,212,234
20741,0x10A6,245,243
20741,0x10C0,0,200
20741,0x10D1,0,102
20741,0x10D2,1,0
20741,0x10E6,242,255
20741,0x1410,208,48
20741,0x1413,222,176
20741,0x1419,234,230
20741,0x1427,14,2
20741,0x1433,1,5
20741,0x1435,49,47
20741,0x16D1,242,240
20741,0x16E6,3,1
20741,0x16F8,78,76
20741,0x1711,242,240
20741,0x1735,34,32
20741,0x1739,90,88
20741,0x1740,0,200
20741,0x1741,192,240
20741,0x1742,252,144
20741,0x1743,4,2
20741,0x1744,54,74
20741,0x1745,177,147
20741,0x1748,255,5
20741,0x1750,240,0
20741,0x1751,179,16
20741,0x1752,0,1
20741,0x1753,113,0
20741,0x1754,119,196
20741,0x1756,52,0
20741,0x1757,254,255
20741,0x175E,9,12
20741,0x175F,12,8
20741,0x1760,146,170
20741,0x1761,2,3
20741,0x1762,213,245
20741,0x1763,11,9
20741,0x1764,227,247
20741,0x1765,11,9
20741,0x1766,251,3
20741,0x1767,2,12
20741,0x1769,0,1
20741,0x176A,164,168
20741,0x176B,4,6
20741,0x176C,76,147
20741,0x176D,42,12
20741,0x1772,0,128
20741,0x1773,0,23
20741,0x1778,46,108
20741,0x1779,2,0
20741,0x1780,0,224
20741,0x1781,192,116
20741,0x1782,252,146
20741,0x1783,4,2
20741,0x1788,255,5
20741,0x1790,88,0
20741,0x1791,176,16
20741,0x1792,0,1
20741,0x1793,202,0
20741,0x1794,124,188
20741,0x179E,9,12
20741,0x179F,12,8
20741,0x17A0,146,170
20741,0x17A1,2,3
20741,0x17A2,213,223
20741,0x17A3,11,8
20741,0x17A4,227,225
20741,0x17A5,11,8
20741,0x17A6,251,255
20741,0x17A7,2,12
20741,0x17A9,0,1
20741,0x17AA,164,168
20741,0x17AB,4,6
20741,0x17AC,76,221
20741,0x17AD,42,52
20741,0x17B5,146,64
20741,0x17B6,110,0
20741,0x17B9,2,120
20743,0x0000,66,116
20743,0x0020,0,254
20743,0x002A,48,2
20743,0x0069,237,239
20743,0x006B,167,169
20743,0x0071,98,100
20743,0x007B,62,63
20743,0x0098,64,0
20743,0x009B,64,0
20743,0x009F,64,0
20743,0x00AD,126,128
20743,0x00B7,15,13
20743,0x00CD,233,236
20743,0x00CE,156,162
20743,0x00CF,141,151
20743,0x00D0,126,140
20743,0x00FA,64,0
20743,0x00FC,64,0
20743,0x0174,50,52
20743,0x0175,52,36
20743,0x0176,71,177
20743,0x0177,146,145
20743,0x0178,54,100
20743,0x0900,229,227
20743,0x0904,213,211
20743,0x0908,5,3
20743,0x090C,245,243
20743,0x0918,234,124
20743,0x091C,226,116
20743,0x0920,102,171
20743,0x0921,108,106
20743,0x0922,9,236
20743,0x0924,94,238
20743,0x0925,108,176
20743,0x0926,8,138
20743,0x0927,34,45
20743,0x0928,172,222
20743,0x0929,106,176
20743,0x092A,236,136
20743,0x092B,34,45
20743,0x092C,240,14
20743,0x092D,176,188
20743,0x092E,134,130
20743,0x0930,224,254
20743,0x0931,176,188
20743,0x0932,132,128
20743,0x0934,16,96
20743,0x0935,188,224
20743,0x0936,130,2
20743,0x0937,45,32
20743,0x0938,0,80
20743,0x0939,188,224
20743,0x093A,128,0
20743,0x093B,45,32
20743,0x0B02,160,234
20743,0x0B03,62,2
20743,0x0B26,62,63
20743,0x0B28,124,126
20743,0x0B86,62,63
20743,0x0B88,124,126
20743,0x0F99,62,63
20743,0x0F9D,62,63
20743,0x0FD1,62,63
20743,0x0FF0,62,63
20743,0x103B,2,0
20743,0x103C,10,8
20743,0x1080,200,0
20743,0x1091,234,0
20743,0x1092,0,1
20743,0x10A6,243,242
20743,0x10D1,102,124
20743,0x10E6,255,253
20743,0x1410,48,144
20743,0x1411,180,179
20743,0x1413,176,122
20743,0x1419,230,226
20743,0x1433,5,3
20743,0x1435,47,45
20743,0x16D1,240,238
20743,0x16E4,249,251
20743,0x16E6,1,2
20743,0x16EC,147,138
20743,0x16F8,76,74
20743,0x1711,240,238
20743,0x1735,32,30
20743,0x1739,88,86
20743,0x1751,16,14
20743,0x1766,3,1
20743,0x1778,108,106
20743,0x1791,16,14
20743,0x17B5,64,62
20743,0x17B9,120,118
20743,0xFFFF,178,179
20745,0x0004,30,32
20745,0x0020,254,252
20745,0x0024,128,132
20745,0x0069,239,241
20745,0x006B,169,171
20745,0x007B,63,64
20745,0x00AD,128,130
20745,0x00CD,236,239
20745,0x00CE,162,168
20745,0x00CF,151,161
20745,0x00D0,140,154
20745,0x0178,100,36
20745,0x02FD,39,41
20745,0x0501,143,202
20745,0x0502,86,93
20745,0x0503,20,8
20745,0x0508,71,84
20745,0x0509,81,94
20745,0x050A,20,4
20745,0x050B,20,8
20745,0x050F,142,20
20745,0x0510,86,84
20745,0x0512,40,12
20745,0x0516,70,136
20745,0x0517,81,90
20745,0x0519,44,32
20745,0x051D,140,72
20745,0x051E,86,81
20745,0x0520,64,52
20745,0x0524,136,144
20745,0x0600,0,78
20745,0x0601,0,8
20745,0x0602,0,26
20745,0x0603,0,8
20745,0x0604,49,42
20745,0x0605,63,8
20745,0x0606,65,58
20745,0x0607,63,8
20745,0x0608,81,192
20745,0x0609,63,22
20745,0x060A,35,194
20745,0x060B,63,22
20745,0x060C,57,0
20745,0x060D,63,0
20745,0x060E,73,0
20745,0x060F,63,0
20745,0x0610,57,0
20745,0x0611,63,0
20745,0x0612,73,0
20745,0x0613,63,0
20745,0x0616,21,0
20745,0x0617,13,0
20745,0x061C,16,149
20745,0x061D,13,90
20745,0x061E,32,165
20745,0x061F,13,90
20745,0x0620,3,11
20745,0x0622,218,207
20745,0x0624,234,95
20745,0x0625,12,80
20745,0x0626,250,11
20745,0x0627,12,16
20745,0x0628,0,11
20745,0x0629,0,16
20745,0x062A,0,11
20745,0x062B,0,16
20745,0x062C,48,31
20745,0x062D,63,17
20745,0x062E,64,47
20745,0x062F,63,17
20745,0x0630,80,116
20745,0x0631,63,16
20745,0x0632,34,117
20745,0x0633,63,16
20745,0x0634,56,20
20745,0x0635,63,13
20745,0x0636,72,22
20745,0x0637,63,13
20745,0x0638,56,24
20745,0x0639,63,13
20745,0x063A,72,25
20745,0x063B,63,13
20745,0x063C,233,17
20745,0x063D,12,13
20745,0x063E,249,33
20745,0x063F,12,13
20745,0x0640,0,4
20745,0x0641,0,13
20745,0x0642,0,219
20745,0x0643,0,12
20745,0x0644,0,235
20745,0x0645,0,12
20745,0x0646,0,251
20745,0x0647,0,12
20745,0x0648,82,0
20745,0x0649,63,0
20745,0x064A,36,0
20745,0x064B,63,0
20745,0x064C,58,0
20745,0x064D,63,0
20745,0x064E,74,0
20745,0x064F,63,0
20745,0x0650,0,82
20745,0x0651,0,63
20745,0x0652,0,36
20745,0x0653,0,63
20745,0x0654,0,58
20745,0x0655,0,63
20745,0x0656,0,74
20745,0x0657,0,63
20745,0x0900,227,225
20745,0x0904,211,209
20745,0x0908,3,1
20745,0x090C,243,241
20745,0x0918,124,146
20745,0x091C,116,138
20745,0x0920,171,170
20745,0x0924,238,236
20745,0x0926,138,130
20745,0x0928,222,220
20745,0x092A,136,128
20745,0x092C,14,12
20745,0x092E,130,134
20745,0x0930,254,252
20745,0x0932,128,132
20745,0x0B22,79,80
20745,0x0B24,159,160
20745,0x0B26,63,64
20745,0x0B28,126,128
20745,0x0B82,79,80
20745,0x0B84,159,160
20745,0x0B86,63,64
20745,0x0B88,126,128
20745,0x0F99,63,64
20745,0x0F9D,63,64
20745,0x0FD1,63,64
20745,0x0FF0,63,64
20745,0x103C,8,6
20745,0x10D1,124,146
20745,0x10E6,253,251
20745,0x1410,144,240
20745,0x1411,179,178
20745,0x1413,122,60
20745,0x1419,226,222
20745,0x1433,3,1
20745,0x1435,45,43
20745,0x16D1,238,236
20745,0x16E4,251,247
20745,0x16E6,2,3
20745,0x16EC,138,147
20745,0x16ED,43,12
20745,0x16F8,74,72
20745,0x1711,238,236
20745,0x1735,30,28
20745,0x1739,86,84
20745,0x1751,14,12
20745,0x1764,247,249
20745,0x1766,1,2
20745,0x176D,12,43
20745,0x1778,106,104
20745,0x1791,14,12
20745,0x17B5,62,60
20745,0x17B9,118,116
20747,0x0020,252,250
20747,0x0024,132,136
20747,0x0069,241,243
20747,0x006B,171,173
20747,0x007B,64,65
20747,0x0098,0,64
20747,0x009B,0,64
20747,0x009F,0,64
20747,0x00AD,130,132
20747,0x00CD,239,242
20747,0x00CE,168,174
20747,0x00CF,161,171
20747,0x00D0,154,168
20747,0x00FA,0,64
20747,0x00FC,0,64
20747,0x0900,225,223
20747,0x0904,209,207
20747,0x0908,1,255
20747,0x090C,241,239
20747,0x0918,146,168
20747,0x091C,138,160
20747,0x0921,106,105
20747,0x0923,34,46
20747,0x0924,236,234
20747,0x0928,220,218
20747,0x092C,12,10
20747,0x092E,134,138
20747,0x0930,252,250
20747,0x0932,132,136
20747,0x0B00,186,170
20747,0x0B26,64,65
20747,0x0B28,128,130
20747,0x0B86,64,65
20747,0x0B88,128,130
20747,0x0F99,64,65
20747,0x0F9D,64,65
20747,0x0FD1,64,65
20747,0x0FF0,64,65
20747,0x103C,6,4
20747,0x10D1,146,168
20747,0x10E6,251,249
20747,0x1410,240,80
20747,0x1413,60,246
20747,0x1414,114,113
20747,0x1419,222,218
20747,0x1427,2,14
20747,0x1435,43,41
20747,0x16D1,236,234
20747,0x16E6,3,1
20747,0x16F8,72,70
20747,0x1711,236,234
20747,0x1735,28,26
20747,0x1739,84,82
20747,0x1751,12,10
20747,0x1764,249,251
20747,0x1766,2,3
20747,0x176C,147,138
20747,0x1778,104,102
20747,0x1791,12,10
20747,0x17B5,60,58
20747,0x17B9,116,114
20749,0x0020,250,248
20749,0x0069,243,245
20749,0x006B,173,175
20749,0x007B,65,66
20749,0x0098,64,0
20749,0x009B,64,0
20749,0x009F,64,0
20749,0x00AD,132,134
20749,0x00CD,242,245
20749,0x00CE,174,180
20749,0x00CF,171,181
20749,0x00D0,168,182
20749,0x00FA,64,0
20749,0x00FC,64,0
20749,0x0900,223,221
20749,0x0904,207,205
20749,0x0908,255,253
20749,0x090C,239,237
20749,0x0918,168,190
20749,0x091C,160,182
20749,0x0920,170,169
20749,0x0923,46,34
20749,0x0924,234,232
20749,0x0926,130,134
20749,0x0928,218,216
20749,0x092A,128,132
20749,0x092C,10,8
20749,0x0930,250,248
20749,0x0B24,160,161
20749,0x0B26,65,66
20749,0x0B28,130,132
20749,0x0B84,160,161
20749,0x0B86,65,66
20749,0x0B88,130,132
20749,0x0F99,65,66
20749,0x0F9D,65,66
20749,0x0FD1,65,66
20749,0x0FF0,65,66
20749,0x103C,4,2
20749,0x10D1,168,190
20749,0x10E6,249,247
20749,0x1410,80,176
20749,0x1411,178,177
20749,0x1413,246,168
20749,0x1419,218,214
20749,0x1427,14,2
20749,0x1433,1,5
20749,0x1435,41,39
20749,0x16D1,234,232
20749,0x16E4,247,249
20749,0x16E6,1,2
20749,0x16ED,12,43
20749,0x16F8,70,68
20749,0x1711,234,232
20749,0x1735,26,24
20749,0x1739,82,80
20749,0x1751,10,8
20749,0x1766,3,1
20749,0x1778,102,100
20749,0x1791,10,8
20749,0x17B5,58,56
20749,0x17B9,114,112
20751,0x0020,248,246
20751,0x0024,136,128
20751,0x0069,245,247
20751,0x006B,175,177
20751,0x007B,66,67
20751,0x00AD,134,136
20751,0x00CD,245,248
20751,0x00CE,180,186
20751,0x00CF,181,191
20751,0x00D0,182,196
20751,0x0900,221,219
20751,0x0904,205,203
20751,0x0908,253,251
20751,0x090C,237,235
20751,0x0918,190,212
20751,0x091C,182,204
20751,0x0924,232,230
20751,0x0926,134,138
20751,0x0928,216,214
20751,0x092A,132,136
20751,0x092C,8,6
20751,0x092E,138,130
20751,0x0930,248,246
20751,0x0932,136,128
20751,0x0B26,66,67
20751,0x0B28,132,134
20751,0x0B86,66,67
20751,0x0B88,132,134
20751,0x0F99,66,67
20751,0x0F9D,66,67
20751,0x0FD1,66,67
20751,0x0FF0,66,67
20751,0x103C,2,0
20751,0x10D1,190,212
20751,0x10E6,247,245
20751,0x1410,176,16
20751,0x1413,168,82
20751,0x1419,214,210
20751,0x1433,5,3
20751,0x1435,39,37
20751,0x16D1,232,230
20751,0x16E4,249,251
20751,0x16E6,2,3
20751,0x16EC,147,138
20751,0x16F8,68,66
20751,0x1711,232,230
20751,0x1735,24,22
20751,0x1739,80,78
20751,0x1751,8,6
20751,0x1764,251,247
20751,0x1766,1,2
20751,0x176C,138,147
20751,0x176D,43,12
20751,0x1778,100,98
20751,0x1791,8,6
20751,0x17B5,56,54
20751,0x17B9,112,110
20753,0x0004,32,34
20753,0x0020,246,244
20753,0x0024,128,132
20753,0x002A,2,32
20753,0x0069,247,249
20753,0x006B,177,179
20753,0x0072,100,102
20753,0x007B,67,68
20753,0x0098,0,64
20753,0x009B,0,64
20753,0x009F,0,64
20753,0x00AD,136,138
20753,0x00B7,13,15
20753,0x00CD,248,251
20753,0x00CE,186,192
20753,0x00CF,191,201
20753,0x00D0,196,210
20753,0x00FA,0,64
20753,0x00FC,0,64
20753,0x0173,36,229
20753,0x02FD,41,39
20753,0x0501,202,145
20753,0x0502,93,86
20753,0x0503,8,20
20753,0x0600,78,0
20753,0x0601,8,0
20753,0x0602,26,0
20753,0x0603,8,0
20753,0x0604,42,0
20753,0x0605,8,0
20753,0x0606,58,0
20753,0x0607,8,0
20753,0x0608,192,83
20753,0x0609,22,63
20753,0x060A,194,37
20753,0x060B,22,63
20753,0x060C,0,59
20753,0x060D,0,63
20753,0x060E,0,75
20753,0x060F,0,63
20753,0x0900,219,217
20753,0x0904,203,201
20753,0x0908,251,249
20753,0x090C,235,233
20753,0x0918,212,102
20753,0x091C,204,94
20753,0x0920,169,234
20753,0x0921,105,108
20753,0x0922,236,9
20753,0x0924,230,226
20753,0x0925,176,108
20753,0x0926,138,8
20753,0x0927,45,34
20753,0x0928,214,168
20753,0x0929,176,104
20753,0x092A,136,236
20753,0x092B,45,34
20753,0x092C,6,228
20753,0x092D,188,176
20753,0x092E,130,138
20753,0x0930,246,212
20753,0x0931,188,176
20753,0x0932,128,136
20753,0x0934,96,4
20753,0x0935,224,188
20753,0x0936,2,134
20753,0x0937,32,45
20753,0x0938,80,244
20753,0x0939,224,188
20753,0x093A,0,132
20753,0x093B,32,45
20753,0x0B02,234,160
20753,0x0B03,2,46
20753,0x0B22,80,81
20753,0x0B24,161,162
20753,0x0B26,67,68
20753,0x0B28,134,136
20753,0x0B82,80,81
20753,0x0B84,161,162
20753,0x0B86,67,68
20753,0x0B88,134,136
20753,0x0C44,47,37
20753,0x0C45,0,224
20753,0x0F99,67,68
20753,0x0F9D,67,68
20753,0x0FD1,67,68
20753,0x0FF0,67,68
20753,0x103B,0,2
20753,0x103C,0,10
20753,0x1080,0,200
20753,0x1091,0,102
20753,0x1092,1,0
20753,0x10A6,242,255
20753,0x10D1,212,234
20753,0x10E6,245,243
20753,0x1410,16,112
20753,0x1411,177,176
20753,0x1413,82,244
20753,0x1414,113,112
20753,0x1419,210,206
20753,0x1433,3,1
20753,0x1435,37,35
20753,0x16D1,230,228
20753,0x16E6,3,1
20753,0x16F8,66,64
20753,0x1711,230,228
20753,0x1735,22,20
20753,0x1739,78,76
20753,0x1751,6,4
20753,0x1764,247,249
20753,0x1766,2,3
20753,0x176D,12,43
20753,0x1778,98,96
20753,0x1791,6,4
20753,0x17B5,54,52
20753,0x17B9,110,108
20755,0x0020,244,242
20755,0x002A,32,2
20755,0x0069,249,251
20755,0x006B,179,181
20755,0x0071,100,102
20755,0x007B,68,69
20755,0x0098,64,0
20755,0x009B,64,0
20755,0x009F,64,0
20755,0x00AD,138,140
20755,0x00B7,15,13
20755,0x00CD,251,254
20755,0x00CE,192,198
20755,0x00CF,201,211
20755,0x00D0,210,224
20755,0x00FA,64,0
20755,0x00FC,64,0
20755,0x0900,217,215
20755,0x0904,201,199
20755,0x0908,249,247
20755,0x090C,233,231
20755,0x0918,102,124
20755,0x091C,94,116
20755,0x0920,234,167
20755,0x0921,108,104
20755,0x0922,9,236
20755,0x0923,34,46
20755,0x0925,108,176
20755,0x0926,8,130
20755,0x0927,34,45
20755,0x0928,168,210
20755,0x0929,104,176
20755,0x092A,236,128
20755,0x092B,34,45
20755,0x092C,228,2
20755,0x092D,176,188
20755,0x092E,138,134
20755,0x0930,212,242
20755,0x0931,176,188
20755,0x0932,136,132
20755,0x0934,4,96
20755,0x0935,188,224
20755,0x0936,134,2
20755,0x0937,45,32
20755,0x0938,244,80
20755,0x0939,188,224
20755,0x093A,132,0
20755,0x093B,45,32
20755,0x0B02,160,234
20755,0x0B03,46,2
20755,0x0B26,68,69
20755,0x0B28,136,138
20755,0x0B86,68,69
20755,0x0B88,136,138
20755,0x0F99,68,69
20755,0x0F9D,68,69
20755,0x0FD1,68,69
20755,0x0FF0,68,69
20755,0x103B,2,0
20755,0x103C,10,8
20755,0x1091,102,124
20755,0x10A6,255,253
20755,0x10C0,200,0
20755,0x10D1,234,0
20755,0x10D2,0,1
20755,0x10E6,243,242
20755,0x1410,112,208
20755,0x1411,176,175
20755,0x1413,244,142
20755,0x1419,206,202
20755,0x1427,2,14
20755,0x1435,35,33
20755,0x16D1,228,226
20755,0x16E4,251,247
20755,0x16E6,1,2
20755,0x16EC,138,147
20755,0x16ED,43,12
20755,0x16F8,64,62
20755,0x1711,228,226
20755,0x1735,20,18
20755,0x1739,76,74
20755,0x1751,4,2
20755,0x1766,3,1
20755,0x1778,96,94
20755,0x1791,4,2
20755,0x17B5,52,50
20755,0x17B9,108,106
20755,0xFFFF,179,180
20757,0x0020,242,240
20757,0x0024,132,136
20757,0x0069,251,253
20757,0x006B,181,183
20757,0x007B,69,70
20757,0x00AD,140,142
20757,0x00CD,254,1
20757,0x00CE,198,205
20757,0x00CF,211,221
20757,0x00D0,224,238
20757,0x0900,215,213
20757,0x0904,199,197
20757,0x0908,247,245
20757,0x090C,231,229
20757,0x0918,124,146
20757,0x091C,116,138
20757,0x0923,46,34
20757,0x0924,226,224
20757,0x0926,130,134
20757,0x0928,210,208
20757,0x092A,128,132
20757,0x092C,2,0
20757,0x092E,134,138
20757,0x0930,242,240
20757,0x0932,132,136
20757,0x0B24,162,163
20757,0x0B26,69,70
20757,0x0B28,138,140
20757,0x0B84,162,163
20757,0x0B86,69,70
20757,0x0B88,138,140
20757,0x0F99,69,70
20757,0x0F9D,69,70
20757,0x0FD1,69,70
20757,0x0FF0,69,70
20757,0x103C,8,6
20757,0x1091,124,146
20757,0x10A6,253,251
20757,0x1410,208,48
20757,0x1413,142,32
20757,0x1419,202,198
20757,0x1427,14,2
20757,0x1433,1,5
20757,0x1435,33,31
20757,0x16D1,226,224
20757,0x16E4,247,249
20757,0x16E6,2,3
20757,0x16ED,12,43
20757,0x16F8,62,60
20757,0x1711,226,224
20757,0x1735,18,16
20757,0x1739,74,72
20757,0x1751,2,0
20757,0x1764,249,251
20757,0x1766,1,2
20757,0x176C,147,138
20757,0x1778,94,92
20757,0x1791,2,0
20757,0x17B5,50,48
20757,0x17B9,106,104
20759,0x0020,240,238
20759,0x0024,136,128
20759,0x0069,253,255
20759,0x006B,183,185
20759,0x007B,70,71
20759,0x0098,0,64
20759,0x009B,0,64
20759,0x009F,0,64
20759,0x00AD,142,144
20759,0x00CD,1,4
20759,0x00CE,205,211
20759,0x00CF,221,231
20759,0x00D0,238,252
20759,0x00FA,0,64
20759,0x00FC,0,64
20759,0x0900,213,211
20759,0x0904,197,195
20759,0x0908,245,243
20759,0x090C,229,227
20759,0x0918,146,168
20759,0x091C,138,160
20759,0x0920,167,166
20759,0x0921,104,103
20759,0x0924,224,222
20759,0x0928,208,206
20759,0x092C,0,254
20759,0x092E,138,130
20759,0x0930,240,238
20759,0x0932,136,128
20759,0x0B02,234,170
20759,0x0B26,70,71
20759,0x0B28,140,142
20759,0x0B86,70,71
20759,0x0B88,140,142
20759,0x0F99,70,71
20759,0x0F9D,70,71
20759,0x0FD1,70,71
20759,0x0FF0,70,71
20759,0x103C,6,4
20759,0x1091,146,168
20759,0x10A6,251,249
20759,0x1410,48,144
20759,0x1411,175,174
20759,0x1413,32,170
20759,0x1414,112,111
20759,0x1419,198,194
20759,0x1433,5,3
20759,0x1435,31,29
20759,0x16D1,224,222
20759,0x16E6,3,1
20759,0x16F8,60,58
20759,0x1711,224,222
20759,0x1735,16,14
20759,0x1739,72,70
20759,0x1751,0,254
20759,0x1752,1,0
20759,0x1764,251,247
20759,0x1766,2,3
20759,0x176C,138,147
20759,0x176D,43,12
20759,0x1778,92,90
20759,0x1791,0,254
20759,0x1792,1,0
20759,0x17B5,48,46
20759,0x17B9,104,102
20761,0x0004,34,36
20761,0x0020,238,236
20761,0x0069,255,1
20761,0x006B,185,187
20761,0x007B,71,72
20761,0x0098,64,0
20761,0x009B,64,0
20761,0x009F,64,0
20761,0x00AD,144,146
20761,0x00CD,4,7
20761,0x00CE,211,217
20761,0x00CF,231,241
20761,0x00D0,252,10
20761,0x00FA,64,0
20761,0x00FC,64,0
20761,0x02FD,39,41
20761,0x0501,145,137
20761,0x0502,86,90
20761,0x0508,84,73
20761,0x0509,94,81
20761,0x050A,4,20
20761,0x050B,8,20
20761,0x050F,20,146
20761,0x0510,84,86
20761,0x0512,12,40
20761,0x0600,0,12
20761,0x0601,0,13
20761,0x0602,0,207
20761,0x0603,0,12
20761,0x0604,0,217
20761,0x0605,0,80
20761,0x0606,0,154
20761,0x0607,0,17
20761,0x0608,83,11
20761,0x0609,63,16
20761,0x060A,37,11
20761,0x060B,63,16
20761,0x060C,59,29
20761,0x060D,63,17
20761,0x060E,75,45
20761,0x060F,63,17
20761,0x0610,0,116
20761,0x0611,0,16
20761,0x0612,0,118
20761,0x0613,0,16
20761,0x0616,0,23
20761,0x0617,0,13
20761,0x061A,0,26
20761,0x061B,0,13
20761,0x061C,149,18
20761,0x061D,90,13
20761,0x061E,165,34
20761,0x061F,90,13
20761,0x0620,11,5
20761,0x0622,207,220
20761,0x0624,95,236
20761,0x0625,80,12
20761,0x0626,11,252
20761,0x0627,16,12
20761,0x0628,11,0
20761,0x0629,16,0
20761,0x062A,11,0
20761,0x062B,16,0
20761,0x062C,31,0
20761,0x062D,17,0
20761,0x062E,47,0
20761,0x062F,17,0
20761,0x0630,116,82
20761,0x0631,16,63
20761,0x0632,117,36
20761,0x0633,16,63
20761,0x0634,20,58
20761,0x0635,13,63
20761,0x0636,22,74
20761,0x0637,13,63
20761,0x0638,24,0
20761,0x0639,13,0
20761,0x063A,25,0
20761,0x063B,13,0
20761,0x0900,211,209
20761,0x0904,195,193
20761,0x0908,243,241
20761,0x090C,227,225
20761,0x0918,168,190
20761,0x091C,160,182
20761,0x0920,166,165
20761,0x0924,222,220
20761,0x0926,134,138
20761,0x0928,206,204
20761,0x092A,132,136
20761,0x092C,254,252
20761,0x0930,238,236
20761,0x0B22,81,82
20761,0x0B24,163,164
20761,0x0B26,71,72
20761,0x0B28,142,144
20761,0x0B82,81,82
20761,0x0B84,163,164
20761,0x0B86,71,72
20761,0x0B88,142,144
20761,0x0F99,71,72
20761,0x0F9D,71,72
20761,0x0FD1,71,72
20761,0x0FF0,71,72
20761,0x103C,4,2
20761,0x1091,168,190
20761,0x10A6,249,247
20761,0x1410,144,240
20761,0x1411,174,173
20761,0x1413,170,44
20761,0x1419,194,190
20761,0x1433,3,1
20761,0x1435,29,27
20761,0x16D1,222,220
20761,0x16E4,249,251
20761,0x16E6,1,2
20761,0x16EC,147,138
20761,0x16F8,58,56
20761,0x1711,222,220
20761,0x1735,14,12
20761,0x1739,70,68
20761,0x1751,254,252
20761,0x1766,3,1
20761,0x1778,90,88
20761,0x1791,254,252
20761,0x17B5,46,44
20761,0x17B9,102,100
20763,0x0020,236,234
20763,0x0024,128,132
20763,0x0069,1,3
20763,0x006B,187,189
20763,0x007B,72,73
20763,0x00AD,146,148
20763,0x00CD,7,10
20763,0x00CE,217,223
20763,0x00CF,241,251
20763,0x00D0,10,24
20763,0x0900,209,207
20763,0x0904,193,191
20763,0x0908,241,239
20763,0x090C,225,223
20763,0x0918,190,212
20763,0x091C,182,204
20763,0x0921,103,102
20763,0x0923,34,46
20763,0x0924,220,218
20763,0x0926,138,130
20763,0x0928,204,202
20763,0x092A,136,128
20763,0x092C,252,250
20763,0x092E,130,134
20763,0x0930,236,234
20763,0x0932,128,132
20763,0x0B26,72,73
20763,0x0B28,144,146
20763,0x0B86,72,73
20763,0x0B88,144,146
20763,0x0F99,72,73
20763,0x0F9D,72,73
20763,0x0FD1,72,73
20763,0x0FF0,72,73
20763,0x103C,2,0
20763,0x1091,190,212
20763,0x10A6,247,245
20763,0x1410,240,80
20763,0x1413,44,166
20763,0x1414,111,110
20763,0x1419,190,186
20763,0x1427,2,14
20763,0x1435,27,25
20763,0x16D1,220,218
20763,0x16E4,251,247
20763,0x16E6,2,3
20763,0x16EC,138,147
20763,0x16ED,43,12
20763,0x16F8,56,54
20763,0x1711,220,218
20763,0x1735,12,10
20763,0x1739,68,66
20763,0x1751,252,250
20763,0x1764,247,249
20763,0x1766,1,2
20763,0x176D,12,43
20763,0x1778,88,86
20763,0x1791,252,250
20763,0x17B5,44,42
20763,0x17B9,100,98
20765,0x0020,234,232
20765,0x0024,132,136
20765,0x002A,2,32
20765,0x0069,3,5
20765,0x006B,189,191
20765,0x0072,102,104
20765,0x007B,73,74
20765,0x0098,0,64
20765,0x009B,0,64
20765,0x009F,0,64
20765,0x00AD,148,150
20765,0x00B7,13,15
20765,0x00CD,10,13
20765,0x00CE,223,229
20765,0x00CF,251,5
20765,0x00D0,24,39
20765,0x00FA,0,64
20765,0x00FC,0,64
20765,0x02FD,41,39
20765,0x0900,207,205
20765,0x0904,191,189
20765,0x0908,239,237
20765,0x090C,223,221
20765,0x0918,212,234
20765,0x091C,204,226
20765,0x0920,165,102
20765,0x0921,102,108
20765,0x0922,236,9
20765,0x0923,46,34
20765,0x0924,218,94
20765,0x0925,176,108
20765,0x0926,130,8
20765,0x0927,45,34
20765,0x0928,202,164
20765,0x0929,176,102
20765,0x092A,128,236
20765,0x092B,45,34
20765,0x092C,250,216
20765,0x092D,188,176
20765,0x092E,134,130
20765,0x0930,234,200
20765,0x0931,188,176
20765,0x0932,132,128
20765,0x0934,96,248
20765,0x0935,224,188
20765,0x0936,2,138
20765,0x0937,32,45
20765,0x0938,80,232
20765,0x0939,224,188
20765,0x093A,0,136
20765,0x093B,32,45
20765,0x0B02,170,160
20765,0x0B03,2,42
20765,0x0B24,164,165
20765,0x0B26,73,74
20765,0x0B28,146,148
20765,0x0B84,164,165
20765,0x0B86,73,74
20765,0x0B88,146,148
20765,0x0C46,47,37
20765,0x0C47,0,224
20765,0x0F99,73,74
20765,0x0F9D,73,74
20765,0x0FD1,73,74
20765,0x0FF0,73,74
20765,0x103B,0,2
20765,0x103C,0,10
20765,0x1091,212,234
20765,0x10A6,245,243
20765,0x10C0,0,200
20765,0x10D1,0,102
20765,0x10D2,1,0
20765,0x10E6,242,255
20765,0x1410,80,176
20765,0x1411,173,172
20765,0x1413,166,24
20765,0x1419,186,182
20765,0x1427,14,2
20765,0x1433,1,5
20765,0x1435,25,23
20765,0x16D1,218,216
20765,0x16E6,3,1
20765,0x16F8,54,52
20765,0x1711,218,216
20765,0x1735,10,8
20765,0x1739,66,64
20765,0x1751,250,248
20765,0x1764,249,251
20765,0x1766,2,3
20765,0x176C,147,138
20765,0x1778,86,84
20765,0x1791,250,248
20765,0x17B5,42,40
20765,0x17B9,98,96
20767,0x0020,232,230
20767,0x002A,32,2
20767,0x0069,5,7
20767,0x006B,191,193
20767,0x0071,102,104
20767,0x007B,74,75
20767,0x0098,64,0
20767,0x009B,64,0
20767,0x009F,64,0
20767,0x00AD,150,152
20767,0x00B7,15,13
20767,0x00CD,13,16
20767,0x00CE,229,235
20767,0x00CF,5,15
20767,0x00D0,39,53
20767,0x00FA,64,0
20767,0x00FC,64,0
20767,0x02FD,39,41
20767,0x0900,205,203
20767,0x0904,189,187
20767,0x0908,237,235
20767,0x090C,221,219
20767,0x0918,234,124
20767,0x091C,226,116
20767,0x0920,102,164
20767,0x0921,108,101
20767,0x0922,9,236
20767,0x0924,94,214
20767,0x0925,108,176
20767,0x0926,8,134
20767,0x0927,34,45
20767,0x0928,164,198
20767,0x0929,102,176
20767,0x092A,236,132
20767,0x092B,34,45
20767,0x092C,216,246
20767,0x092D,176,188
20767,0x092E,130,138
20767,0x0930,200,230
20767,0x0931,176,188
20767,0x0932,128,136
20767,0x0934,248,96
20767,0x0935,188,224
20767,0x0936,138,2
20767,0x0937,45,32
20767,0x0938,232,80
20767,0x0939,188,224
20767,0x093A,136,0
20767,0x093B,45,32
20767,0x0B02,160,170
20767,0x0B03,42,2
20767,0x0B26,74,75
20767,0x0B28,148,150
20767,0x0B86,74,75
20767,0x0B88,148,150
20767,0x0F99,74,75
20767,0x0F9D,74,75
20767,0x0FD1,74,75
20767,0x0FF0,74,75
20767,0x103B,2,0
20767,0x103C,10,8
20767,0x1080,200,0
20767,0x1091,234,0
20767,0x1092,0,1
20767,0x10A6,243,242
20767,0x10D1,102,124
20767,0x10E6,255,253
20767,0x1410,176,16
20767,0x1413,24,130
20767,0x1414,110,109
20767,0x1419,182,178
20767,0x1433,5,3
20767,0x1435,23,21
20767,0x16D1,216,214
20767,0x16E4,247,249
20767,0x16E6,1,2
20767,0x16ED,12,43
20767,0x16F8,52,50
20767,0x1711,216,214
20767,0x1735,8,6
20767,0x1739,64,62
20767,0x1751,248,246
20767,0x1766,3,1
20767,0x1778,84,82
20767,0x1791,248,246
20767,0x17B5,40,38
20767,0x17B9,96,94
20767,0xFFFF,180,181
20769,0x0004,36,38
20769,0x0020,230,228
20769,0x0024,136,128
20769,0x0069,7,9
20769,0x006B,193,195
20769,0x007B,75,76
20769,0x00AD,152,154
20769,0x00CD,16,19
20769,0x00CE,235,241
20769,0x00CF,15,25
20769,0x00D0,53,67
20769,0x02FD,41,39
20769,0x0501,137,147
20769,0x0502,90,86
20769,0x0600,12,0
20769,0x0601,13,0
20769,0x0602,207,0
20769,0x0603,12,0
20769,0x0604,217,0
20769,0x0605,80,0
20769,0x0606,154,0
20769,0x0607,17,0
20769,0x0608,11,83
20769,0x0609,16,63
20769,0x060A,11,37
20769,0x060B,16,63
20769,0x060C,29,59
20769,0x060D,17,63
20769,0x060E,45,75
20769,0x060F,17,63
20769,0x0610,116,0
20769,0x0611,16,0
20769,0x0612,118,0
20769,0x0613,16,0
20769,0x0900,203,201
20769,0x0904,187,185
20769,0x0908,235,233
20769,0x090C,219,217
20769,0x0918,124,146
20769,0x091C,116,138
20769,0x0920,164,163
20769,0x0921,101,100
20769,0x0924,214,212
20769,0x0926,134,138
20769,0x0928,198,196
20769,0x092A,132,136
20769,0x092C,246,244
20769,0x092E,138,130
20769,0x0930,230,228
20769,0x0932,136,128
20769,0x0B22,82,83
20769,0x0B24,165,166
20769,0x0B26,75,76
20769,0x0B28,150,152
20769,0x0B82,82,83
20769,0x0B84,165,166
20769,0x0B86,75,76
20769,0x0B88,150,152
20769,0x0F99,75,76
20769,0x0F9D,75,76
20769,0x0FD1,75,76
20769,0x0FF0,75,76
20769,0x103C,8,6
20769,0x10D1,124,146
20769,0x10E6,253,251
20769,0x1410,16,112
20769,0x1411,172,171
20769,0x1413,130,228
20769,0x1414,109,108
20769,0x1419,178,174
20769,0x1433,3,1
20769,0x1435,21,19
20769,0x16D1,214,212
20769,0x16E4,249,251
20769,0x16E6,2,3
20769,0x16EC,147,138
20769,0x16F8,50,48
20769,0x1711,214,212
20769,0x1735,6,4
20769,0x1739,62,60
20769,0x1751,246,244
20769,0x1764,251,247
20769,0x1766,1,2
20769,0x176C,138,147
20769,0x176D,43,12
20769,0x1778,82,80
20769,0x1791,246,244
20769,0x17B5,38,36
20769,0x17B9,94,92
20771,0x0020,228,226
20771,0x0024,128,132
20771,0x0069,9,11
20771,0x006B,195,197
20771,0x007B,76,77
20771,0x0098,0,64
20771,0x009B,0,64
20771,0x009F,0,64
20771,0x00AD,154,156
20771,0x00CD,19,22
20771,0x00CE,241,247
20771,0x00CF,25,35
20771,0x00D0,67,81
20771,0x00FA,0,64
20771,0x00FC,0,64
20771,0x02FD,39,41
20771,0x0900,201,199
20771,0x0904,185,183
20771,0x0908,233,231
20771,0x090C,217,215
20771,0x0918,146,168
20771,0x091C,138,160
20771,0x0920,163,162
20771,0x0923,34,46
20771,0x0924,212,210
20771,0x0928,196,194
20771,0x092C,244,242
20771,0x092E,130,134
20771,0x0930,228,226
20771,0x0932,128,132
20771,0x0B26,76,77
20771,0x0B28,152,154
20771,0x0B86,76,77
20771,0x0B88,152,154
20771,0x0F99,76,77
20771,0x0F9D,76,77
20771,0x0FD1,76,77
20771,0x0FF0,76,77
20771,0x103C,6,4
20771,0x10D1,146,168
20771,0x10E6,251,249
20771,0x1410,112,208
20771,0x1411,171,170
20771,0x1413,228,62
20771,0x1419,174,170
20771,0x1427,2,14
20771,0x1435,19,17
20771,0x16D1,212,210
20771,0x16E6,3,1
20771,0x16F8,48,46
20771,0x1711,212,210
20771,0x1735,4,2
20771,0x1739,60,58
20771,0x1751,244,242
20771,0x1764,247,249
20771,0x1766,2,3
20771,0x176D,12,43
20771,0x1778,80,78
20771,0x1791,244,242
20771,0x17B5,36,34
20771,0x17B9,92,90
20773,0x0020,226,224
20773,0x0029,0,2
20773,0x002C,112,224
20773,0x0069,11,13
20773,0x006B,197,199
20773,0x007B,77,78
20773,0x0098,64,0
20773,0x009B,64,0
20773,0x009F,64,0
20773,0x00AD,156,158
20773,0x00CD,22,25
20773,0x00CE,247,253
20773,0x00CF,35,45
20773,0x00D0,81,95
20773,0x00FA,64,0
20773,0x00FC,64,0
20773,0x0171,223,64
20773,0x0172,144,0
20773,0x0173,229,0
20773,0x0174,52,23
20773,0x02FD,41,39
20773,0x0900,199,198
20773,0x0902,142,162
20773,0x0904,183,182
20773,0x0906,140,160
20773,0x0908,231,229
20773,0x090C,215,213
20773,0x0918,168,190
20773,0x091C,160,182
20773,0x0921,100,99
20773,0x0923,46,34
20773,0x0924,210,208
20773,0x0926,138,130
20773,0x0928,194,192
20773,0x092A,136,128
20773,0x092C,242,240
20773,0x0930,226,224
20773,0x0B24,166,167
20773,0x0B26,77,78
20773,0x0B28,154,156
20773,0x0B84,166,167
20773,0x0B86,77,78
20773,0x0B88,154,156
20773,0x0F99,77,78
20773,0x0F9D,77,78
20773,0x0FD1,77,78
20773,0x0FF0,77,78
20773,0x103C,4,2
20773,0x10D1,168,190
20773,0x10E6,249,247
20773,0x1410,208,48
20773,0x1413,62,144
20773,0x1414,108,107
20773,0x1419,170,166
20773,0x1427,14,2
20773,0x1433,1,5
20773,0x1435,17,15
20773,0x16D1,210,208
20773,0x16E4,251,247
20773,0x16E6,1,2
20773,0x16EC,138,147
20773,0x16ED,43,12
20773,0x16F8,46,44
20773,0x170D,0,1
20773,0x1711,210,208
20773,0x1722,223,196
20773,0x1724,225,198
20773,0x172C,221,212
20773,0x1735,2,16
20773,0x1739,58,56
20773,0x1751,242,240
20773,0x1766,3,1
20773,0x1778,78,76
20773,0x1791,242,240
20773,0x17B5,34,32
20773,0x17B9,90,88
20775,0x0020,224,222
20775,0x0024,132,136
20775,0x0029,2,0
20775,0x002C,224,112
20775,0x0069,13,15
20775,0x006B,199,201
20775,0x007B,78,79
20775,0x00AD,158,160
20775,0x00CD,25,28
20775,0x00CE,253,3
20775,0x00CF,45,56
20775,0x00D0,95,109
20775,0x0174,23,52
20775,0x0900,198,196
20775,0x0904,182,180
20775,0x0908,229,227
20775,0x090C,213,211
20775,0x0918,190,212
20775,0x091C,182,204
20775,0x0920,162,161
20775,0x0921,99,98
20775,0x0924,208,206
20775,0x0926,130,134
20775,0x0928,192,190
20775,0x092A,128,132
20775,0x092C,240,238
20775,0x092E,134,138
20775,0x0930,224,222
20775,0x0932,132,136
20775,0x0B26,78,79
20775,0x0B28,156,158
20775,0x0B86,78,79
20775,0x0B88,156,158
20775,0x0F99,78,79
20775,0x0F9D,78,79
20775,0x0FD1,78,79
20775,0x0FF0,78,79
20775,0x103C,2,0
20775,0x10D1,190,212
20775,0x10E6,247,245
20775,0x1410,48,144
20775,0x1411,170,169
20775,0x1413,144,218
20775,0x1414,107,106
20775,0x1419,166,162
20775,0x1433,5,3
20775,0x1435,15,13
20775,0x16D1,208,206
20775,0x16E4,247,249
20775,0x16E6,2,3
20775,0x16ED,12,43
20775,0x16F8,44,42
20775,0x1711,208,206
20775,0x1735,16,14
20775,0x1739,56,54
20775,0x1751,240,238
20775,0x1764,249,251
20775,0x1766,1,2
20775,0x176C,147,138
20775,0x1778,76,74
20775,0x1791,240,238
20775,0x17B5,32,30
20775,0x17B9,88,86
20777,0x0004,38,40
20777,0x0020,222,220
20777,0x0024,136,128
20777,0x002A,2,32
20777,0x0069,15,17
20777,0x006B,201,203
20777,0x0072,104,106
20777,0x007B,79,80
20777,0x0098,0,64
20777,0x009B,0,64
20777,0x009F,0,64
20777,0x00AD,160,162
20777,0x00B7,13,15
20777,0x00CD,28,31
20777,0x00CE,3,9
20777,0x00CF,56,66
20777,0x00D0,109,123
20777,0x00FA,0,64
20777,0x00FC,0,64
20777,0x0172,0,144
20777,0x0173,0,229
20777,0x0501,147,85
20777,0x0502,86,94
20777,0x0503,20,4
20777,0x0508,73,21
20777,0x0509,81,84
20777,0x050B,20,4
20777,0x050F,146,138
20777,0x0510,86,90
20777,0x0512,40,24
20777,0x0516,136,74
20777,0x0517,90,81
20777,0x0519,32,44
20777,0x051D,72,148
20777,0x051E,81,86
20777,0x0520,52,64
20777,0x0600,0,192
20777,0x0601,0,22
20777,0x0602,0,211
20777,0x0603,0,22
20777,0x0608,83,0
20777,0x0609,63,0
20777,0x060A,37,0
20777,0x060B,63,0
20777,0x060C,59,0
20777,0x060D,63,0
20777,0x060E,75,0
20777,0x060F,63,0
20777,0x0614,0,148
20777,0x0615,0,90
20777,0x0616,23,164
20777,0x0617,13,90
20777,0x0618,0,13
20777,0x0619,0,13
20777,0x061A,26,207
20777,0x061B,13,12
20777,0x061C,18,95
20777,0x061D,13,80
20777,0x061E,34,153
20777,0x061F,13,17
20777,0x0620,5,11
20777,0x0621,13,16
20777,0x0622,220,11
20777,0x0623,12,16
20777,0x0624,236,38
20777,0x0625,12,17
20777,0x0626,252,40
20777,0x0627,12,17
20777,0x0628,0,116
20777,0x0629,0,16
20777,0x062A,0,117
20777,0x062B,0,16
20777,0x0630,82,0
20777,0x0631,63,0
20777,0x0632,36,27
20777,0x0633,63,13
20777,0x0634,58,19
20777,0x0635,63,13
20777,0x0636,74,35
20777,0x0637,63,13
20777,0x0638,0,6
20777,0x0639,0,13
20777,0x063A,0,221
20777,0x063B,0,12
20777,0x063C,17,237
20777,0x063D,13,12
20777,0x063E,33,253
20777,0x063F,13,12
20777,0x0640,4,0
20777,0x0641,13,0
20777,0x0642,219,0
20777,0x0643,12,0
20777,0x0644,235,0
20777,0x0645,12,0
20777,0x0646,251,0
20777,0x0647,12,0
20777,0x0648,0,82
20777,0x0649,0,63
20777,0x064A,0,36
20777,0x064B,0,63
20777,0x064C,0,58
20777,0x064D,0,63
20777,0x0650,82,0
20777,0x0651,63,0
20777,0x0652,36,0
20777,0x0653,63,0
20777,0x0900,196,194
20777,0x0904,180,178
20777,0x0908,227,225
20777,0x090C,211,209
20777,0x0918,212,102
20777,0x091C,204,94
20777,0x0920,161,234
20777,0x0921,98,108
20777,0x0922,236,9
20777,0x0924,206,226
20777,0x0925,176,108
20777,0x0926,134,8
20777,0x0927,45,34
20777,0x0928,190,160
20777,0x0929,176,98
20777,0x092A,132,236
20777,0x092B,45,34
20777,0x092C,238,204
20777,0x092D,188,176
20777,0x092E,138,134
20777,0x0930,222,188
20777,0x0931,188,176
20777,0x0932,136,132
20777,0x0934,96,236
20777,0x0935,224,188
20777,0x0936,2,130
20777,0x0937,32,45
20777,0x0938,80,220
20777,0x0939,224,188
20777,0x093A,0,128
20777,0x093B,32,45
20777,0x0B02,170,160
20777,0x0B03,2,42
20777,0x0B22,83,84
20777,0x0B24,167,168
20777,0x0B26,79,80
20777,0x0B28,158,160
20777,0x0B82,83,84
20777,0x0B84,167,168
20777,0x0B86,79,80
20777,0x0B88,158,160
20777,0x0C48,47,37
20777,0x0C49,0,224
20777,0x0F99,79,80
20777,0x0F9D,79,80
20777,0x0FD1,79,80
20777,0x0FF0,79,80
20777,0x103B,0,2
20777,0x103C,0,10
20777,0x1080,0,200
20777,0x1091,0,102
20777,0x1092,1,0
20777,0x10A6,242,255
20777,0x10D1,212,234
20777,0x10E6,245,243
20777,0x1410,144,240
20777,0x1411,169,168
20777,0x1413,218,28
20777,0x1419,162,158
20777,0x1433,3,1
20777,0x1435,13,11
20777,0x16D1,206,204
20777,0x16E6,3,1
20777,0x16F8,42,40
20777,0x1711,206,204
20777,0x1735,14,12
20777,0x1739,54,52
20777,0x1751,238,236
20777,0x1764,251,247
20777,0x1766,2,3
20777,0x176C,138,147
20777,0x176D,43,12
20777,0x1778,74,72
20777,0x1791,238,236
20777,0x17B5,30,28
20777,0x17B9,86,84
20779,0x0020,220,218
20779,0x002A,32,2
20779,0x0069,17,19
20779,0x006B,203,205
20779,0x0071,104,106
20779,0x007B,80,81
20779,0x0098,64,0
20779,0x009B,64,0
20779,0x009F,64,0
20779,0x00AD,162,164
20779,0x00B7,15,13
20779,0x00CD,31,34
20779,0x00CE,9,15
20779,0x00CF,66,76
20779,0x00D0,123,137
20779,0x00FA,64,0
20779,0x00FC,64,0
20779,0x0900,194,192
20779,0x0904,178,176
20779,0x0908,225,223
20779,0x090C,209,207
20779,0x0918,102,124
20779,0x091C,94,116
20779,0x0920,234,160
20779,0x0921,108,97
20779,0x0922,9,236
20779,0x0923,34,46
20779,0x0924,226,202
20779,0x0925,108,176
20779,0x0926,8,138
20779,0x0927,34,45
20779,0x0928,160,186
20779,0x0929,98,176
20779,0x092A,236,136
20779,0x092B,34,45
20779,0x092C,204,234
20779,0x092D,176,188
20779,0x092E,134,130
20779,0x0930,188,218
20779,0x0931,176,188
20779,0x0932,132,128
20779,0x0934,236,96
20779,0x0935,188,224
20779,0x0936,130,2
20779,0x0937,45,32
20779,0x0938,220,80
20779,0x0939,188,224
20779,0x093A,128,0
20779,0x093B,45,32
20779,0x0B02,160,170
20779,0x0B03,42,2
20779,0x0B26,80,81
20779,0x0B28,160,162
20779,0x0B86,80,81
20779,0x0B88,160,162
20779,0x0F99,80,81
20779,0x0F9D,80,81
20779,0x0FD1,80,81
20779,0x0FF0,80,81
20779,0x103B,2,0
20779,0x103C,10,8
20779,0x1091,102,124
20779,0x10A6,255,253
20779,0x10C0,200,0
20779,0x10D1,234,0
20779,0x10D2,0,1
20779,0x10E6,243,242
20779,0x1410,240,80
20779,0x1413,28,86
20779,0x1414,106,105
20779,0x1419,158,154
20779,0x1427,2,14
20779,0x1435,11,9
20779,0x16D1,204,202
20779,0x16E4,249,251
20779,0x16E6,1,2
20779,0x16EC,147,138
20779,0x16F8,40,38
20779,0x1711,204,202
20779,0x1735,12,10
20779,0x1739,52,50
20779,0x1751,236,234
20779,0x1766,3,1
20779,0x1778,72,70
20779,0x1791,236,234
20779,0x17B5,28,26
20779,0x17B9,84,82
20779,0xFFFF,181,182
20781,0x0020,218,216
20781,0x0024,128,132
20781,0x0069,19,21
20781,0x006B,205,207
20781,0x007B,81,82
20781,0x00AD,164,166
20781,0x00CD,34,37
20781,0x00CE,15,21
20781,0x00CF,76,86
20781,0x00D0,137,151
20781,0x02FD,39,41
20781,0x0900,192,190
20781,0x0904,176,174
20781,0x0908,223,221
20781,0x090C,207,205
20781,0x0918,124,146
20781,0x091C,116,138
20781,0x0920,160,159
20781,0x0921,97,96
20781,0x0923,46,34
20781,0x0924,202,200
20781,0x0926,138,130
20781,0x0928,186,184
20781,0x092A,136,128
20781,0x092C,234,232
20781,0x092E,130,134
20781,0x0930,218,216
20781,0x0932,128,132
20781,0x0B24,168,169
20781,0x0B26,81,82
20781,0x0B28,162,164
20781,0x0B84,168,169
20781,0x0B86,81,82
20781,0x0B88,162,164
20781,0x0F99,81,82
20781,0x0F9D,81,82
20781,0x0FD1,81,82
20781,0x0FF0,81,82
20781,0x103C,8,6
20781,0x1091,124,146
20781,0x10A6,253,251
20781,0x1410,80,176
20781,0x1411,168,167
20781,0x1413,86,136
20781,0x1414,105,104
20781,0x1419,154,150
20781,0x1427,14,2
20781,0x1433,1,5
20781,0x1435,9,7
20781,0x16D1,202,200
20781,0x16E4,251,247
20781,0x16E6,2,3
20781,0x16EC,138,147
20781,0x16ED,43,12
20781,0x16F8,38,36
20781,0x1711,202,200
20781,0x1735,10,8
20781,0x1739,50,48
20781,0x1751,234,232
20781,0x1764,247,249
20781,0x1766,1,2
20781,0x176D,12,43
20781,0x1778,70,68
20781,0x1791,234,232
20781,0x17B5,26,24
20781,0x17B9,82,80
20783,0x0020,216,214
20783,0x0024,132,136
20783,0x0069,21,23
20783,0x006B,207,209
20783,0x007B,82,83
20783,0x0098,0,64
20783,0x009B,0,64
20783,0x009F,0,64
20783,0x00AD,166,168
20783,0x00CD,37,40
20783,0x00CE,21,27
20783,0x00CF,86,96
20783,0x00D0,151,165
20783,0x00FA,0,64
20783,0x00FC,0,64
20783,0x02FD,41,39
20783,0x0900,190,188
20783,0x0904,174,172
20783,0x0908,221,219
20783,0x090C,205,203
20783,0x0918,146,168
20783,0x091C,138,160
20783,0x0921,96,95
20783,0x0924,200,198
20783,0x0928,184,182
20783,0x092C,232,230
20783,0x092E,134,138
20783,0x0930,216,214
20783,0x0932,132,136
20783,0x0B26,82,83
20783,0x0B28,164,166
20783,0x0B86,82,83
20783,0x0B88,164,166
20783,0x0F99,82,83
20783,0x0F9D,82,83
20783,0x0FD1,82,83
20783,0x0FF0,82,83
20783,0x103C,6,4
20783,0x1091,146,168
20783,0x10A6,251,249
20783,0x1410,176,16
20783,0x1413,136,178
20783,0x1414,104,103
20783,0x1419,150,146
20783,0x1433,5,3
20783,0x1435,7,5
20783,0x16D1,200,198
20783,0x16E6,3,1
20783,0x16F8,36,34
20783,0x1711,200,198
20783,0x1735,8,6
20783,0x1739,48,46
20783,0x1751,232,230
20783,0x1764,249,251
20783,0x1766,2,3
20783,0x176C,147,138
20783,0x1778,68,66
20783,0x1791,232,230
20783,0x17B5,24,22
20783,0x17B9,80,78
20785,0x0004,40,42
20785,0x0020,214,212
20785,0x0069,23,25
20785,0x006B,209,211
20785,0x007B,83,84
20785,0x0098,64,0
20785,0x009B,64,0
20785,0x009F,64,0
20785,0x00AD,168,170
20785,0x00CD,40,43
20785,0x00CE,27,33
20785,0x00CF,96,106
20785,0x00D0,165,179
20785,0x00FA,64,0
20785,0x00FC,64,0
20785,0x02FD,39,41
20785,0x0501,85,149
20785,0x0502,94,86
20785,0x0503,4,20
20785,0x0600,192,0
20785,0x0601,22,0
20785,0x0602,211,0
20785,0x0603,22,0
20785,0x0608,0,83
20785,0x0609,0,63
20785,0x060A,0,37
20785,0x060B,0,63
20785,0x060C,0,59
20785,0x060D,0,63
20785,0x060E,0,50
20785,0x060F,0,63
20785,0x0900,188,186
20785,0x0904,172,170
20785,0x0908,219,217
20785,0x090C,203,201
20785,0x0918,168,190
20785,0x091C,160,182
20785,0x0920,159,158
20785,0x0921,95,94
20785,0x0924,198,196
20785,0x0926,130,134
20785,0x0928,182,180
20785,0x092A,128,132
20785,0x092C,230,228
20785,0x0930,214,212
20785,0x0B22,84,85
20785,0x0B24,169,170
20785,0x0B26,83,84
20785,0x0B28,166,168
20785,0x0B82,84,85
20785,0x0B84,169,170
20785,0x0B86,83,84
20785,0x0B88,166,168
20785,0x0F99,83,84
20785,0x0F9D,83,84
20785,0x0FD1,83,84
20785,0x0FF0,83,84
20785,0x103C,4,2
20785,0x1091,168,190
20785,0x10A6,249,247
20785,0x1410,16,112
20785,0x1411,167,166
20785,0x1413,178,212
20785,0x1414,103,102
20785,0x1419,146,142
20785,0x1433,3,1
20785,0x1435,5,3
20785,0x16D1,198,196
20785,0x16E4,247,249
20785,0x16E6,1,2
20785,0x16ED,12,43
20785,0x16F8,34,32
20785,0x1711,198,196
20785,0x1735,6,4
20785,0x1739,46,44
20785,0x1751,230,228
20785,0x1766,3,1
20785,0x1778,66,64
20785,0x1791,230,228
20785,0x17B5,22,20
20785,0x17B9,78,76
20787,0x0020,212,210
20787,0x0024,136,128
20787,0x0069,25,27
20787,0x006B,211,213
20787,0x007B,84,85
20787,0x00AD,170,172
20787,0x00CD,43,46
20787,0x00CE,33,39
20787,0x00CF,106,116
20787,0x00D0,179,193
20787,0x0900,186,184
20787,0x0904,170,168
20787,0x0908,217,215
20787,0x090C,201,199
20787,0x0918,190,212
20787,0x091C,182,204
20787,0x0920,158,157
20787,0x0921,94,93
20787,0x0923,34,46
20787,0x0924,196,194
20787,0x0926,134,138
20787,0x0928,180,178
20787,0x092A,132,136
20787,0x092C,228,226
20787,0x092E,138,130
20787,0x0930,212,210
20787,0x0932,136,128
20787,0x0B26,84,85
20787,0x0B28,168,170
20787,0x0B86,84,85
20787,0x0B88,168,170
20787,0x0F99,84,85
20787,0x0F9D,84,85
20787,0x0FD1,84,85
20787,0x0FF0,84,85
20787,0x103C,2,0
20787,0x1091,190,212
20787,0x10A6,247,245
20787,0x1410,112,208
20787,0x1411,166,165
20787,0x1413,212,238
20787,0x1414,102,101
20787,0x1419,142,138
20787,0x1427,2,14
20787,0x1435,3,1
20787,0x16D1,196,194
20787,0x16E4,249,251
20787,0x16E6,2,3
20787,0x16EC,147,138
20787,0x16F8,32,30
20787,0x1711,196,194
20787,0x1735,4,2
20787,0x1739,44,42
20787,0x1751,228,226
20787,0x1764,251,247
20787,0x1766,1,2
20787,0x176C,138,147
20787,0x176D,43,12
20787,0x1778,64,62
20787,0x1791,228,226
20787,0x17B5,20,18
20787,0x17B9,76,74
20789,0x0020,210,208
20789,0x0024,128,132
20789,0x0029,0,2
20789,0x002A,2,32
20789,0x002C,112,192
20789,0x0069,27,29
20789,0x006B,213,215
20789,0x0072,106,108
20789,0x007B,85,86
20789,0x0098,0,64
20789,0x009B,0,64
20789,0x009F,0,64
20789,0x00AD,172,174
20789,0x00B7,13,15
20789,0x00CD,46,49
20789,0x00CE,39,45
20789,0x00CF,116,126
20789,0x00D0,193,207
20789,0x00FA,0,64
20789,0x00FC,0,64
20789,0x0172,144,0
20789,0x0173,229,0
20789,0x0174,52,23
20789,0x0900,184,182
20789,0x0904,168,166
20789,0x0908,215,213
20789,0x090C,199,197
20789,0x0918,212,234
20789,0x091C,204,226
20789,0x0920,157,102
20789,0x0921,93,108
20789,0x0922,236,9
20789,0x0923,46,34
20789,0x0924,194,94
20789,0x0925,176,108
20789,0x0926,138,8
20789,0x0927,45,34
20789,0x0928,178,157
20789,0x0929,176,93
20789,0x092A,136,236
20789,0x092B,45,34
20789,0x092C,226,192
20789,0x092D,188,176
20789,0x092E,130,138
20789,0x0930,210,176
20789,0x0931,188,176
20789,0x0932,128,136
20789,0x0934,96,224
20789,0x0935,224,188
20789,0x0936,2,134
20789,0x0937,32,45
20789,0x0938,80,208
20789,0x0939,224,188
20789,0x093A,0,132
20789,0x093B,32,45
20789,0x0B02,170,160
20789,0x0B03,2,42
20789,0x0B24,170,171
20789,0x0B26,85,86
20789,0x0B28,170,172
20789,0x0B84,170,171
20789,0x0B86,85,86
20789,0x0B88,170,172
20789,0x0C4A,47,37
20789,0x0C4B,0,224
20789,0x0F99,85,86
20789,0x0F9D,85,86
20789,0x0FD1,85,86
20789,0x0FF0,85,86
20789,0x103B,0,2
20789,0x103C,0,10
20789,0x1091,212,234
20789,0x10A6,245,243
20789,0x10C0,0,200
20789,0x10D1,0,102
20789,0x10D2,1,0
20789,0x10E6,242,255
20789,0x1410,208,32
20789,0x1413,238,0
20789,0x1416,176,160
20789,0x141D,254,2
20789,0x1427,14,2
20789,0x1433,1,5
20789,0x1435,1,119
20789,0x16D1,194,192
20789,0x16E6,3,1
20789,0x16F8,30,28
20789,0x1711,194,192
20789,0x1735,2,16
20789,0x1739,42,40
20789,0x1751,226,224
20789,0x1764,247,249
20789,0x1766,2,3
20789,0x176D,12,43
20789,0x1778,62,60
20789,0x1791,226,224
20789,0x17B5,18,16
20789,0x17B9,74,72
20791,0x0020,208,206
20791,0x0029,2,0
20791,0x002A,32,2
20791,0x002C,192,112
20791,0x0069,29,31
20791,0x006B,215,217
20791,0x0071,106,108
20791,0x007B,86,87
20791,0x0098,64,0
20791,0x009B,64,0
20791,0x009F,64,0
20791,0x00AD,174,176
20791,0x00B7,15,13
20791,0x00CD,49,52
20791,0x00CE,45,51
20791,0x00CF,126,136
20791,0x00D0,207,221
20791,0x00FA,64,0
20791,0x00FC,64,0
20791,0x0174,23,52
20791,0x0900,182,180
20791,0x0904,166,164
20791,0x0908,213,211
20791,0x090C,197,195
20791,0x0918,234,124
20791,0x091C,226,116
20791,0x0920,102,156
20791,0x0921,108,92
20791,0x0922,9,236
20791,0x0924,94,190
20791,0x0925,108,176
20791,0x0926,8,130
20791,0x0927,34,45
20791,0x0928,157,174
20791,0x0929,93,176
20791,0x092A,236,128
20791,0x092B,34,45
20791,0x092C,192,222
20791,0x092D,176,188
20791,0x092E,138,134
20791,0x0930,176,206
20791,0x0931,176,188
20791,0x0932,136,132
20791,0x0934,224,96
20791,0x0935,188,224
20791,0x0936,134,2
20791,0x0937,45,32
20791,0x0938,208,80
20791,0x0939,188,224
20791,0x093A,132,0
20791,0x093B,45,32
20791,0x0B02,160,170
20791,0x0B03,42,2
20791,0x0B26,86,87
20791,0x0B28,172,174
20791,0x0B86,86,87
20791,0x0B88,172,174
20791,0x0F99,86,87
20791,0x0F9D,86,87
20791,0x0FD1,86,87
20791,0x0FF0,86,87
20791,0x103B,2,0
20791,0x103C,10,8
20791,0x1080,200,0
20791,0x1091,234,0
20791,0x1092,0,1
20791,0x10A6,243,242
20791,0x10D1,102,124
20791,0x10E6,255,253
20791,0x1410,32,96
20791,0x1411,165,164
20791,0x1413,0,22
20791,0x1414,101,100
20791,0x1419,138,142
20791,0x1433,5,3
20791,0x1435,119,117
20791,0x16D1,192,190
20791,0x16E4,251,247
20791,0x16E6,1,2
20791,0x16EC,138,147
20791,0x16ED,43,12
20791,0x16F8,28,26
20791,0x1711,192,190
20791,0x1735,16,14
20791,0x1739,40,38
20791,0x1751,224,222
20791,0x1766,3,1
20791,0x1778,60,58
20791,0x1791,224,222
20791,0x17B5,16,14
20791,0x17B9,72,70
20791,0xFFFF,182,183
20793,0x0000,116,231
20793,0x0001,146,175
20793,0x0004,42,44
20793,0x0020,206,204
20793,0x0024,132,136
20793,0x0069,31,33
20793,0x006B,217,219
20793,0x007B,87,88
20793,0x00AD,176,178
20793,0x00B8,0,16
20793,0x00B9,0,1
20793,0x00BA,196,104
20793,0x00BF,136,144
20793,0x00C2,9,10
20793,0x00CA,0,1
20793,0x00CD,52,55
20793,0x00CE,51,57
20793,0x00CF,136,146
20793,0x00D0,221,235
20793,0x0175,36,52
20793,0x0176,177,240
20793,0x0177,145,175
20793,0x0178,36,2
20793,0x0501,149,139
20793,0x0502,86,90
20793,0x0508,21,75
20793,0x0509,84,81
20793,0x050B,4,20
20793,0x050F,138,150
20793,0x0510,90,86
20793,0x0512,24,40
20793,0x0600,0,14
20793,0x0601,0,13
20793,0x0602,0,207
20793,0x0603,0,12
20793,0x0604,0,217
20793,0x0605,0,80
20793,0x0606,0,154
20793,0x0607,0,17
20793,0x0608,83,11
20793,0x0609,63,16
20793,0x060A,37,11
20793,0x060B,63,16
20793,0x060C,59,38
20793,0x060D,63,17
20793,0x060E,50,41
20793,0x060F,63,17
20793,0x0610,0,116
20793,0x0611,0,16
20793,0x0612,0,118
20793,0x0613,0,16
20793,0x0614,148,0
20793,0x0615,90,0
20793,0x0616,164,0
20793,0x0617,90,0
20793,0x0618,13,0
20793,0x0619,13,0
20793,0x061A,207,0
20793,0x061B,12,0
20793,0x061C,95,0
20793,0x061D,80,0
20793,0x061E,153,0
20793,0x061F,17,0
20793,0x0620,11,0
20793,0x0621,16,0
20793,0x0622,11,222
20793,0x0623,16,12
20793,0x0624,38,238
20793,0x0625,17,12
20793,0x0626,40,254
20793,0x0627,17,12
20793,0x0628,116,0
20793,0x0629,16,0
20793,0x062A,117,0
20793,0x062B,16,0
20793,0x0630,0,82
20793,0x0631,0,63
20793,0x0632,27,36
20793,0x0633,13,63
20793,0x0634,19,58
20793,0x0635,13,63
20793,0x0636,35,74
20793,0x0637,13,63
20793,0x0638,6,0
20793,0x0639,13,0
20793,0x063A,221,0
20793,0x063B,12,0
20793,0x0874,222,86
20793,0x0875,42,1
20793,0x0876,86,222
20793,0x0877,1,42
20793,0x0894,22,14
20793,0x0895,91,58
20793,0x0896,14,22
20793,0x0897,58,91
20793,0x0900,180,178
20793,0x0904,164,162
20793,0x0908,211,209
20793,0x090C,195,193
20793,0x0918,124,146
20793,0x091C,116,138
20793,0x0920,156,155
20793,0x0921,92,91
20793,0x0924,190,188
20793,0x0926,130,134
20793,0x0928,174,172
20793,0x092A,128,132
20793,0x092C,222,220
20793,0x092E,134,138
20793,0x0930,206,204
20793,0x0932,132,136
20793,0x0B22,85,86
20793,0x0B24,171,172
20793,0x0B26,87,88
20793,0x0B28,174,176
20793,0x0B82,85,86
20793,0x0B84,171,172
20793,0x0B86,87,88
20793,0x0B88,174,176
20793,0x0F99,87,88
20793,0x0F9D,87,88
20793,0x0FD1,87,88
20793,0x0FF0,87,88
20793,0x103C,8,6
20793,0x10D1,124,146
20793,0x10E6,253,251
20793,0x1410,96,160
20793,0x1411,164,163
20793,0x1413,22,52
20793,0x1414,100,99
20793,0x1419,142,146
20793,0x1433,3,1
20793,0x1435,117,115
20793,0x16D1,190,188
20793,0x16E4,247,249
20793,0x16E6,2,3
20793,0x16ED,12,43
20793,0x16F8,26,24
20793,0x1711,190,188
20793,0x1735,14,12
20793,0x1739,38,36
20793,0x1751,222,220
20793,0x1764,249,251
20793,0x1766,1,2
20793,0x176C,147,138
20793,0x1778,58,56
20793,0x1791,222,220
20793,0x17B5,14,12
20793,0x17B9,70,68
20793,0x17C0,0,136
20793,0x17C1,0,74
20793,0x17C2,0,176
20793,0x17C3,0,2
20793,0x17C4,0,54
20793,0x17C5,0,177
20793,0x17C6,0,2
20793,0x17C8,0,3
20793,0x17CA,0,2
20793,0x17CB,0,3
20793,0x17CC,0,9
20793,0x17D1,0,16
20793,0x17D2,0,1
20793,0x17D4,0,104
20793,0x17D6,0,52
20793,0x17D7,0,254
20793,0x17D8,0,255
20793,0x17DE,0,9
20793,0x17DF,0,12
20793,0x17E0,0,154
20793,0x17E1,0,2
20793,0x17E7,0,8
20793,0x17E9,0,1
20793,0x17EA,0,238
20793,0x17EB,0,4
20793,0x17F0,0,1
20793,0x17F5,0,192
20793,0x17F6,0,110
20793,0x17FA,0,145
20793,0x17FB,0,193
20795,0x0000,231,74
20795,0x0001,175,176
20795,0x0020,204,12
20795,0x0022,188,96
20795,0x0024,136,0
20795,0x0026,45,105
20795,0x0028,44,40
20795,0x002A,2,48
20795,0x0069,33,35
20795,0x006B,219,221
20795,0x007B,88,89
20795,0x0098,0,64
20795,0x009B,0,64
20795,0x009F,0,64
20795,0x00AD,178,180
20795,0x00B7,13,15
20795,0x00CD,55,58
20795,0x00CE,57,63
20795,0x00CF,146,156
20795,0x00D0,235,249
20795,0x00FA,0,64
20795,0x00FC,0,64
20795,0x0172,0,36
20795,0x0173,0,52
20795,0x0176,240,107
20795,0x0177,175,176
20795,0x0178,2,52
20795,0x01B9,64,192
20795,0x0874,86,222
20795,0x0875,1,42
20795,0x0876,222,86
20795,0x0877,42,1
20795,0x0894,14,22
20795,0x0895,58,91
20795,0x0896,22,14
20795,0x0897,91,58
20795,0x0900,178,176
20795,0x0904,162,160
20795,0x0908,209,207
20795,0x090C,193,191
20795,0x0918,146,168
20795,0x091C,138,160
20795,0x0920,155,154
20795,0x0921,91,90
20795,0x0923,34,46
20795,0x0924,188,186
20795,0x0928,172,170
20795,0x092C,220,218
20795,0x092E,138,130
20795,0x0930,204,202
20795,0x0932,136,128
20795,0x0934,96,252
20795,0x0935,224,96
20795,0x0937,32,105
20795,0x0938,80,12
20795,0x0939,224,96
20795,0x093B,32,105
20795,0x0B03,2,58
20795,0x0B26,88,89
20795,0x0B28,176,178
20795,0x0B86,88,89
20795,0x0B88,176,178
20795,0x0F99,88,89
20795,0x0F9D,88,89
20795,0x0FD1,88,89
20795,0x0FF0,88,89
20795,0x103C,6,4
20795,0x10D1,146,168
20795,0x10E6,251,249
20795,0x1410,160,224
20795,0x1411,163,162
20795,0x1413,52,90
20795,0x1414,99,98
20795,0x1419,146,150
20795,0x1427,2,14
20795,0x1435,115,113
20795,0x16D1,188,186
20795,0x16E6,3,1
20795,0x16F8,24,22
20795,0x1711,188,186
20795,0x1735,12,10
20795,0x1739,36,34
20795,0x1751,220,218
20795,0x1764,251,247
20795,0x1766,2,3
20795,0x176C,138,147
20795,0x176D,43,12
20795,0x1778,56,54
20795,0x1791,220,218
20795,0x17B5,12,10
20795,0x17B9,68,66
20795,0x17C0,136,200
20795,0x17D0,0,104
20795,0x17D1,16,12
20795,0x17E2,0,220
20795,0x17E3,0,8
20795,0x17E4,0,222
20795,0x17E5,0,8
20795,0x17E6,0,253
20795,0x17EC,0,124
20795,0x17ED,0,12
20795,0x17F5,192,190
20795,0x17F8,0,61
20795,0x17F9,0,6
20795,0x17FA,145,148
20797,0x0020,12,8
20797,0x0069,35,37
20797,0x006B,221,223
20797,0x007B,89,90
20797,0x0098,64,0
20797,0x009B,64,0
20797,0x009F,64,0
20797,0x00AD,180,182
20797,0x00CD,58,61
20797,0x00CE,63,69
20797,0x00CF,156,166
20797,0x00D0,249,7
20797,0x00FA,64,0
20797,0x00FC,64,0
20797,0x02FD,41,39
20797,0x0874,222,86
20797,0x0875,42,1
20797,0x0876,86,222
20797,0x0877,1,42
20797,0x0894,22,14
20797,0x0895,91,58
20797,0x0896,14,22
20797,0x0897,58,91
20797,0x0900,176,174
20797,0x0904,160,158
20797,0x0908,207,205
20797,0x090C,191,189
20797,0x0918,168,190
20797,0x091C,160,182
20797,0x0921,90,89
20797,0x0923,46,34
20797,0x0924,186,184
20797,0x0926,134,138
20797,0x0928,170,168
20797,0x092A,132,136
20797,0x092C,218,216
20797,0x0930,202,200
20797,0x0934,252,248
20797,0x0938,12,8
20797,0x0B24,172,173
20797,0x0B26,89,90
20797,0x0B28,178,180
20797,0x0B84,172,173
20797,0x0B86,89,90
20797,0x0B88,178,180
20797,0x0F99,89,90
20797,0x0F9D,89,90
20797,0x0FD1,89,90
20797,0x0FF0,89,90
20797,0x103C,4,2
20797,0x10D1,168,190
20797,0x10E6,249,247
20797,0x1410,224,32
20797,0x1413,90,136
20797,0x1414,98,97
20797,0x1419,150,154
20797,0x1427,14,2
20797,0x1433,1,5
20797,0x1435,113,111
20797,0x16D1,186,184
20797,0x16E4,249,251
20797,0x16E6,1,2
20797,0x16EC,147,138
20797,0x16F8,22,20
20797,0x1711,186,184
20797,0x1735,10,8
20797,0x1739,34,32
20797,0x1751,218,216
20797,0x1766,3,1
20797,0x1778,54,52
20797,0x1791,218,216
20797,0x17B5,10,8
20797,0x17B9,66,64
20797,0x17D0,104,208
20797,0x17D1,12,8
20797,0x17E6,253,251
20797,0x17F5,190,188
20797,0x17F8,61,59
20799,0x0020,8,5
20799,0x0069,37,39
20799,0x006B,223,225
20799,0x007B,90,91
20799,0x00AD,182,184
20799,0x00CD,61,64
20799,0x00CE,69,75
20799,0x00CF,166,176
20799,0x00D0,7,21
20799,0x02FD,39,41
20799,0x0874,86,222
20799,0x0875,1,42
20799,0x0876,222,86
20799,0x0877,42,1
20799,0x0894,14,22
20799,0x0895,58,91
20799,0x0896,22,14
20799,0x0897,91,58
20799,0x0900,174,172
20799,0x0904,158,156
20799,0x0908,205,203
20799,0x090C,189,187
20799,0x0918,190,212
20799,0x091C,182,204
20799,0x0920,154,153
20799,0x0921,89,88
20799,0x0924,184,182
20799,0x0926,138,130
20799,0x0928,168,166
20799,0x092A,136,128
20799,0x092C,216,214
20799,0x092E,130,134
20799,0x0930,200,198
20799,0x0932,128,132
20799,0x0934,248,245
20799,0x0938,8,5
20799,0x0B26,90,91
20799,0x0B28,180,182
20799,0x0B86,90,91
20799,0x0B88,180,182
20799,0x0F99,90,91
20799,0x0F9D,90,91
20799,0x0FD1,90,91
20799,0x0FF0,90,91
20799,0x103C,2,0
20799,0x10D1,190,212
20799,0x10E6,247,245
20799,0x1410,32,96
20799,0x1411,162,161
20799,0x1413,136,190
20799,0x1414,97,96
20799,0x1419,154,158
20799,0x1433,5,3
20799,0x1435,111,109
20799,0x16D1,184,182
20799,0x16E4,251,247
20799,0x16E6,2,3
20799,0x16EC,138,147
20799,0x16ED,43,12
20799,0x16F8,20,18
20799,0x1711,184,182
20799,0x1735,8,6
20799,0x1739,32,30
20799,0x1751,216,214
20799,0x1764,247,249
20799,0x1766,1,2
20799,0x176D,12,43
20799,0x1778,52,50
20799,0x1791,216,214
20799,0x17B5,8,6
20799,0x17B9,64,62
20799,0x17D0,208,56
20799,0x17D1,8,5
20799,0x17E6,251,249
20799,0x17F5,188,186
20799,0x17F8,59,57
20801,0x0004,44,46
20801,0x0020,5,1
20801,0x002A,48,3
20801,0x0069,39,41
20801,0x006B,225,227
20801,0x0072,108,110
20801,0x007B,91,92
20801,0x0098,0,64
20801,0x009B,0,64
20801,0x009F,0,64
20801,0x00AD,184,186
20801,0x00B7,15,17
20801,0x00CD,64,67
20801,0x00CE,75,81
20801,0x00CF,176,186
20801,0x00D0,21,35
20801,0x00FA,0,64
20801,0x00FC,0,64
20801,0x0172,36,144
20801,0x0173,52,229
20801,0x0501,139,151
20801,0x0502,90,86
20801,0x0600,14,0
20801,0x0601,13,0
20801,0x0602,207,0
20801,0x0603,12,0
20801,0x0604,217,0
20801,0x0605,80,0
20801,0x0606,154,67
20801,0x0607,17,63
20801,0x0608,11,68
20801,0x0609,16,63
20801,0x060A,11,37
20801,0x060B,16,63
20801,0x060C,38,59
20801,0x060D,17,63
20801,0x060E,41,75
20801,0x060F,17,63
20801,0x0610,116,0
20801,0x0611,16,0
20801,0x0612,118,0
20801,0x0613,16,0
20801,0x0874,222,86
20801,0x0875,42,1
20801,0x0876,86,222
20801,0x0877,1,42
20801,0x0894,22,14
20801,0x0895,91,58
20801,0x0896,14,22
20801,0x0897,58,91
20801,0x0900,172,170
20801,0x0904,156,154
20801,0x0908,203,201
20801,0x090C,187,185
20801,0x0918,212,102
20801,0x091C,204,94
20801,0x0920,153,234
20801,0x0921,88,108
20801,0x0922,236,9
20801,0x0924,182,226
20801,0x0925,176,108
20801,0x0926,130,8
20801,0x0927,45,34
20801,0x0928,166,152
20801,0x0929,176,87
20801,0x092A,128,236
20801,0x092B,45,34
20801,0x092C,214,180
20801,0x092D,188,176
20801,0x092E,134,130
20801,0x0930,198,164
20801,0x0931,188,176
20801,0x0932,132,128
20801,0x0934,245,212
20801,0x0935,96,188
20801,0x0936,2,138
20801,0x0937,105,45
20801,0x0938,5,196
20801,0x0939,96,188
20801,0x093A,0,136
20801,0x093B,105,45
20801,0x093C,95,241
20801,0x093D,224,96
20801,0x093E,106,2
20801,0x093F,61,105
20801,0x0940,111,1
20801,0x0941,224,96
20801,0x0942,10,0
20801,0x0943,61,105
20801,0x0B02,170,160
20801,0x0B03,58,170
20801,0x0B04,0,3
20801,0x0B22,86,87
20801,0x0B24,173,174
20801,0x0B26,91,92
20801,0x0B28,182,184
20801,0x0B82,86,87
20801,0x0B84,173,174
20801,0x0B86,91,92
20801,0x0B88,182,184
20801,0x0C4C,47,37
20801,0x0C4D,0,224
20801,0x0F99,91,92
20801,0x0F9D,91,92
20801,0x0FD1,91,92
20801,0x0FF0,91,92
20801,0x103B,0,2
20801,0x103C,0,10
20801,0x1080,0,200
20801,0x1091,0,102
20801,0x1092,1,0
20801,0x10A6,242,255
20801,0x10D1,212,234
20801,0x10E6,245,243
20801,0x1410,96,160
20801,0x1411,161,160
20801,0x1413,190,252
20801,0x1414,96,95
20801,0x1419,158,162
20801,0x1433,3,1
20801,0x1435,109,107
20801,0x16D1,182,180
20801,0x16E6,3,1
20801,0x16F8,18,16
20801,0x1711,182,180
20801,0x1735,6,4
20801,0x1739,30,28
20801,0x1751,214,212
20801,0x1764,249,251
20801,0x1766,2,3
20801,0x176C,147,138
20801,0x1778,50,48
20801,0x1791,214,212
20801,0x17B5,6,4
20801,0x17B9,62,60
20801,0x17D0,56,160
20801,0x17D1,5,1
20801,0x17E6,249,247
20801,0x17F5,186,184
20801,0x17F8,57,55
20803,0x0000,74,80
20803,0x0001,176,252
20803,0x0002,2,4
20803,0x0020,1,239
20803,0x0022,96,88
20803,0x0024,0,128
20803,0x0026,105,34
20803,0x0028,40,34
20803,0x002A,3,8
20803,0x0069,41,43
20803,0x006B,227,229
20803,0x006E,0,34
20803,0x0071,108,110
20803,0x0072,110,112
20803,0x007B,92,93
20803,0x0098,64,0
20803,0x009B,64,0
20803,0x009F,64,0
20803,0x00AD,186,188
20803,0x00B7,17,18
20803,0x00CA,1,0
20803,0x00CD,67,70
20803,0x00CE,81,87
20803,0x00CF,186,196
20803,0x00D0,35,49
20803,0x00D7,39,48
20803,0x00DA,9,16
20803,0x00FA,64,0
20803,0x00FC,64,0
20803,0x0175,52,54
20803,0x0176,107,129
20803,0x0177,176,252
20803,0x017C,0,244
20803,0x02FD,41,39
20803,0x040C,0,49
20803,0x040E,57,48
20803,0x041C,50,51
20803,0x041E,55,48
20803,0x0874,86,222
20803,0x0875,1,42
20803,0x0876,222,86
20803,0x0877,42,1
20803,0x0894,14,22
20803,0x0895,58,91
20803,0x0896,22,14
20803,0x0897,91,58
20803,0x0900,170,168
20803,0x0904,154,152
20803,0x0908,201,199
20803,0x090C,185,183
20803,0x0918,102,124
20803,0x091C,94,116
20803,0x0920,234,237
20803,0x0921,108,104
20803,0x0922,9,46
20803,0x0924,226,151
20803,0x0925,108,87
20803,0x0926,8,236
20803,0x0927,34,46
20803,0x0928,152,178
20803,0x0929,87,176
20803,0x092A,236,134
20803,0x092B,34,45
20803,0x092C,180,162
20803,0x092E,130,132
20803,0x0930,164,210
20803,0x0931,176,188
20803,0x0932,128,138
20803,0x0934,212,194
20803,0x0936,138,136
20803,0x0938,196,255
20803,0x0939,188,88
20803,0x093A,136,128
20803,0x093B,45,98
20803,0x093C,241,255
20803,0x093D,96,104
20803,0x093E,2,162
20803,0x093F,105,34
20803,0x0940,1,239
20803,0x0941,96,104
20803,0x0942,0,160
20803,0x0943,105,34
20803,0x0944,95,239
20803,0x0945,224,88
20803,0x0946,8,128
20803,0x0947,61,34
20803,0x0B02,160,170
20803,0x0B04,3,10
20803,0x0B26,92,93
20803,0x0B28,184,186
20803,0x0B86,92,93
20803,0x0B88,184,186
20803,0x0C4E,47,44
20803,0x0C4F,0,127
20803,0x0F99,92,93
20803,0x0F9D,92,93
20803,0x0FD1,92,93
20803,0x0FF0,92,93
20803,0x103B,2,0
20803,0x103C,10,8
20803,0x1091,102,124
20803,0x10A6,255,253
20803,0x10C0,200,192
20803,0x10C1,175,225
20803,0x10D1,234,245
20803,0x10E2,65,227
20803,0x10E4,67,229
20803,0x10E6,243,1
20803,0x10EC,17,45
20803,0x1410,160,224
20803,0x1411,160,159
20803,0x1413,252,66
20803,0x1419,162,166
20803,0x1427,2,14
20803,0x1435,107,105
20803,0x16D1,180,178
20803,0x16E4,247,249
20803,0x16E6,1,2
20803,0x16ED,12,43
20803,0x16F8,16,14
20803,0x1711,180,178
20803,0x1735,4,2
20803,0x1739,28,26
20803,0x1751,212,210
20803,0x1766,3,1
20803,0x1778,48,46
20803,0x1791,212,210
20803,0x17B5,4,2
20803,0x17B9,60,58
20803,0x17C0,200,208
20803,0x17C1,74,192
20803,0x17C2,176,252
20803,0x17C3,2,4
20803,0x17C8,3,255
20803,0x17D0,160,212
20803,0x17D1,1,255
20803,0x17D2,1,0
20803,0x17E0,154,146
20803,0x17E2,220,213
20803,0x17E3,8,11
20803,0x17E4,222,215
20803,0x17E5,8,11
20803,0x17E6,247,3
20803,0x17E7,8,2
20803,0x17E8,0,128
20803,0x17E9,1,0
20803,0x17EA,238,164
20803,0x17EC,124,201
20803,0x17ED,12,41
20803,0x17F0,1,26
20803,0x17F5,184,183
20803,0x17F8,55,54
20803,0xFFFF,183,184
20805,0x0000,80,192
20805,0x0020,239,238
20805,0x0025,2,0
20805,0x0029,0,2
20805,0x002A,8,2
20805,0x002B,0,3
20805,0x002C,112,224
20805,0x0069,43,45
20805,0x006B,229,231
20805,0x006E,34,0
20805,0x0071,110,112
20805,0x007B,93,94
20805,0x00AD,188,190
20805,0x00B7,18,17
20805,0x00CD,70,73
20805,0x00CE,87,93
20805,0x00CF,196,206
20805,0x00D0,49,63
20805,0x0171,64,76
20805,0x0172,144,0
20805,0x0173,229,128
20805,0x0174,52,23
20805,0x0175,54,52
20805,0x0176,129,156
20805,0x0177,252,146
20805,0x017C,244,0
20805,0x02FD,39,41
20805,0x0900,168,166
20805,0x0904,152,150
20805,0x0908,199,198
20805,0x090A,142,162
20805,0x090C,183,182
20805,0x090E,140,160
20805,0x0918,124,146
20805,0x091C,116,138
20805,0x0920,237,151
20805,0x0921,104,86
20805,0x0922,46,236
20805,0x0924,151,176
20805,0x0925,87,176
20805,0x0926,236,138
20805,0x0927,46,45
20805,0x0928,178,160
20805,0x092A,134,136
20805,0x092C,162,208
20805,0x092D,176,188
20805,0x092E,132,130
20805,0x0930,210,192
20805,0x0932,138,128
20805,0x0934,194,254
20805,0x0935,188,88
20805,0x0936,136,128
20805,0x0937,45,98
20805,0x0938,255,254
20805,0x0939,88,104
20805,0x093A,128,162
20805,0x093B,98,34
20805,0x093C,255,238
20805,0x093E,162,160
20805,0x0940,239,238
20805,0x0941,104,88
20805,0x0942,160,128
20805,0x0945,88,224
20805,0x0B04,10,2
20805,0x0B24,174,175
20805,0x0B26,93,94
20805,0x0B28,186,188
20805,0x0B84,174,175
20805,0x0B86,93,94
20805,0x0B88,186,188
20805,0x0F99,93,94
20805,0x0F9D,93,94
20805,0x0FD1,93,94
20805,0x0FF0,93,94
20805,0x103C,8,6
20805,0x1091,124,146
20805,0x10A6,253,251
20805,0x10C0,192,0
20805,0x1410,224,32
20805,0x1413,66,144
20805,0x1414,95,94
20805,0x1419,166,170
20805,0x1427,14,2
20805,0x1433,1,5
20805,0x1435,105,103
20805,0x16D1,178,176
20805,0x16E4,249,251
20805,0x16E6,2,3
20805,0x16EC,147,138
20805,0x16F8,14,12
20805,0x1711,178,176
20805,0x1735,2,16
20805,0x1739,26,24
20805,0x1751,210,208
20805,0x1764,251,247
20805,0x1766,1,2
20805,0x176C,138,147
20805,0x176D,43,12
20805,0x1778,46,44
20805,0x178D,0,1
20805,0x1791,210,208
20805,0x17A2,223,196
20805,0x17A4,225,198
20805,0x17AC,221,212
20805,0x17B5,2,16
20805,0x17B9,58,56
20805,0x17D1,255,254
20805,0x17E6,3,1
20805,0x17F0,26,24
20805,0xFFFF,184,185
20807,0x0020,238,237
20807,0x0024,128,132
20807,0x0025,0,2
20807,0x0029,2,0
20807,0x002B,3,0
20807,0x002C,224,112
20807,0x0069,45,47
20807,0x006B,231,233
20807,0x007B,94,95
20807,0x0098,0,64
20807,0x009B,0,64
20807,0x009F,0,64
20807,0x00AD,190,192
20807,0x00CD,73,76
20807,0x00CE,93,99
20807,0x00CF,206,216
20807,0x00D0,63,77
20807,0x00FA,0,64
20807,0x00FC,0,64
20807,0x0174,23,52
20807,0x0175,52,36
20807,0x0176,156,177
20807,0x0177,146,145
20807,0x02FD,41,39
20807,0x0900,166,164
20807,0x0904,150,148
20807,0x0908,198,196
20807,0x090C,182,180
20807,0x0918,146,168
20807,0x091C,138,160
20807,0x0920,151,150
20807,0x0921,86,85
20807,0x0924,176,174
20807,0x0928,160,158
20807,0x092C,208,206
20807,0x092E,130,134
20807,0x0930,192,190
20807,0x0932,128,132
20807,0x0934,254,253
20807,0x0935,88,104
20807,0x0936,128,166
20807,0x0937,98,34
20807,0x0938,254,237
20807,0x093A,162,164
20807,0x093C,238,253
20807,0x093D,104,88
20807,0x093E,160,134
20807,0x0940,238,237
20807,0x0942,128,132
20807,0x0B26,94,95
20807,0x0B28,188,190
20807,0x0B86,94,95
20807,0x0B88,188,190
20807,0x0F99,94,95
20807,0x0F9D,94,95
20807,0x0FD1,94,95
20807,0x0FF0,94,95
20807,0x103C,6,4
20807,0x1091,146,168
20807,0x10A6,251,249
20807,0x1410,32,96
20807,0x1411,159,158
20807,0x1413,144,230
20807,0x1414,94,93
20807,0x1419,170,174
20807,0x1433,5,3
20807,0x1435,103,101
20807,0x16D1,176,174
20807,0x16E6,3,1
20807,0x16F8,12,10
20807,0x1711,176,174
20807,0x1735,16,14
20807,0x1739,24,22
20807,0x1751,208,206
20807,0x1764,247,249
20807,0x1766,2,3
20807,0x176D,12,43
20807,0x1778,44,42
20807,0x1791,208,206
20807,0x17B5,16,14
20807,0x17B9,56,54
20807,0x17D1,254,253
20807,0x17E4,215,217
20807,0x17E6,1,2
20807,0x17EC,201,161
20807,0x17ED,41,42
20807,0x17F0,24,22
20809,0x0004,46,48
20809,0x0020,237,236
20809,0x0024,132,136
20809,0x0069,47,49
20809,0x006B,233,235
20809,0x007B,95,96
20809,0x0098,64,0
20809,0x009B,64,0
20809,0x009F,64,0
20809,0x00AD,192,194
20809,0x00CD,76,79
20809,0x00CE,99,105
20809,0x00CF,216,226
20809,0x00D0,77,91
20809,0x00FA,64,0
20809,0x00FC,64,0
20809,0x0501,151,203
20809,0x0502,86,93
20809,0x0503,20,8
20809,0x0508,75,86
20809,0x0509,81,94
20809,0x050A,20,4
20809,0x050B,20,8
20809,0x050F,150,22
20809,0x0510,86,84
20809,0x0512,40,12
20809,0x0516,74,140
20809,0x0517,81,90
20809,0x0519,44,32
20809,0x051D,148,76
20809,0x051E,86,81
20809,0x0520,64,52
20809,0x0524,144,152
20809,0x0600,0,79
20809,0x0601,0,8
20809,0x0602,0,27
20809,0x0603,0,8
20809,0x0604,0,43
20809,0x0605,0,8
20809,0x0606,67,59
20809,0x0607,63,8
20809,0x0608,68,116
20809,0x0609,63,16
20809,0x060A,37,117
20809,0x060B,63,16
20809,0x060C,59,0
20809,0x060D,63,0
20809,0x060E,75,0
20809,0x060F,63,0
20809,0x0614,0,141
20809,0x0615,0,26
20809,0x061C,0,147
20809,0x061D,0,90
20809,0x061E,0,163
20809,0x061F,0,90
20809,0x0620,0,15
20809,0x0621,0,13
20809,0x0622,222,246
20809,0x0624,238,95
20809,0x0625,12,16
20809,0x0626,254,11
20809,0x0627,12,16
20809,0x0628,0,11
20809,0x0629,0,16
20809,0x062A,0,11
20809,0x062B,0,16
20809,0x062C,0,39
20809,0x062D,0,17
20809,0x062E,0,40
20809,0x062F,0,17
20809,0x0630,82,116
20809,0x0631,63,16
20809,0x0632,36,117
20809,0x0633,63,16
20809,0x0634,58,0
20809,0x0635,63,0
20809,0x0636,74,0
20809,0x0637,63,0
20809,0x063C,237,0
20809,0x063D,12,0
20809,0x063E,253,0
20809,0x063F,12,0
20809,0x0642,0,223
20809,0x0643,0,12
20809,0x0644,0,239
20809,0x0645,0,12
20809,0x0646,0,255
20809,0x0647,0,12
20809,0x0648,82,0
20809,0x0649,63,0
20809,0x064A,36,0
20809,0x064B,63,0
20809,0x064C,58,0
20809,0x064D,63,0
20809,0x0650,0,82
20809,0x0651,0,63
20809,0x0652,0,36
20809,0x0653,0,63
20809,0x0900,164,162
20809,0x0904,148,146
20809,0x0908,196,194
20809,0x090C,180,178
20809,0x0918,168,190
20809,0x091C,160,182
20809,0x0920,150,149
20809,0x0924,174,172
20809,0x0926,138,130
20809,0x0928,158,156
20809,0x092A,136,128
20809,0x092C,206,204
20809,0x0930,190,188
20809,0x0934,253,252
20809,0x0936,166,170
20809,0x0938,237,236
20809,0x093A,164,168
20809,0x093C,253,252
20809,0x093E,134,138
20809,0x0940,237,236
20809,0x0942,132,136
20809,0x0B22,87,88
20809,0x0B24,175,176
20809,0x0B26,95,96
20809,0x0B28,190,192
20809,0x0B82,87,88
20809,0x0B84,175,176
20809,0x0B86,95,96
20809,0x0B88,190,192
20809,0x0F99,95,96
20809,0x0F9D,95,96
20809,0x0FD1,95,96
20809,0x0FF0,95,96
20809,0x103C,4,2
20809,0x1091,168,190
20809,0x10A6,249,247
20809,0x1410,96,160
20809,0x1411,158,157
20809,0x1413,230,68
20809,0x1419,174,178
20809,0x1433,3,1
20809,0x1435,101,99
20809,0x16D1,174,172
20809,0x16E4,251,247
20809,0x16E6,1,2
20809,0x16EC,138,147
20809,0x16ED,43,12
20809,0x16F8,10,8
20809,0x1711,174,172
20809,0x1735,14,12
20809,0x1739,22,20
20809,0x1751,206,204
20809,0x1766,3,1
20809,0x1778,42,40
20809,0x1791,206,204
20809,0x17B5,14,12
20809,0x17B9,54,52
20809,0x17D1,253,252
20809,0x17E4,217,219
20809,0x17E6,2,3
20809,0x17EC,161,144
20809,0x17F0,22,20
20811,0x0020,236,235
20811,0x0069,49,51
20811,0x006B,235,237
20811,0x007B,96,97
20811,0x00AD,194,196
20811,0x00CD,79,82
20811,0x00CE,105,111
20811,0x00CF,226,236
20811,0x00D0,91,105
20811,0x0900,162,160
20811,0x0904,146,144
20811,0x0908,194,192
20811,0x090C,178,176
20811,0x0918,190,212
20811,0x091C,182,204
20811,0x0920,149,148
20811,0x0921,85,84
20811,0x0923,34,46
20811,0x0924,172,170
20811,0x0926,130,134
20811,0x0928,156,154
20811,0x092A,128,132
20811,0x092C,204,202
20811,0x092E,134,138
20811,0x0930,188,186
20811,0x0932,132,136
20811,0x0934,252,251
20811,0x0938,236,235
20811,0x093C,252,251
20811,0x0940,236,235
20811,0x0B26,96,97
20811,0x0B28,192,194
20811,0x0B86,96,97
20811,0x0B88,192,194
20811,0x0F99,96,97
20811,0x0F9D,96,97
20811,0x0FD1,96,97
20811,0x0FF0,96,97
20811,0x103C,2,0
20811,0x1091,190,212
20811,0x10A6,247,245
20811,0x1410,160,224
20811,0x1411,157,156
20811,0x1413,68,170
20811,0x1414,93,92
20811,0x1419,178,182
20811,0x1427,2,14
20811,0x1435,99,97
20811,0x16D1,172,170
20811,0x16E4,247,249
20811,0x16E6,2,3
20811,0x16ED,12,43
20811,0x16F8,8,6
20811,0x1711,172,170
20811,0x1735,12,10
20811,0x1739,20,18
20811,0x1751,204,202
20811,0x1764,249,251
20811,0x1766,1,2
20811,0x176C,147,138
20811,0x1778,40,38
20811,0x1791,204,202
20811,0x17B5,12,10
20811,0x17B9,52,50
20811,0x17D1,252,251
20811,0x17E6,3,1
20811,0x17F0,20,18
20813,0x0020,235,234
20813,0x0024,136,140
20813,0x002A,2,32
20813,0x0069,51,53
20813,0x006B,237,239
20813,0x0072,112,114
20813,0x007B,97,98
20813,0x0098,0,64
20813,0x009B,0,64
20813,0x009F,0,64
20813,0x00AD,196,198
20813,0x00B7,17,19
20813,0x00CD,82,85
20813,0x00CE,111,117
20813,0x00CF,236,246
20813,0x00D0,105,119
20813,0x00FA,0,64
20813,0x00FC,0,64
20813,0x0172,0,144
20813,0x0173,128,229
20813,0x0900,160,158
20813,0x0904,144,142
20813,0x0908,192,190
20813,0x090C,176,174
20813,0x0918,212,234
20813,0x091C,204,226
20813,0x0920,148,102
20813,0x0921,84,108
20813,0x0922,236,9
20813,0x0923,46,34
20813,0x0924,170,94
20813,0x0925,176,108
20813,0x0926,134,8
20813,0x0927,45,34
20813,0x0928,154,148
20813,0x0929,176,84
20813,0x092A,132,236
20813,0x092B,45,34
20813,0x092C,202,168
20813,0x092D,188,176
20813,0x092E,138,134
20813,0x0930,186,152
20813,0x0931,188,176
20813,0x0932,136,132
20813,0x0934,251,200
20813,0x0935,104,188
20813,0x0936,170,130
20813,0x0937,34,45
20813,0x0938,235,184
20813,0x0939,104,188
20813,0x093A,168,128
20813,0x093B,34,45
20813,0x093C,251,250
20813,0x093D,88,104
20813,0x093E,138,174
20813,0x0940,235,234
20813,0x0941,88,104
20813,0x0942,136,172
20813,0x0944,239,250
20813,0x0945,224,88
20813,0x0946,128,142
20813,0x0948,143,234
20813,0x0949,224,88
20813,0x094A,111,140
20813,0x094B,61,34
20813,0x0B02,170,160
20813,0x0B04,2,42
20813,0x0B24,176,177
20813,0x0B26,97,98
20813,0x0B28,194,196
20813,0x0B84,176,177
20813,0x0B86,97,98
20813,0x0B88,194,196
20813,0x0C50,47,37
20813,0x0C51,0,224
20813,0x0F99,97,98
20813,0x0F9D,97,98
20813,0x0FD1,97,98
20813,0x0FF0,97,98
20813,0x103B,0,2
20813,0x103C,0,10
20813,0x1091,212,234
20813,0x10A6,245,243
20813,0x10C0,0,200
20813,0x10C1,225,175
20813,0x10D1,245,102
20813,0x10E2,227,65
20813,0x10E4,229,67
20813,0x10E6,1,255
20813,0x10EC,45,17
20813,0x1410,224,32
20813,0x1413,170,24
20813,0x1419,182,186
20813,0x1427,14,2
20813,0x1433,1,5
20813,0x1435,97,95
20813,0x16D1,170,168
20813,0x16E6,3,1
20813,0x16F8,6,4
20813,0x1711,170,168
20813,0x1735,10,8
20813,0x1739,18,16
20813,0x1751,202,200
20813,0x1764,251,247
20813,0x1766,2,3
20813,0x176C,138,147
20813,0x176D,43,12
20813,0x1778,38,36
20813,0x1791,202,200
20813,0x17B5,10,8
20813,0x17B9,50,48
20813,0x17D1,251,250
20813,0x17E4,219,221
20813,0x17E6,1,3
20813,0x17EC,144,127
20813,0x17F0,18,16
20815,0x0020,234,233
20815,0x002A,32,2
20815,0x0069,53,55
20815,0x006B,239,241
20815,0x0071,112,114
20815,0x007B,98,99
20815,0x0098,64,0
20815,0x009B,64,0
20815,0x009F,64,0
20815,0x00AD,198,200
20815,0x00B7,19,17
20815,0x00CD,85,88
20815,0x00CE,117,123
20815,0x00CF,246,0
20815,0x00D0,119,134
20815,0x00FA,64,0
20815,0x00FC,64,0
20815,0x017D,52,116
20815,0x02FD,39,41
20815,0x0900,158,156
20815,0x0904,142,140
20815,0x0908,190,188
20815,0x090C,174,172
20815,0x0918,234,124
20815,0x091C,226,116
20815,0x0920,102,147
20815,0x0921,108,83
20815,0x0922,9,236
20815,0x0924,94,166
20815,0x0925,108,176
20815,0x0926,8,138
20815,0x0927,34,45
20815,0x0928,148,150
20815,0x0929,84,176
20815,0x092A,236,136
20815,0x092B,34,45
20815,0x092C,168,198
20815,0x092D,176,188
20815,0x092E,134,130
20815,0x0930,152,182
20815,0x0931,176,188
20815,0x0932,132,128
20815,0x0934,200,249
20815,0x0935,188,104
20815,0x0936,130,174
20815,0x0937,45,34
20815,0x0938,184,233
20815,0x0939,188,104
20815,0x093A,128,172
20815,0x093B,45,34
20815,0x093C,250,249
20815,0x093D,104,88
20815,0x093E,174,142
20815,0x0940,234,233
20815,0x0941,104,88
20815,0x0942,172,140
20815,0x0944,250,96
20815,0x0945,88,224
20815,0x0946,142,2
20815,0x0947,34,32
20815,0x0948,234,80
20815,0x0949,88,224
20815,0x094A,140,0
20815,0x094B,34,32
20815,0x0B02,160,170
20815,0x0B04,42,2
20815,0x0B26,98,99
20815,0x0B28,196,198
20815,0x0B86,98,99
20815,0x0B88,196,198
20815,0x0F99,98,99
20815,0x0F9D,98,99
20815,0x0FD1,98,99
20815,0x0FF0,98,99
20815,0x103B,2,0
20815,0x103C,10,8
20815,0x1080,200,0
20815,0x1091,234,0
20815,0x1092,0,1
20815,0x10A6,243,242
20815,0x10D1,102,124
20815,0x10E6,255,253
20815,0x1410,32,96
20815,0x1411,156,155
20815,0x1413,24,142
20815,0x1414,92,91
20815,0x1419,186,190
20815,0x1433,5,3
20815,0x1435,95,93
20815,0x16D1,168,166
20815,0x16E4,249,251
20815,0x16E6,1,2
20815,0x16EC,147,138
20815,0x16F8,4,2
20815,0x1711,168,166
20815,0x1735,8,6
20815,0x1739,16,14
20815,0x1751,200,198
20815,0x1766,3,1
20815,0x1778,36,34
20815,0x1791,200,198
20815,0x17B5,8,6
20815,0x17B9,48,46
20815,0x17D1,250,249
20815,0x17E6,3,1
20815,0x17F0,16,14
20815,0xFFFF,185,186
20817,0x0004,48,50
20817,0x0020,233,232
20817,0x0024,140,192
20817,0x0069,55,57
20817,0x006B,241,243
20817,0x007B,99,100
20817,0x00AD,200,202
20817,0x00CD,88,91
20817,0x00CE,123,129
20817,0x00CF,0,10
20817,0x00D0,134,148
20817,0x00D1,2,3
20817,0x017D,116,52
20817,0x02FD,41,39
20817,0x0501,203,153
20817,0x0502,93,86
20817,0x0503,8,20
20817,0x0600,79,0
20817,0x0601,8,0
20817,0x0602,27,0
20817,0x0603,8,0
20817,0x0604,43,0
20817,0x0605,8,0
20817,0x0606,59,0
20817,0x0607,8,0
20817,0x0608,116,83
20817,0x0609,16,63
20817,0x060A,117,37
20817,0x060B,16,63
20817,0x060C,0,59
20817,0x060D,0,63
20817,0x060E,0,75
20817,0x060F,0,63
20817,0x0900,156,155
20817,0x0904,140,139
20817,0x0908,188,186
20817,0x090C,172,170
20817,0x0918,124,146
20817,0x091C,116,138
20817,0x0920,147,146
20817,0x0924,166,165
20817,0x0928,150,149
20817,0x092C,198,196
20817,0x092E,130,134
20817,0x0930,182,180
20817,0x0932,128,132
20817,0x0934,249,248
20817,0x0935,104,88
20817,0x0936,174,192
20817,0x0937,34,98
20817,0x0938,233,248
20817,0x093A,172,226
20817,0x093C,249,232
20817,0x093D,88,104
20817,0x093E,142,224
20817,0x0940,233,232
20817,0x0942,140,192
20817,0x0B22,88,89
20817,0x0B24,177,178
20817,0x0B26,99,100
20817,0x0B28,198,200
20817,0x0B82,88,89
20817,0x0B84,177,178
20817,0x0B86,99,100
20817,0x0B88,198,200
20817,0x0F99,99,100
20817,0x0F9D,99,100
20817,0x0FD1,99,100
20817,0x0FF0,99,100
20817,0x103C,8,6
20817,0x10D1,124,146
20817,0x10E6,253,251
20817,0x1410,96,160
20817,0x1411,155,154
20817,0x1413,142,12
20817,0x1419,190,194
20817,0x1433,3,1
20817,0x1435,93,91
20817,0x16C0,200,216
20817,0x16C1,240,219
20817,0x16C2,144,145
20817,0x16D1,166,165
20817,0x16E6,2,1
20817,0x16F8,2,60
20817,0x1711,166,165
20817,0x1735,6,4
20817,0x1739,14,12
20817,0x1751,198,196
20817,0x1764,247,249
20817,0x1766,1,2
20817,0x176D,12,43
20817,0x1778,34,32
20817,0x1791,198,196
20817,0x17B5,6,4
20817,0x17B9,46,44
20817,0x17D1,249,248
20817,0x17E4,221,223
20817,0x17E6,1,3
20817,0x17EC,127,110
20817,0x17F0,14,12
20819,0x0020,232,231
20819,0x0069,57,59
20819,0x006B,243,245
20819,0x007B,100,101
20819,0x0098,0,64
20819,0x009B,0,64
20819,0x009F,0,64
20819,0x00AD,202,204
20819,0x00CD,91,94
20819,0x00CE,129,135
20819,0x00CF,10,20
20819,0x00D0,148,162
20819,0x00FA,0,64
20819,0x00FC,0,64
20819,0x0900,155,154
20819,0x0904,139,138
20819,0x0908,186,184
20819,0x090C,170,168
20819,0x0918,146,168
20819,0x091C,138,160
20819,0x0920,146,145
20819,0x0921,83,82
20819,0x0923,34,46
20819,0x0924,165,164
20819,0x0928,149,148
20819,0x092C,196,194
20819,0x092E,134,138
20819,0x0930,180,178
20819,0x0932,132,136
20819,0x0934,248,247
20819,0x0938,248,247
20819,0x093C,232,231
20819,0x0940,232,231
20819,0x0B26,100,101
20819,0x0B28,200,202
20819,0x0B86,100,101
20819,0x0B88,200,202
20819,0x0F99,100,101
20819,0x0F9D,100,101
20819,0x0FD1,100,101
20819,0x0FF0,100,101
20819,0x103C,6,4
20819,0x10D1,146,168
20819,0x10E6,251,249
20819,0x1410,160,224
20819,0x1411,154,153
20819,0x1413,12,146
20819,0x1414,91,90
20819,0x1419,194,198
20819,0x1427,2,14
20819,0x1435,91,89
20819,0x16D1,165,164
20819,0x16F8,60,58
20819,0x1711,165,164
20819,0x1735,4,2
20819,0x1739,12,10
20819,0x1751,196,194
20819,0x1764,249,251
20819,0x1766,2,3
20819,0x176C,147,138
20819,0x1778,32,30
20819,0x1791,196,194
20819,0x17B5,4,2
20819,0x17B9,44,42
20819,0x17D1,248,247
20819,0x17E6,3,1
20819,0x17F0,12,10
20821,0x0000,192,231
20821,0x0001,252,175
20821,0x0002,4,2
20821,0x0020,231,230
20821,0x0024,192,196
20821,0x0025,2,0
20821,0x0029,0,2
20821,0x002B,0,2
20821,0x002C,112,192
20821,0x0069,59,61
20821,0x006B,245,247
20821,0x007B,101,102
20821,0x0098,64,0
20821,0x009B,64,0
20821,0x009F,64,0
20821,0x00AD,204,206
20821,0x00BF,144,152
20821,0x00C2,10,11
20821,0x00CA,0,1
20821,0x00CD,94,97
20821,0x00CE,135,141
20821,0x00CF,20,30
20821,0x00D0,162,176
20821,0x00FA,64,0
20821,0x00FC,64,0
20821,0x0172,144,0
20821,0x0173,229,128
20821,0x0174,52,23
20821,0x0175,36,52
20821,0x0176,177,240
20821,0x0177,145,175
20821,0x0178,52,2
20821,0x02FD,39,41
20821,0x0874,222,86
20821,0x0875,42,1
20821,0x0876,86,222
20821,0x0877,1,42
20821,0x0894,22,14
20821,0x0895,91,58
20821,0x0896,14,22
20821,0x0897,58,91
20821,0x0900,154,138
20821,0x0901,169,161
20821,0x0902,162,164
20821,0x0904,138,154
20821,0x0906,160,166
20821,0x0908,184,182
20821,0x090C,168,166
20821,0x0918,168,190
20821,0x091C,160,182
20821,0x0923,46,34
20821,0x0924,164,163
20821,0x0928,148,147
20821,0x092C,194,192
20821,0x0930,178,176
20821,0x0934,247,246
20821,0x0935,88,104
20821,0x0936,192,230
20821,0x0937,98,34
20821,0x0938,247,246
20821,0x0939,104,88
20821,0x093A,226,196
20821,0x093B,34,98
20821,0x093C,231,230
20821,0x093E,224,228
20821,0x0940,231,230
20821,0x0942,192,196
20821,0x0B24,178,179
20821,0x0B26,101,102
20821,0x0B28,202,204
20821,0x0B84,178,179
20821,0x0B86,101,102
20821,0x0B88,202,204
20821,0x0F99,101,102
20821,0x0F9D,101,102
20821,0x0FD1,101,102
20821,0x0FF0,101,102
20821,0x103C,4,2
20821,0x10D1,168,190
20821,0x10E6,249,247
20821,0x1410,224,32
20821,0x1413,146,32
20821,0x1419,198,202
20821,0x1427,14,2
20821,0x1433,1,5
20821,0x1435,89,87
20821,0x16D1,164,163
20821,0x16F8,58,56
20821,0x170D,1,2
20821,0x1711,164,163
20821,0x1722,196,220
20821,0x1724,198,222
20821,0x172C,212,203
20821,0x1735,2,16
20821,0x1739,10,8
20821,0x1751,194,192
20821,0x1766,3,1
20821,0x1778,30,28
20821,0x1791,194,192
20821,0x17B5,2,16
20821,0x17B9,42,40
20821,0x17D1,247,246
20821,0x17E4,223,225
20821,0x17E6,1,3
20821,0x17EC,110,93
20821,0x17F0,10,8
20821,0x1800,0,136
20821,0x1801,0,74
20821,0x1802,0,176
20821,0x1803,0,2
20821,0x1804,0,54
20821,0x1805,0,177
20821,0x1806,0,2
20821,0x1808,0,3
20821,0x180A,0,2
20821,0x180B,0,3
20821,0x180C,0,9
20821,0x1811,0,16
20821,0x1812,0,1
20821,0x1814,0,104
20821,0x1816,0,52
20821,0x1817,0,254
20821,0x1818,0,255
20821,0x181E,0,9
20821,0x181F,0,12
20821,0x1820,0,154
20821,0x1821,0,2
20821,0x1827,0,8
20821,0x1829,0,1
20821,0x182A,0,238
20821,0x182B,0,4
20821,0x1830,0,1
20821,0x1835,0,192
20821,0x1836,0,110
20821,0x183A,0,145
20821,0x183B,0,193
20823,0x0000,231,74
20823,0x0001,175,176
20823,0x0020,230,12
20823,0x0022,88,96
20823,0x0024,196,0
20823,0x0025,0,2
20823,0x0026,34,105
20823,0x0028,34,40
20823,0x0029,2,0
20823,0x002A,2,48
20823,0x002B,2,0
20823,0x002C,192,112
20823,0x0069,61,63
20823,0x006B,247,249
20823,0x007B,102,103
20823,0x00AD,206,208
20823,0x00B7,17,19
20823,0x00CD,97,100
20823,0x00CE,141,147
20823,0x00CF,30,40
20823,0x00D0,176,190
20823,0x0172,0,36
20823,0x0173,128,52
20823,0x0174,23,52
20823,0x0176,240,107
20823,0x0177,175,176
20823,0x0178,2,52
20823,0x01B9,192,0
20823,0x01BA,23,24
20823,0x0874,86,222
20823,0x0875,1,42
20823,0x0876,222,86
20823,0x0877,42,1
20823,0x0894,14,22
20823,0x0895,58,91
20823,0x0896,22,14
20823,0x0897,91,58
20823,0x0900,138,137
20823,0x0904,154,153
20823,0x0908,182,180
20823,0x090C,166,164
20823,0x0918,190,212
20823,0x091C,182,204
20823,0x0920,145,144
20823,0x0921,82,81
20823,0x0924,163,162
20823,0x0928,147,146
20823,0x092C,192,190
20823,0x092E,138,130
20823,0x0930,176,174
20823,0x0932,136,128
20823,0x0934,246,245
20823,0x0938,246,245
20823,0x093C,230,229
20823,0x0940,230,229
20823,0x0944,96,252
20823,0x0945,224,96
20823,0x0947,32,105
20823,0x0948,80,12
20823,0x0949,224,96
20823,0x094B,32,105
20823,0x0B04,2,58
20823,0x0B26,102,103
20823,0x0B28,204,206
20823,0x0B86,102,103
20823,0x0B88,204,206
20823,0x0F99,102,103
20823,0x0F9D,102,103
20823,0x0FD1,102,103
20823,0x0FF0,102,103
20823,0x103C,2,0
20823,0x10D1,190,212
20823,0x10E6,247,245
20823,0x1410,32,96
20823,0x1411,153,152
20823,0x1413,32,182
20823,0x1414,90,89
20823,0x1419,202,206
20823,0x1433,5,3
20823,0x1435,87,85
20823,0x16D1,163,162
20823,0x16F8,56,54
20823,0x1711,163,162
20823,0x1735,16,14
20823,0x1739,8,6
20823,0x1751,192,190
20823,0x1764,251,247
20823,0x1766,1,2
20823,0x176C,138,147
20823,0x176D,43,12
20823,0x1778,28,26
20823,0x1791,192,190
20823,0x17B5,16,14
20823,0x17B9,40,38
20823,0x17D1,246,245
20823,0x17E6,3,1
20823,0x17F0,8,6
20823,0x1800,136,200
20823,0x1810,0,104
20823,0x1811,16,12
20823,0x1822,0,220
20823,0x1823,0,8
20823,0x1824,0,222
20823,0x1825,0,8
20823,0x1826,0,253
20823,0x182C,0,124
20823,0x182D,0,12
20823,0x1835,192,190
20823,0x1838,0,61
20823,0x1839,0,6
20823,0x183A,145,148
20825,0x0004,50,52
20825,0x0020,12,8
20825,0x002A,48,3
20825,0x0069,63,65
20825,0x006B,249,251
20825,0x0072,114,116
20825,0x007B,103,104
20825,0x0098,0,64
20825,0x009B,0,64
20825,0x009F,0,64
20825,0x00AD,208,210
20825,0x00B7,19,21
20825,0x00CD,100,103
20825,0x00CE,147,153
20825,0x00CF,40,50
20825,0x00D0,190,204
20825,0x00FA,0,64
20825,0x00FC,0,64
20825,0x0172,36,144
20825,0x0173,52,229
20825,0x02FD,41,39
20825,0x0501,153,141
20825,0x0502,86,90
20825,0x0508,86,77
20825,0x0509,94,81
20825,0x050A,4,20
20825,0x050B,8,20
20825,0x050F,22,154
20825,0x0510,84,86
20825,0x0512,12,40
20825,0x0600,0,248
20825,0x0601,0,12
20825,0x0602,0,247
20825,0x0603,0,12
20825,0x0604,0,217
20825,0x0605,0,16
20825,0x0606,0,11
20825,0x0607,0,16
20825,0x0608,83,11
20825,0x0609,63,16
20825,0x060A,37,11
20825,0x060B,63,16
20825,0x060C,59,29
20825,0x060D,63,17
20825,0x060E,75,45
20825,0x060F,63,17
20825,0x0610,0,116
20825,0x0611,0,16
20825,0x0612,0,118
20825,0x0613,0,16
20825,0x0614,141,0
20825,0x0615,26,0
20825,0x061C,147,0
20825,0x061D,90,0
20825,0x061E,163,0
20825,0x061F,90,0
20825,0x0620,15,0
20825,0x0621,13,0
20825,0x0622,246,0
20825,0x0623,12,13
20825,0x0624,95,1
20825,0x0625,16,13
20825,0x0626,11,2
20825,0x0627,16,13
20825,0x0628,11,0
20825,0x0629,16,0
20825,0x062A,11,0
20825,0x062B,16,0
20825,0x062C,39,0
20825,0x062D,17,0
20825,0x062E,40,0
20825,0x062F,17,0
20825,0x0630,116,82
20825,0x0631,16,63
20825,0x0632,117,36
20825,0x0633,16,63
20825,0x0634,0,58
20825,0x0635,0,63
20825,0x0636,0,74
20825,0x0637,0,63
20825,0x0874,222,86
20825,0x0875,42,1
20825,0x0876,86,222
20825,0x0877,1,42
20825,0x0894,22,14
20825,0x0895,91,58
20825,0x0896,14,22
20825,0x0897,58,91
20825,0x0900,137,136
20825,0x0904,153,152
20825,0x0908,180,178
20825,0x090C,164,162
20825,0x0918,212,102
20825,0x091C,204,94
20825,0x0920,144,234
20825,0x0921,81,108
20825,0x0922,236,9
20825,0x0924,162,226
20825,0x0925,176,108
20825,0x0926,138,8
20825,0x0927,45,34
20825,0x0928,146,143
20825,0x0929,176,81
20825,0x092A,136,236
20825,0x092B,45,34
20825,0x092C,190,161
20825,0x092D,188,176
20825,0x092E,130,138
20825,0x0930,174,145
20825,0x0931,188,176
20825,0x0932,128,136
20825,0x0934,245,188
20825,0x0935,104,188
20825,0x0936,230,134
20825,0x0937,34,45
20825,0x0938,245,172
20825,0x0939,88,188
20825,0x093A,196,132
20825,0x093B,98,45
20825,0x093C,229,244
20825,0x093E,228,194
20825,0x093F,34,98
20825,0x0940,229,228
20825,0x0941,88,104
20825,0x0942,196,194
20825,0x0944,252,244
20825,0x0945,96,88
20825,0x0946,2,130
20825,0x0947,105,98
20825,0x0948,12,228
20825,0x0949,96,88
20825,0x094A,0,130
20825,0x094B,105,34
20825,0x094C,143,248
20825,0x094D,224,96
20825,0x094E,122,2
20825,0x094F,61,105
20825,0x0950,135,8
20825,0x0951,224,96
20825,0x0952,120,0
20825,0x0953,189,105
20825,0x0B02,170,160
20825,0x0B04,58,170
20825,0x0B05,0,3
20825,0x0B22,89,90
20825,0x0B24,179,180
20825,0x0B26,103,104
20825,0x0B28,206,208
20825,0x0B82,89,90
20825,0x0B84,179,180
20825,0x0B86,103,104
20825,0x0B88,206,208
20825,0x0C52,240,37
20825,0x0C53,0,224
20825,0x0F99,103,104
20825,0x0F9D,103,104
20825,0x0FD1,103,104
20825,0x0FF0,103,104
20825,0x103B,0,2
20825,0x103C,0,10
20825,0x1080,0,200
20825,0x1091,0,102
20825,0x1092,1,0
20825,0x10A6,242,255
20825,0x10D1,212,234
20825,0x10E6,245,243
20825,0x1410,96,160
20825,0x1411,152,151
20825,0x1413,182,84
20825,0x1419,206,210
20825,0x1433,3,1
20825,0x1435,85,83
20825,0x16D1,162,161
20825,0x16F8,54,52
20825,0x1711,162,161
20825,0x1735,14,12
20825,0x1739,6,4
20825,0x1751,190,188
20825,0x1764,247,249
20825,0x1766,2,3
20825,0x176D,12,43
20825,0x1778,26,24
20825,0x1791,190,188
20825,0x17B5,14,12
20825,0x17B9,38,36
20825,0x17D1,245,244
20825,0x17E4,225,227
20825,0x17E6,1,254
20825,0x17EC,93,76
20825,0x17F0,6,4
20825,0x1810,104,208
20825,0x1811,12,8
20825,0x1826,253,251
20825,0x1835,190,188
20825,0x1838,61,59
20827,0x0020,8,5
20827,0x002A,3,48
20827,0x0069,65,67
20827,0x006B,251,253
20827,0x0071,114,116
20827,0x007B,104,105
20827,0x0098,64,0
20827,0x009B,64,0
20827,0x009F,64,0
20827,0x00AD,210,212
20827,0x00B7,21,19
20827,0x00CD,103,106
20827,0x00CE,153,159
20827,0x00CF,50,60
20827,0x00D0,204,218
20827,0x00FA,64,0
20827,0x00FC,64,0
20827,0x0874,86,222
20827,0x0875,1,42
20827,0x0876,222,86
20827,0x0877,42,1
20827,0x0894,14,22
20827,0x0895,58,91
20827,0x0896,22,14
20827,0x0897,91,58
20827,0x0900,136,135
20827,0x0904,152,151
20827,0x0908,178,176
20827,0x090C,162,160
20827,0x0918,102,124
20827,0x091C,94,116
20827,0x0920,234,142
20827,0x0921,108,80
20827,0x0922,9,236
20827,0x0923,34,46
20827,0x0924,226,160
20827,0x0925,108,176
20827,0x0926,8,138
20827,0x0927,34,45
20827,0x0928,143,144
20827,0x0929,81,176
20827,0x092A,236,136
20827,0x092B,34,45
20827,0x092C,161,186
20827,0x092D,176,188
20827,0x092E,138,134
20827,0x0930,145,170
20827,0x0931,176,188
20827,0x0932,136,132
20827,0x0934,188,243
20827,0x0935,188,104
20827,0x0936,134,194
20827,0x0937,45,98
20827,0x0938,172,227
20827,0x0939,188,104
20827,0x093A,132,194
20827,0x093B,45,34
20827,0x093C,244,243
20827,0x093D,104,88
20827,0x093E,194,130
20827,0x0940,228,227
20827,0x0941,104,88
20827,0x0942,194,130
20827,0x0944,244,245
20827,0x0945,88,96
20827,0x0946,130,2
20827,0x0947,98,105
20827,0x0948,228,5
20827,0x0949,88,96
20827,0x094A,130,0
20827,0x094B,34,105
20827,0x094C,248,96
20827,0x094D,96,224
20827,0x094F,105,32
20827,0x0950,8,80
20827,0x0951,96,224
20827,0x0953,105,32
20827,0x0B02,160,170
20827,0x0B04,170,58
20827,0x0B05,3,0
20827,0x0B26,104,105
20827,0x0B28,208,210
20827,0x0B86,104,105
20827,0x0B88,208,210
20827,0x0F99,104,105
20827,0x0F9D,104,105
20827,0x0FD1,104,105
20827,0x0FF0,104,105
20827,0x103B,2,0
20827,0x103C,10,8
20827,0x1091,102,124
20827,0x10A6,255,253
20827,0x10C0,200,0
20827,0x10D1,234,0
20827,0x10D2,0,1
20827,0x10E6,243,242
20827,0x1410,160,224
20827,0x1411,151,150
20827,0x1413,84,250
20827,0x1414,89,88
20827,0x1419,210,214
20827,0x1427,2,14
20827,0x1435,83,81
20827,0x16D1,161,160
20827,0x16F8,52,50
20827,0x1711,161,160
20827,0x1735,12,10
20827,0x1739,4,2
20827,0x1751,188,186
20827,0x1766,3,1
20827,0x1778,24,22
20827,0x1791,188,186
20827,0x17B5,12,10
20827,0x17B9,36,34
20827,0x17D1,244,243
20827,0x17E6,254,252
20827,0x17F0,4,2
20827,0x1810,208,56
20827,0x1811,8,5
20827,0x1826,251,249
20827,0x1835,188,186
20827,0x1838,59,57
20827,0xFFFF,186,187
20829,0x0020,5,1
20829,0x0069,67,69
20829,0x006B,253,255
20829,0x007B,105,106
20829,0x00AD,212,214
20829,0x00B7,19,15
20829,0x00CD,106,12
20829,0x00CE,159,165
20829,0x00CF,60,70
20829,0x00D0,218,232
20829,0x00D1,3,0
20829,0x0174,52,199
20829,0x0874,222,86
20829,0x0875,42,1
20829,0x0876,86,222
20829,0x0877,1,42
20829,0x0894,22,14
20829,0x0895,91,58
20829,0x0896,14,22
20829,0x0897,58,91
20829,0x0900,135,134
20829,0x0904,151,150
20829,0x0908,176,174
20829,0x090C,160,158
20829,0x0918,124,146
20829,0x091C,116,138
20829,0x0923,46,34
20829,0x0924,160,159
20829,0x0928,144,143
20829,0x092C,186,184
20829,0x092E,134,138
20829,0x0930,170,168
20829,0x0932,132,136
20829,0x0934,243,241
20829,0x0935,104,96
20829,0x0936,194,2
20829,0x0937,98,105
20829,0x0938,227,1
20829,0x0939,104,96
20829,0x093A,194,0
20829,0x093B,34,105
20829,0x093C,243,135
20829,0x093D,88,224
20829,0x093E,130,9
20829,0x093F,98,34
20829,0x0940,227,127
20829,0x0941,88,224
20829,0x0942,130,8
20829,0x0944,245,96
20829,0x0945,96,224
20829,0x0947,105,32
20829,0x0948,5,80
20829,0x0949,96,224
20829,0x094B,105,32
20829,0x0B03,170,58
20829,0x0B04,58,0
20829,0x0B24,180,181
20829,0x0B26,105,106
20829,0x0B28,210,212
20829,0x0B84,180,181
20829,0x0B86,105,106
20829,0x0B88,210,212
20829,0x0F99,105,106
20829,0x0F9D,105,106
20829,0x0FD1,105,106
20829,0x0FF0,105,106
20829,0x103C,8,6
20829,0x1091,124,146
20829,0x10A6,253,251
20829,0x1410,224,32
20829,0x1413,250,168
20829,0x1419,214,218
20829,0x1427,14,2
20829,0x1433,1,5
20829,0x1435,81,79
20829,0x16D1,160,159
20829,0x16F8,50,48
20829,0x1711,160,159
20829,0x1735,10,8
20829,0x1739,2,48
20829,0x1751,186,184
20829,0x1764,249,251
20829,0x1766,1,2
20829,0x176C,147,138
20829,0x1778,22,20
20829,0x1791,186,184
20829,0x17B5,10,8
20829,0x17B9,34,32
20829,0x17C0,208,0
20829,0x17D1,243,242
20829,0x17E6,252,251
20829,0x17F0,2,0
20829,0x1810,56,160
20829,0x1811,5,1
20829,0x1826,249,247
20829,0x1835,186,184
20829,0x1838,57,55
20831,0x0020,1,254
20831,0x002A,48,32
20831,0x0069,69,71
20831,0x006B,255,1
20831,0x007B,106,107
20831,0x0098,0,64
20831,0x009B,0,64
20831,0x009F,0,64
20831,0x00AD,214,216
20831,0x00CD,12,15
20831,0x00CE,165,171
20831,0x00CF,70,80
20831,0x00D0,232,246
20831,0x00FA,0,64
20831,0x00FC,0,64
20831,0x0174,199,52
20831,0x0874,86,222
20831,0x0875,1,42
20831,0x0876,222,86
20831,0x0877,42,1
20831,0x0894,14,22
20831,0x0895,58,91
20831,0x0896,22,14
20831,0x0897,91,58
20831,0x0900,134,133
20831,0x0904,150,149
20831,0x0908,174,172
20831,0x090C,158,156
20831,0x0918,146,168
20831,0x091C,138,160
20831,0x0920,142,141
20831,0x0924,159,158
20831,0x0928,143,142
20831,0x092C,184,182
20831,0x092E,138,130
20831,0x0930,168,166
20831,0x0932,136,128
20831,0x0934,241,238
20831,0x0938,1,254
20831,0x0B03,58,42
20831,0x0B26,106,107
20831,0x0B28,212,214
20831,0x0B86,106,107
20831,0x0B88,212,214
20831,0x0F99,106,107
20831,0x0F9D,106,107
20831,0x0FD1,106,107
20831,0x0FF0,106,107
20831,0x103C,6,4
20831,0x1091,146,168
20831,0x10A6,251,249
20831,0x1410,32,96
20831,0x1411,150,149
20831,0x1413,168,94
20831,0x1419,218,222
20831,0x1433,5,3
20831,0x1435,79,77
20831,0x16D1,159,158
20831,0x16F8,48,46
20831,0x1711,159,158
20831,0x1735,8,6
20831,0x1739,48,46
20831,0x1751,184,182
20831,0x1764,251,247
20831,0x1766,2,3
20831,0x176C,138,147
20831,0x176D,43,12
20831,0x1778,20,18
20831,0x1791,184,182
20831,0x17B5,8,6
20831,0x17B9,32,30
20831,0x1810,160,8
20831,0x1811,1,254
20831,0x1812,1,0
20831,0x1826,247,245
20831,0x1835,184,182
20831,0x1838,55,53
20833,0x0004,52,54
20833,0x0020,254,250
20833,0x0069,71,73
20833,0x006B,1,3
20833,0x007B,107,108
20833,0x0098,64,0
20833,0x009B,64,0
20833,0x009F,64,0
20833,0x00AD,216,218
20833,0x00CD,15,18
20833,0x00CE,171,177
20833,0x00CF,80,90
20833,0x00D0,246,4
20833,0x00FA,64,0
20833,0x00FC,64,0
20833,0x017D,52,53
20833,0x02FD,39,41
20833,0x0501,141,155
20833,0x0502,90,86
20833,0x0600,248,0
20833,0x0601,12,0
20833,0x0602,247,0
20833,0x0603,12,0
20833,0x0604,217,0
20833,0x0605,16,0
20833,0x0606,11,0
20833,0x0607,16,0
20833,0x0608,11,83
20833,0x0609,16,63
20833,0x060A,11,37
20833,0x060B,16,63
20833,0x060C,29,59
20833,0x060D,17,63
20833,0x060E,45,75
20833,0x060F,17,63
20833,0x0610,116,0
20833,0x0611,16,0
20833,0x0612,118,0
20833,0x0613,16,0
20833,0x0874,222,86
20833,0x0875,42,1
20833,0x0876,86,222
20833,0x0877,1,42
20833,0x0894,22,14
20833,0x0895,91,58
20833,0x0896,14,22
20833,0x0897,58,91
20833,0x0900,133,132
20833,0x0904,149,148
20833,0x0908,172,170
20833,0x090C,156,154
20833,0x0918,168,190
20833,0x091C,160,182
20833,0x0920,141,140
20833,0x0924,158,157
20833,0x0928,142,141
20833,0x092C,182,180
20833,0x0930,166,164
20833,0x0934,238,234
20833,0x0938,254,250
20833,0x0B22,90,91
20833,0x0B24,181,182
20833,0x0B26,107,108
20833,0x0B28,214,216
20833,0x0B82,90,91
20833,0x0B84,181,182
20833,0x0B86,107,108
20833,0x0B88,214,216
20833,0x0F99,107,108
20833,0x0F9D,107,108
20833,0x0FD1,107,108
20833,0x0FF0,107,108
20833,0x103C,4,2
20833,0x1091,168,190
20833,0x10A6,249,247
20833,0x1410,96,160
20833,0x1411,149,148
20833,0x1413,94,28
20833,0x1419,222,226
20833,0x1433,3,1
20833,0x1435,77,75
20833,0x16D1,158,157
20833,0x16F8,46,44
20833,0x1711,158,157
20833,0x1735,6,4
20833,0x1739,46,44
20833,0x1751,182,180
20833,0x1766,3,1
20833,0x1778,18,16
20833,0x1791,182,180
20833,0x17B5,6,4
20833,0x17B9,30,28
20833,0x1810,8,112
20833,0x1811,254,250
20833,0x1826,245,243
20833,0x1835,182,180
20833,0x1838,53,51
20835,0x0020,250,246
20835,0x0069,73,75
20835,0x006B,3,5
20835,0x007B,108,109
20835,0x00AD,218,220
20835,0x00CD,18,21
20835,0x00CE,177,183
20835,0x00CF,90,100
20835,0x00D0,4,18
20835,0x017D,53,52
20835,0x0874,86,222
20835,0x0875,1,42
20835,0x0876,222,86
20835,0x0877,42,1
20835,0x0894,14,22
20835,0x0895,58,91
20835,0x0896,22,14
20835,0x0897,91,58
20835,0x0900,132,131
20835,0x0904,148,147
20835,0x0908,170,168
20835,0x090C,154,152
20835,0x0918,190,212
20835,0x091C,182,204
20835,0x0920,140,139
20835,0x0921,80,79
20835,0x0923,34,46
20835,0x0924,157,156
20835,0x0928,141,140
20835,0x092C,180,178
20835,0x092E,130,134
20835,0x0930,164,162
20835,0x0932,128,132
20835,0x0934,234,230
20835,0x0938,250,246
20835,0x0B26,108,109
20835,0x0B28,216,218
20835,0x0B86,108,109
20835,0x0B88,216,218
20835,0x0F99,108,109
20835,0x0F9D,108,109
20835,0x0FD1,108,109
20835,0x0FF0,108,109
20835,0x103C,2,0
20835,0x1091,190,212
20835,0x10A6,247,245
20835,0x1410,160,224
20835,0x1411,148,147
20835,0x1413,28,226
20835,0x1414,88,87
20835,0x1419,226,230
20835,0x1427,2,14
20835,0x1435,75,73
20835,0x16D1,157,156
20835,0x16F8,44,42
20835,0x1711,157,156
20835,0x1735,4,2
20835,0x1739,44,42
20835,0x1751,180,178
20835,0x1764,247,249
20835,0x1766,1,2
20835,0x176D,12,43
20835,0x1778,16,14
20835,0x1791,180,178
20835,0x17B5,4,2
20835,0x17B9,28,26
20835,0x1810,112,216
20835,0x1811,250,246
20835,0x1826,243,241
20835,0x1835,180,178
20835,0x1838,51,49
20837,0x0020,246,243
20837,0x0025,2,0
20837,0x0029,0,2
20837,0x002A,32,2
20837,0x002B,0,2
20837,0x002C,112,160
20837,0x0069,75,77
20837,0x006B,5,7
20837,0x0072,116,118
20837,0x007B,109,110
20837,0x0098,0,64
20837,0x009B,0,64
20837,0x009F,0,64
20837,0x00AD,220,222
20837,0x00B7,15,17
20837,0x00CD,21,24
20837,0x00CE,183,189
20837,0x00CF,100,110
20837,0x00D0,18,32
20837,0x00FA,0,64
20837,0x00FC,0,64
20837,0x0172,144,0
20837,0x0173,229,128
20837,0x0174,52,23
20837,0x02FD,41,39
20837,0x0874,222,86
20837,0x0875,42,1
20837,0x0876,86,222
20837,0x0877,1,42
20837,0x0894,22,14
20837,0x0895,91,58
20837,0x0896,14,22
20837,0x0897,58,91
20837,0x0900,131,130
20837,0x0904,147,146
20837,0x0908,168,151
20837,0x0909,181,173
20837,0x090A,162,164
20837,0x090C,152,167
20837,0x090E,160,166
20837,0x0918,212,234
20837,0x091C,204,226
20837,0x0920,139,102
20837,0x0921,79,108
20837,0x0922,236,9
20837,0x0923,46,34
20837,0x0924,156,94
20837,0x0925,176,108
20837,0x0926,138,8
20837,0x0927,45,34
20837,0x0928,140,139
20837,0x0929,176,79
20837,0x092A,136,236
20837,0x092B,45,34
20837,0x092C,178,155
20837,0x092D,188,176
20837,0x092E,134,138
20837,0x0930,162,139
20837,0x0931,188,176
20837,0x0932,132,136
20837,0x0934,230,176
20837,0x0935,96,188
20837,0x0936,2,138
20837,0x0937,105,45
20837,0x0938,246,160
20837,0x0939,96,188
20837,0x093A,0,136
20837,0x093B,105,45
20837,0x093C,135,227
20837,0x093D,224,96
20837,0x093E,9,2
20837,0x093F,34,105
20837,0x0940,127,243
20837,0x0941,224,96
20837,0x0942,8,0
20837,0x0943,34,105
20837,0x0B02,170,160
20837,0x0B03,42,170
20837,0x0B04,0,2
20837,0x0B24,182,183
20837,0x0B26,109,110
20837,0x0B28,218,220
20837,0x0B84,182,183
20837,0x0B86,109,110
20837,0x0B88,218,220
20837,0x0C54,4,37
20837,0x0C55,0,224
20837,0x0F99,109,110
20837,0x0F9D,109,110
20837,0x0FD1,109,110
20837,0x0FF0,109,110
20837,0x103B,0,2
20837,0x103C,0,10
20837,0x1091,212,234
20837,0x10A6,245,243
20837,0x10C0,0,200
20837,0x10D1,0,102
20837,0x10D2,1,0
20837,0x10E6,242,255
20837,0x1410,224,32
20837,0x1413,226,176
20837,0x1419,230,234
20837,0x1427,14,2
20837,0x1433,1,5
20837,0x1435,73,71
20837,0x16D1,156,155
20837,0x16F8,42,40
20837,0x1711,156,155
20837,0x1735,2,16
20837,0x1739,42,40
20837,0x1751,178,176
20837,0x1764,249,251
20837,0x1766,2,3
20837,0x176C,147,138
20837,0x1778,14,12
20837,0x178D,1,2
20837,0x1791,178,176
20837,0x17A2,196,220
20837,0x17A4,198,222
20837,0x17AC,212,203
20837,0x17B5,2,16
20837,0x17B9,26,24
20837,0x1810,216,64
20837,0x1811,246,243
20837,0x1826,241,239
20837,0x1835,178,176
20837,0x1838,49,47
20839,0x0000,74,192
20839,0x0001,176,252
20839,0x0002,2,4
20839,0x0020,243,227
20839,0x0022,96,88
20839,0x0024,0,128
20839,0x0025,0,2
20839,0x0026,105,34
20839,0x0028,40,34
20839,0x0029,2,0
20839,0x002B,2,0
20839,0x002C,160,112
20839,0x0069,77,79
20839,0x006B,7,9
20839,0x0071,116,120
20839,0x0072,118,120
20839,0x007B,110,111
20839,0x0098,64,0
20839,0x009B,64,0
20839,0x009F,64,0
20839,0x00AD,222,224
20839,0x00CA,1,0
20839,0x00CD,24,27
20839,0x00CE,189,195
20839,0x00CF,110,120
20839,0x00D0,32,46
20839,0x00D7,48,51
20839,0x00DA,16,17
20839,0x00FA,64,0
20839,0x00FC,64,0
20839,0x0174,23,52
20839,0x0175,52,36
20839,0x0176,107,177
20839,0x0177,176,145
20839,0x040E,48,49
20839,0x041E,48,51
20839,0x0900,130,129
20839,0x0904,146,145
20839,0x0908,151,149
20839,0x090C,167,165
20839,0x0918,234,124
20839,0x091C,226,116
20839,0x0920,102,138
20839,0x0921,108,79
20839,0x0922,9,236
20839,0x0924,94,154
20839,0x0925,108,176
20839,0x0926,8,138
20839,0x0927,34,45
20839,0x0928,139,138
20839,0x0929,79,176
20839,0x092A,236,136
20839,0x092B,34,45
20839,0x092C,155,174
20839,0x092D,176,188
20839,0x0930,139,158
20839,0x0931,176,188
20839,0x0934,176,243
20839,0x0935,188,88
20839,0x0936,138,128
20839,0x0937,45,98
20839,0x0938,160,243
20839,0x0939,188,104
20839,0x093A,136,162
20839,0x093B,45,34
20839,0x093D,96,104
20839,0x093E,2,160
20839,0x093F,105,34
20839,0x0940,243,227
20839,0x0941,96,88
20839,0x0942,0,128
20839,0x0943,105,34
20839,0x0944,96,80
20839,0x0946,2,0
20839,0x0B02,160,170
20839,0x0B26,110,111
20839,0x0B28,220,222
20839,0x0B86,110,111
20839,0x0B88,220,222
20839,0x0C56,37,44
20839,0x0C57,224,115
20839,0x0F99,110,111
20839,0x0F9D,110,111
20839,0x0FD1,110,111
20839,0x0FF0,110,111
20839,0x103B,2,0
20839,0x103C,10,8
20839,0x1080,200,0
20839,0x1081,175,225
20839,0x10A2,65,227
20839,0x10A4,67,229
20839,0x10A6,243,1
20839,0x10AC,17,45
20839,0x10D1,102,124
20839,0x10E6,255,253
20839,0x1410,32,96
20839,0x1411,147,146
20839,0x1413,176,134
20839,0x1419,234,238
20839,0x1433,5,3
20839,0x1435,71,69
20839,0x16D1,155,154
20839,0x16F8,40,38
20839,0x1711,155,154
20839,0x1735,16,14
20839,0x1739,40,38
20839,0x1751,176,174
20839,0x1766,3,1
20839,0x1778,12,10
20839,0x1791,176,174
20839,0x17B5,16,14
20839,0x17B9,24,22
20839,0x1800,200,208
20839,0x1801,74,192
20839,0x1802,176,252
20839,0x1803,2,4
20839,0x1808,3,255
20839,0x1820,154,146
20839,0x1822,220,213
20839,0x1823,8,11
20839,0x1824,222,215
20839,0x1825,8,11
20839,0x1826,239,2
20839,0x1827,8,2
20839,0x1828,0,128
20839,0x1829,1,0
20839,0x182A,238,164
20839,0x182C,124,201
20839,0x182D,12,41
20839,0x1830,1,25
20839,0xFFFF,187,189
20841,0x0004,54,56
20841,0x0020,227,226
20841,0x0024,128,132
20841,0x0069,79,81
20841,0x006B,9,11
20841,0x007B,111,112
20841,0x00AD,224,226
20841,0x00CD,27,30
20841,0x00CE,195,201
20841,0x00CF,120,130
20841,0x00D0,46,60
20841,0x02FD,39,41
20841,0x0501,155,87
20841,0x0502,86,94
20841,0x0503,20,4
20841,0x0508,77,23
20841,0x0509,81,84
20841,0x050B,20,4
20841,0x050F,154,142
20841,0x0510,86,90
20841,0x0512,40,24
20841,0x0516,140,78
20841,0x0517,90,81
20841,0x0519,32,44
20841,0x051D,76,156
20841,0x051E,81,86
20841,0x0520,52,64
20841,0x0600,0,116
20841,0x0601,0,16
20841,0x0602,0,118
20841,0x0603,0,16
20841,0x0608,83,0
20841,0x0609,63,0
20841,0x060A,37,177
20841,0x060B,63,26
20841,0x060C,59,142
20841,0x060D,63,26
20841,0x060E,75,0
20841,0x060F,63,0
20841,0x0614,0,146
20841,0x0615,0,90
20841,0x0616,0,162
20841,0x0617,0,90
20841,0x0618,0,9
20841,0x0619,0,13
20841,0x061A,0,191
20841,0x061B,0,12
20841,0x061C,0,95
20841,0x061D,0,16
20841,0x061E,0,153
20841,0x061F,0,17
20841,0x0620,0,11
20841,0x0621,0,16
20841,0x0622,0,11
20841,0x0623,13,16
20841,0x0624,1,30
20841,0x0625,13,17
20841,0x0626,2,46
20841,0x0627,13,17
20841,0x0628,0,116
20841,0x0629,0,16
20841,0x062A,0,117
20841,0x062B,0,16
20841,0x0630,82,0
20841,0x0631,63,0
20841,0x0632,36,0
20841,0x0633,63,0
20841,0x0634,58,0
20841,0x0635,63,0
20841,0x0636,74,0
20841,0x0637,63,0
20841,0x063C,0,233
20841,0x063D,0,12
20841,0x063E,0,249
20841,0x063F,0,12
20841,0x0642,223,0
20841,0x0643,12,0
20841,0x0644,239,0
20841,0x0645,12,0
20841,0x0646,255,0
20841,0x0647,12,0
20841,0x0648,0,82
20841,0x0649,0,63
20841,0x064A,0,36
20841,0x064B,0,63
20841,0x064C,0,58
20841,0x064D,0,63
20841,0x064E,0,74
20841,0x064F,0,63
20841,0x0650,82,0
20841,0x0651,63,0
20841,0x0652,36,0
20841,0x0653,63,0
20841,0x0900,129,128
20841,0x0904,145,144
20841,0x0908,149,147
20841,0x090C,165,163
20841,0x0918,124,146
20841,0x091C,116,138
20841,0x0920,138,137
20841,0x0924,154,153
20841,0x0928,138,137
20841,0x092C,174,172
20841,0x092E,138,130
20841,0x0930,158,156
20841,0x0932,136,128
20841,0x0934,243,242
20841,0x0935,88,104
20841,0x0936,128,166
20841,0x0937,98,34
20841,0x0938,243,226
20841,0x093A,162,164
20841,0x093C,227,242
20841,0x093D,104,88
20841,0x093E,160,134
20841,0x0940,227,226
20841,0x0942,128,132
20841,0x0B22,91,92
20841,0x0B24,183,184
20841,0x0B26,111,112
20841,0x0B28,222,224
20841,0x0B82,91,92
20841,0x0B84,183,184
20841,0x0B86,111,112
20841,0x0B88,222,224
20841,0x0F99,111,112
20841,0x0F9D,111,112
20841,0x0FD1,111,112
20841,0x0FF0,111,112
20841,0x103C,8,6
20841,0x10D1,124,146
20841,0x10E6,253,251
20841,0x1410,96,160
20841,0x1411,146,145
20841,0x1413,134,100
20841,0x1419,238,242
20841,0x1433,3,1
20841,0x1435,69,67
20841,0x16D1,154,153
20841,0x16F8,38,36
20841,0x1711,154,153
20841,0x1735,14,12
20841,0x1739,38,36
20841,0x1751,174,172
20841,0x1764,251,247
20841,0x1766,1,2
20841,0x176C,138,147
20841,0x176D,43,12
20841,0x1778,10,8
20841,0x1791,174,172
20841,0x17B5,14,12
20841,0x17B9,22,20
20841,0x1811,243,242
20841,0x1824,215,217
20841,0x1826,2,3
20841,0x182C,201,161
20841,0x182D,41,42
20841,0x1830,25,23
20843,0x0020,226,225
20843,0x0069,81,83
20843,0x006B,11,13
20843,0x007B,112,113
20843,0x0098,0,64
20843,0x009B,0,64
20843,0x009F,0,64
20843,0x00AD,226,228
20843,0x00CD,30,33
20843,0x00CE,201,207
20843,0x00CF,130,140
20843,0x00D0,60,74
20843,0x00FA,0,64
20843,0x00FC,0,64
20843,0x0900,128,127
20843,0x0904,144,143
20843,0x0908,147,145
20843,0x090C,163,161
20843,0x0918,146,168
20843,0x091C,138,160
20843,0x0920,137,136
20843,0x0923,34,46
20843,0x0924,153,152
20843,0x0928,137,136
20843,0x092C,172,170
20843,0x092E,130,134
20843,0x0930,156,154
20843,0x0932,128,132
20843,0x0934,242,241
20843,0x0938,226,225
20843,0x093C,242,241
20843,0x0940,226,225
20843,0x0B26,112,113
20843,0x0B28,224,226
20843,0x0B86,112,113
20843,0x0B88,224,226
20843,0x0F99,112,113
20843,0x0F9D,112,113
20843,0x0FD1,112,113
20843,0x0FF0,112,113
20843,0x103C,6,4
20843,0x10D1,146,168
20843,0x10E6,251,249
20843,0x1410,160,224
20843,0x1411,145,144
20843,0x1413,100,74
20843,0x1419,242,246
20843,0x1427,2,14
20843,0x1435,67,65
20843,0x16D1,153,152
20843,0x16F8,36,34
20843,0x1711,153,152
20843,0x1735,12,10
20843,0x1739,36,34
20843,0x1751,172,170
20843,0x1764,247,249
20843,0x1766,2,3
20843,0x176D,12,43
20843,0x1778,8,6
20843,0x1791,172,170
20843,0x17B5,12,10
20843,0x17B9,20,18
20843,0x1811,242,241
20843,0x1826,3,1
20843,0x1830,23,21
20845,0x0020,225,224
20845,0x0024,132,136
20845,0x0069,83,85
20845,0x006B,13,15
20845,0x007B,113,114
20845,0x0098,64,0
20845,0x009B,64,0
20845,0x009F,64,0
20845,0x00AD,228,230
20845,0x00CD,33,36
20845,0x00CE,207,213
20845,0x00CF,140,150
20845,0x00D0,74,88
20845,0x00FA,64,0
20845,0x00FC,64,0
20845,0x02FD,41,39
20845,0x0900,127,126
20845,0x0904,143,142
20845,0x0908,145,143
20845,0x090C,161,159
20845,0x0918,168,190
20845,0x091C,160,182
20845,0x0923,46,34
20845,0x0924,152,151
20845,0x0928,136,135
20845,0x092C,170,168
20845,0x0930,154,152
20845,0x0934,241,240
20845,0x0936,166,170
20845,0x0938,225,224
20845,0x093A,164,168
20845,0x093C,241,240
20845,0x093E,134,138
20845,0x0940,225,224
20845,0x0942,132,136
20845,0x0B24,184,185
20845,0x0B26,113,114
20845,0x0B28,226,228
20845,0x0B84,184,185
20845,0x0B86,113,114
20845,0x0B88,226,228
20845,0x0F99,113,114
20845,0x0F9D,113,114
20845,0x0FD1,113,114
20845,0x0FF0,113,114
20845,0x103C,4,2
20845,0x10D1,168,190
20845,0x10E6,249,247
20845,0x1410,224,32
20845,0x1413,74,56
20845,0x1419,246,250
20845,0x1427,14,2
20845,0x1433,1,5
20845,0x1435,65,63
20845,0x16D1,152,151
20845,0x16F8,34,32
20845,0x1711,152,151
20845,0x1735,10,8
20845,0x1739,34,32
20845,0x1751,170,168
20845,0x1766,3,1
20845,0x1778,6,4
20845,0x1791,170,168
20845,0x17B5,10,8
20845,0x17B9,18,16
20845,0x1811,241,240
20845,0x1824,217,219
20845,0x1826,1,2
20845,0x182C,161,144
20845,0x1830,21,19
20847,0x0020,224,223
20847,0x0024,136,140
20847,0x0069,85,87
20847,0x006B,15,17
20847,0x007B,114,115
20847,0x00AD,230,232
20847,0x00CD,36,39
20847,0x00CE,213,219
20847,0x00CF,150,160
20847,0x00D0,88,102
20847,0x0900,126,125
20847,0x0904,142,141
20847,0x0908,143,141
20847,0x090C,159,157
20847,0x0918,190,212
20847,0x091C,182,204
20847,0x0920,136,135
20847,0x0924,151,150
20847,0x0928,135,134
20847,0x092C,168,166
20847,0x092E,134,138
20847,0x0930,152,150
20847,0x0932,132,136
20847,0x0934,240,239
20847,0x0936,170,174
20847,0x0938,224,223
20847,0x093A,168,172
20847,0x093C,240,239
20847,0x093E,138,142
20847,0x0940,224,223
20847,0x0942,136,140
20847,0x0B26,114,115
20847,0x0B28,228,230
20847,0x0B86,114,115
20847,0x0B88,228,230
20847,0x0F99,114,115
20847,0x0F9D,114,115
20847,0x0FD1,114,115
20847,0x0FF0,114,115
20847,0x103C,2,0
20847,0x10D1,190,212
20847,0x10E6,247,245
20847,0x1410,32,96
20847,0x1411,144,143
20847,0x1413,56,46
20847,0x1419,250,254
20847,0x1433,5,3
20847,0x1435,63,61
20847,0x16D1,151,150
20847,0x16F8,32,30
20847,0x1711,151,150
20847,0x1735,8,6
20847,0x1739,32,30
20847,0x1751,168,166
20847,0x1764,249,251
20847,0x1766,1,2
20847,0x176C,147,138
20847,0x1778,4,2
20847,0x1791,168,166
20847,0x17B5,8,6
20847,0x17B9,16,14
20847,0x1811,240,239
20847,0x1824,219,221
20847,0x1826,2,4
20847,0x182C,144,127
20847,0x1830,19,17
20849,0x0004,56,58
20849,0x0020,223,222
20849,0x002A,2,32
20849,0x0069,87,89
20849,0x006B,17,19
20849,0x0072,120,122
20849,0x007B,115,116
20849,0x0098,0,64
20849,0x009B,0,64
20849,0x009F,0,64
20849,0x00AD,232,234
20849,0x00B7,17,19
20849,0x00BF,152,160
20849,0x00C2,11,12
20849,0x00CA,0,1
20849,0x00CD,39,42
20849,0x00CE,219,225
20849,0x00CF,160,170
20849,0x00D0,102,116
20849,0x00D1,0,1
20849,0x00FA,0,64
20849,0x00FC,0,64
20849,0x0172,0,144
20849,0x0173,128,229
20849,0x0175,36,52
20849,0x0176,177,240
20849,0x0177,145,175
20849,0x0501,87,157
20849,0x0502,94,86
20849,0x0503,4,20
20849,0x0600,116,0
20849,0x0601,16,0
20849,0x0602,118,0
20849,0x0603,16,0
20849,0x0608,0,83
20849,0x0609,0,63
20849,0x060A,177,37
20849,0x060B,26,63
20849,0x060C,142,59
20849,0x060D,26,63
20849,0x060E,0,75
20849,0x060F,0,63
20849,0x0874,86,222
20849,0x0875,1,42
20849,0x0876,222,86
20849,0x0877,42,1
20849,0x0894,14,22
20849,0x0895,58,91
20849,0x0896,22,14
20849,0x0897,91,58
20849,0x0900,125,124
20849,0x0904,141,140
20849,0x0908,141,140
20849,0x090C,157,156
20849,0x0918,212,102
20849,0x091C,204,94
20849,0x0920,135,234
20849,0x0921,79,108
20849,0x0922,236,9
20849,0x0924,150,226
20849,0x0925,176,108
20849,0x0926,138,8
20849,0x0927,45,34
20849,0x0929,176,79
20849,0x092A,136,236
20849,0x092B,45,34
20849,0x092C,166,149
20849,0x092D,188,176
20849,0x0930,150,133
20849,0x0931,188,176
20849,0x0934,239,165
20849,0x0935,104,188
20849,0x0936,174,138
20849,0x0937,34,45
20849,0x0938,223,149
20849,0x0939,104,188
20849,0x093A,172,136
20849,0x093B,34,45
20849,0x093C,239,238
20849,0x093D,88,104
20849,0x093E,142,174
20849,0x0940,223,222
20849,0x0941,88,104
20849,0x0942,140,172
20849,0x0944,80,238
20849,0x0945,224,88
20849,0x0946,0,142
20849,0x0947,32,34
20849,0x0948,80,222
20849,0x0949,224,88
20849,0x094A,0,140
20849,0x094B,32,34
20849,0x0B02,170,160
20849,0x0B04,2,42
20849,0x0B22,92,93
20849,0x0B24,185,186
20849,0x0B26,115,116
20849,0x0B28,230,232
20849,0x0B82,92,93
20849,0x0B84,185,186
20849,0x0B86,115,116
20849,0x0B88,230,232
20849,0x0F99,115,116
20849,0x0F9D,115,116
20849,0x0FD1,115,116
20849,0x0FF0,115,116
20849,0x103B,0,2
20849,0x103C,0,10
20849,0x1080,0,200
20849,0x1081,225,175
20849,0x1091,234,102
20849,0x10A2,227,65
20849,0x10A4,229,67
20849,0x10A6,1,255
20849,0x10AC,45,17
20849,0x10D1,212,234
20849,0x10E6,245,243
20849,0x1410,96,160
20849,0x1411,143,142
20849,0x1413,46,44
20849,0x1419,254,2
20849,0x141A,255,0
20849,0x141B,255,0
20849,0x1433,3,1
20849,0x1435,61,59
20849,0x16D1,150,149
20849,0x16F8,30,28
20849,0x1711,150,149
20849,0x1735,6,4
20849,0x1739,30,28
20849,0x1740,200,216
20849,0x1741,240,219
20849,0x1742,144,145
20849,0x1751,166,165
20849,0x1766,2,1
20849,0x1778,2,60
20849,0x1791,166,165
20849,0x17B5,6,4
20849,0x17B9,14,12
20849,0x17C0,0,136
20849,0x17C1,192,74
20849,0x17C2,252,176
20849,0x17C3,4,2
20849,0x17C8,255,3
20849,0x17D0,212,0
20849,0x17D1,242,16
20849,0x17D2,0,1
20849,0x17E0,146,154
20849,0x17E7,2,8
20849,0x17E8,128,0
20849,0x17E9,0,1
20849,0x17EA,164,238
20849,0x17F0,0,1
20849,0x17F5,183,192
20849,0x17F8,54,0
20849,0x17FA,148,145
20849,0x1811,239,238
20849,0x1826,4,2
20849,0x1830,17,15
20851,0x0020,222,221
20851,0x0024,140,192
20851,0x0025,2,1
20851,0x0069,89,91
20851,0x006B,19,21
20851,0x0071,120,122
20851,0x007B,116,117
20851,0x0098,64,0
20851,0x009B,64,0
20851,0x009F,64,0
20851,0x00AD,234,236
20851,0x00CD,42,45
20851,0x00CE,225,231
20851,0x00CF,170,180
20851,0x00D0,116,130
20851,0x00FA,64,0
20851,0x00FC,64,0
20851,0x0172,144,36
20851,0x0173,229,52
20851,0x0176,240,107
20851,0x0177,175,176
20851,0x017D,52,116
20851,0x02FD,39,41
20851,0x0874,222,86
20851,0x0875,42,1
20851,0x0876,86,222
20851,0x0877,1,42
20851,0x0894,22,14
20851,0x0895,91,58
20851,0x0896,14,22
20851,0x0897,58,91
20851,0x0900,124,123
20851,0x0904,140,139
20851,0x0908,140,139
20851,0x090C,156,155
20851,0x0918,102,124
20851,0x091C,94,116
20851,0x0920,234,133
20851,0x0921,108,79
20851,0x0922,9,236
20851,0x0923,34,46
20851,0x0924,226,148
20851,0x0925,108,176
20851,0x0926,8,138
20851,0x0927,34,45
20851,0x0928,134,132
20851,0x0929,79,176
20851,0x092A,236,136
20851,0x092B,34,45
20851,0x092C,149,164
20851,0x092D,176,188
20851,0x0930,133,148
20851,0x0931,176,188
20851,0x0934,165,252
20851,0x0935,188,96
20851,0x0936,138,2
20851,0x0937,45,105
20851,0x0938,149,12
20851,0x0939,188,96
20851,0x093A,136,0
20851,0x093B,45,105
20851,0x093C,238,237
20851,0x093D,104,88
20851,0x093E,174,192
20851,0x093F,34,98
20851,0x0940,222,237
20851,0x0942,172,226
20851,0x0944,238,221
20851,0x0945,88,104
20851,0x0946,142,224
20851,0x0948,222,221
20851,0x094A,140,192
20851,0x0B02,160,170
20851,0x0B03,170,186
20851,0x0B26,116,117
20851,0x0B28,232,234
20851,0x0B86,116,117
20851,0x0B88,232,234
20851,0x0F99,116,117
20851,0x0F9D,116,117
20851,0x0FD1,116,117
20851,0x0FF0,116,117
20851,0x103B,2,0
20851,0x103C,10,8
20851,0x1091,102,124
20851,0x10A6,255,253
20851,0x10C0,200,0
20851,0x10D1,234,0
20851,0x10D2,0,1
20851,0x10E6,243,242
20851,0x1410,160,224
20851,0x1411,142,141
20851,0x1413,44,50
20851,0x1419,2,6
20851,0x1427,2,14
20851,0x1435,59,57
20851,0x16D1,149,148
20851,0x16F8,28,26
20851,0x1711,149,148
20851,0x1735,4,2
20851,0x1739,28,26
20851,0x1751,165,164
20851,0x1778,60,58
20851,0x1791,165,164
20851,0x17B5,4,2
20851,0x17B9,12,10
20851,0x17C0,136,200
20851,0x17D0,0,104
20851,0x17D1,16,12
20851,0x17E2,213,220
20851,0x17E3,11,8
20851,0x17E4,227,222
20851,0x17E5,11,8
20851,0x17E6,251,253
20851,0x17EC,76,124
20851,0x17ED,42,12
20851,0x17F5,192,190
20851,0x17F8,0,61
20851,0x17FA,145,148
20851,0x1811,238,237
20851,0x1824,221,223
20851,0x1826,2,4
20851,0x182C,127,110
20851,0x1830,15,13
20851,0xFFFF,189,190
20853,0x0020,221,220
20853,0x0025,1,0
20853,0x0029,0,2
20853,0x002B,0,2
20853,0x002C,112,152
20853,0x0069,91,93
20853,0x006B,21,23
20853,0x007B,117,118
20853,0x00AD,236,238
20853,0x00CD,45,48
20853,0x00CE,231,237
20853,0x00CF,180,190
20853,0x00D0,130,144
20853,0x0173,52,128
20853,0x0174,52,23
20853,0x017D,116,52
20853,0x0874,86,222
20853,0x0875,1,42
20853,0x0876,222,86
20853,0x0877,42,1
20853,0x0894,14,22
20853,0x0895,58,91
20853,0x0896,22,14
20853,0x0897,91,58
20853,0x0900,123,122
20853,0x0904,139,138
20853,0x0908,139,138
20853,0x090C,155,154
20853,0x0918,124,146
20853,0x091C,116,138
20853,0x0923,46,34
20853,0x0924,148,147
20853,0x0928,132,131
20853,0x092C,164,163
20853,0x0930,148,147
20853,0x0934,252,248
20853,0x0938,12,8
20853,0x093C,237,236
20853,0x0940,237,236
20853,0x0944,221,220
20853,0x0948,221,220
20853,0x0B24,186,187
20853,0x0B26,117,118
20853,0x0B28,234,236
20853,0x0B84,186,187
20853,0x0B86,117,118
20853,0x0B88,234,236
20853,0x0F99,117,118
20853,0x0F9D,117,118
20853,0x0FD1,117,118
20853,0x0FF0,117,118
20853,0x103C,8,6
20853,0x1091,124,146
20853,0x10A6,253,251
20853,0x1410,224,32
20853,0x1413,50,64
20853,0x1419,6,10
20853,0x1427,14,2
20853,0x1433,1,5
20853,0x1435,57,55
20853,0x16D1,148,147
20853,0x16F8,26,24
20853,0x1711,148,147
20853,0x1735,2,16
20853,0x1739,26,24
20853,0x1751,164,163
20853,0x1778,58,56
20853,0x1791,164,163
20853,0x17B5,2,16
20853,0x17B9,10,8
20853,0x17D0,104,208
20853,0x17D1,12,8
20853,0x17E6,253,251
20853,0x17F5,190,188
20853,0x17F8,61,59
20853,0x1811,237,236
20853,0x1826,4,2
20853,0x1830,13,11
20855,0x0020,220,219
20855,0x0024,192,196
20855,0x0025,0,2
20855,0x0029,2,0
20855,0x002B,2,0
20855,0x002C,152,112
20855,0x0069,93,95
20855,0x006B,23,25
20855,0x007B,118,119
20855,0x0098,0,64
20855,0x009B,0,64
20855,0x009F,0,64
20855,0x00AD,238,240
20855,0x00CD,48,51
20855,0x00CE,237,243
20855,0x00CF,190,200
20855,0x00D0,144,158
20855,0x00FA,0,64
20855,0x00FC,0,64
20855,0x0174,23,52
20855,0x02FD,41,39
20855,0x0874,222,86
20855,0x0875,42,1
20855,0x0876,86,222
20855,0x0877,1,42
20855,0x0894,22,14
20855,0x0895,91,58
20855,0x0896,14,22
20855,0x0897,58,91
20855,0x0900,122,121
20855,0x0904,138,137
20855,0x0908,138,137
20855,0x090C,154,153
20855,0x0918,146,168
20855,0x091C,138,160
20855,0x0920,133,132
20855,0x0924,147,146
20855,0x0928,131,130
20855,0x092C,163,162
20855,0x0930,147,146
20855,0x0934,248,245
20855,0x0938,8,5
20855,0x093C,236,235
20855,0x093D,88,104
20855,0x093E,192,230
20855,0x093F,98,34
20855,0x0940,236,235
20855,0x0941,104,88
20855,0x0942,226,196
20855,0x0943,34,98
20855,0x0944,220,219
20855,0x0946,224,228
20855,0x0948,220,219
20855,0x094A,192,196
20855,0x0B26,118,119
20855,0x0B28,236,238
20855,0x0B86,118,119
20855,0x0B88,236,238
20855,0x0F99,118,119
20855,0x0F9D,118,119
20855,0x0FD1,118,119
20855,0x0FF0,118,119
20855,0x103C,6,4
20855,0x1091,146,168
20855,0x10A6,251,249
20855,0x1410,32,96
20855,0x1411,141,140
20855,0x1413,64,86
20855,0x1419,10,14
20855,0x1433,5,3
20855,0x1435,55,53
20855,0x16D1,147,146
20855,0x16F8,24,22
20855,0x1711,147,146
20855,0x1735,16,14
20855,0x1739,24,22
20855,0x1751,163,162
20855,0x1778,56,54
20855,0x1791,163,162
20855,0x17B5,16,14
20855,0x17B9,8,6
20855,0x17D0,208,56
20855,0x17D1,8,5
20855,0x17E6,251,249
20855,0x17F5,188,186
20855,0x17F8,59,57
20855,0x1811,236,235
20855,0x1824,223,225
20855,0x1826,2,4
20855,0x182C,110,93
20855,0x1830,11,9
20857,0x0004,58,60
20857,0x0020,219,218
20857,0x0069,95,97
20857,0x006B,25,27
20857,0x007B,119,120
20857,0x0098,64,0
20857,0x009B,64,0
20857,0x009F,64,0
20857,0x00AD,240,242
20857,0x00CD,51,54
20857,0x00CE,243,249
20857,0x00CF,200,210
20857,0x00D0,158,172
20857,0x00FA,64,0
20857,0x00FC,64,0
20857,0x02FD,39,41
20857,0x0501,157,143
20857,0x0502,86,90
20857,0x0508,23,79
20857,0x0509,84,81
20857,0x050B,4,20
20857,0x050F,142,158
20857,0x0510,90,86
20857,0x0512,24,40
20857,0x0600,0,10
20857,0x0601,0,13
20857,0x0602,0,207
20857,0x0603,0,12
20857,0x0604,0,217
20857,0x0605,0,16
20857,0x0606,0,154
20857,0x0607,0,17
20857,0x0608,83,11
20857,0x0609,63,16
20857,0x060A,37,11
20857,0x060B,63,16
20857,0x060C,59,31
20857,0x060D,63,17
20857,0x060E,75,47
20857,0x060F,63,17
20857,0x0610,0,116
20857,0x0611,0,16
20857,0x0612,0,118
20857,0x0613,0,16
20857,0x0614,146,0
20857,0x0615,90,0
20857,0x0616,162,21
20857,0x0617,90,13
20857,0x0618,9,0
20857,0x0619,13,0
20857,0x061A,191,0
20857,0x061B,12,0
20857,0x061C,95,16
20857,0x061D,16,13
20857,0x061E,153,32
20857,0x061F,17,13
20857,0x0620,11,3
20857,0x0621,16,13
20857,0x0622,11,218
20857,0x0623,16,12
20857,0x0624,30,234
20857,0x0625,17,12
20857,0x0626,46,250
20857,0x0627,17,12
20857,0x0628,116,0
20857,0x0629,16,0
20857,0x062A,117,0
20857,0x062B,16,0
20857,0x0630,0,82
20857,0x0631,0,63
20857,0x0632,0,36
20857,0x0633,0,63
20857,0x0634,0,58
20857,0x0635,0,63
20857,0x0874,86,222
20857,0x0875,1,42
20857,0x0876,222,86
20857,0x0877,42,1
20857,0x0894,14,22
20857,0x0895,58,91
20857,0x0896,22,14
20857,0x0897,91,58
20857,0x0900,121,120
20857,0x0904,137,136
20857,0x0908,137,136
20857,0x090C,153,152
20857,0x0918,168,190
20857,0x091C,160,182
20857,0x0920,132,131
20857,0x0924,146,145
20857,0x0928,130,129
20857,0x092C,162,161
20857,0x0930,146,145
20857,0x0934,245,241
20857,0x0938,5,1
20857,0x093C,235,234
20857,0x0940,235,234
20857,0x0944,219,218
20857,0x0948,219,218
20857,0x0B22,93,94
20857,0x0B24,187,188
20857,0x0B26,119,120
20857,0x0B28,238,240
20857,0x0B82,93,94
20857,0x0B84,187,188
20857,0x0B86,119,120
20857,0x0B88,238,240
20857,0x0F99,119,120
20857,0x0F9D,119,120
20857,0x0FD1,119,120
20857,0x0FF0,119,120
20857,0x103C,4,2
20857,0x1091,168,190
20857,0x10A6,249,247
20857,0x1410,96,160
20857,0x1411,140,139
20857,0x1413,86,116
20857,0x1419,14,18
20857,0x1433,3,1
20857,0x1435,53,51
20857,0x16D1,146,145
20857,0x16F8,22,20
20857,0x1711,146,145
20857,0x1735,14,12
20857,0x1739,22,20
20857,0x1751,162,161
20857,0x1778,54,52
20857,0x1791,162,161
20857,0x17B5,14,12
20857,0x17B9,6,4
20857,0x17D0,56,160
20857,0x17D1,5,1
20857,0x17E6,249,247
20857,0x17F5,186,184
20857,0x17F8,57,55
20857,0x1811,235,234
20857,0x1826,4,2
20857,0x1830,9,7
20859,0x0020,218,217
20859,0x0024,196,130
20859,0x0069,97,99
20859,0x006B,27,29
20859,0x007B,120,121
20859,0x00AD,242,244
20859,0x00CD,54,57
20859,0x00CE,249,255
20859,0x00CF,210,220
20859,0x00D0,172,186
20859,0x0874,222,86
20859,0x0875,42,1
20859,0x0876,86,222
20859,0x0877,1,42
20859,0x0894,22,14
20859,0x0895,91,58
20859,0x0896,14,22
20859,0x0897,58,91
20859,0x0900,120,119
20859,0x0904,136,135
20859,0x0908,136,135
20859,0x090C,152,151
20859,0x0918,190,212
20859,0x091C,182,204
20859,0x0920,131,130
20859,0x0923,34,46
20859,0x0924,145,144
20859,0x0928,129,128
20859,0x092C,161,160
20859,0x0930,145,144
20859,0x0934,241,238
20859,0x0938,1,254
20859,0x093C,234,233
20859,0x093E,230,194
20859,0x093F,34,98
20859,0x0940,234,217
20859,0x0941,88,104
20859,0x0942,196,194
20859,0x0943,98,34
20859,0x0944,218,233
20859,0x0945,104,88
20859,0x0946,228,130
20859,0x0947,34,98
20859,0x0948,218,217
20859,0x094A,196,130
20859,0x0B03,186,170
20859,0x0B26,120,121
20859,0x0B28,240,242
20859,0x0B86,120,121
20859,0x0B88,240,242
20859,0x0F99,120,121
20859,0x0F9D,120,121
20859,0x0FD1,120,121
20859,0x0FF0,120,121
20859,0x103C,2,0
20859,0x1091,190,212
20859,0x10A6,247,245
20859,0x1410,160,224
20859,0x1411,139,138
20859,0x1413,116,154
20859,0x1419,18,22
20859,0x1427,2,14
20859,0x1435,51,49
20859,0x16D1,145,144
20859,0x16F8,20,18
20859,0x1711,145,144
20859,0x1735,12,10
20859,0x1739,20,18
20859,0x1751,161,160
20859,0x1778,52,50
20859,0x1791,161,160
20859,0x17B5,12,10
20859,0x17B9,4,2
20859,0x17D0,160,8
20859,0x17D1,1,254
20859,0x17D2,1,0
20859,0x17E6,247,245
20859,0x17F5,184,182
20859,0x17F8,55,53
20859,0x1811,234,233
20859,0x1824,225,227
20859,0x1826,2,255
20859,0x182C,93,76
20859,0x1830,7,5
20861,0x0020,217,216
20861,0x002A,32,2
20861,0x0069,99,101
20861,0x006B,29,31
20861,0x0072,122,124
20861,0x007B,121,122
20861,0x0098,0,64
20861,0x009B,0,64
20861,0x009F,0,64
20861,0x00AD,244,246
20861,0x00B7,19,21
20861,0x00CD,57,60
20861,0x00CE,255,5
20861,0x00CF,220,134
20861,0x00D0,186,200
20861,0x00D1,1,2
20861,0x00FA,0,64
20861,0x00FC,0,64
20861,0x0172,36,144
20861,0x0173,128,229
20861,0x0174,52,199
20861,0x02FD,41,39
20861,0x0874,86,222
20861,0x0875,1,42
20861,0x0876,222,86
20861,0x0877,42,1
20861,0x0894,14,22
20861,0x0895,58,91
20861,0x0896,22,14
20861,0x0897,91,58
20861,0x0900,119,118
20861,0x0904,135,134
20861,0x0908,135,134
20861,0x090C,151,150
20861,0x0918,212,234
20861,0x091C,204,226
20861,0x0920,130,102
20861,0x0921,79,108
20861,0x0922,236,9
20861,0x0923,46,34
20861,0x0924,144,94
20861,0x0925,176,108
20861,0x0926,138,8
20861,0x0927,45,34
20861,0x0928,128,130
20861,0x0929,176,79
20861,0x092A,136,236
20861,0x092B,45,34
20861,0x092C,160,143
20861,0x092D,188,176
20861,0x0930,144,127
20861,0x0931,188,176
20861,0x0934,238,159
20861,0x0935,96,188
20861,0x0936,2,138
20861,0x0937,105,45
20861,0x0938,254,143
20861,0x0939,96,188
20861,0x093A,0,136
20861,0x093B,105,45
20861,0x093C,233,234
20861,0x093D,104,96
20861,0x093E,194,2
20861,0x093F,98,105
20861,0x0940,217,250
20861,0x0941,104,96
20861,0x0942,194,0
20861,0x0943,34,105
20861,0x0944,233,232
20861,0x0945,88,104
20861,0x0946,130,194
20861,0x0948,217,216
20861,0x0949,88,104
20861,0x094A,130,194
20861,0x094C,96,232
20861,0x094D,224,88
20861,0x094E,2,130
20861,0x094F,32,98
20861,0x0950,80,216
20861,0x0951,224,88
20861,0x0952,0,130
20861,0x0953,32,34
20861,0x0B02,170,160
20861,0x0B04,42,170
20861,0x0B05,0,2
20861,0x0B24,188,189
20861,0x0B26,121,122
20861,0x0B28,242,244
20861,0x0B84,188,189
20861,0x0B86,121,122
20861,0x0B88,242,244
20861,0x0F99,121,122
20861,0x0F9D,121,122
20861,0x0FD1,121,122
20861,0x0FF0,121,122
20861,0x103B,0,2
20861,0x103C,0,10
20861,0x1091,212,234
20861,0x10A6,245,243
20861,0x10C0,0,200
20861,0x10D1,0,102
20861,0x10D2,1,0
20861,0x10E6,242,255
20861,0x1410,224,32
20861,0x1413,154,200
20861,0x1419,22,26
20861,0x1427,14,2
20861,0x1433,1,5
20861,0x1435,49,47
20861,0x16D1,144,143
20861,0x16F8,18,16
20861,0x1711,144,143
20861,0x1735,10,8
20861,0x1739,18,16
20861,0x1751,160,159
20861,0x1778,50,48
20861,0x1791,160,159
20861,0x17B5,10,8
20861,0x17B9,2,48
20861,0x17D0,8,112
20861,0x17D1,254,250
20861,0x17E6,245,243
20861,0x17F5,182,180
20861,0x17F8,53,51
20861,0x1811,233,232
20861,0x1826,255,253
20861,0x1830,5,3
20863,0x0020,216,215
20863,0x0025,2,1
20863,0x002A,2,8
20863,0x0069,101,103
20863,0x006B,31,33
20863,0x006E,0,34
20863,0x0071,122,124
20863,0x0072,124,126
20863,0x007B,122,123
20863,0x0098,64,0
20863,0x009B,64,0
20863,0x009F,64,0
20863,0x00AD,246,248
20863,0x00B7,21,22
20863,0x00CA,1,0
20863,0x00CD,60,63
20863,0x00CE,5,11
20863,0x00CF,134,144
20863,0x00D0,200,214
20863,0x00D7,51,54
20863,0x00DA,17,18
20863,0x00FA,64,0
20863,0x00FC,64,0
20863,0x0174,199,52
20863,0x0175,52,54
20863,0x0176,107,129
20863,0x0177,176,252
20863,0x017C,0,244
20863,0x02FD,39,41
20863,0x040E,49,50
20863,0x041E,51,54
20863,0x0874,222,86
20863,0x0875,42,1
20863,0x0876,86,222
20863,0x0877,1,42
20863,0x0894,22,14
20863,0x0895,91,58
20863,0x0896,14,22
20863,0x0897,58,91
20863,0x0900,118,117
20863,0x0904,134,133
20863,0x0908,134,133
20863,0x090C,150,149
20863,0x0918,234,237
20863,0x0919,108,104
20863,0x091A,9,46
20863,0x091C,226,124
20863,0x091E,8,9
20863,0x0920,102,116
20863,0x0922,9,8
20863,0x0924,94,129
20863,0x0925,108,79
20863,0x0926,8,236
20863,0x0928,130,142
20863,0x0929,79,176
20863,0x092A,236,138
20863,0x092B,34,45
20863,0x092C,143,126
20863,0x092E,138,136
20863,0x0930,127,158
20863,0x0931,176,188
20863,0x0932,136,138
20863,0x0934,159,142
20863,0x0936,138,136
20863,0x0938,143,248
20863,0x0939,188,88
20863,0x093A,136,128
20863,0x093B,45,98
20863,0x093C,234,248
20863,0x093D,96,104
20863,0x093E,2,162
20863,0x093F,105,34
20863,0x0940,250,232
20863,0x0941,96,104
20863,0x0942,0,160
20863,0x0943,105,34
20863,0x0945,104,88
20863,0x0946,194,128
20863,0x0947,98,34
20863,0x0948,216,231
20863,0x094B,34,98
20863,0x094C,232,215
20863,0x094D,88,104
20863,0x094E,130,194
20863,0x094F,98,34
20863,0x0950,216,231
20863,0x0953,34,98
20863,0x0954,143,215
20863,0x0955,224,88
20863,0x0956,121,130
20863,0x0957,61,34
20863,0x0B01,10,42
20863,0x0B02,160,168
20863,0x0B05,2,10
20863,0x0B26,122,123
20863,0x0B28,244,246
20863,0x0B86,122,123
20863,0x0B88,244,246
20863,0x0C5C,37,44
20863,0x0C5D,224,120
20863,0x0F99,122,123
20863,0x0F9D,122,123
20863,0x0FD1,122,123
20863,0x0FF0,122,123
20863,0x103B,2,0
20863,0x103C,10,8
20863,0x1080,200,192
20863,0x1081,175,225
20863,0x1091,234,245
20863,0x10A2,65,227
20863,0x10A4,67,229
20863,0x10A6,243,1
20863,0x10AC,17,45
20863,0x10D1,102,124
20863,0x10E6,255,253
20863,0x1410,32,96
20863,0x1411,138,137
20863,0x1413,200,254
20863,0x1419,26,30
20863,0x1433,5,3
20863,0x1435,47,45
20863,0x16D1,143,142
20863,0x16F8,16,14
20863,0x1711,143,142
20863,0x1735,8,6
20863,0x1739,16,14
20863,0x1751,159,158
20863,0x1778,48,46
20863,0x1791,159,158
20863,0x17B5,8,6
20863,0x17B9,48,46
20863,0x17C0,200,208
20863,0x17C1,74,192
20863,0x17C2,176,252
20863,0x17C3,2,4
20863,0x17C8,3,255
20863,0x17D0,112,164
20863,0x17D1,250,248
20863,0x17E0,154,146
20863,0x17E2,220,213
20863,0x17E3,8,11
20863,0x17E4,222,215
20863,0x17E5,8,11
20863,0x17E6,243,3
20863,0x17E7,8,2
20863,0x17E8,0,128
20863,0x17E9,1,0
20863,0x17EA,238,164
20863,0x17EC,124,201
20863,0x17ED,12,41
20863,0x17F0,1,26
20863,0x17F5,180,179
20863,0x17F8,51,50
20863,0x1811,232,231
20863,0x1826,253,251
20863,0x1830,3,1
20863,0xFFFF,190,191
20865,0x0004,60,62
20865,0x0020,215,231
20865,0x0024,130,128
20865,0x0025,1,2
20865,0x002A,8,2
20865,0x0069,103,105
20865,0x006B,33,35
20865,0x006E,34,0
20865,0x0071,124,126
20865,0x007B,123,124
20865,0x00AD,248,250
20865,0x00B7,22,17
20865,0x00CD,63,66
20865,0x00CE,11,17
20865,0x00CF,144,154
20865,0x00D0,214,228
20865,0x0175,54,52
20865,0x0176,129,197
20865,0x0177,252,250
20865,0x017C,244,0
20865,0x01B9,0,192
20865,0x01BA,24,23
20865,0x0501,143,159
20865,0x0502,90,86
20865,0x0600,10,0
20865,0x0601,13,0
20865,0x0602,207,0
20865,0x0603,12,0
20865,0x0604,217,0
20865,0x0605,16,0
20865,0x0606,154,67
20865,0x0607,17,63
20865,0x0608,11,68
20865,0x0609,16,63
20865,0x060A,11,37
20865,0x060B,16,63
20865,0x060C,31,59
20865,0x060D,17,63
20865,0x060E,47,50
20865,0x060F,17,63
20865,0x0610,116,0
20865,0x0611,16,0
20865,0x0612,118,0
20865,0x0613,16,0
20865,0x0900,117,116
20865,0x0904,133,132
20865,0x0908,133,132
20865,0x090C,149,148
20865,0x0918,237,146
20865,0x0919,104,108
20865,0x091A,46,9
20865,0x091C,124,138
20865,0x091E,9,8
20865,0x0920,116,128
20865,0x0921,108,80
20865,0x0922,8,236
20865,0x0924,129,141
20865,0x0925,79,176
20865,0x0926,236,138
20865,0x0927,34,45
20865,0x0928,142,125
20865,0x092A,138,136
20865,0x092C,126,157
20865,0x092D,176,188
20865,0x092E,136,138
20865,0x0930,158,141
20865,0x0932,138,136
20865,0x0934,142,247
20865,0x0935,188,88
20865,0x0936,136,128
20865,0x0937,45,98
20865,0x0938,248,247
20865,0x0939,88,104
20865,0x093A,128,162
20865,0x093B,98,34
20865,0x093C,248,231
20865,0x093E,162,160
20865,0x0940,232,231
20865,0x0941,104,88
20865,0x0942,160,128
20865,0x0945,88,224
20865,0x0949,104,224
20865,0x094D,104,224
20865,0x0951,88,224
20865,0x0955,88,224
20865,0x0B01,42,10
20865,0x0B02,168,170
20865,0x0B04,170,2
20865,0x0B05,10,0
20865,0x0B22,94,95
20865,0x0B24,189,190
20865,0x0B26,123,124
20865,0x0B28,246,248
20865,0x0B82,94,95
20865,0x0B84,189,190
20865,0x0B86,123,124
20865,0x0B88,246,248
20865,0x0F99,123,124
20865,0x0F9D,123,124
20865,0x0FD1,123,124
20865,0x0FF0,123,124
20865,0x103C,8,6
20865,0x1080,192,0
20865,0x10D1,124,146
20865,0x10E6,253,251
20865,0x1410,96,160
20865,0x1411,137,136
20865,0x1413,254,60
20865,0x1414,87,88
20865,0x1419,30,34
20865,0x1433,3,1
20865,0x1435,45,43
20865,0x16D1,142,141
20865,0x16F8,14,12
20865,0x1711,142,141
20865,0x1735,6,4
20865,0x1739,14,12
20865,0x1751,158,157
20865,0x1778,46,44
20865,0x1791,158,157
20865,0x17B5,6,4
20865,0x17B9,46,44
20865,0x17D1,248,247
20865,0x17E6,3,1
20865,0x17F0,26,24
20865,0x1800,208,0
20865,0x1811,231,230
20865,0x1830,1,0
20865,0xFFFF,191,192
20867,0x0020,231,230
20867,0x0024,128,132
20867,0x0069,105,107
20867,0x006B,35,37
20867,0x007B,124,125
20867,0x0098,0,64
20867,0x009B,0,64
20867,0x009F,0,64
20867,0x00AD,250,252
20867,0x00CD,66,69
20867,0x00CE,17,23
20867,0x00CF,154,164
20867,0x00D0,228,242
20867,0x00FA,0,64
20867,0x00FC,0,64
20867,0x0900,116,115
20867,0x0904,132,131
20867,0x0908,132,131
20867,0x090C,148,147
20867,0x0918,146,168
20867,0x091C,138,160
20867,0x0920,128,127
20867,0x0923,34,46
20867,0x0924,141,140
20867,0x0928,125,124
20867,0x092C,157,156
20867,0x0930,141,140
20867,0x0934,247,246
20867,0x0935,88,104
20867,0x0936,128,166
20867,0x0937,98,34
20867,0x0938,247,230
20867,0x093A,162,164
20867,0x093C,231,246
20867,0x093D,104,88
20867,0x093E,160,134
20867,0x0940,231,230
20867,0x0942,128,132
20867,0x0B26,124,125
20867,0x0B28,248,250
20867,0x0B86,124,125
20867,0x0B88,248,250
20867,0x0F99,124,125
20867,0x0F9D,124,125
20867,0x0FD1,124,125
20867,0x0FF0,124,125
20867,0x103C,6,4
20867,0x10D1,146,168
20867,0x10E6,251,249
20867,0x1410,160,224
20867,0x1411,136,135
20867,0x1413,60,130
20867,0x1419,34,38
20867,0x1427,2,14
20867,0x1435,43,41
20867,0x16D1,141,140
20867,0x16F8,12,10
20867,0x1711,141,140
20867,0x1735,4,2
20867,0x1739,12,10
20867,0x1751,157,156
20867,0x1778,44,42
20867,0x1791,157,156
20867,0x17B5,4,2
20867,0x17B9,44,42
20867,0x17D1,247,246
20867,0x17E4,215,217
20867,0x17E6,1,2
20867,0x17EC,201,161
20867,0x17ED,41,42
20867,0x17F0,24,22
20869,0x0020,230,229
20869,0x0024,132,136
20869,0x0025,2,0
20869,0x0029,0,1
20869,0x002B,0,2
20869,0x002C,112,152
20869,0x0069,107,109
20869,0x006B,37,39
20869,0x007B,125,126
20869,0x0098,64,0
20869,0x009B,64,0
20869,0x009F,64,0
20869,0x00AD,252,254
20869,0x00CD,69,72
20869,0x00CE,23,29
20869,0x00CF,164,174
20869,0x00D0,242,0
20869,0x00FA,64,0
20869,0x00FC,64,0
20869,0x0173,229,128
20869,0x0174,52,23
20869,0x0176,197,156
20869,0x0177,250,146
20869,0x017D,52,53
20869,0x02FD,41,39
20869,0x0900,115,114
20869,0x0904,131,130
20869,0x0908,131,130
20869,0x090C,147,146
20869,0x0918,168,190
20869,0x091C,160,182
20869,0x0923,46,34
20869,0x0924,140,139
20869,0x0928,124,123
20869,0x092C,156,155
20869,0x0930,140,139
20869,0x0934,246,245
20869,0x0936,166,170
20869,0x0938,230,229
20869,0x093A,164,168
20869,0x093C,246,245
20869,0x093E,134,138
20869,0x0940,230,229
20869,0x0942,132,136
20869,0x0B24,190,191
20869,0x0B26,125,126
20869,0x0B28,250,252
20869,0x0B84,190,191
20869,0x0B86,125,126
20869,0x0B88,250,252
20869,0x0F99,125,126
20869,0x0F9D,125,126
20869,0x0FD1,125,126
20869,0x0FF0,125,126
20869,0x103C,4,2
20869,0x10D1,168,190
20869,0x10E6,249,247
20869,0x1410,224,32
20869,0x1413,130,208
20869,0x1419,38,42
20869,0x1427,14,2
20869,0x1433,1,5
20869,0x1435,41,39
20869,0x16D1,140,139
20869,0x16F8,10,8
20869,0x1711,140,139
20869,0x1735,2,16
20869,0x1739,10,8
20869,0x1751,156,155
20869,0x1778,42,40
20869,0x1791,156,155
20869,0x17B5,2,16
20869,0x17B9,42,40
20869,0x17D1,246,245
20869,0x17E4,217,219
20869,0x17E6,2,3
20869,0x17EC,161,144
20869,0x17F0,22,20
20871,0x0020,229,228
20871,0x0025,0,2
20871,0x0029,1,0
20871,0x002B,2,0
20871,0x002C,152,112
20871,0x0069,109,111
20871,0x006B,39,41
20871,0x007B,126,127
20871,0x00AD,254,0
20871,0x00CD,72,52
20871,0x00CE,29,233
20871,0x00CF,174,198
20871,0x00D0,0,14
20871,0x0174,23,52
20871,0x0176,156,197
20871,0x0177,146,250
20871,0x0900,114,113
20871,0x0904,130,129
20871,0x0908,130,129
20871,0x090C,146,145
20871,0x0918,190,212
20871,0x091C,182,204
20871,0x0920,127,126
20871,0x0921,80,81
20871,0x0924,139,138
20871,0x0928,123,122
20871,0x092C,155,154
20871,0x0930,139,138
20871,0x0934,245,244
20871,0x0938,229,228
20871,0x093C,245,244
20871,0x0940,229,228
20871,0x0B26,126,127
20871,0x0B28,252,254
20871,0x0B86,126,127
20871,0x0B88,252,254
20871,0x0F99,126,127
20871,0x0F9D,126,127
20871,0x0FD1,126,127
20871,0x0FF0,126,127
20871,0x103C,2,0
20871,0x10D1,190,212
20871,0x10E6,247,245
20871,0x1410,32,96
20871,0x1411,135,134
20871,0x1413,208,38
20871,0x1414,88,89
20871,0x1419,42,46
20871,0x1433,5,3
20871,0x1435,39,37
20871,0x16D1,139,138
20871,0x16F8,8,6
20871,0x1711,139,138
20871,0x1735,16,14
20871,0x1739,8,6
20871,0x1751,155,154
20871,0x1778,40,38
20871,0x1791,155,154
20871,0x17B5,16,14
20871,0x17B9,40,38
20871,0x17D1,245,244
20871,0x17E6,3,1
20871,0x17F0,20,18
20873,0x0000,192,66
20873,0x0001,252,146
20873,0x0002,4,2
20873,0x0004,62,0
20873,0x0020,228,0
20873,0x0022,88,176
20873,0x0024,136,128
20873,0x0026,34,45
20873,0x0028,34,44
20873,0x002A,2,48
20873,0x0069,111,113
20873,0x006B,41,43
20873,0x0072,126,0
20873,0x007B,127,128
20873,0x0098,0,64
20873,0x009B,0,64
20873,0x009F,0,64
20873,0x00AD,0,2
20873,0x00B7,17,23
20873,0x00B8,16,0
20873,0x00B9,1,0
20873,0x00BA,104,184
20873,0x00BF,160,168
20873,0x00C2,12,13
20873,0x00CD,52,55
20873,0x00CE,233,239
20873,0x00CF,198,208
20873,0x00D0,14,28
20873,0x00D1,2,3
20873,0x00FA,0,64
20873,0x00FC,0,64
20873,0x0173,128,36
20873,0x0174,52,50
20873,0x0176,197,71
20873,0x0177,250,146
20873,0x0178,52,54
20873,0x017D,53,52
20873,0x01B9,192,0
20873,0x01BA,23,24
20873,0x0501,159,204
20873,0x0502,86,93
20873,0x0503,20,8
20873,0x0508,79,88
20873,0x0509,81,94
20873,0x050A,20,4
20873,0x050B,20,8
20873,0x050F,158,24
20873,0x0510,86,84
20873,0x0512,40,12
20873,0x0516,78,144
20873,0x0517,81,90
20873,0x0519,44,32
20873,0x051D,156,80
20873,0x051E,86,81
20873,0x0520,64,52
20873,0x0524,152,128
20873,0x0525,86,82
20873,0x0600,0,94
20873,0x0601,0,8
20873,0x0602,0,28
20873,0x0603,0,8
20873,0x0604,0,44
20873,0x0605,0,8
20873,0x0606,67,60
20873,0x0607,63,8
20873,0x0608,68,116
20873,0x0609,63,16
20873,0x060A,37,117
20873,0x060B,63,16
20873,0x060C,59,0
20873,0x060D,63,0
20873,0x060E,50,0
20873,0x060F,63,0
20873,0x0612,0,178
20873,0x0613,0,26
20873,0x0614,0,143
20873,0x0615,0,26
20873,0x0616,21,105
20873,0x0617,13,24
20873,0x061C,16,145
20873,0x061D,13,90
20873,0x061E,32,161
20873,0x061F,13,90
20873,0x0620,3,11
20873,0x0622,218,207
20873,0x0624,234,95
20873,0x0625,12,80
20873,0x0626,250,11
20873,0x0627,12,16
20873,0x0628,0,11
20873,0x0629,0,16
20873,0x062A,0,11
20873,0x062B,0,16
20873,0x062C,0,29
20873,0x062D,0,17
20873,0x062E,0,45
20873,0x062F,0,17
20873,0x0630,82,116
20873,0x0631,63,16
20873,0x0632,36,117
20873,0x0633,63,16
20873,0x0634,58,20
20873,0x0635,63,13
20873,0x0636,0,22
20873,0x0637,0,13
20873,0x0638,0,24
20873,0x0639,0,13
20873,0x063A,0,25
20873,0x063B,0,13
20873,0x063C,233,17
20873,0x063D,12,13
20873,0x063E,249,33
20873,0x063F,12,13
20873,0x0640,0,4
20873,0x0641,0,13
20873,0x0642,0,219
20873,0x0643,0,12
20873,0x0644,0,235
20873,0x0645,0,12
20873,0x0646,0,251
20873,0x0647,0,12
20873,0x0648,82,0
20873,0x0649,63,0
20873,0x064A,36,0
20873,0x064B,63,0
20873,0x064C,58,0
20873,0x064D,63,0
20873,0x064E,74,0
20873,0x064F,63,0
20873,0x0650,0,82
20873,0x0651,0,63
20873,0x0652,0,36
20873,0x0653,0,63
20873,0x0900,113,112
20873,0x0904,129,128
20873,0x0908,129,128
20873,0x090C,145,144
20873,0x0910,96,5
20873,0x0911,104,169
20873,0x0912,2,142
20873,0x0913,32,45
20873,0x0914,80,245
20873,0x0915,104,169
20873,0x0916,0,140
20873,0x0917,32,45
20873,0x0918,212,96
20873,0x0919,108,104
20873,0x091A,9,2
20873,0x091B,34,32
20873,0x091C,204,80
20873,0x091D,108,104
20873,0x091E,8,0
20873,0x091F,34,32
20873,0x0920,126,102
20873,0x0921,81,108
20873,0x0922,236,9
20873,0x0924,138,94
20873,0x0925,176,108
20873,0x0926,138,8
20873,0x0927,45,34
20873,0x0928,122,234
20873,0x0929,176,108
20873,0x092A,136,9
20873,0x092B,45,34
20873,0x092C,154,226
20873,0x092D,188,108
20873,0x092E,138,8
20873,0x092F,45,34
20873,0x0930,138,125
20873,0x0931,188,81
20873,0x0932,136,236
20873,0x0933,45,34
20873,0x0934,244,137
20873,0x0935,104,176
20873,0x0936,170,138
20873,0x0937,34,45
20873,0x0938,228,121
20873,0x0939,104,176
20873,0x093A,168,136
20873,0x093B,34,45
20873,0x093C,244,153
20873,0x093D,88,188
20873,0x093F,34,45
20873,0x0940,228,137
20873,0x0941,88,188
20873,0x0943,34,45
20873,0x0944,232,243
20873,0x0945,224,104
20873,0x0946,128,174
20873,0x0948,231,227
20873,0x0949,224,104
20873,0x094A,194,172
20873,0x094B,98,34
20873,0x094C,215,243
20873,0x094D,224,88
20873,0x094E,194,142
20873,0x0950,231,227
20873,0x0951,224,88
20873,0x0952,130,140
20873,0x0953,98,34
20873,0x0954,215,16
20873,0x0955,224,176
20873,0x0957,34,45
20873,0x0958,135,0
20873,0x0959,224,176
20873,0x095A,120,128
20873,0x095B,61,45
20873,0x0B01,10,171
20873,0x0B02,170,0
20873,0x0B04,2,170
20873,0x0B05,0,62
20873,0x0B22,95,96
20873,0x0B24,191,192
20873,0x0B26,127,128
20873,0x0B28,254,0
20873,0x0B29,2,3
20873,0x0B82,95,96
20873,0x0B84,191,192
20873,0x0B86,127,128
20873,0x0B88,254,0
20873,0x0B89,2,3
20873,0x0F99,127,128
20873,0x0F9D,127,128
20873,0x0FD1,127,128
20873,0x0FF0,127,128
20873,0x103B,0,2
20873,0x103C,0,10
20873,0x1080,0,200
20873,0x1081,225,175
20873,0x1091,245,102
20873,0x10A2,227,65
20873,0x10A4,229,67
20873,0x10A6,1,255
20873,0x10AC,45,17
20873,0x10D1,212,234
20873,0x10E6,245,243
20873,0x1410,96,160
20873,0x1411,134,133
20873,0x1413,38,132
20873,0x1419,46,50
20873,0x1433,3,1
20873,0x1435,37,35
20873,0x16D1,138,137
20873,0x16F8,6,4
20873,0x1711,138,137
20873,0x1735,14,12
20873,0x1739,6,4
20873,0x1751,154,153
20873,0x1778,38,36
20873,0x1791,154,153
20873,0x17B5,14,12
20873,0x17B9,38,36
20873,0x17D1,244,243
20873,0x17E4,219,221
20873,0x17E6,1,3
20873,0x17EC,144,127
20873,0x17F0,18,16
20873,0x1800,0,200
20873,0x1801,192,240
20873,0x1802,252,144
20873,0x1803,4,2
20873,0x1804,54,74
20873,0x1805,177,147
20873,0x1808,255,5
20873,0x1810,64,0
20873,0x1811,230,16
20873,0x1812,0,1
20873,0x1814,104,184
20873,0x1816,52,0
20873,0x1817,254,255
20873,0x181E,9,12
20873,0x181F,12,8
20873,0x1820,146,170
20873,0x1821,2,3
20873,0x1822,213,245
20873,0x1823,11,9
20873,0x1824,227,247
20873,0x1825,11,9
20873,0x1826,251,3
20873,0x1827,2,12
20873,0x1829,0,1
20873,0x182A,164,168
20873,0x182B,4,6
20873,0x182C,76,147
20873,0x182D,42,12
20873,0x1832,0,64
20873,0x1833,0,24
20873,0x1838,47,108
20873,0x1839,6,0
20873,0x1840,0,224
20873,0x1841,0,116
20873,0x1842,0,146
20873,0x1843,0,2
20873,0x1848,0,5
20873,0x184A,0,2
20873,0x184B,0,3
20873,0x184C,0,9
20873,0x1851,0,16
20873,0x1852,0,1
20873,0x1854,0,176
20873,0x185E,0,12
20873,0x185F,0,8
20873,0x1860,0,170
20873,0x1861,0,3
20873,0x1862,0,223
20873,0x1863,0,8
20873,0x1864,0,225
20873,0x1865,0,8
20873,0x1866,0,255
20873,0x1867,0,12
20873,0x1868,0,128
20873,0x1869,0,1
20873,0x186A,0,168
20873,0x186B,0,6
20873,0x186C,0,221
20873,0x186D,0,52
20873,0x1875,0,64
20873,0x1879,0,120
20875,0x0000,66,116
20875,0x0020,0,254
20875,0x002A,48,2
20875,0x0069,113,115
20875,0x006B,43,45
20875,0x0071,126,0
20875,0x007B,128,129
20875,0x0098,64,0
20875,0x009B,64,0
20875,0x009F,64,0
20875,0x00AD,2,4
20875,0x00B7,23,21
20875,0x00CD,55,58
20875,0x00CE,239,245
20875,0x00CF,208,218
20875,0x00D0,28,42
20875,0x00FA,64,0
20875,0x00FC,64,0
20875,0x0174,50,52
20875,0x0175,52,36
20875,0x0176,71,202
20875,0x0177,146,145
20875,0x0178,54,164
20875,0x02FD,39,41
20875,0x0900,112,111
20875,0x0904,128,127
20875,0x0908,128,127
20875,0x090C,144,143
20875,0x0910,5,3
20875,0x0914,245,243
20875,0x0920,102,124
20875,0x0924,94,116
20875,0x0928,234,124
20875,0x0929,108,81
20875,0x092A,9,236
20875,0x092B,34,46
20875,0x092C,226,136
20875,0x092D,108,176
20875,0x092E,8,138
20875,0x092F,34,45
20875,0x0930,125,120
20875,0x0931,81,176
20875,0x0932,236,136
20875,0x0933,34,45
20875,0x0934,137,152
20875,0x0935,176,188
20875,0x0938,121,136
20875,0x0939,176,188
20875,0x093C,153,242
20875,0x093D,188,104
20875,0x093E,138,174
20875,0x093F,45,34
20875,0x0940,137,226
20875,0x0941,188,104
20875,0x0942,136,172
20875,0x0943,45,34
20875,0x0944,243,242
20875,0x0945,104,88
20875,0x0946,174,142
20875,0x0948,227,226
20875,0x0949,104,88
20875,0x094A,172,140
20875,0x094C,243,14
20875,0x094D,88,176
20875,0x094E,142,130
20875,0x094F,34,45
20875,0x0950,227,254
20875,0x0951,88,176
20875,0x0952,140,128
20875,0x0953,34,45
20875,0x0954,16,96
20875,0x0955,176,224
20875,0x0956,130,2
20875,0x0957,45,32
20875,0x0958,0,80
20875,0x0959,176,224
20875,0x095A,128,0
20875,0x095B,45,32
20875,0x0B02,0,160
20875,0x0B04,170,234
20875,0x0B05,62,2
20875,0x0B26,128,129
20875,0x0B28,0,2
20875,0x0B86,128,129
20875,0x0B88,0,2
20875,0x0F99,128,129
20875,0x0F9D,128,129
20875,0x0FD1,128,129
20875,0x0FF0,128,129
20875,0x103B,2,0
20875,0x103C,10,8
20875,0x1091,102,124
20875,0x10A6,255,253
20875,0x10C0,200,0
20875,0x10D1,234,0
20875,0x10D2,0,1
20875,0x10E6,243,242
20875,0x1410,160,224
20875,0x1411,133,132
20875,0x1413,132,234
20875,0x1419,50,54
20875,0x1427,2,14
20875,0x1435,35,33
20875,0x16D1,137,136
20875,0x16F8,4,2
20875,0x1711,137,136
20875,0x1735,12,10
20875,0x1739,4,2
20875,0x1751,153,152
20875,0x1778,36,34
20875,0x1791,153,152
20875,0x17B5,12,10
20875,0x17B9,36,34
20875,0x17D1,243,242
20875,0x17E6,3,1
20875,0x17F0,16,14
20875,0x1811,16,14
20875,0x1826,3,1
20875,0x1838,108,106
20875,0x1851,16,14
20875,0x1875,64,62
20875,0x1879,120,118
20875,0xFFFF,192,193
20877,0x0000,116,85
20877,0x0001,146,249
20877,0x0002,2,4
20877,0x0020,254,114
20877,0x0022,176,160
20877,0x0024,128,7
20877,0x0026,45,34
20877,0x0028,44,34
20877,0x002A,2,0
20877,0x0069,115,117
20877,0x006B,45,47
20877,0x007B,129,130
20877,0x00AD,4,6
20877,0x00B7,21,22
20877,0x00CD,58,196
20877,0x00CE,245,251
20877,0x00CF,218,228
20877,0x00D0,42,56
20877,0x00D1,3,1
20877,0x0173,36,2
20877,0x0174,52,230
20877,0x0175,36,54
20877,0x0176,202,90
20877,0x0177,145,249
20877,0x0178,164,54
20877,0x01B9,0,192
20877,0x01BA,24,26
20877,0x02FD,41,39
20877,0x0900,111,110
20877,0x0904,127,126
20877,0x0908,127,126
20877,0x090C,143,142
20877,0x0910,3,1
20877,0x0914,243,241
20877,0x0920,124,146
20877,0x0924,116,138
20877,0x0929,81,82
20877,0x092B,46,34
20877,0x092C,136,135
20877,0x092E,138,130
20877,0x0930,120,119
20877,0x0932,136,128
20877,0x0934,152,151
20877,0x0938,136,135
20877,0x093C,242,241
20877,0x093D,104,88
20877,0x093E,174,192
20877,0x093F,34,98
20877,0x0940,226,241
20877,0x0942,172,226
20877,0x0944,242,225
20877,0x0945,88,104
20877,0x0946,142,224
20877,0x0948,226,225
20877,0x094A,140,192
20877,0x094C,14,12
20877,0x094E,130,134
20877,0x0950,254,252
20877,0x0952,128,132
20877,0x0954,96,114
20877,0x0955,224,160
20877,0x0956,2,7
20877,0x0957,32,34
20877,0x0B24,192,193
20877,0x0B26,129,130
20877,0x0B28,2,4
20877,0x0B84,192,193
20877,0x0B86,129,130
20877,0x0B88,2,4
20877,0x0F99,129,130
20877,0x0F9D,129,130
20877,0x0FD1,129,130
20877,0x0FF0,129,130
20877,0x103C,8,6
20877,0x1091,124,146
20877,0x10A6,253,251
20877,0x1410,224,32
20877,0x1413,234,88
20877,0x1414,89,90
20877,0x1419,54,58
20877,0x1427,14,2
20877,0x1433,1,5
20877,0x1435,33,31
20877,0x16C0,216,200
20877,0x16C1,219,25
20877,0x16D1,136,135
20877,0x16D6,0,80
20877,0x16D7,255,0
20877,0x16D8,255,0
20877,0x16E2,245,79
20877,0x16E3,9,15
20877,0x16E4,251,81
20877,0x16E5,9,15
20877,0x16E6,1,3
20877,0x16EC,138,147
20877,0x16ED,43,12
20877,0x16F8,2,128
20877,0x1711,136,135
20877,0x1735,10,8
20877,0x1737,0,1
20877,0x1739,2,48
20877,0x1751,152,151
20877,0x1778,34,32
20877,0x1791,152,151
20877,0x17B5,10,8
20877,0x17B9,34,32
20877,0x17D1,242,241
20877,0x17E4,221,223
20877,0x17E6,1,3
20877,0x17EC,127,110
20877,0x17F0,14,12
20877,0x1811,14,12
20877,0x1824,247,249
20877,0x1826,1,2
20877,0x182D,12,43
20877,0x1838,106,104
20877,0x1851,14,12
20877,0x1875,62,60
20877,0x1879,118,116
20877,0x1AC0,0,204
20877,0x1AC1,0,127
20877,0x1AC2,0,249
20877,0x1AC3,0,4
20877,0x1AC4,0,203
20877,0x1AC5,0,249
20877,0x1AC6,0,4
20877,0x1AC8,0,1
20877,0x1ACA,0,1
20877,0x1ACD,0,28
20877,0x1ACE,0,160
20877,0x1ACF,0,1
20877,0x1AD1,0,118
20877,0x1AD4,0,164
20877,0x1ADE,0,2
20877,0x1ADF,0,2
20877,0x1AE0,0,80
20877,0x1AE1,0,2
20877,0x1AE2,0,180
20877,0x1AE3,0,10
20877,0x1AE4,0,182
20877,0x1AE5,0,10
20877,0x1AE6,0,2
20877,0x1AE7,0,2
20877,0x1AE8,0,6
20877,0x1AEA,0,22
20877,0x1AEB,0,4
20877,0x1AEC,0,61
20877,0x1AED,0,36
20877,0x1AF0,0,3
20879,0x0000,85,127
20879,0x0020,114,111
20879,0x0022,160,157
20879,0x0024,7,6
20879,0x0069,117,119
20879,0x006B,47,49
20879,0x007B,130,131
20879,0x0098,0,64
20879,0x009B,0,64
20879,0x009F,0,64
20879,0x00AD,6,8
20879,0x00CD,196,199
20879,0x00CE,251,1
20879,0x00CF,228,239
20879,0x00D0,56,70
20879,0x00FA,0,64
20879,0x00FC,0,64
20879,0x0174,230,52
20879,0x0175,54,52
20879,0x0176,90,144
20879,0x0178,54,52
20879,0x0908,126,125
20879,0x090C,142,141
20879,0x0910,1,255
20879,0x0914,241,239
20879,0x0920,146,168
20879,0x0924,138,160
20879,0x0928,124,123
20879,0x0934,151,150
20879,0x0938,135,134
20879,0x093C,241,240
20879,0x0940,241,240
20879,0x0944,225,224
20879,0x0948,225,224
20879,0x094C,12,10
20879,0x094E,134,138
20879,0x0950,252,250
20879,0x0952,132,136
20879,0x0954,114,111
20879,0x0955,160,157
20879,0x0956,7,6
20879,0x0B01,171,170
20879,0x0B26,130,131
20879,0x0B28,4,6
20879,0x0B86,130,131
20879,0x0B88,4,6
20879,0x0F99,130,131
20879,0x0F9D,130,131
20879,0x0FD1,130,131
20879,0x0FF0,130,131
20879,0x103C,6,4
20879,0x1091,146,168
20879,0x10A6,251,249
20879,0x1410,32,96
20879,0x1411,132,131
20879,0x1413,88,206
20879,0x1419,58,62
20879,0x1433,5,3
20879,0x1435,31,29
20879,0x16D0,0,160
20879,0x16E6,3,1
20879,0x16F8,128,126
20879,0x1735,8,6
20879,0x1739,48,46
20879,0x1751,151,150
20879,0x1778,32,30
20879,0x1791,151,150
20879,0x17B5,8,6
20879,0x17B9,32,30
20879,0x17D1,241,240
20879,0x17E6,3,1
20879,0x17F0,12,10
20879,0x1811,12,10
20879,0x1824,249,251
20879,0x1826,2,3
20879,0x182C,147,138
20879,0x1838,104,102
20879,0x1851,12,10
20879,0x1875,60,58
20879,0x1879,116,114
20879,0x1AD0,0,180
20879,0x1AD1,118,115
20879,0x1AD3,0,180
20879,0x1AD4,164,161
20879,0x1AE4,182,184
20879,0x1AE6,2,1
20879,0x1AEC,61,56
20879,0x1AF0,3,1
20881,0x0004,0,2
20881,0x0020,111,109
20881,0x0022,157,155
20881,0x0024,6,7
20881,0x0026,34,36
20881,0x0028,34,36
20881,0x0069,119,121
20881,0x006B,49,51
20881,0x007B,131,132
20881,0x0098,64,0
20881,0x009B,64,0
20881,0x009F,64,0
20881,0x00AD,8,10
20881,0x00CD,199,202
20881,0x00CE,1,7
20881,0x00CF,239,249
20881,0x00D0,70,84
20881,0x00FA,64,0
20881,0x00FC,64,0
20881,0x02FD,39,41
20881,0x0501,204,129
20881,0x0502,93,82
20881,0x0503,8,20
20881,0x0600,94,0
20881,0x0601,8,0
20881,0x0602,28,0
20881,0x0603,8,0
20881,0x0604,44,0
20881,0x0605,8,0
20881,0x0606,60,0
20881,0x0607,8,0
20881,0x0608,116,83
20881,0x0609,16,63
20881,0x060A,117,37
20881,0x060B,16,63
20881,0x060C,0,59
20881,0x060D,0,63
20881,0x060E,0,75
20881,0x060F,0,63
20881,0x0612,178,0
20881,0x0613,26,0
20881,0x0900,110,111
20881,0x0904,126,127
20881,0x0908,125,124
20881,0x090C,141,140
20881,0x0910,255,253
20881,0x0914,239,237
20881,0x0920,168,190
20881,0x0924,160,182
20881,0x0928,123,122
20881,0x0929,82,83
20881,0x092C,135,136
20881,0x092E,130,138
20881,0x0930,119,120
20881,0x0932,128,136
20881,0x0934,150,149
20881,0x0938,134,133
20881,0x093C,240,239
20881,0x093D,88,104
20881,0x093E,192,230
20881,0x093F,98,34
20881,0x0940,240,239
20881,0x0941,104,88
20881,0x0942,226,196
20881,0x0943,34,98
20881,0x0944,224,223
20881,0x0946,224,228
20881,0x0948,224,223
20881,0x094A,192,196
20881,0x094C,10,8
20881,0x0950,250,248
20881,0x0954,111,109
20881,0x0955,157,155
20881,0x0956,6,7
20881,0x0957,34,36
20881,0x0B22,96,97
20881,0x0B24,193,194
20881,0x0B26,131,132
20881,0x0B28,6,8
20881,0x0B82,96,97
20881,0x0B84,193,194
20881,0x0B86,131,132
20881,0x0B88,6,8
20881,0x0F99,131,132
20881,0x0F9D,131,132
20881,0x0FD1,131,132
20881,0x0FF0,131,132
20881,0x103C,4,2
20881,0x1091,168,190
20881,0x10A6,249,247
20881,0x1410,96,160
20881,0x1411,131,130
20881,0x1413,206,76
20881,0x1414,90,91
20881,0x1419,62,66
20881,0x1433,3,1
20881,0x1435,29,27
20881,0x16D0,160,64
20881,0x16D1,135,136
20881,0x16E4,81,83
20881,0x16E6,1,2
20881,0x16EC,147,138
20881,0x16ED,12,43
20881,0x16F8,126,124
20881,0x1711,135,136
20881,0x1735,6,4
20881,0x1739,46,44
20881,0x1751,150,149
20881,0x1778,30,28
20881,0x1791,150,149
20881,0x17B5,6,4
20881,0x17B9,30,28
20881,0x17D1,240,239
20881,0x17E4,223,225
20881,0x17E6,1,3
20881,0x17EC,110,93
20881,0x17F0,10,8
20881,0x1811,10,8
20881,0x1826,3,1
20881,0x1838,102,100
20881,0x1851,10,8
20881,0x1875,58,56
20881,0x1879,114,112
20881,0x1AD0,180,104
20881,0x1AD1,115,113
20881,0x1AD3,180,104
20881,0x1AD4,161,159
20881,0x1AE4,184,182
20881,0x1AE7,2,4
20881,0x1AEC,56,61
20881,0x1AF0,1,2
20883,0x0020,109,107
20883,0x0022,155,153
20883,0x0026,36,34
20883,0x0028,36,34
20883,0x0069,121,123
20883,0x006B,51,53
20883,0x007B,132,133
20883,0x00AD,10,12
20883,0x00CD,202,205
20883,0x00CE,7,13
20883,0x00CF,249,3
20883,0x00D0,84,99
20883,0x0908,124,123
20883,0x090C,140,139
20883,0x0910,253,251
20883,0x0914,237,235
20883,0x0920,190,212
20883,0x0924,182,204
20883,0x0928,122,121
20883,0x092B,34,46
20883,0x092E,138,134
20883,0x0932,136,132
20883,0x0934,149,148
20883,0x0938,133,132
20883,0x093C,239,238
20883,0x0940,239,238
20883,0x0944,223,222
20883,0x0948,223,222
20883,0x094C,8,6
20883,0x094E,138,130
20883,0x0950,248,246
20883,0x0952,136,128
20883,0x0954,109,107
20883,0x0955,155,153
20883,0x0957,36,34
20883,0x0B26,132,133
20883,0x0B28,8,10
20883,0x0B86,132,133
20883,0x0B88,8,10
20883,0x0F99,132,133
20883,0x0F9D,132,133
20883,0x0FD1,132,133
20883,0x0FF0,132,133
20883,0x103C,2,0
20883,0x1091,190,212
20883,0x10A6,247,245
20883,0x1410,160,224
20883,0x1411,130,129
20883,0x1413,76,210
20883,0x1419,66,70
20883,0x1427,2,14
20883,0x1435,27,25
20883,0x16D0,64,224
20883,0x16E4,83,85
20883,0x16E6,2,3
20883,0x16EC,138,147
20883,0x16F8,124,122
20883,0x1735,4,2
20883,0x1739,44,42
20883,0x1751,149,148
20883,0x1778,28,26
20883,0x1791,149,148
20883,0x17B5,4,2
20883,0x17B9,28,26
20883,0x17D1,239,238
20883,0x17E6,3,1
20883,0x17F0,8,6
20883,0x1811,8,6
20883,0x1824,251,247
20883,0x1826,1,2
20883,0x182C,138,147
20883,0x182D,43,12
20883,0x1838,100,98
20883,0x1851,8,6
20883,0x1875,56,54
20883,0x1879,112,110
20883,0x1AD0,104,28
20883,0x1AD1,113,111
20883,0x1AD3,104,28
20883,0x1AD4,159,157
20883,0x1AE6,1,2
20883,0x1AE7,4,2
20883,0x1AF0,2,3
