frame,address,previous,current
20193,0x0004,18,22
20193,0x0020,112,200
20193,0x0021,0,76
20193,0x0022,104,0
20193,0x0028,0,32
20193,0x002E,65,0
20193,0x0049,2,4
20193,0x0068,16,24
20193,0x0069,191,201
20193,0x006B,121,131
20193,0x006D,0,48
20193,0x007B,39,44
20193,0x00AD,80,90
20193,0x00B7,0,2
20193,0x00B8,1,0
20193,0x00BA,0,1
20193,0x00BF,96,104
20193,0x00C2,4,5
20193,0x00CD,120,135
20193,0x00CE,240,14
20193,0x00CF,144,195
20193,0x00D0,49,119
20193,0x0176,21,20
20193,0x01BB,66,6
20193,0x01BC,8,233
20193,0x01FE,8,14
20193,0x02F6,155,16
20193,0x0305,88,92
20193,0x0306,152,151
20193,0x030D,102,106
20193,0x030E,152,151
20193,0x0315,116,120
20193,0x0316,152,151
20193,0x031D,130,134
20193,0x031E,152,151
20193,0x0325,144,148
20193,0x0326,152,151
20193,0x032D,158,162
20193,0x032E,152,151
20193,0x0501,137,139
20193,0x0508,66,69
20193,0x0509,94,85
20193,0x050A,4,20
20193,0x050B,8,20
20193,0x050F,2,138
20193,0x0510,84,86
20193,0x0512,12,40
20193,0x0620,224,0
20193,0x0621,22,0
20193,0x0622,240,0
20193,0x0623,22,0
20193,0x0624,9,0
20193,0x0625,23,0
20193,0x0626,11,0
20193,0x0627,16,0
20193,0x0628,15,0
20193,0x0629,23,0
20193,0x062A,29,0
20193,0x062B,23,0
20193,0x062C,11,0
20193,0x062D,16,0
20193,0x062E,199,0
20193,0x062F,22,0
20193,0x0630,195,0
20193,0x0631,22,0
20193,0x0632,199,0
20193,0x0633,22,0
20193,0x0901,224,104
20193,0x0905,224,104
20193,0x0B00,0,10
20193,0x0B22,9,11
20193,0x0B24,19,22
20193,0x0B26,39,44
20193,0x0B28,78,88
20193,0x0B82,9,11
20193,0x0B84,19,22
20193,0x0B86,39,44
20193,0x0B88,78,88
20193,0x0F99,39,44
20193,0x0F9D,39,44
20193,0x0FD1,39,44
20193,0x0FF0,39,44
20193,0x1000,128,192
20193,0x1033,40,30
20203,0x0004,22,24
20203,0x0020,200,112
20203,0x0021,76,0
20203,0x0022,0,104
20203,0x0028,32,0
20203,0x002E,0,65
20203,0x0049,4,2
20203,0x0068,24,16
20203,0x0069,201,211
20203,0x006B,131,141
20203,0x006D,48,0
20203,0x007B,44,49
20203,0x00AD,90,100
20203,0x00B7,2,0
20203,0x00CD,135,150
20203,0x00CE,14,44
20203,0x00CF,195,245
20203,0x00D0,119,189
20203,0x01BB,6,66
20203,0x01BC,233,8
20203,0x01FC,75,107
20203,0x01FE,14,4
20203,0x01FF,0,143
20203,0x02F6,16,155
20203,0x0301,8,41
20203,0x0303,14,10
20203,0x0305,92,220
20203,0x0306,151,148
20203,0x0309,40,73
20203,0x030B,14,10
20203,0x030D,106,230
20203,0x030E,151,148
20203,0x0311,72,105
20203,0x0313,14,10
20203,0x0315,120,240
20203,0x0316,151,148
20203,0x0319,104,137
20203,0x031B,14,10
20203,0x031D,134,250
20203,0x031E,151,148
20203,0x0501,139,67
20203,0x0502,86,94
20203,0x0503,20,4
20203,0x0508,69,3
20203,0x0509,85,84
20203,0x050B,20,4
20203,0x050F,138,134
20203,0x0510,86,94
20203,0x0512,40,24
20203,0x0516,132,70
20203,0x0517,94,85
20203,0x0519,32,44
20203,0x051D,68,140
20203,0x051E,85,86
20203,0x0520,52,64
20203,0x0600,0,116
20203,0x0601,0,16
20203,0x0602,0,118
20203,0x0603,0,16
20203,0x0618,0,226
20203,0x0619,0,22
20203,0x061A,0,242
20203,0x061B,0,22
20203,0x061C,0,11
20203,0x061D,0,23
20203,0x061E,0,11
20203,0x061F,0,16
20203,0x0620,0,11
20203,0x0621,0,16
20203,0x0622,0,11
20203,0x0623,0,16
20203,0x0624,0,11
20203,0x0625,0,16
20203,0x0626,0,93
20203,0x0627,0,23
20203,0x0628,0,197
20203,0x0629,0,22
20203,0x062A,0,201
20203,0x062B,0,22
20203,0x0901,104,224
20203,0x0905,104,224
20203,0x0B00,10,0
20203,0x0B22,11,12
20203,0x0B24,22,24
20203,0x0B26,44,49
20203,0x0B28,88,98
20203,0x0B82,11,12
20203,0x0B84,22,24
20203,0x0B86,44,49
20203,0x0B88,88,98
20203,0x0F99,44,49
20203,0x0F9D,44,49
20203,0x0FD1,44,49
20203,0x0FF0,44,49
20203,0x1000,192,128
20203,0x1033,30,20
20213,0x0004,24,26
20213,0x0020,112,80
20213,0x0028,0,32
20213,0x002E,65,0
20213,0x0048,32,0
20213,0x0049,2,0
20213,0x0068,16,24
20213,0x0069,211,221
20213,0x006B,141,151
20213,0x007B,49,54
20213,0x00AD,100,110
20213,0x00B7,0,2
20213,0x00CD,150,165
20213,0x00CE,44,74
20213,0x00CF,245,39
20213,0x00D0,189,4
20213,0x0176,20,21
20213,0x017D,52,53
20213,0x01BB,66,6
20213,0x01BC,8,233
20213,0x01FE,4,10
20213,0x02F6,155,8
20213,0x02FD,39,41
20213,0x0305,220,20
20213,0x030D,230,30
20213,0x0315,240,40
20213,0x031D,250,50
20213,0x0501,67,141
20213,0x0502,94,86
20213,0x0503,4,20
20213,0x0600,116,0
20213,0x0601,16,0
20213,0x0602,118,0
20213,0x0603,16,0
20213,0x0901,224,104
20213,0x0905,224,104
20213,0x0B00,0,10
20213,0x0B22,12,13
20213,0x0B24,24,27
20213,0x0B26,49,54
20213,0x0B28,98,108
20213,0x0B82,12,13
20213,0x0B84,24,27
20213,0x0B86,49,54
20213,0x0B88,98,108
20213,0x0F99,49,54
20213,0x0F9D,49,54
20213,0x0FD1,49,54
20213,0x0FF0,49,54
20213,0x1000,128,192
20213,0x1033,20,10
20223,0x0004,26,28
20223,0x0020,80,112
20223,0x0028,32,0
20223,0x002E,0,65
20223,0x0068,24,16
20223,0x0069,221,231
20223,0x006B,151,161
20223,0x007B,54,59
20223,0x00AD,110,120
20223,0x00B7,2,0
20223,0x00CD,165,180
20223,0x00CE,74,104
20223,0x00CF,39,89
20223,0x00D0,4,74
20223,0x017D,53,52
20223,0x01BB,6,66
20223,0x01BC,233,8
20223,0x02F6,8,155
20223,0x02FD,41,39
20223,0x0501,141,135
20223,0x0502,86,94
20223,0x0508,3,71
20223,0x0509,84,85
20223,0x050B,4,20
20223,0x050F,134,142
20223,0x0510,94,86
20223,0x0512,24,40
20223,0x0600,0,227
20223,0x0601,0,22
20223,0x0602,0,243
20223,0x0603,0,22
20223,0x0604,0,95
20223,0x0605,0,16
20223,0x0606,0,11
20223,0x0607,0,16
20223,0x0608,0,11
20223,0x0609,0,16
20223,0x060A,0,11
20223,0x060B,0,16
20223,0x060C,0,11
20223,0x060D,0,16
20223,0x060E,0,95
20223,0x060F,0,208
20223,0x0610,0,198
20223,0x0611,0,22
20223,0x0612,0,202
20223,0x0613,0,22
20223,0x0618,226,0
20223,0x0619,22,0
20223,0x061A,242,0
20223,0x061B,22,0
20223,0x061C,11,0
20223,0x061D,23,0
20223,0x061E,11,0
20223,0x061F,16,0
20223,0x0620,11,0
20223,0x0621,16,0
20223,0x0622,11,0
20223,0x0623,16,0
20223,0x0624,11,0
20223,0x0625,16,0
20223,0x0626,93,0
20223,0x0627,23,0
20223,0x0628,197,0
20223,0x0629,22,0
20223,0x062A,201,0
20223,0x062B,22,0
20223,0x0901,104,224
20223,0x0905,104,224
20223,0x0B00,10,0
20223,0x0B22,13,14
20223,0x0B24,27,29
20223,0x0B26,54,59
20223,0x0B28,108,118
20223,0x0B82,13,14
20223,0x0B84,27,29
20223,0x0B86,54,59
20223,0x0B88,108,118
20223,0x0F99,54,59
20223,0x0F9D,54,59
20223,0x0FD1,54,59
20223,0x0FF0,54,59
20223,0x1000,192,128
20223,0x1033,10,0
20233,0x0004,28,32
20233,0x0020,112,80
20233,0x0028,0,32
20233,0x002E,65,0
20233,0x0069,231,241
20233,0x006B,161,171
20233,0x007B,59,64
20233,0x00AD,120,130
20233,0x00B7,0,2
20233,0x00CD,180,195
20233,0x00CE,104,134
20233,0x00CF,89,139
20233,0x00D0,74,144
20233,0x0176,21,20
20233,0x01BB,66,6
20233,0x01BC,8,233
20233,0x0501,135,194
20233,0x0502,94,93
20233,0x0503,20,8
20233,0x0508,71,68
20233,0x0509,85,94
20233,0x050A,20,4
20233,0x050B,20,8
20233,0x050F,142,4
20233,0x0510,86,84
20233,0x0512,40,12
20233,0x0516,70,136
20233,0x0517,85,94
20233,0x0519,44,32
20233,0x051D,140,72
20233,0x051E,86,85
20233,0x0520,64,52
20233,0x0524,136,144
20233,0x0600,227,94
20233,0x0601,22,8
20233,0x0602,243,18
20233,0x0603,22,8
20233,0x0604,95,34
20233,0x0605,16,8
20233,0x0606,11,50
20233,0x0607,16,8
20233,0x0608,11,116
20233,0x060A,11,117
20233,0x060C,11,0
20233,0x060D,16,0
20233,0x060E,95,0
20233,0x060F,208,0
20233,0x0610,198,0
20233,0x0611,22,0
20233,0x0612,202,0
20233,0x0613,22,0
20233,0x0618,0,141
20233,0x0619,0,26
20233,0x0620,0,224
20233,0x0621,0,12
20233,0x0622,0,240
20233,0x0623,0,12
20233,0x0624,0,95
20233,0x0625,0,16
20233,0x0626,0,153
20233,0x0627,0,17
20233,0x0628,0,11
20233,0x0629,0,16
20233,0x062A,0,11
20233,0x062B,0,16
20233,0x062C,0,11
20233,0x062D,0,16
20233,0x062E,0,95
20233,0x062F,0,208
20233,0x0630,0,116
20233,0x0631,0,16
20233,0x0632,0,117
20233,0x0633,0,16
20233,0x0642,0,176
20233,0x0643,0,12
20233,0x0644,0,192
20233,0x0645,0,12
20233,0x0646,0,208
20233,0x0647,0,12
20233,0x0901,224,104
20233,0x0905,224,104
20233,0x0B00,0,10
20233,0x0B22,14,16
20233,0x0B24,29,32
20233,0x0B26,59,64
20233,0x0B28,118,128
20233,0x0B82,14,16
20233,0x0B84,29,32
20233,0x0B86,59,64
20233,0x0B88,118,128
20233,0x0F99,59,64
20233,0x0F9D,59,64
20233,0x0FD1,59,64
20233,0x0FF0,59,64
20233,0x1000,128,200
20243,0x0004,32,34
20243,0x0069,241,251
20243,0x006B,171,181
20243,0x007B,64,69
20243,0x00AD,130,140
20243,0x00CD,195,210
20243,0x00CE,134,164
20243,0x00CF,139,189
20243,0x00D0,144,214
20243,0x02FD,39,41
20243,0x0501,194,145
20243,0x0502,93,86
20243,0x0503,8,20
20243,0x0600,94,0
20243,0x0601,8,0
20243,0x0602,18,0
20243,0x0603,8,0
20243,0x0604,34,0
20243,0x0605,8,0
20243,0x0606,50,0
20243,0x0607,8,0
20243,0x0608,116,0
20243,0x0609,16,0
20243,0x060A,117,0
20243,0x060B,16,0
20243,0x0B22,16,17
20243,0x0B24,32,34
20243,0x0B26,64,69
20243,0x0B28,128,138
20243,0x0B82,16,17
20243,0x0B84,32,34
20243,0x0B86,64,69
20243,0x0B88,128,138
20243,0x0F99,64,69
20243,0x0F9D,64,69
20243,0x0FD1,64,69
20243,0x0FF0,64,69
20253,0x0004,34,36
20253,0x0069,251,5
20253,0x006B,181,191
20253,0x007B,69,74
20253,0x00AD,140,150
20253,0x00CD,210,225
20253,0x00CE,164,194
20253,0x00CF,189,239
20253,0x00D0,214,28
20253,0x0176,20,21
20253,0x02FD,41,39
20253,0x0501,145,137
20253,0x0502,86,94
20253,0x0508,68,73
20253,0x0509,94,85
20253,0x050A,4,20
20253,0x050B,8,20
20253,0x050F,4,146
20253,0x0510,84,86
20253,0x0512,12,40
20253,0x0600,0,225
20253,0x0601,0,12
20253,0x0602,0,241
20253,0x0603,0,12
20253,0x0604,0,217
20253,0x0605,0,16
20253,0x0606,0,154
20253,0x0607,0,17
20253,0x0608,0,11
20253,0x0609,0,16
20253,0x060A,0,11
20253,0x060B,0,16
20253,0x060C,0,11
20253,0x060D,0,16
20253,0x060E,0,217
20253,0x060F,0,144
20253,0x0610,0,116
20253,0x0611,0,16
20253,0x0612,0,118
20253,0x0613,0,16
20253,0x0618,141,0
20253,0x0619,26,0
20253,0x0620,224,0
20253,0x0621,12,0
20253,0x0622,240,177
20253,0x0624,95,193
20253,0x0625,16,12
20253,0x0626,153,209
20253,0x0627,17,12
20253,0x0628,11,0
20253,0x0629,16,0
20253,0x062A,11,0
20253,0x062B,16,0
20253,0x062C,11,0
20253,0x062D,16,0
20253,0x062E,95,0
20253,0x062F,208,0
20253,0x0630,116,0
20253,0x0631,16,0
20253,0x0632,117,0
20253,0x0633,16,0
20253,0x0B22,17,18
20253,0x0B24,34,37
20253,0x0B26,69,74
20253,0x0B28,138,148
20253,0x0B82,17,18
20253,0x0B84,34,37
20253,0x0B86,69,74
20253,0x0B88,138,148
20253,0x0F99,69,74
20253,0x0F9D,69,74
20253,0x0FD1,69,74
20253,0x0FF0,69,74
20263,0x0004,36,38
20263,0x0069,5,15
20263,0x006B,191,201
20263,0x007B,74,79
20263,0x00AD,150,160
20263,0x00CD,225,240
20263,0x00CE,194,224
20263,0x00CF,239,33
20263,0x00D0,28,99
20263,0x02FD,39,41
20263,0x0501,137,147
20263,0x0502,94,86
20263,0x0600,225,0
20263,0x0601,12,0
20263,0x0602,241,0
20263,0x0603,12,0
20263,0x0604,217,0
20263,0x0605,16,0
20263,0x0606,154,0
20263,0x0607,17,0
20263,0x0608,11,0
20263,0x0609,16,0
20263,0x060A,11,0
20263,0x060B,16,0
20263,0x060C,11,0
20263,0x060D,16,0
20263,0x060E,217,0
20263,0x060F,144,0
20263,0x0610,116,0
20263,0x0611,16,0
20263,0x0612,118,0
20263,0x0613,16,0
20263,0x0B22,18,19
20263,0x0B24,37,39
20263,0x0B26,74,79
20263,0x0B28,148,158
20263,0x0B82,18,19
20263,0x0B84,37,39
20263,0x0B86,74,79
20263,0x0B88,148,158
20263,0x0F99,74,79
20263,0x0F9D,74,79
20263,0x0FD1,74,79
20263,0x0FF0,74,79
20273,0x0004,38,42
20273,0x0069,15,25
20273,0x006B,201,211
20273,0x007B,79,84
20273,0x00AD,160,170
20273,0x00CD,240,255
20273,0x00CE,224,254
20273,0x00CF,33,83
20273,0x00D0,99,169
20273,0x0176,21,20
20273,0x0501,147,149
20273,0x0508,73,5
20273,0x0509,85,84
20273,0x050B,20,4
20273,0x050F,146,138
20273,0x0510,86,94
20273,0x0512,40,24
20273,0x0516,136,74
20273,0x0517,94,85
20273,0x0519,32,44
20273,0x051D,72,148
20273,0x051E,85,86
20273,0x0520,52,64
20273,0x0618,0,186
20273,0x0619,0,12
20273,0x061A,0,202
20273,0x061B,0,12
20273,0x061C,0,95
20273,0x061D,0,80
20273,0x061E,0,11
20273,0x061F,0,16
20273,0x0620,0,11
20273,0x0621,0,16
20273,0x0622,177,11
20273,0x0623,12,16
20273,0x0624,193,11
20273,0x0625,12,16
20273,0x0626,209,95
20273,0x0627,12,144
20273,0x0628,0,116
20273,0x0629,0,16
20273,0x062A,0,117
20273,0x062B,0,16
20273,0x063E,0,170
20273,0x063F,0,12
20273,0x0642,176,0
20273,0x0643,12,0
20273,0x0644,192,0
20273,0x0645,12,0
20273,0x0646,208,0
20273,0x0647,12,0
20273,0x0B22,19,21
20273,0x0B24,39,42
20273,0x0B26,79,84
20273,0x0B28,158,168
20273,0x0B82,19,21
20273,0x0B84,39,42
20273,0x0B86,79,84
20273,0x0B88,158,168
20273,0x0F99,79,84
20273,0x0F9D,79,84
20273,0x0FD1,79,84
20273,0x0FF0,79,84
20283,0x0004,42,44
20283,0x0069,25,35
20283,0x006B,211,221
20283,0x007B,84,89
20283,0x00AD,170,180
20283,0x00CD,255,14
20283,0x00CE,254,29
20283,0x00CF,83,134
20283,0x00D0,169,239
20283,0x02FD,41,39
20283,0x0501,149,139
20283,0x0502,86,94
20283,0x0508,5,75
20283,0x0509,84,85
20283,0x050B,4,20
20283,0x050F,138,150
20283,0x0510,94,86
20283,0x0512,24,40
20283,0x0600,0,187
20283,0x0601,0,12
20283,0x0602,0,203
20283,0x0603,0,12
20283,0x0604,0,217
20283,0x0605,0,80
20283,0x0606,0,154
20283,0x0607,0,17
20283,0x0608,0,11
20283,0x0609,0,16
20283,0x060A,0,11
20283,0x060B,0,16
20283,0x060C,0,11
20283,0x060D,0,16
20283,0x060E,0,217
20283,0x060F,0,208
20283,0x0610,0,116
20283,0x0611,0,16
20283,0x0612,0,118
20283,0x0613,0,16
20283,0x0618,186,0
20283,0x0619,12,0
20283,0x061A,202,0
20283,0x061B,12,0
20283,0x061C,95,0
20283,0x061D,80,0
20283,0x061E,11,0
20283,0x061F,16,0
20283,0x0620,11,0
20283,0x0621,16,0
20283,0x0622,11,0
20283,0x0623,16,0
20283,0x0624,11,0
20283,0x0625,16,0
20283,0x0626,95,171
20283,0x0627,144,12
20283,0x0628,116,0
20283,0x0629,16,0
20283,0x062A,117,0
20283,0x062B,16,0
20283,0x0B22,21,22
20283,0x0B24,42,44
20283,0x0B26,84,89
20283,0x0B28,168,178
20283,0x0B82,21,22
20283,0x0B84,42,44
20283,0x0B86,84,89
20283,0x0B88,168,178
20283,0x0F99,84,89
20283,0x0F9D,84,89
20283,0x0FD1,84,89
20283,0x0FF0,84,89
20293,0x0004,44,46
20293,0x0069,35,45
20293,0x006B,221,231
20293,0x007B,89,94
20293,0x00AD,180,190
20293,0x00CD,14,29
20293,0x00CE,29,59
20293,0x00CF,134,184
20293,0x00D0,239,53
20293,0x0176,20,21
20293,0x02FD,39,41
20293,0x0501,139,151
20293,0x0502,94,86
20293,0x0600,187,0
20293,0x0601,12,0
20293,0x0602,203,0
20293,0x0603,12,0
20293,0x0604,217,0
20293,0x0605,80,0
20293,0x0606,154,0
20293,0x0607,17,0
20293,0x0608,11,0
20293,0x0609,16,0
20293,0x060A,11,0
20293,0x060B,16,0
20293,0x060C,11,0
20293,0x060D,16,0
20293,0x060E,217,0
20293,0x060F,208,0
20293,0x0610,116,0
20293,0x0611,16,0
20293,0x0612,118,0
20293,0x0613,16,0
20293,0x0B22,22,23
20293,0x0B24,44,47
20293,0x0B26,89,94
20293,0x0B28,178,188
20293,0x0B82,22,23
20293,0x0B84,44,47
20293,0x0B86,89,94
20293,0x0B88,178,188
20293,0x0F99,89,94
20293,0x0F9D,89,94
20293,0x0FD1,89,94
20293,0x0FF0,89,94
20303,0x0004,46,48
20303,0x0069,45,55
20303,0x006B,231,241
20303,0x007B,94,99
20303,0x00AD,190,200
20303,0x00CD,29,44
20303,0x00CE,59,89
20303,0x00CF,184,234
20303,0x00D0,53,123
20303,0x0501,151,195
20303,0x0502,86,93
20303,0x0503,20,8
20303,0x0508,75,70
20303,0x0509,85,94
20303,0x050A,20,4
20303,0x050B,20,8
20303,0x050F,150,6
20303,0x0510,86,84
20303,0x0512,40,12
20303,0x0516,74,140
20303,0x0517,85,94
20303,0x0519,44,32
20303,0x051D,148,76
20303,0x051E,86,85
20303,0x0520,64,52
20303,0x0524,144,152
20303,0x0600,0,94
20303,0x0601,0,8
20303,0x0602,0,19
20303,0x0603,0,8
20303,0x0604,0,35
20303,0x0605,0,8
20303,0x0606,0,51
20303,0x0607,0,8
20303,0x0608,0,116
20303,0x0609,0,16
20303,0x060A,0,117
20303,0x060B,0,16
20303,0x0616,0,178
20303,0x0617,0,26
20303,0x0618,0,143
20303,0x0619,0,26
20303,0x061A,0,105
20303,0x061B,0,24
20303,0x0620,0,188
20303,0x0621,0,12
20303,0x0622,0,204
20303,0x0623,0,12
20303,0x0624,0,95
20303,0x0625,0,16
20303,0x0626,171,11
20303,0x0627,12,16
20303,0x0628,0,11
20303,0x0629,0,16
20303,0x062A,0,11
20303,0x062B,0,16
20303,0x062C,0,11
20303,0x062D,0,16
20303,0x062E,0,95
20303,0x062F,0,208
20303,0x0630,0,116
20303,0x0631,0,16
20303,0x0632,0,117
20303,0x0633,0,16
20303,0x063E,170,0
20303,0x063F,12,0
20303,0x0646,0,172
20303,0x0647,0,12
20303,0x0B22,23,24
20303,0x0B24,47,49
20303,0x0B26,94,99
20303,0x0B28,188,198
20303,0x0B82,23,24
20303,0x0B84,47,49
20303,0x0B86,94,99
20303,0x0B88,188,198
20303,0x0F99,94,99
20303,0x0F9D,94,99
20303,0x0FD1,94,99
20303,0x0FF0,94,99
20313,0x0004,48,52
20313,0x0069,55,65
20313,0x006B,241,251
20313,0x007B,99,104
20313,0x00AD,200,210
20313,0x00CD,44,59
20313,0x00CE,89,119
20313,0x00CF,234,28
20313,0x00D0,123,194
20313,0x0176,21,20
20313,0x02FD,41,39
20313,0x0501,195,141
20313,0x0502,93,94
20313,0x0503,8,20
20313,0x0508,70,77
20313,0x0509,94,85
20313,0x050A,4,20
20313,0x050B,8,20
20313,0x050F,6,154
20313,0x0510,84,86
20313,0x0512,12,40
20313,0x0600,94,189
20313,0x0601,8,12
20313,0x0602,19,205
20313,0x0603,8,12
20313,0x0604,35,217
20313,0x0605,8,16
20313,0x0606,51,11
20313,0x0607,8,16
20313,0x0608,116,11
20313,0x060A,117,11
20313,0x060C,0,11
20313,0x060D,0,16
20313,0x060E,0,217
20313,0x060F,0,144
20313,0x0610,0,116
20313,0x0611,0,16
20313,0x0612,0,118
20313,0x0613,0,16
20313,0x0616,178,0
20313,0x0617,26,0
20313,0x0618,143,0
20313,0x0619,26,0
20313,0x061A,105,0
20313,0x061B,24,0
20313,0x0620,188,0
20313,0x0621,12,0
20313,0x0622,204,0
20313,0x0623,12,0
20313,0x0624,95,0
20313,0x0625,16,0
20313,0x0626,11,172
20313,0x0627,16,12
20313,0x0628,11,0
20313,0x0629,16,0
20313,0x062A,11,0
20313,0x062B,16,0
20313,0x062C,11,0
20313,0x062D,16,0
20313,0x062E,95,0
20313,0x062F,208,0
20313,0x0630,116,0
20313,0x0631,16,0
20313,0x0632,117,0
20313,0x0633,16,0
20313,0x0B22,24,26
20313,0x0B24,49,52
20313,0x0B26,99,104
20313,0x0B28,198,208
20313,0x0B82,24,26
20313,0x0B84,49,52
20313,0x0B86,99,104
20313,0x0B88,198,208
20313,0x0F99,99,104
20313,0x0F9D,99,104
20313,0x0FD1,99,104
20313,0x0FF0,99,104
20323,0x0004,52,54
20323,0x0069,65,75
20323,0x006B,251,5
20323,0x007B,104,109
20323,0x00AD,210,220
20323,0x00CD,59,74
20323,0x00CE,119,149
20323,0x00CF,28,78
20323,0x00D0,194,8
20323,0x02FD,39,41
20323,0x0501,141,155
20323,0x0502,94,86
20323,0x0600,189,0
20323,0x0601,12,0
20323,0x0602,205,0
20323,0x0603,12,0
20323,0x0604,217,0
20323,0x0605,16,0
20323,0x0606,11,0
20323,0x0607,16,0
20323,0x0608,11,0
20323,0x0609,16,0
20323,0x060A,11,0
20323,0x060B,16,0
20323,0x060C,11,0
20323,0x060D,16,0
20323,0x060E,217,0
20323,0x060F,144,0
20323,0x0610,116,0
20323,0x0611,16,0
20323,0x0612,118,0
20323,0x0613,16,0
20323,0x0B22,26,27
20323,0x0B24,52,54
20323,0x0B26,104,109
20323,0x0B28,208,218
20323,0x0B82,26,27
20323,0x0B84,52,54
20323,0x0B86,104,109
20323,0x0B88,208,218
20323,0x0F99,104,109
20323,0x0F9D,104,109
20323,0x0FD1,104,109
20323,0x0FF0,104,109
20333,0x0004,54,56
20333,0x0069,75,85
20333,0x006B,5,15
20333,0x007B,109,114
20333,0x00AD,220,230
20333,0x00CD,74,89
20333,0x00CE,149,179
20333,0x00CF,78,128
20333,0x00D0,8,78
20333,0x0176,20,21
20333,0x02FD,41,39
20333,0x0501,155,71
20333,0x0502,86,94
20333,0x0503,20,4
20333,0x0508,77,7
20333,0x0509,85,84
20333,0x050B,20,4
20333,0x050F,154,142
20333,0x0510,86,94
20333,0x0512,40,24
20333,0x0516,140,78
20333,0x0517,94,85
20333,0x0519,32,44
20333,0x051D,76,156
20333,0x051E,85,86
20333,0x0520,52,64
20333,0x0600,0,116
20333,0x0601,0,16
20333,0x0602,0,118
20333,0x0603,0,16
20333,0x060E,0,179
20333,0x060F,0,26
20333,0x0610,0,156
20333,0x0611,0,26
20333,0x0612,0,106
20333,0x0613,0,24
20333,0x0618,0,188
20333,0x0619,0,12
20333,0x061A,0,204
20333,0x061B,0,12
20333,0x061C,0,95
20333,0x061D,0,16
20333,0x061E,0,153
20333,0x061F,0,17
20333,0x0620,0,11
20333,0x0621,0,16
20333,0x0622,0,11
20333,0x0623,0,16
20333,0x0624,0,28
20333,0x0625,0,17
20333,0x0626,172,44
20333,0x0627,12,17
20333,0x0628,0,116
20333,0x0629,0,16
20333,0x062A,0,117
20333,0x062B,0,16
20333,0x063A,0,184
20333,0x063B,0,12
20333,0x063C,0,200
20333,0x063D,0,12
20333,0x063E,0,172
20333,0x063F,0,12
20333,0x0646,172,0
20333,0x0647,12,0
20333,0x0B22,27,28
20333,0x0B24,54,57
20333,0x0B26,109,114
20333,0x0B28,218,228
20333,0x0B82,27,28
20333,0x0B84,54,57
20333,0x0B86,109,114
20333,0x0B88,218,228
20333,0x0F99,109,114
20333,0x0F9D,109,114
20333,0x0FD1,109,114
20333,0x0FF0,109,114
20343,0x0000,150,74
20343,0x0001,223,176
20343,0x0002,4,2
20343,0x0004,56,58
20343,0x0020,80,7
20343,0x0022,104,56
20343,0x0026,32,105
20343,0x0028,32,40
20343,0x002A,8,192
20343,0x0069,85,95
20343,0x006B,15,25
20343,0x007B,114,119
20343,0x00AD,230,240
20343,0x00B7,2,4
20343,0x00B8,0,16
20343,0x00B9,0,1
20343,0x00BA,1,64
20343,0x00BF,104,112
20343,0x00C2,5,6
20343,0x00CA,0,1
20343,0x00CD,89,104
20343,0x00CE,179,209
20343,0x00CF,128,178
20343,0x00D0,78,148
20343,0x0172,94,36
20343,0x0173,0,52
20343,0x0175,15,52
20343,0x0176,21,107
20343,0x0177,0,176
20343,0x0178,224,52
20343,0x01BA,16,23
20343,0x02FD,39,41
20343,0x0501,71,157
20343,0x0502,94,86
20343,0x0503,4,20
20343,0x0600,116,0
20343,0x0601,16,0
20343,0x0602,118,0
20343,0x0603,16,0
20343,0x060E,179,0
20343,0x060F,26,0
20343,0x0610,156,0
20343,0x0611,26,0
20343,0x0612,106,0
20343,0x0613,24,0
20343,0x0874,86,222
20343,0x0875,1,42
20343,0x0876,222,86
20343,0x0877,42,1
20343,0x0894,14,22
20343,0x0895,58,91
20343,0x0896,22,14
20343,0x0897,91,58
20343,0x0908,30,247
20343,0x0909,224,56
20343,0x090A,0,2
20343,0x090B,123,105
20343,0x090C,15,7
20343,0x090D,224,56
20343,0x090F,59,105
20343,0x0B00,10,234
20343,0x0B22,28,29
20343,0x0B24,57,59
20343,0x0B26,114,119
20343,0x0B28,228,238
20343,0x0B82,28,29
20343,0x0B84,57,59
20343,0x0B86,114,119
20343,0x0B88,228,238
20343,0x0F99,114,119
20343,0x0F9D,114,119
20343,0x0FD1,114,119
20343,0x0FF0,114,119
20343,0x16C0,0,128
20343,0x16C1,0,165
20343,0x16C2,0,175
20343,0x16C3,0,2
20343,0x16EF,0,5
20343,0x16F1,0,3
20343,0x16F8,0,17
20343,0x1700,0,200
20343,0x1701,0,74
20343,0x1702,0,176
20343,0x1703,0,2
20343,0x1704,0,54
20343,0x1705,0,177
20343,0x1706,0,2
20343,0x1708,0,3
20343,0x170A,0,2
20343,0x170B,0,3
20343,0x170C,0,9
20343,0x1710,0,4
20343,0x1711,0,7
20343,0x1712,0,1
20343,0x1714,0,64
20343,0x1716,0,52
20343,0x1717,0,254
20343,0x1718,0,255
20343,0x171E,0,9
20343,0x171F,0,12
20343,0x1720,0,154
20343,0x1721,0,2
20343,0x1722,0,220
20343,0x1723,0,8
20343,0x1724,0,222
20343,0x1725,0,8
20343,0x1726,0,250
20343,0x1727,0,8
20343,0x1729,0,1
20343,0x172A,0,238
20343,0x172B,0,4
20343,0x172C,0,124
20343,0x172D,0,12
20343,0x172F,0,5
20343,0x1735,0,187
20343,0x1736,0,110
20343,0x1738,0,14
20343,0x1739,0,6
20343,0x173A,0,95
20343,0x173B,0,193
20353,0x0004,58,62
20353,0x0020,7,245
20353,0x002A,192,128
20353,0x0069,95,105
20353,0x006B,25,35
20353,0x007B,119,124
20353,0x00AD,240,250
20353,0x00CD,104,119
20353,0x00CE,209,239
20353,0x00CF,178,228
20353,0x00D0,148,218
20353,0x0501,157,159
20353,0x0508,7,79
20353,0x0509,84,85
20353,0x050B,4,20
20353,0x050F,142,158
20353,0x0510,94,86
20353,0x0512,24,40
20353,0x0618,188,0
20353,0x0619,12,0
20353,0x061A,204,0
20353,0x061B,12,0
20353,0x061C,95,0
20353,0x061D,16,0
20353,0x061E,153,0
20353,0x061F,17,0
20353,0x0620,11,167
20353,0x0621,16,12
20353,0x0622,11,169
20353,0x0623,16,12
20353,0x0624,28,168
20353,0x0625,17,12
20353,0x0626,44,172
20353,0x0627,17,12
20353,0x0628,116,0
20353,0x0629,16,0
20353,0x062A,117,0
20353,0x062B,16,0
20353,0x063A,184,0
20353,0x063B,12,0
20353,0x0874,222,86
20353,0x0875,42,1
20353,0x0876,86,222
20353,0x0877,1,42
20353,0x0894,22,14
20353,0x0895,91,58
20353,0x0896,14,22
20353,0x0897,58,91
20353,0x0908,247,229
20353,0x090C,7,245
20353,0x0B00,234,170
20353,0x0B22,29,31
20353,0x0B24,59,62
20353,0x0B26,119,124
20353,0x0B28,238,248
20353,0x0B82,29,31
20353,0x0B84,59,62
20353,0x0B86,119,124
20353,0x0B88,238,248
20353,0x0F99,119,124
20353,0x0F9D,119,124
20353,0x0FD1,119,124
20353,0x0FF0,119,124
20353,0x16F8,17,7
20353,0x1710,4,12
20353,0x1711,7,245
20353,0x1712,1,0
20353,0x1726,250,240
20353,0x1735,187,177
20353,0x1738,14,4
20363,0x0004,62,0
20363,0x0020,245,10
20363,0x002A,128,12
20363,0x0069,105,115
20363,0x006B,35,45
20363,0x007B,124,129
20363,0x00AD,250,4
20363,0x00B7,4,6
20363,0x00CA,1,2
20363,0x00CD,119,144
20363,0x00CE,239,22
20363,0x00CF,228,29
20363,0x00D0,218,33
20363,0x0172,36,52
20363,0x0173,52,173
20363,0x0174,192,178
20363,0x01B9,0,64
20363,0x02FD,41,39
20363,0x0501,159,196
20363,0x0502,86,93
20363,0x0503,20,8
20363,0x0508,79,72
20363,0x0509,85,94
20363,0x050A,20,4
20363,0x050B,20,8
20363,0x050F,158,8
20363,0x0510,86,84
20363,0x0512,40,12
20363,0x0516,78,144
20363,0x0517,85,94
20363,0x0519,44,32
20363,0x051D,156,80
20363,0x051E,86,85
20363,0x0520,64,52
20363,0x0524,152,128
20363,0x0525,86,82
20363,0x0600,0,94
20363,0x0601,0,8
20363,0x0602,0,20
20363,0x0603,0,8
20363,0x0604,0,36
20363,0x0605,0,8
20363,0x0606,0,52
20363,0x0607,0,8
20363,0x0608,0,116
20363,0x0609,0,16
20363,0x060A,0,117
20363,0x060B,0,16
20363,0x0616,0,180
20363,0x0617,0,26
20363,0x0618,0,157
20363,0x0619,0,26
20363,0x061A,0,107
20363,0x061B,0,24
20363,0x0620,167,190
20363,0x0622,169,206
20363,0x0624,168,95
20363,0x0625,12,80
20363,0x0626,172,11
20363,0x0627,12,16
20363,0x0628,0,11
20363,0x0629,0,16
20363,0x062A,0,11
20363,0x062B,0,16
20363,0x062C,0,30
20363,0x062D,0,17
20363,0x062E,0,46
20363,0x062F,0,17
20363,0x0630,0,116
20363,0x0631,0,16
20363,0x0632,0,117
20363,0x0633,0,16
20363,0x063C,200,0
20363,0x063D,12,0
20363,0x063E,172,181
20363,0x0640,0,197
20363,0x0641,0,12
20363,0x0642,0,197
20363,0x0643,0,12
20363,0x0644,0,197
20363,0x0645,0,12
20363,0x0646,0,173
20363,0x0647,0,12
20363,0x0874,86,222
20363,0x0875,1,42
20363,0x0876,222,86
20363,0x0877,42,1
20363,0x0894,14,22
20363,0x0895,58,91
20363,0x0896,22,14
20363,0x0897,91,58
20363,0x0908,229,211
20363,0x0909,56,61
20363,0x090C,245,227
20363,0x090D,56,61
20363,0x0910,79,250
20363,0x0911,224,56
20363,0x0912,105,2
20363,0x0913,61,105
20363,0x0914,71,10
20363,0x0915,224,56
20363,0x0916,104,0
20363,0x0917,61,105
20363,0x0B01,0,14
20363,0x0B22,31,32
20363,0x0B24,62,64
20363,0x0B26,124,129
20363,0x0B28,248,2
20363,0x0B29,0,1
20363,0x0B82,31,32
20363,0x0B84,62,64
20363,0x0B86,124,129
20363,0x0B88,248,2
20363,0x0B89,0,1
20363,0x0F99,124,129
20363,0x0F9D,124,129
20363,0x0FD1,124,129
20363,0x0FF0,124,129
20363,0x16F1,3,2
20363,0x16F8,7,19
20363,0x1710,12,20
20363,0x1711,245,227
20363,0x1713,0,36
20363,0x1714,64,69
20363,0x1719,0,73
20363,0x171A,0,1
20363,0x171D,0,47
20363,0x1726,240,230
20363,0x1735,177,167
20363,0x1738,4,12
20363,0x1739,6,2
20363,0x173A,95,99
20363,0x1740,0,200
20363,0x1741,0,74
20363,0x1742,0,176
20363,0x1743,0,2
20363,0x1744,0,54
20363,0x1745,0,177
20363,0x1746,0,2
20363,0x1748,0,3
20363,0x174A,0,2
20363,0x174B,0,3
20363,0x174C,0,9
20363,0x1750,0,156
20363,0x1751,0,10
20363,0x1752,0,1
20363,0x1754,0,64
20363,0x1756,0,52
20363,0x1757,0,254
20363,0x1758,0,255
20363,0x175E,0,9
20363,0x175F,0,12
20363,0x1760,0,154
20363,0x1761,0,2
20363,0x1762,0,220
20363,0x1763,0,8
20363,0x1764,0,222
20363,0x1765,0,8
20363,0x1766,0,252
20363,0x1767,0,8
20363,0x1769,0,1
20363,0x176A,0,238
20363,0x176B,0,4
20363,0x176C,0,124
20363,0x176D,0,12
20363,0x176F,0,5
20363,0x1775,0,189
20363,0x1776,0,110
20363,0x1778,0,16
20363,0x1779,0,6
20363,0x177A,0,95
20363,0x177B,0,193
20373,0x0004,0,2
20373,0x0020,10,248
20373,0x002A,12,8
20373,0x0069,115,125
20373,0x006B,45,55
20373,0x007B,129,134
20373,0x00AD,4,14
20373,0x00CD,144,159
20373,0x00CE,22,52
20373,0x00CF,29,79
20373,0x00D0,33,103
20373,0x0501,196,129
20373,0x0502,93,82
20373,0x0503,8,20
20373,0x0600,94,0
20373,0x0601,8,0
20373,0x0602,20,0
20373,0x0603,8,0
20373,0x0604,36,62
20373,0x0605,8,63
20373,0x0606,52,63
20373,0x0607,8,63
20373,0x0608,116,88
20373,0x0609,16,63
20373,0x060A,117,88
20373,0x060B,16,63
20373,0x060C,0,88
20373,0x060D,0,63
20373,0x060E,0,88
20373,0x060F,0,63
20373,0x0610,0,88
20373,0x0611,0,63
20373,0x0612,0,88
20373,0x0613,0,63
20373,0x0874,222,86
20373,0x0875,42,1
20373,0x0876,86,222
20373,0x0877,1,42
20373,0x0894,22,14
20373,0x0895,91,58
20373,0x0896,14,22
20373,0x0897,58,91
20373,0x0908,211,193
20373,0x0909,61,84
20373,0x090C,227,209
20373,0x090D,61,84
20373,0x0910,250,232
20373,0x0914,10,248
20373,0x0B01,14,10
20373,0x0B22,32,33
20373,0x0B24,64,67
20373,0x0B26,129,134
20373,0x0B28,2,12
20373,0x0B82,32,33
20373,0x0B84,64,67
20373,0x0B86,129,134
20373,0x0B88,2,12
20373,0x0F99,129,134
20373,0x0F9D,129,134
20373,0x0FD1,129,134
20373,0x0FF0,129,134
20373,0x16F8,19,9
20373,0x1710,20,28
20373,0x1711,227,209
20373,0x1713,36,23
20373,0x1714,69,92
20373,0x1719,73,31
20373,0x171A,1,3
20373,0x1726,230,220
20373,0x1735,167,157
20373,0x1738,12,2
20373,0x1750,156,164
20373,0x1751,10,248
20373,0x1752,1,0
20373,0x1766,252,242
20373,0x1775,189,179
20373,0x1778,16,6
20383,0x0004,2,4
20383,0x0020,248,14
20383,0x002A,8,192
20383,0x0069,125,135
20383,0x006B,55,65
20383,0x007B,134,139
20383,0x00AD,14,24
20383,0x00B7,6,8
20383,0x00CA,2,3
20383,0x00CD,159,174
20383,0x00CE,52,82
20383,0x00CF,79,129
20383,0x00D0,103,173
20383,0x0172,52,36
20383,0x0173,173,52
20383,0x01B9,64,128
20383,0x0501,129,145
20383,0x0502,82,94
20383,0x0508,72,81
20383,0x0509,94,85
20383,0x050A,4,20
20383,0x050B,8,20
20383,0x050F,8,130
20383,0x0510,84,82
20383,0x0512,12,40
20383,0x0600,0,118
20383,0x0601,0,16
20383,0x0602,0,120
20383,0x0603,0,16
20383,0x0604,62,217
20383,0x0605,63,80
20383,0x0606,63,154
20383,0x0607,63,17
20383,0x0608,88,11
20383,0x0609,63,16
20383,0x060A,88,11
20383,0x060B,63,16
20383,0x060C,88,31
20383,0x060D,63,17
20383,0x060E,88,47
20383,0x060F,63,17
20383,0x0610,88,116
20383,0x0611,63,16
20383,0x0612,88,118
20383,0x0613,63,16
20383,0x0616,180,0
20383,0x0617,26,0
20383,0x0618,157,0
20383,0x0619,26,0
20383,0x061A,107,0
20383,0x061B,24,0
20383,0x0620,190,0
20383,0x0621,12,0
20383,0x0622,206,0
20383,0x0623,12,0
20383,0x0624,95,0
20383,0x0625,80,0
20383,0x0626,11,0
20383,0x0627,16,0
20383,0x0628,11,0
20383,0x0629,16,0
20383,0x062A,11,0
20383,0x062B,16,0
20383,0x062C,30,48
20383,0x062D,17,63
20383,0x062E,46,64
20383,0x062F,17,63
20383,0x0630,116,80
20383,0x0631,16,63
20383,0x0632,117,34
20383,0x0633,16,63
20383,0x0634,0,56
20383,0x0635,0,63
20383,0x0636,0,72
20383,0x0637,0,63
20383,0x0638,0,56
20383,0x0639,0,63
20383,0x063A,0,72
20383,0x063B,0,63
20383,0x0874,86,222
20383,0x0875,1,42
20383,0x0876,222,86
20383,0x0877,42,1
20383,0x0894,14,22
20383,0x0895,58,91
20383,0x0896,22,14
20383,0x0897,91,58
20383,0x0908,193,175
20383,0x0909,84,114
20383,0x090C,209,191
20383,0x090D,84,114
20383,0x0910,232,214
20383,0x0911,56,58
20383,0x0914,248,230
20383,0x0915,56,58
20383,0x0918,63,254
20383,0x0919,224,56
20383,0x091A,104,2
20383,0x091B,61,105
20383,0x091C,55,14
20383,0x091D,224,56
20383,0x091E,104,0
20383,0x091F,61,105
20383,0x0B01,10,234
20383,0x0B22,33,34
20383,0x0B24,67,69
20383,0x0B26,134,139
20383,0x0B28,12,22
20383,0x0B82,33,34
20383,0x0B84,67,69
20383,0x0B86,134,139
20383,0x0B88,12,22
20383,0x0F99,134,139
20383,0x0F9D,134,139
20383,0x0FD1,134,139
20383,0x0FF0,134,139
20383,0x16F1,2,1
20383,0x16F8,9,21
20383,0x1710,28,36
20383,0x1711,209,191
20383,0x1713,23,38
20383,0x1714,92,122
20383,0x1719,31,181
20383,0x171A,3,2
20383,0x171D,47,239
20383,0x1726,220,210
20383,0x1735,157,147
20383,0x1738,2,45
20383,0x173A,99,103
20383,0x1750,164,172
20383,0x1751,248,230
20383,0x1753,0,193
20383,0x1754,64,66
20383,0x1759,0,235
20383,0x175D,0,47
20383,0x1766,242,232
20383,0x1775,179,169
20383,0x1778,6,14
20383,0x1779,6,2
20383,0x177A,95,99
20383,0x1780,0,200
20383,0x1781,0,74
20383,0x1782,0,176
20383,0x1783,0,2
20383,0x1784,0,54
20383,0x1785,0,177
20383,0x1786,0,2
20383,0x1788,0,3
20383,0x178A,0,2
20383,0x178B,0,3
20383,0x178C,0,9
20383,0x1790,0,52
20383,0x1791,0,14
20383,0x1792,0,1
20383,0x1794,0,64
20383,0x1796,0,52
20383,0x1797,0,254
20383,0x1798,0,255
20383,0x179E,0,9
20383,0x179F,0,12
20383,0x17A0,0,154
20383,0x17A1,0,2
20383,0x17A2,0,220
20383,0x17A3,0,8
20383,0x17A4,0,222
20383,0x17A5,0,8
20383,0x17A6,0,254
20383,0x17A7,0,8
20383,0x17A9,0,1
20383,0x17AA,0,238
20383,0x17AB,0,4
20383,0x17AC,0,124
20383,0x17AD,0,12
20383,0x17AF,0,5
20383,0x17B5,0,191
20383,0x17B6,0,110
20383,0x17B8,0,18
20383,0x17B9,0,6
20383,0x17BA,0,95
20383,0x17BB,0,193
20393,0x0004,4,8
20393,0x0020,14,252
20393,0x002A,192,128
20393,0x0069,135,145
20393,0x006B,65,75
20393,0x007B,139,144
20393,0x00AD,24,34
20393,0x00CD,174,189
20393,0x00CE,82,112
20393,0x00CF,129,179
20393,0x00D0,173,243
20393,0x0172,36,52
20393,0x0173,52,173
20393,0x02FD,39,41
20393,0x0501,145,73
20393,0x0503,20,4
20393,0x0508,81,9
20393,0x0509,85,84
20393,0x050B,20,4
20393,0x050F,130,146
20393,0x0510,82,94
20393,0x0512,40,24
20393,0x0516,144,82
20393,0x0517,94,85
20393,0x0519,32,44
20393,0x051D,80,132
20393,0x051E,85,82
20393,0x0520,52,64
20393,0x0600,118,116
20393,0x0602,120,118
20393,0x0604,217,0
20393,0x0605,80,0
20393,0x0606,154,0
20393,0x0607,17,0
20393,0x0608,11,0
20393,0x0609,16,0
20393,0x060A,11,0
20393,0x060B,16,0
20393,0x060C,31,0
20393,0x060D,17,0
20393,0x060E,47,181
20393,0x060F,17,26
20393,0x0610,116,158
20393,0x0611,16,26
20393,0x0612,118,108
20393,0x0613,16,24
20393,0x0618,0,9
20393,0x0619,0,13
20393,0x061A,0,191
20393,0x061B,0,12
20393,0x061C,0,95
20393,0x061D,0,16
20393,0x061E,0,11
20393,0x061F,0,16
20393,0x0620,0,11
20393,0x0621,0,16
20393,0x0622,0,11
20393,0x0623,0,16
20393,0x0624,0,29
20393,0x0625,0,17
20393,0x0626,0,45
20393,0x0627,0,17
20393,0x0628,0,116
20393,0x0629,0,16
20393,0x062A,0,117
20393,0x062B,0,16
20393,0x062C,48,0
20393,0x062D,63,0
20393,0x062E,64,0
20393,0x062F,63,0
20393,0x0630,80,0
20393,0x0631,63,0
20393,0x0632,34,0
20393,0x0633,63,0
20393,0x0634,56,0
20393,0x0635,63,0
20393,0x0636,72,0
20393,0x0637,63,0
20393,0x0638,56,0
20393,0x0639,63,0
20393,0x063A,72,0
20393,0x063B,63,0
20393,0x063C,0,233
20393,0x063D,0,12
20393,0x063E,181,249
20393,0x0640,197,0
20393,0x0641,12,0
20393,0x0642,197,0
20393,0x0643,12,0
20393,0x0644,197,0
20393,0x0645,12,0
20393,0x0646,173,0
20393,0x0647,12,0
20393,0x0648,0,82
20393,0x0649,0,63
20393,0x064A,0,36
20393,0x064B,0,63
20393,0x064C,0,58
20393,0x064D,0,63
20393,0x064E,0,74
20393,0x064F,0,63
20393,0x0874,222,86
20393,0x0875,42,1
20393,0x0876,86,222
20393,0x0877,1,42
20393,0x0894,22,14
20393,0x0895,91,58
20393,0x0896,14,22
20393,0x0897,58,91
20393,0x0908,175,157
20393,0x0909,114,137
20393,0x090C,191,173
20393,0x090D,114,137
20393,0x0910,214,196
20393,0x0911,58,78
20393,0x0914,230,212
20393,0x0915,58,78
20393,0x0918,254,236
20393,0x091C,14,252
20393,0x0B01,234,170
20393,0x0B22,34,36
20393,0x0B24,69,72
20393,0x0B26,139,144
20393,0x0B28,22,32
20393,0x0B82,34,36
20393,0x0B84,69,72
20393,0x0B86,139,144
20393,0x0B88,22,32
20393,0x0F99,139,144
20393,0x0F9D,139,144
20393,0x0FD1,139,144
20393,0x0FF0,139,144
20393,0x16F8,21,11
20393,0x1710,36,44
20393,0x1711,191,173
20393,0x1713,38,145
20393,0x1714,122,145
20393,0x1719,181,11
20393,0x1726,210,200
20393,0x1735,147,137
20393,0x1738,45,35
20393,0x1750,172,180
20393,0x1751,230,212
20393,0x1753,193,8
20393,0x1754,66,86
20393,0x1759,235,193
20393,0x175A,0,2
20393,0x1766,232,222
20393,0x1775,169,159
20393,0x1778,14,4
20393,0x1790,52,60
20393,0x1791,14,252
20393,0x1792,1,0
20393,0x17A6,254,244
20393,0x17B5,191,181
20393,0x17B8,18,8
20403,0x0004,8,10
20403,0x0020,252,234
20403,0x0022,56,57
20403,0x0069,145,155
20403,0x006B,75,85
20403,0x007B,144,149
20403,0x00AD,34,44
20403,0x00CD,189,204
20403,0x00CE,112,142
20403,0x00CF,179,229
20403,0x00D0,243,57
20403,0x0501,73,133
20403,0x0502,94,82
20403,0x0503,4,20
20403,0x0600,116,0
20403,0x0601,16,0
20403,0x0602,118,0
20403,0x0603,16,0
20403,0x0608,0,83
20403,0x0609,0,63
20403,0x060A,0,37
20403,0x060B,0,63
20403,0x060C,0,59
20403,0x060D,0,63
20403,0x060E,181,75
20403,0x060F,26,63
20403,0x0610,158,0
20403,0x0611,26,0
20403,0x0612,108,0
20403,0x0613,24,0
20403,0x0874,86,222
20403,0x0875,1,42
20403,0x0876,222,86
20403,0x0877,42,1
20403,0x0894,14,22
20403,0x0895,58,91
20403,0x0896,22,14
20403,0x0897,91,58
20403,0x0908,157,139
20403,0x0909,137,154
20403,0x090C,173,155
20403,0x090D,137,154
20403,0x0910,196,178
20403,0x0911,78,108
20403,0x0914,212,194
20403,0x0915,78,108
20403,0x0918,236,218
20403,0x0919,56,57
20403,0x091C,252,234
20403,0x091D,56,57
20403,0x0B22,36,37
20403,0x0B24,72,74
20403,0x0B26,144,149
20403,0x0B28,32,42
20403,0x0B82,36,37
20403,0x0B84,72,74
20403,0x0B86,144,149
20403,0x0B88,32,42
20403,0x0F99,144,149
20403,0x0F9D,144,149
20403,0x0FD1,144,149
20403,0x0FF0,144,149
20403,0x16F8,11,1
20403,0x1710,44,52
20403,0x1711,173,155
20403,0x1713,145,88
20403,0x1714,145,162
20403,0x1719,11,97
20403,0x171A,2,1
20403,0x1726,200,190
20403,0x1735,137,127
20403,0x1738,35,25
20403,0x1750,180,188
20403,0x1751,212,194
20403,0x1753,8,171
20403,0x1754,86,116
20403,0x1759,193,215
20403,0x175D,47,239
20403,0x1766,222,212
20403,0x1775,159,149
20403,0x1778,4,47
20403,0x177A,99,103
20403,0x1790,60,68
20403,0x1791,252,234
20403,0x1793,0,26
20403,0x1794,64,65
20403,0x1799,0,141
20403,0x179D,0,47
20403,0x17A6,244,234
20403,0x17B5,181,171
20403,0x17B8,8,16
20403,0x17B9,6,2
20403,0x17BA,95,99
20413,0x0004,10,12
20413,0x0020,234,216
20413,0x0022,57,72
20413,0x0025,0,1
20413,0x002A,128,8
20413,0x0069,155,165
20413,0x006B,85,95
20413,0x007B,149,154
20413,0x00AD,44,54
20413,0x00B7,8,10
20413,0x00CA,3,4
20413,0x00CD,204,219
20413,0x00CE,142,172
20413,0x00CF,229,23
20413,0x00D0,57,128
20413,0x017D,52,116
20413,0x0501,133,147
20413,0x0502,82,94
20413,0x0508,9,83
20413,0x0509,84,85
20413,0x050B,4,20
20413,0x050F,146,134
20413,0x0510,94,82
20413,0x0512,24,40
20413,0x0600,0,10
20413,0x0601,0,13
20413,0x0602,0,207
20413,0x0603,0,12
20413,0x0604,0,217
20413,0x0605,0,16
20413,0x0606,0,11
20413,0x0607,0,16
20413,0x0608,83,11
20413,0x0609,63,16
20413,0x060A,37,11
20413,0x060B,63,16
20413,0x060C,59,30
20413,0x060D,63,17
20413,0x060E,75,46
20413,0x060F,63,17
20413,0x0610,0,116
20413,0x0611,0,16
20413,0x0612,0,118
20413,0x0613,0,16
20413,0x0616,0,21
20413,0x0617,0,13
20413,0x0618,9,0
20413,0x0619,13,0
20413,0x061A,191,0
20413,0x061B,12,0
20413,0x061C,95,16
20413,0x061D,16,13
20413,0x061E,11,32
20413,0x061F,16,13
20413,0x0620,11,3
20413,0x0621,16,13
20413,0x0622,11,218
20413,0x0623,16,12
20413,0x0624,29,234
20413,0x0625,17,12
20413,0x0626,45,250
20413,0x0627,17,12
20413,0x0628,116,0
20413,0x0629,16,0
20413,0x062A,117,0
20413,0x062B,16,0
20413,0x0630,0,82
20413,0x0631,0,63
20413,0x0632,0,36
20413,0x0633,0,63
20413,0x0634,0,58
20413,0x0635,0,63
20413,0x0636,0,74
20413,0x0637,0,63
20413,0x0874,222,86
20413,0x0875,42,1
20413,0x0876,86,222
20413,0x0877,1,42
20413,0x0894,22,14
20413,0x0895,91,58
20413,0x0896,14,22
20413,0x0897,58,91
20413,0x0908,139,241
20413,0x0909,154,56
20413,0x090C,155,1
20413,0x090D,154,56
20413,0x0910,178,121
20413,0x0911,108,164
20413,0x0914,194,137
20413,0x0915,108,164
20413,0x0918,218,160
20413,0x0919,57,133
20413,0x091C,234,176
20413,0x091D,57,133
20413,0x0920,71,200
20413,0x0921,224,72
20413,0x0922,6,2
20413,0x0923,61,105
20413,0x0924,55,216
20413,0x0925,224,72
20413,0x0926,4,0
20413,0x0927,61,105
20413,0x0B00,170,234
20413,0x0B02,0,10
20413,0x0B22,37,38
20413,0x0B24,74,77
20413,0x0B26,149,154
20413,0x0B28,42,52
20413,0x0B82,37,38
20413,0x0B84,74,77
20413,0x0B86,149,154
20413,0x0B88,42,52
20413,0x0F99,149,154
20413,0x0F9D,149,154
20413,0x0FD1,149,154
20413,0x0FF0,149,154
20413,0x16C0,128,200
20413,0x16C1,165,74
20413,0x16C2,175,176
20413,0x16C4,0,54
20413,0x16C5,0,177
20413,0x16C6,0,2
20413,0x16C8,0,3
20413,0x16CA,0,2
20413,0x16CB,0,3
20413,0x16CC,0,9
20413,0x16D0,0,160
20413,0x16D1,0,1
20413,0x16D2,0,1
20413,0x16D4,0,64
20413,0x16D6,0,52
20413,0x16D7,0,254
20413,0x16D8,0,255
20413,0x16DE,0,9
20413,0x16DF,0,12
20413,0x16E0,0,154
20413,0x16E1,0,2
20413,0x16E2,0,220
20413,0x16E3,0,8
20413,0x16E4,0,222
20413,0x16E5,0,8
20413,0x16E6,0,247
20413,0x16E7,0,8
20413,0x16E9,0,1
20413,0x16EA,0,238
20413,0x16EB,0,4
20413,0x16EC,0,124
20413,0x16ED,0,12
20413,0x16F1,1,0
20413,0x16F5,0,184
20413,0x16F6,0,110
20413,0x16F8,1,11
20413,0x16F9,0,6
20413,0x16FA,0,95
20413,0x16FB,0,193
20413,0x1710,52,60
20413,0x1711,155,137
20413,0x1713,88,123
20413,0x1714,162,172
20413,0x1719,97,183
20413,0x171A,1,0
20413,0x1726,190,180
20413,0x1735,127,117
20413,0x1738,25,15
20413,0x1750,188,196
20413,0x1751,194,176
20413,0x1753,171,106
20413,0x1754,116,141
20413,0x1759,215,45
20413,0x1766,212,202
20413,0x1775,149,139
20413,0x1778,47,37
20413,0x1790,68,76
20413,0x1791,234,216
20413,0x1793,26,181
20413,0x1794,65,80
20413,0x1799,141,99
20413,0x179A,0,2
20413,0x17A6,234,224
20413,0x17B5,171,161
20413,0x17B8,16,6
20423,0x0004,12,14
20423,0x0020,216,198
20423,0x0022,72,102
20423,0x0069,165,175
20423,0x006B,95,105
20423,0x007B,154,159
20423,0x00AD,54,64
20423,0x00CD,219,234
20423,0x00CE,172,202
20423,0x00CF,23,73
20423,0x00D0,128,198
20423,0x017D,116,52
20423,0x02FD,41,39
20423,0x0501,147,135
20423,0x0502,94,82
20423,0x0600,10,0
20423,0x0601,13,0
20423,0x0602,207,0
20423,0x0603,12,0
20423,0x0604,217,0
20423,0x0605,16,0
20423,0x0606,11,0
20423,0x0607,16,0
20423,0x0608,11,83
20423,0x0609,16,63
20423,0x060A,11,37
20423,0x060B,16,63
20423,0x060C,30,59
20423,0x060D,17,63
20423,0x060E,46,75
20423,0x060F,17,63
20423,0x0610,116,0
20423,0x0611,16,0
20423,0x0612,118,0
20423,0x0613,16,0
20423,0x0874,86,222
20423,0x0875,1,42
20423,0x0876,222,86
20423,0x0877,42,1
20423,0x0894,14,22
20423,0x0895,58,91
20423,0x0896,22,14
20423,0x0897,91,58
20423,0x0908,241,223
20423,0x090C,1,239
20423,0x0910,121,103
20423,0x0911,164,167
20423,0x0914,137,119
20423,0x0915,164,167
20423,0x0918,160,142
20423,0x0919,133,151
20423,0x091C,176,158
20423,0x091D,133,151
20423,0x0920,200,182
20423,0x0921,72,102
20423,0x0924,216,198
20423,0x0925,72,102
20423,0x0B00,234,170
20423,0x0B22,38,39
20423,0x0B24,77,79
20423,0x0B26,154,159
20423,0x0B28,52,62
20423,0x0B82,38,39
20423,0x0B84,77,79
20423,0x0B86,154,159
20423,0x0B88,52,62
20423,0x0F99,154,159
20423,0x0F9D,154,159
20423,0x0FD1,154,159
20423,0x0FF0,154,159
20423,0x16D0,160,168
20423,0x16D1,1,239
20423,0x16D2,1,0
20423,0x16E6,247,237
20423,0x16F5,184,174
20423,0x16F8,11,1
20423,0x1710,60,68
20423,0x1711,137,119
20423,0x1713,123,250
20423,0x1714,172,175
20423,0x1719,183,13
20423,0x1726,180,170
20423,0x1735,117,107
20423,0x1738,15,5
20423,0x1750,196,204
20423,0x1751,176,158
20423,0x1753,106,133
20423,0x1754,141,159
20423,0x1759,45,131
20423,0x175A,2,1
20423,0x1766,202,192
20423,0x1775,139,129
20423,0x1778,37,27
20423,0x1790,76,84
20423,0x1791,216,198
20423,0x1793,181,236
20423,0x1794,80,110
20423,0x1799,99,249
20423,0x179D,47,239
20423,0x17A6,224,214
20423,0x17B5,161,151
20423,0x17B8,6,49
20423,0x17BA,99,103
20433,0x0004,14,18
20433,0x0020,198,180
20433,0x0022,102,128
20433,0x0069,175,185
20433,0x006B,105,115
20433,0x007B,159,164
20433,0x00AD,64,74
20433,0x00CD,234,249
20433,0x00CE,202,232
20433,0x00CF,73,123
20433,0x00D0,198,12
20433,0x0501,135,137
20433,0x0508,83,74
20433,0x0509,85,94
20433,0x050A,20,4
20433,0x050B,20,8
20433,0x050F,134,10
20433,0x0510,82,84
20433,0x0512,40,12
20433,0x0516,82,148
20433,0x0517,85,94
20433,0x0519,44,32
20433,0x051D,132,84
20433,0x051E,82,85
20433,0x0520,64,52
20433,0x0524,128,136
20433,0x060E,75,50
20433,0x0614,0,166
20433,0x0615,0,26
20433,0x0616,21,182
20433,0x0617,13,26
20433,0x0618,0,159
20433,0x0619,0,26
20433,0x061A,0,109
20433,0x061B,0,24
20433,0x061C,16,0
20433,0x061D,13,0
20433,0x061E,32,0
20433,0x061F,13,0
20433,0x0620,3,11
20433,0x0622,218,207
20433,0x0624,234,95
20433,0x0625,12,16
20433,0x0626,250,153
20433,0x0627,12,17
20433,0x0628,0,11
20433,0x0629,0,16
20433,0x062A,0,11
20433,0x062B,0,16
20433,0x062C,0,31
20433,0x062D,0,17
20433,0x062E,0,47
20433,0x062F,0,17
20433,0x0630,82,116
20433,0x0631,63,16
20433,0x0632,36,117
20433,0x0633,63,16
20433,0x0634,58,20
20433,0x0635,63,13
20433,0x0636,74,22
20433,0x0637,63,13
20433,0x0638,0,24
20433,0x0639,0,13
20433,0x063A,0,25
20433,0x063B,0,13
20433,0x063C,233,17
20433,0x063D,12,13
20433,0x063E,249,33
20433,0x063F,12,13
20433,0x0640,0,4
20433,0x0641,0,13
20433,0x0642,0,219
20433,0x0643,0,12
20433,0x0644,0,235
20433,0x0645,0,12
20433,0x0646,0,251
20433,0x0647,0,12
20433,0x0648,82,0
20433,0x0649,63,0
20433,0x064A,36,0
20433,0x064B,63,0
20433,0x064C,58,0
20433,0x064D,63,0
20433,0x064E,74,0
20433,0x064F,63,0
20433,0x0650,0,82
20433,0x0651,0,63
20433,0x0652,0,36
20433,0x0653,0,63
20433,0x0654,0,58
20433,0x0655,0,63
20433,0x0874,222,86
20433,0x0875,42,1
20433,0x0876,86,222
20433,0x0877,1,42
20433,0x0894,22,14
20433,0x0895,91,58
20433,0x0896,14,22
20433,0x0897,58,91
20433,0x0908,223,205
20433,0x0909,56,66
20433,0x090C,239,221
20433,0x090D,56,66
20433,0x0910,103,85
20433,0x0914,119,101
20433,0x0918,142,124
20433,0x0919,151,162
20433,0x091C,158,140
20433,0x091D,151,162
20433,0x0920,182,164
20433,0x0921,102,128
20433,0x0924,198,180
20433,0x0925,102,128
20433,0x0B22,39,41
20433,0x0B24,79,82
20433,0x0B26,159,164
20433,0x0B28,62,72
20433,0x0B82,39,41
20433,0x0B84,79,82
20433,0x0B86,159,164
20433,0x0B88,62,72
20433,0x0F99,159,164
20433,0x0F9D,159,164
20433,0x0FD1,159,164
20433,0x0FF0,159,164
20433,0x16D0,168,176
20433,0x16D1,239,221
20433,0x16D3,0,25
20433,0x16D4,64,74
20433,0x16D9,0,214
20433,0x16DA,0,1
20433,0x16DD,0,47
20433,0x16E6,237,227
20433,0x16F5,174,164
20433,0x16F8,1,9
20433,0x16F9,6,2
20433,0x16FA,95,99
20433,0x1710,68,76
20433,0x1711,119,101
20433,0x1713,250,132
20433,0x1719,13,201
20433,0x171A,0,255
20433,0x171B,0,255
20433,0x1726,170,160
20433,0x1735,107,97
20433,0x1738,5,13
20433,0x1739,2,6
20433,0x173A,103,106
20433,0x1750,204,212
20433,0x1751,158,140
20433,0x1753,133,252
20433,0x1754,159,170
20433,0x1759,131,217
20433,0x175A,1,0
20433,0x1766,192,182
20433,0x1775,129,119
20433,0x1778,27,17
20433,0x1790,84,92
20433,0x1791,198,180
20433,0x1793,236,255
20433,0x1794,110,136
20433,0x1799,249,79
20433,0x17A6,214,204
20433,0x17B5,151,141
20433,0x17B8,49,39
20443,0x0004,18,20
20443,0x0020,180,162
20443,0x0022,128,148
20443,0x0069,185,195
20443,0x006B,115,125
20443,0x007B,164,169
20443,0x00AD,74,84
20443,0x00CD,249,8
20443,0x00CE,232,7
20443,0x00CF,123,174
20443,0x00D0,12,82
20443,0x02FD,39,41
20443,0x0501,137,149
20443,0x0502,82,94
20443,0x0508,74,85
20443,0x0509,94,85
20443,0x050A,4,20
20443,0x050B,8,20
20443,0x050F,10,138
20443,0x0510,84,82
20443,0x0512,12,40
20443,0x0600,0,12
20443,0x0601,0,13
20443,0x0602,0,207
20443,0x0603,0,12
20443,0x0604,0,217
20443,0x0605,0,16
20443,0x0606,0,154
20443,0x0607,0,17
20443,0x0608,83,11
20443,0x0609,63,16
20443,0x060A,37,11
20443,0x060B,63,16
20443,0x060C,59,29
20443,0x060D,63,17
20443,0x060E,50,45
20443,0x060F,63,17
20443,0x0610,0,116
20443,0x0611,0,16
20443,0x0612,0,118
20443,0x0613,0,16
20443,0x0614,166,0
20443,0x0615,26,0
20443,0x0616,182,23
20443,0x0617,26,13
20443,0x0618,159,0
20443,0x0619,26,0
20443,0x061A,109,26
20443,0x061B,24,13
20443,0x061C,0,18
20443,0x061D,0,13
20443,0x061E,0,34
20443,0x061F,0,13
20443,0x0620,11,5
20443,0x0622,207,220
20443,0x0624,95,236
20443,0x0625,16,12
20443,0x0626,153,252
20443,0x0627,17,12
20443,0x0628,11,0
20443,0x0629,16,0
20443,0x062A,11,0
20443,0x062B,16,0
20443,0x062C,31,0
20443,0x062D,17,0
20443,0x062E,47,0
20443,0x062F,17,0
20443,0x0630,116,82
20443,0x0631,16,63
20443,0x0632,117,36
20443,0x0633,16,63
20443,0x0634,20,58
20443,0x0635,13,63
20443,0x0636,22,74
20443,0x0637,13,63
20443,0x0638,24,0
20443,0x0639,13,0
20443,0x063A,25,0
20443,0x063B,13,0
20443,0x0874,86,222
20443,0x0875,1,42
20443,0x0876,222,86
20443,0x0877,42,1
20443,0x0894,14,22
20443,0x0895,58,91
20443,0x0896,22,14
20443,0x0897,91,58
20443,0x0908,205,187
20443,0x0909,66,93
20443,0x090C,221,203
20443,0x090D,66,93
20443,0x0910,85,67
20443,0x0914,101,83
20443,0x0918,124,106
20443,0x0919,162,167
20443,0x091C,140,122
20443,0x091D,162,167
20443,0x0920,164,146
20443,0x0921,128,148
20443,0x0924,180,162
20443,0x0925,128,148
20443,0x0B22,41,42
20443,0x0B24,82,84
20443,0x0B26,164,169
20443,0x0B28,72,82
20443,0x0B82,41,42
20443,0x0B84,82,84
20443,0x0B86,164,169
20443,0x0B88,72,82
20443,0x0F99,164,169
20443,0x0F9D,164,169
20443,0x0FD1,164,169
20443,0x0FF0,164,169
20443,0x16D0,176,184
20443,0x16D1,221,203
20443,0x16D3,25,206
20443,0x16D4,74,101
20443,0x16D9,214,44
20443,0x16DA,1,3
20443,0x16DD,47,239
20443,0x16E6,227,217
20443,0x16F5,164,154
20443,0x16F8,9,52
20443,0x16FA,99,103
20443,0x1710,76,84
20443,0x1711,101,83
20443,0x1726,160,150
20443,0x1735,97,87
20443,0x1738,13,3
20443,0x1750,212,220
20443,0x1751,140,122
20443,0x1753,252,207
20443,0x1754,170,175
20443,0x1759,217,47
20443,0x1766,182,172
20443,0x1775,119,109
20443,0x1778,17,7
20443,0x1790,92,100
20443,0x1791,180,162
20443,0x1793,255,110
20443,0x1794,136,156
20443,0x1799,79,165
20443,0x179A,2,1
20443,0x17A6,204,194
20443,0x17B5,141,131
20443,0x17B8,39,29
20453,0x0004,20,22
20453,0x0020,162,144
20453,0x0022,148,161
20453,0x0069,195,205
20453,0x006B,125,135
20453,0x007B,169,174
20453,0x00AD,84,94
20453,0x00CD,8,23
20453,0x00CE,7,37
20453,0x00CF,174,224
20453,0x00D0,82,152
20453,0x0501,149,139
20453,0x0502,94,82
20453,0x0600,12,0
20453,0x0601,13,0
20453,0x0602,207,0
20453,0x0603,12,0
20453,0x0604,217,0
20453,0x0605,16,0
20453,0x0606,154,67
20453,0x0607,17,63
20453,0x0608,11,68
20453,0x0609,16,63
20453,0x060A,11,37
20453,0x060B,16,63
20453,0x060C,29,59
20453,0x060D,17,63
20453,0x060E,45,75
20453,0x060F,17,63
20453,0x0610,116,0
20453,0x0611,16,0
20453,0x0612,118,0
20453,0x0613,16,0
20453,0x0874,222,86
20453,0x0875,42,1
20453,0x0876,86,222
20453,0x0877,1,42
20453,0x0894,22,14
20453,0x0895,91,58
20453,0x0896,14,22
20453,0x0897,58,91
20453,0x0908,187,169
20453,0x0909,93,121
20453,0x090C,203,185
20453,0x090D,93,121
20453,0x0910,67,50
20453,0x0911,167,165
20453,0x0912,2,6
20453,0x0914,83,66
20453,0x0915,167,165
20453,0x0916,0,4
20453,0x0918,106,88
20453,0x091C,122,104
20453,0x0920,146,128
20453,0x0921,148,161
20453,0x0924,162,144
20453,0x0925,148,161
20453,0x0B22,42,43
20453,0x0B24,84,87
20453,0x0B26,169,174
20453,0x0B28,82,92
20453,0x0B82,42,43
20453,0x0B84,84,87
20453,0x0B86,169,174
20453,0x0B88,82,92
20453,0x0F99,169,174
20453,0x0F9D,169,174
20453,0x0FD1,169,174
20453,0x0FF0,169,174
20453,0x16D0,184,192
20453,0x16D1,203,185
20453,0x16D3,206,223
20453,0x16D4,101,129
20453,0x16D9,44,130
20453,0x16DA,3,2
20453,0x16E6,217,207
20453,0x16F5,154,144
20453,0x16F8,52,42
20453,0x1710,84,124
20453,0x1711,83,66
20453,0x1713,132,24
20453,0x1714,175,173
20453,0x1716,52,116
20453,0x1719,201,161
20453,0x171C,0,8
20453,0x171D,239,251
20453,0x1722,220,217
20453,0x1724,222,219
20453,0x1726,150,247
20453,0x172C,124,111
20453,0x172D,12,43
20453,0x1735,87,77
20453,0x1738,3,39
20453,0x1739,6,0
20453,0x173A,106,111
20453,0x1750,220,228
20453,0x1751,122,104
20453,0x1753,207,132
20453,0x1759,47,201
20453,0x175A,0,255
20453,0x175B,0,255
20453,0x1766,172,162
20453,0x1775,109,99
20453,0x1778,7,15
20453,0x1779,2,6
20453,0x177A,103,106
20453,0x1790,100,108
20453,0x1791,162,144
20453,0x1793,110,57
20453,0x1794,156,169
20453,0x1799,165,251
20453,0x179A,1,0
20453,0x17A6,194,184
20453,0x17B5,131,121
20453,0x17B8,29,19
20463,0x0004,22,24
20463,0x0020,144,126
20463,0x0022,161,167
20463,0x0069,205,215
20463,0x006B,135,145
20463,0x007B,174,179
20463,0x00AD,94,104
20463,0x00CD,23,38
20463,0x00CE,37,67
20463,0x00CF,224,18
20463,0x00D0,152,223
20463,0x0501,139,75
20463,0x0502,82,94
20463,0x0503,20,4
20463,0x0508,85,11
20463,0x0509,85,84
20463,0x050B,20,4
20463,0x050F,138,150
20463,0x0510,82,94
20463,0x0512,40,24
20463,0x0516,148,86
20463,0x0517,94,85
20463,0x0519,32,44
20463,0x051D,84,140
20463,0x051E,85,82
20463,0x0520,52,64
20463,0x0600,0,116
20463,0x0601,0,16
20463,0x0602,0,118
20463,0x0603,0,16
20463,0x0606,67,0
20463,0x0607,63,0
20463,0x0608,68,0
20463,0x0609,63,0
20463,0x060A,37,0
20463,0x060B,63,0
20463,0x060C,59,167
20463,0x060D,63,26
20463,0x060E,75,183
20463,0x060F,63,26
20463,0x0610,0,173
20463,0x0611,0,26
20463,0x0612,0,127
20463,0x0613,0,24
20463,0x0616,23,0
20463,0x0617,13,0
20463,0x0618,0,13
20463,0x0619,0,13
20463,0x061A,26,207
20463,0x061B,13,12
20463,0x061C,18,95
20463,0x061D,13,80
20463,0x061E,34,11
20463,0x061F,13,16
20463,0x0620,5,11
20463,0x0621,13,16
20463,0x0622,220,11
20463,0x0623,12,16
20463,0x0624,236,30
20463,0x0625,12,17
20463,0x0626,252,46
20463,0x0627,12,17
20463,0x0628,0,116
20463,0x0629,0,16
20463,0x062A,0,117
20463,0x062B,0,16
20463,0x0630,82,0
20463,0x0631,63,0
20463,0x0632,36,27
20463,0x0633,63,13
20463,0x0634,58,19
20463,0x0635,63,13
20463,0x0636,74,35
20463,0x0637,63,13
20463,0x0638,0,6
20463,0x0639,0,13
20463,0x063A,0,221
20463,0x063B,0,12
20463,0x063C,17,237
20463,0x063D,13,12
20463,0x063E,33,253
20463,0x063F,13,12
20463,0x0640,4,0
20463,0x0641,13,0
20463,0x0642,219,0
20463,0x0643,12,0
20463,0x0644,235,0
20463,0x0645,12,0
20463,0x0646,251,0
20463,0x0647,12,0
20463,0x0648,0,82
20463,0x0649,0,63
20463,0x064A,0,36
20463,0x064B,0,63
20463,0x064C,0,58
20463,0x064D,0,63
20463,0x064E,0,74
20463,0x064F,0,63
20463,0x0650,82,0
20463,0x0651,63,0
20463,0x0652,36,0
20463,0x0653,63,0
20463,0x0874,86,222
20463,0x0875,1,42
20463,0x0876,222,86
20463,0x0877,42,1
20463,0x0894,14,22
20463,0x0895,58,91
20463,0x0896,22,14
20463,0x0897,91,58
20463,0x0908,169,151
20463,0x0909,121,143
20463,0x090C,185,167
20463,0x090D,121,143
20463,0x0910,50,36
20463,0x0911,165,160
20463,0x0914,66,52
20463,0x0915,165,160
20463,0x0918,88,70
20463,0x091C,104,86
20463,0x0920,128,110
20463,0x0921,161,167
20463,0x0924,144,126
20463,0x0925,161,167
20463,0x0B22,43,44
20463,0x0B24,87,89
20463,0x0B26,174,179
20463,0x0B28,92,102
20463,0x0B82,43,44
20463,0x0B84,87,89
20463,0x0B86,174,179
20463,0x0B88,92,102
20463,0x0F99,174,179
20463,0x0F9D,174,179
20463,0x0FD1,174,179
20463,0x0FF0,174,179
20463,0x16D0,192,200
20463,0x16D1,185,167
20463,0x16D3,223,76
20463,0x16D4,129,151
20463,0x16D9,130,216
20463,0x16DA,2,1
20463,0x16E6,207,197
20463,0x16F5,144,134
20463,0x16F8,42,32
20463,0x1710,124,188
20463,0x1711,66,52
20463,0x1713,24,79
20463,0x1714,173,168
20463,0x1716,116,196
20463,0x1719,161,111
20463,0x1726,247,237
20463,0x1735,77,67
20463,0x1738,39,29
20463,0x1750,228,236
20463,0x1751,104,86
20463,0x1766,162,152
20463,0x1775,99,89
20463,0x1778,15,5
20463,0x1790,108,116
20463,0x1791,144,126
20463,0x1793,57,96
20463,0x1794,169,175
20463,0x1799,251,81
20463,0x17A6,184,174
20463,0x17B5,121,111
20463,0x17B8,19,9
20473,0x0004,24,28
20473,0x0020,126,108
20473,0x0069,215,225
20473,0x006B,145,155
20473,0x007B,179,184
20473,0x00AD,104,114
20473,0x00CD,38,53
20473,0x00CE,67,97
20473,0x00CF,18,68
20473,0x00D0,223,37
20473,0x0172,52,54
20473,0x02FD,41,39
20473,0x0501,75,151
20473,0x0503,4,20
20473,0x0508,11,87
20473,0x0509,84,85
20473,0x050B,4,20
20473,0x050F,150,142
20473,0x0510,94,82
20473,0x0512,24,40
20473,0x0600,116,14
20473,0x0601,16,13
20473,0x0602,118,207
20473,0x0603,16,12
20473,0x0604,0,217
20473,0x0605,0,80
20473,0x0606,0,154
20473,0x0607,0,17
20473,0x0608,0,11
20473,0x0609,0,16
20473,0x060A,0,11
20473,0x060B,0,16
20473,0x060C,167,31
20473,0x060D,26,17
20473,0x060E,183,47
20473,0x060F,26,17
20473,0x0610,173,116
20473,0x0611,26,16
20473,0x0612,127,118
20473,0x0613,24,16
20473,0x0618,13,0
20473,0x0619,13,0
20473,0x061A,207,0
20473,0x061B,12,0
20473,0x061C,95,0
20473,0x061D,80,0
20473,0x061E,11,0
20473,0x061F,16,0
20473,0x0620,11,0
20473,0x0621,16,0
20473,0x0622,11,222
20473,0x0623,16,12
20473,0x0624,30,238
20473,0x0625,17,12
20473,0x0626,46,254
20473,0x0627,17,12
20473,0x0628,116,0
20473,0x0629,16,0
20473,0x062A,117,0
20473,0x062B,16,0
20473,0x0630,0,82
20473,0x0631,0,63
20473,0x0632,27,36
20473,0x0633,13,63
20473,0x0634,19,58
20473,0x0635,13,63
20473,0x0636,35,74
20473,0x0637,13,63
20473,0x0638,6,0
20473,0x0639,13,0
20473,0x063A,221,0
20473,0x063B,12,0
20473,0x0874,222,86
20473,0x0875,42,1
20473,0x0876,86,222
20473,0x0877,1,42
20473,0x0894,22,14
20473,0x0895,91,58
20473,0x0896,14,22
20473,0x0897,58,91
20473,0x0908,151,133
20473,0x0909,143,158
20473,0x090C,167,149
20473,0x090D,143,158
20473,0x0910,36,26
20473,0x0911,160,153
20473,0x0914,52,42
20473,0x0915,160,153
20473,0x0918,70,53
20473,0x0919,167,165
20473,0x091A,2,6
20473,0x091C,86,69
20473,0x091D,167,165
20473,0x091E,0,4
20473,0x0920,110,92
20473,0x0924,126,108
20473,0x0B22,44,46
20473,0x0B24,89,92
20473,0x0B26,179,184
20473,0x0B28,102,112
20473,0x0B82,44,46
20473,0x0B84,89,92
20473,0x0B86,179,184
20473,0x0B88,102,112
20473,0x0F99,179,184
20473,0x0F9D,179,184
20473,0x0FD1,179,184
20473,0x0FF0,179,184
20473,0x16D0,200,208
20473,0x16D1,167,149
20473,0x16D3,76,21
20473,0x16D4,151,166
20473,0x16D9,216,46
20473,0x16E6,197,187
20473,0x16F5,134,124
20473,0x16F8,32,22
20473,0x1710,188,28
20473,0x1711,52,42
20473,0x1713,79,146
20473,0x1714,168,161
20473,0x1716,196,20
20473,0x1717,254,255
20473,0x1719,111,61
20473,0x1726,237,227
20473,0x1735,67,57
20473,0x1738,29,19
20473,0x1750,236,156
20473,0x1751,86,69
20473,0x1753,132,209
20473,0x1754,175,173
20473,0x1756,52,100
20473,0x1759,201,171
20473,0x175C,0,8
20473,0x175D,239,251
20473,0x1762,220,217
20473,0x1764,222,219
20473,0x1766,152,249
20473,0x176C,124,111
20473,0x176D,12,43
20473,0x1775,89,79
20473,0x1778,5,41
20473,0x1779,6,0
20473,0x177A,106,111
20473,0x1790,116,124
20473,0x1791,126,108
20473,0x1793,96,132
20473,0x1799,81,201
20473,0x179A,0,255
20473,0x179B,0,255
20473,0x17A6,174,164
20473,0x17B5,111,101
20473,0x17B8,9,17
20473,0x17B9,2,6
20473,0x17BA,103,106
20483,0x0004,28,30
20483,0x0020,108,90
20483,0x0069,225,235
20483,0x006B,155,165
20483,0x007B,184,189
20483,0x00AD,114,124
20483,0x00CD,53,68
20483,0x00CE,97,127
20483,0x00CF,68,118
20483,0x00D0,37,107
20483,0x02FD,39,41
20483,0x0501,151,143
20483,0x0502,94,82
20483,0x0600,14,0
20483,0x0601,13,0
20483,0x0602,207,0
20483,0x0603,12,0
20483,0x0604,217,0
20483,0x0605,80,0
20483,0x0606,154,0
20483,0x0607,17,0
20483,0x0608,11,83
20483,0x0609,16,63
20483,0x060A,11,37
20483,0x060B,16,63
20483,0x060C,31,59
20483,0x060D,17,63
20483,0x060E,47,75
20483,0x060F,17,63
20483,0x0610,116,0
20483,0x0611,16,0
20483,0x0612,118,0
20483,0x0613,16,0
20483,0x0874,86,222
20483,0x0875,1,42
20483,0x0876,222,86
20483,0x0877,42,1
20483,0x0894,14,22
20483,0x0895,58,91
20483,0x0896,22,14
20483,0x0897,91,58
20483,0x0908,133,115
20483,0x0909,158,166
20483,0x090C,149,131
20483,0x090D,158,166
20483,0x0910,26,18
20483,0x0911,153,144
20483,0x0914,42,34
20483,0x0915,153,144
20483,0x0918,53,39
20483,0x0919,165,161
20483,0x091C,69,55
20483,0x091D,165,161
20483,0x0920,92,74
20483,0x0924,108,90
20483,0x0B22,46,47
20483,0x0B24,92,94
20483,0x0B26,184,189
20483,0x0B28,112,122
20483,0x0B82,46,47
20483,0x0B84,92,94
20483,0x0B86,184,189
20483,0x0B88,112,122
20483,0x0F99,184,189
20483,0x0F9D,184,189
20483,0x0FD1,184,189
20483,0x0FF0,184,189
20483,0x16D0,208,216
20483,0x16D1,149,131
20483,0x16D3,21,58
20483,0x16D4,166,174
20483,0x16D9,46,132
20483,0x16DA,1,0
20483,0x16E6,187,177
20483,0x16F5,124,114
20483,0x16F8,22,12
20483,0x1710,28,156
20483,0x1711,42,34
20483,0x1713,146,225
20483,0x1714,161,152
20483,0x1716,20,100
20483,0x1719,61,11
20483,0x1726,227,217
20483,0x1735,57,47
20483,0x1738,19,9
20483,0x1750,156,60
20483,0x1751,69,55
20483,0x1753,209,108
20483,0x1754,173,169
20483,0x1756,100,180
20483,0x1759,171,121
20483,0x1766,249,239
20483,0x1775,79,69
20483,0x1778,41,31
20483,0x1790,124,132
20483,0x1791,108,90
20483,0x17A6,164,154
20483,0x17B5,101,91
20483,0x17B8,17,7
20493,0x0004,30,32
20493,0x0020,90,72
20493,0x0022,167,166
20493,0x0024,0,4
20493,0x0069,235,245
20493,0x006B,165,175
20493,0x007B,189,194
20493,0x00AD,124,134
20493,0x00CD,68,83
20493,0x00CE,127,157
20493,0x00CF,118,168
20493,0x00D0,107,177
20493,0x0175,52,54
20493,0x0178,52,54
20493,0x0501,143,198
20493,0x0502,82,93
20493,0x0503,20,8
20493,0x0508,87,76
20493,0x0509,85,94
20493,0x050A,20,4
20493,0x050B,20,8
20493,0x050F,142,12
20493,0x0510,82,84
20493,0x0512,40,12
20493,0x0516,86,152
20493,0x0517,85,94
20493,0x0519,44,32
20493,0x051D,140,88
20493,0x051E,82,85
20493,0x0520,64,52
20493,0x0524,136,144
20493,0x0600,0,74
20493,0x0601,0,8
20493,0x0602,0,22
20493,0x0603,0,8
20493,0x0604,0,38
20493,0x0605,0,8
20493,0x0606,0,54
20493,0x0607,0,8
20493,0x0608,83,192
20493,0x0609,63,22
20493,0x060A,37,193
20493,0x060B,63,22
20493,0x060C,59,0
20493,0x060D,63,0
20493,0x060E,75,0
20493,0x060F,63,0
20493,0x0612,0,152
20493,0x0613,0,26
20493,0x0614,0,168
20493,0x0615,0,26
20493,0x0616,0,184
20493,0x0617,0,26
20493,0x0618,0,174
20493,0x0619,0,26
20493,0x061A,0,151
20493,0x061B,0,90
20493,0x0620,0,15
20493,0x0621,0,13
20493,0x0622,222,246
20493,0x0624,238,95
20493,0x0625,12,16
20493,0x0626,254,153
20493,0x0627,12,17
20493,0x0628,0,11
20493,0x0629,0,16
20493,0x062A,0,11
20493,0x062B,0,16
20493,0x062C,0,29
20493,0x062D,0,17
20493,0x062E,0,45
20493,0x062F,0,17
20493,0x0630,82,116
20493,0x0631,63,16
20493,0x0632,36,117
20493,0x0633,63,16
20493,0x0634,58,0
20493,0x0635,63,0
20493,0x0636,74,0
20493,0x0637,63,0
20493,0x063C,237,0
20493,0x063D,12,0
20493,0x063E,253,0
20493,0x063F,12,0
20493,0x0642,0,223
20493,0x0643,0,12
20493,0x0644,0,239
20493,0x0645,0,12
20493,0x0646,0,255
20493,0x0647,0,12
20493,0x0648,82,0
20493,0x0649,63,0
20493,0x064A,36,0
20493,0x064B,63,0
20493,0x064C,58,0
20493,0x064D,63,0
20493,0x064E,74,0
20493,0x064F,63,0
20493,0x0650,0,82
20493,0x0651,0,63
20493,0x0652,0,36
20493,0x0653,0,63
20493,0x0656,0,74
20493,0x0657,0,63
20493,0x0874,222,86
20493,0x0875,42,1
20493,0x0876,86,222
20493,0x0877,1,42
20493,0x0894,22,14
20493,0x0895,91,58
20493,0x0896,14,22
20493,0x0897,58,91
20493,0x0908,115,97
20493,0x0909,166,167
20493,0x090C,131,113
20493,0x090D,166,167
20493,0x0910,18,14
20493,0x0911,144,134
20493,0x0914,34,30
20493,0x0915,144,134
20493,0x0918,39,27
20493,0x0919,161,155
20493,0x091C,55,43
20493,0x091D,161,155
20493,0x0920,74,56
20493,0x0921,167,166
20493,0x0922,2,6
20493,0x0924,90,72
20493,0x0925,167,166
20493,0x0926,0,4
20493,0x0B22,47,48
20493,0x0B24,94,97
20493,0x0B26,189,194
20493,0x0B28,122,132
20493,0x0B82,47,48
20493,0x0B84,94,97
20493,0x0B86,189,194
20493,0x0B88,122,132
20493,0x0F99,189,194
20493,0x0F9D,189,194
20493,0x0FD1,189,194
20493,0x0FF0,189,194
20493,0x16D0,216,224
20493,0x16D1,131,113
20493,0x16D3,58,187
20493,0x16D4,174,175
20493,0x16D9,132,218
20493,0x16DA,0,255
20493,0x16DB,0,255
20493,0x16E6,177,167
20493,0x16F5,114,104
20493,0x16F8,12,2
20493,0x1710,156,42
20493,0x1711,34,30
20493,0x1713,225,63
20493,0x1714,152,142
20493,0x1716,100,168
20493,0x1719,11,219
20493,0x171A,255,254
20493,0x171C,8,2
20493,0x171D,251,252
20493,0x1722,217,13
20493,0x1723,8,12
20493,0x1724,219,15
20493,0x1725,8,12
20493,0x1726,217,4
20493,0x1735,47,37
20493,0x1738,9,23
20493,0x173A,111,116
20493,0x1750,60,252
20493,0x1751,55,43
20493,0x1753,108,19
20493,0x1754,169,163
20493,0x1756,180,4
20493,0x1757,254,255
20493,0x1759,121,71
20493,0x1766,239,229
20493,0x1775,69,59
20493,0x1778,31,21
20493,0x1790,132,220
20493,0x1791,90,72
20493,0x1793,132,118
20493,0x1794,175,174
20493,0x1796,52,84
20493,0x1799,201,181
20493,0x179C,0,8
20493,0x179D,239,251
20493,0x17A2,220,217
20493,0x17A4,222,219
20493,0x17A6,154,251
20493,0x17AC,124,111
20493,0x17AD,12,43
20493,0x17B5,91,81
20493,0x17B8,7,43
20493,0x17B9,6,0
20493,0x17BA,106,111
20503,0x0004,32,34
20503,0x0020,72,57
20503,0x0022,166,162
20503,0x0069,245,255
20503,0x006B,175,185
20503,0x007B,194,199
20503,0x00AD,134,144
20503,0x00CD,83,98
20503,0x00CE,157,187
20503,0x00CF,168,218
20503,0x00D0,177,247
20503,0x02FD,41,39
20503,0x0501,198,145
20503,0x0502,93,82
20503,0x0503,8,20
20503,0x0600,74,0
20503,0x0601,8,0
20503,0x0602,22,0
20503,0x0603,8,0
20503,0x0604,38,0
20503,0x0605,8,0
20503,0x0606,54,0
20503,0x0607,8,0
20503,0x0608,192,83
20503,0x0609,22,63
20503,0x060A,193,37
20503,0x060B,22,63
20503,0x060C,0,59
20503,0x060D,0,63
20503,0x060E,0,75
20503,0x060F,0,63
20503,0x0612,152,0
20503,0x0613,26,0
20503,0x0874,86,222
20503,0x0875,1,42
20503,0x0876,222,86
20503,0x0877,42,1
20503,0x0894,14,22
20503,0x0895,58,91
20503,0x0896,22,14
20503,0x0897,91,58
20503,0x0908,97,79
20503,0x090C,113,95
20503,0x0910,14,11
20503,0x0911,134,121
20503,0x0912,6,14
20503,0x0914,30,27
20503,0x0915,134,121
20503,0x0916,4,12
20503,0x0918,27,19
20503,0x0919,155,146
20503,0x091C,43,35
20503,0x091D,155,146
20503,0x0920,56,41
20503,0x0921,166,162
20503,0x0924,72,57
20503,0x0925,166,162
20503,0x0B22,48,49
20503,0x0B24,97,99
20503,0x0B26,194,199
20503,0x0B28,132,142
20503,0x0B82,48,49
20503,0x0B84,97,99
20503,0x0B86,194,199
20503,0x0B88,132,142
20503,0x0F99,194,199
20503,0x0F9D,194,199
20503,0x0FD1,194,199
20503,0x0FF0,194,199
20503,0x16D0,224,232
20503,0x16D1,113,95
20503,0x16D3,187,132
20503,0x16D9,218,201
20503,0x16E6,167,157
20503,0x16F5,104,94
20503,0x16F8,2,10
20503,0x16F9,2,6
20503,0x16FA,103,106
20503,0x1710,42,40
20503,0x1711,30,27
20503,0x1713,63,241
20503,0x1714,142,129
20503,0x1716,168,188
20503,0x1719,219,179
20503,0x1724,15,19
20503,0x1726,4,6
20503,0x172C,111,93
20503,0x1735,37,27
20503,0x1738,23,13
20503,0x1750,252,220
20503,0x1751,43,35
20503,0x1753,19,198
20503,0x1754,163,154
20503,0x1756,4,84
20503,0x1759,71,21
20503,0x1766,229,219
20503,0x1775,59,49
20503,0x1778,21,11
20503,0x1791,72,57
20503,0x1793,118,117
20503,0x1794,174,170
20503,0x1796,84,164
20503,0x1799,181,131
20503,0x17A6,251,241
20503,0x17B5,81,71
20503,0x17B8,43,33
20513,0x0004,34,38
20513,0x0020,57,45
20513,0x0022,162,156
20513,0x0069,255,9
20513,0x006B,185,195
20513,0x007B,199,204
20513,0x00AD,144,154
20513,0x00CD,98,113
20513,0x00CE,187,217
20513,0x00CF,218,12
20513,0x00D0,247,62
20513,0x02FD,39,41
20513,0x0501,145,147
20513,0x0508,76,89
20513,0x0509,94,85
20513,0x050A,4,20
20513,0x050B,8,20
20513,0x050F,12,146
20513,0x0510,84,82
20513,0x0512,12,40
20513,0x0606,0,67
20513,0x0607,0,63
20513,0x0608,83,68
20513,0x060E,75,50
20513,0x0614,168,0
20513,0x0615,26,0
20513,0x0616,184,0
20513,0x0617,26,0
20513,0x0618,174,0
20513,0x0619,26,0
20513,0x061A,151,0
20513,0x061B,90,0
20513,0x0620,15,0
20513,0x0621,13,0
20513,0x0622,246,0
20513,0x0623,12,13
20513,0x0624,95,1
20513,0x0625,16,13
20513,0x0626,153,2
20513,0x0627,17,13
20513,0x0628,11,0
20513,0x0629,16,0
20513,0x062A,11,0
20513,0x062B,16,0
20513,0x062C,29,0
20513,0x062D,17,0
20513,0x062E,45,0
20513,0x062F,17,0
20513,0x0630,116,82
20513,0x0631,16,63
20513,0x0632,117,36
20513,0x0633,16,63
20513,0x0634,0,58
20513,0x0635,0,63
20513,0x0874,222,86
20513,0x0875,42,1
20513,0x0876,86,222
20513,0x0877,1,42
20513,0x0894,22,14
20513,0x0895,91,58
20513,0x0896,14,22
20513,0x0897,58,91
20513,0x0908,79,61
20513,0x090A,2,6
20513,0x090C,95,77
20513,0x090E,0,4
20513,0x0910,11,24
20513,0x0911,121,108
20513,0x0913,105,41
20513,0x0914,27,8
20513,0x0915,121,108
20513,0x0917,105,41
20513,0x0918,19,14
20513,0x0919,146,136
20513,0x091C,35,30
20513,0x091D,146,136
20513,0x0920,41,29
20513,0x0921,162,156
20513,0x0924,57,45
20513,0x0925,162,156
20513,0x0B22,49,51
20513,0x0B24,99,102
20513,0x0B26,199,204
20513,0x0B28,142,152
20513,0x0B82,49,51
20513,0x0B84,99,102
20513,0x0B86,199,204
20513,0x0B88,142,152
20513,0x0F99,199,204
20513,0x0F9D,199,204
20513,0x0FD1,199,204
20513,0x0FF0,199,204
20513,0x16D0,232,248
20513,0x16D1,95,77
20513,0x16D3,132,72
20513,0x16D6,52,60
20513,0x16D9,201,196
20513,0x16DC,0,8
20513,0x16DD,239,251
20513,0x16E2,220,217
20513,0x16E4,222,219
20513,0x16E6,157,254
20513,0x16EC,124,111
20513,0x16ED,12,43
20513,0x16F5,94,84
20513,0x16F8,10,46
20513,0x16F9,6,0
20513,0x16FA,106,111
20513,0x1710,40,238
20513,0x1711,27,24
20513,0x1713,241,19
20513,0x1714,129,116
20513,0x1716,188,208
20513,0x1719,179,139
20513,0x1724,19,21
20513,0x1726,6,2
20513,0x172C,93,129
20513,0x1735,27,17
20513,0x1738,13,3
20513,0x1751,35,30
20513,0x1753,198,133
20513,0x1754,154,144
20513,0x1756,84,164
20513,0x1759,21,227
20513,0x175A,255,254
20513,0x1766,219,209
20513,0x1775,49,39
20513,0x1778,11,1
20513,0x1790,220,252
20513,0x1791,57,45
20513,0x1793,117,128
20513,0x1794,170,164
20513,0x1796,164,244
20513,0x1799,131,81
20513,0x17A6,241,231
20513,0x17B5,71,61
20513,0x17B8,33,23
20523,0x0004,38,40
20523,0x0020,45,37
20523,0x0022,156,148
20523,0x0069,9,19
20523,0x006B,195,205
20523,0x007B,204,209
20523,0x00AD,154,164
20523,0x00CD,113,128
20523,0x00CE,217,247
20523,0x00CF,12,62
20523,0x00D0,62,132
20523,0x017D,52,116
20523,0x02FD,41,39
20523,0x0501,147,77
20523,0x0502,82,94
20523,0x0503,20,4
20523,0x0508,89,13
20523,0x0509,85,84
20523,0x050B,20,4
20523,0x050F,146,154
20523,0x0510,82,94
20523,0x0512,40,24
20523,0x0516,152,90
20523,0x0517,94,85
20523,0x0519,32,44
20523,0x051D,88,148
20523,0x051E,85,82
20523,0x0520,52,64
20523,0x0600,0,192
20523,0x0601,0,22
20523,0x0602,0,209
20523,0x0603,0,22
20523,0x0606,67,0
20523,0x0607,63,0
20523,0x0608,68,0
20523,0x0609,63,0
20523,0x060A,37,153
20523,0x060B,63,26
20523,0x060C,59,169
20523,0x060D,63,26
20523,0x060E,50,185
20523,0x060F,63,26
20523,0x0610,0,175
20523,0x0611,0,26
20523,0x0612,0,127
20523,0x0613,0,88
20523,0x0618,0,213
20523,0x0619,0,12
20523,0x061A,0,119
20523,0x061B,0,12
20523,0x061C,0,95
20523,0x061D,0,16
20523,0x061E,0,153
20523,0x061F,0,17
20523,0x0620,0,11
20523,0x0621,0,16
20523,0x0622,0,11
20523,0x0623,13,16
20523,0x0624,1,31
20523,0x0625,13,17
20523,0x0626,2,47
20523,0x0627,13,17
20523,0x0628,0,116
20523,0x0629,0,16
20523,0x062A,0,117
20523,0x062B,0,16
20523,0x0630,82,0
20523,0x0631,63,0
20523,0x0632,36,0
20523,0x0633,63,0
20523,0x0634,58,0
20523,0x0635,63,0
20523,0x0636,0,181
20523,0x0637,0,12
20523,0x0638,0,197
20523,0x0639,0,12
20523,0x063A,0,197
20523,0x063B,0,12
20523,0x063C,0,197
20523,0x063D,0,12
20523,0x063E,0,197
20523,0x063F,0,12
20523,0x0642,223,0
20523,0x0643,12,0
20523,0x0644,239,0
20523,0x0645,12,0
20523,0x0646,255,0
20523,0x0647,12,0
20523,0x0648,0,82
20523,0x0649,0,63
20523,0x064A,0,36
20523,0x064B,0,63
20523,0x064C,0,58
20523,0x064D,0,63
20523,0x064E,0,74
20523,0x064F,0,63
20523,0x0650,82,0
20523,0x0651,63,0
20523,0x0652,36,0
20523,0x0653,63,0
20523,0x0874,86,222
20523,0x0875,1,42
20523,0x0876,222,86
20523,0x0877,42,1
20523,0x0894,14,22
20523,0x0895,58,91
20523,0x0896,22,14
20523,0x0897,91,58
20523,0x0908,61,46
20523,0x0909,167,163
20523,0x090C,77,62
20523,0x090D,167,163
20523,0x0911,108,93
20523,0x0912,14,6
20523,0x0915,108,93
20523,0x0916,12,4
20523,0x0918,14,11
20523,0x0919,136,124
20523,0x091A,6,10
20523,0x091C,30,27
20523,0x091D,136,124
20523,0x091E,4,8
20523,0x0920,29,21
20523,0x0921,156,148
20523,0x0924,45,37
20523,0x0925,156,148
20523,0x0B22,51,52
20523,0x0B24,102,104
20523,0x0B26,204,209
20523,0x0B28,152,162
20523,0x0B82,51,52
20523,0x0B84,102,104
20523,0x0B86,204,209
20523,0x0B88,152,162
20523,0x0F99,204,209
20523,0x0F9D,204,209
20523,0x0FD1,204,209
20523,0x0FF0,204,209
20523,0x16D0,248,8
20523,0x16D1,77,62
20523,0x16D3,72,221
20523,0x16D4,175,171
20523,0x16D6,60,140
20523,0x16D9,196,146
20523,0x16E6,254,244
20523,0x16F5,84,74
20523,0x16F8,46,36
20523,0x1710,238,120
20523,0x1713,19,161
20523,0x1714,116,101
20523,0x1716,208,28
20523,0x1717,255,0
20523,0x1718,255,0
20523,0x1719,139,155
20523,0x171C,2,9
20523,0x171D,252,3
20523,0x1724,21,25
20523,0x1726,2,253
20523,0x172C,129,147
20523,0x1735,17,7
20523,0x1738,3,17
20523,0x173A,116,121
20523,0x1750,220,178
20523,0x1751,30,27
20523,0x1753,133,135
20523,0x1754,144,132
20523,0x1756,164,184
20523,0x1759,227,187
20523,0x175C,8,2
20523,0x175D,251,252
20523,0x1762,217,13
20523,0x1763,8,12
20523,0x1764,219,17
20523,0x1765,8,12
20523,0x1766,209,2
20523,0x176C,111,102
20523,0x1775,39,29
20523,0x1778,1,15
20523,0x177A,111,116
20523,0x1790,252,60
20523,0x1791,45,37
20523,0x1793,128,151
20523,0x1794,164,156
20523,0x1796,244,68
20523,0x1797,254,255
20523,0x1799,81,31
20523,0x17A6,231,221
20523,0x17B5,61,51
20523,0x17B8,23,13
20533,0x0000,74,127
20533,0x0001,176,249
20533,0x0002,2,4
20533,0x0004,40,42
20533,0x0020,37,25
20533,0x0022,148,89
20533,0x0024,4,7
20533,0x0025,1,0
20533,0x0026,105,36
20533,0x0028,40,36
20533,0x002A,8,0
20533,0x0069,19,29
20533,0x006B,205,215
20533,0x007B,209,214
20533,0x00AD,164,174
20533,0x00B7,10,11
20533,0x00CD,128,143
20533,0x00CE,247,46
20533,0x00CF,62,113
20533,0x00D0,132,202
20533,0x00D1,0,1
20533,0x016C,0,19
20533,0x016F,1,23
20533,0x0170,0,36
20533,0x0171,0,192
20533,0x0175,54,52
20533,0x0176,107,144
20533,0x0177,176,249
20533,0x0178,54,180
20533,0x017D,116,52
20533,0x01B9,128,192
20533,0x01BA,23,26
20533,0x02FD,39,41
20533,0x0501,77,149
20533,0x0502,94,82
20533,0x0503,4,20
20533,0x0600,192,0
20533,0x0601,22,0
20533,0x0602,209,0
20533,0x0603,22,0
20533,0x0608,0,83
20533,0x0609,0,63
20533,0x060A,153,37
20533,0x060B,26,63
20533,0x060C,169,59
20533,0x060D,26,63
20533,0x060E,185,75
20533,0x060F,26,63
20533,0x0610,175,0
20533,0x0611,26,0
20533,0x0612,127,0
20533,0x0613,88,0
20533,0x0874,222,86
20533,0x0875,42,1
20533,0x0876,86,222
20533,0x0877,1,42
20533,0x0894,22,14
20533,0x0895,91,58
20533,0x0896,14,22
20533,0x0897,58,91
20533,0x0908,46,33
20533,0x0909,163,158
20533,0x090C,62,49
20533,0x090D,163,158
20533,0x0910,24,27
20533,0x0911,93,80
20533,0x0914,8,11
20533,0x0915,93,80
20533,0x0918,11,25
20533,0x0919,124,110
20533,0x091A,10,14
20533,0x091B,105,41
20533,0x091C,27,9
20533,0x091D,124,110
20533,0x091E,8,12
20533,0x091F,105,41
20533,0x0920,21,15
20533,0x0921,148,138
20533,0x0924,37,31
20533,0x0925,148,138
20533,0x0928,119,25
20533,0x0929,224,89
20533,0x092A,110,7
20533,0x092B,61,36
20533,0x0B22,52,53
20533,0x0B24,104,107
20533,0x0B26,209,214
20533,0x0B28,162,172
20533,0x0B82,52,53
20533,0x0B84,104,107
20533,0x0B86,209,214
20533,0x0B88,162,172
20533,0x0F99,209,214
20533,0x0F9D,209,214
20533,0x0FD1,209,214
20533,0x0FF0,209,214
20533,0x16D0,8,56
20533,0x16D1,62,49
20533,0x16D3,221,126
20533,0x16D4,171,166
20533,0x16D6,140,220
20533,0x16D9,146,96
20533,0x16E6,244,234
20533,0x16F5,74,64
20533,0x16F8,36,26
20533,0x1710,120,127
20533,0x1711,24,27
20533,0x1713,161,84
20533,0x1714,101,88
20533,0x1716,28,118
20533,0x1719,155,185
20533,0x1726,253,243
20533,0x1735,7,252
20533,0x1738,17,7
20533,0x1750,178,80
20533,0x1751,27,25
20533,0x1753,135,249
20533,0x1754,132,118
20533,0x1756,184,204
20533,0x1759,187,147
20533,0x1764,17,21
20533,0x1766,2,4
20533,0x176C,102,129
20533,0x1775,29,19
20533,0x1778,15,5
20533,0x1790,60,156
20533,0x1791,37,31
20533,0x1793,151,186
20533,0x1794,156,146
20533,0x1796,68,148
20533,0x1799,31,237
20533,0x179A,255,254
20533,0x17A6,221,211
20533,0x17B5,51,41
20533,0x17B8,13,3
20533,0x1AC0,0,204
20533,0x1AC1,0,127
20533,0x1AC2,0,249
20533,0x1AC3,0,4
20533,0x1AC4,0,203
20533,0x1AC5,0,249
20533,0x1AC6,0,4
20533,0x1AC8,0,1
20533,0x1ACA,0,1
20533,0x1ACD,0,9
20533,0x1ACE,0,160
20533,0x1ACF,0,1
20533,0x1AD0,0,197
20533,0x1AD1,0,29
20533,0x1AD3,0,243
20533,0x1AD4,0,93
20533,0x1ADE,0,2
20533,0x1ADF,0,2
20533,0x1AE0,0,80
20533,0x1AE1,0,2
20533,0x1AE2,0,180
20533,0x1AE3,0,10
20533,0x1AE4,0,182
20533,0x1AE5,0,10
20533,0x1AE6,0,2
20533,0x1AE7,0,4
20533,0x1AE8,0,6
20533,0x1AEA,0,22
20533,0x1AEB,0,4
20533,0x1AEC,0,61
20533,0x1AED,0,36
20533,0x1AF0,0,3
20543,0x0004,42,44
20543,0x0020,25,41
20543,0x0022,89,93
20543,0x0025,0,1
20543,0x0026,36,34
20543,0x0028,36,34
20543,0x0069,29,39
20543,0x006B,215,225
20543,0x007B,214,219
20543,0x00AD,174,184
20543,0x00CD,143,158
20543,0x00CE,46,76
20543,0x00CF,113,163
20543,0x00D0,202,16
20543,0x0501,149,155
20543,0x0502,82,94
20543,0x0508,13,91
20543,0x0509,84,85
20543,0x050B,4,20
20543,0x050F,154,150
20543,0x0510,94,82
20543,0x0512,24,40
20543,0x0600,0,198
20543,0x0601,0,12
20543,0x0602,0,214
20543,0x0603,0,12
20543,0x0604,0,217
20543,0x0605,0,16
20543,0x0606,0,154
20543,0x0607,0,17
20543,0x0608,83,11
20543,0x0609,63,16
20543,0x060A,37,11
20543,0x060B,63,16
20543,0x060C,59,29
20543,0x060D,63,17
20543,0x060E,75,45
20543,0x060F,63,17
20543,0x0610,0,116
20543,0x0611,0,16
20543,0x0612,0,118
20543,0x0613,0,16
20543,0x0618,213,166
20543,0x061A,119,182
20543,0x061C,95,182
20543,0x061D,16,12
20543,0x061E,153,182
20543,0x061F,17,12
20543,0x0620,11,182
20543,0x0621,16,12
20543,0x0622,11,182
20543,0x0623,16,12
20543,0x0624,31,182
20543,0x0625,17,12
20543,0x0626,47,182
20543,0x0627,17,12
20543,0x0628,116,0
20543,0x0629,16,0
20543,0x062A,117,0
20543,0x062B,16,0
20543,0x0630,0,82
20543,0x0631,0,63
20543,0x0632,0,36
20543,0x0633,0,63
20543,0x0634,0,58
20543,0x0635,0,63
20543,0x0636,181,74
20543,0x0637,12,63
20543,0x0638,197,0
20543,0x0639,12,0
20543,0x063A,197,0
20543,0x063B,12,0
20543,0x0874,86,222
20543,0x0875,1,42
20543,0x0876,222,86
20543,0x0877,42,1
20543,0x0894,14,22
20543,0x0895,58,91
20543,0x0896,22,14
20543,0x0897,91,58
20543,0x0908,33,23
20543,0x0909,158,151
20543,0x090C,49,39
20543,0x090D,158,151
20543,0x0910,27,33
20543,0x0911,80,68
20543,0x0912,6,2
20543,0x0914,11,17
20543,0x0915,80,68
20543,0x0916,4,0
20543,0x0918,25,24
20543,0x0919,110,96
20543,0x091A,14,6
20543,0x091C,9,8
20543,0x091D,110,96
20543,0x091E,12,4
20543,0x0920,15,12
20543,0x0921,138,127
20543,0x0922,6,10
20543,0x0924,31,28
20543,0x0925,138,127
20543,0x0926,4,8
20543,0x0928,25,41
20543,0x0929,89,93
20543,0x092B,36,34
20543,0x0B22,53,54
20543,0x0B24,107,109
20543,0x0B26,214,219
20543,0x0B28,172,182
20543,0x0B82,53,54
20543,0x0B84,107,109
20543,0x0B86,214,219
20543,0x0B88,172,182
20543,0x0F99,214,219
20543,0x0F9D,214,219
20543,0x0FD1,214,219
20543,0x0FF0,214,219
20543,0x16D0,56,136
20543,0x16D1,49,39
20543,0x16D3,126,43
20543,0x16D4,166,159
20543,0x16D6,220,44
20543,0x16D7,254,255
20543,0x16D9,96,46
20543,0x16E6,234,224
20543,0x16F5,64,54
20543,0x16F8,26,16
20543,0x1710,127,226
20543,0x1711,27,33
20543,0x1713,84,131
20543,0x1714,88,76
20543,0x1716,118,192
20543,0x1719,185,247
20543,0x171C,9,5
20543,0x171D,3,11
20543,0x1722,13,65
20543,0x1723,12,7
20543,0x1724,25,67
20543,0x1725,12,7
20543,0x1726,243,251
20543,0x172D,43,12
20543,0x1735,252,242
20543,0x1738,7,27
20543,0x173A,121,126
20543,0x1750,80,73
20543,0x1751,25,24
20543,0x1753,249,110
20543,0x1754,118,104
20543,0x1756,204,10
20543,0x1757,255,0
20543,0x1758,255,0
20543,0x1759,147,149
20543,0x175C,2,9
20543,0x175D,252,3
20543,0x1764,21,25
20543,0x1766,4,255
20543,0x176C,129,147
20543,0x1775,19,9
20543,0x1778,5,19
20543,0x177A,116,121
20543,0x1790,156,68
20543,0x1791,31,28
20543,0x1793,186,13
20543,0x1794,146,135
20543,0x1796,148,180
20543,0x1799,237,195
20543,0x179C,8,2
20543,0x179D,251,252
20543,0x17A2,217,13
20543,0x17A3,8,12
20543,0x17A4,219,17
20543,0x17A5,8,12
20543,0x17A6,211,4
20543,0x17AC,111,102
20543,0x17B5,41,31
20543,0x17B8,3,17
20543,0x17BA,111,116
20543,0x1AD0,197,171
20543,0x1AD1,29,45
20543,0x1AD3,243,29
20543,0x1AD4,93,97
20543,0x1AE6,2,1
20543,0x1AE7,4,2
20543,0x1AF0,3,2
20553,0x0004,44,48
20553,0x0020,41,57
20553,0x0022,93,96
20553,0x0024,7,6
20553,0x0026,34,36
20553,0x0028,34,36
20553,0x0069,39,49
20553,0x006B,225,235
20553,0x007B,219,224
20553,0x00AD,184,194
20553,0x00CD,158,173
20553,0x00CE,76,106
20553,0x00CF,163,238
20553,0x00D0,16,86
20553,0x00D1,1,2
20553,0x02FD,41,39
20553,0x0501,155,199
20553,0x0502,94,93
20553,0x0503,20,8
20553,0x0508,91,78
20553,0x0509,85,94
20553,0x050A,20,4
20553,0x050B,20,8
20553,0x050F,150,14
20553,0x0510,82,84
20553,0x0512,40,12
20553,0x0516,90,156
20553,0x0517,85,94
20553,0x0519,44,32
20553,0x051D,148,92
20553,0x051E,82,85
20553,0x0520,64,52
20553,0x0524,144,152
20553,0x0600,198,75
20553,0x0601,12,8
20553,0x0602,214,23
20553,0x0603,12,8
20553,0x0604,217,39
20553,0x0605,16,8
20553,0x0606,154,55
20553,0x0607,17,8
20553,0x0608,11,116
20553,0x060A,11,117
20553,0x060C,29,0
20553,0x060D,17,0
20553,0x060E,45,0
20553,0x060F,17,0
20553,0x0610,116,0
20553,0x0611,16,0
20553,0x0612,118,154
20553,0x0613,16,26
20553,0x0614,0,170
20553,0x0615,0,26
20553,0x0616,0,186
20553,0x0617,0,26
20553,0x0618,166,176
20553,0x0619,12,26
20553,0x061A,182,109
20553,0x061B,12,88
20553,0x061C,182,0
20553,0x061D,12,0
20553,0x061E,182,0
20553,0x061F,12,0
20553,0x0620,182,186
20553,0x0622,182,202
20553,0x0624,182,95
20553,0x0625,12,80
20553,0x0626,182,11
20553,0x0627,12,16
20553,0x0628,0,11
20553,0x0629,0,16
20553,0x062A,0,11
20553,0x062B,0,16
20553,0x062C,0,30
20553,0x062D,0,17
20553,0x062E,0,46
20553,0x062F,0,17
20553,0x0630,82,116
20553,0x0631,63,16
20553,0x0632,36,117
20553,0x0633,63,16
20553,0x0634,58,0
20553,0x0635,63,0
20553,0x0636,74,0
20553,0x0637,63,0
20553,0x063C,197,0
20553,0x063D,12,0
20553,0x063E,197,149
20553,0x0640,0,154
20553,0x0641,0,12
20553,0x0642,0,154
20553,0x0643,0,12
20553,0x0644,0,154
20553,0x0645,0,12
20553,0x0646,0,170
20553,0x0647,0,12
20553,0x0648,82,0
20553,0x0649,63,0
20553,0x064A,36,0
20553,0x064B,63,0
20553,0x064C,58,0
20553,0x064D,63,0
20553,0x064E,74,0
20553,0x064F,63,0
20553,0x0650,0,82
20553,0x0651,0,63
20553,0x0652,0,36
20553,0x0653,0,63
20553,0x0874,222,86
20553,0x0875,42,1
20553,0x0876,86,222
20553,0x0877,1,42
20553,0x0894,22,14
20553,0x0895,91,58
20553,0x0896,14,22
20553,0x0897,58,91
20553,0x0908,23,16
20553,0x0909,151,141
20553,0x090C,39,32
20553,0x090D,151,141
20553,0x0910,33,42
20553,0x0911,68,60
20553,0x0914,17,26
20553,0x0915,68,60
20553,0x0918,24,26
20553,0x0919,96,82
20553,0x091C,8,10
20553,0x091D,96,82
20553,0x0920,12,25
20553,0x0921,127,113
20553,0x0922,10,14
20553,0x0923,105,41
20553,0x0924,28,9
20553,0x0925,127,113
20553,0x0926,8,12
20553,0x0927,105,41
20553,0x0928,41,57
20553,0x0929,93,96
20553,0x092A,7,6
20553,0x092B,34,36
20553,0x0B22,54,56
20553,0x0B24,109,112
20553,0x0B26,219,224
20553,0x0B28,182,192
20553,0x0B82,54,56
20553,0x0B84,109,112
20553,0x0B86,219,224
20553,0x0B88,182,192
20553,0x0F99,219,224
20553,0x0F9D,219,224
20553,0x0FD1,219,224
20553,0x0FF0,219,224
20553,0x16D0,136,248
20553,0x16D1,39,32
20553,0x16D3,43,228
20553,0x16D4,159,149
20553,0x16D6,44,124
20553,0x16D9,46,252
20553,0x16DA,255,254
20553,0x16E6,224,214
20553,0x16F5,54,44
20553,0x16F8,16,6
20553,0x1710,226,117
20553,0x1711,33,42
20553,0x1713,131,134
20553,0x1714,76,68
20553,0x1716,192,242
20553,0x1719,247,101
20553,0x171A,254,255
20553,0x1726,251,241
20553,0x1735,242,232
20553,0x1738,27,17
20553,0x1750,73,156
20553,0x1751,24,26
20553,0x1753,110,229
20553,0x1754,104,90
20553,0x1756,10,100
20553,0x1759,149,179
20553,0x1766,255,245
20553,0x1775,9,149
20553,0x1778,19,9
20553,0x1790,68,186
20553,0x1791,28,25
20553,0x1793,13,207
20553,0x1794,135,121
20553,0x1796,180,200
20553,0x1799,195,155
20553,0x17A4,17,21
20553,0x17A6,4,6
20553,0x17AC,102,129
20553,0x17B5,31,21
20553,0x17B8,17,7
20553,0x1AD0,171,145
20553,0x1AD1,45,61
20553,0x1AD3,29,71
20553,0x1AD4,97,100
20553,0x1AE4,182,184
20553,0x1AE7,2,4
20553,0x1AEC,61,56
20553,0x1AF0,2,1
20563,0x0004,48,50
20563,0x0020,57,73
20563,0x0022,96,99
20563,0x0024,6,7
20563,0x0069,49,59
20563,0x006B,235,245
20563,0x007B,224,229
20563,0x00AD,194,204
20563,0x00B7,11,13
20563,0x00BF,112,120
20563,0x00C2,6,7
20563,0x00CA,4,5
20563,0x00CD,173,188
20563,0x00CE,106,136
20563,0x00CF,238,32
20563,0x00D0,86,157
20563,0x0172,54,36
20563,0x0173,173,52
20563,0x0501,199,153
20563,0x0502,93,82
20563,0x0503,8,20
20563,0x0600,75,0
20563,0x0601,8,0
20563,0x0602,23,0
20563,0x0603,8,0
20563,0x0604,39,62
20563,0x0605,8,63
20563,0x0606,55,63
20563,0x0607,8,63
20563,0x0608,116,84
20563,0x0609,16,63
20563,0x060A,117,38
20563,0x060B,16,63
20563,0x060C,0,60
20563,0x060D,0,63
20563,0x060E,0,76
20563,0x060F,0,63
20563,0x0610,0,88
20563,0x0611,0,63
20563,0x0612,154,88
20563,0x0613,26,63
20563,0x0874,86,222
20563,0x0875,1,42
20563,0x0876,222,86
20563,0x0877,42,1
20563,0x0894,14,22
20563,0x0895,58,91
20563,0x0896,22,14
20563,0x0897,91,58
20563,0x0908,16,13
20563,0x0909,141,130
20563,0x090C,32,29
20563,0x090D,141,130
20563,0x0910,42,52
20563,0x0911,60,56
20563,0x0914,26,36
20563,0x0915,60,56
20563,0x0918,26,32
20563,0x0919,82,70
20563,0x091A,6,2
20563,0x091C,10,16
20563,0x091D,82,70
20563,0x091E,4,0
20563,0x0920,25,24
20563,0x0921,113,99
20563,0x0922,14,10
20563,0x0924,9,8
20563,0x0925,113,99
20563,0x0926,12,8
20563,0x0928,57,254
20563,0x0929,96,56
20563,0x092A,6,2
20563,0x092B,36,103
20563,0x092C,111,14
20563,0x092D,224,56
20563,0x092E,109,0
20563,0x092F,61,103
20563,0x0930,103,73
20563,0x0931,224,99
20563,0x0932,108,7
20563,0x0933,61,36
20563,0x0B02,10,234
20563,0x0B22,56,57
20563,0x0B24,112,114
20563,0x0B26,224,229
20563,0x0B28,192,202
20563,0x0B82,56,57
20563,0x0B84,112,114
20563,0x0B86,224,229
20563,0x0B88,192,202
20563,0x0D66,3,4
20563,0x0F99,224,229
20563,0x0F9D,224,229
20563,0x0FD1,224,229
20563,0x0FF0,224,229
20563,0x16D0,248,46
20563,0x16D1,32,29
20563,0x16D3,228,184
20563,0x16D4,149,138
20563,0x16D6,124,174
20563,0x16D9,252,207
20563,0x16DC,8,2
20563,0x16DD,251,252
20563,0x16E2,217,13
20563,0x16E3,8,12
20563,0x16E4,219,15
20563,0x16E5,8,12
20563,0x16E6,214,1
20563,0x16F5,44,34
20563,0x16F8,6,20
20563,0x16FA,111,116
20563,0x1710,117,252
20563,0x1711,42,52
20563,0x1713,134,213
20563,0x1714,68,64
20563,0x1716,242,36
20563,0x1717,0,1
20563,0x1719,101,211
20563,0x1726,241,231
20563,0x1735,232,222
20563,0x1738,17,7
20563,0x1750,156,103
20563,0x1751,26,32
20563,0x1753,229,160
20563,0x1754,90,78
20563,0x1756,100,182
20563,0x1759,179,225
20563,0x175C,9,5
20563,0x175D,3,11
20563,0x1762,13,65
20563,0x1763,12,7
20563,0x1764,25,67
20563,0x1765,12,7
20563,0x1766,245,253
20563,0x176D,43,12
20563,0x1775,149,139
20563,0x1778,9,29
20563,0x177A,121,126
20563,0x1790,186,62
20563,0x1791,25,24
20563,0x1793,207,71
20563,0x1794,121,107
20563,0x1796,200,248
20563,0x1799,155,143
20563,0x179C,2,9
20563,0x179D,252,3
20563,0x17A4,21,23
20563,0x17A6,6,2
20563,0x17AC,129,138
20563,0x17B5,21,11
20563,0x17B8,7,21
20563,0x17BA,116,121
20563,0x17C0,0,128
20563,0x17C1,0,165
20563,0x17C2,0,175
20563,0x17C3,0,2
20563,0x17EF,0,6
20563,0x17F0,0,128
20563,0x17F1,0,3
20563,0x17F8,0,21
20563,0x1800,0,200
20563,0x1801,0,74
20563,0x1802,0,176
20563,0x1803,0,2
20563,0x1804,0,54
20563,0x1805,0,177
20563,0x1806,0,2
20563,0x1808,0,3
20563,0x180A,0,2
20563,0x180B,0,3
20563,0x180C,0,9
20563,0x1810,0,52
20563,0x1811,0,14
20563,0x1812,0,1
20563,0x1814,0,64
20563,0x1816,0,52
20563,0x1817,0,254
20563,0x1818,0,255
20563,0x181E,0,9
20563,0x181F,0,12
20563,0x1820,0,154
20563,0x1821,0,2
20563,0x1822,0,220
20563,0x1823,0,8
20563,0x1824,0,222
20563,0x1825,0,8
20563,0x1826,0,254
20563,0x1827,0,6
20563,0x1829,0,1
20563,0x182A,0,238
20563,0x182B,0,4
20563,0x182C,0,124
20563,0x182D,0,12
20563,0x182F,0,6
20563,0x1830,0,128
20563,0x1835,0,191
20563,0x1836,0,110
20563,0x1838,0,18
20563,0x1839,0,6
20563,0x183A,0,95
20563,0x183B,0,193
20563,0x1AD0,145,119
20563,0x1AD1,61,77
20563,0x1AD3,71,113
20563,0x1AD4,100,103
20563,0x1AE4,184,182
20563,0x1AE6,1,2
20563,0x1AEC,56,61
20563,0x1AF0,1,3
20573,0x0004,50,52
20573,0x0020,73,89
20573,0x0022,99,102
20573,0x0026,36,34
20573,0x0028,36,34
20573,0x0069,59,69
20573,0x006B,245,255
20573,0x007B,229,234
20573,0x00AD,204,214
20573,0x00CD,188,203
20573,0x00CE,136,166
20573,0x00CF,32,82
20573,0x00D0,157,227
20573,0x0172,36,54
20573,0x0173,52,173
20573,0x0178,180,53
20573,0x0501,153,157
20573,0x0502,82,94
20573,0x0508,78,93
20573,0x0509,94,85
20573,0x050A,4,20
20573,0x050B,8,20
20573,0x050F,14,154
20573,0x0510,84,82
20573,0x0512,12,40
20573,0x0600,0,187
20573,0x0601,0,12
20573,0x0602,0,203
20573,0x0603,0,12
20573,0x0604,62,217
20573,0x0605,63,80
20573,0x0606,63,154
20573,0x0607,63,17
20573,0x0608,84,11
20573,0x0609,63,16
20573,0x060A,38,11
20573,0x060B,63,16
20573,0x060C,60,36
20573,0x060D,63,17
20573,0x060E,76,37
20573,0x060F,63,17
20573,0x0610,88,116
20573,0x0611,63,16
20573,0x0612,88,118
20573,0x0613,63,16
20573,0x0614,170,0
20573,0x0615,26,0
20573,0x0616,186,0
20573,0x0617,26,0
20573,0x0618,176,0
20573,0x0619,26,0
20573,0x061A,109,0
20573,0x061B,88,0
20573,0x061E,0,150
20573,0x061F,0,12
20573,0x0620,186,155
20573,0x0622,202,155
20573,0x0624,95,161
20573,0x0625,80,12
20573,0x0626,11,171
20573,0x0627,16,12
20573,0x0628,11,0
20573,0x0629,16,0
20573,0x062A,11,0
20573,0x062B,16,0
20573,0x062C,30,48
20573,0x062D,17,63
20573,0x062E,46,64
20573,0x062F,17,63
20573,0x0630,116,80
20573,0x0631,16,63
20573,0x0632,117,34
20573,0x0633,16,63
20573,0x0634,0,56
20573,0x0635,0,63
20573,0x0636,0,72
20573,0x0637,0,63
20573,0x0638,0,56
20573,0x0639,0,63
20573,0x063A,0,72
20573,0x063B,0,63
20573,0x0874,222,86
20573,0x0875,42,1
20573,0x0876,86,222
20573,0x0877,1,42
20573,0x0894,22,14
20573,0x0895,91,58
20573,0x0896,14,22
20573,0x0897,58,91
20573,0x0908,13,10
20573,0x0909,130,117
20573,0x090A,6,14
20573,0x090C,29,26
20573,0x090D,130,117
20573,0x090E,4,12
20573,0x0910,52,65
20573,0x0914,36,49
20573,0x0918,32,40
20573,0x0919,70,61
20573,0x091C,16,24
20573,0x091D,70,61
20573,0x0920,24,25
20573,0x0921,99,85
20573,0x0922,10,6
20573,0x0924,8,9
20573,0x0925,99,85
20573,0x0926,8,4
20573,0x0928,254,236
20573,0x092C,14,252
20573,0x0930,73,89
20573,0x0931,99,102
20573,0x0933,36,34
20573,0x0B02,234,170
20573,0x0B22,57,58
20573,0x0B24,114,117
20573,0x0B26,229,234
20573,0x0B28,202,212
20573,0x0B82,57,58
20573,0x0B84,114,117
20573,0x0B86,229,234
20573,0x0B88,202,212
20573,0x0F99,229,234
20573,0x0F9D,229,234
20573,0x0FD1,229,234
20573,0x0FF0,229,234
20573,0x16D0,46,104
20573,0x16D1,29,26
20573,0x16D3,184,242
20573,0x16D4,138,125
20573,0x16D6,174,194
20573,0x16D9,207,167
20573,0x16E4,15,19
20573,0x16E6,1,3
20573,0x16EC,111,93
20573,0x16F5,34,24
20573,0x16F8,20,10
20573,0x1710,252,69
20573,0x1711,52,65
20573,0x1713,213,174
20573,0x1716,36,66
20573,0x1719,211,21
20573,0x171A,255,0
20573,0x171B,255,0
20573,0x1726,231,221
20573,0x1735,222,212
20573,0x1738,7,13
20573,0x1739,0,6
20573,0x173A,126,129
20573,0x1750,103,150
20573,0x1751,32,40
20573,0x1753,160,199
20573,0x1754,78,69
20573,0x1756,182,232
20573,0x1759,225,79
20573,0x175A,254,255
20573,0x1766,253,243
20573,0x1775,139,129
20573,0x1778,29,19
20573,0x1790,62,221
20573,0x1791,24,25
20573,0x1793,71,130
20573,0x1794,107,93
20573,0x1796,248,82
20573,0x1797,255,0
20573,0x1798,255,0
20573,0x1799,143,173
20573,0x17A4,23,25
20573,0x17A6,2,247
20573,0x17AC,138,147
20573,0x17B5,11,1
20573,0x17B8,21,11
20573,0x17F8,21,11
20573,0x1810,52,60
20573,0x1811,14,252
20573,0x1812,1,0
20573,0x1826,254,244
20573,0x1835,191,181
20573,0x1838,18,8
20573,0x1AD0,119,93
20573,0x1AD1,77,93
20573,0x1AD3,113,155
20573,0x1AD4,103,106
20573,0x1AE6,2,1
20573,0x1AE7,4,2
20573,0x1AF0,3,2
20583,0x0004,52,54
20583,0x0020,89,35
20583,0x0022,102,91
20583,0x0026,34,36
20583,0x0028,34,36
20583,0x0048,0,32
20583,0x0049,0,3
20583,0x004A,52,134
20583,0x004C,250,252
20583,0x0050,0,32
20583,0x0051,1,3
20583,0x0052,16,22
20583,0x0069,69,79
20583,0x006B,255,9
20583,0x0071,118,120
20583,0x0072,118,120
20583,0x0073,0,1
20583,0x0075,34,44
20583,0x007B,234,239
20583,0x00AD,214,224
20583,0x00CD,203,218
20583,0x00CE,166,196
20583,0x00CF,82,132
20583,0x00D0,227,66
20583,0x00D1,2,3
20583,0x016E,0,128
20583,0x016F,23,20
20583,0x0170,36,139
20583,0x0171,192,227
20583,0x0172,54,52
20583,0x0176,144,165
20583,0x0178,53,180
20583,0x01B9,192,0
20583,0x01BA,26,27
20583,0x01FD,201,36
20583,0x01FE,10,157
20583,0x01FF,143,201
20583,0x023D,202,37
20583,0x023E,18,67
20583,0x02F6,155,148
20583,0x02FB,1,2
20583,0x02FD,39,41
20583,0x0301,41,0
20583,0x0302,76,96
20583,0x0303,10,128
20583,0x0305,20,0
20583,0x0306,148,171
20583,0x0307,1,15
20583,0x0309,73,0
20583,0x030A,76,97
20583,0x030B,10,128
20583,0x030D,30,0
20583,0x030E,148,173
20583,0x030F,1,15
20583,0x0311,105,0
20583,0x0312,76,98
20583,0x0313,10,64
20583,0x0315,40,64
20583,0x0316,148,229
20583,0x0317,1,14
20583,0x0319,137,0
20583,0x031A,76,99
20583,0x031B,10,64
20583,0x031D,50,64
20583,0x031E,148,231
20583,0x031F,1,14
20583,0x0321,136,41
20583,0x0323,14,10
20583,0x0325,148,100
20583,0x0326,151,148
20583,0x0329,168,73
20583,0x032B,14,10
20583,0x032D,162,110
20583,0x032E,151,148
20583,0x0330,0,1
20583,0x0331,96,105
20583,0x0332,96,76
20583,0x0333,64,10
20583,0x0335,0,120
20583,0x0336,252,148
20583,0x0337,15,1
20583,0x0339,112,137
20583,0x033A,97,76
20583,0x033B,32,10
20583,0x033D,64,130
20583,0x033E,252,148
20583,0x033F,15,1
20583,0x0341,0,38
20583,0x0342,104,79
20583,0x0343,128,20
20583,0x0344,13,0
20583,0x0345,64,88
20583,0x0346,238,144
20583,0x0347,13,1
20583,0x0349,0,70
20583,0x034A,111,79
20583,0x034B,128,20
20583,0x034C,1,0
20583,0x034D,192,108
20583,0x034E,251,144
20583,0x034F,13,1
20583,0x0351,0,102
20583,0x0352,124,79
20583,0x0353,0,20
20583,0x0354,4,0
20583,0x0355,0,128
20583,0x0356,252,144
20583,0x0357,12,1
20583,0x0501,157,155
20583,0x0502,94,82
20583,0x0600,187,0
20583,0x0601,12,0
20583,0x0602,203,0
20583,0x0603,12,0
20583,0x0604,217,49
20583,0x0605,80,63
20583,0x0606,154,65
20583,0x0607,17,63
20583,0x0608,11,81
20583,0x0609,16,63
20583,0x060A,11,35
20583,0x060B,16,63
20583,0x060C,36,57
20583,0x060D,17,63
20583,0x060E,37,73
20583,0x060F,17,63
20583,0x0610,116,57
20583,0x0611,16,63
20583,0x0612,118,73
20583,0x0613,16,63
20583,0x0874,86,222
20583,0x0875,1,42
20583,0x0876,222,86
20583,0x0877,42,1
20583,0x0894,14,22
20583,0x0895,58,91
20583,0x0896,22,14
20583,0x0897,91,58
20583,0x0900,96,92
20583,0x0902,2,32
20583,0x0903,32,34
20583,0x0904,80,24
20583,0x0905,104,103
20583,0x0906,0,10
20583,0x0907,32,41
20583,0x0908,10,8
20583,0x0909,117,103
20583,0x090A,14,8
20583,0x090B,105,41
20583,0x090C,26,77
20583,0x090D,117,56
20583,0x090E,12,2
20583,0x090F,105,41
20583,0x0910,65,61
20583,0x0912,2,0
20583,0x0914,49,50
20583,0x0915,56,57
20583,0x0916,0,2
20583,0x0918,40,34
20583,0x0919,61,57
20583,0x091A,2,0
20583,0x091C,24,31
20583,0x091D,61,72
20583,0x091E,0,6
20583,0x0920,25,15
20583,0x0921,85,72
20583,0x0922,6,4
20583,0x0924,9,218
20583,0x0925,85,57
20583,0x0926,4,2
20583,0x0927,41,103
20583,0x0928,236,234
20583,0x0929,56,57
20583,0x092A,2,0
20583,0x092C,252,102
20583,0x092D,56,105
20583,0x092E,0,23
20583,0x092F,103,36
20583,0x0930,89,35
20583,0x0931,102,91
20583,0x0933,34,36
20583,0x0934,95,96
20583,0x0936,104,2
20583,0x0937,61,32
20583,0x0938,103,80
20583,0x093A,107,0
20583,0x093B,61,32
20583,0x0B02,170,42
20583,0x0B22,58,59
20583,0x0B24,117,119
20583,0x0B26,234,239
20583,0x0B28,212,222
20583,0x0B82,58,59
20583,0x0B84,117,119
20583,0x0B86,234,239
20583,0x0B88,212,222
20583,0x0C56,240,41
20583,0x0C57,0,224
20583,0x0E82,0,8
20583,0x0E83,2,12
20583,0x0F99,234,239
20583,0x0F9D,234,239
20583,0x0FD1,234,239
20583,0x0FF0,234,239
20583,0x1000,200,128
20583,0x1008,8,7
20583,0x1022,62,251
20583,0x1023,7,6
20583,0x1024,64,253
20583,0x1025,7,6
20583,0x1026,8,6
20583,0x1030,0,4
20583,0x1033,0,92
20583,0x1034,0,180
20583,0x1040,0,192
20583,0x1041,0,161
20583,0x1042,0,248
20583,0x1043,0,4
20583,0x1051,0,96
20583,0x1054,0,112
20583,0x105E,0,10
20583,0x105F,0,2
20583,0x1060,0,48
20583,0x1061,0,2
20583,0x1062,0,91
20583,0x1063,0,10
20583,0x1064,0,93
20583,0x1065,0,10
20583,0x1066,0,3
20583,0x1067,0,2
20583,0x106A,0,140
20583,0x106B,0,3
20583,0x106C,0,161
20583,0x106D,0,33
20583,0x106E,0,148
20583,0x106F,0,178
20583,0x1074,0,12
20583,0x1077,0,23
20583,0x16D0,104,113
20583,0x16D1,26,24
20583,0x16D3,242,163
20583,0x16D4,125,111
20583,0x16D6,194,221
20583,0x16D9,167,134
20583,0x16DC,2,9
20583,0x16DD,252,3
20583,0x16E4,19,23
20583,0x16E6,3,5
20583,0x16EC,93,138
20583,0x16F5,24,14
20583,0x16F8,10,24
20583,0x16FA,116,121
20583,0x1710,69,217
20583,0x1711,65,77
20583,0x1726,221,211
20583,0x1735,212,202
20583,0x1738,13,3
20583,0x1750,150,185
20583,0x1751,40,50
20583,0x1753,199,58
20583,0x1754,69,65
20583,0x1756,232,26
20583,0x1757,0,1
20583,0x1759,79,189
20583,0x1766,243,233
20583,0x1775,129,119
20583,0x1778,19,9
20583,0x1790,221,0
20583,0x1791,25,31
20583,0x1793,130,233
20583,0x1794,93,80
20583,0x1796,82,172
20583,0x1799,173,203
20583,0x17A6,247,237
20583,0x17B5,1,141
20583,0x17B8,11,1
20583,0x17F8,11,1
20583,0x1810,60,68
20583,0x1811,252,234
20583,0x1813,0,26
20583,0x1814,64,65
20583,0x1819,0,141
20583,0x181D,0,47
20583,0x1826,244,234
20583,0x1835,181,171
20583,0x1838,8,16
20583,0x1839,6,2
20583,0x183A,95,99
20583,0x1AC0,204,192
20583,0x1AC1,127,195
20583,0x1AC8,1,247
20583,0x1AD0,93,21
20583,0x1AD1,93,106
20583,0x1AD3,155,35
20583,0x1AD4,106,109
20583,0x1AE2,180,177
20583,0x1AE4,182,179
20583,0x1AE7,2,4
20583,0x1AEC,61,171
20583,0x1AED,36,33
20583,0x1AF0,2,3
20583,0x1AF1,0,3
20583,0x1B00,0,204
20583,0x1B01,0,127
20583,0x1B02,0,249
20583,0x1B03,0,4
20583,0x1B04,0,203
20583,0x1B05,0,249
20583,0x1B06,0,4
20583,0x1B08,0,1
20583,0x1B0A,0,1
20583,0x1B0D,0,9
20583,0x1B0E,0,160
20583,0x1B0F,0,1
20583,0x1B10,0,79
20583,0x1B11,0,39
20583,0x1B13,0,217
20583,0x1B14,0,95
20583,0x1B1E,0,2
20583,0x1B1F,0,2
20583,0x1B20,0,80
20583,0x1B21,0,2
20583,0x1B22,0,180
20583,0x1B23,0,10
20583,0x1B24,0,182
20583,0x1B25,0,10
20583,0x1B26,0,2
20583,0x1B27,0,4
20583,0x1B28,0,6
20583,0x1B2A,0,22
20583,0x1B2B,0,4
20583,0x1B2C,0,61
20583,0x1B2D,0,36
20583,0x1B30,0,3
20583,0xFFFF,124,125
20593,0x0004,54,58
20593,0x0020,35,51
20593,0x0022,91,95
20593,0x0026,36,34
20593,0x0028,36,34
20593,0x0049,3,1
20593,0x0051,3,1
20593,0x0069,79,89
20593,0x006B,9,19
20593,0x0073,1,0
20593,0x0075,44,34
20593,0x007B,239,244
20593,0x00AD,224,234
20593,0x00B7,13,19
20593,0x00CA,5,6
20593,0x00CD,218,233
20593,0x00CE,196,226
20593,0x00CF,132,182
20593,0x00D0,66,136
20593,0x0176,165,144
20593,0x0178,180,53
20593,0x02F6,148,143
20593,0x02FB,2,1
20593,0x0302,96,98
20593,0x0303,128,192
20593,0x0305,0,128
20593,0x0306,171,228
20593,0x0307,15,14
20593,0x030A,97,99
20593,0x030B,128,192
20593,0x030D,0,128
20593,0x030E,173,230
20593,0x030F,15,14
20593,0x0311,0,41
20593,0x0312,98,76
20593,0x0313,64,10
20593,0x0315,64,100
20593,0x0316,229,148
20593,0x0317,14,1
20593,0x0319,0,73
20593,0x031A,99,76
20593,0x031B,64,10
20593,0x031D,64,110
20593,0x031E,231,148
20593,0x031F,14,1
20593,0x0321,41,105
20593,0x0325,100,120
20593,0x0329,73,137
20593,0x032D,110,130
20593,0x0331,105,38
20593,0x0332,76,79
20593,0x0333,10,20
20593,0x0335,120,208
20593,0x0336,148,144
20593,0x0339,137,70
20593,0x033A,76,79
20593,0x033B,10,20
20593,0x033D,130,228
20593,0x033E,148,144
20593,0x0341,38,102
20593,0x0345,88,248
20593,0x0501,155,157
20593,0x0508,93,15
20593,0x0509,85,84
20593,0x050B,20,4
20593,0x050F,154,158
20593,0x0510,82,94
20593,0x0512,40,24
20593,0x0516,156,94
20593,0x0517,94,85
20593,0x0519,32,44
20593,0x051D,92,156
20593,0x051E,85,82
20593,0x0520,52,64
20593,0x0604,49,0
20593,0x0605,63,0
20593,0x0606,65,0
20593,0x0607,63,0
20593,0x0608,81,83
20593,0x060A,35,37
20593,0x060C,57,59
20593,0x060E,73,75
20593,0x0610,57,0
20593,0x0611,63,0
20593,0x0612,73,0
20593,0x0613,63,0
20593,0x0618,0,188
20593,0x0619,0,12
20593,0x061A,0,204
20593,0x061B,0,12
20593,0x061C,0,95
20593,0x061D,0,16
20593,0x061E,150,11
20593,0x061F,12,16
20593,0x0620,155,11
20593,0x0621,12,16
20593,0x0622,155,11
20593,0x0623,12,16
20593,0x0624,161,11
20593,0x0625,12,16
20593,0x0626,171,95
20593,0x0627,12,144
20593,0x0628,0,116
20593,0x0629,0,16
20593,0x062A,0,117
20593,0x062B,0,16
20593,0x062C,48,0
20593,0x062D,63,0
20593,0x062E,64,0
20593,0x062F,63,0
20593,0x0630,80,0
20593,0x0631,63,0
20593,0x0632,34,0
20593,0x0633,63,0
20593,0x0634,56,146
20593,0x0635,63,12
20593,0x0636,72,151
20593,0x0637,63,12
20593,0x0638,56,156
20593,0x0639,63,12
20593,0x063A,72,156
20593,0x063B,63,12
20593,0x063C,0,162
20593,0x063D,0,12
20593,0x063E,149,172
20593,0x0640,154,0
20593,0x0641,12,0
20593,0x0642,154,0
20593,0x0643,12,0
20593,0x0644,154,0
20593,0x0645,12,0
20593,0x0646,170,0
20593,0x0647,12,0
20593,0x0648,0,82
20593,0x0649,0,63
20593,0x064A,0,36
20593,0x064B,0,63
20593,0x064C,0,58
20593,0x064D,0,63
20593,0x064E,0,74
20593,0x064F,0,63
20593,0x0650,82,0
20593,0x0651,63,0
20593,0x0652,36,0
20593,0x0653,63,0
20593,0x0874,222,86
20593,0x0875,42,1
20593,0x0876,86,222
20593,0x0877,1,42
20593,0x0894,22,14
20593,0x0895,91,58
20593,0x0896,14,22
20593,0x0897,58,91
20593,0x0900,92,96
20593,0x0902,32,2
20593,0x0903,34,32
20593,0x0904,24,80
20593,0x0905,103,104
20593,0x0906,10,0
20593,0x0907,41,32
20593,0x0908,8,96
20593,0x0909,103,112
20593,0x090A,8,36
20593,0x090B,41,34
20593,0x090C,77,80
20593,0x090D,56,112
20593,0x090E,2,34
20593,0x090F,41,34
20593,0x0910,61,96
20593,0x0911,56,96
20593,0x0912,0,36
20593,0x0913,41,162
20593,0x0914,50,80
20593,0x0915,57,96
20593,0x0916,2,32
20593,0x0917,41,34
20593,0x0918,34,25
20593,0x0919,57,89
20593,0x091A,0,6
20593,0x091C,31,9
20593,0x091D,72,89
20593,0x091E,6,4
20593,0x0920,15,90
20593,0x0921,72,57
20593,0x0922,4,2
20593,0x0924,218,74
20593,0x0926,2,0
20593,0x0927,103,41
20593,0x0928,234,62
20593,0x0929,57,56
20593,0x092A,0,2
20593,0x092B,103,41
20593,0x092C,102,46
20593,0x092D,105,56
20593,0x092E,23,0
20593,0x092F,36,41
20593,0x0930,35,38
20593,0x0931,91,63
20593,0x0932,7,2
20593,0x0933,36,41
20593,0x0934,96,22
20593,0x0935,224,63
20593,0x0936,2,0
20593,0x0937,32,41
20593,0x0938,80,200
20593,0x0939,224,72
20593,0x093A,0,2
20593,0x093B,32,103
20593,0x093C,95,216
20593,0x093D,224,72
20593,0x093E,106,0
20593,0x093F,61,103
20593,0x0940,111,239
20593,0x0941,224,56
20593,0x0942,10,2
20593,0x0943,61,103
20593,0x0944,95,255
20593,0x0945,224,56
20593,0x0946,8,0
20593,0x0947,61,103
20593,0x0948,143,51
20593,0x0949,224,95
20593,0x094A,111,7
20593,0x094B,61,34
20593,0x0B02,42,170
20593,0x0B03,0,170
20593,0x0B04,0,10
20593,0x0B22,59,61
20593,0x0B24,119,122
20593,0x0B26,239,244
20593,0x0B28,222,232
20593,0x0B82,59,61
20593,0x0B84,119,122
20593,0x0B86,239,244
20593,0x0B88,222,232
20593,0x0E82,8,7
20593,0x0E83,12,8
20593,0x0F99,239,244
20593,0x0F9D,239,244
20593,0x0FD1,239,244
20593,0x0FF0,239,244
20593,0x1000,128,192
20593,0x1024,253,255
20593,0x1026,6,4
20593,0x1033,92,82
20593,0x1064,93,97
20593,0x1066,3,1
20593,0x106C,161,127
20593,0x1074,12,0
20593,0x1077,23,13
20593,0x16D0,113,2
20593,0x16D1,24,25
20593,0x16D3,163,132
20593,0x16D4,111,97
20593,0x16D6,221,55
20593,0x16D7,255,0
20593,0x16D8,255,0
20593,0x16D9,134,164
20593,0x16E4,23,25
20593,0x16E6,5,250
20593,0x16EC,138,147
20593,0x16F5,14,4
20593,0x16F8,24,14
20593,0x1710,217,109
20593,0x1711,77,90
20593,0x1713,174,230
20593,0x1714,64,65
20593,0x1719,21,53
20593,0x171D,11,4
20593,0x1726,211,201
20593,0x1735,202,192
20593,0x1738,3,32
20593,0x1739,6,2
20593,0x173A,129,133
20593,0x1750,185,193
20593,0x1751,50,62
20593,0x1753,58,174
20593,0x1754,65,64
20593,0x1756,26,66
20593,0x1759,189,21
20593,0x175A,255,0
20593,0x175B,255,0
20593,0x1766,233,223
20593,0x1775,119,109
20593,0x1778,9,15
20593,0x1779,0,6
20593,0x177A,126,129
20593,0x1790,0,203
20593,0x1791,31,38
20593,0x1793,233,52
20593,0x1794,80,71
20593,0x1796,172,222
20593,0x1799,203,57
20593,0x179A,254,255
20593,0x179C,9,5
20593,0x179D,3,11
20593,0x17A2,13,65
20593,0x17A3,12,7
20593,0x17A4,25,67
20593,0x17A5,12,7
20593,0x17A6,237,245
20593,0x17AD,43,12
20593,0x17B5,141,131
20593,0x17B8,1,21
20593,0x17BA,121,126
20593,0x17F1,3,2
20593,0x17F8,1,13
20593,0x1810,68,76
20593,0x1811,234,216
20593,0x1813,26,181
20593,0x1814,65,80
20593,0x1819,141,99
20593,0x181A,0,2
20593,0x1826,234,224
20593,0x1835,171,161
20593,0x1838,16,6
20593,0x1840,0,200
20593,0x1841,0,74
20593,0x1842,0,176
20593,0x1843,0,2
20593,0x1844,0,54
20593,0x1845,0,177
20593,0x1846,0,2
20593,0x1848,0,3
20593,0x184A,0,2
20593,0x184B,0,3
20593,0x184C,0,9
20593,0x1850,0,212
20593,0x1851,0,255
20593,0x1854,0,64
20593,0x1856,0,52
20593,0x1857,0,254
20593,0x1858,0,255
20593,0x185E,0,9
20593,0x185F,0,12
20593,0x1860,0,154
20593,0x1861,0,2
20593,0x1862,0,220
20593,0x1863,0,8
20593,0x1864,0,222
20593,0x1865,0,8
20593,0x1866,0,246
20593,0x1867,0,6
20593,0x1869,0,1
20593,0x186A,0,238
20593,0x186B,0,4
20593,0x186C,0,124
20593,0x186D,0,12
20593,0x186F,0,6
20593,0x1870,0,128
20593,0x1875,0,183
20593,0x1876,0,110
20593,0x1878,0,10
20593,0x1879,0,6
20593,0x187A,0,95
20593,0x187B,0,193
20593,0x1AC0,192,0
20593,0x1AF1,3,0
20593,0x1B10,79,53
20593,0x1B11,39,55
20593,0x1B13,217,3
20593,0x1B14,95,99
20593,0x1B26,2,1
20593,0x1B27,4,2
20593,0x1B30,3,2
20603,0x0004,58,60
20603,0x0020,51,67
20603,0x0022,95,98
20603,0x0024,7,6
20603,0x0026,34,36
20603,0x0028,34,36
20603,0x0049,1,3
20603,0x0051,1,3
20603,0x0069,89,99
20603,0x006B,19,29
20603,0x007B,244,249
20603,0x00AD,234,244
20603,0x00B7,19,17
20603,0x00CD,233,17
20603,0x00CE,226,0
20603,0x00CF,182,233
20603,0x00D0,136,206
20603,0x00D1,3,0
20603,0x0176,144,165
20603,0x0178,53,180
20603,0x01FE,157,171
20603,0x02F6,143,192
20603,0x02FB,1,2
20603,0x0303,192,0
20603,0x0304,0,1
20603,0x0306,228,227
20603,0x030B,192,0
20603,0x030C,0,1
20603,0x030E,230,229
20603,0x0315,100,140
20603,0x031D,110,150
20603,0x0325,120,160
20603,0x032D,130,170
20603,0x0335,208,132
20603,0x0336,144,145
20603,0x033D,228,152
20603,0x033E,144,145
20603,0x0345,248,172
20603,0x0346,144,145
20603,0x0501,157,159
20603,0x0502,82,94
20603,0x0508,15,95
20603,0x0509,84,85
20603,0x050B,4,20
20603,0x0510,94,82
20603,0x0512,24,40
20603,0x0600,0,189
20603,0x0601,0,12
20603,0x0602,0,205
20603,0x0603,0,12
20603,0x0604,0,217
20603,0x0605,0,16
20603,0x0606,0,11
20603,0x0607,0,16
20603,0x0608,83,11
20603,0x0609,63,16
20603,0x060A,37,11
20603,0x060B,63,16
20603,0x060C,59,11
20603,0x060D,63,16
20603,0x060E,75,217
20603,0x060F,63,208
20603,0x0610,0,116
20603,0x0611,0,16
20603,0x0612,0,118
20603,0x0613,0,16
20603,0x0618,188,0
20603,0x0619,12,0
20603,0x061A,204,0
20603,0x061B,12,0
20603,0x061C,95,147
20603,0x061D,16,12
20603,0x061E,11,152
20603,0x061F,16,12
20603,0x0620,11,157
20603,0x0621,16,12
20603,0x0622,11,157
20603,0x0623,16,12
20603,0x0624,11,163
20603,0x0625,16,12
20603,0x0626,95,172
20603,0x0627,144,12
20603,0x0628,116,0
20603,0x0629,16,0
20603,0x062A,117,0
20603,0x062B,16,0
20603,0x0630,0,82
20603,0x0631,0,63
20603,0x0632,0,69
20603,0x0633,0,63
20603,0x0634,146,85
20603,0x0635,12,63
20603,0x0636,151,39
20603,0x0637,12,63
20603,0x0638,156,0
20603,0x0639,12,0
20603,0x063A,156,0
20603,0x063B,12,0
20603,0x0874,86,222
20603,0x0875,1,42
20603,0x0876,222,86
20603,0x0877,42,1
20603,0x0894,14,22
20603,0x0895,58,91
20603,0x0896,22,14
20603,0x0897,91,58
20603,0x0901,104,112
20603,0x0902,2,38
20603,0x0903,32,34
20603,0x0905,104,112
20603,0x0906,0,36
20603,0x0907,32,34
20603,0x0909,112,96
20603,0x090A,36,34
20603,0x090D,112,96
20603,0x090E,34,32
20603,0x0910,96,29
20603,0x0911,96,76
20603,0x0912,36,6
20603,0x0913,162,41
20603,0x0914,80,13
20603,0x0915,96,76
20603,0x0916,32,4
20603,0x0917,34,41
20603,0x0918,25,103
20603,0x0919,89,60
20603,0x091A,6,2
20603,0x091C,9,87
20603,0x091D,89,60
20603,0x091E,4,0
20603,0x0920,90,75
20603,0x0921,57,56
20603,0x0924,74,59
20603,0x0925,57,56
20603,0x0928,62,48
20603,0x0929,56,57
20603,0x092C,46,32
20603,0x092D,56,57
20603,0x0930,38,182
20603,0x0931,63,102
20603,0x0933,41,103
20603,0x0934,22,198
20603,0x0935,63,102
20603,0x0937,41,103
20603,0x0938,200,221
20603,0x0939,72,56
20603,0x093C,216,237
20603,0x093D,72,56
20603,0x0940,239,67
20603,0x0941,56,98
20603,0x0942,2,6
20603,0x0943,103,36
20603,0x0944,255,96
20603,0x0945,56,224
20603,0x0946,0,2
20603,0x0947,103,32
20603,0x0948,51,80
20603,0x0949,95,224
20603,0x094A,7,0
20603,0x094B,34,32
20603,0x0B04,10,0
20603,0x0B22,61,62
20603,0x0B24,122,124
20603,0x0B26,244,249
20603,0x0B28,232,242
20603,0x0B82,61,62
20603,0x0B84,122,124
20603,0x0B86,244,249
20603,0x0B88,232,242
20603,0x0E82,7,6
20603,0x0E83,8,2
20603,0x0F99,244,249
20603,0x0F9D,244,249
20603,0x0FD1,244,249
20603,0x0FF0,244,249
20603,0x1000,192,128
20603,0x1024,255,1
20603,0x1025,6,7
20603,0x1026,4,2
20603,0x1033,82,72
20603,0x1064,97,103
20603,0x1066,1,254
20603,0x106C,127,110
20603,0x1077,13,3
20603,0x16D0,2,23
20603,0x16D1,25,29
20603,0x16D3,132,145
20603,0x16D4,97,84
20603,0x16D6,55,145
20603,0x16D9,164,194
20603,0x16E6,250,240
20603,0x16F5,4,144
20603,0x16F8,14,4
20603,0x1710,109,1
20603,0x1711,90,103
20603,0x1713,230,212
20603,0x1714,65,68
20603,0x1719,53,93
20603,0x1726,201,191
20603,0x1735,192,182
20603,0x1738,32,22
20603,0x1750,193,85
20603,0x1751,62,75
20603,0x1766,223,213
20603,0x1775,109,99
20603,0x1778,15,5
20603,0x1790,203,138
20603,0x1791,38,48
20603,0x1793,52,203
20603,0x1794,71,65
20603,0x1796,222,16
20603,0x1797,0,1
20603,0x1799,57,167
20603,0x17A6,245,235
20603,0x17B5,131,121
20603,0x17B8,21,11
20603,0x17F8,13,3
20603,0x1810,76,84
20603,0x1811,216,198
20603,0x1813,181,236
20603,0x1814,80,110
20603,0x1819,99,249
20603,0x181D,47,239
20603,0x1826,224,214
20603,0x1835,161,151
20603,0x1838,6,49
20603,0x183A,99,103
20603,0x1850,212,220
20603,0x1851,255,237
20603,0x1853,0,47
20603,0x1859,0,47
20603,0x185D,0,47
20603,0x1866,246,236
20603,0x1875,183,173
20603,0x1878,10,18
20603,0x1879,6,2
20603,0x187A,95,99
20603,0x1B10,53,27
20603,0x1B11,55,71
20603,0x1B13,3,45
20603,0x1B14,99,102
20603,0x1B24,182,184
20603,0x1B27,2,4
20603,0x1B2C,61,56
20603,0x1B30,2,1
20613,0x0004,60,62
20613,0x0020,67,83
20613,0x0022,98,101
20613,0x0024,6,7
20613,0x0049,3,1
20613,0x0051,3,5
20613,0x0069,99,109
20613,0x006B,29,39
20613,0x006D,0,16
20613,0x007B,249,254
20613,0x00AD,244,254
20613,0x00B7,17,19
20613,0x00CA,6,7
20613,0x00CD,17,32
20613,0x00CE,0,30
20613,0x00CF,233,27
20613,0x00D0,206,21
20613,0x0176,165,144
20613,0x0178,180,53
20613,0x023E,67,91
20613,0x02F6,192,53
20613,0x02FB,2,1
20613,0x0302,98,96
20613,0x0303,0,128
20613,0x0304,1,0
20613,0x0305,128,0
20613,0x0306,227,171
20613,0x0307,14,15
20613,0x030A,99,97
20613,0x030B,0,128
20613,0x030C,1,0
20613,0x030D,128,0
20613,0x030E,229,173
20613,0x030F,14,15
20613,0x0311,41,105
20613,0x0315,140,160
20613,0x0319,73,137
20613,0x031D,150,170
20613,0x0325,160,120
20613,0x032D,170,130
20613,0x0335,132,192
20613,0x033D,152,212
20613,0x0345,172,232
20613,0x0502,94,82
20613,0x0600,189,0
20613,0x0601,12,0
20613,0x0602,205,0
20613,0x0603,12,0
20613,0x0604,217,0
20613,0x0605,16,0
20613,0x0606,11,0
20613,0x0607,16,0
20613,0x0608,11,0
20613,0x0609,16,0
20613,0x060A,11,70
20613,0x060B,16,63
20613,0x060C,11,86
20613,0x060D,16,63
20613,0x060E,217,40
20613,0x060F,208,63
20613,0x0610,116,0
20613,0x0611,16,0
20613,0x0612,118,0
20613,0x0613,16,0
20613,0x0874,222,86
20613,0x0875,42,1
20613,0x0876,86,222
20613,0x0877,1,42
20613,0x0894,22,14
20613,0x0895,91,58
20613,0x0896,14,22
20613,0x0897,58,91
20613,0x0901,112,104
20613,0x0902,38,2
20613,0x0903,34,32
20613,0x0905,112,104
20613,0x0906,36,0
20613,0x0907,34,32
20613,0x0908,96,82
20613,0x0909,96,104
20613,0x090C,80,66
20613,0x090D,96,104
20613,0x0910,29,36
20613,0x0911,76,65
20613,0x0912,6,2
20613,0x0914,13,20
20613,0x0915,76,65
20613,0x0916,4,0
20613,0x0918,103,115
20613,0x0919,60,65
20613,0x091C,87,99
20613,0x091D,60,65
20613,0x0920,75,87
20613,0x0921,56,57
20613,0x0924,59,71
20613,0x0925,56,57
20613,0x0928,48,60
20613,0x0929,57,56
20613,0x092C,32,44
20613,0x092D,57,56
20613,0x0930,182,164
20613,0x0931,102,128
20613,0x0934,198,180
20613,0x0935,102,128
20613,0x0938,221,203
20613,0x0939,56,68
20613,0x093C,237,219
20613,0x093D,56,68
20613,0x0940,67,243
20613,0x0941,98,56
20613,0x0942,6,2
20613,0x0943,36,103
20613,0x0944,96,3
20613,0x0945,224,56
20613,0x0946,2,0
20613,0x0947,32,103
20613,0x0948,80,83
20613,0x0949,224,101
20613,0x094A,0,7
20613,0x094B,32,36
20613,0x0B04,0,14
20613,0x0B22,62,63
20613,0x0B24,124,127
20613,0x0B26,249,254
20613,0x0B28,242,252
20613,0x0B82,62,63
20613,0x0B84,124,127
20613,0x0B86,249,254
20613,0x0B88,242,252
20613,0x0E82,6,5
20613,0x0F99,249,254
20613,0x0F9D,249,254
20613,0x0FD1,249,254
20613,0x0FF0,249,254
20613,0x1000,128,192
20613,0x1024,1,5
20613,0x1026,2,8
20613,0x1033,72,62
20613,0x1041,161,188
20613,0x1062,91,84
20613,0x1064,103,86
20613,0x1066,254,1
20613,0x106C,110,45
20613,0x1077,3,0
20613,0x16D0,23,64
20613,0x16D1,29,36
20613,0x16D3,145,170
20613,0x16D4,84,73
20613,0x16D6,145,207
20613,0x16D9,194,24
20613,0x16DA,254,255
20613,0x16DC,9,5
20613,0x16DD,3,11
20613,0x16E2,13,65
20613,0x16E3,12,7
20613,0x16E4,25,67
20613,0x16E5,12,7
20613,0x16E6,240,248
20613,0x16ED,43,12
20613,0x16F5,144,134
20613,0x16F8,4,24
20613,0x16FA,121,126
20613,0x1710,1,149
20613,0x1711,103,115
20613,0x1713,212,82
20613,0x1714,68,73
20613,0x1719,93,133
20613,0x1726,191,181
20613,0x1735,182,172
20613,0x1738,22,12
20613,0x1750,85,233
20613,0x1751,75,87
20613,0x1753,174,128
20613,0x1754,64,65
20613,0x1759,21,45
20613,0x175D,11,4
20613,0x1766,213,203
20613,0x1775,99,89
20613,0x1778,5,34
20613,0x1779,6,2
20613,0x177A,129,133
20613,0x1790,138,61
20613,0x1791,48,60
20613,0x1793,203,174
20613,0x1794,65,64
20613,0x1796,16,66
20613,0x1799,167,21
20613,0x179A,255,0
20613,0x179B,255,0
20613,0x17A6,235,225
20613,0x17B5,121,111
20613,0x17B8,11,1
20613,0x17F1,2,1
20613,0x17F8,3,15
20613,0x1810,84,92
20613,0x1811,198,180
20613,0x1813,236,255
20613,0x1814,110,136
20613,0x1819,249,79
20613,0x1826,214,204
20613,0x1835,151,141
20613,0x1838,49,39
20613,0x1850,220,228
20613,0x1851,237,219
20613,0x1853,47,30
20613,0x1854,64,76
20613,0x1859,47,5
20613,0x185A,0,2
20613,0x1866,236,226
20613,0x1875,173,163
20613,0x1878,18,8
20613,0x1880,0,200
20613,0x1881,0,74
20613,0x1882,0,176
20613,0x1883,0,2
20613,0x1884,0,54
20613,0x1885,0,177
20613,0x1886,0,2
20613,0x1888,0,3
20613,0x188A,0,2
20613,0x188B,0,3
20613,0x188C,0,9
20613,0x1890,0,108
20613,0x1891,0,3
20613,0x1892,0,1
20613,0x1894,0,64
20613,0x1896,0,52
20613,0x1897,0,254
20613,0x1898,0,255
20613,0x189E,0,9
20613,0x189F,0,12
20613,0x18A0,0,154
20613,0x18A1,0,2
20613,0x18A2,0,220
20613,0x18A3,0,8
20613,0x18A4,0,222
20613,0x18A5,0,8
20613,0x18A6,0,248
20613,0x18A7,0,6
20613,0x18A9,0,1
20613,0x18AA,0,238
20613,0x18AB,0,4
20613,0x18AC,0,124
20613,0x18AD,0,12
20613,0x18AF,0,6
20613,0x18B0,0,128
20613,0x18B5,0,185
20613,0x18B6,0,110
20613,0x18B8,0,12
20613,0x18B9,0,6
20613,0x18BA,0,95
20613,0x18BB,0,193
20613,0x1B10,27,1
20613,0x1B11,71,87
20613,0x1B13,45,87
20613,0x1B14,102,105
20613,0x1B24,184,182
20613,0x1B26,1,2
20613,0x1B2C,56,61
20613,0x1B30,1,3
20623,0x0004,62,0
20623,0x0020,83,98
20623,0x0022,101,104
20623,0x0026,36,34
20623,0x0028,36,34
20623,0x0049,1,3
20623,0x0051,5,1
20623,0x0069,109,119
20623,0x006B,39,49
20623,0x006D,16,0
20623,0x007B,254,3
20623,0x007C,0,1
20623,0x00AD,254,8
20623,0x00B7,19,17
20623,0x00CD,32,155
20623,0x00CE,30,132
20623,0x00CF,27,112
20623,0x00D0,21,91
20623,0x0176,144,165
20623,0x0178,53,180
20623,0x01FE,171,157
20623,0x023D,37,52
20623,0x023E,91,111
20623,0x02F6,53,24
20623,0x02FD,41,39
20623,0x0301,0,41
20623,0x0302,96,76
20623,0x0303,128,10
20623,0x0305,0,100
20623,0x0306,171,148
20623,0x0307,15,1
20623,0x0309,0,73
20623,0x030A,97,76
20623,0x030B,128,10
20623,0x030D,0,110
20623,0x030E,173,148
20623,0x030F,15,1
20623,0x0315,160,120
20623,0x031D,170,130
20623,0x0321,105,38
20623,0x0322,76,79
20623,0x0323,10,20
20623,0x0325,120,56
20623,0x0326,148,146
20623,0x0329,137,70
20623,0x032A,76,79
20623,0x032B,10,20
20623,0x032D,130,76
20623,0x032E,148,146
20623,0x0331,38,102
20623,0x0335,192,96
20623,0x0336,145,146
20623,0x0501,159,200
20623,0x0502,82,93
20623,0x0503,20,8
20623,0x0508,95,80
20623,0x0509,85,94
20623,0x050A,20,4
20623,0x050B,20,8
20623,0x050F,158,16
20623,0x0510,82,84
20623,0x0512,40,12
20623,0x0516,94,128
20623,0x0517,85,90
20623,0x0519,44,32
20623,0x051D,156,64
20623,0x051E,82,81
20623,0x0520,64,52
20623,0x0524,152,128
20623,0x0525,82,86
20623,0x0600,0,76
20623,0x0601,0,8
20623,0x0602,0,24
20623,0x0603,0,8
20623,0x0604,0,40
20623,0x0605,0,8
20623,0x0606,0,56
20623,0x0607,0,8
20623,0x0608,0,116
20623,0x0609,0,16
20623,0x060A,70,117
20623,0x060B,63,16
20623,0x060C,86,0
20623,0x060D,63,0
20623,0x060E,40,0
20623,0x060F,63,0
20623,0x0614,0,172
20623,0x0615,0,26
20623,0x0616,0,188
20623,0x0617,0,26
20623,0x0618,0,112
20623,0x0619,0,24
20623,0x061A,0,107
20623,0x061B,0,88
20623,0x061C,147,0
20623,0x061D,12,0
20623,0x061E,152,0
20623,0x061F,12,0
20623,0x0620,157,188
20623,0x0622,157,204
20623,0x0624,163,95
20623,0x0625,12,16
20623,0x0626,172,153
20623,0x0627,12,17
20623,0x0628,0,11
20623,0x0629,0,16
20623,0x062A,0,11
20623,0x062B,0,16
20623,0x062C,0,11
20623,0x062D,0,16
20623,0x062E,0,95
20623,0x062F,0,208
20623,0x0630,82,116
20623,0x0631,63,16
20623,0x0632,69,117
20623,0x0633,63,16
20623,0x0634,85,0
20623,0x0635,63,0
20623,0x0636,39,0
20623,0x0637,63,0
20623,0x063C,162,148
20623,0x063E,172,153
20623,0x0640,0,158
20623,0x0641,0,12
20623,0x0642,0,158
20623,0x0643,0,12
20623,0x0644,0,164
20623,0x0645,0,12
20623,0x0646,0,172
20623,0x0647,0,12
20623,0x0648,82,0
20623,0x0649,63,0
20623,0x064A,36,0
20623,0x064B,63,0
20623,0x064C,58,0
20623,0x064D,63,0
20623,0x064E,74,0
20623,0x064F,63,0
20623,0x0654,58,0
20623,0x0655,63,0
20623,0x0656,74,0
20623,0x0657,63,0
20623,0x071A,165,94
20623,0x071B,28,115
20623,0x071C,60,30
20623,0x071D,1,0
20623,0x071E,62,8
20623,0x071F,2,0
20623,0x0874,86,222
20623,0x0875,1,42
20623,0x0876,222,86
20623,0x0877,42,1
20623,0x0894,14,22
20623,0x0895,58,91
20623,0x0896,22,14
20623,0x0897,91,58
20623,0x0900,96,82
20623,0x0902,2,40
20623,0x0903,32,34
20623,0x0904,80,66
20623,0x0906,0,38
20623,0x0907,32,34
20623,0x0908,82,45
20623,0x0909,104,58
20623,0x090A,34,2
20623,0x090B,34,41
20623,0x090C,66,29
20623,0x090D,104,58
20623,0x090E,32,0
20623,0x090F,34,41
20623,0x0910,36,128
20623,0x0911,65,71
20623,0x0914,20,112
20623,0x0915,65,71
20623,0x0918,115,100
20623,0x0919,65,60
20623,0x091C,99,84
20623,0x091D,65,60
20623,0x0920,87,72
20623,0x0921,57,56
20623,0x0924,71,56
20623,0x0925,57,56
20623,0x0928,60,146
20623,0x0929,56,148
20623,0x092B,41,103
20623,0x092C,44,162
20623,0x092D,56,148
20623,0x092F,41,103
20623,0x0930,164,185
20623,0x0931,128,96
20623,0x0934,180,201
20623,0x0935,128,96
20623,0x0938,203,225
20623,0x0939,68,56
20623,0x093C,219,241
20623,0x093D,68,56
20623,0x0940,243,98
20623,0x0941,56,104
20623,0x0942,2,7
20623,0x0943,103,34
20623,0x0944,3,96
20623,0x0945,56,224
20623,0x0946,0,2
20623,0x0947,103,32
20623,0x0948,83,80
20623,0x0949,101,224
20623,0x094A,7,0
20623,0x094B,36,32
20623,0x0B04,14,0
20623,0x0B22,63,64
20623,0x0B24,127,129
20623,0x0B26,254,3
20623,0x0B27,0,1
20623,0x0B28,252,6
20623,0x0B29,1,2
20623,0x0B82,63,64
20623,0x0B84,127,129
20623,0x0B86,254,3
20623,0x0B87,0,1
20623,0x0B88,252,6
20623,0x0B89,1,2
20623,0x0E82,5,3
20623,0x0F99,254,3
20623,0x0F9A,0,1
20623,0x0F9D,254,3
20623,0x0F9E,0,1
20623,0x0FD1,254,3
20623,0x0FD2,0,1
20623,0x0FF0,254,3
20623,0x0FF1,0,1
20623,0x1000,192,128
20623,0x1024,5,7
20623,0x1026,8,6
20623,0x1033,62,52
20623,0x1064,86,90
20623,0x106C,45,31
20623,0x16D0,64,105
20623,0x16D1,36,45
20623,0x16D3,170,247
20623,0x16D4,73,66
20623,0x16D6,207,1
20623,0x16D7,0,1
20623,0x16D9,24,134
20623,0x16E6,248,238
20623,0x16F5,134,124
20623,0x16F8,24,14
20623,0x1710,149,41
20623,0x1711,115,128
20623,0x1713,82,96
20623,0x1714,73,79
20623,0x1719,133,173
20623,0x1726,181,171
20623,0x1735,172,162
20623,0x1738,12,2
20623,0x1750,233,125
20623,0x1751,87,100
20623,0x1753,128,30
20623,0x1754,65,68
20623,0x1759,45,85
20623,0x1766,203,193
20623,0x1775,89,79
20623,0x1778,34,24
20623,0x1790,61,209
20623,0x1791,60,72
20623,0x17A6,225,215
20623,0x17B5,111,101
20623,0x17B8,1,7
20623,0x17B9,0,6
20623,0x17BA,126,129
20623,0x17F8,15,5
20623,0x1810,92,100
20623,0x1811,180,162
20623,0x1813,255,110
20623,0x1814,136,156
20623,0x1819,79,165
20623,0x181A,2,1
20623,0x1826,204,194
20623,0x1835,141,131
20623,0x1838,39,29
20623,0x1850,228,236
20623,0x1851,219,201
20623,0x1853,30,233
20623,0x1854,76,104
20623,0x1859,5,27
20623,0x185A,2,3
20623,0x185D,47,239
20623,0x1866,226,216
20623,0x1875,163,153
20623,0x1878,8,51
20623,0x187A,99,103
20623,0x1890,108,116
20623,0x1891,3,241
20623,0x1892,1,0
20623,0x18A6,248,238
20623,0x18B5,185,175
20623,0x18B8,12,2
20623,0x1B10,1,231
20623,0x1B11,87,102
20623,0x1B13,87,129
20623,0x1B14,105,108
20623,0x1B26,2,1
20623,0x1B27,4,2
20623,0x1B30,3,2
20633,0x0004,0,4
20633,0x0020,98,114
20633,0x0022,104,107
20633,0x0024,7,6
20633,0x0026,34,36
20633,0x0028,34,36
20633,0x0049,3,1
20633,0x0051,1,9
20633,0x0069,119,129
20633,0x006B,49,59
20633,0x007B,3,8
20633,0x00AD,8,18
20633,0x00B7,17,20
20633,0x00CA,7,8
20633,0x00CD,155,170
20633,0x00CE,132,162
20633,0x00CF,112,162
20633,0x00D0,91,161
20633,0x0176,165,144
20633,0x0178,180,52
20633,0x023D,52,36
20633,0x023E,111,91
20633,0x02F6,24,44
20633,0x02FD,39,41
20633,0x0325,56,252
20633,0x0326,146,145
20633,0x032D,76,16
20633,0x0335,96,36
20633,0x0501,200,129
20633,0x0502,93,90
20633,0x0503,8,20
20633,0x0508,80,65
20633,0x0509,94,81
20633,0x050A,4,20
20633,0x050B,8,20
20633,0x050F,16,130
20633,0x0510,84,86
20633,0x0512,12,40
20633,0x0600,76,189
20633,0x0601,8,12
20633,0x0602,24,205
20633,0x0603,8,12
20633,0x0604,40,217
20633,0x0605,8,16
20633,0x0606,56,154
20633,0x0607,8,17
20633,0x0608,116,11
20633,0x060A,117,11
20633,0x060C,0,11
20633,0x060D,0,16
20633,0x060E,0,217
20633,0x060F,0,144
20633,0x0610,0,116
20633,0x0611,0,16
20633,0x0612,0,118
20633,0x0613,0,16
20633,0x0614,172,0
20633,0x0615,26,0
20633,0x0616,188,0
20633,0x0617,26,0
20633,0x0618,112,0
20633,0x0619,24,0
20633,0x061A,107,0
20633,0x061B,88,0
20633,0x0620,188,0
20633,0x0621,12,0
20633,0x0622,204,185
20633,0x0624,95,165
20633,0x0625,16,12
20633,0x0626,153,172
20633,0x0627,17,12
20633,0x0628,11,0
20633,0x0629,16,0
20633,0x062A,11,0
20633,0x062B,16,0
20633,0x062C,11,0
20633,0x062D,16,0
20633,0x062E,95,0
20633,0x062F,208,0
20633,0x0630,116,0
20633,0x0631,16,0
20633,0x0632,117,0
20633,0x0633,16,0
20633,0x071A,94,165
20633,0x071B,115,28
20633,0x071C,30,60
20633,0x071D,0,1
20633,0x071E,8,62
20633,0x071F,0,2
20633,0x0874,222,86
20633,0x0875,42,1
20633,0x0876,86,222
20633,0x0877,1,42
20633,0x0894,22,14
20633,0x0895,91,58
20633,0x0896,14,22
20633,0x0897,58,91
20633,0x0900,82,96
20633,0x0902,40,2
20633,0x0903,34,32
20633,0x0904,66,80
20633,0x0906,38,0
20633,0x0907,34,32
20633,0x0908,45,74
20633,0x0909,58,104
20633,0x090A,2,36
20633,0x090B,41,34
20633,0x090C,29,56
20633,0x090D,58,56
20633,0x090E,0,2
20633,0x0910,128,40
20633,0x0911,71,56
20633,0x0912,2,0
20633,0x0914,112,141
20633,0x0915,71,77
20633,0x0916,0,2
20633,0x0918,100,125
20633,0x0919,60,77
20633,0x091A,2,0
20633,0x091C,84,113
20633,0x091D,60,64
20633,0x091E,0,2
20633,0x0920,72,97
20633,0x0921,56,64
20633,0x0922,2,0
20633,0x0924,56,85
20633,0x0925,56,57
20633,0x0926,0,2
20633,0x0928,146,69
20633,0x0929,148,57
20633,0x092A,2,0
20633,0x092B,103,41
20633,0x092C,162,248
20633,0x092D,148,56
20633,0x092E,0,2
20633,0x0930,185,8
20633,0x0931,96,56
20633,0x0932,2,0
20633,0x0934,201,128
20633,0x0935,96,161
20633,0x0936,0,2
20633,0x0938,225,144
20633,0x0939,56,161
20633,0x093A,2,0
20633,0x093C,241,167
20633,0x093D,56,124
20633,0x093E,0,2
20633,0x0940,98,183
20633,0x0941,104,124
20633,0x0942,7,0
20633,0x0943,34,103
20633,0x0944,96,207
20633,0x0945,224,64
20633,0x0947,32,103
20633,0x0948,80,223
20633,0x0949,224,64
20633,0x094B,32,103
20633,0x094C,143,114
20633,0x094D,224,107
20633,0x094E,122,6
20633,0x094F,61,36
20633,0x0950,135,80
20633,0x0952,120,0
20633,0x0953,189,32
20633,0x0B03,170,171
20633,0x0B04,0,42
20633,0x0B22,64,66
20633,0x0B24,129,132
20633,0x0B26,3,8
20633,0x0B28,6,16
20633,0x0B82,64,66
20633,0x0B84,129,132
20633,0x0B86,3,8
20633,0x0B88,6,16
20633,0x0E82,3,2
20633,0x0F99,3,8
20633,0x0F9D,3,8
20633,0x0FD1,3,8
20633,0x0FF0,3,8
20633,0x1000,128,192
20633,0x1024,7,9
20633,0x1026,6,4
20633,0x1033,52,42
20633,0x1064,90,88
20633,0x106C,31,40
20633,0x16D0,105,134
20633,0x16D1,45,56
20633,0x16D3,247,144
20633,0x16D4,66,64
20633,0x16D6,1,51
20633,0x16D9,134,244
20633,0x16E6,238,228
20633,0x16F5,124,114
20633,0x16F8,14,4
20633,0x1710,41,68
20633,0x1711,128,141
20633,0x1713,96,195
20633,0x1714,79,85
20633,0x1716,66,93
20633,0x1719,173,150
20633,0x171C,5,3
20633,0x171D,4,253
20633,0x1726,171,161
20633,0x1735,162,152
20633,0x1738,2,30
20633,0x1739,2,0
20633,0x173A,133,138
20633,0x1750,125,17
20633,0x1751,100,113
20633,0x1753,30,76
20633,0x1754,68,72
20633,0x1759,85,125
20633,0x1766,193,183
20633,0x1775,79,69
20633,0x1778,24,14
20633,0x1790,209,101
20633,0x1791,72,85
20633,0x1793,174,42
20633,0x1794,64,65
20633,0x1799,21,37
20633,0x179D,11,4
20633,0x17A6,215,205
20633,0x17B5,101,91
20633,0x17B8,7,36
20633,0x17B9,6,2
20633,0x17BA,129,133
20633,0x17C0,128,200
20633,0x17C1,165,74
20633,0x17C2,175,176
20633,0x17C4,0,54
20633,0x17C5,0,177
20633,0x17C6,0,2
20633,0x17C8,0,3
20633,0x17CA,0,2
20633,0x17CB,0,3
20633,0x17CC,0,9
20633,0x17D0,0,208
20633,0x17D1,0,8
20633,0x17D2,0,1
20633,0x17D4,0,64
20633,0x17D6,0,52
20633,0x17D7,0,254
20633,0x17D8,0,255
20633,0x17DE,0,9
20633,0x17DF,0,12
20633,0x17E0,0,154
20633,0x17E1,0,2
20633,0x17E2,0,220
20633,0x17E3,0,8
20633,0x17E4,0,222
20633,0x17E5,0,8
20633,0x17E6,0,251
20633,0x17E7,0,6
20633,0x17E9,0,1
20633,0x17EA,0,238
20633,0x17EB,0,4
20633,0x17EC,0,124
20633,0x17ED,0,12
20633,0x17F1,1,0
20633,0x17F5,0,188
20633,0x17F6,0,110
20633,0x17F8,5,15
20633,0x17F9,0,6
20633,0x17FA,0,95
20633,0x17FB,0,193
20633,0x1810,100,108
20633,0x1811,162,144
20633,0x1813,110,57
20633,0x1814,156,169
20633,0x1819,165,251
20633,0x181A,1,0
20633,0x1826,194,184
20633,0x1835,131,121
20633,0x1838,29,19
20633,0x1850,236,244
20633,0x1851,201,183
20633,0x1853,233,80
20633,0x1854,104,132
20633,0x1859,27,113
20633,0x185A,3,2
20633,0x1866,216,206
20633,0x1875,153,143
20633,0x1878,51,41
20633,0x1890,116,124
20633,0x1891,241,223
20633,0x1893,0,67
20633,0x1894,64,72
20633,0x1899,0,167
20633,0x189A,0,1
20633,0x189D,0,47
20633,0x18A6,238,228
20633,0x18B5,175,165
20633,0x18B8,2,10
20633,0x18B9,6,2
20633,0x18BA,95,99
20633,0x1B10,231,205
20633,0x1B11,102,118
20633,0x1B13,129,171
20633,0x1B14,108,111
20633,0x1B24,182,184
20633,0x1B27,2,4
20633,0x1B2C,61,56
20633,0x1B30,2,1
20643,0x0004,4,6
20643,0x0020,114,130
20643,0x0022,107,110
20643,0x0024,6,7
20643,0x0049,1,3
20643,0x0051,9,5
20643,0x0069,129,139
20643,0x006B,59,69
20643,0x007B,8,13
20643,0x00AD,18,28
20643,0x00B7,20,19
20643,0x00CD,170,185
20643,0x00CE,162,192
20643,0x00CF,162,212
20643,0x00D0,161,231
20643,0x0176,144,165
20643,0x0178,52,180
20643,0x01FE,157,171
20643,0x023D,36,52
20643,0x023E,91,111
20643,0x02F6,44,32
20643,0x02FB,1,2
20643,0x02FD,41,39
20643,0x0305,100,140
20643,0x030D,110,150
20643,0x0315,120,160
20643,0x031D,130,170
20643,0x0325,252,56
20643,0x0326,145,146
20643,0x032D,16,76
20643,0x0335,36,96
20643,0x0501,129,131
20643,0x0502,90,86
20643,0x0600,189,0
20643,0x0601,12,0
20643,0x0602,205,0
20643,0x0603,12,0
20643,0x0604,217,0
20643,0x0605,16,0
20643,0x0606,154,0
20643,0x0607,17,0
20643,0x0608,11,0
20643,0x0609,16,0
20643,0x060A,11,0
20643,0x060B,16,0
20643,0x060C,11,0
20643,0x060D,16,0
20643,0x060E,217,0
20643,0x060F,144,0
20643,0x0610,116,0
20643,0x0611,16,0
20643,0x0612,118,0
20643,0x0613,16,0
20643,0x071A,165,94
20643,0x071B,28,115
20643,0x071C,60,30
20643,0x071D,1,0
20643,0x071E,62,8
20643,0x071F,2,0
20643,0x0874,86,222
20643,0x0875,1,42
20643,0x0876,222,86
20643,0x0877,42,1
20643,0x0894,14,22
20643,0x0895,58,91
20643,0x0896,22,14
20643,0x0897,91,58
20643,0x0900,96,82
20643,0x0902,2,34
20643,0x0903,32,34
20643,0x0904,80,66
20643,0x0906,0,32
20643,0x0907,32,34
20643,0x0908,74,69
20643,0x0909,104,56
20643,0x090A,36,2
20643,0x090B,34,41
20643,0x090C,56,53
20643,0x090E,2,0
20643,0x0910,40,155
20643,0x0911,56,82
20643,0x0912,0,2
20643,0x0914,141,139
20643,0x0915,77,82
20643,0x0916,2,0
20643,0x0919,77,70
20643,0x091A,0,2
20643,0x091C,113,109
20643,0x091D,64,70
20643,0x091E,2,0
20643,0x0921,64,59
20643,0x0922,0,2
20643,0x0924,85,81
20643,0x0925,57,59
20643,0x0926,2,0
20643,0x0928,69,230
20643,0x0929,57,56
20643,0x092A,0,2
20643,0x092B,41,103
20643,0x092C,248,246
20643,0x092E,2,0
20643,0x0930,8,110
20643,0x0931,56,167
20643,0x0932,0,2
20643,0x0934,128,126
20643,0x0935,161,167
20643,0x0936,2,0
20643,0x0938,144,149
20643,0x0939,161,145
20643,0x093A,0,2
20643,0x093C,167,165
20643,0x093D,124,145
20643,0x093E,2,0
20643,0x0940,183,189
20643,0x0941,124,90
20643,0x0942,0,2
20643,0x0944,207,205
20643,0x0945,64,90
20643,0x0946,2,0
20643,0x0948,223,130
20643,0x0949,64,110
20643,0x094A,0,7
20643,0x094B,103,36
20643,0x094C,114,96
20643,0x094D,107,224
20643,0x094E,6,2
20643,0x094F,36,32
20643,0x0B03,171,170
20643,0x0B04,42,10
20643,0x0B22,66,67
20643,0x0B24,132,134
20643,0x0B26,8,13
20643,0x0B28,16,26
20643,0x0B82,66,67
20643,0x0B84,132,134
20643,0x0B86,8,13
20643,0x0B88,16,26
20643,0x0E82,2,1
20643,0x0F99,8,13
20643,0x0F9D,8,13
20643,0x0FD1,8,13
20643,0x0FF0,8,13
20643,0x1000,192,128
20643,0x1022,251,62
20643,0x1023,6,7
20643,0x1024,9,64
20643,0x1026,4,9
20643,0x1027,0,6
20643,0x1030,4,2
20643,0x1033,42,32
20643,0x1034,180,175
20643,0x1064,88,86
20643,0x106C,40,45
20643,0x16D0,134,11
20643,0x16D1,56,69
20643,0x16D3,144,174
20643,0x16D6,51,66
20643,0x16D9,244,21
20643,0x16DA,255,0
20643,0x16DB,255,0
20643,0x16E6,228,218
20643,0x16F5,114,104
20643,0x16F8,4,10
20643,0x16F9,0,6
20643,0x16FA,126,129
20643,0x1710,68,139
20643,0x1711,141,155
20643,0x1713,195,250
20643,0x1714,85,90
20643,0x1716,93,123
20643,0x1719,150,120
20643,0x1726,161,151
20643,0x1735,152,142
20643,0x1738,30,20
20643,0x1750,17,165
20643,0x1751,113,125
20643,0x1753,76,10
20643,0x1754,72,78
20643,0x1759,125,165
20643,0x1766,183,173
20643,0x1775,69,59
20643,0x1778,14,4
20643,0x1790,101,249
20643,0x1791,85,97
20643,0x1793,42,120
20643,0x1794,65,67
20643,0x1799,37,77
20643,0x17A6,205,195
20643,0x17B5,91,81
20643,0x17B8,36,26
20643,0x17D0,208,216
20643,0x17D1,8,246
20643,0x17D2,1,0
20643,0x17E6,251,241
20643,0x17F5,188,178
20643,0x17F8,15,5
20643,0x1810,108,116
20643,0x1811,144,126
20643,0x1813,57,96
20643,0x1814,169,175
20643,0x1819,251,81
20643,0x1826,184,174
20643,0x1835,121,111
20643,0x1838,19,9
20643,0x1850,244,252
20643,0x1851,183,165
20643,0x1853,80,19
20643,0x1854,132,153
20643,0x1859,113,199
20643,0x185A,2,1
20643,0x1866,206,196
20643,0x1875,143,133
20643,0x1878,41,31
20643,0x1890,124,132
20643,0x1891,223,205
20643,0x1893,67,162
20643,0x1894,72,98
20643,0x1899,167,61
20643,0x189A,1,3
20643,0x189D,47,239
20643,0x18A6,228,218
20643,0x18B5,165,155
20643,0x18B8,10,53
20643,0x18BA,99,103
20643,0x1B10,205,179
20643,0x1B11,118,134
20643,0x1B13,171,213
20643,0x1B14,111,114
20643,0x1B24,184,182
20643,0x1B26,1,2
20643,0x1B2C,56,61
20643,0x1B30,1,3
20653,0x0004,6,8
20653,0x0020,130,146
20653,0x0022,110,113
20653,0x0026,36,34
20653,0x0028,36,34
20653,0x0049,3,5
20653,0x0051,5,1
20653,0x0069,139,149
20653,0x006B,69,79
20653,0x0071,120,122
20653,0x0072,120,122
20653,0x007B,13,18
20653,0x00AD,28,38
20653,0x00B7,19,21
20653,0x00CD,185,200
20653,0x00CE,192,222
20653,0x00CF,212,6
20653,0x00D0,231,46
20653,0x0176,165,144
20653,0x0178,180,52
20653,0x01FD,36,52
20653,0x01FE,171,207
20653,0x023E,111,123
20653,0x02F6,32,39
20653,0x02FB,2,1
20653,0x0305,140,60
20653,0x030D,150,70
20653,0x0315,160,80
20653,0x031D,170,90
20653,0x0501,131,81
20653,0x0502,86,94
20653,0x0503,20,4
20653,0x0508,65,17
20653,0x0509,81,84
20653,0x050B,20,4
20653,0x0510,86,90
20653,0x0512,40,24
20653,0x0516,128,66
20653,0x0517,90,81
20653,0x0519,32,44
20653,0x051D,64,132
20653,0x051E,81,86
20653,0x0520,52,64
20653,0x0600,0,116
20653,0x0601,0,16
20653,0x0602,0,118
20653,0x0603,0,16
20653,0x060E,0,189
20653,0x060F,0,26
20653,0x0610,0,113
20653,0x0611,0,24
20653,0x0612,0,106
20653,0x0613,0,88
20653,0x0618,0,190
20653,0x0619,0,12
20653,0x061A,0,206
20653,0x061B,0,12
20653,0x061C,0,95
20653,0x061D,0,80
20653,0x061E,0,11
20653,0x061F,0,16
20653,0x0620,0,11
20653,0x0621,0,16
20653,0x0622,185,11
20653,0x0623,12,16
20653,0x0624,165,28
20653,0x0625,12,17
20653,0x0626,172,44
20653,0x0627,12,17
20653,0x0628,0,116
20653,0x0629,0,16
20653,0x062A,0,117
20653,0x062B,0,16
20653,0x0632,0,181
20653,0x0633,0,12
20653,0x0634,0,197
20653,0x0635,0,12
20653,0x0636,0,197
20653,0x0637,0,12
20653,0x0638,0,197
20653,0x0639,0,12
20653,0x063A,0,197
20653,0x063B,0,12
20653,0x063C,148,197
20653,0x063E,153,173
20653,0x0640,158,0
20653,0x0641,12,0
20653,0x0642,158,0
20653,0x0643,12,0
20653,0x0644,164,0
20653,0x0645,12,0
20653,0x0646,172,0
20653,0x0647,12,0
20653,0x071A,94,90
20653,0x071B,115,107
20653,0x071C,30,10
20653,0x071E,8,0
20653,0x0874,222,86
20653,0x0875,42,1
20653,0x0876,86,222
20653,0x0877,1,42
20653,0x0894,22,14
20653,0x0895,91,58
20653,0x0896,14,22
20653,0x0897,58,91
20653,0x0900,82,96
20653,0x0902,34,2
20653,0x0903,34,38
20653,0x0904,66,80
20653,0x0906,32,0
20653,0x0907,34,38
20653,0x0908,69,82
20653,0x0909,56,104
20653,0x090A,2,40
20653,0x090B,41,34
20653,0x090C,53,66
20653,0x090D,56,104
20653,0x090E,0,38
20653,0x090F,41,34
20653,0x0910,155,81
20653,0x0911,82,56
20653,0x0914,139,65
20653,0x0915,82,56
20653,0x0918,125,170
20653,0x0919,70,87
20653,0x091C,109,154
20653,0x091D,70,87
20653,0x0920,97,138
20653,0x0921,59,76
20653,0x0924,81,122
20653,0x0925,59,76
20653,0x0928,230,110
20653,0x0929,56,63
20653,0x092B,103,41
20653,0x092C,246,94
20653,0x092D,56,63
20653,0x092F,103,41
20653,0x0930,110,212
20653,0x0931,167,59
20653,0x0934,126,228
20653,0x0935,167,59
20653,0x0938,149,92
20653,0x0939,145,167
20653,0x093C,165,108
20653,0x093D,145,167
20653,0x0940,189,132
20653,0x0941,90,159
20653,0x0944,205,148
20653,0x0945,90,159
20653,0x0948,130,171
20653,0x0949,110,119
20653,0x094A,7,2
20653,0x094B,36,103
20653,0x094C,96,187
20653,0x094D,224,119
20653,0x094E,2,0
20653,0x094F,32,103
20653,0x0950,80,146
20653,0x0951,224,113
20653,0x0952,0,7
20653,0x0953,32,34
20653,0x0B04,10,170
20653,0x0B22,67,68
20653,0x0B24,134,137
20653,0x0B26,13,18
20653,0x0B28,26,36
20653,0x0B82,67,68
20653,0x0B84,134,137
20653,0x0B86,13,18
20653,0x0B88,26,36
20653,0x0C58,4,36
20653,0x0E82,1,0
20653,0x0F99,13,18
20653,0x0F9D,13,18
20653,0x0FD1,13,18
20653,0x0FF0,13,18
20653,0x1000,128,192
20653,0x1033,32,22
20653,0x1034,175,165
20653,0x1064,86,90
20653,0x106C,45,31
20653,0x16D0,11,159
20653,0x16D1,69,81
20653,0x16D3,174,199
20653,0x16D9,21,25
20653,0x16DD,11,4
20653,0x16E6,218,208
20653,0x16F5,104,94
20653,0x16F8,10,39
20653,0x16F9,6,2
20653,0x16FA,129,133
20653,0x1710,139,254
20653,0x1711,155,170
20653,0x1713,250,5
20653,0x1714,90,95
20653,0x1716,123,153
20653,0x1719,120,90
20653,0x1726,151,141
20653,0x1735,142,132
20653,0x1738,20,10
20653,0x1750,165,141
20653,0x1751,125,138
20653,0x1753,10,148
20653,0x1754,78,84
20653,0x1756,66,87
20653,0x1759,165,156
20653,0x175C,5,3
20653,0x175D,4,253
20653,0x1766,173,163
20653,0x1775,59,49
20653,0x1778,4,32
20653,0x1779,2,0
20653,0x177A,133,138
20653,0x1790,249,141
20653,0x1791,97,110
20653,0x1793,120,86
20653,0x1794,67,71
20653,0x1799,77,117
20653,0x17A6,195,185
20653,0x17B5,81,71
20653,0x17B8,26,16
20653,0x17D0,216,224
20653,0x17D1,246,228
20653,0x17D3,0,219
20653,0x17D4,64,67
20653,0x17D9,0,26
20653,0x17DA,0,1
20653,0x17DD,0,47
20653,0x17E6,241,231
20653,0x17F5,178,168
20653,0x17F8,5,13
20653,0x17F9,6,2
20653,0x17FA,95,99
20653,0x1810,116,124
20653,0x1811,126,108
20653,0x1813,96,132
20653,0x1819,81,201
20653,0x181A,0,255
20653,0x181B,0,255
20653,0x1826,174,164
20653,0x1835,111,101
20653,0x1838,9,17
20653,0x1839,2,6
20653,0x183A,103,106
20653,0x1850,252,4
20653,0x1851,165,148
20653,0x1853,19,50
20653,0x1854,153,167
20653,0x1859,199,29
20653,0x1866,196,186
20653,0x1875,133,123
20653,0x1878,31,21
20653,0x1890,132,140
20653,0x1891,205,187
20653,0x1893,162,93
20653,0x1894,98,127
20653,0x1899,61,147
20653,0x189A,3,2
20653,0x18A6,218,208
20653,0x18B5,155,145
20653,0x18B8,53,43
20653,0x1B10,179,153
20653,0x1B11,134,150
20653,0x1B13,213,255
20653,0x1B14,114,117
20653,0x1B26,2,1
20653,0x1B27,4,2
20653,0x1B30,3,2
20653,0xFFFF,125,126
20663,0x0004,8,10
20663,0x0020,146,162
20663,0x0022,113,117
20663,0x0024,7,6
20663,0x0026,34,36
20663,0x0028,34,36
20663,0x0049,5,7
20663,0x0051,1,3
20663,0x0069,149,159
20663,0x006B,79,89
20663,0x007B,18,23
20663,0x00AD,38,48
20663,0x00B7,21,18
20663,0x00CD,200,215
20663,0x00CE,222,252
20663,0x00CF,6,56
20663,0x00D0,46,116
20663,0x0176,144,165
20663,0x0178,52,180
20663,0x01FE,207,215
20663,0x023D,52,36
20663,0x023E,123,91
20663,0x02F6,39,155
20663,0x0301,41,38
20663,0x0302,76,79
20663,0x0303,10,20
20663,0x0305,60,252
20663,0x0306,148,145
20663,0x0309,73,70
20663,0x030A,76,79
20663,0x030B,10,20
20663,0x030D,70,16
20663,0x030E,148,146
20663,0x0311,105,102
20663,0x0312,76,79
20663,0x0313,10,20
20663,0x0315,80,36
20663,0x0316,148,146
20663,0x0501,81,133
20663,0x0502,94,86
20663,0x0503,4,20
20663,0x0600,116,0
20663,0x0601,16,0
20663,0x0602,118,0
20663,0x0603,16,0
20663,0x060E,189,0
20663,0x060F,26,0
20663,0x0610,113,0
20663,0x0611,24,0
20663,0x0612,106,0
20663,0x0613,88,0
20663,0x071A,90,165
20663,0x071B,107,28
20663,0x071C,10,60
20663,0x071D,0,1
20663,0x071E,0,62
20663,0x071F,0,2
20663,0x072C,220,92
20663,0x072D,74,9
20663,0x072E,222,30
20663,0x072F,123,10
20663,0x0734,16,142
20663,0x0735,74,8
20663,0x0736,222,88
20663,0x0737,123,9
20663,0x073C,149,150
20663,0x073D,17,8
20663,0x073E,220,92
20663,0x073F,74,9
20663,0x0874,86,222
20663,0x0875,1,42
20663,0x0876,222,86
20663,0x0877,42,1
20663,0x0894,14,22
20663,0x0895,58,91
20663,0x0896,22,14
20663,0x0897,91,58
20663,0x0900,96,74
20663,0x0902,2,36
20663,0x0903,38,34
20663,0x0904,80,94
20663,0x0905,104,58
20663,0x0906,0,2
20663,0x0907,38,41
20663,0x0908,82,78
20663,0x0909,104,58
20663,0x090A,40,0
20663,0x090B,34,41
20663,0x090C,66,187
20663,0x090D,104,89
20663,0x090E,38,2
20663,0x090F,34,41
20663,0x0910,81,171
20663,0x0911,56,89
20663,0x0912,2,0
20663,0x0914,65,152
20663,0x0915,56,82
20663,0x0916,0,2
20663,0x0918,170,136
20663,0x0919,87,82
20663,0x091A,2,0
20663,0x091C,154,123
20663,0x091D,87,68
20663,0x091E,0,2
20663,0x0920,138,107
20663,0x0921,76,68
20663,0x0922,2,0
20663,0x0924,122,194
20663,0x0925,76,80
20663,0x0926,0,2
20663,0x0927,41,103
20663,0x0928,110,210
20663,0x0929,63,80
20663,0x092A,2,0
20663,0x092B,41,103
20663,0x092C,94,74
20663,0x092D,63,167
20663,0x092E,0,2
20663,0x092F,41,103
20663,0x0930,212,90
20663,0x0931,59,167
20663,0x0932,2,0
20663,0x0934,228,114
20663,0x0935,59,166
20663,0x0936,0,2
20663,0x0938,92,130
20663,0x0939,167,166
20663,0x093A,2,0
20663,0x093C,108,153
20663,0x093D,167,141
20663,0x093E,0,2
20663,0x0940,132,169
20663,0x0941,159,141
20663,0x0942,2,0
20663,0x0944,148,162
20663,0x0945,159,117
20663,0x0946,0,6
20663,0x0947,103,36
20663,0x0948,171,96
20663,0x0949,119,224
20663,0x094B,103,38
20663,0x094C,187,80
20663,0x094D,119,224
20663,0x094F,103,38
20663,0x0950,146,159
20663,0x0951,113,224
20663,0x0953,34,36
20663,0x0B04,170,2
20663,0x0B22,68,69
20663,0x0B24,137,139
20663,0x0B26,18,23
20663,0x0B28,36,46
20663,0x0B82,68,69
20663,0x0B84,137,139
20663,0x0B86,18,23
20663,0x0B88,36,46
20663,0x0F99,18,23
20663,0x0F9D,18,23
20663,0x0FD1,18,23
20663,0x0FF0,18,23
20663,0x1000,192,128
20663,0x1033,22,12
20663,0x1034,165,155
20663,0x1064,90,88
20663,0x106C,31,40
20663,0x16D0,159,51
20663,0x16D1,81,94
20663,0x16D3,199,157
20663,0x16D4,64,66
20663,0x16D9,25,65
20663,0x16E6,208,198
20663,0x16F5,94,84
20663,0x16F8,39,29
20663,0x1710,254,154
20663,0x1711,170,187
20663,0x1713,5,168
20663,0x1714,95,97
20663,0x1716,153,180
20663,0x1719,90,63
20663,0x1726,141,131
20663,0x1735,132,122
20663,0x1738,10,50
20663,0x1739,0,6
20663,0x173A,138,141
20663,0x1750,141,152
20663,0x1751,138,152
20663,0x1753,148,7
20663,0x1754,84,90
20663,0x1756,87,117
20663,0x1759,156,126
20663,0x1766,163,153
20663,0x1775,49,39
20663,0x1778,32,22
20663,0x1790,141,33
20663,0x1791,110,123
20663,0x1793,86,196
20663,0x1794,71,76
20663,0x1799,117,157
20663,0x17A6,185,175
20663,0x17B5,71,61
20663,0x17B8,16,6
20663,0x17D0,224,232
20663,0x17D1,228,210
20663,0x17D3,219,248
20663,0x17D4,67,88
20663,0x17D9,26,240
20663,0x17DA,1,2
20663,0x17E6,231,221
20663,0x17F5,168,158
20663,0x17F8,13,3
20663,0x1810,124,132
20663,0x1811,108,90
20663,0x1826,164,154
20663,0x1835,101,91
20663,0x1838,17,7
20663,0x1850,4,12
20663,0x1851,148,130
20663,0x1853,50,173
20663,0x1854,167,174
20663,0x1859,29,115
20663,0x185A,1,0
20663,0x1866,186,176
20663,0x1875,123,113
20663,0x1878,21,11
20663,0x1890,140,148
20663,0x1891,187,169
20663,0x1893,93,116
20663,0x1894,127,149
20663,0x1899,147,233
20663,0x189A,2,1
20663,0x18A6,208,198
20663,0x18B5,145,135
20663,0x18B8,43,33
20663,0x1B10,153,127
20663,0x1B11,150,166
20663,0x1B13,255,41
20663,0x1B14,117,121
20663,0x1B24,182,184
20663,0x1B27,2,4
20663,0x1B2C,61,56
20663,0x1B30,2,1
20673,0x0004,10,14
20673,0x0020,162,178
20673,0x0022,117,120
20673,0x0024,6,7
20673,0x0049,7,9
20673,0x0051,3,5
20673,0x0069,159,169
20673,0x006B,89,99
20673,0x0071,122,124
20673,0x0072,122,124
20673,0x007B,23,28
20673,0x00AD,48,58
20673,0x00B7,18,21
20673,0x00CD,215,230
20673,0x00CE,252,26
20673,0x00CF,56,107
20673,0x00D0,116,186
20673,0x0176,165,144
20673,0x0178,180,52
20673,0x01FE,215,207
20673,0x023D,36,52
20673,0x023E,91,123
20673,0x02F6,155,32
20673,0x02FB,1,2
20673,0x0305,252,56
20673,0x0306,145,146
20673,0x030D,16,76
20673,0x0315,36,96
20673,0x0501,133,135
20673,0x0508,17,67
20673,0x0509,84,81
20673,0x050B,4,20
20673,0x050F,130,134
20673,0x0510,90,86
20673,0x0512,24,40
20673,0x0618,190,0
20673,0x0619,12,0
20673,0x061A,206,0
20673,0x061B,12,0
20673,0x061C,95,0
20673,0x061D,80,0
20673,0x061E,11,0
20673,0x061F,16,0
20673,0x0620,11,0
20673,0x0621,16,0
20673,0x0622,11,0
20673,0x0623,16,0
20673,0x0624,28,0
20673,0x0625,17,0
20673,0x0626,44,0
20673,0x0627,17,0
20673,0x0628,116,0
20673,0x0629,16,0
20673,0x062A,117,0
20673,0x062B,16,0
20673,0x0632,181,0
20673,0x0633,12,0
20673,0x0634,197,0
20673,0x0635,12,0
20673,0x0636,197,0
20673,0x0637,12,0
20673,0x0638,197,0
20673,0x0639,12,0
20673,0x063A,197,0
20673,0x063B,12,0
20673,0x071A,165,90
20673,0x071B,28,107
20673,0x071C,60,10
20673,0x071D,1,0
20673,0x071E,62,0
20673,0x071F,2,0
20673,0x072C,92,220
20673,0x072D,9,74
20673,0x072E,30,222
20673,0x072F,10,123
20673,0x0734,142,16
20673,0x0735,8,74
20673,0x0736,88,222
20673,0x0737,9,123
20673,0x073C,150,149
20673,0x073D,8,17
20673,0x073E,92,220
20673,0x073F,9,74
20673,0x0874,222,86
20673,0x0875,42,1
20673,0x0876,86,222
20673,0x0877,1,42
20673,0x0894,22,14
20673,0x0895,91,58
20673,0x0896,14,22
20673,0x0897,58,91
20673,0x0900,74,96
20673,0x0902,36,2
20673,0x0903,34,32
20673,0x0904,94,80
20673,0x0905,58,104
20673,0x0906,2,0
20673,0x0907,41,32
20673,0x0908,78,82
20673,0x0909,58,104
20673,0x090A,0,34
20673,0x090B,41,34
20673,0x090C,187,66
20673,0x090D,89,104
20673,0x090E,2,32
20673,0x090F,41,34
20673,0x0910,171,106
20673,0x0911,89,62
20673,0x0912,0,2
20673,0x0914,152,90
20673,0x0915,82,62
20673,0x0916,2,0
20673,0x0918,136,204
20673,0x0919,82,89
20673,0x091A,0,2
20673,0x091C,123,188
20673,0x091D,68,89
20673,0x091E,2,0
20673,0x0920,107,167
20673,0x0921,68,86
20673,0x0922,0,2
20673,0x0924,194,151
20673,0x0925,80,86
20673,0x0926,2,0
20673,0x0927,103,41
20673,0x0928,210,135
20673,0x0929,80,75
20673,0x092A,0,2
20673,0x092B,103,41
20673,0x092C,74,119
20673,0x092D,167,75
20673,0x092E,2,0
20673,0x092F,103,41
20673,0x0930,90,176
20673,0x0931,167,111
20673,0x0932,0,2
20673,0x0934,114,192
20673,0x0935,166,111
20673,0x0936,2,0
20673,0x0938,130,56
20673,0x093A,0,6
20673,0x093C,153,72
20673,0x093D,141,166
20673,0x093E,2,4
20673,0x0940,169,96
20673,0x0941,141,167
20673,0x0942,0,2
20673,0x0944,162,112
20673,0x0945,117,167
20673,0x0946,6,0
20673,0x0947,36,103
20673,0x0948,96,135
20673,0x0949,224,156
20673,0x094B,38,103
20673,0x094C,80,151
20673,0x094D,224,156
20673,0x094F,38,103
20673,0x0950,159,178
20673,0x0951,224,120
20673,0x0B04,2,170
20673,0x0B22,69,71
20673,0x0B24,139,142
20673,0x0B26,23,28
20673,0x0B28,46,56
20673,0x0B82,69,71
20673,0x0B84,139,142
20673,0x0B86,23,28
20673,0x0B88,46,56
20673,0x0C5A,41,36
20673,0x0C5B,157,0
20673,0x0F99,23,28
20673,0x0F9D,23,28
20673,0x0FD1,23,28
20673,0x0FF0,23,28
20673,0x1000,128,192
20673,0x1027,6,0
20673,0x1033,12,2
20673,0x1034,155,145
20673,0x1064,88,86
20673,0x106C,40,45
20673,0x16D0,51,199
20673,0x16D1,94,106
20673,0x16D3,157,3
20673,0x16D4,66,70
20673,0x16D9,65,105
20673,0x16E6,198,188
20673,0x16F5,84,74
20673,0x16F8,29,19
20673,0x1710,154,162
20673,0x1711,187,204
20673,0x1726,131,121
20673,0x1735,122,112
20673,0x1738,50,40
20673,0x1750,152,207
20673,0x1751,152,167
20673,0x1753,7,78
20673,0x1754,90,94
20673,0x1756,117,147
20673,0x1759,126,96
20673,0x1766,153,143
20673,0x1775,39,29
20673,0x1778,22,12
20673,0x1790,33,226
20673,0x1791,123,135
20673,0x1793,196,89
20673,0x1794,76,83
20673,0x1796,66,81
20673,0x1799,157,162
20673,0x179C,5,3
20673,0x179D,4,253
20673,0x17A6,175,165
20673,0x17B5,61,51
20673,0x17B8,6,34
20673,0x17B9,2,0
20673,0x17BA,133,138
20673,0x17D0,232,240
20673,0x17D1,210,192
20673,0x17D3,248,113
20673,0x17D4,88,119
20673,0x17D9,240,198
20673,0x17DD,47,239
20673,0x17E6,221,211
20673,0x17F5,158,148
20673,0x17F8,3,46
20673,0x17FA,99,103
20673,0x1810,132,220
20673,0x1811,90,72
20673,0x1813,132,118
20673,0x1814,175,174
20673,0x1816,52,84
20673,0x1819,201,181
20673,0x181C,0,8
20673,0x181D,239,251
20673,0x1822,220,217
20673,0x1824,222,219
20673,0x1826,154,251
20673,0x182C,124,111
20673,0x182D,12,43
20673,0x1835,91,81
20673,0x1838,7,43
20673,0x1839,6,0
20673,0x183A,106,111
20673,0x1850,12,20
20673,0x1851,130,112
20673,0x1853,173,132
20673,0x1854,174,175
20673,0x1859,115,201
20673,0x185A,0,255
20673,0x185B,0,255
20673,0x1866,176,166
20673,0x1875,113,103
20673,0x1878,11,1
20673,0x1890,148,156
20673,0x1891,169,151
20673,0x1893,116,231
20673,0x1894,149,164
20673,0x1899,233,63
20673,0x18A6,198,188
20673,0x18B5,135,125
20673,0x18B8,33,23
20673,0x1B10,127,101
20673,0x1B11,166,182
20673,0x1B13,41,83
20673,0x1B14,121,124
20673,0x1B24,184,182
20673,0x1B26,1,2
20673,0x1B2C,56,61
20673,0x1B30,1,3
20673,0xFFFF,126,127
20683,0x0004,14,16
20683,0x0020,178,194
20683,0x0022,120,123
20683,0x0026,36,34
20683,0x0028,36,34
20683,0x0049,9,11
20683,0x0051,5,7
20683,0x0069,169,179
20683,0x006B,99,109
20683,0x007B,28,33
20683,0x00AD,58,68
20683,0x00CD,230,245
20683,0x00CE,26,56
20683,0x00CF,107,157
20683,0x00D0,186,0
20683,0x0176,144,165
20683,0x0178,52,180
20683,0x017D,52,53
20683,0x01FE,207,215
20683,0x023D,52,36
20683,0x023E,123,91
20683,0x02F6,32,255
20683,0x02FB,2,1
20683,0x02FD,39,41
20683,0x0305,56,252
20683,0x0306,146,145
20683,0x030D,76,16
20683,0x0315,96,36
20683,0x0501,135,201
20683,0x0502,86,93
20683,0x0503,20,8
20683,0x0508,67,82
20683,0x0509,81,94
20683,0x050A,20,4
20683,0x050B,20,8
20683,0x050F,134,18
20683,0x0510,86,84
20683,0x0512,40,12
20683,0x0516,66,132
20683,0x0517,81,90
20683,0x0519,44,32
20683,0x051D,132,68
20683,0x051E,86,81
20683,0x0520,64,52
20683,0x0524,128,136
20683,0x0600,0,77
20683,0x0601,0,8
20683,0x0602,0,25
20683,0x0603,0,8
20683,0x0604,0,41
20683,0x0605,0,8
20683,0x0606,0,57
20683,0x0607,0,8
20683,0x0608,0,116
20683,0x0609,0,16
20683,0x060A,0,117
20683,0x060B,0,16
20683,0x0616,0,190
20683,0x0617,0,26
20683,0x0618,0,114
20683,0x0619,0,24
20683,0x061A,0,105
20683,0x061B,0,88
20683,0x0620,0,232
20683,0x0621,0,12
20683,0x0622,0,119
20683,0x0623,0,12
20683,0x0624,0,95
20683,0x0625,0,16
20683,0x0626,0,153
20683,0x0627,0,17
20683,0x0628,0,11
20683,0x0629,0,16
20683,0x062A,0,11
20683,0x062B,0,16
20683,0x062C,0,30
20683,0x062D,0,17
20683,0x062E,0,46
20683,0x062F,0,17
20683,0x0630,0,116
20683,0x0631,0,16
20683,0x0632,0,117
20683,0x0633,0,16
20683,0x063C,197,0
20683,0x063D,12,0
20683,0x063E,173,0
20683,0x063F,12,0
20683,0x0642,0,184
20683,0x0643,0,12
20683,0x0644,0,200
20683,0x0645,0,12
20683,0x0646,0,216
20683,0x0647,0,12
20683,0x071A,90,165
20683,0x071B,107,28
20683,0x071C,10,60
20683,0x071D,0,1
20683,0x071E,0,62
20683,0x071F,0,2
20683,0x072C,220,92
20683,0x072D,74,9
20683,0x072E,222,30
20683,0x072F,123,10
20683,0x0734,16,142
20683,0x0735,74,8
20683,0x0736,222,88
20683,0x0737,123,9
20683,0x073C,149,150
20683,0x073D,17,8
20683,0x073E,220,92
20683,0x073F,74,9
20683,0x0874,86,222
20683,0x0875,1,42
20683,0x0876,222,86
20683,0x0877,42,1
20683,0x0894,14,22
20683,0x0895,58,91
20683,0x0896,22,14
20683,0x0897,91,58
20683,0x0903,32,38
20683,0x0907,32,38
20683,0x090A,34,40
20683,0x090E,32,38
20683,0x0910,106,119
20683,0x0911,62,66
20683,0x0914,90,103
20683,0x0915,62,66
20683,0x0918,204,221
20683,0x091C,188,205
20683,0x0920,167,184
20683,0x0921,86,89
20683,0x0924,151,168
20683,0x0925,86,89
20683,0x0928,135,149
20683,0x0929,75,81
20683,0x092C,119,133
20683,0x092D,75,81
20683,0x0930,176,158
20683,0x0931,111,135
20683,0x0934,192,174
20683,0x0935,111,135
20683,0x0938,56,41
20683,0x0939,166,162
20683,0x093C,72,57
20683,0x093D,166,162
20683,0x0940,96,78
20683,0x0944,112,94
20683,0x0948,135,117
20683,0x0949,156,165
20683,0x094C,151,133
20683,0x094D,156,165
20683,0x0950,178,194
20683,0x0951,120,123
20683,0x0953,36,34
20683,0x0B22,71,72
20683,0x0B24,142,144
20683,0x0B26,28,33
20683,0x0B28,56,66
20683,0x0B82,71,72
20683,0x0B84,142,144
20683,0x0B86,28,33
20683,0x0B88,56,66
20683,0x0F99,28,33
20683,0x0F9D,28,33
20683,0x0FD1,28,33
20683,0x0FF0,28,33
20683,0x1000,192,200
20683,0x1027,0,6
20683,0x1033,2,0
20683,0x1034,145,135
20683,0x1064,86,90
20683,0x106C,45,31
20683,0x16D0,199,91
20683,0x16D1,106,119
20683,0x16D3,3,249
20683,0x16D4,70,74
20683,0x16D9,105,145
20683,0x16E6,188,178
20683,0x16F5,74,64
20683,0x16F8,19,9
20683,0x1710,162,170
20683,0x1711,204,221
20683,0x1726,121,111
20683,0x1735,112,102
20683,0x1738,40,30
20683,0x1750,207,50
20683,0x1751,167,184
20683,0x1753,78,105
20683,0x1754,94,97
20683,0x1756,147,177
20683,0x1759,96,66
20683,0x1766,143,133
20683,0x1775,29,19
20683,0x1778,12,2
20683,0x1790,226,177
20683,0x1791,135,149
20683,0x1793,89,8
20683,0x1794,83,89
20683,0x1796,81,111
20683,0x1799,162,132
20683,0x17A6,165,155
20683,0x17B5,51,41
20683,0x17B8,34,24
20683,0x17D0,240,248
20683,0x17D1,192,174
20683,0x17D3,113,134
20683,0x17D4,119,143
20683,0x17D9,198,28
20683,0x17E6,211,201
20683,0x17F5,148,138
20683,0x17F8,46,36
20683,0x1811,72,57
20683,0x1813,118,117
20683,0x1814,174,170
20683,0x1816,84,164
20683,0x1819,181,131
20683,0x1826,251,241
20683,0x1835,81,71
20683,0x1838,43,33
20683,0x1850,20,28
20683,0x1851,112,94
20683,0x1866,166,156
20683,0x1875,103,93
20683,0x1878,1,9
20683,0x1879,2,6
20683,0x187A,103,106
20683,0x1890,156,164
20683,0x1891,151,133
20683,0x1893,231,182
20683,0x1894,164,173
20683,0x1899,63,149
20683,0x189A,1,0
20683,0x18A6,188,178
20683,0x18B5,125,115
20683,0x18B8,23,13
20683,0x1B10,101,75
20683,0x1B11,182,198
20683,0x1B13,83,125
20683,0x1B14,124,127
20683,0x1B26,2,1
20683,0x1B27,4,2
20683,0x1B30,3,2
20693,0x0004,16,18
20693,0x0020,194,210
20693,0x0022,123,126
20693,0x0024,7,6
20693,0x0026,34,36
20693,0x0028,34,36
20693,0x0049,11,1
20693,0x0051,7,3
20693,0x0069,179,189
20693,0x006B,109,119
20693,0x007B,33,38
20693,0x00AD,68,78
20693,0x00B7,21,20
20693,0x00CD,245,4
20693,0x00CE,56,87
20693,0x00CF,157,207
20693,0x00D0,0,70
20693,0x0176,165,144
20693,0x0178,180,52
20693,0x017D,53,52
20693,0x023D,36,52
20693,0x023E,91,111
20693,0x02F6,255,155
20693,0x0305,252,56
20693,0x0306,145,146
20693,0x030D,16,76
20693,0x0315,36,96
20693,0x0501,201,137
20693,0x0502,93,86
20693,0x0503,8,20
20693,0x0600,77,0
20693,0x0601,8,0
20693,0x0602,25,0
20693,0x0603,8,0
20693,0x0604,41,0
20693,0x0605,8,0
20693,0x0606,57,0
20693,0x0607,8,0
20693,0x0608,116,0
20693,0x0609,16,0
20693,0x060A,117,0
20693,0x060B,16,0
20693,0x071A,165,94
20693,0x071B,28,115
20693,0x071C,60,30
20693,0x071D,1,0
20693,0x071E,62,8
20693,0x071F,2,0
20693,0x0874,222,86
20693,0x0875,42,1
20693,0x0876,86,222
20693,0x0877,1,42
20693,0x0894,22,14
20693,0x0895,91,58
20693,0x0896,14,22
20693,0x0897,58,91
20693,0x0908,82,74
20693,0x090A,40,36
20693,0x090C,66,131
20693,0x090D,104,73
20693,0x090E,38,2
20693,0x090F,34,41
20693,0x0910,119,115
20693,0x0911,66,73
20693,0x0912,2,0
20693,0x0914,103,238
20693,0x0915,66,89
20693,0x0916,0,2
20693,0x0918,221,222
20693,0x091A,2,0
20693,0x091C,205,201
20693,0x091E,0,2
20693,0x0920,184,185
20693,0x0922,2,0
20693,0x0924,168,164
20693,0x0925,89,85
20693,0x0926,0,2
20693,0x0928,149,148
20693,0x0929,81,85
20693,0x092A,2,0
20693,0x092C,133,141
20693,0x092D,81,152
20693,0x092E,0,2
20693,0x092F,41,103
20693,0x0930,158,157
20693,0x0931,135,152
20693,0x0932,2,0
20693,0x0934,174,29
20693,0x0935,135,156
20693,0x0936,0,6
20693,0x0938,41,45
20693,0x0939,162,156
20693,0x093A,6,4
20693,0x093C,57,60
20693,0x093D,162,167
20693,0x093E,4,6
20693,0x0940,78,76
20693,0x0942,2,4
20693,0x0944,94,99
20693,0x0946,0,2
20693,0x0948,117,115
20693,0x0949,165,167
20693,0x094A,2,0
20693,0x094C,133,210
20693,0x094D,165,126
20693,0x094E,0,6
20693,0x094F,103,36
20693,0x0950,194,207
20693,0x0951,123,224
20693,0x0953,34,36
20693,0x0B04,170,42
20693,0x0B22,72,73
20693,0x0B24,144,147
20693,0x0B26,33,38
20693,0x0B28,66,76
20693,0x0B82,72,73
20693,0x0B84,144,147
20693,0x0B86,33,38
20693,0x0B88,66,76
20693,0x0F99,33,38
20693,0x0F9D,33,38
20693,0x0FD1,33,38
20693,0x0FF0,33,38
20693,0x1034,135,125
20693,0x1064,90,88
20693,0x106C,31,40
20693,0x16D0,91,248
20693,0x16D1,119,131
20693,0x16D3,249,106
20693,0x16D4,74,81
20693,0x16D6,66,72
20693,0x16D9,145,171
20693,0x16DC,5,3
20693,0x16DD,4,253
20693,0x16E6,178,168
20693,0x16F5,64,54
20693,0x16F8,9,37
20693,0x16F9,2,0
20693,0x16FA,133,138
20693,0x1710,170,178
20693,0x1711,221,238
20693,0x1726,111,101
20693,0x1735,102,92
20693,0x1738,30,20
20693,0x1750,50,58
20693,0x1751,184,201
20693,0x1753,105,168
20693,0x1756,177,180
20693,0x1759,66,63
20693,0x1766,133,123
20693,0x1775,19,9
20693,0x1778,2,42
20693,0x1779,0,6
20693,0x177A,138,141
20693,0x1790,177,172
20693,0x1791,149,164
20693,0x1793,8,139
20693,0x1794,89,93
20693,0x1796,111,141
20693,0x1799,132,102
20693,0x17A6,155,145
20693,0x17B5,41,31
20693,0x17B8,24,14
20693,0x17D0,248,0
20693,0x17D1,174,157
20693,0x17D3,134,247
20693,0x17D4,143,160
20693,0x17D9,28,114
20693,0x17DA,2,1
20693,0x17E6,201,191
20693,0x17F5,138,128
20693,0x17F8,36,26
20693,0x1810,220,252
20693,0x1811,57,45
20693,0x1813,117,128
20693,0x1814,170,164
20693,0x1816,164,244
20693,0x1819,131,81
20693,0x1826,241,231
20693,0x1835,71,61
20693,0x1838,33,23
20693,0x1850,28,60
20693,0x1851,94,76
20693,0x1853,132,7
20693,0x1856,52,68
20693,0x1859,201,191
20693,0x185C,0,8
20693,0x185D,239,251
20693,0x1862,220,217
20693,0x1864,222,219
20693,0x1866,156,253
20693,0x186C,124,111
20693,0x186D,12,43
20693,0x1875,93,83
20693,0x1878,9,45
20693,0x1879,6,0
20693,0x187A,106,111
20693,0x1890,164,172
20693,0x1891,133,115
20693,0x1893,182,225
20693,0x1894,173,175
20693,0x1899,149,235
20693,0x189A,0,255
20693,0x189B,0,255
20693,0x18A6,178,168
20693,0x18B5,115,105
20693,0x18B8,13,3
20693,0x1B10,75,49
20693,0x1B11,198,214
20693,0x1B13,125,167
20693,0x1B14,127,130
20693,0x1B24,182,184
20693,0x1B27,2,4
20693,0x1B2C,61,56
20693,0x1B30,2,1
20703,0x0004,18,20
20703,0x0020,210,226
20703,0x0022,126,129
20703,0x0024,6,7
20703,0x0025,1,2
20703,0x0049,1,3
20703,0x0051,3,11
20703,0x0069,189,199
20703,0x006B,119,129
20703,0x0071,124,126
20703,0x0072,124,126
20703,0x007B,38,43
20703,0x00AD,78,88
20703,0x00B7,20,21
20703,0x00CD,4,19
20703,0x00CE,87,75
20703,0x00CF,207,1
20703,0x00D0,70,141
20703,0x00D1,0,1
20703,0x0172,52,54
20703,0x0176,144,165
20703,0x0178,52,180
20703,0x01FE,215,207
20703,0x023D,52,36
20703,0x023E,111,91
20703,0x02F6,155,56
20703,0x02FB,1,2
20703,0x02FD,41,39
20703,0x0305,56,252
20703,0x0306,146,145
20703,0x030D,76,16
20703,0x0315,96,36
20703,0x0501,137,133
20703,0x0502,86,90
20703,0x0508,82,69
20703,0x0509,94,81
20703,0x050A,4,20
20703,0x050B,8,20
20703,0x050F,18,138
20703,0x0510,84,86
20703,0x0512,12,40
20703,0x0600,0,231
20703,0x0601,0,12
20703,0x0602,0,120
20703,0x0603,0,12
20703,0x0604,0,217
20703,0x0605,0,16
20703,0x0606,0,154
20703,0x0607,0,17
20703,0x0608,0,11
20703,0x0609,0,16
20703,0x060A,0,11
20703,0x060B,0,16
20703,0x060C,0,31
20703,0x060D,0,17
20703,0x060E,0,47
20703,0x060F,0,17
20703,0x0610,0,116
20703,0x0611,0,16
20703,0x0612,0,118
20703,0x0613,0,16
20703,0x0616,190,0
20703,0x0617,26,0
20703,0x0618,114,0
20703,0x0619,24,0
20703,0x061A,105,0
20703,0x061B,88,0
20703,0x0620,232,167
20703,0x0622,119,169
20703,0x0624,95,168
20703,0x0625,16,12
20703,0x0626,153,183
20703,0x0627,17,12
20703,0x0628,11,0
20703,0x0629,16,0
20703,0x062A,11,0
20703,0x062B,16,0
20703,0x062C,30,0
20703,0x062D,17,0
20703,0x062E,46,0
20703,0x062F,17,0
20703,0x0630,116,0
20703,0x0631,16,0
20703,0x0632,117,0
20703,0x0633,16,0
20703,0x071A,94,165
20703,0x071B,115,28
20703,0x071C,30,60
20703,0x071D,0,1
20703,0x071E,8,62
20703,0x071F,0,2
20703,0x072C,92,220
20703,0x072D,9,74
20703,0x072E,30,222
20703,0x072F,10,123
20703,0x0734,142,16
20703,0x0735,8,74
20703,0x0736,88,222
20703,0x0737,9,123
20703,0x073C,150,149
20703,0x073D,8,17
20703,0x073E,92,220
20703,0x073F,9,74
20703,0x0874,86,222
20703,0x0875,1,42
20703,0x0876,222,86
20703,0x0877,42,1
20703,0x0894,14,22
20703,0x0895,58,91
20703,0x0896,22,14
20703,0x0897,91,58
20703,0x0903,38,32
20703,0x0907,38,32
20703,0x0908,74,82
20703,0x090A,36,34
20703,0x090C,131,66
20703,0x090D,73,104
20703,0x090E,2,32
20703,0x090F,41,34
20703,0x0910,115,145
20703,0x0911,73,79
20703,0x0912,0,2
20703,0x0914,238,129
20703,0x0915,89,79
20703,0x0916,2,0
20703,0x0918,222,255
20703,0x091A,0,2
20703,0x091C,201,239
20703,0x091E,2,0
20703,0x0920,185,218
20703,0x0922,0,2
20703,0x0924,164,202
20703,0x0925,85,89
20703,0x0926,2,0
20703,0x0928,148,180
20703,0x0929,85,88
20703,0x092A,0,2
20703,0x092C,141,164
20703,0x092D,152,88
20703,0x092E,2,0
20703,0x092F,103,41
20703,0x0930,157,123
20703,0x0931,152,163
20703,0x0932,0,2
20703,0x0934,29,139
20703,0x0935,156,163
20703,0x0936,6,0
20703,0x0938,45,21
20703,0x0939,156,148
20703,0x093A,4,6
20703,0x093C,60,37
20703,0x093D,167,148
20703,0x093E,6,4
20703,0x0940,76,44
20703,0x0941,167,163
20703,0x0942,4,6
20703,0x0944,99,60
20703,0x0945,167,163
20703,0x0946,2,4
20703,0x0948,115,81
20703,0x094A,0,2
20703,0x094C,210,97
20703,0x094D,126,167
20703,0x094E,6,0
20703,0x094F,36,103
20703,0x0950,207,226
20703,0x0951,224,129
20703,0x0B04,42,170
20703,0x0B22,73,74
20703,0x0B24,147,149
20703,0x0B26,38,43
20703,0x0B28,76,86
20703,0x0B82,73,74
20703,0x0B84,147,149
20703,0x0B86,38,43
20703,0x0B88,76,86
20703,0x0F99,38,43
20703,0x0F9D,38,43
20703,0x0FD1,38,43
20703,0x0FF0,38,43
20703,0x1027,6,0
20703,0x1034,125,115
20703,0x1064,88,86
20703,0x106C,40,45
20703,0x16D0,248,109
20703,0x16D1,131,145
20703,0x16D3,106,115
20703,0x16D4,81,87
20703,0x16D6,72,102
20703,0x16D9,171,141
20703,0x16E6,168,158
20703,0x16F5,54,44
20703,0x16F8,37,27
20703,0x1710,178,186
20703,0x1711,238,255
20703,0x1726,101,91
20703,0x1735,92,82
20703,0x1738,20,10
20703,0x1750,58,66
20703,0x1751,201,218
20703,0x1766,123,113
20703,0x1775,9,79
20703,0x1778,42,32
20703,0x1790,172,211
20703,0x1791,164,180
20703,0x1793,139,226
20703,0x1794,93,96
20703,0x1796,141,171
20703,0x1799,102,72
20703,0x17A6,145,135
20703,0x17B5,31,21
20703,0x17B8,14,4
20703,0x17D0,0,8
20703,0x17D1,157,139
20703,0x17D3,247,196
20703,0x17D4,160,171
20703,0x17D9,114,200
20703,0x17DA,1,0
20703,0x17E6,191,181
20703,0x17F5,128,118
20703,0x17F8,26,16
20703,0x1810,252,60
20703,0x1811,45,37
20703,0x1813,128,151
20703,0x1814,164,156
20703,0x1816,244,68
20703,0x1817,254,255
20703,0x1819,81,31
20703,0x1826,231,221
20703,0x1835,61,51
20703,0x1838,23,13
20703,0x1850,60,156
20703,0x1851,76,60
20703,0x1853,7,106
20703,0x1854,175,171
20703,0x1856,68,148
20703,0x1859,191,141
20703,0x1866,253,243
20703,0x1875,83,73
20703,0x1878,45,35
20703,0x1890,172,180
20703,0x1891,115,97
20703,0x1893,225,132
20703,0x1899,235,201
20703,0x18A6,168,158
20703,0x18B5,105,95
20703,0x18B8,3,11
20703,0x18B9,2,6
20703,0x18BA,103,106
20703,0x1B10,49,23
20703,0x1B11,214,230
20703,0x1B13,167,209
20703,0x1B14,130,133
20703,0x1B24,184,182
20703,0x1B26,1,2
20703,0x1B2C,56,61
20703,0x1B30,1,3
20703,0xFFFF,127,128
20713,0x0004,20,24
20713,0x0020,226,241
20713,0x0022,129,132
20713,0x0026,36,34
20713,0x0028,36,34
20713,0x0049,3,5
20713,0x0051,11,1
20713,0x0069,199,209
20713,0x006B,129,139
20713,0x007B,43,48
20713,0x00AD,88,98
20713,0x00B7,21,23
20713,0x00B8,16,0
20713,0x00B9,1,0
20713,0x00BA,64,184
20713,0x00BF,120,128
20713,0x00C2,7,8
20713,0x00CA,8,7
20713,0x00CD,19,34
20713,0x00CE,75,105
20713,0x00CF,1,51
20713,0x00D0,141,211
20713,0x00D1,1,2
20713,0x0176,165,144
20713,0x0178,180,244
20713,0x01FE,207,215
20713,0x02F6,56,155
20713,0x02FB,2,1
20713,0x02FD,39,41
20713,0x0501,133,83
20713,0x0502,90,94
20713,0x0503,20,4
20713,0x0508,69,19
20713,0x0509,81,84
20713,0x050B,20,4
20713,0x050F,138,134
20713,0x0510,86,90
20713,0x0512,40,24
20713,0x0516,132,70
20713,0x0517,90,81
20713,0x0519,32,44
20713,0x051D,68,140
20713,0x051E,81,86
20713,0x0520,52,64
20713,0x0600,231,116
20713,0x0601,12,16
20713,0x0602,120,118
20713,0x0603,12,16
20713,0x0604,217,0
20713,0x0605,16,0
20713,0x0606,154,0
20713,0x0607,17,0
20713,0x0608,11,0
20713,0x0609,16,0
20713,0x060A,11,0
20713,0x060B,16,0
20713,0x060C,31,0
20713,0x060D,17,0
20713,0x060E,47,0
20713,0x060F,17,0
20713,0x0610,116,115
20713,0x0611,16,24
20713,0x0612,118,0
20713,0x0613,16,0
20713,0x0618,0,9
20713,0x0619,0,13
20713,0x061A,0,191
20713,0x061B,0,12
20713,0x061C,0,95
20713,0x061D,0,16
20713,0x061E,0,153
20713,0x061F,0,17
20713,0x0620,167,11
20713,0x0621,12,16
20713,0x0622,169,11
20713,0x0623,12,16
20713,0x0624,168,29
20713,0x0625,12,17
20713,0x0626,183,45
20713,0x0627,12,17
20713,0x0628,0,116
20713,0x0629,0,16
20713,0x062A,0,117
20713,0x062B,0,16
20713,0x063C,0,233
20713,0x063D,0,12
20713,0x063E,0,249
20713,0x063F,0,12
20713,0x0642,184,0
20713,0x0643,12,0
20713,0x0644,200,0
20713,0x0645,12,0
20713,0x0646,216,0
20713,0x0647,12,0
20713,0x0648,0,82
20713,0x0649,0,63
20713,0x064A,0,36
20713,0x064B,0,63
20713,0x064C,0,58
20713,0x064D,0,63
20713,0x064E,0,74
20713,0x064F,0,63
20713,0x072C,220,92
20713,0x072D,74,9
20713,0x072E,222,30
20713,0x072F,123,10
20713,0x0734,16,142
20713,0x0735,74,8
20713,0x0736,222,88
20713,0x0737,123,9
20713,0x073C,149,150
20713,0x073D,17,8
20713,0x073E,220,92
20713,0x073F,74,9
20713,0x0874,222,86
20713,0x0875,42,1
20713,0x0876,86,222
20713,0x0877,1,42
20713,0x0894,22,14
20713,0x0895,91,58
20713,0x0896,14,22
20713,0x0897,58,91
20713,0x0900,96,1
20713,0x0901,104,169
20713,0x0902,2,142
20713,0x0903,32,45
20713,0x0904,80,241
20713,0x0905,104,169
20713,0x0906,0,140
20713,0x0907,32,45
20713,0x0908,82,96
20713,0x090A,34,2
20713,0x090B,34,38
20713,0x090C,66,80
20713,0x090E,32,0
20713,0x090F,34,38
20713,0x0910,145,82
20713,0x0911,79,104
20713,0x0912,2,40
20713,0x0913,41,34
20713,0x0914,129,66
20713,0x0915,79,104
20713,0x0916,0,38
20713,0x0917,41,34
20713,0x0918,255,160
20713,0x0919,89,84
20713,0x091C,239,144
20713,0x091D,89,84
20713,0x0920,218,235
20713,0x0924,202,219
20713,0x0928,180,197
20713,0x0929,88,89
20713,0x092C,164,181
20713,0x092D,88,89
20713,0x0930,123,105
20713,0x0931,163,167
20713,0x0934,139,121
20713,0x0935,163,167
20713,0x0938,21,15
20713,0x0939,148,138
20713,0x093C,37,31
20713,0x093D,148,138
20713,0x0940,44,32
20713,0x0941,163,157
20713,0x0944,60,48
20713,0x0945,163,157
20713,0x0948,81,63
20713,0x094C,97,79
20713,0x0950,226,12
20713,0x0951,129,176
20713,0x0952,7,134
20713,0x0953,36,45
20713,0x0954,143,252
20713,0x0955,224,176
20713,0x0956,121,132
20713,0x0957,61,45
20713,0x0958,135,241
20713,0x0959,224,132
20713,0x095A,120,7
20713,0x095B,61,34
20713,0x095C,143,96
20713,0x095E,121,2
20713,0x095F,189,38
20713,0x0960,135,80
20713,0x0962,104,0
20713,0x0963,61,38
20713,0x0B00,170,171
20713,0x0B05,0,11
20713,0x0B22,74,76
20713,0x0B24,149,152
20713,0x0B26,43,48
20713,0x0B28,86,96
20713,0x0B82,74,76
20713,0x0B84,149,152
20713,0x0B86,43,48
20713,0x0B88,86,96
20713,0x0F99,43,48
20713,0x0F9D,43,48
20713,0x0FD1,43,48
20713,0x0FF0,43,48
20713,0x1027,0,6
20713,0x1034,115,105
20713,0x1064,86,90
20713,0x106C,45,31
20713,0x16D0,109,14
20713,0x16D1,145,160
20713,0x16D3,115,80
20713,0x16D4,87,92
20713,0x16D6,102,132
20713,0x16D9,141,111
20713,0x16E6,158,148
20713,0x16F5,44,34
20713,0x16F8,27,17
20713,0x1700,200,0
20713,0x1710,186,14
20713,0x1711,255,15
20713,0x1712,0,1
20713,0x1726,91,82
20713,0x1735,82,72
20713,0x1738,10,0
20713,0x1750,66,74
20713,0x1751,218,235
20713,0x1766,113,103
20713,0x1775,79,69
20713,0x1778,32,22
20713,0x1790,211,210
20713,0x1791,180,197
20713,0x1793,226,168
20713,0x1794,96,97
20713,0x1796,171,180
20713,0x1799,72,63
20713,0x17A6,135,125
20713,0x17B5,21,11
20713,0x17B8,4,44
20713,0x17B9,0,6
20713,0x17BA,138,141
20713,0x17D0,8,16
20713,0x17D1,139,121
20713,0x17D3,196,237
20713,0x17D4,171,175
20713,0x17D9,200,30
20713,0x17E6,181,171
20713,0x17F5,118,108
20713,0x17F8,16,6
20713,0x1810,60,156
20713,0x1811,37,31
20713,0x1813,151,186
20713,0x1814,156,146
20713,0x1816,68,148
20713,0x1819,31,237
20713,0x181A,255,254
20713,0x1826,221,211
20713,0x1835,51,41
20713,0x1838,13,3
20713,0x1850,156,28
20713,0x1851,60,48
20713,0x1853,106,217
20713,0x1854,171,165
20713,0x1856,148,228
20713,0x1859,141,91
20713,0x1866,243,233
20713,0x1875,73,63
20713,0x1878,35,25
20713,0x1890,180,188
20713,0x1891,97,79
20713,0x18A6,158,148
20713,0x18B5,95,85
20713,0x18B8,11,1
20713,0x18C0,0,200
20713,0x18C1,0,240
20713,0x18C2,0,144
20713,0x18C3,0,2
20713,0x18C4,0,74
20713,0x18C5,0,147
20713,0x18C6,0,2
20713,0x18C8,0,5
20713,0x18CA,0,2
20713,0x18CB,0,3
20713,0x18CC,0,9
20713,0x18D1,0,12
20713,0x18D2,0,1
20713,0x18D4,0,184
20713,0x18D7,0,255
20713,0x18D8,0,255
20713,0x18DE,0,12
20713,0x18DF,0,8
20713,0x18E0,0,170
20713,0x18E1,0,3
20713,0x18E2,0,245
20713,0x18E3,0,9
20713,0x18E4,0,249
20713,0x18E5,0,9
20713,0x18E6,0,2
20713,0x18E7,0,12
20713,0x18E8,0,128
20713,0x18E9,0,1
20713,0x18EA,0,168
20713,0x18EB,0,6
20713,0x18EC,0,147
20713,0x18ED,0,43
20713,0x18F3,0,25
20713,0x18F8,0,124
20713,0x1900,0,224
20713,0x1901,0,116
20713,0x1902,0,146
20713,0x1903,0,2
20713,0x1908,0,5
20713,0x190A,0,2
20713,0x190B,0,3
20713,0x190C,0,9
20713,0x1911,0,12
20713,0x1912,0,1
20713,0x1914,0,176
20713,0x191E,0,12
20713,0x191F,0,8
20713,0x1920,0,170
20713,0x1921,0,3
20713,0x1922,0,223
20713,0x1923,0,8
20713,0x1924,0,225
20713,0x1925,0,8
20713,0x1926,0,255
20713,0x1927,0,12
20713,0x1928,0,128
20713,0x1929,0,1
20713,0x192A,0,168
20713,0x192B,0,6
20713,0x192C,0,221
20713,0x192D,0,52
20713,0x1935,0,60
20713,0x1939,0,116
20713,0x1B10,23,253
20713,0x1B11,230,245
20713,0x1B13,209,251
20713,0x1B14,133,136
20713,0x1B26,2,1
20713,0x1B27,4,2
20713,0x1B30,3,2
20723,0x0004,24,26
20723,0x0020,241,1
20723,0x0022,132,136
20723,0x0024,7,6
20723,0x0026,34,36
20723,0x0028,34,36
20723,0x002A,0,4
20723,0x0049,5,7
20723,0x0051,1,3
20723,0x0069,209,219
20723,0x006B,139,149
20723,0x0071,126,0
20723,0x0072,126,0
20723,0x007B,48,53
20723,0x00AD,98,108
20723,0x00B7,23,22
20723,0x00CD,34,49
20723,0x00CE,105,135
20723,0x00CF,51,101
20723,0x00D0,211,25
20723,0x0176,144,165
20723,0x0178,244,180
20723,0x01FE,215,207
20723,0x023D,36,52
20723,0x023E,91,123
20723,0x02FD,41,39
20723,0x0305,252,56
20723,0x0306,145,146
20723,0x030D,16,76
20723,0x0315,36,96
20723,0x0501,83,141
20723,0x0502,94,86
20723,0x0503,4,20
20723,0x0600,116,0
20723,0x0601,16,0
20723,0x0602,118,0
20723,0x0603,16,0
20723,0x0604,0,62
20723,0x0605,0,63
20723,0x0606,0,63
20723,0x0607,0,63
20723,0x0608,0,84
20723,0x0609,0,63
20723,0x060A,0,38
20723,0x060B,0,63
20723,0x060C,0,60
20723,0x060D,0,63
20723,0x060E,0,76
20723,0x060F,0,63
20723,0x0610,115,88
20723,0x0611,24,63
20723,0x0612,0,88
20723,0x0613,0,63
20723,0x071A,165,90
20723,0x071B,28,107
20723,0x071C,60,10
20723,0x071D,1,0
20723,0x071E,62,0
20723,0x071F,2,0
20723,0x072C,92,220
20723,0x072D,9,74
20723,0x072E,30,222
20723,0x072F,10,123
20723,0x0734,142,16
20723,0x0735,8,74
20723,0x0736,88,222
20723,0x0737,9,123
20723,0x073C,150,149
20723,0x073D,8,17
20723,0x073E,92,220
20723,0x073F,9,74
20723,0x0874,86,222
20723,0x0875,1,42
20723,0x0876,222,86
20723,0x0877,42,1
20723,0x0894,14,22
20723,0x0895,58,91
20723,0x0896,22,14
20723,0x0897,91,58
20723,0x0900,1,247
20723,0x0904,241,231
20723,0x0910,82,74
20723,0x0912,40,36
20723,0x0914,66,175
20723,0x0915,104,88
20723,0x0916,38,2
20723,0x0917,34,41
20723,0x0918,160,159
20723,0x0919,84,88
20723,0x091A,2,0
20723,0x091C,144,252
20723,0x091D,84,89
20723,0x091E,0,2
20723,0x0920,235,236
20723,0x0922,2,0
20723,0x0924,219,214
20723,0x0926,0,2
20723,0x0928,197,198
20723,0x092A,2,0
20723,0x092C,181,87
20723,0x092D,89,167
20723,0x092E,0,2
20723,0x092F,41,103
20723,0x0930,105,103
20723,0x0932,2,0
20723,0x0934,121,12
20723,0x0935,167,127
20723,0x0936,0,10
20723,0x0938,15,28
20723,0x0939,138,127
20723,0x093A,6,8
20723,0x093C,31,22
20723,0x093D,138,150
20723,0x093E,4,6
20723,0x0940,32,38
20723,0x0941,157,150
20723,0x0942,6,4
20723,0x0944,48,47
20723,0x0945,157,164
20723,0x0946,4,6
20723,0x0949,167,164
20723,0x094A,2,4
20723,0x094C,79,2
20723,0x094D,167,176
20723,0x094E,0,134
20723,0x094F,103,45
20723,0x0950,12,242
20723,0x0952,134,132
20723,0x0954,252,1
20723,0x0955,176,136
20723,0x0956,132,6
20723,0x0957,45,36
20723,0x0958,241,254
20723,0x0959,132,224
20723,0x095B,34,36
20723,0x0B00,171,170
20723,0x0B04,170,234
20723,0x0B05,11,6
20723,0x0B22,76,77
20723,0x0B24,152,154
20723,0x0B26,48,53
20723,0x0B28,96,106
20723,0x0B82,76,77
20723,0x0B84,152,154
20723,0x0B86,48,53
20723,0x0B88,96,106
20723,0x0F99,48,53
20723,0x0F9D,48,53
20723,0x0FD1,48,53
20723,0x0FF0,48,53
20723,0x1034,105,95
20723,0x1064,90,88
20723,0x106C,31,40
20723,0x16D0,14,219
20723,0x16D1,160,175
20723,0x16D3,80,1
20723,0x16D4,92,96
20723,0x16D6,132,162
20723,0x16D9,111,81
20723,0x16E6,148,138
20723,0x16F5,34,24
20723,0x16F8,17,7
20723,0x1750,74,82
20723,0x1751,235,252
20723,0x1766,103,93
20723,0x1775,69,59
20723,0x1778,22,12
20723,0x1790,210,218
20723,0x1791,197,214
20723,0x17A6,125,115
20723,0x17B5,11,1
20723,0x17B8,44,34
20723,0x17D0,16,24
20723,0x17D1,121,103
20723,0x17D3,237,132
20723,0x17D9,30,201
20723,0x17DA,0,255
20723,0x17DB,0,255
20723,0x17E6,171,161
20723,0x17F5,108,98
20723,0x17F8,6,14
20723,0x17F9,2,6
20723,0x17FA,103,106
20723,0x1810,156,68
20723,0x1811,31,28
20723,0x1813,186,13
20723,0x1814,146,135
20723,0x1816,148,180
20723,0x1819,237,195
20723,0x181C,8,2
20723,0x181D,251,252
20723,0x1822,217,13
20723,0x1823,8,12
20723,0x1824,219,17
20723,0x1825,8,12
20723,0x1826,211,4
20723,0x182C,111,102
20723,0x1835,41,31
20723,0x1838,3,17
20723,0x183A,111,116
20723,0x1850,28,188
20723,0x1851,48,38
20723,0x1853,217,84
20723,0x1854,165,158
20723,0x1856,228,52
20723,0x1857,254,255
20723,0x1859,91,41
20723,0x1866,233,223
20723,0x1875,63,53
20723,0x1878,25,15
20723,0x1890,188,124
20723,0x1891,79,63
20723,0x1893,132,75
20723,0x1894,175,172
20723,0x1896,52,132
20723,0x1899,201,151
20723,0x189C,0,8
20723,0x189D,239,251
20723,0x18A2,220,217
20723,0x18A4,222,219
20723,0x18A6,148,245
20723,0x18AC,124,111
20723,0x18AD,12,43
20723,0x18B5,85,75
20723,0x18B8,1,37
20723,0x18B9,6,0
20723,0x18BA,106,111
20723,0x18D1,12,2
20723,0x18E6,2,1
20723,0x18F8,124,114
20723,0x1911,12,2
20723,0x1935,60,50
20723,0x1939,116,106
20723,0x1B10,253,227
20723,0x1B11,245,5
20723,0x1B12,0,1
20723,0x1B13,251,37
20723,0x1B14,136,140
20723,0x1B24,182,184
20723,0x1B27,2,4
20723,0x1B2C,61,56
20723,0x1B30,2,1
20723,0xFFFF,128,129
20733,0x0004,26,28
20733,0x0020,1,17
20733,0x0022,136,139
20733,0x0024,6,7
20733,0x002A,4,16
20733,0x0049,7,9
20733,0x0051,3,5
20733,0x0069,219,229
20733,0x006B,149,159
20733,0x007B,53,58
20733,0x00AD,108,118
20733,0x00B7,22,23
20733,0x00CD,49,64
20733,0x00CE,135,165
20733,0x00CF,101,151
20733,0x00D0,25,53
20733,0x00D1,2,3
20733,0x0176,165,144
20733,0x0178,180,244
20733,0x01FE,207,215
20733,0x023D,52,36
20733,0x023E,123,91
20733,0x02FD,39,41
20733,0x0305,56,252
20733,0x0306,146,145
20733,0x030D,76,16
20733,0x0315,96,36
20733,0x0501,141,135
20733,0x0502,86,90
20733,0x0508,19,71
20733,0x0509,84,81
20733,0x050B,4,20
20733,0x050F,134,142
20733,0x0510,90,86
20733,0x0512,24,40
20733,0x0600,0,10
20733,0x0601,0,13
20733,0x0602,0,207
20733,0x0603,0,12
20733,0x0604,62,217
20733,0x0605,63,16
20733,0x0606,63,154
20733,0x0607,63,17
20733,0x0608,84,11
20733,0x0609,63,16
20733,0x060A,38,11
20733,0x060B,63,16
20733,0x060C,60,30
20733,0x060D,63,17
20733,0x060E,76,46
20733,0x060F,63,17
20733,0x0610,88,116
20733,0x0611,63,16
20733,0x0612,88,118
20733,0x0613,63,16
20733,0x0616,0,21
20733,0x0617,0,13
20733,0x0618,9,0
20733,0x0619,13,0
20733,0x061A,191,0
20733,0x061B,12,0
20733,0x061C,95,16
20733,0x061D,16,13
20733,0x061E,153,32
20733,0x061F,17,13
20733,0x0620,11,3
20733,0x0621,16,13
20733,0x0622,11,218
20733,0x0623,16,12
20733,0x0624,29,234
20733,0x0625,17,12
20733,0x0626,45,250
20733,0x0627,17,12
20733,0x0628,116,0
20733,0x0629,16,0
20733,0x062A,117,0
20733,0x062B,16,0
20733,0x062C,0,48
20733,0x062D,0,63
20733,0x062E,0,64
20733,0x062F,0,63
20733,0x0630,0,80
20733,0x0631,0,63
20733,0x0632,0,34
20733,0x0633,0,63
20733,0x0634,0,56
20733,0x0635,0,63
20733,0x0636,0,72
20733,0x0637,0,63
20733,0x0638,0,56
20733,0x0639,0,63
20733,0x063A,0,72
20733,0x063B,0,63
20733,0x071A,90,165
20733,0x071B,107,28
20733,0x071C,10,60
20733,0x071D,0,1
20733,0x071E,0,62
20733,0x071F,0,2
20733,0x072C,220,92
20733,0x072D,74,9
20733,0x072E,222,30
20733,0x072F,123,10
20733,0x0734,16,142
20733,0x0735,74,8
20733,0x0736,222,88
20733,0x0737,123,9
20733,0x073C,149,150
20733,0x073D,17,8
20733,0x073E,220,92
20733,0x073F,74,9
20733,0x0874,222,86
20733,0x0875,42,1
20733,0x0876,86,222
20733,0x0877,1,42
20733,0x0894,22,14
20733,0x0895,91,58
20733,0x0896,14,22
20733,0x0897,58,91
20733,0x0900,247,237
20733,0x0904,231,221
20733,0x0910,74,82
20733,0x0912,36,34
20733,0x0914,175,66
20733,0x0915,88,104
20733,0x0916,2,32
20733,0x0917,41,34
20733,0x0918,159,192
20733,0x0919,88,89
20733,0x091A,0,2
20733,0x091C,252,176
20733,0x091E,2,0
20733,0x0920,236,13
20733,0x0922,0,2
20733,0x0924,214,253
20733,0x0926,2,0
20733,0x0928,198,231
20733,0x092A,0,2
20733,0x092C,87,215
20733,0x092D,167,89
20733,0x092E,2,0
20733,0x092F,103,41
20733,0x0930,103,69
20733,0x0932,0,2
20733,0x0934,12,85
20733,0x0935,127,167
20733,0x0936,10,0
20733,0x0938,28,25
20733,0x0939,127,113
20733,0x093A,8,14
20733,0x093B,103,39
20733,0x093C,22,9
20733,0x093D,150,113
20733,0x093E,6,12
20733,0x093F,103,39
20733,0x0940,38,16
20733,0x0941,150,140
20733,0x0942,4,6
20733,0x0944,47,32
20733,0x0945,164,140
20733,0x0946,6,4
20733,0x0948,63,34
20733,0x0949,164,159
20733,0x094A,4,6
20733,0x094C,2,50
20733,0x094D,176,159
20733,0x094E,134,4
20733,0x094F,45,103
20733,0x0950,242,248
20733,0x0952,132,138
20733,0x0954,1,232
20733,0x0955,136,176
20733,0x0956,6,136
20733,0x0957,36,45
20733,0x0958,254,17
20733,0x0959,224,139
20733,0x0B02,170,171
20733,0x0B04,234,170
20733,0x0B05,6,26
20733,0x0B22,77,78
20733,0x0B24,154,157
20733,0x0B26,53,58
20733,0x0B28,106,116
20733,0x0B82,77,78
20733,0x0B84,154,157
20733,0x0B86,53,58
20733,0x0B88,106,116
20733,0x0F99,53,58
20733,0x0F9D,53,58
20733,0x0FD1,53,58
20733,0x0FF0,53,58
20733,0x1034,95,85
20733,0x1064,88,86
20733,0x106C,40,45
20733,0x16D0,219,182
20733,0x16D1,175,192
20733,0x16D3,1,168
20733,0x16D4,96,97
20733,0x16D6,162,180
20733,0x16D9,81,63
20733,0x16E6,138,128
20733,0x16F5,24,14
20733,0x16F8,7,47
20733,0x16F9,0,6
20733,0x16FA,138,141
20733,0x1750,82,90
20733,0x1751,252,13
20733,0x1752,0,1
20733,0x1766,93,83
20733,0x1775,59,49
20733,0x1778,12,2
20733,0x1790,218,226
20733,0x1791,214,231
20733,0x17A6,115,105
20733,0x17B5,1,71
20733,0x17B8,34,24
20733,0x17D0,24,32
20733,0x17D1,103,85
20733,0x17E6,161,151
20733,0x17F5,98,88
20733,0x17F8,14,4
20733,0x1810,68,186
20733,0x1811,28,25
20733,0x1813,13,207
20733,0x1814,135,121
20733,0x1816,180,200
20733,0x1819,195,155
20733,0x1824,17,21
20733,0x1826,4,6
20733,0x182C,102,129
20733,0x1835,31,21
20733,0x1838,17,7
20733,0x1850,188,124
20733,0x1851,38,32
20733,0x1853,84,219
20733,0x1854,158,148
20733,0x1856,52,132
20733,0x1859,41,247
20733,0x185A,255,254
20733,0x1866,223,213
20733,0x1875,53,43
20733,0x1878,15,5
20733,0x1890,124,92
20733,0x1891,63,50
20733,0x1893,75,30
20733,0x1894,172,167
20733,0x1896,132,212
20733,0x1899,151,101
20733,0x18A6,245,235
20733,0x18B5,75,65
20733,0x18B8,37,27
20733,0x18D1,2,248
20733,0x18D2,1,0
20733,0x18E4,249,251
20733,0x18E6,1,3
20733,0x18EC,147,138
20733,0x18F8,114,104
20733,0x1911,2,248
20733,0x1912,1,0
20733,0x1935,50,40
20733,0x1939,106,96
20733,0x1B10,227,201
20733,0x1B11,5,21
20733,0x1B13,37,79
20733,0x1B14,140,143
20733,0x1B24,184,182
20733,0x1B26,1,2
20733,0x1B2C,56,61
20733,0x1B30,1,3
20743,0x0004,28,30
20743,0x0020,17,222
20743,0x0022,139,176
20743,0x0024,7,136
20743,0x0026,36,45
20743,0x0028,36,44
20743,0x002A,16,128
20743,0x0049,9,11
20743,0x0051,5,1
20743,0x0069,229,239
20743,0x006B,159,169
20743,0x0071,0,2
20743,0x0072,0,2
20743,0x007B,58,63
20743,0x00AD,118,128
20743,0x00B7,23,24
20743,0x00BA,184,196
20743,0x00BF,128,136
20743,0x00C2,8,9
20743,0x00CA,7,6
20743,0x00CD,64,79
20743,0x00CE,165,195
20743,0x00CF,151,201
20743,0x00D0,53,123
20743,0x00D1,3,0
20743,0x0176,144,165
20743,0x0178,244,4
20743,0x01B9,0,192
20743,0x01BA,27,24
20743,0x01FE,215,207
20743,0x023D,36,52
20743,0x023E,91,111
20743,0x02F6,155,255
20743,0x0305,252,56
20743,0x0306,145,146
20743,0x030D,16,76
20743,0x0315,36,96
20743,0x0501,135,143
20743,0x0502,90,86
20743,0x0600,10,0
20743,0x0601,13,0
20743,0x0602,207,0
20743,0x0603,12,0
20743,0x0604,217,49
20743,0x0605,16,63
20743,0x0606,154,65
20743,0x0607,17,63
20743,0x0608,11,81
20743,0x0609,16,63
20743,0x060A,11,35
20743,0x060B,16,63
20743,0x060C,30,57
20743,0x060D,17,63
20743,0x060E,46,73
20743,0x060F,17,63
20743,0x0610,116,57
20743,0x0611,16,63
20743,0x0612,118,73
20743,0x0613,16,63
20743,0x071A,165,94
20743,0x071B,28,115
20743,0x071C,60,30
20743,0x071D,1,0
20743,0x071E,62,8
20743,0x071F,2,0
20743,0x072C,92,220
20743,0x072D,9,74
20743,0x072E,30,222
20743,0x072F,10,123
20743,0x0734,142,16
20743,0x0735,8,74
20743,0x0736,88,222
20743,0x0737,9,123
20743,0x073C,150,149
20743,0x073D,8,17
20743,0x073E,92,220
20743,0x073F,9,74
20743,0x0874,86,222
20743,0x0875,1,42
20743,0x0876,222,86
20743,0x0877,42,1
20743,0x0894,14,22
20743,0x0895,58,91
20743,0x0896,22,14
20743,0x0897,91,58
20743,0x0900,237,3
20743,0x0901,169,181
20743,0x0904,221,243
20743,0x0905,169,181
20743,0x0908,96,227
20743,0x0909,104,169
20743,0x090A,2,142
20743,0x090B,38,45
20743,0x090C,80,211
20743,0x090D,104,169
20743,0x090E,0,140
20743,0x090F,38,45
20743,0x0910,82,96
20743,0x0912,34,2
20743,0x0913,34,38
20743,0x0914,66,80
20743,0x0916,32,0
20743,0x0917,34,38
20743,0x0918,192,82
20743,0x0919,89,104
20743,0x091A,2,40
20743,0x091B,41,34
20743,0x091C,176,66
20743,0x091D,89,104
20743,0x091E,0,38
20743,0x091F,41,34
20743,0x0920,13,209
20743,0x0924,253,193
20743,0x0928,231,14
20743,0x0929,89,188
20743,0x092A,2,130
20743,0x092B,41,45
20743,0x092C,215,254
20743,0x092D,89,188
20743,0x092E,0,128
20743,0x092F,41,45
20743,0x0930,69,248
20743,0x0931,167,89
20743,0x0933,103,41
20743,0x0934,85,232
20743,0x0935,167,89
20743,0x0937,103,41
20743,0x0938,25,52
20743,0x0939,113,165
20743,0x093A,14,6
20743,0x093B,39,103
20743,0x093C,9,68
20743,0x093D,113,165
20743,0x093E,12,4
20743,0x093F,39,103
20743,0x0940,16,24
20743,0x0941,140,99
20743,0x0942,6,10
20743,0x0943,103,39
20743,0x0944,32,8
20743,0x0945,140,99
20743,0x0946,4,8
20743,0x0947,103,39
20743,0x0948,34,12
20743,0x0949,159,129
20743,0x094A,6,10
20743,0x094C,50,28
20743,0x094D,159,129
20743,0x094E,4,8
20743,0x0950,248,24
20743,0x0951,176,151
20743,0x0952,138,6
20743,0x0953,45,103
20743,0x0954,232,40
20743,0x0955,176,151
20743,0x0956,136,4
20743,0x0957,45,103
20743,0x0958,17,238
20743,0x0959,139,176
20743,0x095A,7,138
20743,0x095B,36,45
20743,0x095C,96,222
20743,0x095D,224,176
20743,0x095E,2,136
20743,0x095F,38,45
20743,0x0B00,170,171
20743,0x0B02,171,186
20743,0x0B05,26,170
20743,0x0B22,78,79
20743,0x0B24,157,159
20743,0x0B26,58,63
20743,0x0B28,116,126
20743,0x0B82,78,79
20743,0x0B84,157,159
20743,0x0B86,58,63
20743,0x0B88,116,126
20743,0x0BE0,240,36
20743,0x0F99,58,63
20743,0x0F9D,58,63
20743,0x0FD1,58,63
20743,0x0FF0,58,63
20743,0x1034,85,75
20743,0x1064,86,90
20743,0x106C,45,31
20743,0x16D0,182,190
20743,0x16D1,192,209
20743,0x16E6,128,118
20743,0x16F5,14,4
20743,0x16F8,47,37
20743,0x1700,0,200
20743,0x1701,74,240
20743,0x1702,176,144
20743,0x1704,54,74
20743,0x1705,177,147
20743,0x1708,3,5
20743,0x1710,14,0
20743,0x1711,15,14
20743,0x1713,168,0
20743,0x1714,97,196
20743,0x1716,180,0
20743,0x1717,1,255
20743,0x1718,0,255
20743,0x171E,9,12
20743,0x171F,12,8
20743,0x1720,154,170
20743,0x1721,2,3
20743,0x1722,65,245
20743,0x1723,7,9
20743,0x1724,67,247
20743,0x1725,7,9
20743,0x1726,82,1
20743,0x1727,8,12
20743,0x1728,0,128
20743,0x172A,238,168
20743,0x172B,4,6
20743,0x1732,0,64
20743,0x1733,0,23
20743,0x1738,0,126
20743,0x1739,6,0
20743,0x1740,200,224
20743,0x1741,74,116
20743,0x1742,176,146
20743,0x1748,3,5
20743,0x1750,90,0
20743,0x1751,13,14
20743,0x1753,168,0
20743,0x1754,97,188
20743,0x175E,9,12
20743,0x175F,12,8
20743,0x1760,154,170
20743,0x1761,2,3
20743,0x1762,65,223
20743,0x1763,7,8
20743,0x1764,67,225
20743,0x1765,7,8
20743,0x1766,83,255
20743,0x1767,8,12
20743,0x1768,0,128
20743,0x176A,238,168
20743,0x176B,4,6
20743,0x176C,147,221
20743,0x176D,12,52
20743,0x1775,49,62
20743,0x1776,110,0
20743,0x1778,2,0
20743,0x1779,6,118
20743,0x1790,226,234
20743,0x1791,231,248
20743,0x17A6,105,95
20743,0x17B5,71,61
20743,0x17B8,24,14
20743,0x17D0,32,8
20743,0x17D1,85,68
20743,0x17D3,132,119
20743,0x17D4,175,173
20743,0x17D6,52,108
20743,0x17D9,201,166
20743,0x17DC,0,8
20743,0x17DD,239,251
20743,0x17E2,220,217
20743,0x17E4,222,219
20743,0x17E6,151,248
20743,0x17EC,124,111
20743,0x17ED,12,43
20743,0x17F5,88,78
20743,0x17F8,4,40
20743,0x17F9,6,0
20743,0x17FA,106,111
20743,0x1810,186,62
20743,0x1811,25,24
20743,0x1813,207,71
20743,0x1814,121,107
20743,0x1816,200,248
20743,0x1819,155,143
20743,0x181C,2,9
20743,0x181D,252,3
20743,0x1824,21,23
20743,0x1826,6,2
20743,0x182C,129,138
20743,0x1835,21,11
20743,0x1838,7,21
20743,0x183A,116,121
20743,0x1850,124,222
20743,0x1851,32,28
20743,0x1853,219,131
20743,0x1854,148,137
20743,0x1856,132,176
20743,0x1859,247,203
20743,0x185C,8,2
20743,0x185D,251,252
20743,0x1862,217,13
20743,0x1863,8,12
20743,0x1864,219,17
20743,0x1865,8,12
20743,0x1866,213,6
20743,0x186C,111,102
20743,0x1875,43,33
20743,0x1878,5,19
20743,0x187A,111,116
20743,0x1891,50,40
20743,0x1893,30,253
20743,0x1894,167,159
20743,0x1896,212,36
20743,0x1897,254,255
20743,0x1899,101,51
20743,0x18A6,235,225
20743,0x18B5,65,55
20743,0x18B8,27,17
20743,0x18D1,248,238
20743,0x18E6,3,2
20743,0x18F8,104,94
20743,0x1911,248,238
20743,0x1935,40,30
20743,0x1939,96,86
20743,0x1B00,204,0
20743,0x1B10,201,175
20743,0x1B11,21,37
20743,0x1B13,79,121
20743,0x1B14,143,146
20743,0x1B27,4,2
20743,0x1B30,3,2
20743,0xFFFF,129,130
20753,0x0004,30,34
20753,0x0020,222,200
20753,0x0022,176,94
20753,0x0024,136,7
20753,0x0026,45,34
20753,0x0028,44,34
20753,0x002A,128,0
20753,0x0049,11,1
20753,0x0051,1,9
20753,0x0069,239,249
20753,0x006B,169,179
20753,0x007B,63,68
20753,0x00AD,128,138
20753,0x00CD,79,94
20753,0x00CE,195,183
20753,0x00CF,201,251
20753,0x00D0,123,193
20753,0x00D1,0,1
20753,0x016C,19,15
20753,0x016E,128,192
20753,0x016F,20,22
20753,0x0170,139,36
20753,0x0171,227,192
20753,0x0176,165,144
20753,0x0178,4,180
20753,0x01BA,24,26
20753,0x023D,52,36
20753,0x023E,111,91
20753,0x02F6,255,155
20753,0x0305,56,252
20753,0x0306,146,145
20753,0x030D,76,16
20753,0x0315,96,36
20753,0x0501,143,145
20753,0x0508,71,84
20753,0x0509,81,94
20753,0x050A,20,4
20753,0x050B,20,8
20753,0x050F,142,20
20753,0x0510,86,84
20753,0x0512,40,12
20753,0x0516,70,136
20753,0x0517,81,90
20753,0x0519,44,32
20753,0x051D,140,72
20753,0x051E,86,81
20753,0x0520,64,52
20753,0x0524,136,144
20753,0x0604,49,0
20753,0x0605,63,0
20753,0x0606,65,0
20753,0x0607,63,0
20753,0x0608,81,83
20753,0x060A,35,37
20753,0x060C,57,59
20753,0x060E,73,75
20753,0x0610,57,0
20753,0x0611,63,0
20753,0x0612,73,0
20753,0x0613,63,0
20753,0x0616,21,0
20753,0x0617,13,0
20753,0x061C,16,149
20753,0x061D,13,90
20753,0x061E,32,165
20753,0x061F,13,90
20753,0x0620,3,11
20753,0x0622,218,207
20753,0x0624,234,95
20753,0x0625,12,80
20753,0x0626,250,11
20753,0x0627,12,16
20753,0x0628,0,11
20753,0x0629,0,16
20753,0x062A,0,11
20753,0x062B,0,16
20753,0x062C,48,31
20753,0x062D,63,17
20753,0x062E,64,47
20753,0x062F,63,17
20753,0x0630,80,116
20753,0x0631,63,16
20753,0x0632,34,117
20753,0x0633,63,16
20753,0x0634,56,20
20753,0x0635,63,13
20753,0x0636,72,22
20753,0x0637,63,13
20753,0x0638,56,24
20753,0x0639,63,13
20753,0x063A,72,25
20753,0x063B,63,13
20753,0x063C,233,17
20753,0x063D,12,13
20753,0x063E,249,33
20753,0x063F,12,13
20753,0x0640,0,4
20753,0x0641,0,13
20753,0x0642,0,219
20753,0x0643,0,12
20753,0x0644,0,235
20753,0x0645,0,12
20753,0x0646,0,251
20753,0x0647,0,12
20753,0x0648,82,0
20753,0x0649,63,0
20753,0x064A,36,0
20753,0x064B,63,0
20753,0x064C,58,0
20753,0x064D,63,0
20753,0x064E,74,0
20753,0x064F,63,0
20753,0x0650,0,82
20753,0x0651,0,63
20753,0x0652,0,36
20753,0x0653,0,63
20753,0x0654,0,58
20753,0x0655,0,63
20753,0x0656,0,74
20753,0x0657,0,63
20753,0x071A,94,165
20753,0x071B,115,28
20753,0x071C,30,60
20753,0x071D,0,1
20753,0x071E,8,62
20753,0x071F,0,2
20753,0x0874,222,86
20753,0x0875,42,1
20753,0x0876,86,222
20753,0x0877,1,42
20753,0x0894,22,14
20753,0x0895,91,58
20753,0x0896,14,22
20753,0x0897,58,91
20753,0x0900,3,249
20753,0x0904,243,233
20753,0x0908,227,217
20753,0x090C,211,201
20753,0x0913,38,32
20753,0x0917,38,32
20753,0x0918,82,74
20753,0x091A,40,36
20753,0x091C,66,226
20753,0x091D,104,89
20753,0x091E,38,2
20753,0x091F,34,41
20753,0x0920,209,210
20753,0x0922,2,0
20753,0x0924,193,4
20753,0x0925,89,188
20753,0x0926,0,134
20753,0x0927,41,45
20753,0x0928,14,244
20753,0x092A,130,132
20753,0x092C,254,9
20753,0x092D,188,89
20753,0x092E,128,2
20753,0x092F,45,41
20753,0x0930,248,249
20753,0x0932,2,0
20753,0x0934,232,37
20753,0x0935,89,160
20753,0x0936,0,6
20753,0x0937,41,103
20753,0x0938,52,53
20753,0x0939,165,160
20753,0x093A,6,4
20753,0x093C,68,25
20753,0x093D,165,85
20753,0x093E,4,6
20753,0x093F,103,39
20753,0x0940,24,9
20753,0x0941,99,85
20753,0x0942,10,4
20753,0x0944,8,10
20753,0x0945,99,116
20753,0x0946,8,14
20753,0x0947,39,103
20753,0x0948,12,26
20753,0x0949,129,116
20753,0x094A,10,12
20753,0x094C,28,17
20753,0x094D,129,142
20753,0x094E,8,6
20753,0x0950,24,33
20753,0x0951,151,142
20753,0x0952,6,4
20753,0x0954,40,228
20753,0x0955,151,176
20753,0x0956,4,138
20753,0x0957,103,45
20753,0x0958,238,212
20753,0x095A,138,136
20753,0x095C,222,200
20753,0x095D,176,94
20753,0x095E,136,7
20753,0x095F,45,34
20753,0x0960,80,203
20753,0x0962,0,7
20753,0x0963,38,36
20753,0x0B00,171,170
20753,0x0B02,186,238
20753,0x0B05,170,42
20753,0x0B22,79,81
20753,0x0B24,159,162
20753,0x0B26,63,68
20753,0x0B28,126,136
20753,0x0B82,79,81
20753,0x0B84,159,162
20753,0x0B86,63,68
20753,0x0B88,126,136
20753,0x0F99,63,68
20753,0x0F9D,63,68
20753,0x0FD1,63,68
20753,0x0FF0,63,68
20753,0x1027,6,0
20753,0x1034,75,65
20753,0x1064,90,88
20753,0x106C,31,40
20753,0x16D0,190,198
20753,0x16D1,209,226
20753,0x16E6,118,108
20753,0x16F5,4,49
20753,0x16F8,37,27
20753,0x1711,14,4
20753,0x1724,247,249
20753,0x1726,1,3
20753,0x172D,12,43
20753,0x1738,126,116
20753,0x1751,14,4
20753,0x1775,62,52
20753,0x1779,118,108
20753,0x1790,234,242
20753,0x1791,248,9
20753,0x1792,0,1
20753,0x17A6,95,85
20753,0x17B5,61,51
20753,0x17B8,14,4
20753,0x17D0,8,248
20753,0x17D1,68,53
20753,0x17D3,119,224
20753,0x17D4,173,168
20753,0x17D6,108,188
20753,0x17D9,166,116
20753,0x17E6,248,238
20753,0x17F5,78,68
20753,0x17F8,40,30
20753,0x1810,62,221
20753,0x1811,24,25
20753,0x1813,71,130
20753,0x1814,107,93
20753,0x1816,248,82
20753,0x1817,255,0
20753,0x1818,255,0
20753,0x1819,143,173
20753,0x1824,23,25
20753,0x1826,2,247
20753,0x182C,138,147
20753,0x1835,11,1
20753,0x1838,21,11
20753,0x1850,222,44
20753,0x1851,28,26
20753,0x1853,131,149
20753,0x1854,137,124
20753,0x1856,176,196
20753,0x1859,203,163
20753,0x1864,17,19
20753,0x1866,6,2
20753,0x186C,102,93
20753,0x1875,33,23
20753,0x1878,19,9
20753,0x1890,92,124
20753,0x1891,40,33
20753,0x1893,253,232
20753,0x1894,159,150
20753,0x1896,36,116
20753,0x1899,51,1
20753,0x18A6,225,215
20753,0x18B5,55,45
20753,0x18B8,17,7
20753,0x18D1,238,228
20753,0x18E6,2,1
20753,0x18F8,94,84
20753,0x1911,238,228
20753,0x1935,30,20
20753,0x1939,86,76
20753,0x1AC0,0,204
20753,0x1AC1,195,127
20753,0x1AC8,247,1
20753,0x1ACD,9,23
20753,0x1AD0,21,118
20753,0x1AD1,106,204
20753,0x1AD3,35,230
20753,0x1AD4,109,98
20753,0x1AE2,177,180
20753,0x1AE4,179,182
20753,0x1AE6,1,2
20753,0x1AE7,4,2
20753,0x1AEC,171,61
20753,0x1AED,33,36
20763,0x0004,34,36
20763,0x0020,200,184
20763,0x0022,94,98
20763,0x0026,34,36
20763,0x0028,34,36
20763,0x0049,1,3
20763,0x0051,9,5
20763,0x0069,249,3
20763,0x006B,179,189
20763,0x007B,68,73
20763,0x00AD,138,148
20763,0x00B7,24,23
20763,0x00CA,6,5
20763,0x00CD,94,109
20763,0x00CE,183,213
20763,0x00CF,251,70
20763,0x00D0,193,7
20763,0x00D1,1,2
20763,0x01FE,207,215
20763,0x023D,36,52
20763,0x023E,91,111
20763,0x02F6,155,32
20763,0x02FB,1,2
20763,0x0305,252,56
20763,0x0306,145,146
20763,0x030D,16,76
20763,0x0315,36,96
20763,0x0501,145,137
20763,0x0502,86,90
20763,0x0508,84,73
20763,0x0509,94,81
20763,0x050A,4,20
20763,0x050B,8,20
20763,0x050F,20,146
20763,0x0510,84,86
20763,0x0512,12,40
20763,0x0600,0,12
20763,0x0601,0,13
20763,0x0602,0,207
20763,0x0603,0,12
20763,0x0604,0,217
20763,0x0605,0,80
20763,0x0606,0,154
20763,0x0607,0,17
20763,0x0608,83,11
20763,0x0609,63,16
20763,0x060A,37,11
20763,0x060B,63,16
20763,0x060C,59,29
20763,0x060D,63,17
20763,0x060E,75,45
20763,0x060F,63,17
20763,0x0610,0,116
20763,0x0611,0,16
20763,0x0612,0,118
20763,0x0613,0,16
20763,0x0616,0,23
20763,0x0617,0,13
20763,0x061A,0,26
20763,0x061B,0,13
20763,0x061C,149,18
20763,0x061D,90,13
20763,0x061E,165,34
20763,0x061F,90,13
20763,0x0620,11,5
20763,0x0622,207,220
20763,0x0624,95,236
20763,0x0625,80,12
20763,0x0626,11,252
20763,0x0627,16,12
20763,0x0628,11,0
20763,0x0629,16,0
20763,0x062A,11,0
20763,0x062B,16,0
20763,0x062C,31,0
20763,0x062D,17,0
20763,0x062E,47,0
20763,0x062F,17,0
20763,0x0630,116,82
20763,0x0631,16,63
20763,0x0632,117,36
20763,0x0633,16,63
20763,0x0634,20,58
20763,0x0635,13,63
20763,0x0636,22,74
20763,0x0637,13,63
20763,0x0638,24,0
20763,0x0639,13,0
20763,0x063A,25,0
20763,0x063B,13,0
20763,0x071A,165,94
20763,0x071B,28,115
20763,0x071C,60,30
20763,0x071D,1,0
20763,0x071E,62,8
20763,0x071F,2,0
20763,0x072C,220,92
20763,0x072D,74,9
20763,0x072E,222,30
20763,0x072F,123,10
20763,0x0734,16,142
20763,0x0735,74,8
20763,0x0736,222,88
20763,0x0737,123,9
20763,0x073C,149,150
20763,0x073D,17,8
20763,0x073E,220,92
20763,0x073F,74,9
20763,0x0874,86,222
20763,0x0875,1,42
20763,0x0876,222,86
20763,0x0877,42,1
20763,0x0894,14,22
20763,0x0895,58,91
20763,0x0896,22,14
20763,0x0897,91,58
20763,0x0900,249,239
20763,0x0904,233,223
20763,0x0908,217,207
20763,0x090C,201,191
20763,0x0913,32,38
20763,0x0917,32,38
20763,0x0918,74,82
20763,0x091A,36,34
20763,0x091C,226,66
20763,0x091D,89,104
20763,0x091E,2,32
20763,0x091F,41,34
20763,0x0920,210,243
20763,0x0922,0,2
20763,0x0924,4,227
20763,0x0925,188,89
20763,0x0926,134,0
20763,0x0927,45,41
20763,0x0928,244,250
20763,0x092A,132,134
20763,0x092C,9,234
20763,0x092D,89,188
20763,0x092E,2,132
20763,0x092F,41,45
20763,0x0930,249,27
20763,0x0931,89,154
20763,0x0932,0,6
20763,0x0933,41,103
20763,0x0934,37,43
20763,0x0935,160,154
20763,0x0936,6,4
20763,0x0938,53,31
20763,0x0939,160,72
20763,0x093A,4,6
20763,0x093B,103,39
20763,0x093C,25,15
20763,0x093D,85,72
20763,0x093E,6,4
20763,0x0940,9,24
20763,0x0941,85,102
20763,0x0942,4,10
20763,0x0944,10,8
20763,0x0945,116,102
20763,0x0946,14,8
20763,0x0947,103,39
20763,0x0948,26,13
20763,0x0949,116,131
20763,0x094A,12,6
20763,0x094C,17,29
20763,0x094D,142,131
20763,0x094E,6,4
20763,0x0950,33,218
20763,0x0951,142,176
20763,0x0952,4,130
20763,0x0953,103,45
20763,0x0954,228,202
20763,0x0956,138,128
20763,0x0958,212,184
20763,0x0959,176,98
20763,0x095A,136,7
20763,0x095B,45,36
20763,0x095C,200,96
20763,0x095D,94,224
20763,0x095E,7,2
20763,0x095F,34,38
20763,0x0960,203,80
20763,0x0962,7,0
20763,0x0963,36,38
20763,0x0B02,238,170
20763,0x0B05,42,10
20763,0x0B22,81,82
20763,0x0B24,162,164
20763,0x0B26,68,73
20763,0x0B28,136,146
20763,0x0B82,81,82
20763,0x0B84,162,164
20763,0x0B86,68,73
20763,0x0B88,136,146
20763,0x0F99,68,73
20763,0x0F9D,68,73
20763,0x0FD1,68,73
20763,0x0FF0,68,73
20763,0x1027,0,6
20763,0x1034,65,55
20763,0x1064,88,86
20763,0x106C,40,45
20763,0x16D0,198,206
20763,0x16D1,226,243
20763,0x16E6,108,98
20763,0x16F5,49,39
20763,0x16F8,27,17
20763,0x1711,4,250
20763,0x1712,1,0
20763,0x1726,3,2
20763,0x1738,116,106
20763,0x1751,4,250
20763,0x1752,1,0
20763,0x1775,52,42
20763,0x1779,108,98
20763,0x1780,200,0
20763,0x1790,242,14
20763,0x1791,9,15
20763,0x17A6,85,82
20763,0x17B5,51,47
20763,0x17B8,4,0
20763,0x17D0,248,8
20763,0x17D1,53,43
20763,0x17D3,224,85
20763,0x17D4,168,162
20763,0x17D6,188,12
20763,0x17D7,254,255
20763,0x17D9,116,66
20763,0x17E6,238,228
20763,0x17F5,68,58
20763,0x17F8,30,20
20763,0x1810,221,0
20763,0x1811,25,31
20763,0x1813,130,233
20763,0x1814,93,80
20763,0x1816,82,172
20763,0x1819,173,203
20763,0x1826,247,237
20763,0x1835,1,246
20763,0x1838,11,1
20763,0x1850,44,87
20763,0x1851,26,24
20763,0x1853,149,44
20763,0x1854,124,110
20763,0x1856,196,230
20763,0x1859,163,137
20763,0x185C,2,9
20763,0x185D,252,3
20763,0x1864,19,23
20763,0x1866,2,4
20763,0x186C,93,138
20763,0x1875,23,13
20763,0x1878,9,23
20763,0x187A,116,121
20763,0x1890,124,128
20763,0x1891,33,29
20763,0x1893,232,233
20763,0x1894,150,139
20763,0x1896,116,172
20763,0x1899,1,211
20763,0x189A,255,254
20763,0x189C,8,2
20763,0x189D,251,252
20763,0x18A2,217,13
20763,0x18A3,8,12
20763,0x18A4,219,15
20763,0x18A5,8,12
20763,0x18A6,215,2
20763,0x18B5,45,35
20763,0x18B8,7,21
20763,0x18BA,111,116
20763,0x18D1,228,218
20763,0x18E4,251,247
20763,0x18E6,1,3
20763,0x18EC,138,147
20763,0x18ED,43,12
20763,0x18F8,84,74
20763,0x1911,228,218
20763,0x1935,20,10
20763,0x1939,76,66
20763,0x1AD0,118,144
20763,0x1AD1,204,188
20763,0x1AD3,230,16
20763,0x1AD4,98,102
20763,0x1AE6,2,1
20763,0x1AE7,2,4
20763,0x1AF0,3,2
20773,0x0004,36,38
20773,0x0020,184,168
20773,0x0022,98,101
20773,0x0024,7,6
20773,0x0025,2,0
20773,0x0026,36,34
20773,0x0028,36,34
20773,0x0029,0,2
20773,0x002B,0,2
20773,0x002C,112,224
20773,0x0049,3,5
20773,0x0051,5,1
20773,0x0069,3,13
20773,0x006B,189,199
20773,0x0071,2,4
20773,0x0072,2,4
20773,0x007B,73,78
20773,0x00AD,148,158
20773,0x00CD,109,124
20773,0x00CE,213,243
20773,0x00CF,70,120
20773,0x00D0,7,77
20773,0x0171,192,64
20773,0x0172,54,0
20773,0x0173,173,0
20773,0x0174,178,25
20773,0x01FE,215,207
20773,0x023E,111,123
20773,0x02F6,32,155
20773,0x02FB,2,1
20773,0x0501,137,147
20773,0x0502,90,86
20773,0x0600,12,0
20773,0x0601,13,0
20773,0x0602,207,0
20773,0x0603,12,0
20773,0x0604,217,0
20773,0x0605,80,0
20773,0x0606,154,0
20773,0x0607,17,0
20773,0x0608,11,83
20773,0x0609,16,63
20773,0x060A,11,37
20773,0x060B,16,63
20773,0x060C,29,59
20773,0x060D,17,63
20773,0x060E,45,75
20773,0x060F,17,63
20773,0x0610,116,0
20773,0x0611,16,0
20773,0x0612,118,0
20773,0x0613,16,0
20773,0x071A,94,90
20773,0x071B,115,107
20773,0x071C,30,10
20773,0x071E,8,0
20773,0x072C,92,220
20773,0x072D,9,74
20773,0x072E,30,222
20773,0x072F,10,123
20773,0x0734,142,16
20773,0x0735,8,74
20773,0x0736,88,222
20773,0x0737,9,123
20773,0x073C,150,149
20773,0x073D,8,17
20773,0x073E,92,220
20773,0x073F,9,74
20773,0x0874,222,86
20773,0x0875,42,1
20773,0x0876,86,222
20773,0x0877,1,42
20773,0x0894,22,14
20773,0x0895,91,58
20773,0x0896,14,22
20773,0x0897,58,91
20773,0x0900,239,229
20773,0x0904,223,213
20773,0x0908,207,198
20773,0x090A,142,162
20773,0x090C,191,182
20773,0x090E,140,160
20773,0x091A,34,40
20773,0x091E,32,38
20773,0x0920,243,4
20773,0x0924,227,244
20773,0x0928,250,240
20773,0x092C,234,224
20773,0x0930,27,19
20773,0x0931,154,145
20773,0x0934,43,35
20773,0x0935,154,145
20773,0x0938,31,38
20773,0x0939,72,63
20773,0x093A,6,2
20773,0x093C,15,22
20773,0x093D,72,63
20773,0x093E,4,0
20773,0x0940,24,25
20773,0x0941,102,88
20773,0x0942,10,6
20773,0x0944,8,9
20773,0x0945,102,88
20773,0x0946,8,4
20773,0x0948,13,10
20773,0x0949,131,119
20773,0x094A,6,14
20773,0x094C,29,26
20773,0x094D,131,119
20773,0x094E,4,12
20773,0x0950,218,208
20773,0x0954,202,192
20773,0x0958,184,168
20773,0x0959,98,101
20773,0x095A,7,6
20773,0x095B,36,34
20773,0x0B02,170,171
20773,0x0B22,82,83
20773,0x0B24,164,167
20773,0x0B26,73,78
20773,0x0B28,146,156
20773,0x0B82,82,83
20773,0x0B84,164,167
20773,0x0B86,73,78
20773,0x0B88,146,156
20773,0x0BE2,42,36
20773,0x0BE3,230,0
20773,0x0F99,73,78
20773,0x0F9D,73,78
20773,0x0FD1,73,78
20773,0x0FF0,73,78
20773,0x1034,55,45
20773,0x1064,86,90
20773,0x106C,45,31
20773,0x16D0,206,214
20773,0x16D1,243,4
20773,0x16D2,0,1
20773,0x16E6,98,88
20773,0x16F5,39,29
20773,0x16F8,17,7
20773,0x1711,250,240
20773,0x1726,2,1
20773,0x1738,106,96
20773,0x1751,250,240
20773,0x1775,42,32
20773,0x1779,98,88
20773,0x17D0,8,56
20773,0x17D1,43,35
20773,0x17D3,85,214
20773,0x17D4,162,153
20773,0x17D6,12,92
20773,0x17D9,66,16
20773,0x17E6,228,218
20773,0x17F5,58,48
20773,0x17F8,20,10
20773,0x1810,0,203
20773,0x1811,31,38
20773,0x1813,233,52
20773,0x1814,80,71
20773,0x1816,172,222
20773,0x1819,203,57
20773,0x181A,254,255
20773,0x181C,9,5
20773,0x181D,3,11
20773,0x1822,13,65
20773,0x1823,12,7
20773,0x1824,25,67
20773,0x1825,12,7
20773,0x1826,237,245
20773,0x182D,43,12
20773,0x1835,246,236
20773,0x1838,1,21
20773,0x183A,121,126
20773,0x1850,87,66
20773,0x1851,24,25
20773,0x1853,44,43
20773,0x1854,110,96
20773,0x1856,230,64
20773,0x1857,255,0
20773,0x1858,255,0
20773,0x1859,137,167
20773,0x1864,23,25
20773,0x1866,4,249
20773,0x186C,138,147
20773,0x1875,13,3
20773,0x1878,23,13
20773,0x1890,128,166
20773,0x1891,29,26
20773,0x1893,233,75
20773,0x1894,139,127
20773,0x1896,172,192
20773,0x1899,211,171
20773,0x18A4,15,19
20773,0x18A6,2,4
20773,0x18AC,111,93
20773,0x18B5,35,25
20773,0x18B8,21,11
20773,0x18D1,218,208
20773,0x18E6,3,2
20773,0x18F8,74,64
20773,0x190D,0,1
20773,0x1911,218,208
20773,0x1922,223,196
20773,0x1924,225,198
20773,0x192C,221,212
20773,0x1935,10,16
20773,0x1939,66,56
20773,0x1AD0,144,170
20773,0x1AD1,188,172
20773,0x1AD3,16,58
20773,0x1AD4,102,105
20773,0x1AE4,182,184
20773,0x1AE7,4,2
20773,0x1AEC,61,56
20773,0x1AF0,2,1
20773,0xFFFF,130,131
20783,0x0004,38,40
20783,0x0020,168,152
20783,0x0022,101,104
20783,0x0024,6,7
20783,0x0025,0,2
20783,0x0029,2,0
20783,0x002B,2,0
20783,0x002C,224,112
20783,0x0049,5,7
20783,0x0051,1,3
20783,0x0069,13,23
20783,0x006B,199,209
20783,0x007B,78,83
20783,0x00AD,158,168
20783,0x00B7,23,20
20783,0x00CA,5,4
20783,0x00CD,124,139
20783,0x00CE,243,17
20783,0x00CF,120,171
20783,0x00D0,77,172
20783,0x00D1,2,3
20783,0x0172,0,54
20783,0x0173,0,173
20783,0x0174,25,178
20783,0x01FE,207,215
20783,0x023D,52,36
20783,0x023E,123,91
20783,0x0305,56,252
20783,0x0306,146,145
20783,0x030D,76,16
20783,0x0315,96,36
20783,0x0501,147,85
20783,0x0502,86,94
20783,0x0503,20,4
20783,0x0508,73,21
20783,0x0509,81,84
20783,0x050B,20,4
20783,0x050F,146,138
20783,0x0510,86,90
20783,0x0512,40,24
20783,0x0516,136,74
20783,0x0517,90,81
20783,0x0519,32,44
20783,0x051D,72,148
20783,0x051E,81,86
20783,0x0520,52,64
20783,0x0600,0,192
20783,0x0601,0,22
20783,0x0602,0,211
20783,0x0603,0,22
20783,0x0608,83,0
20783,0x0609,63,0
20783,0x060A,37,0
20783,0x060B,63,0
20783,0x060C,59,0
20783,0x060D,63,0
20783,0x060E,75,0
20783,0x060F,63,0
20783,0x0614,0,148
20783,0x0615,0,90
20783,0x0616,23,164
20783,0x0617,13,90
20783,0x0618,0,13
20783,0x0619,0,13
20783,0x061A,26,207
20783,0x061B,13,12
20783,0x061C,18,95
20783,0x061D,13,80
20783,0x061E,34,153
20783,0x061F,13,17
20783,0x0620,5,11
20783,0x0621,13,16
20783,0x0622,220,11
20783,0x0623,12,16
20783,0x0624,236,38
20783,0x0625,12,17
20783,0x0626,252,40
20783,0x0627,12,17
20783,0x0628,0,116
20783,0x0629,0,16
20783,0x062A,0,117
20783,0x062B,0,16
20783,0x0630,82,0
20783,0x0631,63,0
20783,0x0632,36,27
20783,0x0633,63,13
20783,0x0634,58,19
20783,0x0635,63,13
20783,0x0636,74,35
20783,0x0637,63,13
20783,0x0638,0,6
20783,0x0639,0,13
20783,0x063A,0,221
20783,0x063B,0,12
20783,0x063C,17,237
20783,0x063D,13,12
20783,0x063E,33,253
20783,0x063F,13,12
20783,0x0640,4,0
20783,0x0641,13,0
20783,0x0642,219,0
20783,0x0643,12,0
20783,0x0644,235,0
20783,0x0645,12,0
20783,0x0646,251,0
20783,0x0647,12,0
20783,0x0648,0,82
20783,0x0649,0,63
20783,0x064A,0,36
20783,0x064B,0,63
20783,0x064C,0,58
20783,0x064D,0,63
20783,0x0650,82,0
20783,0x0651,63,0
20783,0x0652,36,0
20783,0x0653,63,0
20783,0x071A,90,165
20783,0x071B,107,28
20783,0x071C,10,60
20783,0x071D,0,1
20783,0x071E,0,62
20783,0x071F,0,2
20783,0x072C,220,92
20783,0x072D,74,9
20783,0x072E,222,30
20783,0x072F,123,10
20783,0x0734,16,142
20783,0x0735,74,8
20783,0x0736,222,88
20783,0x0737,123,9
20783,0x073C,149,150
20783,0x073D,17,8
20783,0x073E,220,92
20783,0x073F,74,9
20783,0x0874,86,222
20783,0x0875,1,42
20783,0x0876,222,86
20783,0x0877,42,1
20783,0x0894,14,22
20783,0x0895,58,91
20783,0x0896,22,14
20783,0x0897,91,58
20783,0x0900,229,219
20783,0x0904,213,203
20783,0x0908,198,188
20783,0x090C,182,172
20783,0x0913,38,32
20783,0x0917,38,32
20783,0x0918,82,74
20783,0x091A,40,36
20783,0x091C,66,230
20783,0x091D,104,188
20783,0x091E,38,138
20783,0x091F,34,45
20783,0x0920,4,214
20783,0x0921,89,188
20783,0x0922,2,136
20783,0x0923,41,45
20783,0x0924,244,14
20783,0x0925,89,135
20783,0x0926,0,6
20783,0x0927,41,103
20783,0x0928,240,30
20783,0x0929,188,135
20783,0x092A,134,4
20783,0x092B,45,103
20783,0x092C,224,48
20783,0x092D,188,57
20783,0x092E,132,2
20783,0x092F,45,39
20783,0x0930,19,32
20783,0x0931,145,57
20783,0x0932,6,0
20783,0x0933,103,39
20783,0x0934,35,29
20783,0x0935,145,75
20783,0x0936,4,6
20783,0x0937,103,39
20783,0x0938,38,13
20783,0x0939,63,75
20783,0x093A,2,4
20783,0x093C,22,24
20783,0x093D,63,105
20783,0x093E,0,10
20783,0x0940,25,8
20783,0x0941,88,105
20783,0x0942,6,8
20783,0x0944,9,198
20783,0x0945,88,176
20783,0x0946,4,130
20783,0x0947,39,45
20783,0x0948,10,182
20783,0x0949,119,176
20783,0x094A,14,128
20783,0x094B,103,45
20783,0x094C,26,152
20783,0x094D,119,104
20783,0x094E,12,7
20783,0x094F,103,34
20783,0x0950,208,155
20783,0x0951,176,224
20783,0x0952,130,7
20783,0x0953,45,36
20783,0x0954,192,186
20783,0x0955,176,224
20783,0x0956,128,136
20783,0x0958,168,159
20783,0x0959,101,224
20783,0x0B02,171,170
20783,0x0B04,170,42
20783,0x0B05,10,0
20783,0x0B22,83,84
20783,0x0B24,167,169
20783,0x0B26,78,83
20783,0x0B28,156,166
20783,0x0B82,83,84
20783,0x0B84,167,169
20783,0x0B86,78,83
20783,0x0B88,156,166
20783,0x0F99,78,83
20783,0x0F9D,78,83
20783,0x0FD1,78,83
20783,0x0FF0,78,83
20783,0x1027,6,0
20783,0x1034,45,35
20783,0x1064,90,88
20783,0x106C,31,40
20783,0x16C0,200,0
20783,0x16D0,214,14
20783,0x16D1,4,15
20783,0x16E6,88,82
20783,0x16F5,29,22
20783,0x16F8,7,0
20783,0x1711,240,230
20783,0x1724,249,251
20783,0x1726,1,3
20783,0x172C,147,138
20783,0x1738,96,86
20783,0x1751,240,230
20783,0x1775,32,22
20783,0x1779,88,78
20783,0x17D0,56,130
20783,0x17D1,35,30
20783,0x17D3,214,100
20783,0x17D4,153,143
20783,0x17D6,92,166
20783,0x17D9,16,223
20783,0x17DA,255,254
20783,0x17DC,8,2
20783,0x17DD,251,252
20783,0x17E2,217,13
20783,0x17E3,8,12
20783,0x17E4,219,15
20783,0x17E5,8,12
20783,0x17E6,218,5
20783,0x17F5,48,38
20783,0x17F8,10,24
20783,0x17FA,111,116
20783,0x1810,203,138
20783,0x1811,38,48
20783,0x1813,52,203
20783,0x1814,71,65
20783,0x1816,222,16
20783,0x1817,0,1
20783,0x1819,57,167
20783,0x1826,245,235
20783,0x1835,236,226
20783,0x1838,21,11
20783,0x1850,66,177
20783,0x1851,25,29
20783,0x1853,43,86
20783,0x1854,96,83
20783,0x1856,64,154
20783,0x1859,167,197
20783,0x1866,249,239
20783,0x1875,3,143
20783,0x1878,13,3
20783,0x1890,166,148
20783,0x1891,26,24
20783,0x1893,75,29
20783,0x1894,127,113
20783,0x1896,192,212
20783,0x1899,171,131
20783,0x18A4,19,23
20783,0x18A6,4,6
20783,0x18AC,93,138
20783,0x18B5,25,15
20783,0x18B8,11,1
20783,0x18D1,208,198
20783,0x18E6,2,1
20783,0x18F8,64,54
20783,0x1911,208,198
20783,0x1935,16,6
20783,0x1939,56,46
20783,0x1AD0,170,196
20783,0x1AD1,172,156
20783,0x1AD3,58,100
20783,0x1AD4,105,108
20783,0x1AE4,184,182
20783,0x1AE6,1,2
20783,0x1AEC,56,61
20783,0x1AF0,1,3
20793,0x0004,40,44
20793,0x0020,152,136
20793,0x0022,104,107
20793,0x0026,34,36
20793,0x0028,34,36
20793,0x0049,7,9
20793,0x0051,3,5
20793,0x0069,23,33
20793,0x006B,209,219
20793,0x0071,4,6
20793,0x0072,4,6
20793,0x007B,83,88
20793,0x00AD,168,178
20793,0x00B7,20,21
20793,0x00B8,0,16
20793,0x00B9,0,1
20793,0x00BA,196,104
20793,0x00BF,136,144
20793,0x00C2,9,10
20793,0x00CA,4,5
20793,0x00CD,139,154
20793,0x00CE,17,47
20793,0x00CF,171,221
20793,0x00D0,172,242
20793,0x01FE,215,207
20793,0x023D,36,52
20793,0x023E,91,123
20793,0x02F6,155,32
20793,0x02FB,1,2
20793,0x02FD,41,39
20793,0x0305,252,56
20793,0x0306,145,146
20793,0x030D,16,76
20793,0x0315,36,96
20793,0x0501,85,139
20793,0x0502,94,90
20793,0x0503,4,20
20793,0x0508,21,75
20793,0x0509,84,81
20793,0x050B,4,20
20793,0x050F,138,150
20793,0x0510,90,86
20793,0x0512,24,40
20793,0x0600,192,14
20793,0x0601,22,13
20793,0x0602,211,207
20793,0x0603,22,12
20793,0x0604,0,217
20793,0x0605,0,80
20793,0x0606,0,154
20793,0x0607,0,17
20793,0x0608,0,11
20793,0x0609,0,16
20793,0x060A,0,11
20793,0x060B,0,16
20793,0x060C,0,38
20793,0x060D,0,17
20793,0x060E,0,41
20793,0x060F,0,17
20793,0x0610,0,116
20793,0x0611,0,16
20793,0x0612,0,118
20793,0x0613,0,16
20793,0x0614,148,0
20793,0x0615,90,0
20793,0x0616,164,0
20793,0x0617,90,0
20793,0x0618,13,0
20793,0x0619,13,0
20793,0x061A,207,0
20793,0x061B,12,0
20793,0x061C,95,0
20793,0x061D,80,0
20793,0x061E,153,0
20793,0x061F,17,0
20793,0x0620,11,0
20793,0x0621,16,0
20793,0x0622,11,222
20793,0x0623,16,12
20793,0x0624,38,238
20793,0x0625,17,12
20793,0x0626,40,254
20793,0x0627,17,12
20793,0x0628,116,0
20793,0x0629,16,0
20793,0x062A,117,0
20793,0x062B,16,0
20793,0x0630,0,82
20793,0x0631,0,63
20793,0x0632,27,36
20793,0x0633,13,63
20793,0x0634,19,58
20793,0x0635,13,63
20793,0x0636,35,74
20793,0x0637,13,63
20793,0x0638,6,0
20793,0x0639,13,0
20793,0x063A,221,0
20793,0x063B,12,0
20793,0x071A,165,90
20793,0x071B,28,107
20793,0x071C,60,10
20793,0x071D,1,0
20793,0x071E,62,0
20793,0x071F,2,0
20793,0x072C,92,220
20793,0x072D,9,74
20793,0x072E,30,222
20793,0x072F,10,123
20793,0x0734,142,16
20793,0x0735,8,74
20793,0x0736,88,222
20793,0x0737,9,123
20793,0x073C,150,149
20793,0x073D,8,17
20793,0x073E,92,220
20793,0x073F,9,74
20793,0x0874,222,86
20793,0x0875,42,1
20793,0x0876,86,222
20793,0x0877,1,42
20793,0x0894,22,14
20793,0x0895,91,58
20793,0x0896,14,22
20793,0x0897,58,91
20793,0x0900,219,209
20793,0x0904,203,193
20793,0x0908,188,178
20793,0x090C,172,162
20793,0x0913,32,38
20793,0x0917,32,38
20793,0x0918,74,82
20793,0x091A,36,34
20793,0x091C,230,66
20793,0x091D,188,104
20793,0x091E,138,32
20793,0x091F,45,34
20793,0x0920,214,220
20793,0x0922,136,138
20793,0x0924,14,204
20793,0x0925,135,188
20793,0x0926,6,136
20793,0x0927,103,45
20793,0x0928,30,11
20793,0x0929,135,123
20793,0x092A,4,10
20793,0x092C,48,27
20793,0x092D,57,123
20793,0x092E,2,8
20793,0x092F,39,103
20793,0x0930,32,60
20793,0x0931,57,56
20793,0x0932,0,2
20793,0x0934,29,44
20793,0x0935,75,56
20793,0x0936,6,0
20793,0x0938,13,37
20793,0x0939,75,64
20793,0x093A,4,2
20793,0x093C,24,21
20793,0x093D,105,64
20793,0x093E,10,0
20793,0x0940,8,24
20793,0x0941,105,90
20793,0x0942,8,6
20793,0x0944,198,8
20793,0x0945,176,90
20793,0x0946,130,4
20793,0x0947,45,39
20793,0x0948,182,188
20793,0x094A,128,134
20793,0x094C,152,172
20793,0x094D,104,176
20793,0x094E,7,132
20793,0x094F,34,45
20793,0x0950,155,136
20793,0x0951,224,107
20793,0x0B04,42,170
20793,0x0B22,84,86
20793,0x0B24,169,172
20793,0x0B26,83,88
20793,0x0B28,166,176
20793,0x0B82,84,86
20793,0x0B84,169,172
20793,0x0B86,83,88
20793,0x0B88,166,176
20793,0x0BE4,240,36
20793,0x0F99,83,88
20793,0x0F9D,83,88
20793,0x0FD1,83,88
20793,0x0FF0,83,88
20793,0x1027,0,6
20793,0x1034,35,25
20793,0x1064,88,86
20793,0x106C,40,45
20793,0x16C0,0,136
20793,0x16D0,14,0
20793,0x16D1,15,16
20793,0x16D3,168,0
20793,0x16D4,97,104
20793,0x16D6,180,52
20793,0x16D7,1,254
20793,0x16D8,0,255
20793,0x16D9,63,0
20793,0x16EF,5,0
20793,0x16F0,0,1
20793,0x16F5,22,192
20793,0x16FA,141,145
20793,0x1711,230,220
20793,0x1726,3,2
20793,0x1738,86,76
20793,0x1751,230,220
20793,0x1775,22,12
20793,0x1779,78,68
20793,0x17D0,130,108
20793,0x17D1,30,27
20793,0x17D3,100,62
20793,0x17D4,143,131
20793,0x17D6,166,186
20793,0x17D9,223,183
20793,0x17E4,15,17
20793,0x17E6,5,1
20793,0x17EC,111,102
20793,0x17F5,38,28
20793,0x17F8,24,14
20793,0x1810,138,61
20793,0x1811,48,60
20793,0x1813,203,174
20793,0x1814,65,64
20793,0x1816,16,66
20793,0x1819,167,21
20793,0x181A,255,0
20793,0x181B,255,0
20793,0x1826,235,225
20793,0x1835,226,216
20793,0x1838,11,1
20793,0x1850,177,20
20793,0x1851,29,37
20793,0x1853,86,205
20793,0x1854,83,72
20793,0x1856,154,212
20793,0x1859,197,35
20793,0x185A,254,255
20793,0x185C,9,5
20793,0x185D,3,11
20793,0x1862,13,65
20793,0x1863,12,7
20793,0x1864,25,67
20793,0x1865,12,7
20793,0x1866,239,247
20793,0x186D,43,12
20793,0x1875,143,133
20793,0x1878,3,23
20793,0x187A,121,126
20793,0x1890,148,203
20793,0x1893,29,224
20793,0x1894,113,98
20793,0x1896,212,46
20793,0x1897,255,0
20793,0x1898,255,0
20793,0x1899,131,161
20793,0x189C,2,9
20793,0x189D,252,3
20793,0x18A4,23,25
20793,0x18A6,6,251
20793,0x18AC,138,147
20793,0x18B5,15,5
20793,0x18B8,1,15
20793,0x18BA,116,121
20793,0x18D1,198,188
20793,0x18E4,247,249
20793,0x18E6,1,3
20793,0x18ED,12,43
20793,0x18F8,54,44
20793,0x1911,198,188
20793,0x1935,6,12
20793,0x1939,46,36
20793,0x1AD0,196,222
20793,0x1AD1,156,140
20793,0x1AD3,100,142
20793,0x1AD4,108,111
20793,0x1AE6,2,1
20793,0x1AE7,2,4
20793,0x1AF0,3,2
20793,0xFFFF,131,132
20803,0x0004,44,46
20803,0x0020,136,120
20803,0x0022,107,110
20803,0x0024,7,6
20803,0x0026,36,34
20803,0x0028,36,34
20803,0x0049,9,11
20803,0x0051,5,7
20803,0x0069,33,43
20803,0x006B,219,229
20803,0x007B,88,93
20803,0x00AD,178,188
20803,0x00B7,21,23
20803,0x00CD,154,194
20803,0x00CE,47,77
20803,0x00CF,221,15
20803,0x00D0,242,57
20803,0x00D1,3,0
20803,0x01FE,207,215
20803,0x023D,52,36
20803,0x023E,123,91
20803,0x02F6,32,255
20803,0x02FB,2,1
20803,0x0305,56,252
20803,0x0306,146,145
20803,0x030D,76,16
20803,0x0315,96,36
20803,0x0501,139,151
20803,0x0502,90,86
20803,0x0600,14,0
20803,0x0601,13,0
20803,0x0602,207,0
20803,0x0603,12,0
20803,0x0604,217,0
20803,0x0605,80,0
20803,0x0606,154,67
20803,0x0607,17,63
20803,0x0608,11,68
20803,0x0609,16,63
20803,0x060A,11,37
20803,0x060B,16,63
20803,0x060C,38,59
20803,0x060D,17,63
20803,0x060E,41,75
20803,0x060F,17,63
20803,0x0610,116,0
20803,0x0611,16,0
20803,0x0612,118,0
20803,0x0613,16,0
20803,0x071A,90,165
20803,0x071B,107,28
20803,0x071C,10,60
20803,0x071D,0,1
20803,0x071E,0,62
20803,0x071F,0,2
20803,0x072C,220,92
20803,0x072D,74,9
20803,0x072E,222,30
20803,0x072F,123,10
20803,0x0734,16,142
20803,0x0735,74,8
20803,0x0736,222,88
20803,0x0737,123,9
20803,0x073C,149,150
20803,0x073D,17,8
20803,0x073E,220,92
20803,0x073F,74,9
20803,0x0874,86,222
20803,0x0875,1,42
20803,0x0876,222,86
20803,0x0877,42,1
20803,0x0894,14,22
20803,0x0895,58,91
20803,0x0896,22,14
20803,0x0897,91,58
20803,0x0900,209,199
20803,0x0904,193,183
20803,0x0908,178,168
20803,0x090C,162,152
20803,0x091A,34,40
20803,0x091E,32,38
20803,0x0920,220,238
20803,0x0921,188,96
20803,0x0922,138,2
20803,0x0923,45,105
20803,0x0924,204,254
20803,0x0925,188,96
20803,0x0926,136,0
20803,0x0927,45,105
20803,0x0928,11,210
20803,0x0929,123,188
20803,0x092A,10,138
20803,0x092B,103,45
20803,0x092C,27,194
20803,0x092D,123,188
20803,0x092E,8,136
20803,0x092F,103,45
20803,0x0930,60,25
20803,0x0931,56,109
20803,0x0932,2,14
20803,0x0934,44,9
20803,0x0935,56,109
20803,0x0936,0,12
20803,0x0938,37,72
20803,0x0939,64,56
20803,0x093C,21,56
20803,0x093D,64,56
20803,0x0940,24,46
20803,0x0941,90,58
20803,0x0942,6,2
20803,0x0944,8,30
20803,0x0945,90,58
20803,0x0946,4,0
20803,0x0948,188,28
20803,0x0949,176,77
20803,0x094A,134,6
20803,0x094B,45,39
20803,0x094C,172,12
20803,0x094D,176,77
20803,0x094E,132,4
20803,0x094F,45,39
20803,0x0950,136,178
20803,0x0951,107,176
20803,0x0952,7,134
20803,0x0953,36,45
20803,0x0954,186,162
20803,0x0955,224,176
20803,0x0956,136,132
20803,0x0958,159,120
20803,0x0959,224,110
20803,0x0B05,0,10
20803,0x0B22,86,87
20803,0x0B24,172,174
20803,0x0B26,88,93
20803,0x0B28,176,186
20803,0x0B82,86,87
20803,0x0B84,172,174
20803,0x0B86,88,93
20803,0x0B88,176,186
20803,0x0F99,88,93
20803,0x0F9D,88,93
20803,0x0FD1,88,93
20803,0x0FF0,88,93
20803,0x1034,25,15
20803,0x1064,86,90
20803,0x106C,45,31
20803,0x16C0,136,200
20803,0x16D0,0,8
20803,0x16D1,16,254
20803,0x16D2,1,0
20803,0x16E2,65,220
20803,0x16E3,7,8
20803,0x16E4,67,222
20803,0x16E5,7,8
20803,0x16E6,82,245
20803,0x16EC,147,124
20803,0x16F5,192,182
20803,0x16F8,0,53
20803,0x16FA,145,148
20803,0x1711,220,210
20803,0x1726,2,1
20803,0x1738,76,66
20803,0x1751,220,210
20803,0x1775,12,2
20803,0x1779,68,58
20803,0x17D0,108,30
20803,0x17D1,27,25
20803,0x17D3,62,136
20803,0x17D4,131,117
20803,0x17D6,186,206
20803,0x17D9,183,143
20803,0x17E4,17,21
20803,0x17E6,1,3
20803,0x17EC,102,129
20803,0x17F5,28,18
20803,0x17F8,14,4
20803,0x1810,61,209
20803,0x1811,60,72
20803,0x1826,225,215
20803,0x1835,216,206
20803,0x1838,1,7
20803,0x1839,0,6
20803,0x183A,126,129
20803,0x1850,20,111
20803,0x1851,37,46
20803,0x1853,205,136
20803,0x1854,72,66
20803,0x1856,212,6
20803,0x1857,0,1
20803,0x1859,35,145
20803,0x1866,247,237
20803,0x1875,133,123
20803,0x1878,23,13
20803,0x1890,203,134
20803,0x1891,24,28
20803,0x1893,224,207
20803,0x1894,98,85
20803,0x1896,46,136
20803,0x1899,161,191
20803,0x18A6,251,241
20803,0x18B5,5,145
20803,0x18B8,15,5
20803,0x18D1,188,178
20803,0x18E6,3,2
20803,0x18F8,44,34
20803,0x1911,188,178
20803,0x1935,12,2
20803,0x1939,36,26
20803,0x1AD0,222,248
20803,0x1AD1,140,124
20803,0x1AD3,142,184
20803,0x1AD4,111,114
20803,0x1AE4,182,184
20803,0x1AE7,4,2
20803,0x1AEC,61,56
20803,0x1AF0,2,1
20813,0x0004,46,48
20813,0x0020,120,105
20813,0x0022,110,113
20813,0x0024,6,7
20813,0x0025,2,1
20813,0x0049,11,1
20813,0x0051,7,3
20813,0x0069,43,53
20813,0x006B,229,239
20813,0x007B,93,98
20813,0x00AD,188,198
20813,0x00B7,23,22
20813,0x00CD,194,209
20813,0x00CE,77,107
20813,0x00CF,15,65
20813,0x00D0,57,127
20813,0x023D,36,52
20813,0x023E,91,111
20813,0x02F6,255,155
20813,0x0305,252,56
20813,0x0306,145,146
20813,0x030D,16,76
20813,0x0315,36,96
20813,0x0501,151,203
20813,0x0502,86,93
20813,0x0503,20,8
20813,0x0508,75,86
20813,0x0509,81,94
20813,0x050A,20,4
20813,0x050B,20,8
20813,0x050F,150,22
20813,0x0510,86,84
20813,0x0512,40,12
20813,0x0516,74,140
20813,0x0517,81,90
20813,0x0519,44,32
20813,0x051D,148,76
20813,0x051E,86,81
20813,0x0520,64,52
20813,0x0524,144,152
20813,0x0600,0,79
20813,0x0601,0,8
20813,0x0602,0,27
20813,0x0603,0,8
20813,0x0604,0,43
20813,0x0605,0,8
20813,0x0606,67,59
20813,0x0607,63,8
20813,0x0608,68,116
20813,0x0609,63,16
20813,0x060A,37,117
20813,0x060B,63,16
20813,0x060C,59,0
20813,0x060D,63,0
20813,0x060E,75,0
20813,0x060F,63,0
20813,0x0614,0,141
20813,0x0615,0,26
20813,0x061C,0,147
20813,0x061D,0,90
20813,0x061E,0,163
20813,0x061F,0,90
20813,0x0620,0,15
20813,0x0621,0,13
20813,0x0622,222,246
20813,0x0624,238,95
20813,0x0625,12,16
20813,0x0626,254,11
20813,0x0627,12,16
20813,0x0628,0,11
20813,0x0629,0,16
20813,0x062A,0,11
20813,0x062B,0,16
20813,0x062C,0,39
20813,0x062D,0,17
20813,0x062E,0,40
20813,0x062F,0,17
20813,0x0630,82,116
20813,0x0631,63,16
20813,0x0632,36,117
20813,0x0633,63,16
20813,0x0634,58,0
20813,0x0635,63,0
20813,0x0636,74,0
20813,0x0637,63,0
20813,0x063C,237,0
20813,0x063D,12,0
20813,0x063E,253,0
20813,0x063F,12,0
20813,0x0642,0,223
20813,0x0643,0,12
20813,0x0644,0,239
20813,0x0645,0,12
20813,0x0646,0,255
20813,0x0647,0,12
20813,0x0648,82,0
20813,0x0649,63,0
20813,0x064A,36,0
20813,0x064B,63,0
20813,0x064C,58,0
20813,0x064D,63,0
20813,0x0650,0,82
20813,0x0651,0,63
20813,0x0652,0,36
20813,0x0653,0,63
20813,0x071A,165,94
20813,0x071B,28,115
20813,0x071C,60,30
20813,0x071D,1,0
20813,0x071E,62,8
20813,0x071F,2,0
20813,0x0874,222,86
20813,0x0875,42,1
20813,0x0876,86,222
20813,0x0877,1,42
20813,0x0894,22,14
20813,0x0895,91,58
20813,0x0896,14,22
20813,0x0897,58,91
20813,0x0900,199,190
20813,0x0902,142,162
20813,0x0904,183,174
20813,0x0906,140,160
20813,0x0908,168,158
20813,0x090C,152,142
20813,0x0918,82,74
20813,0x091A,40,36
20813,0x091C,66,220
20813,0x091D,104,96
20813,0x091E,38,2
20813,0x091F,34,105
20813,0x0920,238,236
20813,0x0922,2,0
20813,0x0924,254,200
20813,0x0925,96,188
20813,0x0926,0,130
20813,0x0927,105,45
20813,0x0928,210,184
20813,0x092A,138,128
20813,0x092C,194,24
20813,0x092D,188,95
20813,0x092E,136,6
20813,0x092F,45,39
20813,0x0930,25,8
20813,0x0931,109,95
20813,0x0932,14,4
20813,0x0934,9,85
20813,0x0935,109,57
20813,0x0936,12,2
20813,0x0938,72,69
20813,0x0939,56,57
20813,0x093A,2,0
20813,0x093C,56,57
20813,0x093E,0,2
20813,0x0940,46,41
20813,0x0941,58,56
20813,0x0942,2,0
20813,0x0944,30,35
20813,0x0945,58,66
20813,0x0946,0,2
20813,0x0948,28,19
20813,0x0949,77,66
20813,0x094A,6,0
20813,0x094C,12,168
20813,0x094D,77,176
20813,0x094E,4,134
20813,0x094F,39,45
20813,0x0950,178,152
20813,0x0952,134,132
20813,0x0954,162,105
20813,0x0955,176,113
20813,0x0956,132,7
20813,0x0957,45,34
20813,0x0958,120,108
20813,0x0959,110,224
20813,0x095A,6,7
20813,0x095B,34,36
20813,0x0B05,10,2
20813,0x0B22,87,88
20813,0x0B24,174,177
20813,0x0B26,93,98
20813,0x0B28,186,196
20813,0x0B82,87,88
20813,0x0B84,174,177
20813,0x0B86,93,98
20813,0x0B88,186,196
20813,0x0F99,93,98
20813,0x0F9D,93,98
20813,0x0FD1,93,98
20813,0x0FF0,93,98
20813,0x1034,15,5
20813,0x1064,90,88
20813,0x106C,31,40
20813,0x16D0,8,16
20813,0x16D1,254,236
20813,0x16E6,245,235
20813,0x16F5,182,172
20813,0x16F8,53,43
20813,0x1711,210,200
20813,0x1724,251,247
20813,0x1726,1,3
20813,0x172C,138,147
20813,0x172D,43,12
20813,0x1738,66,56
20813,0x174D,0,1
20813,0x1751,210,200
20813,0x1762,223,196
20813,0x1764,225,198
20813,0x176C,221,212
20813,0x1775,2,8
20813,0x1779,58,48
20813,0x17D0,30,92
20813,0x17D1,25,24
20813,0x17D3,136,6
20813,0x17D4,117,103
20813,0x17D6,206,19
20813,0x17D7,255,0
20813,0x17D8,255,0
20813,0x17D9,143,152
20813,0x17DC,2,9
20813,0x17DD,252,3
20813,0x17E4,21,25
20813,0x17E6,3,254
20813,0x17EC,129,147
20813,0x17F5,18,8
20813,0x17F8,4,18
20813,0x17FA,116,121
20813,0x1810,209,101
20813,0x1811,72,85
20813,0x1813,174,42
20813,0x1814,64,65
20813,0x1819,21,37
20813,0x181D,11,4
20813,0x1826,215,205
20813,0x1835,206,196
20813,0x1838,7,36
20813,0x1839,6,2
20813,0x183A,129,133
20813,0x1850,111,190
20813,0x1851,46,57
20813,0x1853,136,143
20813,0x1854,66,64
20813,0x1856,6,56
20813,0x1859,145,255
20813,0x1866,237,227
20813,0x1875,123,113
20813,0x1878,13,3
20813,0x1890,134,113
20813,0x1891,28,35
20813,0x1893,207,146
20813,0x1894,85,74
20813,0x1896,136,202
20813,0x1899,191,13
20813,0x189A,254,255
20813,0x189C,9,5
20813,0x189D,3,11
20813,0x18A2,13,65
20813,0x18A3,12,7
20813,0x18A4,25,67
20813,0x18A5,12,7
20813,0x18A6,241,249
20813,0x18AD,43,12
20813,0x18B5,145,135
20813,0x18B8,5,25
20813,0x18BA,121,126
20813,0x18D1,178,168
20813,0x18E6,2,1
20813,0x18F8,34,24
20813,0x1911,178,168
20813,0x1935,2,8
20813,0x1939,26,16
20813,0x1AD0,248,18
20813,0x1AD1,124,109
20813,0x1AD3,184,226
20813,0x1AD4,114,117
20813,0x1AE4,184,182
20813,0x1AE6,1,2
20813,0x1AEC,56,61
20813,0x1AF0,1,3
20823,0x0004,48,50
20823,0x0020,105,89
20823,0x0022,113,117
20823,0x0026,34,36
20823,0x0028,34,36
20823,0x0048,32,0
20823,0x0049,1,9
20823,0x004A,134,117
20823,0x0051,3,27
20823,0x0052,22,126
20823,0x0069,53,63
20823,0x006B,239,249
20823,0x0071,6,8
20823,0x0072,6,8
20823,0x007B,98,103
20823,0x00AD,198,208
20823,0x00B7,22,23
20823,0x00BF,144,152
20823,0x00C2,10,11
20823,0x00CA,5,6
20823,0x00CD,209,224
20823,0x00CE,107,162
20823,0x00CF,65,115
20823,0x00D0,127,197
20823,0x00D1,0,1
20823,0x016F,22,21
20823,0x0170,36,170
20823,0x0171,64,76
20823,0x01FE,215,130
20823,0x023E,111,147
20823,0x02FD,39,41
20823,0x0301,38,41
20823,0x0302,79,76
20823,0x0303,20,10
20823,0x0305,56,20
20823,0x0306,146,148
20823,0x0309,70,73
20823,0x030A,79,76
20823,0x030B,20,10
20823,0x030D,76,30
20823,0x030E,146,148
20823,0x0311,102,105
20823,0x0312,79,76
20823,0x0313,20,10
20823,0x0315,96,40
20823,0x0316,146,148
20823,0x031D,90,50
20823,0x0325,56,116
20823,0x032D,76,136
20823,0x0335,96,156
20823,0x0501,203,153
20823,0x0502,93,86
20823,0x0503,8,20
20823,0x0600,79,0
20823,0x0601,8,0
20823,0x0602,27,0
20823,0x0603,8,0
20823,0x0604,43,0
20823,0x0605,8,0
20823,0x0606,59,0
20823,0x0607,8,0
20823,0x0608,116,83
20823,0x0609,16,63
20823,0x060A,117,37
20823,0x060B,16,63
20823,0x060C,0,59
20823,0x060D,0,63
20823,0x060E,0,75
20823,0x060F,0,63
20823,0x071A,94,0
20823,0x071B,115,60
20823,0x071C,30,204
20823,0x071D,0,123
20823,0x071E,8,0
20823,0x071F,0,24
20823,0x072C,92,220
20823,0x072D,9,74
20823,0x072E,30,222
20823,0x072F,10,123
20823,0x0734,142,16
20823,0x0735,8,74
20823,0x0736,88,222
20823,0x0737,9,123
20823,0x073C,150,149
20823,0x073D,8,17
20823,0x073E,92,220
20823,0x073F,9,74
20823,0x0874,86,222
20823,0x0875,1,42
20823,0x0876,222,86
20823,0x0877,42,1
20823,0x0894,14,22
20823,0x0895,58,91
20823,0x0896,22,14
20823,0x0897,91,58
20823,0x0900,190,180
20823,0x0904,174,164
20823,0x0908,158,133
20823,0x0909,169,161
20823,0x090A,162,164
20823,0x090C,142,149
20823,0x090E,160,166
20823,0x0913,38,32
20823,0x0917,38,32
20823,0x0918,74,202
20823,0x0919,104,96
20823,0x091A,36,2
20823,0x091B,34,105
20823,0x091C,220,218
20823,0x091E,2,0
20823,0x0920,236,190
20823,0x0921,96,188
20823,0x0922,0,130
20823,0x0923,105,45
20823,0x0924,200,174
20823,0x0926,130,128
20823,0x0928,184,252
20823,0x0929,188,96
20823,0x092A,128,2
20823,0x092B,45,105
20823,0x092C,24,12
20823,0x092D,95,96
20823,0x092E,6,0
20823,0x092F,39,105
20823,0x0930,8,27
20823,0x0931,95,81
20823,0x0932,4,6
20823,0x0934,85,11
20823,0x0935,57,81
20823,0x0936,2,4
20823,0x0938,69,97
20823,0x0939,57,59
20823,0x093A,0,2
20823,0x093C,57,81
20823,0x093D,56,59
20823,0x093E,2,0
20823,0x0940,41,70
20823,0x0942,0,2
20823,0x0944,35,54
20823,0x0945,66,56
20823,0x0946,2,0
20823,0x0948,19,44
20823,0x0949,66,59
20823,0x094A,0,2
20823,0x094C,168,28
20823,0x094D,176,59
20823,0x094E,134,0
20823,0x094F,45,39
20823,0x0950,152,158
20823,0x0952,132,138
20823,0x0954,105,142
20823,0x0955,113,176
20823,0x0956,7,136
20823,0x0957,34,45
20823,0x0958,108,89
20823,0x0959,224,117
20823,0x0B02,170,234
20823,0x0B05,2,10
20823,0x0B22,88,89
20823,0x0B24,177,179
20823,0x0B26,98,103
20823,0x0B28,196,206
20823,0x0B82,88,89
20823,0x0B84,177,179
20823,0x0B86,98,103
20823,0x0B88,196,206
20823,0x0BE6,240,36
20823,0x0F99,98,103
20823,0x0F9D,98,103
20823,0x0FD1,98,103
20823,0x0FF0,98,103
20823,0x1027,6,0
20823,0x1030,2,0
20823,0x1034,5,0
20823,0x1040,192,0
20823,0x1066,1,2
20823,0x16D0,16,24
20823,0x16D1,236,218
20823,0x16E6,235,225
20823,0x16F5,172,162
20823,0x16F8,43,33
20823,0x1711,200,190
20823,0x1726,3,2
20823,0x1738,56,46
20823,0x1751,200,190
20823,0x1775,8,14
20823,0x1779,48,38
20823,0x1780,0,200
20823,0x1790,14,104
20823,0x1791,15,12
20823,0x1793,168,0
20823,0x1794,97,104
20823,0x1796,180,52
20823,0x1797,1,254
20823,0x1798,0,255
20823,0x1799,63,0
20823,0x17A2,65,220
20823,0x17A3,7,8
20823,0x17A4,67,222
20823,0x17A5,7,8
20823,0x17A6,82,253
20823,0x17AC,147,124
20823,0x17AF,5,0
20823,0x17B0,0,1
20823,0x17B5,47,190
20823,0x17B8,0,61
20823,0x17BA,141,148
20823,0x17D0,92,9
20823,0x17D1,24,27
20823,0x17D3,6,155
20823,0x17D4,103,89
20823,0x17D6,19,109
20823,0x17D9,152,182
20823,0x17E6,254,244
20823,0x17F5,8,53
20823,0x17F8,18,8
20823,0x1810,101,249
20823,0x1811,85,97
20823,0x1813,42,120
20823,0x1814,65,67
20823,0x1819,37,77
20823,0x1826,205,195
20823,0x1835,196,186
20823,0x1838,36,26
20823,0x1850,190,77
20823,0x1851,57,70
20823,0x1853,143,174
20823,0x1856,56,66
20823,0x1859,255,21
20823,0x185A,255,0
20823,0x185B,255,0
20823,0x1866,227,217
20823,0x1875,113,103
20823,0x1878,3,9
20823,0x1879,0,6
20823,0x187A,126,129
20823,0x1890,113,104
20823,0x1891,35,44
20823,0x1893,146,113
20823,0x1894,74,67
20823,0x1896,202,252
20823,0x1899,13,123
20823,0x18A6,249,239
20823,0x18B5,135,125
20823,0x18B8,25,15
20823,0x18D1,168,158
20823,0x18E4,249,251
20823,0x18E6,1,3
20823,0x18EC,147,138
20823,0x18F8,24,14
20823,0x190D,1,2
20823,0x1911,168,158
20823,0x1922,196,220
20823,0x1924,198,222
20823,0x192C,212,203
20823,0x1935,8,14
20823,0x1939,16,6
20823,0x1AD0,18,44
20823,0x1AD1,109,93
20823,0x1AD3,226,12
20823,0x1AD4,117,121
20823,0x1AE6,2,1
20823,0x1AE7,2,4
20823,0x1AF0,3,2
20823,0xFFFF,132,133
20833,0x0004,50,54
20833,0x0020,89,73
20833,0x0022,117,120
20833,0x0024,7,6
20833,0x0026,36,34
20833,0x0028,36,34
20833,0x0051,27,17
20833,0x0069,63,73
20833,0x006B,249,3
20833,0x007B,103,108
20833,0x00AD,208,218
20833,0x00CD,224,239
20833,0x00CE,162,192
20833,0x00CF,115,61
20833,0x00D0,197,11
20833,0x00D1,1,2
20833,0x0178,180,53
20833,0x0501,153,155
20833,0x0508,86,77
20833,0x0509,94,81
20833,0x050A,4,20
20833,0x050B,8,20
20833,0x050F,22,154
20833,0x0510,84,86
20833,0x0512,12,40
20833,0x0614,141,0
20833,0x0615,26,0
20833,0x061C,147,0
20833,0x061D,90,0
20833,0x061E,163,0
20833,0x061F,90,0
20833,0x0620,15,0
20833,0x0621,13,0
20833,0x0622,246,0
20833,0x0623,12,13
20833,0x0624,95,1
20833,0x0625,16,13
20833,0x0626,11,2
20833,0x0627,16,13
20833,0x0628,11,0
20833,0x0629,16,0
20833,0x062A,11,0
20833,0x062B,16,0
20833,0x062C,39,0
20833,0x062D,17,0
20833,0x062E,40,0
20833,0x062F,17,0
20833,0x0630,116,82
20833,0x0631,16,63
20833,0x0632,117,36
20833,0x0633,16,63
20833,0x0634,0,58
20833,0x0635,0,63
20833,0x0636,0,74
20833,0x0637,0,63
20833,0x0874,222,86
20833,0x0875,42,1
20833,0x0876,86,222
20833,0x0877,1,42
20833,0x0894,22,14
20833,0x0895,91,58
20833,0x0896,14,22
20833,0x0897,58,91
20833,0x0900,180,170
20833,0x0904,164,154
20833,0x0908,133,123
20833,0x090C,149,139
20833,0x0918,202,184
20833,0x091C,218,200
20833,0x0920,190,180
20833,0x0924,174,164
20833,0x0928,252,234
20833,0x092C,12,250
20833,0x0930,27,33
20833,0x0931,81,69
20833,0x0932,6,2
20833,0x0934,11,17
20833,0x0935,81,69
20833,0x0936,4,0
20833,0x0938,97,110
20833,0x0939,59,63
20833,0x093C,81,94
20833,0x093D,59,63
20833,0x0940,70,82
20833,0x0944,54,66
20833,0x0948,44,55
20833,0x0949,59,56
20833,0x094C,28,39
20833,0x094D,59,56
20833,0x0950,158,148
20833,0x0954,142,132
20833,0x0958,89,73
20833,0x0959,117,120
20833,0x095A,7,6
20833,0x095B,36,34
20833,0x0B02,234,170
20833,0x0B22,89,91
20833,0x0B24,179,182
20833,0x0B26,103,108
20833,0x0B28,206,216
20833,0x0B82,89,91
20833,0x0B84,179,182
20833,0x0B86,103,108
20833,0x0B88,206,216
20833,0x0F99,103,108
20833,0x0F9D,103,108
20833,0x0FD1,103,108
20833,0x0FF0,103,108
20833,0x16D0,24,32
20833,0x16D1,218,200
20833,0x16E6,225,215
20833,0x16F5,162,152
20833,0x16F8,33,23
20833,0x1711,190,180
20833,0x1726,2,1
20833,0x1738,46,36
20833,0x1751,190,180
20833,0x1775,14,4
20833,0x1779,38,28
20833,0x1790,104,112
20833,0x1791,12,250
20833,0x1792,1,0
20833,0x17A6,253,243
20833,0x17B5,190,180
20833,0x17B8,61,51
20833,0x17D0,9,34
20833,0x17D1,27,33
20833,0x17D3,155,140
20833,0x17D4,89,77
20833,0x17D6,109,187
20833,0x17D9,182,236
20833,0x17DC,9,5
20833,0x17DD,3,11
20833,0x17E2,13,65
20833,0x17E3,12,7
20833,0x17E4,25,67
20833,0x17E5,12,7
20833,0x17E6,244,252
20833,0x17ED,43,12
20833,0x17F5,53,43
20833,0x17F8,8,28
20833,0x17FA,121,126
20833,0x1810,249,141
20833,0x1811,97,110
20833,0x1813,120,86
20833,0x1814,67,71
20833,0x1819,77,117
20833,0x1826,195,185
20833,0x1835,186,176
20833,0x1838,26,16
20833,0x1850,77,225
20833,0x1851,70,82
20833,0x1853,174,228
20833,0x1859,21,29
20833,0x185D,11,4
20833,0x1866,217,207
20833,0x1875,103,93
20833,0x1878,9,38
20833,0x1879,6,2
20833,0x187A,129,133
20833,0x1890,104,83
20833,0x1891,44,55
20833,0x1893,113,156
20833,0x1894,67,64
20833,0x1896,252,46
20833,0x1897,0,1
20833,0x1899,123,233
20833,0x18A6,239,229
20833,0x18B5,125,115
20833,0x18B8,15,5
20833,0x18D1,158,148
20833,0x18E6,3,2
20833,0x18F8,14,4
20833,0x1911,158,148
20833,0x1935,14,4
20833,0x1939,6,44
20833,0x1AD0,44,70
20833,0x1AD1,93,77
20833,0x1AD3,12,54
20833,0x1AD4,121,124
20833,0x1AE4,182,184
20833,0x1AE7,4,2
20833,0x1AEC,61,56
20833,0x1AF0,2,1
20843,0x0004,54,56
20843,0x0020,73,57
20843,0x0022,120,123
20843,0x0024,6,7
20843,0x0025,1,2
20843,0x0051,17,7
20843,0x0069,73,83
20843,0x006B,3,13
20843,0x007B,108,113
20843,0x00AD,218,228
20843,0x00CD,239,254
20843,0x00CE,192,222
20843,0x00CF,61,111
20843,0x00D0,11,81
20843,0x00D1,2,3
20843,0x0172,54,52
20843,0x0501,155,87
20843,0x0502,86,94
20843,0x0503,20,4
20843,0x0508,77,23
20843,0x0509,81,84
20843,0x050B,20,4
20843,0x050F,154,142
20843,0x0510,86,90
20843,0x0512,40,24
20843,0x0516,140,78
20843,0x0517,90,81
20843,0x0519,32,44
20843,0x051D,76,156
20843,0x051E,81,86
20843,0x0520,52,64
20843,0x0600,0,116
20843,0x0601,0,16
20843,0x0602,0,118
20843,0x0603,0,16
20843,0x0608,83,0
20843,0x0609,63,0
20843,0x060A,37,177
20843,0x060B,63,26
20843,0x060C,59,142
20843,0x060D,63,26
20843,0x060E,75,0
20843,0x060F,63,0
20843,0x0614,0,146
20843,0x0615,0,90
20843,0x0616,0,162
20843,0x0617,0,90
20843,0x0618,0,9
20843,0x0619,0,13
20843,0x061A,0,191
20843,0x061B,0,12
20843,0x061C,0,95
20843,0x061D,0,16
20843,0x061E,0,153
20843,0x061F,0,17
20843,0x0620,0,11
20843,0x0621,0,16
20843,0x0622,0,11
20843,0x0623,13,16
20843,0x0624,1,30
20843,0x0625,13,17
20843,0x0626,2,46
20843,0x0627,13,17
20843,0x0628,0,116
20843,0x0629,0,16
20843,0x062A,0,117
20843,0x062B,0,16
20843,0x0630,82,0
20843,0x0631,63,0
20843,0x0632,36,0
20843,0x0633,63,0
20843,0x0634,58,0
20843,0x0635,63,0
20843,0x0636,74,0
20843,0x0637,63,0
20843,0x063C,0,233
20843,0x063D,0,12
20843,0x063E,0,249
20843,0x063F,0,12
20843,0x0642,223,0
20843,0x0643,12,0
20843,0x0644,239,0
20843,0x0645,12,0
20843,0x0646,255,0
20843,0x0647,12,0
20843,0x0648,0,82
20843,0x0649,0,63
20843,0x064A,0,36
20843,0x064B,0,63
20843,0x064C,0,58
20843,0x064D,0,63
20843,0x064E,0,74
20843,0x064F,0,63
20843,0x0650,82,0
20843,0x0651,63,0
20843,0x0652,36,0
20843,0x0653,63,0
20843,0x0874,86,222
20843,0x0875,1,42
20843,0x0876,222,86
20843,0x0877,42,1
20843,0x0894,14,22
20843,0x0895,58,91
20843,0x0896,22,14
20843,0x0897,91,58
20843,0x0900,170,145
20843,0x0901,181,173
20843,0x0902,162,164
20843,0x0904,154,161
20843,0x0906,160,166
20843,0x0908,123,117
20843,0x090C,139,133
20843,0x0918,184,166
20843,0x091C,200,182
20843,0x0920,180,170
20843,0x0922,130,134
20843,0x0924,164,154
20843,0x0926,128,132
20843,0x0928,234,216
20843,0x092C,250,232
20843,0x0930,33,41
20843,0x0931,69,61
20843,0x0934,17,25
20843,0x0935,69,61
20843,0x0938,110,123
20843,0x0939,63,68
20843,0x093C,94,107
20843,0x093D,63,68
20843,0x0940,82,95
20843,0x0941,56,58
20843,0x0944,66,79
20843,0x0945,56,58
20843,0x0948,55,67
20843,0x094C,39,51
20843,0x0950,148,142
20843,0x0952,138,130
20843,0x0954,132,126
20843,0x0956,136,128
20843,0x0958,73,57
20843,0x0959,120,123
20843,0x095A,6,7
20843,0x0B22,91,92
20843,0x0B24,182,184
20843,0x0B26,108,113
20843,0x0B28,216,226
20843,0x0B82,91,92
20843,0x0B84,182,184
20843,0x0B86,108,113
20843,0x0B88,216,226
20843,0x0F99,108,113
20843,0x0F9D,108,113
20843,0x0FD1,108,113
20843,0x0FF0,108,113
20843,0x16D0,32,40
20843,0x16D1,200,182
20843,0x16E6,215,205
20843,0x16F5,152,142
20843,0x16F8,23,13
20843,0x1711,180,170
20843,0x1724,247,249
20843,0x1726,1,3
20843,0x172D,12,43
20843,0x1738,36,26
20843,0x174D,1,2
20843,0x1751,180,170
20843,0x1762,196,220
20843,0x1764,198,222
20843,0x176C,212,203
20843,0x1775,4,10
20843,0x1779,28,18
20843,0x1790,112,120
20843,0x1791,250,232
20843,0x17A6,243,233
20843,0x17B5,180,170
20843,0x17B8,51,41
20843,0x17D0,34,131
20843,0x17D1,33,41
20843,0x17D3,140,33
20843,0x17D4,77,69
20843,0x17D6,187,237
20843,0x17D9,236,90
20843,0x17DA,254,255
20843,0x17E6,252,242
20843,0x17F5,43,33
20843,0x17F8,28,18
20843,0x1810,141,33
20843,0x1811,110,123
20843,0x1813,86,196
20843,0x1814,71,76
20843,0x1819,117,157
20843,0x1826,185,175
20843,0x1835,176,166
20843,0x1838,16,6
20843,0x1850,225,117
20843,0x1851,82,95
20843,0x1853,228,226
20843,0x1854,64,66
20843,0x1859,29,69
20843,0x1866,207,197
20843,0x1875,93,83
20843,0x1878,38,28
20843,0x1890,83,201
20843,0x1891,55,67
20843,0x1893,156,174
20843,0x1896,46,66
20843,0x1899,233,21
20843,0x189A,255,0
20843,0x189B,255,0
20843,0x18A6,229,219
20843,0x18B5,115,105
20843,0x18B8,5,11
20843,0x18B9,0,6
20843,0x18BA,126,129
20843,0x18C0,200,216
20843,0x18C1,240,219
20843,0x18C2,144,145
20843,0x18D1,148,142
20843,0x18E4,251,247
20843,0x18EC,138,147
20843,0x18ED,43,12
20843,0x18F8,4,14
20843,0x1911,148,142
20843,0x1935,4,10
20843,0x1939,44,34
20843,0x1AD0,70,96
20843,0x1AD1,77,61
20843,0x1AD3,54,96
20843,0x1AD4,124,127
20843,0x1AE4,184,182
20843,0x1AE6,1,2
20843,0x1AEC,56,61
20843,0x1AF0,1,3
20853,0x0004,56,58
20853,0x0020,57,41
20853,0x0022,123,126
20853,0x0025,2,0
20853,0x0026,34,36
20853,0x0028,34,36
20853,0x0029,0,1
20853,0x002B,0,1
20853,0x002C,112,128
20853,0x0051,7,1
20853,0x0069,83,93
20853,0x006B,13,23
20853,0x007B,113,118
20853,0x00AD,228,238
20853,0x00B7,23,25
20853,0x00BF,152,160
20853,0x00C2,11,12
20853,0x00CA,6,7
20853,0x00CD,254,13
20853,0x00CE,222,253
20853,0x00CF,111,161
20853,0x00D0,81,151
20853,0x0173,173,0
20853,0x0174,178,25
20853,0x023D,52,36
20853,0x023E,147,195
20853,0x0301,41,38
20853,0x0302,76,79
20853,0x0303,10,20
20853,0x0305,20,192
20853,0x0306,148,145
20853,0x0309,73,70
20853,0x030A,76,79
20853,0x030B,10,20
20853,0x030D,30,212
20853,0x030E,148,145
20853,0x0311,105,102
20853,0x0312,76,79
20853,0x0313,10,20
20853,0x0315,40,232
20853,0x0316,148,145
20853,0x0501,87,157
20853,0x0502,94,86
20853,0x0503,4,20
20853,0x0600,116,0
20853,0x0601,16,0
20853,0x0602,118,0
20853,0x0603,16,0
20853,0x0608,0,83
20853,0x0609,0,63
20853,0x060A,177,37
20853,0x060B,26,63
20853,0x060C,142,59
20853,0x060D,26,63
20853,0x060E,0,75
20853,0x060F,0,63
20853,0x071A,0,165
20853,0x071B,60,28
20853,0x071C,204,60
20853,0x071D,123,1
20853,0x071E,0,62
20853,0x071F,24,2
20853,0x0874,222,86
20853,0x0875,42,1
20853,0x0876,86,222
20853,0x0877,1,42
20853,0x0894,22,14
20853,0x0895,91,58
20853,0x0896,14,22
20853,0x0897,58,91
20853,0x0900,145,135
20853,0x0904,161,151
20853,0x0908,117,112
20853,0x090C,133,128
20853,0x0918,166,148
20853,0x091C,182,164
20853,0x0920,170,160
20853,0x0924,154,144
20853,0x0928,216,198
20853,0x092C,232,214
20853,0x0930,41,51
20853,0x0931,61,57
20853,0x0934,25,35
20853,0x0935,61,57
20853,0x0938,123,135
20853,0x0939,68,75
20853,0x093C,107,119
20853,0x093D,68,75
20853,0x0940,95,108
20853,0x0941,58,62
20853,0x0944,79,92
20853,0x0945,58,62
20853,0x0948,67,80
20853,0x094C,51,64
20853,0x0950,142,137
20853,0x0954,126,121
20853,0x0958,57,248
20853,0x0959,123,96
20853,0x095A,7,2
20853,0x095B,34,105
20853,0x095C,96,8
20853,0x095D,224,96
20853,0x095E,2,0
20853,0x095F,38,105
20853,0x0960,80,41
20853,0x0961,224,126
20853,0x0962,0,7
20853,0x0963,38,36
20853,0x0B05,10,234
20853,0x0B22,92,93
20853,0x0B24,184,187
20853,0x0B26,113,118
20853,0x0B28,226,236
20853,0x0B82,92,93
20853,0x0B84,184,187
20853,0x0B86,113,118
20853,0x0B88,226,236
20853,0x0F99,113,118
20853,0x0F9D,113,118
20853,0x0FD1,113,118
20853,0x0FF0,113,118
20853,0x16D0,40,48
20853,0x16D1,182,164
20853,0x16E6,205,195
20853,0x16F5,142,132
20853,0x16F8,13,3
20853,0x1711,170,160
20853,0x1726,3,2
20853,0x1738,26,16
20853,0x1751,170,160
20853,0x1775,10,16
20853,0x1779,18,8
20853,0x1790,120,128
20853,0x1791,232,214
20853,0x17A6,233,223
20853,0x17B5,170,160
20853,0x17B8,41,31
20853,0x17D0,131,216
20853,0x17D1,41,51
20853,0x17D3,33,2
20853,0x17D4,69,65
20853,0x17D6,237,31
20853,0x17D7,0,1
20853,0x17D9,90,200
20853,0x17E6,242,232
20853,0x17F5,33,23
20853,0x17F8,18,8
20853,0x1810,33,226
20853,0x1811,123,135
20853,0x1813,196,89
20853,0x1814,76,83
20853,0x1816,66,81
20853,0x1819,157,162
20853,0x181C,5,3
20853,0x181D,4,253
20853,0x1826,175,165
20853,0x1835,166,156
20853,0x1838,6,34
20853,0x1839,2,0
20853,0x183A,133,138
20853,0x1850,117,9
20853,0x1851,95,108
20853,0x1853,226,112
20853,0x1854,66,70
20853,0x1859,69,109
20853,0x1866,197,187
20853,0x1875,83,73
20853,0x1878,28,18
20853,0x1890,201,93
20853,0x1891,67,80
20853,0x18A6,219,209
20853,0x18B5,105,95
20853,0x18B8,11,1
20853,0x18D1,142,137
20853,0x18F8,14,4
20853,0x1911,142,137
20853,0x1935,10,16
20853,0x1939,34,24
20853,0x1940,0,200
20853,0x1941,0,74
20853,0x1942,0,176
20853,0x1943,0,2
20853,0x1944,0,54
20853,0x1945,0,177
20853,0x1946,0,2
20853,0x1948,0,3
20853,0x194A,0,2
20853,0x194B,0,3
20853,0x194C,0,9
20853,0x1950,0,208
20853,0x1951,0,8
20853,0x1952,0,1
20853,0x1954,0,104
20853,0x1956,0,52
20853,0x1957,0,254
20853,0x1958,0,255
20853,0x195E,0,9
20853,0x195F,0,12
20853,0x1960,0,154
20853,0x1961,0,2
20853,0x1962,0,220
20853,0x1963,0,8
20853,0x1964,0,222
20853,0x1965,0,8
20853,0x1966,0,251
20853,0x1967,0,8
20853,0x1969,0,1
20853,0x196A,0,238
20853,0x196B,0,4
20853,0x196C,0,124
20853,0x196D,0,12
20853,0x1970,0,1
20853,0x1975,0,188
20853,0x1976,0,110
20853,0x1978,0,59
20853,0x1979,0,6
20853,0x197A,0,148
20853,0x197B,0,193
20853,0x1AD0,96,122
20853,0x1AD1,61,45
20853,0x1AD3,96,138
20853,0x1AD4,127,130
20853,0x1AE6,2,1
20853,0x1AE7,2,4
20853,0x1AF0,3,2
20863,0x0004,58,60
20863,0x0020,41,25
20863,0x0022,126,129
20863,0x0024,7,6
20863,0x0025,0,2
20863,0x0026,36,34
20863,0x0028,36,34
20863,0x0029,1,0
20863,0x002B,1,0
20863,0x002C,128,112
20863,0x0051,1,3
20863,0x0069,93,103
20863,0x006B,23,33
20863,0x007B,118,123
20863,0x00AD,238,248
20863,0x00CD,13,180
20863,0x00CE,253,27
20863,0x00CF,161,212
20863,0x00D0,151,221
20863,0x00D1,3,0
20863,0x0173,0,173
20863,0x0174,25,178
20863,0x02F6,155,72
20863,0x02FB,1,2
20863,0x02FD,41,39
20863,0x0305,192,12
20863,0x030D,212,32
20863,0x0315,232,52
20863,0x0501,157,143
20863,0x0502,86,90
20863,0x0508,23,79
20863,0x0509,84,81
20863,0x050B,4,20
20863,0x050F,142,158
20863,0x0510,90,86
20863,0x0512,24,40
20863,0x0600,0,10
20863,0x0601,0,13
20863,0x0602,0,207
20863,0x0603,0,12
20863,0x0604,0,217
20863,0x0605,0,16
20863,0x0606,0,154
20863,0x0607,0,17
20863,0x0608,83,11
20863,0x0609,63,16
20863,0x060A,37,11
20863,0x060B,63,16
20863,0x060C,59,31
20863,0x060D,63,17
20863,0x060E,75,47
20863,0x060F,63,17
20863,0x0610,0,116
20863,0x0611,0,16
20863,0x0612,0,118
20863,0x0613,0,16
20863,0x0614,146,0
20863,0x0615,90,0
20863,0x0616,162,21
20863,0x0617,90,13
20863,0x0618,9,0
20863,0x0619,13,0
20863,0x061A,191,0
20863,0x061B,12,0
20863,0x061C,95,16
20863,0x061D,16,13
20863,0x061E,153,32
20863,0x061F,17,13
20863,0x0620,11,3
20863,0x0621,16,13
20863,0x0622,11,218
20863,0x0623,16,12
20863,0x0624,30,234
20863,0x0625,17,12
20863,0x0626,46,250
20863,0x0627,17,12
20863,0x0628,116,0
20863,0x0629,16,0
20863,0x062A,117,0
20863,0x062B,16,0
20863,0x0630,0,82
20863,0x0631,0,63
20863,0x0632,0,36
20863,0x0633,0,63
20863,0x0634,0,58
20863,0x0635,0,63
20863,0x0874,86,222
20863,0x0875,1,42
20863,0x0876,222,86
20863,0x0877,42,1
20863,0x0894,14,22
20863,0x0895,58,91
20863,0x0896,22,14
20863,0x0897,91,58
20863,0x0900,135,125
20863,0x0904,151,141
20863,0x0908,112,111
20863,0x090C,128,127
20863,0x0918,148,133
20863,0x0919,96,92
20863,0x091A,2,6
20863,0x091C,164,149
20863,0x091D,96,92
20863,0x091E,0,4
20863,0x0920,160,150
20863,0x0924,144,134
20863,0x0928,198,180
20863,0x092C,214,196
20863,0x0930,51,64
20863,0x0931,57,56
20863,0x0934,35,48
20863,0x0935,57,56
20863,0x0938,135,149
20863,0x0939,75,81
20863,0x093C,119,133
20863,0x093D,75,81
20863,0x0940,108,120
20863,0x0941,62,67
20863,0x0944,92,104
20863,0x0945,62,67
20863,0x0948,80,92
20863,0x0949,56,58
20863,0x094C,64,76
20863,0x094D,56,58
20863,0x0950,137,136
20863,0x0952,130,134
20863,0x0954,121,120
20863,0x0956,128,132
20863,0x0958,248,230
20863,0x095C,8,246
20863,0x0960,41,25
20863,0x0961,126,129
20863,0x0962,7,6
20863,0x0963,36,34
20863,0x0B05,234,170
20863,0x0B22,93,94
20863,0x0B24,187,189
20863,0x0B26,118,123
20863,0x0B28,236,246
20863,0x0B82,93,94
20863,0x0B84,187,189
20863,0x0B86,118,123
20863,0x0B88,236,246
20863,0x0E83,2,5
20863,0x0F99,118,123
20863,0x0F9D,118,123
20863,0x0FD1,118,123
20863,0x0FF0,118,123
20863,0x16D0,48,188
20863,0x16D1,164,149
20863,0x16D3,0,196
20863,0x16D4,104,100
20863,0x16D6,52,252
20863,0x16D9,0,72
20863,0x16DA,0,255
20863,0x16DB,0,255
20863,0x16DC,3,25
20863,0x16DD,253,233
20863,0x16E2,220,217
20863,0x16E4,222,219
20863,0x16E6,195,247
20863,0x16EC,124,111
20863,0x16ED,12,43
20863,0x16F5,132,122
20863,0x16F8,3,11
20863,0x16F9,6,0
20863,0x16FA,148,153
20863,0x1711,160,150
20863,0x1726,2,1
20863,0x1738,16,6
20863,0x1751,160,150
20863,0x1775,16,6
20863,0x1779,8,46
20863,0x1790,128,136
20863,0x1791,214,196
20863,0x17A6,223,213
20863,0x17B5,160,150
20863,0x17B8,31,21
20863,0x17D0,216,3
20863,0x17D1,51,64
20863,0x17D3,2,174
20863,0x17D4,65,64
20863,0x17D6,31,66
20863,0x17D9,200,21
20863,0x17DA,255,0
20863,0x17DB,255,0
20863,0x17E6,232,222
20863,0x17F5,23,13
20863,0x17F8,8,14
20863,0x17F9,0,6
20863,0x17FA,126,129
20863,0x1810,226,177
20863,0x1811,135,149
20863,0x1813,89,8
20863,0x1814,83,89
20863,0x1816,81,111
20863,0x1819,162,132
20863,0x1826,165,155
20863,0x1835,156,146
20863,0x1838,34,24
20863,0x1850,9,157
20863,0x1851,108,120
20863,0x1853,112,142
20863,0x1854,70,75
20863,0x1859,109,149
20863,0x1866,187,177
20863,0x1875,73,63
20863,0x1878,18,8
20863,0x1890,93,241
20863,0x1891,80,92
20863,0x1893,174,92
20863,0x1894,64,66
20863,0x1899,21,61
20863,0x189D,11,4
20863,0x18A6,209,199
20863,0x18B5,95,85
20863,0x18B8,1,30
20863,0x18B9,6,2
20863,0x18BA,129,133
20863,0x18C0,216,200
20863,0x18C1,219,25
20863,0x18D0,0,224
20863,0x18D1,137,136
20863,0x18D6,0,80
20863,0x18D7,255,0
20863,0x18D8,255,0
20863,0x18E2,245,79
20863,0x18E3,9,15
20863,0x18E4,247,85
20863,0x18E5,9,15
20863,0x18E6,2,3
20863,0x18ED,12,43
20863,0x18F8,4,122
20863,0x1911,137,136
20863,0x1935,16,6
20863,0x1939,24,14
20863,0x1950,208,216
20863,0x1951,8,246
20863,0x1952,1,0
20863,0x1966,251,241
20863,0x1975,188,178
20863,0x1978,59,49
20863,0x1AD0,122,148
20863,0x1AD1,45,29
20863,0x1AD3,138,180
20863,0x1AD4,130,133
20863,0x1AE4,182,184
20863,0x1AE7,4,2
20863,0x1AEC,61,56
20863,0x1AF0,2,1
20873,0x0004,60,0
20873,0x0020,25,9
20873,0x0022,129,132
20873,0x0024,6,7
20873,0x0051,3,1
20873,0x0069,103,113
20873,0x006B,33,43
20873,0x007B,123,128
20873,0x00AD,248,2
20873,0x00B7,25,29
20873,0x00B8,16,0
20873,0x00B9,1,0
20873,0x00BA,104,184
20873,0x00BF,160,168
20873,0x00C2,12,13
20873,0x00CD,180,8
20873,0x00CE,27,75
20873,0x00CF,212,27
20873,0x00D0,221,35
20873,0x00D1,0,2
20873,0x0173,173,36
20873,0x0174,178,50
20873,0x0178,53,52
20873,0x02F6,72,155
20873,0x02FB,2,1
20873,0x02FD,39,41
20873,0x0305,12,148
20873,0x0306,145,144
20873,0x030D,32,168
20873,0x030E,145,144
20873,0x0315,52,188
20873,0x0316,145,144
20873,0x0501,143,204
20873,0x0502,90,93
20873,0x0503,20,8
20873,0x0508,79,88
20873,0x0509,81,94
20873,0x050A,20,4
20873,0x050B,20,8
20873,0x050F,158,24
20873,0x0510,86,84
20873,0x0512,40,12
20873,0x0516,78,144
20873,0x0517,81,90
20873,0x0519,44,32
20873,0x051D,156,80
20873,0x051E,86,81
20873,0x0520,64,52
20873,0x0524,152,128
20873,0x0525,86,82
20873,0x0600,10,94
20873,0x0601,13,8
20873,0x0602,207,28
20873,0x0603,12,8
20873,0x0604,217,44
20873,0x0605,16,8
20873,0x0606,154,60
20873,0x0607,17,8
20873,0x0608,11,116
20873,0x060A,11,117
20873,0x060C,31,0
20873,0x060D,17,0
20873,0x060E,47,0
20873,0x060F,17,0
20873,0x0610,116,0
20873,0x0611,16,0
20873,0x0612,118,178
20873,0x0613,16,26
20873,0x0614,0,143
20873,0x0615,0,26
20873,0x0616,21,105
20873,0x0617,13,24
20873,0x061C,16,145
20873,0x061D,13,90
20873,0x061E,32,161
20873,0x061F,13,90
20873,0x0620,3,11
20873,0x0622,218,207
20873,0x0624,234,95
20873,0x0625,12,80
20873,0x0626,250,11
20873,0x0627,12,16
20873,0x0628,0,11
20873,0x0629,0,16
20873,0x062A,0,11
20873,0x062B,0,16
20873,0x062C,0,29
20873,0x062D,0,17
20873,0x062E,0,45
20873,0x062F,0,17
20873,0x0630,82,116
20873,0x0631,63,16
20873,0x0632,36,117
20873,0x0633,63,16
20873,0x0634,58,20
20873,0x0635,63,13
20873,0x0636,0,22
20873,0x0637,0,13
20873,0x0638,0,24
20873,0x0639,0,13
20873,0x063A,0,25
20873,0x063B,0,13
20873,0x063C,233,17
20873,0x063D,12,13
20873,0x063E,249,33
20873,0x063F,12,13
20873,0x0640,0,4
20873,0x0641,0,13
20873,0x0642,0,219
20873,0x0643,0,12
20873,0x0644,0,235
20873,0x0645,0,12
20873,0x0646,0,251
20873,0x0647,0,12
20873,0x0648,82,0
20873,0x0649,63,0
20873,0x064A,36,0
20873,0x064B,63,0
20873,0x064C,58,0
20873,0x064D,63,0
20873,0x064E,74,0
20873,0x064F,63,0
20873,0x0650,0,82
20873,0x0651,0,63
20873,0x0652,0,36
20873,0x0653,0,63
20873,0x0874,222,86
20873,0x0875,42,1
20873,0x0876,86,222
20873,0x0877,1,42
20873,0x0894,22,14
20873,0x0895,91,58
20873,0x0896,14,22
20873,0x0897,58,91
20873,0x0900,125,118
20873,0x0904,141,134
20873,0x0908,111,115
20873,0x090C,127,131
20873,0x0910,96,5
20873,0x0911,104,169
20873,0x0912,2,142
20873,0x0913,32,45
20873,0x0914,80,245
20873,0x0915,104,169
20873,0x0916,0,140
20873,0x0917,32,45
20873,0x0918,133,96
20873,0x0919,92,104
20873,0x091A,6,2
20873,0x091B,105,32
20873,0x091C,149,80
20873,0x091D,92,104
20873,0x091E,4,0
20873,0x091F,105,32
20873,0x0920,150,128
20873,0x0921,188,80
20873,0x0922,134,6
20873,0x0923,45,105
20873,0x0924,134,144
20873,0x0925,188,80
20873,0x0926,132,4
20873,0x0927,45,105
20873,0x0928,180,143
20873,0x0929,96,188
20873,0x092A,2,130
20873,0x092B,105,45
20873,0x092C,196,127
20873,0x092D,96,188
20873,0x092E,0,128
20873,0x092F,105,45
20873,0x0930,64,162
20873,0x0931,56,96
20873,0x0933,39,105
20873,0x0934,48,178
20873,0x0935,56,96
20873,0x0937,39,105
20873,0x0938,149,76
20873,0x0939,81,56
20873,0x093C,133,60
20873,0x093D,81,56
20873,0x0940,120,164
20873,0x0941,67,85
20873,0x0944,104,148
20873,0x0945,67,85
20873,0x0948,92,133
20873,0x0949,58,74
20873,0x094C,76,117
20873,0x094D,58,74
20873,0x0950,136,105
20873,0x0951,176,61
20873,0x0952,134,2
20873,0x0953,45,39
20873,0x0954,120,89
20873,0x0955,176,61
20873,0x0956,132,0
20873,0x0957,45,39
20873,0x0958,230,140
20873,0x0959,96,176
20873,0x095A,2,134
20873,0x095B,105,45
20873,0x095C,246,124
20873,0x095D,96,176
20873,0x095E,0,132
20873,0x095F,105,45
20873,0x0960,25,212
20873,0x0961,129,96
20873,0x0962,6,2
20873,0x0963,34,105
20873,0x0964,159,228
20873,0x0965,224,96
20873,0x0966,124,0
20873,0x0967,61,105
20873,0x0968,151,16
20873,0x0969,224,176
20873,0x096A,123,130
20873,0x096B,61,45
20873,0x096C,159,0
20873,0x096D,224,176
20873,0x096E,29,128
20873,0x096F,189,45
20873,0x0970,151,9
20873,0x0971,224,132
20873,0x0972,28,7
20873,0x0973,189,34
20873,0x0B01,170,171
20873,0x0B06,0,250
20873,0x0B22,94,96
20873,0x0B24,189,192
20873,0x0B26,123,128
20873,0x0B28,246,0
20873,0x0B29,2,3
20873,0x0B82,94,96
20873,0x0B84,189,192
20873,0x0B86,123,128
20873,0x0B88,246,0
20873,0x0B89,2,3
20873,0x0E83,5,7
20873,0x0F99,123,128
20873,0x0F9D,123,128
20873,0x0FD1,123,128
20873,0x0FF0,123,128
20873,0x16D0,188,243
20873,0x16D1,149,144
20873,0x16D3,196,163
20873,0x16D4,100,88
20873,0x16D6,252,246
20873,0x16D7,254,255
20873,0x16D9,72,98
20873,0x16DA,255,254
20873,0x16E6,247,237
20873,0x16F5,122,112
20873,0x16F8,11,1
20873,0x1700,200,216
20873,0x1701,240,219
20873,0x1702,144,145
20873,0x1711,150,143
20873,0x1724,249,247
20873,0x1726,1,2
20873,0x172D,43,12
20873,0x1738,6,56
20873,0x1751,150,143
20873,0x1775,6,12
20873,0x1779,46,36
20873,0x1790,136,144
20873,0x1791,196,178
20873,0x17A6,213,203
20873,0x17B5,150,140
20873,0x17B8,21,11
20873,0x17D0,3,151
20873,0x17D1,64,76
20873,0x17E6,222,212
20873,0x17F5,13,3
20873,0x17F8,14,4
20873,0x1810,177,172
20873,0x1811,149,164
20873,0x1813,8,139
20873,0x1814,89,93
20873,0x1816,111,141
20873,0x1819,132,102
20873,0x1826,155,145
20873,0x1835,146,136
20873,0x1838,24,14
20873,0x1850,157,67
20873,0x1851,120,133
20873,0x1853,142,18
20873,0x1854,75,82
20873,0x1856,66,75
20873,0x1859,149,168
20873,0x185C,5,3
20873,0x185D,4,253
20873,0x1866,177,167
20873,0x1875,63,53
20873,0x1878,8,36
20873,0x1879,2,0
20873,0x187A,133,138
20873,0x1890,241,133
20873,0x1891,92,105
20873,0x1893,92,154
20873,0x1894,66,69
20873,0x1899,61,101
20873,0x18A6,199,189
20873,0x18B5,85,75
20873,0x18B8,30,20
20873,0x18D0,224,0
20873,0x18D1,136,140
20873,0x18E6,3,2
20873,0x18F8,122,112
20873,0x1911,136,140
20873,0x1935,6,12
20873,0x1939,14,4
20873,0x1950,216,224
20873,0x1951,246,228
20873,0x1966,241,231
20873,0x1975,178,168
20873,0x1978,49,39
20873,0x1980,0,200
20873,0x1981,0,240
20873,0x1982,0,144
20873,0x1983,0,2
20873,0x1984,0,74
20873,0x1985,0,147
20873,0x1986,0,2
20873,0x1988,0,5
20873,0x198A,0,2
20873,0x198B,0,3
20873,0x198C,0,9
20873,0x1991,0,16
20873,0x1992,0,1
20873,0x1994,0,184
20873,0x1997,0,255
20873,0x1998,0,255
20873,0x199E,0,12
20873,0x199F,0,8
20873,0x19A0,0,170
20873,0x19A1,0,3
20873,0x19A2,0,245
20873,0x19A3,0,9
20873,0x19A4,0,247
20873,0x19A5,0,9
20873,0x19A6,0,3
20873,0x19A7,0,12
20873,0x19A8,0,128
20873,0x19A9,0,1
20873,0x19AA,0,168
20873,0x19AB,0,6
20873,0x19AC,0,147
20873,0x19AD,0,12
20873,0x19B2,0,192
20873,0x19B3,0,25
20873,0x19B8,0,108
20873,0x19C0,0,224
20873,0x19C1,0,116
20873,0x19C2,0,146
20873,0x19C3,0,2
20873,0x19C8,0,5
20873,0x19CA,0,2
20873,0x19CB,0,3
20873,0x19CC,0,9
20873,0x19D1,0,16
20873,0x19D2,0,1
20873,0x19D4,0,176
20873,0x19DE,0,12
20873,0x19DF,0,8
20873,0x19E0,0,170
20873,0x19E1,0,3
20873,0x19E2,0,223
20873,0x19E3,0,8
20873,0x19E4,0,225
20873,0x19E5,0,8
20873,0x19E6,0,255
20873,0x19E7,0,12
20873,0x19E8,0,128
20873,0x19E9,0,1
20873,0x19EA,0,168
20873,0x19EB,0,6
20873,0x19EC,0,221
20873,0x19ED,0,52
20873,0x19F5,0,64
20873,0x19F9,0,120
20873,0x1AD0,148,174
20873,0x1AD1,29,13
20873,0x1AD3,180,222
20873,0x1AD4,133,136
20873,0x1AE4,184,182
20873,0x1AE6,1,2
20873,0x1AEC,56,61
20873,0x1AF0,1,3
20883,0x0004,0,2
20883,0x0020,9,249
20883,0x0021,0,127
20883,0x0022,132,136
20883,0x0026,34,36
20883,0x0028,34,36
20883,0x002A,0,1
20883,0x0050,32,0
20883,0x0051,1,0
20883,0x0069,113,123
20883,0x006B,43,53
20883,0x007B,128,133
20883,0x00AD,2,12
20883,0x00CD,8,164
20883,0x00CE,75,105
20883,0x00CF,27,77
20883,0x00D0,35,184
20883,0x00D1,2,0
20883,0x0173,36,173
20883,0x0174,50,178
20883,0x023E,195,175
20883,0x02FD,41,39
20883,0x0305,148,88
20883,0x030D,168,108
20883,0x0315,188,128
20883,0x0501,204,129
20883,0x0502,93,82
20883,0x0503,8,20
20883,0x0600,94,0
20883,0x0601,8,0
20883,0x0602,28,0
20883,0x0603,8,0
20883,0x0604,44,0
20883,0x0605,8,0
20883,0x0606,60,0
20883,0x0607,8,0
20883,0x0608,116,83
20883,0x0609,16,63
20883,0x060A,117,37
20883,0x060B,16,63
20883,0x060C,0,59
20883,0x060D,0,63
20883,0x060E,0,75
20883,0x060F,0,63
20883,0x0612,178,0
20883,0x0613,26,0
20883,0x0874,86,222
20883,0x0875,1,42
20883,0x0876,222,86
20883,0x0877,42,1
20883,0x0894,14,22
20883,0x0895,58,91
20883,0x0896,22,14
20883,0x0897,91,58
20883,0x0900,118,113
20883,0x0904,134,129
20883,0x0908,115,118
20883,0x090C,131,134
20883,0x0910,5,251
20883,0x0914,245,235
20883,0x0920,128,131
20883,0x0921,80,68
20883,0x0924,144,147
20883,0x0925,80,68
20883,0x0928,143,138
20883,0x092C,127,122
20883,0x0930,162,144
20883,0x0934,178,160
20883,0x0938,76,89
20883,0x0939,56,57
20883,0x093C,60,73
20883,0x093D,56,57
20883,0x0940,164,180
20883,0x0941,85,88
20883,0x0944,148,164
20883,0x0945,85,88
20883,0x0948,133,146
20883,0x0949,74,79
20883,0x094C,117,130
20883,0x094D,74,79
20883,0x0950,105,118
20883,0x0951,61,66
20883,0x0954,89,102
20883,0x0955,61,66
20883,0x0958,140,143
20883,0x095C,124,127
20883,0x0960,212,194
20883,0x0964,228,210
20883,0x0968,16,6
20883,0x096C,0,246
20883,0x0970,9,249
20883,0x0971,132,136
20883,0x0973,34,36
20883,0x0B01,171,170
20883,0x0B06,250,186
20883,0x0B07,0,1
20883,0x0B22,96,97
20883,0x0B24,192,194
20883,0x0B26,128,133
20883,0x0B28,0,10
20883,0x0B82,96,97
20883,0x0B84,192,194
20883,0x0B86,128,133
20883,0x0B88,0,10
20883,0x0F99,128,133
20883,0x0F9D,128,133
20883,0x0FD1,128,133
20883,0x0FF0,128,133
20883,0x16D0,243,145
20883,0x16D1,144,147
20883,0x16D3,163,85
20883,0x16D4,88,76
20883,0x16D6,246,130
20883,0x16D7,255,0
20883,0x16D8,255,0
20883,0x16D9,98,22
20883,0x16DA,254,255
20883,0x16DC,25,14
20883,0x16DD,233,18
20883,0x16E6,237,227
20883,0x16F5,112,102
20883,0x16F8,1,15
20883,0x16FA,153,158
20883,0x1711,143,138
20883,0x1738,56,46
20883,0x1751,143,138
20883,0x1775,12,2
20883,0x1779,36,26
20883,0x1790,144,152
20883,0x1791,178,160
20883,0x17A6,203,193
20883,0x17B5,140,130
20883,0x17B8,11,1
20883,0x17D0,151,43
20883,0x17D1,76,89
20883,0x17D3,174,177
20883,0x17D4,64,65
20883,0x17D9,21,49
20883,0x17DD,11,4
20883,0x17E6,212,202
20883,0x17F5,3,73
20883,0x17F8,4,33
20883,0x17F9,6,2
20883,0x17FA,129,133
20883,0x1810,172,211
20883,0x1811,164,180
20883,0x1813,139,226
20883,0x1814,93,96
20883,0x1816,141,171
20883,0x1819,102,72
20883,0x1826,145,135
20883,0x1835,136,126
20883,0x1838,14,4
20883,0x1850,67,214
20883,0x1851,133,146
20883,0x1853,18,253
20883,0x1854,82,87
20883,0x1856,75,105
20883,0x1859,168,138
20883,0x1866,167,157
20883,0x1875,53,43
20883,0x1878,36,26
20883,0x1890,133,25
20883,0x1891,105,118
20883,0x1893,154,104
20883,0x1894,69,74
20883,0x1899,101,141
20883,0x18A6,189,179
20883,0x18B5,75,65
20883,0x18B8,20,10
20883,0x18D0,0,32
20883,0x18D1,140,143
20883,0x18E6,2,1
20883,0x18F8,112,102
20883,0x1911,140,143
20883,0x1935,12,2
20883,0x1939,4,42
20883,0x1950,224,232
20883,0x1951,228,210
20883,0x1966,231,221
20883,0x1975,168,158
20883,0x1978,39,29
20883,0x1991,16,6
20883,0x19A6,3,2
20883,0x19B8,108,98
20883,0x19D1,16,6
20883,0x19F5,64,54
20883,0x19F9,120,110
20883,0x1AD0,174,200
20883,0x1AD1,13,253
20883,0x1AD2,0,255
20883,0x1AD3,222,8
20883,0x1AD4,136,140
20883,0x1AE6,2,1
20883,0x1AE7,2,4
20883,0x1AF0,3,2
20893,0x0004,2,4
20893,0x0020,249,233
20893,0x0022,136,139
20893,0x0024,7,6
20893,0x0026,36,34
20893,0x0028,36,34
20893,0x0069,123,133
20893,0x006B,53,63
20893,0x007B,133,138
20893,0x00AD,12,22
20893,0x00B7,29,33
20893,0x00BA,184,196
20893,0x00BF,168,176
20893,0x00C2,13,14
20893,0x00CD,164,179
20893,0x00CE,105,135
20893,0x00CF,77,127
20893,0x00D0,184,254
20893,0x00D1,0,1
20893,0x0172,52,54
20893,0x02FD,39,41
20893,0x0501,129,145
20893,0x0502,82,90
20893,0x0508,88,81
20893,0x0509,94,81
20893,0x050A,4,20
20893,0x050B,8,20
20893,0x050F,24,130
20893,0x0510,84,82
20893,0x0512,12,40
20893,0x0600,0,12
20893,0x0601,0,13
20893,0x0602,0,207
20893,0x0603,0,12
20893,0x0604,0,217
20893,0x0605,0,80
20893,0x0606,0,154
20893,0x0607,0,17
20893,0x0608,83,11
20893,0x0609,63,16
20893,0x060A,37,11
20893,0x060B,63,16
20893,0x060C,59,30
20893,0x060D,63,17
20893,0x060E,75,46
20893,0x060F,63,17
20893,0x0610,0,116
20893,0x0611,0,16
20893,0x0612,0,118
20893,0x0613,0,16
20893,0x0614,143,0
20893,0x0615,26,0
20893,0x0616,105,23
20893,0x0617,24,13
20893,0x061A,0,26
20893,0x061B,0,13
20893,0x061C,145,18
20893,0x061D,90,13
20893,0x061E,161,34
20893,0x061F,90,13
20893,0x0620,11,5
20893,0x0622,207,220
20893,0x0624,95,236
20893,0x0625,80,12
20893,0x0626,11,252
20893,0x0627,16,12
20893,0x0628,11,0
20893,0x0629,16,0
20893,0x062A,11,0
20893,0x062B,16,0
20893,0x062C,29,0
20893,0x062D,17,0
20893,0x062E,45,0
20893,0x062F,17,0
20893,0x0630,116,82
20893,0x0631,16,63
20893,0x0632,117,36
20893,0x0633,16,63
20893,0x0634,20,58
20893,0x0635,13,63
20893,0x0636,22,74
20893,0x0637,13,63
20893,0x0638,24,0
20893,0x0639,13,0
20893,0x063A,25,0
20893,0x063B,13,0
20893,0x0874,222,86
20893,0x0875,42,1
20893,0x0876,86,222
20893,0x0877,1,42
20893,0x0894,22,14
20893,0x0895,91,58
20893,0x0896,14,22
20893,0x0897,58,91
20893,0x0900,113,125
20893,0x0901,173,181
20893,0x0902,164,170
20893,0x0904,129,117
20893,0x0905,181,165
20893,0x0906,166,168
20893,0x0908,118,121
20893,0x090C,134,137
20893,0x0910,251,241
20893,0x0914,235,225
20893,0x0918,96,1
20893,0x0919,104,181
20893,0x091A,2,142
20893,0x091B,32,45
20893,0x091C,80,241
20893,0x091D,104,181
20893,0x091E,0,140
20893,0x091F,32,45
20893,0x0920,131,96
20893,0x0921,68,104
20893,0x0922,6,2
20893,0x0923,105,32
20893,0x0924,147,80
20893,0x0925,68,104
20893,0x0926,4,0
20893,0x0927,105,32
20893,0x0928,138,139
20893,0x0929,188,63
20893,0x092A,130,6
20893,0x092B,45,105
20893,0x092C,122,155
20893,0x092D,188,63
20893,0x092E,128,4
20893,0x092F,45,105
20893,0x0930,144,133
20893,0x0931,96,188
20893,0x0932,2,130
20893,0x0933,105,45
20893,0x0934,160,117
20893,0x0935,96,188
20893,0x0936,0,128
20893,0x0937,105,45
20893,0x0938,89,131
20893,0x0939,57,91
20893,0x093A,2,6
20893,0x093B,39,105
20893,0x093C,73,147
20893,0x093D,57,91
20893,0x093E,0,4
20893,0x093F,39,105
20893,0x0940,180,101
20893,0x0941,88,60
20893,0x0944,164,85
20893,0x0945,88,60
20893,0x0948,146,197
20893,0x0949,79,89
20893,0x094C,130,181
20893,0x094D,79,89
20893,0x0950,118,161
20893,0x0951,66,84
20893,0x0954,102,145
20893,0x0955,66,84
20893,0x0958,143,130
20893,0x0959,176,72
20893,0x095A,134,2
20893,0x095B,45,39
20893,0x095C,127,114
20893,0x095D,176,72
20893,0x095E,132,0
20893,0x095F,45,39
20893,0x0960,194,146
20893,0x0961,96,176
20893,0x0962,2,130
20893,0x0963,105,45
20893,0x0964,210,130
20893,0x0965,96,176
20893,0x0966,0,128
20893,0x0967,105,45
20893,0x0968,6,176
20893,0x0969,176,96
20893,0x096A,130,2
20893,0x096B,45,105
20893,0x096C,246,192
20893,0x096D,176,96
20893,0x096E,128,0
20893,0x096F,45,105
20893,0x0970,249,252
20893,0x0971,136,176
20893,0x0972,7,130
20893,0x0973,36,45
20893,0x0974,151,236
20893,0x0975,224,176
20893,0x0976,12,128
20893,0x0977,61,45
20893,0x0978,199,12
20893,0x0979,224,188
20893,0x097A,130,134
20893,0x097B,61,45
20893,0x097C,191,252
20893,0x097D,224,188
20893,0x097E,129,132
20893,0x097F,61,45
20893,0x0980,183,233
20893,0x0981,224,139
20893,0x0982,104,6
20893,0x0983,61,34
20893,0x0B01,170,186
20893,0x0B06,186,170
20893,0x0B07,1,186
20893,0x0B08,0,1
20893,0x0B22,97,98
20893,0x0B24,194,197
20893,0x0B26,133,138
20893,0x0B28,10,20
20893,0x0B82,97,98
20893,0x0B84,194,197
20893,0x0B86,133,138
20893,0x0B88,10,20
20893,0x0F99,133,138
20893,0x0F9D,133,138
20893,0x0FD1,133,138
20893,0x0FF0,133,138
20893,0x16D0,145,167
20893,0x16D1,147,155
20893,0x16D3,85,15
20893,0x16D4,76,71
20893,0x16D6,130,14
20893,0x16D7,0,1
20893,0x16D9,22,202
20893,0x16E6,227,217
20893,0x16F5,102,92
20893,0x16F8,15,5
20893,0x1711,138,133
20893,0x1738,46,36
20893,0x174D,2,3
20893,0x1751,138,133
20893,0x1762,220,217
20893,0x1764,222,219
20893,0x176C,203,194
20893,0x1775,2,8
20893,0x1779,26,16
20893,0x1790,152,255
20893,0x1791,160,147
20893,0x1793,0,15
20893,0x1794,104,99
20893,0x1796,52,46
20893,0x1797,254,255
20893,0x1799,0,26
20893,0x179A,0,255
20893,0x179B,0,255
20893,0x179C,3,25
20893,0x179D,253,233
20893,0x17A2,220,217
20893,0x17A4,222,219
20893,0x17A6,193,245
20893,0x17AC,124,111
20893,0x17AD,12,43
20893,0x17B5,130,120
20893,0x17B8,1,9
20893,0x17B9,6,0
20893,0x17BA,148,153
20893,0x17D0,43,191
20893,0x17D1,89,101
20893,0x17D3,177,119
20893,0x17D4,65,68
20893,0x17D9,49,89
20893,0x17E6,202,192
20893,0x17F5,73,63
20893,0x17F8,33,23
20893,0x1810,211,210
20893,0x1811,180,197
20893,0x1813,226,168
20893,0x1814,96,97
20893,0x1816,171,180
20893,0x1819,72,63
20893,0x1826,135,125
20893,0x1835,126,116
20893,0x1838,4,44
20893,0x1839,0,6
20893,0x183A,138,141
20893,0x1850,214,149
20893,0x1851,146,161
20893,0x1853,253,188
20893,0x1854,87,92
20893,0x1856,105,135
20893,0x1859,138,108
20893,0x1866,157,147
20893,0x1875,43,33
20893,0x1878,26,16
20893,0x1890,25,176
20893,0x1891,118,130
20893,0x1893,104,191
20893,0x1894,74,80
20893,0x1896,66,69
20893,0x1899,141,174
20893,0x189C,5,3
20893,0x189D,4,253
20893,0x18A6,179,169
20893,0x18B5,65,55
20893,0x18B8,10,38
20893,0x18B9,2,0
20893,0x18BA,133,138
20893,0x18D0,32,64
20893,0x18D1,143,146
20893,0x18E4,85,81
20893,0x18E6,1,3
20893,0x18ED,43,12
20893,0x18F8,102,92
20893,0x1911,143,146
20893,0x1935,2,8
20893,0x1939,42,32
20893,0x1950,232,240
20893,0x1951,210,192
20893,0x1966,221,211
20893,0x1975,158,148
20893,0x1978,29,19
20893,0x1991,6,252
20893,0x1992,1,0
20893,0x19A6,2,1
20893,0x19B8,98,88
20893,0x19D1,6,252
20893,0x19D2,1,0
20893,0x19F5,54,44
20893,0x19F9,110,100
20893,0x1A00,0,200
20893,0x1A01,0,240
20893,0x1A02,0,144
20893,0x1A03,0,2
20893,0x1A04,0,74
20893,0x1A05,0,147
20893,0x1A06,0,2
20893,0x1A08,0,5
20893,0x1A0A,0,2
20893,0x1A0B,0,3
20893,0x1A0C,0,9
20893,0x1A11,0,12
20893,0x1A12,0,1
20893,0x1A14,0,196
20893,0x1A17,0,255
20893,0x1A18,0,255
20893,0x1A1E,0,12
20893,0x1A1F,0,8
20893,0x1A20,0,170
20893,0x1A21,0,3
20893,0x1A22,0,245
20893,0x1A23,0,9
20893,0x1A24,0,249
20893,0x1A25,0,9
20893,0x1A26,0,2
20893,0x1A27,0,12
20893,0x1A28,0,128
20893,0x1A29,0,1
20893,0x1A2A,0,168
20893,0x1A2B,0,6
20893,0x1A2C,0,147
20893,0x1A2D,0,43
20893,0x1A32,0,64
20893,0x1A33,0,26
20893,0x1A38,0,104
20893,0x1A40,0,224
20893,0x1A41,0,116
20893,0x1A42,0,146
20893,0x1A43,0,2
20893,0x1A48,0,5
20893,0x1A4A,0,2
20893,0x1A4B,0,3
20893,0x1A4C,0,9
20893,0x1A51,0,12
20893,0x1A52,0,1
20893,0x1A54,0,188
20893,0x1A5E,0,12
20893,0x1A5F,0,8
20893,0x1A60,0,170
20893,0x1A61,0,3
20893,0x1A62,0,223
20893,0x1A63,0,8
20893,0x1A64,0,225
20893,0x1A65,0,8
20893,0x1A66,0,255
20893,0x1A67,0,12
20893,0x1A68,0,128
20893,0x1A69,0,1
20893,0x1A6A,0,168
20893,0x1A6B,0,6
20893,0x1A6C,0,221
20893,0x1A6D,0,52
20893,0x1A75,0,60
20893,0x1A79,0,116
20893,0x1AD0,200,226
20893,0x1AD1,253,237
20893,0x1AD3,8,50
20893,0x1AD4,140,143
20893,0x1AE4,182,184
20893,0x1AE7,4,2
20893,0x1AEC,61,56
20893,0x1AF0,2,1
20903,0x0004,4,6
20903,0x0020,233,217
20903,0x0022,139,142
20903,0x0024,6,7
20903,0x0069,133,143
20903,0x006B,63,73
20903,0x007B,138,143
20903,0x00AD,22,32
20903,0x00CD,179,194
20903,0x00CE,135,165
20903,0x00CF,127,177
20903,0x00D0,254,68
20903,0x0501,145,131
20903,0x0502,90,82
20903,0x0600,12,0
20903,0x0601,13,0
20903,0x0602,207,0
20903,0x0603,12,0
20903,0x0604,217,0
20903,0x0605,80,0
20903,0x0606,154,0
20903,0x0607,17,0
20903,0x0608,11,83
20903,0x0609,16,63
20903,0x060A,11,37
20903,0x060B,16,63
20903,0x060C,30,59
20903,0x060D,17,63
20903,0x060E,46,75
20903,0x060F,17,63
20903,0x0610,116,0
20903,0x0611,16,0
20903,0x0612,118,0
20903,0x0613,16,0
20903,0x0874,86,222
20903,0x0875,1,42
20903,0x0876,222,86
20903,0x0877,42,1
20903,0x0894,14,22
20903,0x0895,58,91
20903,0x0896,22,14
20903,0x0897,91,58
20903,0x0900,125,120
20903,0x0904,117,112
20903,0x0908,121,124
20903,0x090C,137,140
20903,0x0910,241,231
20903,0x0914,225,215
20903,0x0918,1,247
20903,0x091C,241,231
20903,0x0928,139,152
20903,0x0929,63,62
20903,0x092C,155,168
20903,0x092D,63,62
20903,0x0930,133,128
20903,0x0934,117,112
20903,0x0938,131,129
20903,0x0939,91,77
20903,0x093C,147,145
20903,0x093D,91,77
20903,0x0940,101,114
20903,0x0941,60,64
20903,0x0944,85,98
20903,0x0945,60,64
20903,0x0948,197,214
20903,0x094C,181,198
20903,0x0950,161,177
20903,0x0951,84,88
20903,0x0954,145,161
20903,0x0955,84,88
20903,0x0958,130,144
20903,0x0959,72,78
20903,0x095C,114,128
20903,0x095D,72,78
20903,0x0960,146,149
20903,0x0964,130,133
20903,0x0968,176,158
20903,0x096C,192,174
20903,0x0970,252,242
20903,0x0972,130,134
20903,0x0974,236,226
20903,0x0976,128,132
20903,0x0978,12,2
20903,0x097C,252,242
20903,0x0980,233,217
20903,0x0981,139,142
20903,0x0982,6,7
20903,0x0B01,186,170
20903,0x0B22,98,99
20903,0x0B24,197,199
20903,0x0B26,138,143
20903,0x0B28,20,30
20903,0x0B82,98,99
20903,0x0B84,197,199
20903,0x0B86,138,143
20903,0x0B88,20,30
20903,0x0F99,138,143
20903,0x0F9D,138,143
20903,0x0FD1,138,143
20903,0x0FF0,138,143
20903,0x16D0,167,15
20903,0x16D1,155,168
20903,0x16D3,15,235
20903,0x16D4,71,70
20903,0x16D6,14,70
20903,0x16D9,202,18
20903,0x16DA,255,0
20903,0x16DB,255,0
20903,0x16E6,217,207
20903,0x16F5,92,82
20903,0x16F8,5,21
20903,0x16F9,0,6
20903,0x16FA,158,161
20903,0x1711,133,128
20903,0x1738,36,26
20903,0x1751,133,128
20903,0x1775,8,14
20903,0x1779,16,6
20903,0x1790,255,9
20903,0x1791,147,145
20903,0x1793,15,157
20903,0x1794,99,85
20903,0x1796,46,18
20903,0x1797,255,0
20903,0x1798,255,0
20903,0x1799,26,134
20903,0x179A,255,254
20903,0x179C,25,14
20903,0x179D,233,18
20903,0x17A6,245,235
20903,0x17B5,120,110
20903,0x17B8,9,23
20903,0x17BA,153,158
20903,0x17D0,191,83
20903,0x17D1,101,114
20903,0x17D3,119,205
20903,0x17D4,68,72
20903,0x17D9,89,129
20903,0x17E6,192,182
20903,0x17F5,63,53
20903,0x17F8,23,13
20903,0x1810,210,218
20903,0x1811,197,214
20903,0x1826,125,115
20903,0x1835,116,106
20903,0x1838,44,34
20903,0x1850,149,128
20903,0x1851,161,177
20903,0x1853,188,79
20903,0x1854,92,96
20903,0x1856,135,165
20903,0x1859,108,78
20903,0x1866,147,137
20903,0x1875,33,23
20903,0x1878,16,6
20903,0x1890,176,7
20903,0x1891,130,144
20903,0x1893,191,230
20903,0x1894,80,86
20903,0x1896,69,99
20903,0x1899,174,144
20903,0x18A6,169,159
20903,0x18B5,55,45
20903,0x18B8,38,28
20903,0x18D0,64,96
20903,0x18D1,146,149
20903,0x18E6,3,2
20903,0x18F8,92,82
20903,0x1911,146,149
20903,0x1935,8,14
20903,0x1939,32,22
20903,0x1950,240,248
20903,0x1951,192,174
20903,0x1966,211,201
20903,0x1975,148,138
20903,0x1978,19,9
20903,0x1991,252,242
20903,0x19A4,247,249
20903,0x19A6,1,3
20903,0x19AD,12,43
20903,0x19B8,88,78
20903,0x19D1,252,242
20903,0x19F5,44,34
20903,0x19F9,100,90
20903,0x1A11,12,2
20903,0x1A26,2,1
20903,0x1A38,104,94
20903,0x1A51,12,2
20903,0x1A75,60,50
20903,0x1A79,116,106
20903,0x1AD0,226,252
20903,0x1AD1,237,221
20903,0x1AD3,50,92
20903,0x1AD4,143,146
20903,0x1AE4,184,182
20903,0x1AE6,1,2
20903,0x1AEC,56,61
20903,0x1AF0,1,3
20913,0x0000,127,116
20913,0x0001,249,146
20913,0x0002,4,2
20913,0x0004,6,10
20913,0x0020,217,232
20913,0x0021,127,0
20913,0x0022,142,188
20913,0x0024,7,136
20913,0x0026,34,45
20913,0x0028,34,44
20913,0x002A,1,128
20913,0x0069,143,153
20913,0x006B,73,83
20913,0x007B,143,148
20913,0x00AD,32,42
20913,0x00B7,33,32
20913,0x00CD,194,209
20913,0x00CE,165,195
20913,0x00CF,177,96
20913,0x00D0,68,138
20913,0x00D1,1,2
20913,0x0175,52,36
20913,0x0176,144,177
20913,0x0177,249,145
20913,0x0178,52,36
20913,0x01B9,192,0
20913,0x0501,131,133
20913,0x0508,81,25
20913,0x0509,81,84
20913,0x050B,20,4
20913,0x050F,130,146
20913,0x0510,82,90
20913,0x0512,40,24
20913,0x0516,144,82
20913,0x0517,90,81
20913,0x0519,32,44
20913,0x051D,80,132
20913,0x051E,81,82
20913,0x0520,52,64
20913,0x0604,0,62
20913,0x0605,0,63
20913,0x0606,0,63
20913,0x0607,0,63
20913,0x0608,83,84
20913,0x060A,37,38
20913,0x060C,59,60
20913,0x060E,75,76
20913,0x0610,0,88
20913,0x0611,0,63
20913,0x0612,0,88
20913,0x0613,0,63
20913,0x0614,0,144
20913,0x0615,0,90
20913,0x0616,23,160
20913,0x0617,13,90
20913,0x0618,0,13
20913,0x0619,0,13
20913,0x061A,26,207
20913,0x061B,13,12
20913,0x061C,18,95
20913,0x061D,13,16
20913,0x061E,34,153
20913,0x061F,13,17
20913,0x0620,5,11
20913,0x0621,13,16
20913,0x0622,220,11
20913,0x0623,12,16
20913,0x0624,236,31
20913,0x0625,12,17
20913,0x0626,252,47
20913,0x0627,12,17
20913,0x0628,0,116
20913,0x0629,0,16
20913,0x062A,0,117
20913,0x062B,0,16
20913,0x0630,82,0
20913,0x0631,63,0
20913,0x0632,36,27
20913,0x0633,63,13
20913,0x0634,58,19
20913,0x0635,63,13
20913,0x0636,74,35
20913,0x0637,63,13
20913,0x0638,0,6
20913,0x0639,0,13
20913,0x063A,0,221
20913,0x063B,0,12
20913,0x063C,17,237
20913,0x063D,13,12
20913,0x063E,33,253
20913,0x063F,13,12
20913,0x0640,4,0
20913,0x0641,13,0
20913,0x0642,219,0
20913,0x0643,12,0
20913,0x0644,235,0
20913,0x0645,12,0
20913,0x0646,251,0
20913,0x0647,12,0
20913,0x0648,0,82
20913,0x0649,0,63
20913,0x064A,0,36
20913,0x064B,0,63
20913,0x064C,0,58
20913,0x064D,0,63
20913,0x064E,0,74
20913,0x064F,0,63
20913,0x0650,82,0
20913,0x0651,63,0
20913,0x0652,36,0
20913,0x0653,63,0
20913,0x0874,222,86
20913,0x0875,42,1
20913,0x0876,86,222
20913,0x0877,1,42
20913,0x0894,22,14
20913,0x0895,91,58
20913,0x0896,14,22
20913,0x0897,58,91
20913,0x0900,120,115
20913,0x0904,112,107
20913,0x0908,124,127
20913,0x090C,140,143
20913,0x0910,231,221
20913,0x0914,215,205
20913,0x0918,247,237
20913,0x091C,231,221
20913,0x0928,152,164
20913,0x092C,168,180
20913,0x0930,128,123
20913,0x0934,112,107
20913,0x0938,129,132
20913,0x0939,77,66
20913,0x093C,145,148
20913,0x093D,77,66
20913,0x0940,114,126
20913,0x0941,64,70
20913,0x0944,98,110
20913,0x0945,64,70
20913,0x0948,214,231
20913,0x094C,198,215
20913,0x0950,177,194
20913,0x0951,88,89
20913,0x0954,161,178
20913,0x0955,88,89
20913,0x0958,144,158
20913,0x0959,78,83
20913,0x095C,128,142
20913,0x095D,78,83
20913,0x0960,149,152
20913,0x0964,133,136
20913,0x0968,158,141
20913,0x0969,96,95
20913,0x096A,2,6
20913,0x096C,174,157
20913,0x096D,96,95
20913,0x096E,0,4
20913,0x0970,242,232
20913,0x0974,226,216
20913,0x0978,2,248
20913,0x097A,134,138
20913,0x097C,242,232
20913,0x097E,132,136
20913,0x0981,142,224
20913,0x0B07,186,170
20913,0x0B08,1,0
20913,0x0B22,99,101
20913,0x0B24,199,202
20913,0x0B26,143,148
20913,0x0B28,30,40
20913,0x0B82,99,101
20913,0x0B84,199,202
20913,0x0B86,143,148
20913,0x0B88,30,40
20913,0x0F99,143,148
20913,0x0F9D,143,148
20913,0x0FD1,143,148
20913,0x0FF0,143,148
20913,0x16D0,15,203
20913,0x16D1,168,180
20913,0x16E6,207,197
20913,0x16F5,82,72
20913,0x16F8,21,11
20913,0x1711,128,123
20913,0x1738,26,16
20913,0x1751,128,123
20913,0x1775,14,4
20913,0x1779,6,44
20913,0x1790,9,191
20913,0x1791,145,148
20913,0x1793,157,183
20913,0x1794,85,74
20913,0x1796,18,158
20913,0x1799,134,58
20913,0x179A,254,255
20913,0x17A6,235,225
20913,0x17B5,110,100
20913,0x17B8,23,13
20913,0x17D0,83,231
20913,0x17D1,114,126
20913,0x17D3,205,179
20913,0x17D4,72,78
20913,0x17D9,129,169
20913,0x17E6,182,172
20913,0x17F5,53,43
20913,0x17F8,13,3
20913,0x1810,218,226
20913,0x1811,214,231
20913,0x1826,115,105
20913,0x1835,106,96
20913,0x1838,34,24
20913,0x1850,128,106
20913,0x1851,177,194
20913,0x1853,79,168
20913,0x1854,96,97
20913,0x1856,165,180
20913,0x1859,78,63
20913,0x1866,137,127
20913,0x1875,23,13
20913,0x1878,6,46
20913,0x1879,0,6
20913,0x187A,138,141
20913,0x1890,7,138
20913,0x1891,144,158
20913,0x1893,230,225
20913,0x1894,86,91
20913,0x1896,99,129
20913,0x1899,144,114
20913,0x18A6,159,149
20913,0x18B5,45,35
20913,0x18B8,28,18
20913,0x18D0,96,128
20913,0x18D1,149,152
20913,0x18E6,2,1
20913,0x18F8,82,72
20913,0x1911,149,152
20913,0x1935,14,4
20913,0x1939,22,12
20913,0x1950,248,75
20913,0x1951,174,157
20913,0x1953,0,187
20913,0x1954,104,103
20913,0x1956,52,102
20913,0x1959,0,210
20913,0x195A,0,255
20913,0x195B,0,255
20913,0x195C,0,25
20913,0x195D,0,233
20913,0x1962,220,217
20913,0x1964,222,219
20913,0x1966,201,253
20913,0x196C,124,111
20913,0x196D,12,43
20913,0x1975,138,128
20913,0x1978,9,17
20913,0x1979,6,0
20913,0x197A,148,153
20913,0x1991,242,232
20913,0x19A6,3,2
20913,0x19B8,78,68
20913,0x19D1,242,232
20913,0x19F5,34,24
20913,0x19F9,90,80
20913,0x1A11,2,248
20913,0x1A12,1,0
20913,0x1A24,249,251
20913,0x1A26,1,3
20913,0x1A2C,147,138
20913,0x1A38,94,84
20913,0x1A51,2,248
20913,0x1A52,1,0
20913,0x1A75,50,40
20913,0x1A79,106,96
20913,0x1AC0,204,0
20913,0x1AD0,252,101
20913,0x1AD1,221,220
20913,0x1AD3,92,173
20913,0x1AF0,3,2
20923,0x0004,10,12
20923,0x0020,232,222
20923,0x0069,153,163
20923,0x006B,83,93
20923,0x007B,148,153
20923,0x00AD,42,52
20923,0x00BA,196,184
20923,0x00BF,176,184
20923,0x00C2,14,15
20923,0x00CD,209,224
20923,0x00CE,195,225
20923,0x00CF,96,146
20923,0x00D0,138,208
20923,0x0176,177,202
20923,0x0178,36,164
20923,0x02FD,41,39
20923,0x0501,133,147
20923,0x0502,82,90
20923,0x0508,25,83
20923,0x0509,84,81
20923,0x050B,4,20
20923,0x050F,146,134
20923,0x0510,90,82
20923,0x0512,24,40
20923,0x0600,0,14
20923,0x0601,0,13
20923,0x0602,0,207
20923,0x0603,0,12
20923,0x0604,62,217
20923,0x0605,63,16
20923,0x0606,63,154
20923,0x0607,63,17
20923,0x0608,84,11
20923,0x0609,63,16
20923,0x060A,38,11
20923,0x060B,63,16
20923,0x060C,60,29
20923,0x060D,63,17
20923,0x060E,76,45
20923,0x060F,63,17
20923,0x0610,88,116
20923,0x0611,63,16
20923,0x0612,88,118
20923,0x0613,63,16
20923,0x0614,144,0
20923,0x0615,90,0
20923,0x0616,160,0
20923,0x0617,90,0
20923,0x0618,13,0
20923,0x0619,13,0
20923,0x061A,207,0
20923,0x061B,12,0
20923,0x061C,95,0
20923,0x061D,16,0
20923,0x061E,153,0
20923,0x061F,17,0
20923,0x0620,11,0
20923,0x0621,16,0
20923,0x0622,11,222
20923,0x0623,16,12
20923,0x0624,31,238
20923,0x0625,17,12
20923,0x0626,47,254
20923,0x0627,17,12
20923,0x0628,116,0
20923,0x0629,16,0
20923,0x062A,117,0
20923,0x062B,16,0
20923,0x062C,0,48
20923,0x062D,0,63
20923,0x062E,0,64
20923,0x062F,0,63
20923,0x0630,0,80
20923,0x0631,0,63
20923,0x0632,27,34
20923,0x0633,13,63
20923,0x0634,19,56
20923,0x0635,13,63
20923,0x0636,35,72
20923,0x0637,13,63
20923,0x0638,6,56
20923,0x0639,13,63
20923,0x063A,221,72
20923,0x063B,12,63
20923,0x0874,86,222
20923,0x0875,1,42
20923,0x0876,222,86
20923,0x0877,42,1
20923,0x0894,14,22
20923,0x0895,58,91
20923,0x0896,22,14
20923,0x0897,91,58
20923,0x0900,115,110
20923,0x0904,107,102
20923,0x0908,127,130
20923,0x090C,143,146
20923,0x0910,221,211
20923,0x0914,205,195
20923,0x0918,237,227
20923,0x091C,221,211
20923,0x0928,164,177
20923,0x092C,180,193
20923,0x0930,123,118
20923,0x0934,107,102
20923,0x0938,132,141
20923,0x0939,66,62
20923,0x093C,148,157
20923,0x093D,66,62
20923,0x0940,126,139
20923,0x0941,70,77
20923,0x0944,110,123
20923,0x0945,70,77
20923,0x0948,231,248
20923,0x094C,215,232
20923,0x0950,194,211
20923,0x0954,178,195
20923,0x0958,158,174
20923,0x0959,83,87
20923,0x095C,142,158
20923,0x095D,83,87
20923,0x0960,152,155
20923,0x0962,130,138
20923,0x0964,136,139
20923,0x0966,128,136
20923,0x0968,141,130
20923,0x0969,95,88
20923,0x096C,157,146
20923,0x096D,95,88
20923,0x0970,232,222
20923,0x0974,216,206
20923,0x0978,248,238
20923,0x097C,232,222
20923,0x0B22,101,102
20923,0x0B24,202,204
20923,0x0B26,148,153
20923,0x0B28,40,50
20923,0x0B82,101,102
20923,0x0B84,202,204
20923,0x0B86,148,153
20923,0x0B88,40,50
20923,0x0F99,148,153
20923,0x0F9D,148,153
20923,0x0FD1,148,153
20923,0x0FF0,148,153
20923,0x16D0,203,135
20923,0x16D1,180,193
20923,0x16E6,197,187
20923,0x16F5,72,62
20923,0x16F8,11,1
20923,0x1711,123,118
20923,0x1738,16,6
20923,0x1751,123,118
20923,0x1775,4,10
20923,0x1779,44,34
20923,0x1790,191,237
20923,0x1791,148,157
20923,0x1793,183,217
20923,0x1794,74,70
20923,0x1796,158,42
20923,0x1797,0,1
20923,0x1799,58,238
20923,0x17A6,225,215
20923,0x17B5,100,90
20923,0x17B8,13,3
20923,0x17D1,126,139
20923,0x17D3,179,45
20923,0x17D4,78,85
20923,0x17D6,66,90
20923,0x17D9,169,153
20923,0x17DC,5,3
20923,0x17DD,4,253
20923,0x17E6,172,162
20923,0x17F5,43,33
20923,0x17F8,3,31
20923,0x17F9,2,0
20923,0x17FA,133,138
20923,0x1810,226,234
20923,0x1811,231,248
20923,0x1826,105,95
20923,0x1835,96,86
20923,0x1838,24,14
20923,0x1850,106,114
20923,0x1851,194,211
20923,0x1866,127,117
20923,0x1875,13,3
20923,0x1878,46,36
20923,0x1890,138,57
20923,0x1891,158,174
20923,0x1893,225,176
20923,0x1894,91,95
20923,0x1896,129,159
20923,0x1899,114,84
20923,0x18A6,149,139
20923,0x18B5,35,25
20923,0x18B8,18,8
20923,0x18D0,128,160
20923,0x18D1,152,155
20923,0x18E4,81,83
20923,0x18E6,1,3
20923,0x18EC,147,138
20923,0x18ED,12,43
20923,0x18F8,72,62
20923,0x1911,152,155
20923,0x1935,4,10
20923,0x1939,12,2
20923,0x1950,75,166
20923,0x1951,157,146
20923,0x1953,187,254
20923,0x1954,103,96
20923,0x1956,102,96
20923,0x1957,254,255
20923,0x1959,210,236
20923,0x195A,255,254
20923,0x1966,253,243
20923,0x1975,128,118
20923,0x1978,17,7
20923,0x1991,232,222
20923,0x19A6,2,1
20923,0x19B8,68,58
20923,0x19D1,232,222
20923,0x19F5,24,14
20923,0x19F9,80,70
20923,0x1A11,248,238
20923,0x1A26,3,2
20923,0x1A38,84,74
20923,0x1A51,248,238
20923,0x1A75,40,30
20923,0x1A79,96,86
20933,0x0000,116,127
20933,0x0001,146,249
20933,0x0002,2,4
20933,0x0004,12,14
20933,0x0020,222,198
20933,0x0022,188,95
20933,0x0024,136,7
20933,0x0026,45,34
20933,0x0028,44,34
20933,0x0029,0,1
20933,0x002A,128,0
20933,0x002C,112,128
20933,0x0069,163,173
20933,0x006B,93,103
20933,0x007B,153,158
20933,0x00AD,52,62
20933,0x00B7,32,34
20933,0x00CD,224,239
20933,0x00CE,225,213
20933,0x00CF,146,196
20933,0x00D0,208,178
20933,0x00D1,2,1
20933,0x016E,192,64
20933,0x016F,21,24
20933,0x0170,170,36
20933,0x0171,76,192
20933,0x0175,36,52
20933,0x0176,202,144
20933,0x0177,145,249
20933,0x0178,164,52
20933,0x01BA,26,27
20933,0x0501,147,135
20933,0x0502,90,82
20933,0x0600,14,0
20933,0x0601,13,0
20933,0x0602,207,0
20933,0x0603,12,0
20933,0x0604,217,49
20933,0x0605,16,63
20933,0x0606,154,65
20933,0x0607,17,63
20933,0x0608,11,81
20933,0x0609,16,63
20933,0x060A,11,35
20933,0x060B,16,63
20933,0x060C,29,57
20933,0x060D,17,63
20933,0x060E,45,73
20933,0x060F,17,63
20933,0x0610,116,57
20933,0x0611,16,63
20933,0x0612,118,73
20933,0x0613,16,63
20933,0x0874,222,86
20933,0x0875,42,1
20933,0x0876,86,222
20933,0x0877,1,42
20933,0x0894,22,14
20933,0x0895,91,58
20933,0x0896,14,22
20933,0x0897,58,91
20933,0x0900,110,108
20933,0x0904,102,100
20933,0x0908,130,133
20933,0x090C,146,149
20933,0x0910,211,201
20933,0x0914,195,185
20933,0x0918,227,217
20933,0x091C,211,201
20933,0x0928,177,187
20933,0x0929,62,68
20933,0x092A,6,2
20933,0x092C,193,203
20933,0x092D,62,68
20933,0x092E,4,0
20933,0x0930,118,116
20933,0x0932,130,138
20933,0x0934,102,100
20933,0x0936,128,136
20933,0x0938,141,154
20933,0x093C,157,170
20933,0x0940,139,154
20933,0x0941,77,82
20933,0x0944,123,138
20933,0x0945,77,82
20933,0x0948,248,9
20933,0x094C,232,249
20933,0x0950,211,228
20933,0x0954,195,212
20933,0x0958,174,191
20933,0x0959,87,89
20933,0x095C,158,175
20933,0x095D,87,89
20933,0x0960,155,158
20933,0x0964,139,142
20933,0x0968,130,129
20933,0x0969,88,74
20933,0x096C,146,145
20933,0x096D,88,74
20933,0x0970,222,212
20933,0x0972,134,138
20933,0x0974,206,196
20933,0x0976,132,136
20933,0x0978,238,228
20933,0x097C,222,212
20933,0x0980,217,125
20933,0x0981,224,150
20933,0x0982,7,6
20933,0x0984,175,198
20933,0x0985,224,95
20933,0x0986,104,7
20933,0x0987,61,34
20933,0x0B04,170,186
20933,0x0B22,102,103
20933,0x0B24,204,207
20933,0x0B26,153,158
20933,0x0B28,50,60
20933,0x0B82,102,103
20933,0x0B84,204,207
20933,0x0B86,153,158
20933,0x0B88,50,60
20933,0x0F99,153,158
20933,0x0F9D,153,158
20933,0x0FD1,153,158
20933,0x0FF0,153,158
20933,0x16D0,135,175
20933,0x16D1,193,203
20933,0x16D3,235,144
20933,0x16D4,70,76
20933,0x16D6,70,206
20933,0x16D7,1,0
20933,0x16D9,18,248
20933,0x16DC,14,244
20933,0x16DD,18,23
20933,0x16E2,217,220
20933,0x16E4,219,222
20933,0x16E6,187,245
20933,0x16EC,111,124
20933,0x16ED,43,12
20933,0x16F5,62,52
20933,0x16F8,1,9
20933,0x16F9,6,0
20933,0x16FA,161,166
20933,0x1700,216,200
20933,0x1701,219,25
20933,0x1710,0,64
20933,0x1711,118,116
20933,0x1716,0,80
20933,0x1717,255,0
20933,0x1718,255,0
20933,0x1722,245,79
20933,0x1723,9,15
20933,0x1724,247,83
20933,0x1725,9,15
20933,0x172C,147,138
20933,0x172D,12,43
20933,0x1738,6,124
20933,0x1751,118,116
20933,0x1775,10,16
20933,0x1779,34,24
20933,0x1790,237,155
20933,0x1791,157,170
20933,0x1793,217,235
20933,0x1796,42,70
20933,0x1799,238,18
20933,0x179A,255,0
20933,0x179B,255,0
20933,0x17A6,215,205
20933,0x17B5,90,80
20933,0x17B8,3,19
20933,0x17B9,0,6
20933,0x17BA,158,161
20933,0x17D0,231,16
20933,0x17D1,139,154
20933,0x17D3,45,130
20933,0x17D4,85,90
20933,0x17D6,90,120
20933,0x17D9,153,123
20933,0x17E6,162,152
20933,0x17F5,33,23
20933,0x17F8,31,21
20933,0x1810,234,242
20933,0x1811,248,9
20933,0x1812,0,1
20933,0x1826,95,85
20933,0x1835,86,76
20933,0x1838,14,4
20933,0x1850,114,122
20933,0x1851,211,228
20933,0x1866,117,107
20933,0x1875,3,73
20933,0x1878,36,26
20933,0x1890,57,2
20933,0x1891,174,191
20933,0x1893,176,168
20933,0x1894,95,97
20933,0x1896,159,180
20933,0x1899,84,63
20933,0x18A6,139,129
20933,0x18B5,25,15
20933,0x18B8,8,48
20933,0x18B9,0,6
20933,0x18BA,138,141
20933,0x18D0,160,192
20933,0x18D1,155,158
20933,0x18E6,3,2
20933,0x18F8,62,52
20933,0x1911,155,158
20933,0x1935,10,16
20933,0x1939,2,111
20933,0x1950,166,87
20933,0x1951,146,145
20933,0x1953,254,223
20933,0x1954,96,82
20933,0x1956,96,46
20933,0x1957,255,0
20933,0x1958,255,0
20933,0x1959,236,170
20933,0x195C,25,14
20933,0x195D,233,18
20933,0x1966,243,233
20933,0x1975,118,108
20933,0x1978,7,21
20933,0x197A,153,158
20933,0x1991,222,212
20933,0x19A4,249,251
20933,0x19A6,1,3
20933,0x19AC,147,138
20933,0x19B8,58,48
20933,0x19D1,222,212
20933,0x19F5,14,4
20933,0x19F9,70,60
20933,0x1A11,238,228
20933,0x1A26,2,1
20933,0x1A38,74,64
20933,0x1A51,238,228
20933,0x1A75,30,20
20933,0x1A79,86,76
20933,0x1AC0,0,204
20933,0x1ACD,23,28
20933,0x1AD0,101,208
20933,0x1AD1,220,129
20933,0x1AD2,255,0
20933,0x1AD3,173,208
20933,0x1AD4,146,154
20933,0x1AE4,182,184
20933,0x1AE6,2,1
20933,0x1AEC,61,56
20933,0x1AF0,2,1
20933,0x1B00,0,204
20933,0x1B0D,9,23
20933,0x1B10,175,223
20933,0x1B11,37,202
20933,0x1B12,1,0
20933,0x1B13,121,55
20933,0x1B14,146,99
20933,0x1B26,2,1
20943,0x0004,14,16
20943,0x0020,198,182
20943,0x0022,95,98
20943,0x0024,7,6
20943,0x0026,34,36
20943,0x0028,34,36
20943,0x0029,1,0
20943,0x002C,128,112
20943,0x0069,173,183
20943,0x006B,103,113
20943,0x007B,158,163
20943,0x00AD,62,72
20943,0x00B7,34,32
20943,0x00CA,7,6
20943,0x00CD,239,254
20943,0x00CE,213,243
20943,0x00CF,196,246
20943,0x00D0,178,248
20943,0x0171,192,64
20943,0x0176,144,165
20943,0x0178,52,180
20943,0x0501,135,205
20943,0x0502,82,93
20943,0x0503,20,8
20943,0x0508,83,90
20943,0x0509,81,94
20943,0x050A,20,4
20943,0x050B,20,8
20943,0x050F,134,26
20943,0x0510,82,84
20943,0x0512,40,12
20943,0x0516,82,148
20943,0x0517,81,90
20943,0x0519,44,32
20943,0x051D,132,84
20943,0x051E,82,81
20943,0x0520,64,52
20943,0x0524,128,136
20943,0x0600,0,94
20943,0x0601,0,8
20943,0x0602,0,29
20943,0x0603,0,8
20943,0x0604,49,45
20943,0x0605,63,8
20943,0x0606,65,61
20943,0x0607,63,8
20943,0x0608,81,116
20943,0x0609,63,16
20943,0x060A,35,117
20943,0x060B,63,16
20943,0x060C,57,0
20943,0x060D,63,0
20943,0x060E,73,0
20943,0x060F,63,0
20943,0x0610,57,0
20943,0x0611,63,0
20943,0x0612,73,180
20943,0x0613,63,26
20943,0x0614,0,157
20943,0x0615,0,26
20943,0x0616,0,107
20943,0x0617,0,24
20943,0x0620,0,15
20943,0x0621,0,13
20943,0x0622,222,246
20943,0x0624,238,95
20943,0x0625,12,16
20943,0x0626,254,153
20943,0x0627,12,17
20943,0x0628,0,11
20943,0x0629,0,16
20943,0x062A,0,11
20943,0x062B,0,16
20943,0x062C,48,38
20943,0x062D,63,17
20943,0x062E,64,40
20943,0x062F,63,17
20943,0x0630,80,116
20943,0x0631,63,16
20943,0x0632,34,117
20943,0x0633,63,16
20943,0x0634,56,0
20943,0x0635,63,0
20943,0x0636,72,0
20943,0x0637,63,0
20943,0x0638,56,0
20943,0x0639,63,0
20943,0x063A,72,0
20943,0x063B,63,0
20943,0x063C,237,0
20943,0x063D,12,0
20943,0x063E,253,0
20943,0x063F,12,0
20943,0x0642,0,223
20943,0x0643,0,12
20943,0x0644,0,239
20943,0x0645,0,12
20943,0x0646,0,255
20943,0x0647,0,12
20943,0x0648,82,0
20943,0x0649,63,0
20943,0x064A,36,0
20943,0x064B,63,0
20943,0x064C,58,0
20943,0x064D,63,0
20943,0x064E,74,0
20943,0x064F,63,0
20943,0x0650,0,82
20943,0x0651,0,63
20943,0x0652,0,36
20943,0x0653,0,63
20943,0x0874,86,222
20943,0x0875,1,42
20943,0x0876,222,86
20943,0x0877,42,1
20943,0x0894,14,22
20943,0x0895,58,91
20943,0x0896,22,14
20943,0x0897,91,58
20943,0x0900,108,111
20943,0x0904,100,103
20943,0x0908,133,136
20943,0x090C,149,152
20943,0x0910,201,192
20943,0x0912,142,162
20943,0x0914,185,176
20943,0x0916,140,160
20943,0x0918,217,207
20943,0x091C,201,191
20943,0x0928,187,193
20943,0x0929,68,82
20943,0x092C,203,209
20943,0x092D,68,82
20943,0x0930,116,119
20943,0x0934,100,103
20943,0x0938,154,167
20943,0x093C,170,183
20943,0x0940,154,169
20943,0x0941,82,86
20943,0x0944,138,153
20943,0x0945,82,86
20943,0x0948,9,245
20943,0x094C,249,229
20943,0x0950,228,208
20943,0x0954,212,192
20943,0x0958,191,161
20943,0x0959,89,176
20943,0x095A,2,138
20943,0x095B,39,45
20943,0x095C,175,145
20943,0x095D,89,176
20943,0x095E,0,136
20943,0x095F,39,45
20943,0x0960,158,134
20943,0x0961,176,65
20943,0x0962,138,6
20943,0x0963,45,105
20943,0x0964,142,150
20943,0x0965,176,65
20943,0x0966,136,4
20943,0x0967,45,105
20943,0x0968,129,202
20943,0x0969,74,176
20943,0x096A,6,138
20943,0x096B,105,45
20943,0x096C,145,186
20943,0x096D,74,176
20943,0x096E,4,136
20943,0x096F,105,45
20943,0x0970,212,218
20943,0x0971,176,188
20943,0x0972,138,130
20943,0x0974,196,202
20943,0x0975,176,188
20943,0x0976,136,128
20943,0x0978,228,114
20943,0x0979,188,139
20943,0x097A,138,7
20943,0x097B,45,34
20943,0x097C,212,182
20943,0x097D,188,98
20943,0x097E,136,6
20943,0x097F,45,36
20943,0x0980,125,96
20943,0x0981,150,224
20943,0x0982,6,2
20943,0x0983,34,32
20943,0x0984,198,80
20943,0x0985,95,224
20943,0x0986,7,0
20943,0x0987,34,32
20943,0x0B04,186,170
20943,0x0B07,170,10
20943,0x0B22,103,104
20943,0x0B24,207,209
20943,0x0B26,158,163
20943,0x0B28,60,70
20943,0x0B82,103,104
20943,0x0B84,207,209
20943,0x0B86,158,163
20943,0x0B88,60,70
20943,0x0F99,158,163
20943,0x0F9D,158,163
20943,0x0FD1,158,163
20943,0x0FF0,158,163
20943,0x16D0,175,9
20943,0x16D1,203,209
20943,0x16D3,144,194
20943,0x16D4,76,90
20943,0x16D6,206,66
20943,0x16D9,248,148
20943,0x16DA,0,1
20943,0x16DC,244,234
20943,0x16DD,23,242
20943,0x16E6,245,235
20943,0x16F5,52,42
20943,0x16F8,9,23
20943,0x16FA,166,171
20943,0x1710,64,96
20943,0x1711,116,119
20943,0x1726,2,1
20943,0x1738,124,114
20943,0x1751,116,119
20943,0x1775,16,6
20943,0x1779,24,14
20943,0x1790,155,87
20943,0x1791,170,183
20943,0x17A6,205,195
20943,0x17B5,80,70
20943,0x17B8,19,9
20943,0x17D0,16,101
20943,0x17D1,154,169
20943,0x17D3,130,171
20943,0x17D4,90,94
20943,0x17D6,120,150
20943,0x17D9,123,93
20943,0x17E6,152,142
20943,0x17F5,23,13
20943,0x17F8,21,11
20943,0x1800,200,0
20943,0x1810,242,14
20943,0x1811,9,15
20943,0x1826,85,82
20943,0x1835,76,72
20943,0x1838,4,0
20943,0x1850,122,130
20943,0x1851,228,245
20943,0x1866,107,97
20943,0x1875,73,63
20943,0x1878,26,16
20943,0x1890,2,10
20943,0x1891,191,208
20943,0x18A6,129,119
20943,0x18B5,15,5
20943,0x18B8,48,38
20943,0x18D0,192,224
20943,0x18D1,158,161
20943,0x18E6,2,1
20943,0x18F8,52,42
20943,0x1911,158,161
20943,0x1935,16,6
20943,0x1939,111,101
20943,0x1950,87,37
20943,0x1951,145,150
20943,0x1953,223,97
20943,0x1954,82,73
20943,0x1956,46,186
20943,0x1959,170,94
20943,0x195A,254,255
20943,0x1966,233,223
20943,0x1975,108,98
20943,0x1978,21,11
20943,0x1991,212,202
20943,0x19A6,3,2
20943,0x19B8,48,38
20943,0x19CD,0,1
20943,0x19D1,212,202
20943,0x19E2,223,196
20943,0x19E4,225,198
20943,0x19EC,221,212
20943,0x19F5,4,10
20943,0x19F9,60,50
20943,0x1A11,228,218
20943,0x1A24,251,247
20943,0x1A26,1,3
20943,0x1A2C,138,147
20943,0x1A2D,43,12
20943,0x1A38,64,54
20943,0x1A51,228,218
20943,0x1A75,20,10
20943,0x1A79,76,66
20943,0x1AD0,208,84
20943,0x1AD1,129,118
20943,0x1AD3,208,84
20943,0x1AD4,154,143
20943,0x1AE4,184,182
20943,0x1AE6,1,2
20943,0x1AEC,56,61
20943,0x1AF0,1,3
20943,0x1B10,223,249
20943,0x1B11,202,186
20943,0x1B13,55,97
20943,0x1B14,99,102
20943,0x1B24,182,184
20943,0x1B27,2,4
20943,0x1B2C,61,56
20943,0x1B30,2,1
20953,0x0004,16,20
20953,0x0020,182,167
20953,0x0022,98,101
20953,0x0024,6,7
20953,0x0025,2,0
20953,0x0029,0,2
20953,0x002B,0,3
20953,0x002C,112,224
20953,0x0069,183,193
20953,0x006B,113,123
20953,0x007B,163,168
20953,0x00AD,72,82
20953,0x00CD,254,13
20953,0x00CE,243,18
20953,0x00CF,246,255
20953,0x00D0,248,63
20953,0x00D1,1,2
20953,0x0171,64,76
20953,0x0172,54,0
20953,0x0173,173,64
20953,0x0174,178,26
20953,0x0176,165,144
20953,0x0178,180,52
20953,0x02FD,39,41
20953,0x0501,205,149
20953,0x0502,93,90
20953,0x0503,8,20
20953,0x0508,90,85
20953,0x0509,94,81
20953,0x050A,4,20
20953,0x050B,8,20
20953,0x050F,26,138
20953,0x0510,84,82
20953,0x0512,12,40
20953,0x0600,94,248
20953,0x0601,8,12
20953,0x0602,29,247
20953,0x0603,8,12
20953,0x0604,45,217
20953,0x0605,8,16
20953,0x0606,61,154
20953,0x0607,8,17
20953,0x0608,116,11
20953,0x060A,117,11
20953,0x060C,0,38
20953,0x060D,0,17
20953,0x060E,0,41
20953,0x060F,0,17
20953,0x0610,0,116
20953,0x0611,0,16
20953,0x0612,180,118
20953,0x0613,26,16
20953,0x0614,157,0
20953,0x0615,26,0
20953,0x0616,107,0
20953,0x0617,24,0
20953,0x0620,15,0
20953,0x0621,13,0
20953,0x0622,246,0
20953,0x0623,12,13
20953,0x0624,95,1
20953,0x0625,16,13
20953,0x0626,153,2
20953,0x0627,17,13
20953,0x0628,11,0
20953,0x0629,16,0
20953,0x062A,11,0
20953,0x062B,16,0
20953,0x062C,38,0
20953,0x062D,17,0
20953,0x062E,40,0
20953,0x062F,17,0
20953,0x0630,116,82
20953,0x0631,16,63
20953,0x0632,117,69
20953,0x0633,16,63
20953,0x0634,0,85
20953,0x0635,0,63
20953,0x0636,0,39
20953,0x0637,0,63
20953,0x0874,222,86
20953,0x0875,42,1
20953,0x0876,86,222
20953,0x0877,1,42
20953,0x0894,22,14
20953,0x0895,91,58
20953,0x0896,14,22
20953,0x0897,58,91
20953,0x0900,111,114
20953,0x0904,103,106
20953,0x0908,136,140
20953,0x090C,152,156
20953,0x0910,192,182
20953,0x0914,176,166
20953,0x0918,207,198
20953,0x091A,142,162
20953,0x091C,191,182
20953,0x091E,140,160
20953,0x0928,193,190
20953,0x0929,82,95
20953,0x092C,209,206
20953,0x092D,82,95
20953,0x0930,119,122
20953,0x0932,138,134
20953,0x0934,103,106
20953,0x0936,136,132
20953,0x0938,167,179
20953,0x0939,62,63
20953,0x093A,6,2
20953,0x093C,183,195
20953,0x093D,62,63
20953,0x093E,4,0
20953,0x0940,169,185
20953,0x0941,86,89
20953,0x0944,153,169
20953,0x0945,86,89
20953,0x0948,245,6
20953,0x094C,229,246
20953,0x0950,208,225
20953,0x0954,192,209
20953,0x0958,161,165
20953,0x095A,138,134
20953,0x095C,145,149
20953,0x095E,136,132
20953,0x0960,134,144
20953,0x0961,65,62
20953,0x0964,150,160
20953,0x0965,65,62
20953,0x0968,202,192
20953,0x096C,186,176
20953,0x0970,218,208
20953,0x0974,202,192
20953,0x0978,114,102
20953,0x0979,139,127
20953,0x097B,34,36
20953,0x097C,182,167
20953,0x097D,98,101
20953,0x097E,6,7
20953,0x0B04,170,186
20953,0x0B22,104,106
20953,0x0B24,209,212
20953,0x0B26,163,168
20953,0x0B28,70,80
20953,0x0B82,104,106
20953,0x0B84,209,212
20953,0x0B86,163,168
20953,0x0B88,70,80
20953,0x0F99,163,168
20953,0x0F9D,163,168
20953,0x0FD1,163,168
20953,0x0FF0,163,168
20953,0x16D0,9,227
20953,0x16D1,209,206
20953,0x16D3,194,136
20953,0x16D4,90,103
20953,0x16D6,66,102
20953,0x16D7,0,255
20953,0x16D8,0,255
20953,0x16D9,148,8
20953,0x16E6,235,225
20953,0x16F5,42,32
20953,0x16F8,23,13
20953,0x1710,96,128
20953,0x1711,119,122
20953,0x1724,83,85
20953,0x1726,1,3
20953,0x172C,138,147
20953,0x1738,114,104
20953,0x1751,119,122
20953,0x1775,6,12
20953,0x1779,14,4
20953,0x1790,87,239
20953,0x1791,183,195
20953,0x1793,235,84
20953,0x1794,70,71
20953,0x1796,70,46
20953,0x1799,18,64
20953,0x179C,14,244
20953,0x179D,18,23
20953,0x17A2,217,220
20953,0x17A4,219,222
20953,0x17A6,195,253
20953,0x17AC,111,124
20953,0x17AD,43,12
20953,0x17B5,70,60
20953,0x17B8,9,17
20953,0x17B9,6,0
20953,0x17BA,161,166
20953,0x17D0,101,230
20953,0x17D1,169,185
20953,0x17D3,171,168
20953,0x17D4,94,97
20953,0x17D6,150,180
20953,0x17D9,93,63
20953,0x17E6,142,132
20953,0x17F5,13,3
20953,0x17F8,11,1
20953,0x1850,130,138
20953,0x1851,245,6
20953,0x1852,0,1
20953,0x1866,97,87
20953,0x1875,63,53
20953,0x1878,16,6
20953,0x1890,10,18
20953,0x1891,208,225
20953,0x18A6,119,109
20953,0x18B5,5,75
20953,0x18B8,38,28
20953,0x18D0,224,0
20953,0x18D1,161,165
20953,0x18E4,83,85
20953,0x18E6,1,3
20953,0x18EC,138,147
20953,0x18F8,42,32
20953,0x1911,161,165
20953,0x1935,6,12
20953,0x1939,101,91
20953,0x1950,37,107
20953,0x1951,150,160
20953,0x1953,97,235
20953,0x1954,73,70
20953,0x1956,186,70
20953,0x1957,0,1
20953,0x1959,94,18
20953,0x195A,255,0
20953,0x195B,255,0
20953,0x1966,223,213
20953,0x1975,98,88
20953,0x1978,11,1
20953,0x1991,202,192
20953,0x19A6,2,1
20953,0x19B8,38,28
20953,0x19D1,202,192
20953,0x19F5,10,16
20953,0x19F9,50,40
20953,0x1A11,218,208
20953,0x1A26,3,2
20953,0x1A38,54,44
20953,0x1A4D,0,1
20953,0x1A51,218,208
20953,0x1A62,223,196
20953,0x1A64,225,198
20953,0x1A6C,221,212
20953,0x1A75,10,16
20953,0x1A79,66,56
20953,0x1AD0,84,216
20953,0x1AD1,118,106
20953,0x1AD3,84,216
20953,0x1AD4,143,131
20953,0x1AE6,2,1
20953,0x1AE7,2,4
20953,0x1AF0,3,2
20953,0x1B10,249,19
20953,0x1B11,186,171
20953,0x1B13,97,139
20953,0x1B14,102,105
20953,0x1B24,184,182
20953,0x1B26,1,2
20953,0x1B2C,56,61
20953,0x1B30,1,3
20963,0x0004,20,22
20963,0x0020,167,104
20963,0x0022,101,158
20963,0x0025,0,2
20963,0x0026,36,34
20963,0x0028,36,34
20963,0x0029,2,0
20963,0x002B,3,0
20963,0x002C,224,112
20963,0x0069,193,203
20963,0x006B,123,133
20963,0x007B,168,173
20963,0x00AD,82,92
20963,0x00B7,32,31
20963,0x00CA,6,5
20963,0x00CD,13,151
20963,0x00CE,18,48
20963,0x00CF,255,49
20963,0x00D0,63,67
20963,0x00D1,2,1
20963,0x0172,0,54
20963,0x0173,64,173
20963,0x0174,26,178
20963,0x0178,52,244
20963,0x01B9,0,64
20963,0x0501,149,139
20963,0x0502,90,82
20963,0x0600,248,0
20963,0x0601,12,0
20963,0x0602,247,0
20963,0x0603,12,0
20963,0x0604,217,0
20963,0x0605,16,0
20963,0x0606,154,0
20963,0x0607,17,0
20963,0x0608,11,0
20963,0x0609,16,0
20963,0x060A,11,70
20963,0x060B,16,63
20963,0x060C,38,86
20963,0x060D,17,63
20963,0x060E,41,40
20963,0x060F,17,63
20963,0x0610,116,0
20963,0x0611,16,0
20963,0x0612,118,0
20963,0x0613,16,0
20963,0x0874,86,222
20963,0x0875,1,42
20963,0x0876,222,86
20963,0x0877,42,1
20963,0x0894,14,22
20963,0x0895,58,91
20963,0x0896,22,14
20963,0x0897,91,58
20963,0x0900,114,117
20963,0x0904,106,109
20963,0x0908,140,142
20963,0x090C,156,158
20963,0x0910,182,172
20963,0x0914,166,156
20963,0x0918,198,188
20963,0x091C,182,172
20963,0x0928,190,180
20963,0x0929,95,102
20963,0x092C,206,196
20963,0x092D,95,102
20963,0x0930,122,125
20963,0x0934,106,109
20963,0x0938,179,189
20963,0x0939,63,70
20963,0x093C,195,205
20963,0x093D,63,70
20963,0x0940,185,202
20963,0x0944,169,186
20963,0x0948,6,242
20963,0x094C,246,226
20963,0x0950,225,167
20963,0x0951,89,176
20963,0x0952,2,138
20963,0x0953,39,45
20963,0x0954,209,151
20963,0x0955,89,176
20963,0x0956,0,136
20963,0x0957,39,45
20963,0x0958,165,157
20963,0x0959,176,62
20963,0x095A,134,6
20963,0x095B,45,105
20963,0x095C,149,173
20963,0x095D,176,62
20963,0x095E,132,4
20963,0x095F,45,105
20963,0x0960,144,182
20963,0x0961,62,176
20963,0x0962,6,130
20963,0x0963,105,45
20963,0x0964,160,166
20963,0x0965,62,176
20963,0x0966,4,128
20963,0x0967,105,45
20963,0x0968,192,198
20963,0x0969,176,188
20963,0x096A,138,130
20963,0x096C,176,182
20963,0x096D,176,188
20963,0x096E,136,128
20963,0x0970,208,91
20963,0x0971,188,116
20963,0x0972,130,6
20963,0x0973,45,34
20963,0x0974,192,151
20963,0x0975,188,104
20963,0x0976,128,7
20963,0x0977,45,34
20963,0x0978,102,104
20963,0x0979,127,158
20963,0x097B,36,34
20963,0x097C,167,96
20963,0x097D,101,224
20963,0x097E,7,2
20963,0x097F,36,32
20963,0x0980,96,80
20963,0x0982,2,0
20963,0x0B04,186,170
20963,0x0B07,10,0
20963,0x0B22,106,107
20963,0x0B24,212,214
20963,0x0B26,168,173
20963,0x0B28,80,90
20963,0x0B82,106,107
20963,0x0B84,212,214
20963,0x0B86,168,173
20963,0x0B88,80,90
20963,0x0F99,168,173
20963,0x0F9D,168,173
20963,0x0FD1,168,173
20963,0x0FF0,168,173
20963,0x16D0,227,37
20963,0x16D1,206,196
20963,0x16D3,136,214
20963,0x16D4,103,110
20963,0x16D6,102,138
20963,0x16D7,255,254
20963,0x16D9,8,124
20963,0x16DA,1,0
20963,0x16E6,225,215
20963,0x16F5,32,22
20963,0x16F8,13,3
20963,0x1710,128,160
20963,0x1711,122,125
20963,0x1726,3,2
20963,0x1738,104,94
20963,0x1751,122,125
20963,0x1775,12,2
20963,0x1777,0,1
20963,0x1779,4,42
20963,0x1790,239,39
20963,0x1791,195,205
20963,0x1793,84,197
20963,0x1794,71,78
20963,0x1796,46,182
20963,0x1797,1,0
20963,0x1799,64,38
20963,0x179A,0,1
20963,0x17A6,253,243
20963,0x17B5,60,50
20963,0x17B8,17,7
20963,0x17D0,230,238
20963,0x17D1,185,202
20963,0x17E6,132,122
20963,0x17F5,3,143
20963,0x17F8,1,41
20963,0x17F9,0,6
20963,0x17FA,138,141
20963,0x1840,200,0
20963,0x1850,138,14
20963,0x1851,6,15
20963,0x1866,87,82
20963,0x1875,53,47
20963,0x1878,6,0
20963,0x1890,18,26
20963,0x1891,225,242
20963,0x18A6,109,99
20963,0x18B5,75,65
20963,0x18B8,28,18
20963,0x18D0,0,243
20963,0x18D1,165,167
20963,0x18D6,80,71
20963,0x18E2,79,35
20963,0x18E4,85,39
20963,0x18E6,3,5
20963,0x18EC,147,138
20963,0x18F8,32,22
20963,0x1911,165,167
20963,0x1935,12,2
20963,0x1939,91,81
20963,0x1950,107,39
20963,0x1951,160,173
20963,0x1966,213,203
20963,0x1975,88,78
20963,0x1978,1,17
20963,0x1979,0,6
20963,0x197A,158,161
20963,0x1991,192,182
20963,0x19A4,251,247
20963,0x19A6,1,3
20963,0x19AC,138,147
20963,0x19AD,43,12
20963,0x19B8,28,18
20963,0x19D1,192,182
20963,0x19F5,16,6
20963,0x19F9,40,30
20963,0x1A11,208,198
20963,0x1A26,2,1
20963,0x1A38,44,34
20963,0x1A51,208,198
20963,0x1A75,16,6
20963,0x1A79,56,46
20963,0x1AD0,216,92
20963,0x1AD1,106,95
20963,0x1AD3,216,92
20963,0x1AD4,131,120
20963,0x1AE4,182,184
20963,0x1AE7,4,2
20963,0x1AEC,61,56
20963,0x1AF0,2,1
20963,0x1B10,19,45
20963,0x1B11,171,155
20963,0x1B13,139,181
20963,0x1B14,105,108
20963,0x1B26,2,1
20963,0x1B27,4,2
20963,0x1B30,3,2
20963,0x1B40,0,204
20963,0x1B41,0,127
20963,0x1B42,0,249
20963,0x1B43,0,4
20963,0x1B44,0,203
20963,0x1B45,0,249
20963,0x1B46,0,4
20963,0x1B48,0,1
20963,0x1B4A,0,1
20963,0x1B4D,0,30
20963,0x1B4E,0,160
20963,0x1B4F,0,1
20963,0x1B50,0,70
20963,0x1B51,0,108
20963,0x1B54,0,162
20963,0x1B5E,0,2
20963,0x1B5F,0,2
20963,0x1B60,0,80
20963,0x1B61,0,2
20963,0x1B62,0,180
20963,0x1B63,0,10
20963,0x1B64,0,182
20963,0x1B65,0,10
20963,0x1B66,0,2
20963,0x1B67,0,2
20963,0x1B68,0,6
20963,0x1B6A,0,22
20963,0x1B6B,0,4
20963,0x1B6C,0,61
20963,0x1B6D,0,36
20963,0x1B70,0,3
20973,0x0004,22,24
20973,0x0020,104,98
20973,0x0022,158,143
20973,0x0026,34,36
20973,0x0028,34,36
20973,0x0048,0,32
20973,0x0049,9,2
20973,0x004A,117,134
20973,0x0050,0,32
20973,0x0051,0,2
20973,0x0052,126,22
20973,0x0069,203,213
20973,0x006B,133,143
20973,0x0071,8,10
20973,0x0072,8,10
20973,0x0073,0,1
20973,0x007B,173,178
20973,0x00AD,92,102
20973,0x00B7,31,34
20973,0x00CD,151,166
20973,0x00CE,48,78
20973,0x00CF,49,99
20973,0x00D0,67,137
20973,0x016F,24,20
20973,0x0170,36,139
20973,0x01FD,52,36
20973,0x01FE,130,171
20973,0x023D,36,37
20973,0x023E,175,67
20973,0x02F6,155,160
20973,0x0301,38,0
20973,0x0302,79,98
20973,0x0303,20,64
20973,0x0305,88,128
20973,0x0306,144,231
20973,0x0307,1,14
20973,0x0309,70,0
20973,0x030A,79,99
20973,0x030B,20,64
20973,0x030D,108,192
20973,0x030E,144,231
20973,0x030F,1,14
20973,0x0311,102,41
20973,0x0312,79,76
20973,0x0313,20,10
20973,0x0315,128,140
20973,0x0316,144,148
20973,0x0319,137,73
20973,0x031D,50,150
20973,0x0321,38,105
20973,0x0322,79,76
20973,0x0323,20,10
20973,0x0325,116,160
20973,0x0326,146,148
20973,0x0329,70,137
20973,0x032A,79,76
20973,0x032B,20,10
20973,0x032D,136,170
20973,0x032E,146,148
20973,0x0331,102,38
20973,0x0335,156,208
20973,0x0336,146,144
20973,0x033D,212,228
20973,0x033E,145,144
20973,0x0345,232,248
20973,0x0346,145,144
20973,0x034D,108,168
20973,0x0355,128,188
20973,0x0501,139,91
20973,0x0502,82,94
20973,0x0503,20,4
20973,0x0508,85,27
20973,0x0509,81,84
20973,0x050B,20,4
20973,0x050F,138,150
20973,0x0510,82,90
20973,0x0512,40,24
20973,0x0516,148,86
20973,0x0517,90,81
20973,0x0519,32,44
20973,0x051D,84,140
20973,0x051E,81,82
20973,0x0520,52,64
20973,0x0600,0,116
20973,0x0601,0,16
20973,0x0602,0,118
20973,0x0603,0,16
20973,0x060A,70,181
20973,0x060B,63,26
20973,0x060C,86,158
20973,0x060D,63,26
20973,0x060E,40,108
20973,0x060F,63,24
20973,0x0618,0,186
20973,0x0619,0,12
20973,0x061A,0,202
20973,0x061B,0,12
20973,0x061C,0,95
20973,0x061D,0,80
20973,0x061E,0,11
20973,0x061F,0,16
20973,0x0620,0,11
20973,0x0621,0,16
20973,0x0622,0,11
20973,0x0623,13,16
20973,0x0624,1,39
20973,0x0625,13,17
20973,0x0626,2,40
20973,0x0627,13,17
20973,0x0628,0,116
20973,0x0629,0,16
20973,0x062A,0,117
20973,0x062B,0,16
20973,0x0630,82,0
20973,0x0631,63,0
20973,0x0632,69,0
20973,0x0633,63,0
20973,0x0634,85,0
20973,0x0635,63,0
20973,0x0636,39,149
20973,0x0637,63,12
20973,0x0638,0,154
20973,0x0639,0,12
20973,0x063A,0,154
20973,0x063B,0,12
20973,0x063C,0,154
20973,0x063D,0,12
20973,0x063E,0,170
20973,0x063F,0,12
20973,0x0642,223,0
20973,0x0643,12,0
20973,0x0644,239,0
20973,0x0645,12,0
20973,0x0646,255,0
20973,0x0647,12,0
20973,0x0650,82,0
20973,0x0651,63,0
20973,0x0652,36,0
20973,0x0653,63,0
20973,0x0874,222,86
20973,0x0875,42,1
20973,0x0876,86,222
20973,0x0877,1,42
20973,0x0894,22,14
20973,0x0895,91,58
20973,0x0896,14,22
20973,0x0897,58,91
20973,0x0900,117,120
20973,0x0904,109,112
20973,0x0908,142,145
20973,0x090C,158,161
20973,0x0910,172,162
20973,0x0914,156,146
20973,0x0918,188,178
20973,0x091C,172,162
20973,0x0928,180,84
20973,0x0929,102,112
20973,0x092A,2,32
20973,0x092B,105,162
20973,0x092C,196,100
20973,0x092D,102,112
20973,0x092E,0,32
20973,0x092F,105,226
20973,0x0930,125,100
20973,0x0931,188,96
20973,0x0932,134,32
20973,0x0933,45,98
20973,0x0934,109,84
20973,0x0935,188,96
20973,0x0936,132,32
20973,0x0937,45,34
20973,0x0938,189,163
20973,0x0939,70,106
20973,0x093C,205,179
20973,0x093D,70,106
20973,0x0940,202,128
20973,0x0941,89,188
20973,0x0942,2,134
20973,0x0943,39,45
20973,0x0944,186,112
20973,0x0945,89,188
20973,0x0946,0,132
20973,0x0947,39,45
20973,0x0948,242,193
20973,0x0949,89,85
20973,0x094B,39,105
20973,0x094C,226,209
20973,0x094D,89,85
20973,0x094F,39,105
20973,0x0950,167,219
20973,0x0951,176,89
20973,0x0952,138,2
20973,0x0953,45,39
20973,0x0954,151,203
20973,0x0955,176,89
20973,0x0956,136,0
20973,0x0957,45,39
20973,0x0958,157,3
20973,0x0959,62,89
20973,0x095A,6,2
20973,0x095B,105,39
20973,0x095C,173,243
20973,0x095D,62,89
20973,0x095E,4,0
20973,0x095F,105,39
20973,0x0960,182,170
20973,0x0962,130,134
20973,0x0964,166,154
20973,0x0966,128,132
20973,0x0968,198,169
20973,0x0969,188,62
20973,0x096A,130,6
20973,0x096B,45,105
20973,0x096C,182,185
20973,0x096D,188,62
20973,0x096E,128,4
20973,0x096F,45,105
20973,0x0970,91,172
20973,0x0971,116,176
20973,0x0972,6,130
20973,0x0973,34,45
20973,0x0974,151,156
20973,0x0975,104,176
20973,0x0976,7,128
20973,0x0977,34,45
20973,0x0978,104,188
20973,0x0979,158,188
20973,0x097A,7,134
20973,0x097B,34,45
20973,0x097C,96,172
20973,0x097D,224,188
20973,0x097E,2,132
20973,0x097F,32,45
20973,0x0980,80,135
20973,0x0981,224,107
20973,0x0982,0,6
20973,0x0983,32,36
20973,0x0984,80,98
20973,0x0985,224,143
20973,0x0986,0,7
20973,0x0987,32,36
20973,0x0B05,170,186
20973,0x0B07,0,170
20973,0x0B22,107,108
20973,0x0B24,214,217
20973,0x0B26,173,178
20973,0x0B28,90,100
20973,0x0B82,107,108
20973,0x0B84,214,217
20973,0x0B86,173,178
20973,0x0B88,90,100
20973,0x0BE8,1,41
20973,0x0BE9,0,224
20973,0x0E82,0,8
20973,0x0E83,7,8
20973,0x0F99,173,178
20973,0x0F9D,173,178
20973,0x0FD1,173,178
20973,0x0FF0,173,178
20973,0x1000,200,192
20973,0x1008,7,6
20973,0x1022,62,251
20973,0x1023,7,6
20973,0x1024,64,253
20973,0x1025,7,6
20973,0x1026,9,1
20973,0x1030,0,4
20973,0x1033,0,87
20973,0x1034,0,180
20973,0x1040,0,192
20973,0x1041,188,161
20973,0x1062,84,91
20973,0x1064,88,95
20973,0x106C,40,144
20973,0x1074,0,2
20973,0x1077,0,18
20973,0x16D0,37,231
20973,0x16D1,196,179
20973,0x16D3,214,164
20973,0x16D4,110,114
20973,0x16D6,138,94
20973,0x16D9,124,96
20973,0x16E6,215,205
20973,0x16F5,22,12
20973,0x16F8,3,33
20973,0x16F9,0,4
20973,0x16FA,171,174
20973,0x1710,160,192
20973,0x1711,125,128
20973,0x1726,2,1
20973,0x1738,94,84
20973,0x1751,125,128
20973,0x1775,2,8
20973,0x1779,42,32
20973,0x1790,39,75
20973,0x1791,205,209
20973,0x1793,197,192
20973,0x1794,78,93
20973,0x1796,182,22
20973,0x1799,38,120
20973,0x179C,244,234
20973,0x179D,23,242
20973,0x17A6,243,233
20973,0x17B5,50,40
20973,0x17B8,7,21
20973,0x17BA,166,171
20973,0x17D0,238,246
20973,0x17D1,202,219
20973,0x17E6,122,112
20973,0x17F5,143,133
20973,0x17F8,41,31
20973,0x1890,26,34
20973,0x1891,242,3
20973,0x1892,0,1
20973,0x18A6,99,89
20973,0x18B5,65,55
20973,0x18B8,18,8
20973,0x18D0,243,130
20973,0x18D1,167,170
20973,0x18D6,71,61
20973,0x18E4,39,41
20973,0x18E6,5,10
20973,0x18EC,138,147
20973,0x18F8,22,12
20973,0x1911,167,170
20973,0x1935,2,8
20973,0x1939,81,71
20973,0x1950,39,227
20973,0x1951,173,185
20973,0x1966,203,193
20973,0x1975,78,68
20973,0x1978,17,7
20973,0x1991,182,172
20973,0x19A6,3,2
20973,0x19B8,18,8
20973,0x19D1,182,172
20973,0x19F5,6,12
20973,0x19F9,30,20
20973,0x1A11,198,188
20973,0x1A24,247,249
20973,0x1A26,1,3
20973,0x1A2D,12,43
20973,0x1A38,34,24
20973,0x1A51,198,188
20973,0x1A75,6,12
20973,0x1A79,46,36
20973,0x1AC0,204,0
20973,0x1AC1,127,195
20973,0x1AC8,1,247
20973,0x1AD0,92,234
20973,0x1AD1,95,91
20973,0x1AD3,92,234
20973,0x1AD4,120,116
20973,0x1AE2,180,177
20973,0x1AE4,184,179
20973,0x1AE7,2,4
20973,0x1AEC,56,171
20973,0x1AED,36,33
20973,0x1B10,45,71
20973,0x1B11,155,139
20973,0x1B13,181,223
20973,0x1B14,108,111
20973,0x1B24,182,184
20973,0x1B27,2,4
20973,0x1B2C,61,56
20973,0x1B30,2,1
20973,0x1B50,70,16
20973,0x1B51,108,102
20973,0x1B54,162,147
20973,0x1B66,2,1
20973,0x1B67,2,4
20973,0x1B70,3,2
20973,0xFFFF,133,134
20983,0x0004,24,26
20983,0x0020,98,102
20983,0x0021,0,79
20983,0x0022,143,0
20983,0x0024,7,6
20983,0x0026,36,34
20983,0x0028,36,34
20983,0x0049,2,4
20983,0x0051,2,4
20983,0x0068,16,32
20983,0x0069,213,223
20983,0x006B,143,153
20983,0x006D,0,72
20983,0x0073,1,0
20983,0x007B,178,183
20983,0x00AD,102,112
20983,0x00B7,34,30
20983,0x00CA,5,4
20983,0x00CD,166,181
20983,0x00CE,78,108
20983,0x00CF,99,149
20983,0x00D0,137,207
20983,0x00D1,1,2
20983,0x0171,76,64
20983,0x01FE,171,157
20983,0x02F6,160,155
20983,0x0303,64,0
20983,0x0304,0,1
20983,0x0306,231,224
20983,0x030B,64,0
20983,0x030C,0,1
20983,0x030D,192,128
20983,0x030E,231,226
20983,0x0315,140,100
20983,0x031D,150,110
20983,0x0325,160,120
20983,0x032D,170,130
20983,0x0335,208,132
20983,0x0336,144,145
20983,0x033D,228,152
20983,0x033E,144,145
20983,0x0345,248,172
20983,0x0346,144,145
20983,0x0501,91,141
20983,0x0502,94,82
20983,0x0503,4,20
20983,0x0600,116,0
20983,0x0601,16,0
20983,0x0602,118,0
20983,0x0603,16,0
20983,0x060A,181,0
20983,0x060B,26,0
20983,0x060C,158,0
20983,0x060D,26,0
20983,0x060E,108,0
20983,0x060F,24,0
20983,0x0874,86,222
20983,0x0875,1,42
20983,0x0876,222,86
20983,0x0877,42,1
20983,0x0894,14,22
20983,0x0895,58,91
20983,0x0896,22,14
20983,0x0897,91,58
20983,0x0900,120,123
20983,0x0904,112,115
20983,0x0908,145,162
20983,0x0909,161,169
20983,0x090A,164,162
20983,0x090C,161,146
20983,0x090E,166,160
20983,0x0910,162,154
20983,0x0914,146,138
20983,0x0918,178,168
20983,0x091C,162,152
20983,0x0921,104,112
20983,0x0922,2,38
20983,0x0923,32,34
20983,0x0925,104,112
20983,0x0926,0,36
20983,0x0927,32,34
20983,0x0928,84,96
20983,0x0929,112,96
20983,0x092A,32,34
20983,0x092B,162,34
20983,0x092C,100,80
20983,0x092D,112,96
20983,0x092F,226,34
20983,0x0930,100,147
20983,0x0931,96,110
20983,0x0932,32,2
20983,0x0933,98,105
20983,0x0934,84,163
20983,0x0935,96,110
20983,0x0936,32,0
20983,0x0937,34,105
20983,0x0938,163,131
20983,0x0939,106,188
20983,0x093A,2,130
20983,0x093B,105,45
20983,0x093C,179,115
20983,0x093D,106,188
20983,0x093E,0,128
20983,0x093F,105,45
20983,0x0940,128,189
20983,0x0941,188,97
20983,0x0942,134,2
20983,0x0943,45,105
20983,0x0944,112,205
20983,0x0945,188,97
20983,0x0946,132,0
20983,0x0947,45,105
20983,0x0948,193,236
20983,0x0949,85,89
20983,0x094B,105,39
20983,0x094C,209,220
20983,0x094D,85,89
20983,0x094F,105,39
20983,0x0950,219,172
20983,0x0951,89,176
20983,0x0952,2,130
20983,0x0953,39,45
20983,0x0954,203,156
20983,0x0955,89,176
20983,0x0956,0,128
20983,0x0957,39,45
20983,0x0958,3,182
20983,0x0959,89,64
20983,0x095B,39,105
20983,0x095C,243,198
20983,0x095D,89,64
20983,0x095F,39,105
20983,0x0960,170,164
20983,0x0962,134,138
20983,0x0964,154,148
20983,0x0966,132,136
20983,0x0968,169,178
20983,0x0969,62,188
20983,0x096A,6,134
20983,0x096B,105,45
20983,0x096C,185,162
20983,0x096D,62,188
20983,0x096E,4,132
20983,0x096F,105,45
20983,0x0970,172,119
20983,0x0971,176,111
20983,0x0972,130,7
20983,0x0973,45,36
20983,0x0974,156,91
20983,0x0975,176,128
20983,0x0976,128,6
20983,0x0977,45,34
20983,0x0978,188,96
20983,0x0979,188,224
20983,0x097A,134,2
20983,0x097B,45,32
20983,0x097C,172,80
20983,0x097D,188,224
20983,0x097E,132,0
20983,0x097F,45,32
20983,0x0980,135,96
20983,0x0981,107,224
20983,0x0982,6,2
20983,0x0983,36,32
20983,0x0984,98,80
20983,0x0985,143,224
20983,0x0986,7,0
20983,0x0987,36,32
20983,0x0B05,186,170
20983,0x0B07,170,0
20983,0x0B22,108,109
20983,0x0B24,217,219
20983,0x0B26,178,183
20983,0x0B28,100,110
20983,0x0B82,108,109
20983,0x0B84,217,219
20983,0x0B86,178,183
20983,0x0B88,100,110
20983,0x0E82,8,6
20983,0x0E83,8,2
20983,0x0F99,178,183
20983,0x0F9D,178,183
20983,0x0FD1,178,183
20983,0x0FF0,178,183
20983,0x1000,192,128
20983,0x1024,253,1
20983,0x1025,6,7
20983,0x1026,1,7
20983,0x1033,87,77
20983,0x1064,95,101
20983,0x1066,2,4
20983,0x106C,144,110
20983,0x1074,2,0
20983,0x1077,18,8
20983,0x16D0,231,147
20983,0x16D1,179,163
20983,0x16D3,164,100
20983,0x16D4,114,118
20983,0x16E6,205,195
20983,0x16F5,12,2
20983,0x16F8,33,23
20983,0x1710,192,224
20983,0x1711,128,131
20983,0x1724,85,81
20983,0x1726,1,3
20983,0x172D,43,12
20983,0x1738,84,74
20983,0x1751,128,131
20983,0x1775,8,14
20983,0x1779,32,22
20983,0x1790,75,109
20983,0x1791,209,205
20983,0x1793,192,110
20983,0x1794,93,105
20983,0x1796,22,58
20983,0x1797,0,255
20983,0x1798,0,255
20983,0x1799,120,236
20983,0x179A,1,0
20983,0x17A6,233,223
20983,0x17B5,40,30
20983,0x17B8,21,11
20983,0x17D0,246,254
20983,0x17D1,219,236
20983,0x17E6,112,102
20983,0x17F5,133,123
20983,0x17F8,31,21
20983,0x1880,200,0
20983,0x1890,34,14
20983,0x1891,3,15
20983,0x18A6,89,82
20983,0x18B5,55,47
20983,0x18B8,8,0
20983,0x18D0,130,173
20983,0x18D1,170,172
20983,0x18D6,61,51
20983,0x18E4,41,43
20983,0x18E6,10,255
20983,0x18ED,43,12
20983,0x18F8,12,2
20983,0x190D,2,1
20983,0x1911,170,172
20983,0x1922,220,196
20983,0x1924,222,198
20983,0x192C,203,212
20983,0x1935,8,14
20983,0x1939,71,61
20983,0x1950,227,39
20983,0x1951,185,198
20983,0x1953,235,25
20983,0x1954,70,72
20983,0x1956,70,22
20983,0x1959,18,110
20983,0x195C,14,244
20983,0x195D,18,23
20983,0x1962,217,220
20983,0x1964,219,222
20983,0x1966,193,251
20983,0x196C,111,124
20983,0x196D,43,12
20983,0x1975,68,58
20983,0x1978,7,15
20983,0x1979,6,0
20983,0x197A,161,166
20983,0x1980,200,216
20983,0x1981,240,219
20983,0x1982,144,145
20983,0x1991,172,164
20983,0x19A4,247,251
20983,0x19A6,2,1
20983,0x19AC,147,138
20983,0x19AD,12,43
20983,0x19B8,8,38
20983,0x19D1,172,164
20983,0x19F5,12,2
20983,0x19F9,20,10
20983,0x1A11,188,178
20983,0x1A26,3,2
20983,0x1A38,24,14
20983,0x1A51,188,178
20983,0x1A75,12,2
20983,0x1A79,36,26
20983,0x1B10,71,97
20983,0x1B11,139,123
20983,0x1B13,223,9
20983,0x1B14,111,115
20983,0x1B24,184,182
20983,0x1B26,1,2
20983,0x1B2C,56,61
20983,0x1B30,1,3
20983,0x1B50,16,218
20983,0x1B51,102,95
20983,0x1B54,147,132
20983,0x1B64,182,184
20983,0x1B67,4,2
20983,0x1B6C,61,56
20983,0x1B70,2,1
20993,0x0004,26,30
20993,0x0020,102,85
20993,0x0021,79,0
20993,0x0022,0,113
20993,0x0024,6,7
20993,0x0049,4,2
20993,0x0051,4,6
20993,0x0068,32,16
20993,0x0069,223,233
20993,0x006B,153,163
20993,0x006D,72,0
20993,0x007B,183,188
20993,0x00AD,112,122
20993,0x00CD,181,163
20993,0x00CE,108,41
20993,0x00CF,149,199
20993,0x00D0,207,182
20993,0x00D1,2,1
20993,0x016C,15,6
20993,0x016E,64,192
20993,0x016F,20,22
20993,0x0170,139,36
20993,0x0171,64,76
20993,0x0174,178,199
20993,0x023E,67,91
20993,0x02F6,155,53
20993,0x02FD,41,39
20993,0x0303,0,64
20993,0x0306,224,212
20993,0x030B,0,64
20993,0x030E,226,214
20993,0x0335,132,192
20993,0x033D,152,212
20993,0x0345,172,232
20993,0x0501,141,143
20993,0x0508,27,87
20993,0x0509,84,81
20993,0x050B,4,20
20993,0x050F,150,142
20993,0x0510,90,82
20993,0x0512,24,40
20993,0x0618,186,0
20993,0x0619,12,0
20993,0x061A,202,0
20993,0x061B,12,0
20993,0x061C,95,0
20993,0x061D,80,0
20993,0x061E,11,150
20993,0x061F,16,12
20993,0x0620,11,155
20993,0x0621,16,12
20993,0x0622,11,155
20993,0x0623,16,12
20993,0x0624,39,161
20993,0x0625,17,12
20993,0x0626,40,171
20993,0x0627,17,12
20993,0x0628,116,0
20993,0x0629,16,0
20993,0x062A,117,0
20993,0x062B,16,0
20993,0x0636,149,0
20993,0x0637,12,0
20993,0x0638,154,0
20993,0x0639,12,0
20993,0x063A,154,0
20993,0x063B,12,0
20993,0x0874,222,86
20993,0x0875,42,1
20993,0x0876,86,222
20993,0x0877,1,42
20993,0x0894,22,14
20993,0x0895,91,58
20993,0x0896,14,22
20993,0x0897,58,91
20993,0x0900,123,127
20993,0x0904,115,119
20993,0x0908,162,158
20993,0x090C,146,142
20993,0x0910,154,134
20993,0x0911,169,161
20993,0x0912,162,164
20993,0x0914,138,150
20993,0x0916,160,166
20993,0x0918,168,143
20993,0x0919,181,173
20993,0x091A,162,164
20993,0x091C,152,159
20993,0x091E,160,166
20993,0x0921,112,104
20993,0x0922,38,2
20993,0x0923,34,32
20993,0x0925,112,104
20993,0x0926,36,0
20993,0x0927,34,32
20993,0x0928,96,74
20993,0x0929,96,104
20993,0x092A,34,36
20993,0x092C,80,131
20993,0x092D,96,114
20993,0x092E,32,2
20993,0x092F,34,105
20993,0x0931,110,114
20993,0x0932,2,0
20993,0x0934,163,135
20993,0x0935,110,188
20993,0x0936,0,130
20993,0x0937,105,45
20993,0x0938,131,119
20993,0x093A,130,128
20993,0x093C,115,176
20993,0x093D,188,103
20993,0x093E,128,2
20993,0x093F,45,105
20993,0x0940,189,192
20993,0x0941,97,103
20993,0x0942,2,0
20993,0x0944,205,254
20993,0x0945,97,89
20993,0x0946,0,2
20993,0x0947,105,39
20993,0x0948,236,238
20993,0x094A,2,0
20993,0x094C,220,168
20993,0x094D,89,176
20993,0x094E,0,130
20993,0x094F,39,45
20993,0x0950,172,152
20993,0x0952,130,128
20993,0x0954,156,190
20993,0x0955,176,73
20993,0x0956,128,2
20993,0x0957,45,105
20993,0x0958,182,206
20993,0x0959,64,73
20993,0x095A,2,0
20993,0x095C,198,159
20993,0x095D,64,176
20993,0x095E,0,138
20993,0x095F,105,45
20993,0x0960,164,143
20993,0x0962,138,136
20993,0x0964,148,168
20993,0x0965,176,188
20993,0x0966,136,134
20993,0x0968,178,152
20993,0x096A,134,132
20993,0x096C,162,144
20993,0x096D,188,114
20993,0x096E,132,6
20993,0x096F,45,34
20993,0x0970,119,103
20993,0x0971,111,114
20993,0x0973,36,34
20993,0x0974,91,85
20993,0x0975,128,113
20993,0x0976,6,7
20993,0x0978,96,80
20993,0x097A,2,32
20993,0x097B,32,34
20993,0x097C,80,96
20993,0x097E,0,2
20993,0x0980,96,80
20993,0x0982,2,0
20993,0x0B06,170,42
20993,0x0B22,109,111
20993,0x0B24,219,222
20993,0x0B26,183,188
20993,0x0B28,110,120
20993,0x0B82,109,111
20993,0x0B84,219,222
20993,0x0B86,183,188
20993,0x0B88,110,120
20993,0x0E82,6,5
20993,0x0F99,183,188
20993,0x0F9D,183,188
20993,0x0FD1,183,188
20993,0x0FF0,183,188
20993,0x1000,128,192
20993,0x1024,1,3
20993,0x1026,7,5
20993,0x1033,77,67
20993,0x1041,161,188
20993,0x1062,91,84
20993,0x1064,101,88
20993,0x1066,4,2
20993,0x106C,110,40
20993,0x1077,8,0
20993,0x16D0,147,63
20993,0x16D1,163,147
20993,0x16D3,100,36
20993,0x16D4,118,122
20993,0x16E6,195,185
20993,0x16F5,2,232
20993,0x16F8,23,13
20993,0x1710,224,0
20993,0x1711,131,135
20993,0x1726,3,2
20993,0x1738,74,64
20993,0x1751,131,135
20993,0x1775,14,4
20993,0x1779,22,12
20993,0x1790,109,247
20993,0x1791,205,192
20993,0x1793,110,164
20993,0x1794,105,111
20993,0x1796,58,94
20993,0x1797,255,254
20993,0x1799,236,96
20993,0x17A6,223,213
20993,0x17B5,30,20
20993,0x17B8,11,1
20993,0x17D0,254,6
20993,0x17D1,236,254
20993,0x17E6,102,92
20993,0x17F5,123,113
20993,0x17F8,21,11
20993,0x18C0,200,216
20993,0x18C1,25,255
20993,0x18D0,173,223
20993,0x18D1,172,168
20993,0x18D6,51,50
20993,0x18E6,255,254
20993,0x18F8,2,32
20993,0x1911,172,168
20993,0x1935,14,4
20993,0x1939,61,51
20993,0x1950,39,111
20993,0x1951,198,206
20993,0x1953,25,86
20993,0x1954,72,81
20993,0x1956,22,158
20993,0x1957,1,0
20993,0x1959,110,84
20993,0x195A,0,1
20993,0x1966,251,241
20993,0x1975,58,48
20993,0x1978,15,5
20993,0x1991,164,159
20993,0x19B8,38,28
20993,0x19CD,1,2
20993,0x19D1,164,159
20993,0x19E2,196,220
20993,0x19E4,198,222
20993,0x19EC,212,203
20993,0x19F5,2,8
20993,0x19F9,10,48
20993,0x1A11,178,168
20993,0x1A26,2,1
20993,0x1A38,14,4
20993,0x1A4D,1,2
20993,0x1A51,178,168
20993,0x1A62,196,220
20993,0x1A64,198,222
20993,0x1A6C,212,203
20993,0x1A75,2,8
20993,0x1A79,26,16
20993,0x1AC0,0,204
20993,0x1AC1,195,127
20993,0x1AC8,247,1
20993,0x1ACD,28,24
20993,0x1AD0,234,0
20993,0x1AD1,91,148
20993,0x1AD3,234,0
20993,0x1AD4,116,118
20993,0x1AE2,177,180
20993,0x1AE4,179,184
20993,0x1AE7,4,2
20993,0x1AEC,171,56
20993,0x1AED,33,36
20993,0x1B10,97,123
20993,0x1B11,123,107
20993,0x1B13,9,51
20993,0x1B14,115,118
20993,0x1B26,2,1
20993,0x1B27,4,2
20993,0x1B30,3,2
20993,0x1B50,218,164
20993,0x1B51,95,89
20993,0x1B54,132,117
20993,0x1B64,184,182
20993,0x1B66,1,2
20993,0x1B6C,56,61
20993,0x1B70,1,3
21003,0x0004,30,32
21003,0x0020,85,169
21003,0x0021,0,76
21003,0x0022,113,0
21003,0x0026,34,36
21003,0x0028,34,36
21003,0x0049,2,4
21003,0x0051,6,2
21003,0x0068,16,24
21003,0x0069,233,243
21003,0x006B,163,173
21003,0x006D,0,32
21003,0x007B,188,193
21003,0x00AD,122,132
21003,0x00B7,30,29
21003,0x00CD,163,178
21003,0x00CE,41,71
21003,0x00CF,199,249
21003,0x00D0,182,252
21003,0x00D1,1,2
21003,0x0171,76,64
21003,0x0174,199,178
21003,0x0178,244,180
21003,0x01FE,157,171
21003,0x023D,37,52
21003,0x023E,91,111
21003,0x02F6,53,155
21003,0x0301,0,41
21003,0x0302,98,76
21003,0x0303,64,10
21003,0x0304,1,0
21003,0x0305,128,140
21003,0x0306,212,148
21003,0x0307,14,1
21003,0x0309,0,73
21003,0x030A,99,76
21003,0x030B,64,10
21003,0x030C,1,0
21003,0x030D,128,150
21003,0x030E,214,148
21003,0x030F,14,1
21003,0x0311,41,105
21003,0x0315,100,160
21003,0x0319,73,137
21003,0x031D,110,170
21003,0x0321,105,38
21003,0x0322,76,79
21003,0x0323,10,20
21003,0x0325,120,56
21003,0x0326,148,146
21003,0x0329,137,70
21003,0x032A,76,79
21003,0x032B,10,20
21003,0x032D,130,76
21003,0x032E,148,146
21003,0x0331,38,102
21003,0x0335,192,96
21003,0x0336,145,146
21003,0x0501,143,206
21003,0x0502,82,93
21003,0x0503,20,8
21003,0x0508,87,92
21003,0x0509,81,94
21003,0x050A,20,4
21003,0x050B,20,8
21003,0x050F,142,28
21003,0x0510,82,84
21003,0x0512,40,12
21003,0x0516,86,152
21003,0x0517,81,90
21003,0x0519,44,32
21003,0x051D,140,88
21003,0x051E,82,81
21003,0x0520,64,52
21003,0x0524,136,144
21003,0x0600,0,94
21003,0x0601,0,8
21003,0x0602,0,30
21003,0x0603,0,8
21003,0x0604,0,46
21003,0x0605,0,8
21003,0x0606,0,62
21003,0x0607,0,8
21003,0x0608,0,192
21003,0x0609,0,22
21003,0x060A,0,193
21003,0x060B,0,22
21003,0x0610,0,166
21003,0x0611,0,26
21003,0x0612,0,182
21003,0x0613,0,26
21003,0x0614,0,159
21003,0x0615,0,26
21003,0x0616,0,109
21003,0x0617,0,24
21003,0x061E,150,0
21003,0x061F,12,0
21003,0x0620,155,188
21003,0x0622,155,204
21003,0x0624,161,95
21003,0x0625,12,16
21003,0x0626,171,153
21003,0x0627,12,17
21003,0x0628,0,11
21003,0x0629,0,16
21003,0x062A,0,11
21003,0x062B,0,16
21003,0x062C,0,30
21003,0x062D,0,17
21003,0x062E,0,46
21003,0x062F,0,17
21003,0x0630,0,116
21003,0x0631,0,16
21003,0x0632,0,117
21003,0x0633,0,16
21003,0x063C,154,146
21003,0x063E,170,151
21003,0x0640,0,156
21003,0x0641,0,12
21003,0x0642,0,156
21003,0x0643,0,12
21003,0x0644,0,162
21003,0x0645,0,12
21003,0x0646,0,172
21003,0x0647,0,12
21003,0x0654,58,0
21003,0x0655,63,0
21003,0x0656,74,0
21003,0x0657,63,0
21003,0x071A,165,94
21003,0x071B,28,115
21003,0x071C,60,30
21003,0x071D,1,0
21003,0x071E,62,8
21003,0x071F,2,0
21003,0x0874,86,222
21003,0x0875,1,42
21003,0x0876,222,86
21003,0x0877,42,1
21003,0x0894,14,22
21003,0x0895,58,91
21003,0x0896,22,14
21003,0x0897,91,58
21003,0x0900,127,130
21003,0x0904,119,122
21003,0x0908,158,138
21003,0x0909,169,161
21003,0x090A,162,164
21003,0x090C,142,154
21003,0x090E,160,166
21003,0x0910,134,129
21003,0x0914,150,145
21003,0x0918,143,137
21003,0x091C,159,153
21003,0x0920,96,82
21003,0x0922,2,34
21003,0x0923,32,34
21003,0x0924,80,66
21003,0x0926,0,32
21003,0x0927,32,34
21003,0x0928,74,114
21003,0x0929,104,117
21003,0x092A,36,2
21003,0x092B,34,105
21003,0x092C,131,130
21003,0x092D,114,117
21003,0x092E,2,0
21003,0x0930,147,138
21003,0x0931,114,188
21003,0x0932,0,130
21003,0x0933,105,45
21003,0x0934,135,122
21003,0x0936,130,128
21003,0x0938,119,160
21003,0x0939,188,107
21003,0x093A,128,2
21003,0x093B,45,105
21003,0x093D,103,107
21003,0x093E,2,0
21003,0x0940,192,15
21003,0x0941,103,89
21003,0x0942,0,2
21003,0x0943,105,39
21003,0x0944,254,255
21003,0x0946,2,0
21003,0x0948,238,163
21003,0x0949,89,176
21003,0x094A,0,130
21003,0x094B,39,45
21003,0x094C,168,147
21003,0x094E,130,128
21003,0x0950,152,193
21003,0x0951,176,88
21003,0x0952,128,2
21003,0x0953,45,105
21003,0x0954,190,209
21003,0x0955,73,88
21003,0x0956,2,0
21003,0x0958,206,154
21003,0x0959,73,176
21003,0x095A,0,138
21003,0x095B,105,45
21003,0x095C,159,138
21003,0x095E,138,136
21003,0x0960,143,162
21003,0x0961,176,188
21003,0x0962,136,138
21003,0x0964,168,146
21003,0x0966,134,136
21003,0x0968,152,127
21003,0x0969,188,114
21003,0x096A,132,7
21003,0x096B,45,34
21003,0x096C,144,87
21003,0x096D,114,117
21003,0x096F,34,36
21003,0x0970,103,79
21003,0x0971,114,98
21003,0x0973,34,36
21003,0x0974,85,96
21003,0x0975,113,224
21003,0x0976,7,2
21003,0x0977,34,32
21003,0x097A,32,0
21003,0x097B,34,32
21003,0x0B04,170,171
21003,0x0B06,42,10
21003,0x0B22,111,112
21003,0x0B24,222,224
21003,0x0B26,188,193
21003,0x0B28,120,130
21003,0x0B82,111,112
21003,0x0B84,222,224
21003,0x0B86,188,193
21003,0x0B88,120,130
21003,0x0E82,5,4
21003,0x0F99,188,193
21003,0x0F9D,188,193
21003,0x0FD1,188,193
21003,0x0FF0,188,193
21003,0x1000,192,128
21003,0x1024,3,5
21003,0x1026,5,3
21003,0x1033,67,57
21003,0x1064,88,86
21003,0x106C,40,45
21003,0x16D0,63,235
21003,0x16D1,147,130
21003,0x16D3,36,228
21003,0x16D4,122,125
21003,0x16E6,185,175
21003,0x16F5,232,222
21003,0x16F8,13,3
21003,0x1710,0,32
21003,0x1711,135,138
21003,0x1726,2,1
21003,0x1738,64,54
21003,0x1751,135,138
21003,0x1775,4,10
21003,0x1779,12,2
21003,0x1790,247,163
21003,0x1791,192,176
21003,0x1793,164,100
21003,0x1794,111,115
21003,0x17A6,213,203
21003,0x17B5,20,10
21003,0x17B8,1,31
21003,0x17B9,0,4
21003,0x17BA,171,174
21003,0x17D0,6,14
21003,0x17D1,254,15
21003,0x17D2,0,1
21003,0x17E6,92,82
21003,0x17F5,113,103
21003,0x17F8,11,1
21003,0x18D1,168,163
21003,0x18F8,32,22
21003,0x190D,1,2
21003,0x1911,168,163
21003,0x1922,196,220
21003,0x1924,198,222
21003,0x192C,212,203
21003,0x1935,4,10
21003,0x1939,51,41
21003,0x1950,111,53
21003,0x1951,206,209
21003,0x1953,86,134
21003,0x1954,81,96
21003,0x1956,158,234
21003,0x1957,0,255
21003,0x1958,0,255
21003,0x1959,84,92
21003,0x195C,244,234
21003,0x195D,23,242
21003,0x1966,241,231
21003,0x1975,48,38
21003,0x1978,5,19
21003,0x197A,166,171
21003,0x1991,159,154
21003,0x19B8,28,18
21003,0x19D1,159,154
21003,0x19F5,8,14
21003,0x19F9,48,38
21003,0x1A00,200,216
21003,0x1A01,240,219
21003,0x1A02,144,145
21003,0x1A11,168,162
21003,0x1A24,249,251
21003,0x1A2C,147,138
21003,0x1A38,4,34
21003,0x1A51,168,162
21003,0x1A75,8,14
21003,0x1A79,16,6
21003,0x1AD0,0,192
21003,0x1AD1,148,131
21003,0x1AE4,184,182
21003,0x1AE6,1,2
21003,0x1AEC,56,61
21003,0x1AF0,1,3
21003,0x1B10,123,149
21003,0x1B11,107,91
21003,0x1B13,51,93
21003,0x1B14,118,121
21003,0x1B24,182,184
21003,0x1B27,2,4
21003,0x1B2C,61,56
21003,0x1B30,2,1
21003,0x1B50,164,110
21003,0x1B51,89,83
21003,0x1B54,117,102
21003,0x1B66,2,1
21003,0x1B67,2,4
21003,0x1B70,3,2
21013,0x0004,32,34
21013,0x0020,169,118
21013,0x0021,76,0
21013,0x0022,0,155
21013,0x0024,7,6
21013,0x0026,36,34
21013,0x0028,36,34
21013,0x0029,0,1
21013,0x002C,112,128
21013,0x0049,4,2
21013,0x0051,2,10
21013,0x0068,24,16
21013,0x0069,243,253
21013,0x006B,173,183
21013,0x006D,32,0
21013,0x007B,193,198
21013,0x00AD,132,142
21013,0x00B7,29,30
21013,0x00CA,4,3
21013,0x00CD,178,98
21013,0x00CE,71,101
21013,0x00CF,249,43
21013,0x00D0,252,226
21013,0x00D1,2,0
21013,0x0176,144,165
21013,0x01B9,64,128
21013,0x023D,52,36
21013,0x023E,111,91
21013,0x02F6,155,44
21013,0x0325,56,252
21013,0x0326,146,145
21013,0x032D,76,16
21013,0x0335,96,36
21013,0x0501,206,145
21013,0x0502,93,82
21013,0x0503,8,20
21013,0x0600,94,0
21013,0x0601,8,0
21013,0x0602,30,0
21013,0x0603,8,0
21013,0x0604,46,0
21013,0x0605,8,0
21013,0x0606,62,0
21013,0x0607,8,0
21013,0x0608,192,0
21013,0x0609,22,0
21013,0x060A,193,0
21013,0x060B,22,0
21013,0x0610,166,0
21013,0x0611,26,0
21013,0x0612,182,0
21013,0x0613,26,0
21013,0x071A,94,165
21013,0x071B,115,28
21013,0x071C,30,60
21013,0x071D,0,1
21013,0x071E,8,62
21013,0x071F,0,2
21013,0x0874,222,86
21013,0x0875,42,1
21013,0x0876,86,222
21013,0x0877,1,42
21013,0x0894,22,14
21013,0x0895,91,58
21013,0x0896,14,22
21013,0x0897,58,91
21013,0x0900,130,133
21013,0x0904,122,125
21013,0x0908,138,133
21013,0x090C,154,149
21013,0x0910,129,124
21013,0x0914,145,140
21013,0x0918,137,132
21013,0x091C,153,148
21013,0x0920,82,96
21013,0x0922,34,2
21013,0x0923,34,32
21013,0x0924,66,80
21013,0x0926,32,0
21013,0x0927,34,32
21013,0x0928,114,82
21013,0x0929,117,104
21013,0x092A,2,40
21013,0x092B,105,34
21013,0x092C,130,66
21013,0x092D,117,104
21013,0x092E,0,38
21013,0x092F,105,34
21013,0x0930,138,100
21013,0x0931,188,121
21013,0x0932,130,10
21013,0x0933,45,105
21013,0x0934,122,116
21013,0x0935,188,121
21013,0x0936,128,8
21013,0x0937,45,105
21013,0x0938,160,141
21013,0x0939,107,188
21013,0x093A,2,138
21013,0x093B,105,45
21013,0x093C,176,125
21013,0x093D,107,188
21013,0x093E,0,136
21013,0x093F,105,45
21013,0x0940,15,144
21013,0x0941,89,111
21013,0x0943,39,105
21013,0x0944,255,160
21013,0x0945,89,111
21013,0x0947,39,105
21013,0x0948,163,158
21013,0x094C,147,142
21013,0x0950,193,187
21013,0x0951,88,99
21013,0x0954,209,203
21013,0x0955,88,99
21013,0x0958,154,149
21013,0x095C,138,133
21013,0x0960,162,157
21013,0x0964,146,141
21013,0x0968,127,111
21013,0x096B,34,36
21013,0x096C,87,71
21013,0x096D,117,120
21013,0x096E,6,7
21013,0x0970,79,73
21013,0x0971,98,83
21013,0x0972,7,6
21013,0x0973,36,34
21013,0x0974,96,118
21013,0x0975,224,155
21013,0x0976,2,6
21013,0x0977,32,34
21013,0x0B04,171,170
21013,0x0B22,112,113
21013,0x0B24,224,227
21013,0x0B26,193,198
21013,0x0B28,130,140
21013,0x0B82,112,113
21013,0x0B84,224,227
21013,0x0B86,193,198
21013,0x0B88,130,140
21013,0x0E82,4,3
21013,0x0F99,193,198
21013,0x0F9D,193,198
21013,0x0FD1,193,198
21013,0x0FF0,193,198
21013,0x1000,128,192
21013,0x1024,5,7
21013,0x1026,3,1
21013,0x1033,57,47
21013,0x1064,86,90
21013,0x106C,45,31
21013,0x16D0,235,215
21013,0x16D1,130,116
21013,0x16D3,228,236
21013,0x16D4,125,129
21013,0x16D6,94,222
21013,0x16D9,96,112
21013,0x16DC,234,16
21013,0x16DD,242,2
21013,0x16E2,220,13
21013,0x16E3,8,12
21013,0x16E4,222,17
21013,0x16E5,8,12
21013,0x16E6,175,4
21013,0x16EC,124,102
21013,0x16ED,12,43
21013,0x16F5,222,212
21013,0x16F8,3,16
21013,0x16F9,4,0
21013,0x16FA,174,179
21013,0x1710,32,64
21013,0x1711,138,141
21013,0x1724,81,83
21013,0x1726,1,3
21013,0x172C,147,138
21013,0x172D,12,43
21013,0x1738,54,44
21013,0x1751,138,141
21013,0x1775,10,16
21013,0x1777,1,0
21013,0x1779,2,111
21013,0x1790,163,79
21013,0x1791,176,160
21013,0x1793,100,36
21013,0x1794,115,119
21013,0x17A6,203,193
21013,0x17B5,10,16
21013,0x17B8,31,21
21013,0x17C0,200,0
21013,0x17F5,103,102
21013,0x17F8,1,0
21013,0x18D1,163,158
21013,0x18F8,22,12
21013,0x1911,163,158
21013,0x1935,10,16
21013,0x1939,41,31
21013,0x1950,53,159
21013,0x1951,209,203
21013,0x1953,134,28
21013,0x1954,96,107
21013,0x1956,234,14
21013,0x1959,92,208
21013,0x195A,1,0
21013,0x1966,231,221
21013,0x1975,38,28
21013,0x1978,19,9
21013,0x1991,154,149
21013,0x19B8,18,8
21013,0x19D1,154,149
21013,0x19F5,14,4
21013,0x19F9,38,28
21013,0x1A11,162,157
21013,0x1A38,34,24
21013,0x1A51,162,157
21013,0x1A75,14,4
21013,0x1A79,6,44
21013,0x1AD0,192,128
21013,0x1AD1,131,115
21013,0x1AE6,2,1
21013,0x1AE7,2,4
21013,0x1AF0,3,2
21013,0x1B10,149,175
21013,0x1B11,91,75
21013,0x1B13,93,135
21013,0x1B14,121,124
21013,0x1B24,184,182
21013,0x1B26,1,2
21013,0x1B2C,56,61
21013,0x1B30,1,3
21013,0x1B50,110,56
21013,0x1B51,83,77
21013,0x1B54,102,87
21013,0x1B64,182,184
21013,0x1B67,4,2
21013,0x1B6C,61,56
21013,0x1B70,2,1
21013,0x1B80,0,204
21013,0x1B81,0,127
21013,0x1B82,0,249
21013,0x1B83,0,4
21013,0x1B84,0,203
21013,0x1B85,0,249
21013,0x1B86,0,4
21013,0x1B88,0,1
21013,0x1B8A,0,1
21013,0x1B8D,0,30
21013,0x1B8E,0,160
21013,0x1B8F,0,1
21013,0x1B90,0,8
21013,0x1B91,0,122
21013,0x1B94,0,159
21013,0x1B9E,0,2
21013,0x1B9F,0,2
21013,0x1BA0,0,80
21013,0x1BA1,0,2
21013,0x1BA2,0,180
21013,0x1BA3,0,10
21013,0x1BA4,0,184
21013,0x1BA5,0,10
21013,0x1BA6,0,1
21013,0x1BA7,0,2
21013,0x1BA8,0,6
21013,0x1BAA,0,22
21013,0x1BAB,0,4
21013,0x1BAC,0,56
21013,0x1BAD,0,36
21013,0x1BB0,0,1
21023,0x0004,34,36
21023,0x0020,118,0
21023,0x0021,0,79
21023,0x0022,155,0
21023,0x0024,6,7
21023,0x0029,1,0
21023,0x002C,128,112
21023,0x0049,2,4
21023,0x0051,10,6
21023,0x0068,16,32
21023,0x0069,253,7
21023,0x006B,183,193
21023,0x006C,0,1
21023,0x006D,0,72
21023,0x007B,198,203
21023,0x00AD,142,152
21023,0x00B7,30,27
21023,0x00CD,98,113
21023,0x00CE,101,131
21023,0x00CF,43,93
21023,0x00D0,226,40
21023,0x0172,54,52
21023,0x0176,165,144
21023,0x01FE,171,157
21023,0x023D,36,52
21023,0x023E,91,111
21023,0x02F6,44,155
21023,0x02FD,39,41
21023,0x0301,41,0
21023,0x0302,76,96
21023,0x0303,10,128
21023,0x0305,140,128
21023,0x0306,148,170
21023,0x0307,1,15
21023,0x0309,73,0
21023,0x030A,76,97
21023,0x030B,10,128
21023,0x030D,150,128
21023,0x030E,148,172
21023,0x030F,1,15
21023,0x0311,105,41
21023,0x0315,160,100
21023,0x0319,137,73
21023,0x031D,170,110
21023,0x0321,38,105
21023,0x0322,79,76
21023,0x0323,20,10
21023,0x0325,252,120
21023,0x0326,145,148
21023,0x0329,70,137
21023,0x032A,79,76
21023,0x032B,20,10
21023,0x032D,16,130
21023,0x032E,146,148
21023,0x0331,102,38
21023,0x0335,36,56
21023,0x033D,212,76
21023,0x033E,145,146
21023,0x0345,232,96
21023,0x0346,145,146
21023,0x0501,145,153
21023,0x0502,82,90
21023,0x0508,92,89
21023,0x0509,94,81
21023,0x050A,4,20
21023,0x050B,8,20
21023,0x050F,28,146
21023,0x0510,84,82
21023,0x0512,12,40
21023,0x0600,0,189
21023,0x0601,0,12
21023,0x0602,0,205
21023,0x0603,0,12
21023,0x0604,0,217
21023,0x0605,0,16
21023,0x0606,0,154
21023,0x0607,0,17
21023,0x0608,0,11
21023,0x0609,0,16
21023,0x060A,0,11
21023,0x060B,0,16
21023,0x060C,0,31
21023,0x060D,0,17
21023,0x060E,0,47
21023,0x060F,0,17
21023,0x0610,0,116
21023,0x0611,0,16
21023,0x0612,0,118
21023,0x0613,0,16
21023,0x0614,159,0
21023,0x0615,26,0
21023,0x0616,109,0
21023,0x0617,24,0
21023,0x061C,0,147
21023,0x061D,0,12
21023,0x061E,0,152
21023,0x061F,0,12
21023,0x0620,188,157
21023,0x0622,204,157
21023,0x0624,95,163
21023,0x0625,16,12
21023,0x0626,153,172
21023,0x0627,17,12
21023,0x0628,11,0
21023,0x0629,16,0
21023,0x062A,11,0
21023,0x062B,16,0
21023,0x062C,30,0
21023,0x062D,17,0
21023,0x062E,46,0
21023,0x062F,17,0
21023,0x0630,116,0
21023,0x0631,16,0
21023,0x0632,117,0
21023,0x0633,16,0
21023,0x071A,165,94
21023,0x071B,28,115
21023,0x071C,60,30
21023,0x071D,1,0
21023,0x071E,62,8
21023,0x071F,2,0
21023,0x0874,86,222
21023,0x0875,1,42
21023,0x0876,222,86
21023,0x0877,42,1
21023,0x0894,14,22
21023,0x0895,58,91
21023,0x0896,22,14
21023,0x0897,91,58
21023,0x0900,133,136
21023,0x0904,125,128
21023,0x0908,133,128
21023,0x090C,149,144
21023,0x0910,124,120
21023,0x0914,140,136
21023,0x0918,132,127
21023,0x091C,148,143
21023,0x0920,96,74
21023,0x0922,2,36
21023,0x0923,32,34
21023,0x0924,80,108
21023,0x0925,104,126
21023,0x0926,0,14
21023,0x0927,32,41
21023,0x0928,82,92
21023,0x0929,104,126
21023,0x092A,40,12
21023,0x092B,34,41
21023,0x092C,66,144
21023,0x092D,104,188
21023,0x092E,38,138
21023,0x092F,34,45
21023,0x0930,100,128
21023,0x0931,121,188
21023,0x0932,10,136
21023,0x0933,105,45
21023,0x0934,116,127
21023,0x0935,121,114
21023,0x0936,8,2
21023,0x0938,141,143
21023,0x0939,188,114
21023,0x093A,138,0
21023,0x093B,45,105
21023,0x093C,125,153
21023,0x093D,188,176
21023,0x093E,136,130
21023,0x0940,144,137
21023,0x0941,111,176
21023,0x0942,2,128
21023,0x0943,105,45
21023,0x0944,160,173
21023,0x0945,111,104
21023,0x0946,0,2
21023,0x0948,158,189
21023,0x0949,176,104
21023,0x094A,130,0
21023,0x094B,45,105
21023,0x094C,142,145
21023,0x094E,128,130
21023,0x0950,187,129
21023,0x0951,99,176
21023,0x0952,2,128
21023,0x0953,105,45
21023,0x0954,203,152
21023,0x0955,99,188
21023,0x0956,0,138
21023,0x0957,105,45
21023,0x0958,149,136
21023,0x0959,176,188
21023,0x095A,138,136
21023,0x095C,133,95
21023,0x095D,176,114
21023,0x095E,136,6
21023,0x095F,45,34
21023,0x0960,157,55
21023,0x0961,188,123
21023,0x0962,138,7
21023,0x0963,45,34
21023,0x0964,141,67
21023,0x0965,188,68
21023,0x0966,136,7
21023,0x0967,45,34
21023,0x0969,114,140
21023,0x096B,36,34
21023,0x096C,71,66
21023,0x096D,120,224
21023,0x096E,7,32
21023,0x096F,36,34
21023,0x0970,73,96
21023,0x0971,83,224
21023,0x0972,6,2
21023,0x0973,34,32
21023,0x0974,118,80
21023,0x0975,155,224
21023,0x0976,6,0
21023,0x0977,34,32
21023,0x0B05,170,42
21023,0x0B06,10,0
21023,0x0B22,113,114
21023,0x0B24,227,229
21023,0x0B26,198,203
21023,0x0B28,140,150
21023,0x0B82,113,114
21023,0x0B84,227,229
21023,0x0B86,198,203
21023,0x0B88,140,150
21023,0x0E82,3,1
21023,0x0F99,198,203
21023,0x0F9D,198,203
21023,0x0FD1,198,203
21023,0x0FF0,198,203
21023,0x1000,192,128
21023,0x1022,251,62
21023,0x1023,6,7
21023,0x1024,7,64
21023,0x1026,1,9
21023,0x1030,4,2
21023,0x1033,47,37
21023,0x1064,90,88
21023,0x106C,31,40
21023,0x16D0,215,243
21023,0x16D1,116,108
21023,0x16D3,236,186
21023,0x16D4,129,134
21023,0x16D6,222,126
21023,0x16D7,254,255
21023,0x16D9,112,132
21023,0x16E4,17,21
21023,0x16E6,4,6
21023,0x16EC,102,129
21023,0x16F5,212,202
21023,0x16F8,16,6
21023,0x1710,64,96
21023,0x1711,141,144
21023,0x1726,3,2
21023,0x1738,44,34
21023,0x1751,141,144
21023,0x1775,16,6
21023,0x1779,111,101
21023,0x1790,79,251
21023,0x1791,160,143
21023,0x1793,36,228
21023,0x1794,119,122
21023,0x17A6,193,183
21023,0x17B5,16,6
21023,0x17B8,21,11
21023,0x18D1,158,153
21023,0x18F8,12,2
21023,0x1911,158,153
21023,0x1935,16,6
21023,0x1939,31,21
21023,0x1950,159,179
21023,0x1951,203,189
21023,0x1953,28,100
21023,0x1954,107,112
21023,0x1956,14,94
21023,0x1957,255,254
21023,0x1959,208,96
21023,0x1966,221,211
21023,0x1975,28,18
21023,0x1978,9,39
21023,0x1979,0,4
21023,0x197A,171,174
21023,0x1980,216,200
21023,0x1981,219,25
21023,0x1990,0,160
21023,0x1991,149,145
21023,0x1996,0,80
21023,0x1997,255,0
21023,0x1998,255,0
21023,0x19A2,245,79
21023,0x19A3,9,15
21023,0x19A4,251,81
21023,0x19A5,9,15
21023,0x19AC,138,147
21023,0x19AD,43,12
21023,0x19B8,8,126
21023,0x19D1,149,145
21023,0x19F5,4,10
21023,0x19F9,28,18
21023,0x1A11,157,152
21023,0x1A38,24,14
21023,0x1A51,157,152
21023,0x1A75,4,10
21023,0x1A79,44,34
21023,0x1AD0,128,64
21023,0x1AD1,115,99
21023,0x1AE4,182,184
21023,0x1AE7,4,2
21023,0x1AEC,61,56
21023,0x1AF0,2,1
21023,0x1B10,175,201
21023,0x1B11,75,59
21023,0x1B13,135,177
21023,0x1B14,124,127
21023,0x1B26,2,1
21023,0x1B27,4,2
21023,0x1B30,3,2
21023,0x1B50,56,2
21023,0x1B51,77,71
21023,0x1B54,87,72
21023,0x1B64,184,182
21023,0x1B66,1,2
21023,0x1B6C,56,61
21023,0x1B70,1,3
21023,0x1B90,8,210
21023,0x1B91,122,115
21023,0x1B94,159,144
21023,0x1BA4,184,182
21023,0x1BA6,1,2
21023,0x1BAC,56,61
21023,0x1BB0,1,3
21033,0x0004,36,40
21033,0x0020,0,105
21033,0x0021,79,0
21033,0x0022,0,125
21033,0x0026,34,36
21033,0x0028,34,36
21033,0x0029,0,1
21033,0x002C,112,152
21033,0x0049,4,10
21033,0x0051,6,2
21033,0x0068,32,16
21033,0x0069,7,17
21033,0x006B,193,203
21033,0x006C,1,0
21033,0x006D,72,0
21033,0x0071,10,12
21033,0x0072,10,12
21033,0x007B,203,208
21033,0x00AD,152,162
21033,0x00B7,27,30
21033,0x00CD,113,128
21033,0x00CE,131,40
21033,0x00CF,93,143
21033,0x00D0,40,110
21033,0x00D1,0,1
21033,0x0173,173,64
21033,0x0174,178,26
21033,0x0176,144,165
21033,0x01FD,36,52
21033,0x01FE,157,207
21033,0x023E,111,123
21033,0x02F6,155,39
21033,0x02FD,41,39
21033,0x0301,0,41
21033,0x0302,96,76
21033,0x0303,128,10
21033,0x0305,128,60
21033,0x0306,170,148
21033,0x0307,15,1
21033,0x0309,0,73
21033,0x030A,97,76
21033,0x030B,128,10
21033,0x030D,128,70
21033,0x030E,172,148
21033,0x030F,15,1
21033,0x0311,41,105
21033,0x0315,100,80
21033,0x0319,73,137
21033,0x031D,110,90
21033,0x0501,153,93
21033,0x0502,90,94
21033,0x0503,20,4
21033,0x0508,89,29
21033,0x0509,81,84
21033,0x050B,20,4
21033,0x050F,146,154
21033,0x0510,82,90
21033,0x0512,40,24
21033,0x0516,152,90
21033,0x0517,90,81
21033,0x0519,32,44
21033,0x051D,88,148
21033,0x051E,81,82
21033,0x0520,52,64
21033,0x0600,189,192
21033,0x0601,12,22
21033,0x0602,205,209
21033,0x0603,12,22
21033,0x0604,217,0
21033,0x0605,16,0
21033,0x0606,154,0
21033,0x0607,17,0
21033,0x0608,11,150
21033,0x0609,16,26
21033,0x060A,11,183
21033,0x060B,16,26
21033,0x060C,31,191
21033,0x060D,17,26
21033,0x060E,47,108
21033,0x060F,17,88
21033,0x0610,116,0
21033,0x0611,16,0
21033,0x0612,118,0
21033,0x0613,16,0
21033,0x0618,0,188
21033,0x0619,0,12
21033,0x061A,0,204
21033,0x061B,0,12
21033,0x061C,147,95
21033,0x061D,12,16
21033,0x061E,152,11
21033,0x061F,12,16
21033,0x0620,157,11
21033,0x0621,12,16
21033,0x0622,157,11
21033,0x0623,12,16
21033,0x0624,163,29
21033,0x0625,12,17
21033,0x0626,172,45
21033,0x0627,12,17
21033,0x0628,0,116
21033,0x0629,0,16
21033,0x062A,0,117
21033,0x062B,0,16
21033,0x0634,0,148
21033,0x0635,0,12
21033,0x0636,0,153
21033,0x0637,0,12
21033,0x0638,0,158
21033,0x0639,0,12
21033,0x063A,0,158
21033,0x063B,0,12
21033,0x063C,146,164
21033,0x063E,151,172
21033,0x0640,156,0
21033,0x0641,12,0
21033,0x0642,156,0
21033,0x0643,12,0
21033,0x0644,162,0
21033,0x0645,12,0
21033,0x0646,172,0
21033,0x0647,12,0
21033,0x071A,94,90
21033,0x071B,115,107
21033,0x071C,30,10
21033,0x071E,8,0
21033,0x0874,222,86
21033,0x0875,42,1
21033,0x0876,86,222
21033,0x0877,1,42
21033,0x0894,22,14
21033,0x0895,91,58
21033,0x0896,14,22
21033,0x0897,58,91
21033,0x0900,136,122
21033,0x0901,181,173
21033,0x0902,170,164
21033,0x0904,128,138
21033,0x0905,165,181
21033,0x0906,168,166
21033,0x0908,128,119
21033,0x090C,144,135
21033,0x0910,120,123
21033,0x0914,136,139
21033,0x0918,127,122
21033,0x091C,143,138
21033,0x0920,74,96
21033,0x0922,36,2
21033,0x0923,34,38
21033,0x0924,108,80
21033,0x0925,126,104
21033,0x0926,14,0
21033,0x0927,41,38
21033,0x0928,92,82
21033,0x0929,126,104
21033,0x092A,12,34
21033,0x092B,41,34
21033,0x092C,144,66
21033,0x092D,188,104
21033,0x092E,138,32
21033,0x092F,45,34
21033,0x0930,128,106
21033,0x0931,188,132
21033,0x0932,136,2
21033,0x0933,45,41
21033,0x0934,127,90
21033,0x0935,114,132
21033,0x0936,2,0
21033,0x0937,105,41
21033,0x0938,143,147
21033,0x0939,114,188
21033,0x093A,0,138
21033,0x093B,105,45
21033,0x093C,153,131
21033,0x093D,176,188
21033,0x093E,130,136
21033,0x0940,137,111
21033,0x0941,176,118
21033,0x0942,128,2
21033,0x0943,45,105
21033,0x0944,173,127
21033,0x0945,104,118
21033,0x0946,2,0
21033,0x0948,189,144
21033,0x0949,104,176
21033,0x094A,0,138
21033,0x094B,105,45
21033,0x094C,145,128
21033,0x094E,130,136
21033,0x0950,129,157
21033,0x0951,176,108
21033,0x0952,128,2
21033,0x0953,45,105
21033,0x0954,152,173
21033,0x0955,188,108
21033,0x0956,138,0
21033,0x0957,45,105
21033,0x0958,136,148
21033,0x0959,188,176
21033,0x095A,136,138
21033,0x095C,95,132
21033,0x095D,114,176
21033,0x095E,6,136
21033,0x095F,34,45
21033,0x0960,55,147
21033,0x0961,123,188
21033,0x0962,7,138
21033,0x0963,34,45
21033,0x0964,67,131
21033,0x0965,68,188
21033,0x0966,7,136
21033,0x0967,34,45
21033,0x0968,111,79
21033,0x0969,140,114
21033,0x096C,66,39
21033,0x096D,224,126
21033,0x096E,32,6
21033,0x096F,34,36
21033,0x0970,96,60
21033,0x0971,224,53
21033,0x0972,2,7
21033,0x0973,32,36
21033,0x0974,80,105
21033,0x0975,224,125
21033,0x0976,0,7
21033,0x0977,32,36
21033,0x0B05,42,170
21033,0x0B06,0,10
21033,0x0B22,114,116
21033,0x0B24,229,232
21033,0x0B26,203,208
21033,0x0B28,150,160
21033,0x0B82,114,116
21033,0x0B84,229,232
21033,0x0B86,203,208
21033,0x0B88,150,160
21033,0x0BEA,2,36
21033,0x0E82,1,0
21033,0x0F99,203,208
21033,0x0F9D,203,208
21033,0x0FD1,203,208
21033,0x0FF0,203,208
21033,0x1000,128,192
21033,0x1027,0,6
21033,0x1033,37,27
21033,0x1034,180,170
21033,0x1064,88,86
21033,0x106C,40,45
21033,0x16D0,243,245
21033,0x16D1,108,106
21033,0x16D3,186,20
21033,0x16D4,134,140
21033,0x16D6,126,0
21033,0x16D7,255,0
21033,0x16D8,255,0
21033,0x16DC,16,10
21033,0x16DD,2,254
21033,0x16E2,13,65
21033,0x16E3,12,7
21033,0x16E4,21,67
21033,0x16E5,12,7
21033,0x16E6,6,250
21033,0x16EC,129,147
21033,0x16ED,43,12
21033,0x16F5,202,192
21033,0x16F8,6,44
21033,0x16FA,179,184
21033,0x1710,96,100
21033,0x1711,144,147
21033,0x1716,80,73
21033,0x1722,79,35
21033,0x1724,83,39
21033,0x1726,2,7
21033,0x1738,34,24
21033,0x174D,3,2
21033,0x1751,144,147
21033,0x1762,217,220
21033,0x1764,219,222
21033,0x176C,194,203
21033,0x1775,6,12
21033,0x1779,101,91
21033,0x1790,251,167
21033,0x1791,143,127
21033,0x1793,228,164
21033,0x1794,122,126
21033,0x17A6,183,173
21033,0x17B5,6,9
21033,0x17B8,11,1
21033,0x18C0,216,200
21033,0x18C1,255,102
21033,0x18D1,153,144
21033,0x18D6,50,0
21033,0x18D7,0,255
21033,0x18D8,0,255
21033,0x18E2,35,245
21033,0x18E3,15,9
21033,0x18E4,43,251
21033,0x18E5,15,9
21033,0x18E6,254,1
21033,0x18EC,147,138
21033,0x18ED,12,43
21033,0x18F8,2,0
21033,0x1911,153,144
21033,0x1935,6,12
21033,0x1939,21,11
21033,0x1950,179,95
21033,0x1951,189,173
21033,0x1953,100,36
21033,0x1954,112,116
21033,0x1966,211,201
21033,0x1975,18,8
21033,0x1978,39,29
21033,0x1990,160,192
21033,0x1991,145,148
21033,0x19A4,81,83
21033,0x19A6,1,3
21033,0x19AC,147,138
21033,0x19AD,12,43
21033,0x19B8,126,116
21033,0x19D1,145,148
21033,0x19F5,10,16
21033,0x19F9,18,8
21033,0x1A11,152,147
21033,0x1A38,14,4
21033,0x1A51,152,147
21033,0x1A75,10,16
21033,0x1A79,34,24
21033,0x1AD0,64,0
21033,0x1AD1,99,83
21033,0x1AE4,184,182
21033,0x1AE6,1,2
21033,0x1AEC,56,61
21033,0x1AF0,1,3
21033,0x1B10,201,227
21033,0x1B11,59,43
21033,0x1B13,177,219
21033,0x1B14,127,130
21033,0x1B24,182,184
21033,0x1B27,2,4
21033,0x1B2C,61,56
21033,0x1B30,2,1
21033,0x1B50,2,204
21033,0x1B51,71,64
21033,0x1B54,72,57
21033,0x1B66,2,1
21033,0x1B67,2,4
21033,0x1B70,3,2
21033,0x1B90,210,156
21033,0x1B91,115,109
21033,0x1B94,144,129
21033,0x1BA6,2,1
21033,0x1BA7,2,4
21033,0x1BB0,3,2
21033,0xFFFF,134,135
21043,0x0004,40,42
21043,0x0020,105,127
21043,0x0022,125,157
21043,0x0024,7,6
21043,0x0026,36,34
21043,0x0028,36,34
21043,0x0029,1,0
21043,0x002C,152,112
21043,0x0049,10,12
21043,0x0051,2,4
21043,0x0068,16,24
21043,0x0069,17,27
21043,0x006B,203,213
21043,0x006C,0,1
21043,0x007B,208,213
21043,0x00AD,162,172
21043,0x00CD,128,143
21043,0x00CE,40,186
21043,0x00CF,143,98
21043,0x00D0,110,75
21043,0x016E,192,64
21043,0x016F,22,25
21043,0x0171,64,192
21043,0x0173,64,173
21043,0x0174,26,178
21043,0x01B9,128,0
21043,0x01BA,27,28
21043,0x01FE,207,215
21043,0x023D,52,36
21043,0x023E,123,91
21043,0x02F6,39,155
21043,0x0301,41,38
21043,0x0302,76,79
21043,0x0303,10,20
21043,0x0305,60,252
21043,0x0306,148,145
21043,0x0309,73,70
21043,0x030A,76,79
21043,0x030B,10,20
21043,0x030D,70,16
21043,0x030E,148,146
21043,0x0311,105,102
21043,0x0312,76,79
21043,0x0313,10,20
21043,0x0315,80,36
21043,0x0316,148,146
21043,0x0501,93,149
21043,0x0502,94,82
21043,0x0503,4,20
21043,0x0600,192,0
21043,0x0601,22,0
21043,0x0602,209,0
21043,0x0603,22,0
21043,0x0608,150,0
21043,0x0609,26,0
21043,0x060A,183,0
21043,0x060B,26,0
21043,0x060C,191,0
21043,0x060D,26,0
21043,0x060E,108,0
21043,0x060F,88,0
21043,0x071A,90,165
21043,0x071B,107,28
21043,0x071C,10,60
21043,0x071D,0,1
21043,0x071E,0,62
21043,0x071F,0,2
21043,0x072C,220,92
21043,0x072D,74,9
21043,0x072E,222,30
21043,0x072F,123,10
21043,0x0734,16,142
21043,0x0735,74,8
21043,0x0736,222,88
21043,0x0737,123,9
21043,0x073C,149,150
21043,0x073D,17,8
21043,0x073E,220,92
21043,0x073F,74,9
21043,0x0874,86,222
21043,0x0875,1,42
21043,0x0876,222,86
21043,0x0877,42,1
21043,0x0894,14,22
21043,0x0895,58,91
21043,0x0896,22,14
21043,0x0897,91,58
21043,0x0900,122,125
21043,0x0904,138,141
21043,0x0908,119,109
21043,0x090C,135,125
21043,0x0910,123,126
21043,0x0914,139,142
21043,0x0918,122,121
21043,0x091C,138,137
21043,0x0920,96,82
21043,0x0922,2,40
21043,0x0923,38,34
21043,0x0924,80,66
21043,0x0926,0,38
21043,0x0927,38,34
21043,0x0928,82,109
21043,0x0929,104,136
21043,0x092A,34,2
21043,0x092B,34,41
21043,0x092C,66,93
21043,0x092D,104,136
21043,0x092E,32,0
21043,0x092F,34,41
21043,0x0930,106,150
21043,0x0931,132,188
21043,0x0932,2,134
21043,0x0933,41,45
21043,0x0934,90,134
21043,0x0935,132,188
21043,0x0936,0,132
21043,0x0937,41,45
21043,0x0938,147,98
21043,0x0939,188,122
21043,0x093A,138,10
21043,0x093B,45,105
21043,0x093C,131,114
21043,0x093D,188,122
21043,0x093E,136,8
21043,0x093F,45,105
21043,0x0940,111,134
21043,0x0941,118,176
21043,0x0942,2,130
21043,0x0943,105,45
21043,0x0944,127,118
21043,0x0945,118,176
21043,0x0946,0,128
21043,0x0947,105,45
21043,0x0948,144,141
21043,0x0949,176,111
21043,0x094A,138,2
21043,0x094B,45,105
21043,0x094C,128,157
21043,0x094D,176,111
21043,0x094E,136,0
21043,0x094F,45,105
21043,0x0950,157,151
21043,0x0951,108,176
21043,0x0952,2,138
21043,0x0953,105,45
21043,0x0954,173,135
21043,0x0955,108,176
21043,0x0956,0,136
21043,0x0957,105,45
21043,0x0958,148,146
21043,0x0959,176,188
21043,0x095A,138,134
21043,0x095C,132,130
21043,0x095D,176,188
21043,0x095E,136,132
21043,0x0960,147,62
21043,0x0961,188,114
21043,0x0962,138,7
21043,0x0963,45,36
21043,0x0964,131,23
21043,0x0965,188,130
21043,0x0966,136,7
21043,0x0967,45,36
21043,0x0968,79,54
21043,0x0969,114,38
21043,0x096A,7,6
21043,0x096C,39,99
21043,0x096D,126,110
21043,0x096F,36,34
21043,0x0970,60,153
21043,0x0971,53,114
21043,0x0972,7,6
21043,0x0973,36,34
21043,0x0974,105,127
21043,0x0975,125,157
21043,0x0976,7,6
21043,0x0977,36,34
21043,0x0B06,10,0
21043,0x0B22,116,117
21043,0x0B24,232,234
21043,0x0B26,208,213
21043,0x0B28,160,170
21043,0x0B82,116,117
21043,0x0B84,232,234
21043,0x0B86,208,213
21043,0x0B88,160,170
21043,0x0F99,208,213
21043,0x0F9D,208,213
21043,0x0FD1,208,213
21043,0x0FF0,208,213
21043,0x1000,192,128
21043,0x1027,6,0
21043,0x1033,27,17
21043,0x1034,170,160
21043,0x1064,86,90
21043,0x106C,45,31
21043,0x16D0,245,27
21043,0x16D1,106,109
21043,0x16D3,20,206
21043,0x16D4,140,144
21043,0x16D6,0,100
21043,0x16D9,132,112
21043,0x16E6,250,240
21043,0x16F5,192,182
21043,0x16F8,44,34
21043,0x1710,100,7
21043,0x1711,147,150
21043,0x1716,73,63
21043,0x1724,39,41
21043,0x1726,7,12
21043,0x172C,138,147
21043,0x1738,24,14
21043,0x1751,147,150
21043,0x1775,12,2
21043,0x1779,91,81
21043,0x1790,167,195
21043,0x1791,127,114
21043,0x1793,164,210
21043,0x1794,126,130
21043,0x1796,94,254
21043,0x1799,96,116
21043,0x179C,234,16
21043,0x179D,242,2
21043,0x17A2,220,13
21043,0x17A3,8,12
21043,0x17A4,222,17
21043,0x17A5,8,12
21043,0x17A6,173,2
21043,0x17AC,124,102
21043,0x17AD,12,43
21043,0x17B5,9,127
21043,0x17B8,1,14
21043,0x17B9,4,0
21043,0x17BA,174,179
21043,0x18D1,144,134
21043,0x18E4,251,247
21043,0x18E6,1,3
21043,0x18EC,138,147
21043,0x18ED,43,12
21043,0x1911,144,134
21043,0x1935,12,2
21043,0x1939,11,1
21043,0x1950,95,11
21043,0x1951,173,157
21043,0x1953,36,228
21043,0x1954,116,119
21043,0x1966,201,191
21043,0x1975,8,148
21043,0x1978,29,19
21043,0x1990,192,224
21043,0x1991,148,151
21043,0x19A6,3,2
21043,0x19B8,116,106
21043,0x19D1,148,151
21043,0x19F5,16,6
21043,0x19F7,0,1
21043,0x19F9,8,46
21043,0x1A00,216,200
21043,0x1A01,219,25
21043,0x1A10,0,224
21043,0x1A11,147,146
21043,0x1A16,0,80
21043,0x1A17,255,0
21043,0x1A18,255,0
21043,0x1A22,245,79
21043,0x1A23,9,15
21043,0x1A24,251,85
21043,0x1A25,9,15
21043,0x1A26,1,3
21043,0x1A2C,138,147
21043,0x1A38,4,122
21043,0x1A51,147,146
21043,0x1A75,16,6
21043,0x1A79,24,14
21043,0x1AD0,0,192
21043,0x1AD1,83,66
21043,0x1AE6,2,1
21043,0x1AE7,2,4
21043,0x1AF0,3,2
21043,0x1B10,227,253
21043,0x1B11,43,27
21043,0x1B13,219,5
21043,0x1B14,130,134
21043,0x1B24,184,182
21043,0x1B26,1,2
21043,0x1B2C,56,61
21043,0x1B30,1,3
21043,0x1B50,204,150
21043,0x1B51,64,58
21043,0x1B54,57,42
21043,0x1B64,182,184
21043,0x1B67,4,2
21043,0x1B6C,61,56
21043,0x1B70,2,1
21043,0x1B90,156,102
21043,0x1B91,109,103
21043,0x1B94,129,114
21043,0x1BA4,182,184
21043,0x1BA7,4,2
21043,0x1BAC,61,56
21043,0x1BB0,2,1
21043,0x1BC0,0,204
21043,0x1BC1,0,127
21043,0x1BC2,0,249
21043,0x1BC3,0,4
21043,0x1BC4,0,203
21043,0x1BC5,0,249
21043,0x1BC6,0,4
21043,0x1BC8,0,1
21043,0x1BCA,0,1
21043,0x1BCD,0,24
21043,0x1BCE,0,160
21043,0x1BCF,0,1
21043,0x1BD0,0,192
21043,0x1BD1,0,157
21043,0x1BD4,0,118
21043,0x1BDE,0,2
21043,0x1BDF,0,2
21043,0x1BE0,0,80
21043,0x1BE1,0,2
21043,0x1BE2,0,180
21043,0x1BE3,0,10
21043,0x1BE4,0,184
21043,0x1BE5,0,10
21043,0x1BE6,0,1
21043,0x1BE7,0,2
21043,0x1BE8,0,6
21043,0x1BEA,0,22
21043,0x1BEB,0,4
21043,0x1BEC,0,56
21043,0x1BED,0,36
21043,0x1BF0,0,1
21043,0x1C00,0,204
21043,0x1C01,0,127
21043,0x1C02,0,249
21043,0x1C03,0,4
21043,0x1C04,0,203
21043,0x1C05,0,249
21043,0x1C06,0,4
21043,0x1C08,0,1
21043,0x1C0A,0,1
21043,0x1C0D,0,28
21043,0x1C0E,0,160
21043,0x1C0F,0,1
21043,0x1C10,0,180
21043,0x1C11,0,131
21043,0x1C13,0,180
21043,0x1C14,0,161
21043,0x1C1E,0,2
21043,0x1C1F,0,2
21043,0x1C20,0,80
21043,0x1C21,0,2
21043,0x1C22,0,180
21043,0x1C23,0,10
21043,0x1C24,0,184
21043,0x1C25,0,10
21043,0x1C26,0,1
21043,0x1C27,0,2
21043,0x1C28,0,6
21043,0x1C2A,0,22
21043,0x1C2B,0,4
21043,0x1C2C,0,56
21043,0x1C2D,0,36
21043,0x1C30,0,1
21053,0x0004,42,44
21053,0x0020,127,0
21053,0x0022,157,146
21053,0x0024,6,7
21053,0x0049,12,2
21053,0x0051,4,6
21053,0x0068,24,32
21053,0x0069,27,37
21053,0x006B,213,223
21053,0x007B,213,218
21053,0x00AD,172,182
21053,0x00B7,30,33
21053,0x00B8,0,16
21053,0x00B9,0,1
21053,0x00BA,184,96
21053,0x00BF,184,192
21053,0x00C2,15,16
21053,0x00CA,3,4
21053,0x00CD,143,158
21053,0x00CE,186,216
21053,0x00CF,98,25
21053,0x00D0,75,160
21053,0x00D1,1,3
21053,0x0176,165,144
21053,0x023D,36,52
21053,0x023E,91,123
21053,0x02F6,155,53
21053,0x0305,252,56
21053,0x0306,145,146
21053,0x030D,16,76
21053,0x0315,36,96
21053,0x0501,149,155
21053,0x0502,82,90
21053,0x0508,29,91
21053,0x0509,84,81
21053,0x050B,4,20
21053,0x050F,154,150
21053,0x0510,90,82
21053,0x0512,24,40
21053,0x0600,0,189
21053,0x0601,0,12
21053,0x0602,0,205
21053,0x0603,0,12
21053,0x0604,0,217
21053,0x0605,0,16
21053,0x0606,0,11
21053,0x0607,0,16
21053,0x0608,0,11
21053,0x0609,0,16
21053,0x060A,0,11
21053,0x060B,0,16
21053,0x060C,0,30
21053,0x060D,0,17
21053,0x060E,0,46
21053,0x060F,0,17
21053,0x0610,0,116
21053,0x0611,0,16
21053,0x0612,0,118
21053,0x0613,0,16
21053,0x0618,188,0
21053,0x0619,12,0
21053,0x061A,204,0
21053,0x061B,12,0
21053,0x061C,95,0
21053,0x061D,16,0
21053,0x061E,11,0
21053,0x061F,16,0
21053,0x0620,11,0
21053,0x0621,16,0
21053,0x0622,11,185
21053,0x0623,16,12
21053,0x0624,29,165
21053,0x0625,17,12
21053,0x0626,45,172
21053,0x0627,17,12
21053,0x0628,116,0
21053,0x0629,16,0
21053,0x062A,117,0
21053,0x062B,16,0
21053,0x0634,148,0
21053,0x0635,12,0
21053,0x0636,153,0
21053,0x0637,12,0
21053,0x0638,158,0
21053,0x0639,12,0
21053,0x063A,158,0
21053,0x063B,12,0
21053,0x071A,165,90
21053,0x071B,28,107
21053,0x071C,60,10
21053,0x071D,1,0
21053,0x071E,62,0
21053,0x071F,2,0
21053,0x0874,222,86
21053,0x0875,42,1
21053,0x0876,86,222
21053,0x0877,1,42
21053,0x0894,22,14
21053,0x0895,91,58
21053,0x0896,14,22
21053,0x0897,58,91
21053,0x0900,125,127
21053,0x0904,141,143
21053,0x0908,109,116
21053,0x0909,161,169
21053,0x090A,164,170
21053,0x090C,125,108
21053,0x090D,169,153
21053,0x090E,166,168
21053,0x0910,126,130
21053,0x0914,142,146
21053,0x0918,121,125
21053,0x091C,137,141
21053,0x0920,82,96
21053,0x0922,40,2
21053,0x0923,34,38
21053,0x0924,66,80
21053,0x0926,38,0
21053,0x0927,34,38
21053,0x0928,109,74
21053,0x0929,136,104
21053,0x092A,2,36
21053,0x092B,41,34
21053,0x092C,93,115
21053,0x092D,136,140
21053,0x092E,0,2
21053,0x0930,150,99
21053,0x0931,188,140
21053,0x0932,134,0
21053,0x0933,45,41
21053,0x0934,134,152
21053,0x0936,132,134
21053,0x0938,98,136
21053,0x0939,122,188
21053,0x093A,10,132
21053,0x093B,105,45
21053,0x093C,114,108
21053,0x093D,122,127
21053,0x093E,8,14
21053,0x093F,105,41
21053,0x0940,134,92
21053,0x0941,176,127
21053,0x0942,130,12
21053,0x0943,45,41
21053,0x0944,118,251
21053,0x0945,176,88
21053,0x0946,128,2
21053,0x0947,45,105
21053,0x0948,141,11
21053,0x0949,111,88
21053,0x094A,2,0
21053,0x094C,157,124
21053,0x094D,111,176
21053,0x094E,0,130
21053,0x094F,105,45
21053,0x0950,151,108
21053,0x0952,138,128
21053,0x0954,135,124
21053,0x0955,176,115
21053,0x0956,136,2
21053,0x0957,45,105
21053,0x0958,146,140
21053,0x0959,188,115
21053,0x095A,134,0
21053,0x095B,45,105
21053,0x095C,130,155
21053,0x095D,188,176
21053,0x095E,132,138
21053,0x0960,62,139
21053,0x0961,114,176
21053,0x0962,7,136
21053,0x0963,36,45
21053,0x0964,23,150
21053,0x0965,130,188
21053,0x0966,7,134
21053,0x0967,36,45
21053,0x0968,54,134
21053,0x0969,38,188
21053,0x096A,6,132
21053,0x096B,34,45
21053,0x096C,99,46
21053,0x096D,110,114
21053,0x0970,153,8
21053,0x0971,114,133
21053,0x0972,6,7
21053,0x0974,127,48
21053,0x0975,157,23
21053,0x0976,6,7
21053,0x0978,80,93
21053,0x0979,224,95
21053,0x097A,0,7
21053,0x097B,32,34
21053,0x097C,96,137
21053,0x097D,224,114
21053,0x097E,2,7
21053,0x097F,32,34
21053,0x0980,80,116
21053,0x0981,224,146
21053,0x0982,0,7
21053,0x0983,32,34
21053,0x0B04,170,186
21053,0x0B06,0,42
21053,0x0B22,117,118
21053,0x0B24,234,237
21053,0x0B26,213,218
21053,0x0B28,170,180
21053,0x0B82,117,118
21053,0x0B84,234,237
21053,0x0B86,213,218
21053,0x0B88,170,180
21053,0x0F99,213,218
21053,0x0F9D,213,218
21053,0x0FD1,213,218
21053,0x0FF0,213,218
21053,0x1000,128,192
21053,0x1027,0,6
21053,0x1033,17,7
21053,0x1034,160,150
21053,0x1064,90,88
21053,0x106C,31,40
21053,0x16D0,27,41
21053,0x16D1,109,115
21053,0x16D3,206,192
21053,0x16D4,144,148
21053,0x16D6,100,200
21053,0x16D9,112,92
21053,0x16E6,240,230
21053,0x16F5,182,172
21053,0x16F8,34,24
21053,0x1710,7,70
21053,0x1711,150,152
21053,0x1716,63,53
21053,0x1726,12,2
21053,0x1738,14,4
21053,0x1751,150,152
21053,0x1775,2,8
21053,0x1779,81,71
21053,0x1790,195,31
21053,0x1791,114,108
21053,0x1793,210,200
21053,0x1794,130,135
21053,0x1796,254,158
21053,0x1797,254,255
21053,0x1799,116,136
21053,0x17A4,17,21
21053,0x17A6,2,4
21053,0x17AC,102,129
21053,0x17B5,127,117
21053,0x17B8,14,4
21053,0x17C0,0,128
21053,0x17C1,74,165
21053,0x17C2,176,175
21053,0x17EF,6,15
21053,0x17F0,128,2
21053,0x17F1,0,3
21053,0x17F2,0,2
21053,0x17F8,0,19
21053,0x1800,0,200
21053,0x1810,14,128
21053,0x1811,15,11
21053,0x1813,168,0
21053,0x1814,97,96
21053,0x1816,180,128
21053,0x1817,1,254
21053,0x1818,0,255
21053,0x1819,63,0
21053,0x1822,65,220
21053,0x1823,7,8
21053,0x1824,67,222
21053,0x1825,7,8
21053,0x1826,82,252
21053,0x1827,6,8
21053,0x182C,147,124
21053,0x182F,6,15
21053,0x1830,128,2
21053,0x1835,72,189
21053,0x1838,0,8
21053,0x183A,141,194
21053,0x18D1,134,124
21053,0x18E6,3,2
21053,0x190D,2,3
21053,0x1911,134,124
21053,0x1922,220,217
21053,0x1924,222,219
21053,0x192C,203,194
21053,0x1935,2,8
21053,0x1939,1,39
21053,0x1950,11,183
21053,0x1951,157,140
21053,0x1953,228,164
21053,0x1954,119,123
21053,0x1966,191,181
21053,0x1975,148,138
21053,0x1978,19,9
21053,0x1990,224,0
21053,0x1991,151,155
21053,0x19A6,2,1
21053,0x19B8,106,96
21053,0x19D1,151,155
21053,0x19F5,6,12
21053,0x19F9,46,36
21053,0x1A10,224,0
21053,0x1A11,146,150
21053,0x1A26,3,2
21053,0x1A38,122,112
21053,0x1A51,146,150
21053,0x1A75,6,12
21053,0x1A79,14,4
21053,0x1AD0,192,128
21053,0x1AD1,66,50
21053,0x1AE4,182,184
21053,0x1AE7,4,2
21053,0x1AEC,61,56
21053,0x1AF0,2,1
21053,0x1B10,253,23
21053,0x1B11,27,12
21053,0x1B13,5,47
21053,0x1B14,134,137
21053,0x1B26,2,1
21053,0x1B27,4,2
21053,0x1B30,3,2
21053,0x1B50,150,96
21053,0x1B51,58,52
21053,0x1B54,42,27
21053,0x1B64,184,182
21053,0x1B66,1,2
21053,0x1B6C,56,61
21053,0x1B70,1,3
21053,0x1B90,102,48
21053,0x1B91,103,97
21053,0x1B94,114,99
21053,0x1BA4,184,182
21053,0x1BA6,1,2
21053,0x1BAC,56,61
21053,0x1BB0,1,3
21053,0x1BD0,192,128
21053,0x1BD1,157,141
21053,0x1BE4,184,182
21053,0x1BE6,1,2
21053,0x1BEC,56,61
21053,0x1BF0,1,3
21053,0x1C10,180,56
21053,0x1C11,131,120
21053,0x1C13,180,56
21053,0x1C14,161,150
21053,0x1C24,184,182
21053,0x1C26,1,2
21053,0x1C2C,56,61
21053,0x1C30,1,3
21063,0x0004,44,46
21063,0x0020,0,104
21063,0x0022,146,134
21063,0x0026,34,36
21063,0x0028,34,36
21063,0x0049,2,4
21063,0x0051,6,8
21063,0x0068,32,16
21063,0x0069,37,47
21063,0x006B,223,233
21063,0x006C,1,0
21063,0x0071,12,14
21063,0x0072,12,14
21063,0x007B,218,223
21063,0x00AD,182,192
21063,0x00B7,33,34
21063,0x00CD,158,140
21063,0x00CE,216,141
21063,0x00CF,25,75
21063,0x00D0,160,230
21063,0x00D1,3,1
21063,0x0172,52,54
21063,0x0176,144,165
21063,0x01FE,215,207
21063,0x023D,52,36
21063,0x023E,123,91
21063,0x02F6,53,155
21063,0x0305,56,252
21063,0x0306,146,145
21063,0x030D,76,16
21063,0x0315,96,36
21063,0x0501,155,151
21063,0x0502,90,82
21063,0x0600,189,0
21063,0x0601,12,0
21063,0x0602,205,0
21063,0x0603,12,0
21063,0x0604,217,0
21063,0x0605,16,0
21063,0x0606,11,0
21063,0x0607,16,0
21063,0x0608,11,0
21063,0x0609,16,0
21063,0x060A,11,0
21063,0x060B,16,0
21063,0x060C,30,0
21063,0x060D,17,0
21063,0x060E,46,0
21063,0x060F,17,0
21063,0x0610,116,0
21063,0x0611,16,0
21063,0x0612,118,0
21063,0x0613,16,0
21063,0x071A,90,165
21063,0x071B,107,28
21063,0x071C,10,60
21063,0x071D,0,1
21063,0x071E,0,62
21063,0x071F,0,2
21063,0x072C,92,220
21063,0x072D,9,74
21063,0x072E,30,222
21063,0x072F,10,123
21063,0x0734,142,16
21063,0x0735,8,74
21063,0x0736,88,222
21063,0x0737,9,123
21063,0x073C,150,149
21063,0x073D,8,17
21063,0x073E,92,220
21063,0x073F,9,74
21063,0x0874,86,222
21063,0x0875,1,42
21063,0x0876,222,86
21063,0x0877,42,1
21063,0x0894,14,22
21063,0x0895,58,91
21063,0x0896,22,14
21063,0x0897,91,58
21063,0x0900,127,124
21063,0x0904,143,140
21063,0x0908,116,106
21063,0x090C,108,98
21063,0x0910,130,133
21063,0x0914,146,149
21063,0x0918,125,128
21063,0x091C,141,144
21063,0x0928,74,82
21063,0x092A,36,34
21063,0x092C,115,66
21063,0x092D,140,104
21063,0x092E,2,32
21063,0x092F,41,34
21063,0x0930,99,125
21063,0x0931,140,143
21063,0x0932,0,2
21063,0x0934,152,109
21063,0x0935,188,143
21063,0x0936,134,0
21063,0x0937,45,41
21063,0x0938,136,149
21063,0x093A,132,130
21063,0x093C,108,133
21063,0x093D,127,188
21063,0x093E,14,128
21063,0x093F,41,45
21063,0x0940,92,107
21063,0x0941,127,133
21063,0x0942,12,2
21063,0x0944,251,91
21063,0x0945,88,133
21063,0x0946,2,0
21063,0x0947,105,41
21063,0x0948,11,237
21063,0x0949,88,85
21063,0x094A,0,2
21063,0x094C,124,253
21063,0x094D,176,85
21063,0x094E,130,0
21063,0x094F,45,105
21063,0x0950,108,114
21063,0x0952,128,130
21063,0x0954,124,98
21063,0x0955,115,176
21063,0x0956,2,128
21063,0x0957,105,45
21063,0x0958,140,108
21063,0x0959,115,119
21063,0x095A,0,6
21063,0x095C,155,124
21063,0x095D,176,119
21063,0x095E,138,4
21063,0x095F,45,105
21063,0x0960,139,158
21063,0x0962,136,134
21063,0x0964,150,142
21063,0x0965,188,176
21063,0x0966,134,132
21063,0x0968,134,153
21063,0x096A,132,134
21063,0x096C,46,137
21063,0x096D,114,188
21063,0x096E,6,132
21063,0x096F,34,45
21063,0x0970,8,30
21063,0x0971,133,114
21063,0x0974,48,248
21063,0x0975,23,136
21063,0x0976,7,6
21063,0x0977,34,36
21063,0x0978,93,42
21063,0x0979,95,8
21063,0x097B,34,36
21063,0x097C,137,86
21063,0x097D,114,80
21063,0x097F,34,36
21063,0x0980,116,121
21063,0x0981,146,114
21063,0x0983,34,36
21063,0x0984,80,104
21063,0x0985,224,134
21063,0x0986,0,7
21063,0x0987,32,36
21063,0x0B04,186,170
21063,0x0B06,42,170
21063,0x0B07,0,4
21063,0x0B22,118,119
21063,0x0B24,237,239
21063,0x0B26,218,223
21063,0x0B28,180,190
21063,0x0B82,118,119
21063,0x0B84,237,239
21063,0x0B86,218,223
21063,0x0B88,180,190
21063,0x0BEC,58,36
21063,0x0F99,218,223
21063,0x0F9D,218,223
21063,0x0FD1,218,223
21063,0x0FF0,218,223
21063,0x1000,192,200
21063,0x1033,7,0
21063,0x1034,150,140
21063,0x1064,88,86
21063,0x106C,40,45
21063,0x16D0,41,31
21063,0x16D1,115,125
21063,0x16D3,192,234
21063,0x16D4,148,151
21063,0x16D6,200,44
21063,0x16D7,0,1
21063,0x16D9,92,72
21063,0x16E6,230,220
21063,0x16F5,172,162
21063,0x16F8,24,14
21063,0x1700,200,216
21063,0x1701,25,255
21063,0x1710,70,223
21063,0x1711,152,149
21063,0x1716,53,50
21063,0x1724,41,43
21063,0x1726,2,254
21063,0x172D,43,12
21063,0x1738,4,14
21063,0x1751,152,149
21063,0x1775,8,14
21063,0x1779,71,61
21063,0x1790,31,19
21063,0x1791,108,107
21063,0x1793,200,22
21063,0x1794,135,141
21063,0x1796,158,20
21063,0x1797,255,0
21063,0x1798,255,0
21063,0x1799,136,128
21063,0x179C,16,10
21063,0x179D,2,254
21063,0x17A2,13,65
21063,0x17A3,12,7
21063,0x17A4,21,67
21063,0x17A5,12,7
21063,0x17A6,4,248
21063,0x17AC,129,147
21063,0x17AD,43,12
21063,0x17B5,117,107
21063,0x17B8,4,42
21063,0x17BA,179,184
21063,0x17F8,19,9
21063,0x180D,0,27
21063,0x180E,0,128
21063,0x180F,0,1
21063,0x1810,128,67
21063,0x1811,11,253
21063,0x1812,1,0
21063,0x1813,0,129
21063,0x1814,96,93
21063,0x1826,252,242
21063,0x1835,189,179
21063,0x1838,8,26
21063,0x1839,6,16
21063,0x183A,194,200
21063,0x18D1,124,114
21063,0x18E6,2,1
21063,0x1911,124,114
21063,0x1935,8,14
21063,0x1939,39,29
21063,0x1950,183,147
21063,0x1951,140,124
21063,0x1953,164,106
21063,0x1954,123,127
21063,0x1956,94,126
21063,0x1959,96,100
21063,0x195C,234,16
21063,0x195D,242,2
21063,0x1962,220,13
21063,0x1963,8,12
21063,0x1964,222,15
21063,0x1965,8,12
21063,0x1966,181,4
21063,0x196C,124,111
21063,0x196D,12,43
21063,0x1975,138,128
21063,0x1978,9,22
21063,0x1979,4,0
21063,0x197A,174,179
21063,0x1990,0,32
21063,0x1991,155,158
21063,0x19A4,83,85
21063,0x19A6,1,3
21063,0x19AC,138,147
21063,0x19B8,96,86
21063,0x19D1,155,158
21063,0x19F5,12,2
21063,0x19F9,36,26
21063,0x1A10,0,32
21063,0x1A11,150,153
21063,0x1A26,2,1
21063,0x1A38,112,102
21063,0x1A51,150,153
21063,0x1A75,12,2
21063,0x1A79,4,42
21063,0x1AD0,128,64
21063,0x1AD1,50,34
21063,0x1AE4,184,182
21063,0x1AE6,1,2
21063,0x1AEC,56,61
21063,0x1AF0,1,3
21063,0x1B10,23,49
21063,0x1B11,12,252
21063,0x1B12,0,255
21063,0x1B13,47,89
21063,0x1B14,137,140
21063,0x1B24,182,184
21063,0x1B27,2,4
21063,0x1B2C,61,56
21063,0x1B30,2,1
21063,0x1B50,96,42
21063,0x1B51,52,46
21063,0x1B54,27,12
21063,0x1B66,2,1
21063,0x1B67,2,4
21063,0x1B70,3,2
21063,0x1B90,48,250
21063,0x1B91,97,90
21063,0x1B94,99,84
21063,0x1BA6,2,1
21063,0x1BA7,2,4
21063,0x1BB0,3,2
21063,0x1BD0,128,64
21063,0x1BD1,141,125
21063,0x1BE6,2,1
21063,0x1BE7,2,4
21063,0x1BF0,3,2
21063,0x1C10,56,188
21063,0x1C11,120,108
21063,0x1C13,56,188
21063,0x1C14,150,138
21063,0x1C26,2,1
21063,0x1C27,2,4
21063,0x1C30,3,2
21063,0xFFFF,135,136
21073,0x0004,46,50
21073,0x0020,104,93
21073,0x0022,134,123
21073,0x0024,7,6
21073,0x0026,36,34
21073,0x0028,36,34
21073,0x0049,4,6
21073,0x0051,8,4
21073,0x0069,47,57
21073,0x006B,233,243
21073,0x007B,223,228
21073,0x00AD,192,202
21073,0x00B7,34,36
21073,0x00BA,96,128
21073,0x00CA,4,5
21073,0x00CD,140,155
21073,0x00CE,141,171
21073,0x00CF,75,125
21073,0x00D0,230,44
21073,0x0176,165,144
21073,0x01FE,207,215
21073,0x023D,36,52
21073,0x023E,91,111
21073,0x02FD,39,41
21073,0x0305,252,56
21073,0x0306,145,146
21073,0x030D,16,76
21073,0x0315,36,96
21073,0x0501,151,153
21073,0x0508,91,94
21073,0x0509,81,94
21073,0x050A,20,4
21073,0x050B,20,8
21073,0x050F,150,30
21073,0x0510,82,84
21073,0x0512,40,12
21073,0x0516,90,156
21073,0x0517,81,90
21073,0x0519,44,32
21073,0x051D,148,92
21073,0x051E,82,81
21073,0x0520,64,52
21073,0x0524,144,152
21073,0x0614,0,112
21073,0x0615,0,24
21073,0x0616,0,107
21073,0x0617,0,88
21073,0x0620,0,190
21073,0x0621,0,12
21073,0x0622,185,206
21073,0x0624,165,95
21073,0x0625,12,16
21073,0x0626,172,153
21073,0x0627,12,17
21073,0x0628,0,11
21073,0x0629,0,16
21073,0x062A,0,11
21073,0x062B,0,16
21073,0x062C,0,31
21073,0x062D,0,17
21073,0x062E,0,47
21073,0x062F,0,17
21073,0x0630,0,116
21073,0x0631,0,16
21073,0x0632,0,117
21073,0x0633,0,16
21073,0x063A,0,181
21073,0x063B,0,12
21073,0x063C,164,197
21073,0x063E,172,197
21073,0x0640,0,197
21073,0x0641,0,12
21073,0x0642,0,197
21073,0x0643,0,12
21073,0x0644,0,197
21073,0x0645,0,12
21073,0x0646,0,173
21073,0x0647,0,12
21073,0x071A,165,94
21073,0x071B,28,115
21073,0x071C,60,30
21073,0x071D,1,0
21073,0x071E,62,8
21073,0x071F,2,0
21073,0x072C,220,92
21073,0x072D,74,9
21073,0x072E,222,30
21073,0x072F,123,10
21073,0x0734,16,142
21073,0x0735,74,8
21073,0x0736,222,88
21073,0x0737,123,9
21073,0x073C,149,150
21073,0x073D,17,8
21073,0x073E,220,92
21073,0x073F,74,9
21073,0x0874,222,86
21073,0x0875,42,1
21073,0x0876,86,222
21073,0x0877,1,42
21073,0x0894,22,14
21073,0x0895,91,58
21073,0x0896,14,22
21073,0x0897,58,91
21073,0x0900,124,119
21073,0x0904,140,135
21073,0x0908,106,96
21073,0x090C,98,88
21073,0x0910,133,136
21073,0x0914,149,152
21073,0x0918,128,131
21073,0x091C,144,147
21073,0x0923,38,32
21073,0x0927,38,32
21073,0x092A,34,40
21073,0x092E,32,38
21073,0x0930,125,138
21073,0x0931,143,146
21073,0x0934,109,122
21073,0x0935,143,146
21073,0x0938,149,144
21073,0x093C,133,128
21073,0x0940,107,110
21073,0x0941,133,137
21073,0x0944,91,94
21073,0x0945,133,137
21073,0x0948,237,224
21073,0x0949,85,77
21073,0x094C,253,240
21073,0x094D,85,77
21073,0x0950,114,254
21073,0x0951,176,120
21073,0x0952,130,2
21073,0x0953,45,105
21073,0x0954,98,14
21073,0x0955,176,120
21073,0x0956,128,0
21073,0x0957,45,105
21073,0x0958,108,104
21073,0x0959,119,176
21073,0x095A,6,134
21073,0x095B,105,45
21073,0x095C,124,88
21073,0x095D,119,176
21073,0x095E,4,132
21073,0x095F,105,45
21073,0x0960,158,96
21073,0x0961,176,123
21073,0x0962,134,14
21073,0x0963,45,105
21073,0x0964,142,112
21073,0x0965,176,123
21073,0x0966,132,12
21073,0x0967,45,105
21073,0x0968,153,161
21073,0x0969,188,176
21073,0x096C,137,145
21073,0x096D,188,176
21073,0x0970,30,156
21073,0x0971,114,188
21073,0x0972,7,130
21073,0x0973,34,45
21073,0x0974,248,140
21073,0x0975,136,188
21073,0x0976,6,128
21073,0x0977,36,45
21073,0x0978,42,14
21073,0x0979,8,114
21073,0x097C,86,232
21073,0x097D,80,139
21073,0x0980,121,35
21073,0x0981,114,249
21073,0x0982,7,6
21073,0x0983,36,34
21073,0x0984,104,80
21073,0x0985,134,65
21073,0x0986,7,6
21073,0x0987,36,34
21073,0x0988,199,105
21073,0x0989,224,114
21073,0x098A,126,6
21073,0x098B,61,34
21073,0x098C,191,93
21073,0x098D,224,123
21073,0x098E,125,6
21073,0x098F,61,34
21073,0x0B05,170,174
21073,0x0B07,4,74
21073,0x0B22,119,121
21073,0x0B24,239,242
21073,0x0B26,223,228
21073,0x0B28,190,200
21073,0x0B82,119,121
21073,0x0B84,239,242
21073,0x0B86,223,228
21073,0x0B88,190,200
21073,0x0F99,223,228
21073,0x0F9D,223,228
21073,0x0FD1,223,228
21073,0x0FF0,223,228
21073,0x1027,6,0
21073,0x1034,140,130
21073,0x1064,86,90
21073,0x106C,45,31
21073,0x16D0,31,253
21073,0x16D1,125,138
21073,0x16D3,234,76
21073,0x16D4,151,154
21073,0x16D6,44,144
21073,0x16D9,72,52
21073,0x16E6,220,210
21073,0x16F5,162,152
21073,0x16F8,14,4
21073,0x1711,149,144
21073,0x1738,14,4
21073,0x1751,149,144
21073,0x1775,14,4
21073,0x1779,61,51
21073,0x1790,19,1
21073,0x1791,107,110
21073,0x1793,22,168
21073,0x1794,141,145
21073,0x1796,20,120
21073,0x1799,128,108
21073,0x17A6,248,238
21073,0x17B5,107,97
21073,0x17B8,42,32
21073,0x17F1,3,2
21073,0x17F2,2,3
21073,0x17F8,9,21
21073,0x1810,67,205
21073,0x1811,253,240
21073,0x1813,129,47
21073,0x1814,93,85
21073,0x1826,242,232
21073,0x1835,179,169
21073,0x1838,26,16
21073,0x1840,0,200
21073,0x1850,14,128
21073,0x1851,15,14
21073,0x1853,168,0
21073,0x1854,97,128
21073,0x1856,180,128
21073,0x1857,1,254
21073,0x1858,0,255
21073,0x1859,63,0
21073,0x1862,65,220
21073,0x1863,7,8
21073,0x1864,67,222
21073,0x1865,7,8
21073,0x1866,82,254
21073,0x1867,6,8
21073,0x186C,147,124
21073,0x186F,6,15
21073,0x1870,128,2
21073,0x1875,47,191
21073,0x1878,0,10
21073,0x187A,141,194
21073,0x18D1,114,104
21073,0x18E4,247,249
21073,0x18E6,1,3
21073,0x18ED,12,43
21073,0x1911,114,104
21073,0x1935,14,4
21073,0x1939,29,19
21073,0x1950,147,239
21073,0x1951,124,112
21073,0x1953,106,192
21073,0x1954,127,131
21073,0x1956,126,30
21073,0x1957,254,255
21073,0x1959,100,120
21073,0x1964,15,19
21073,0x1966,4,6
21073,0x196C,111,93
21073,0x1975,128,118
21073,0x1978,22,12
21073,0x1990,32,64
21073,0x1991,158,161
21073,0x19A6,3,2
21073,0x19B8,86,76
21073,0x19D1,158,161
21073,0x19F5,2,8
21073,0x19F9,26,16
21073,0x1A10,32,64
21073,0x1A11,153,156
21073,0x1A24,85,81
21073,0x1A26,1,3
21073,0x1A2D,43,12
21073,0x1A38,102,92
21073,0x1A51,153,156
21073,0x1A75,2,8
21073,0x1A79,42,32
21073,0x1AD0,64,0
21073,0x1AD1,34,18
21073,0x1AE6,2,1
21073,0x1AE7,2,4
21073,0x1AF0,3,2
21073,0x1B10,49,75
21073,0x1B11,252,236
21073,0x1B13,89,131
21073,0x1B14,140,143
21073,0x1B24,184,182
21073,0x1B26,1,2
21073,0x1B2C,56,61
21073,0x1B30,1,3
21073,0x1B50,42,244
21073,0x1B51,46,39
21073,0x1B54,12,253
21073,0x1B55,0,255
21073,0x1B64,182,184
21073,0x1B67,4,2
21073,0x1B6C,61,56
21073,0x1B70,2,1
21073,0x1B90,250,196
21073,0x1B91,90,84
21073,0x1B94,84,69
21073,0x1BA4,182,184
21073,0x1BA7,4,2
21073,0x1BAC,61,56
21073,0x1BB0,2,1
21073,0x1BD0,64,0
21073,0x1BD1,125,109
21073,0x1BE4,182,184
21073,0x1BE7,4,2
21073,0x1BEC,61,56
21073,0x1BF0,2,1
21073,0x1C10,188,64
21073,0x1C11,108,97
21073,0x1C13,188,64
21073,0x1C14,138,127
21073,0x1C24,182,184
21073,0x1C27,4,2
21073,0x1C2C,61,56
21073,0x1C30,2,1
21083,0x0000,127,176
21083,0x0004,50,52
21083,0x0020,93,102
21083,0x0021,0,79
21083,0x0022,123,0
21083,0x0024,6,23
21083,0x0025,2,1
21083,0x0026,34,36
21083,0x0028,34,36
21083,0x0030,0,64
21083,0x0049,6,4
21083,0x004A,134,218
21083,0x004C,252,250
21083,0x0050,32,0
21083,0x0051,4,1
21083,0x0052,22,16
21083,0x0068,16,32
21083,0x0069,57,67
21083,0x006B,243,253
21083,0x006C,0,1
21083,0x006D,0,72
21083,0x0071,14,16
21083,0x0072,14,20
21083,0x007B,228,233
21083,0x00AB,0,1
21083,0x00AD,202,212
21083,0x00CD,155,170
21083,0x00CE,171,201
21083,0x00CF,125,175
21083,0x00D0,44,114
21083,0x016F,25,20
21083,0x0170,36,213
21083,0x0171,192,227
21083,0x0178,180,52
21083,0x01FC,107,239
21083,0x01FD,52,201
21083,0x01FE,215,12
21083,0x01FF,201,143
21083,0x023D,52,202
21083,0x023E,111,18
21083,0x02FD,41,39
21083,0x0301,38,0
21083,0x0302,79,98
21083,0x0303,20,64
21083,0x0305,56,0
21083,0x0306,146,222
21083,0x0307,1,15
21083,0x0309,70,0
21083,0x030A,79,99
21083,0x030B,20,64
21083,0x030D,76,0
21083,0x030E,146,224
21083,0x030F,1,15
21083,0x0311,102,41
21083,0x0312,79,76
21083,0x0313,20,10
21083,0x0315,96,180
21083,0x0316,146,148
21083,0x0319,137,73
21083,0x031D,90,190
21083,0x0325,120,200
21083,0x032D,130,210
21083,0x0335,56,252
21083,0x0336,146,145
21083,0x033D,76,16
21083,0x0345,96,36
21083,0x0501,153,157
21083,0x0502,82,90
21083,0x0508,94,93
21083,0x0509,94,81
21083,0x050A,4,20
21083,0x050B,8,20
21083,0x050F,30,154
21083,0x0510,84,82
21083,0x0512,12,40
21083,0x0600,0,118
21083,0x0601,0,16
21083,0x0602,0,120
21083,0x0603,0,16
21083,0x0604,0,217
21083,0x0605,0,16
21083,0x0606,0,154
21083,0x0607,0,17
21083,0x0608,0,11
21083,0x0609,0,16
21083,0x060A,0,11
21083,0x060B,0,16
21083,0x060C,0,29
21083,0x060D,0,17
21083,0x060E,0,45
21083,0x060F,0,17
21083,0x0610,0,116
21083,0x0611,0,16
21083,0x0612,0,118
21083,0x0613,0,16
21083,0x0614,112,0
21083,0x0615,24,0
21083,0x0616,107,0
21083,0x0617,88,0
21083,0x0620,190,0
21083,0x0621,12,0
21083,0x0622,206,0
21083,0x0623,12,0
21083,0x0624,95,0
21083,0x0625,16,0
21083,0x0626,153,0
21083,0x0627,17,0
21083,0x0628,11,0
21083,0x0629,16,0
21083,0x062A,11,0
21083,0x062B,16,0
21083,0x062C,31,0
21083,0x062D,17,0
21083,0x062E,47,0
21083,0x062F,17,0
21083,0x0630,116,0
21083,0x0631,16,0
21083,0x0632,117,0
21083,0x0633,16,0
21083,0x063A,181,0
21083,0x063B,12,0
21083,0x071A,94,165
21083,0x071B,115,28
21083,0x071C,30,60
21083,0x071D,0,1
21083,0x071E,8,62
21083,0x071F,0,2
21083,0x072C,92,220
21083,0x072D,9,74
21083,0x072E,30,222
21083,0x072F,10,123
21083,0x0734,142,16
21083,0x0735,8,74
21083,0x0736,88,222
21083,0x0737,9,123
21083,0x073C,150,149
21083,0x073D,8,17
21083,0x073E,92,220
21083,0x073F,9,74
21083,0x0874,86,222
21083,0x0875,1,42
21083,0x0876,222,86
21083,0x0877,42,1
21083,0x0894,14,22
21083,0x0895,58,91
21083,0x0896,22,14
21083,0x0897,91,58
21083,0x0900,119,128
21083,0x0901,173,181
21083,0x0902,164,170
21083,0x0904,135,120
21083,0x0905,181,165
21083,0x0906,166,168
21083,0x0908,96,85
21083,0x090A,170,174
21083,0x090C,88,85
21083,0x090E,168,172
21083,0x0910,136,139
21083,0x0914,152,155
21083,0x0918,131,134
21083,0x091C,147,150
21083,0x0923,32,38
21083,0x0927,32,38
21083,0x0928,82,96
21083,0x0929,104,112
21083,0x092A,40,32
21083,0x092B,34,226
21083,0x092C,66,96
21083,0x092D,104,96
21083,0x092E,38,32
21083,0x092F,34,98
21083,0x0930,138,80
21083,0x0931,146,112
21083,0x0932,2,32
21083,0x0933,41,162
21083,0x0934,122,80
21083,0x0935,146,96
21083,0x0936,0,32
21083,0x0937,41,34
21083,0x0938,144,155
21083,0x0939,188,146
21083,0x093A,130,2
21083,0x093B,45,41
21083,0x093C,128,139
21083,0x093D,188,146
21083,0x093E,128,0
21083,0x093F,45,41
21083,0x0940,110,136
21083,0x0941,137,188
21083,0x0942,2,138
21083,0x0943,41,45
21083,0x0944,94,120
21083,0x0945,137,188
21083,0x0946,0,136
21083,0x0947,41,45
21083,0x0948,224,116
21083,0x0949,77,141
21083,0x094B,105,41
21083,0x094C,240,100
21083,0x094D,77,141
21083,0x094F,105,41
21083,0x0950,254,212
21083,0x0951,120,68
21083,0x0954,14,228
21083,0x0955,120,68
21083,0x0958,104,239
21083,0x0959,176,119
21083,0x095A,134,2
21083,0x095B,45,105
21083,0x095C,88,255
21083,0x095D,176,119
21083,0x095E,132,0
21083,0x095F,45,105
21083,0x0960,96,94
21083,0x0961,123,176
21083,0x0962,14,134
21083,0x0963,105,45
21083,0x0964,112,78
21083,0x0965,123,176
21083,0x0966,12,132
21083,0x0967,105,45
21083,0x0968,161,107
21083,0x0969,176,128
21083,0x096A,134,14
21083,0x096B,45,41
21083,0x096C,145,91
21083,0x096D,176,128
21083,0x096E,132,12
21083,0x096F,45,41
21083,0x0970,156,164
21083,0x0971,188,176
21083,0x0972,130,134
21083,0x0974,140,148
21083,0x0975,188,176
21083,0x0976,128,132
21083,0x0978,14,159
21083,0x0979,114,188
21083,0x097A,7,130
21083,0x097B,36,45
21083,0x097C,232,143
21083,0x097D,139,188
21083,0x097E,7,128
21083,0x097F,36,45
21083,0x0980,35,253
21083,0x0981,249,114
21083,0x0984,80,74
21083,0x0985,65,50
21083,0x0986,6,7
21083,0x0988,105,88
21083,0x098A,6,7
21083,0x098C,93,82
21083,0x098D,123,112
21083,0x098E,6,23
21083,0x098F,34,36
21083,0x0B05,174,170
21083,0x0B07,74,170
21083,0x0B08,0,1
21083,0x0B22,121,122
21083,0x0B24,242,244
21083,0x0B26,228,233
21083,0x0B28,200,210
21083,0x0B82,121,122
21083,0x0B84,242,244
21083,0x0B86,228,233
21083,0x0B88,200,210
21083,0x0BEE,58,36
21083,0x0BF0,33,240
21083,0x0BF2,34,42
21083,0x0BF3,0,224
21083,0x0F99,228,233
21083,0x0F9D,228,233
21083,0x0FD1,228,233
21083,0x0FF0,228,233
21083,0x1000,200,208
21083,0x1001,150,211
21083,0x1002,223,224
21083,0x1008,6,0
21083,0x1027,0,6
21083,0x1030,2,4
21083,0x1034,130,121
21083,0x1037,0,4
21083,0x1040,192,208
21083,0x1041,188,74
21083,0x1042,248,249
21083,0x105E,10,0
21083,0x105F,2,0
21083,0x1060,48,64
21083,0x1062,84,142
21083,0x1064,90,144
21083,0x1066,2,8
21083,0x106A,140,200
21083,0x106C,31,101
21083,0x106D,33,35
21083,0x106E,148,50
21083,0x106F,178,179
21083,0x1076,0,42
21083,0x16D0,253,171
21083,0x16D1,138,155
21083,0x16D3,76,220
21083,0x16D6,144,174
21083,0x16D9,52,46
21083,0x16E6,210,200
21083,0x16F5,152,142
21083,0x16F8,4,70
21083,0x16F9,0,6
21083,0x16FA,184,187
21083,0x1700,216,200
21083,0x1701,255,102
21083,0x1711,144,136
21083,0x1716,50,0
21083,0x1717,0,255
21083,0x1718,0,255
21083,0x1722,35,245
21083,0x1723,15,9
21083,0x1724,43,251
21083,0x1725,15,9
21083,0x1726,254,3
21083,0x172C,147,138
21083,0x172D,12,43
21083,0x1738,4,0
21083,0x174D,2,3
21083,0x1751,144,136
21083,0x1762,220,217
21083,0x1764,222,219
21083,0x176C,203,194
21083,0x1775,4,10
21083,0x1779,51,41
21083,0x1790,1,215
21083,0x1791,110,116
21083,0x1793,168,114
21083,0x1794,145,149
21083,0x1796,120,220
21083,0x1799,108,88
21083,0x17A6,238,228
21083,0x17B5,97,87
21083,0x17B8,32,22
21083,0x17F8,21,11
21083,0x1810,205,87
21083,0x1811,240,228
21083,0x1813,47,221
21083,0x1814,85,76
21083,0x1826,232,222
21083,0x1835,169,159
21083,0x1838,16,6
21083,0x184D,0,27
21083,0x184E,0,128
21083,0x184F,0,1
21083,0x1850,128,193
21083,0x1851,14,255
21083,0x1852,1,0
21083,0x1853,0,43
21083,0x1854,128,127
21083,0x1866,254,244
21083,0x1875,191,181
21083,0x1878,10,28
21083,0x1879,6,16
21083,0x187A,194,200
21083,0x18D1,104,94
21083,0x18E6,3,2
21083,0x190D,3,4
21083,0x1911,104,94
21083,0x1922,217,155
21083,0x1923,8,7
21083,0x1924,219,157
21083,0x1925,8,7
21083,0x192C,194,185
21083,0x1935,4,10
21083,0x1939,19,15
21083,0x1950,239,139
21083,0x1951,112,107
21083,0x1953,192,222
21083,0x1954,131,136
21083,0x1956,30,190
21083,0x1959,120,140
21083,0x1964,19,21
21083,0x1966,6,2
21083,0x196C,93,129
21083,0x1975,118,108
21083,0x1978,12,2
21083,0x1990,64,96
21083,0x1991,161,164
21083,0x19A6,2,1
21083,0x19B8,76,66
21083,0x19D1,161,164
21083,0x19F5,8,14
21083,0x19F9,16,6
21083,0x1A10,64,96
21083,0x1A11,156,159
21083,0x1A26,3,2
21083,0x1A38,92,82
21083,0x1A51,156,159
21083,0x1A75,8,14
21083,0x1A79,32,22
21083,0x1AD0,0,192
21083,0x1AD1,18,1
21083,0x1AE4,182,184
21083,0x1AE7,4,2
21083,0x1AEC,61,56
21083,0x1AF0,2,1
21083,0x1B00,204,0
21083,0x1B10,75,101
21083,0x1B11,236,220
21083,0x1B13,131,173
21083,0x1B14,143,146
21083,0x1B27,4,2
21083,0x1B30,3,2
21083,0x1B50,244,190
21083,0x1B51,39,33
21083,0x1B54,253,238
21083,0x1B64,184,182
21083,0x1B66,1,2
21083,0x1B6C,56,61
21083,0x1B70,1,3
21083,0x1B90,196,142
21083,0x1B91,84,78
21083,0x1B94,69,54
21083,0x1BA4,184,182
21083,0x1BA6,1,2
21083,0x1BAC,56,61
21083,0x1BB0,1,3
21083,0x1BD0,0,192
21083,0x1BD1,109,92
21083,0x1BE4,184,182
21083,0x1BE6,1,2
21083,0x1BEC,56,61
21083,0x1BF0,1,3
21083,0x1C00,204,192
21083,0x1C01,127,195
21083,0x1C08,1,247
21083,0x1C10,64,234
21083,0x1C11,97,86
21083,0x1C13,64,234
21083,0x1C14,127,116
21083,0x1C22,180,177
21083,0x1C24,184,179
21083,0x1C27,2,4
21083,0x1C2C,56,171
21083,0x1C2D,36,33
21083,0x1C31,0,4
21083,0xFFFF,136,137
